asset_id,asset_name,asset_type,business_unit,internet_exposed,asset_criticality_score,data_sensitivity_score,revenue_dependency_score,asset_value_inr,hourly_downtime_cost_inr,failed_logins,anomaly_count
AST-000001,Asset_1,Database,Sales,1,2,1,2,3382311.8381056003,138979.18218645715,13,4
AST-000002,Asset_2,Cloud_Storage,HR,0,2,2,3,3097788.6393902097,153319.65033341074,3,1
AST-000003,Asset_3,Workstation,Marketing,0,3,2,2,2079196.8349140894,114520.13000653169,3,1
AST-000004,Asset_4,Workstation,Operations,1,2,3,2,3935775.9407276674,143210.62622704648,8,2
AST-000005,Asset_5,Server,Engineering,0,5,3,4,3913876.033652731,380091.60445211176,2,0
AST-000006,Asset_6,Server,Engineering,0,2,5,3,2051349.0054858997,270248.3484768505,3,0
AST-000007,Asset_7,Server,Engineering,0,2,1,1,3120631.786941618,61936.05297843925,2,1
AST-000008,Asset_8,Network_Device,Operations,0,2,2,2,1421346.7846631308,57981.848434027954,3,1
AST-000009,Asset_9,Workstation,Finance,0,3,2,2,2267277.922489891,82411.24244323265,0,0
AST-000010,Asset_10,Workstation,Operations,1,2,3,3,3629725.4323039455,127688.0245301805,17,4
AST-000011,Asset_11,Server,Finance,1,2,1,1,1996044.8501153472,36025.66305867929,14,0
AST-000012,Asset_12,Cloud_Storage,Engineering,0,5,1,4,7491881.841135523,308828.41027659766,1,0
AST-000013,Asset_13,Network_Device,Sales,0,2,1,2,3576245.4754853523,170477.76829304016,3,1
AST-000014,Asset_14,Server,Sales,1,1,5,3,1959801.0934877354,116354.34142765324,12,2
AST-000015,Asset_15,Server,Finance,0,2,4,3,1630857.0725524449,258454.01636802618,2,0
AST-000016,Asset_16,Server,Engineering,0,2,1,2,1368784.3376979837,152198.7334183387,2,1
AST-000017,Asset_17,Database,Operations,1,1,4,3,1611105.4187342774,149101.4495013252,23,4
AST-000018,Asset_18,Workstation,Sales,1,2,1,1,1564605.4763497184,72879.67269197991,14,1
AST-000019,Asset_19,Workstation,Finance,1,3,1,1,4110855.9121073037,79240.44801558516,14,3
AST-000020,Asset_20,Server,Operations,0,2,3,3,2597935.5018840265,181478.39815286046,1,2
AST-000021,Asset_21,Workstation,Engineering,0,3,1,2,4019654.851074422,99760.41006976509,0,1
AST-000022,Asset_22,Server,HR,1,2,1,2,2949378.5210160185,38308.600445950615,19,1
AST-000023,Asset_23,Server,Engineering,0,5,4,4,8881690.57015564,40493.0816030133,1,1
AST-000024,Asset_24,Database,Engineering,1,1,2,2,907727.1236239887,188705.23590487547,13,4
AST-000025,Asset_25,Workstation,Operations,0,1,5,4,1332865.0070955488,136294.5204801397,2,0
AST-000026,Asset_26,Workstation,Operations,1,2,1,2,2010055.077805479,139337.12370502716,15,4
AST-000027,Asset_27,Server,Marketing,0,2,1,1,1956202.1304916446,94902.50426511724,4,1
AST-000028,Asset_28,Workstation,Marketing,0,1,1,1,530629.3250454492,83646.21505411736,2,0
AST-000029,Asset_29,Workstation,Operations,0,1,4,2,1399103.6644897119,42064.9047648874,1,0
AST-000030,Asset_30,Server,Operations,0,2,1,1,3917516.679373807,82172.12054008071,0,0
AST-000031,Asset_31,Workstation,HR,0,1,1,1,1641884.4933963683,75375.37890784108,2,0
AST-000032,Asset_32,Server,HR,0,2,1,2,1728380.8889270974,79291.47848370172,3,0
AST-000033,Asset_33,Server,Engineering,1,3,3,3,4722561.693634708,216192.48555468148,18,3
AST-000034,Asset_34,Cloud_Storage,Sales,0,3,1,3,2837874.5776237696,252989.55092545814,2,0
AST-000035,Asset_35,Cloud_Storage,HR,0,1,1,1,1630474.0272414573,36227.971798275204,1,0
AST-000036,Asset_36,Network_Device,Engineering,0,2,2,2,3564797.093230719,176425.26944254365,2,0
AST-000037,Asset_37,Database,Finance,1,2,1,2,2002988.3613515508,34186.589131533605,23,2
AST-000038,Asset_38,Server,Marketing,0,4,1,2,2013120.7767974911,114941.801761626,2,1
AST-000039,Asset_39,Workstation,Sales,0,4,1,2,3830104.8274358306,61979.538162898876,2,0
AST-000040,Asset_40,Workstation,Engineering,1,1,4,2,808784.5674835797,151041.88901631383,13,6
AST-000041,Asset_41,Server,Operations,0,1,1,1,1427921.8716697518,25737.939228547257,1,0
AST-000042,Asset_42,Workstation,Finance,0,1,1,2,935109.3252322065,81461.68205097425,2,3
AST-000043,Asset_43,Server,Marketing,0,1,1,1,554069.4471962239,21464.71811152432,4,0
AST-000044,Asset_44,Cloud_Storage,Finance,1,2,5,4,2594003.7369186906,332289.30602398363,14,2
AST-000045,Asset_45,Server,Engineering,0,2,1,1,3624057.025027645,21904.730559212032,2,0
AST-000046,Asset_46,Workstation,HR,1,1,3,3,1177008.521534866,225250.93361668804,14,3
AST-000047,Asset_47,Database,Marketing,1,2,4,3,2128892.412402718,220952.1588484531,17,2
AST-000048,Asset_48,Workstation,Finance,0,4,1,2,3071097.778224013,45626.309689087706,4,0
AST-000049,Asset_49,Workstation,HR,1,2,1,1,2162146.7783042034,60944.59687165553,8,1
AST-000050,Asset_50,Server,Sales,0,1,2,2,996378.4482700368,109438.27729625057,1,0
AST-000051,Asset_51,Cloud_Storage,Engineering,0,2,3,2,3984768.914921594,127010.82241684559,1,0
AST-000052,Asset_52,Workstation,Engineering,0,2,3,2,1091408.5152295744,188700.9738524369,4,1
AST-000053,Asset_53,Cloud_Storage,Marketing,1,4,3,3,3433090.2641703393,51744.996057545,18,4
AST-000054,Asset_54,Network_Device,Finance,0,1,1,1,602943.4889940221,83845.33573351121,0,0
AST-000055,Asset_55,Workstation,Sales,0,2,2,2,3572254.934615004,175179.34315053502,3,2
AST-000056,Asset_56,Cloud_Storage,Operations,0,2,1,2,2251928.204275566,42729.33625926074,1,0
AST-000057,Asset_57,Server,Marketing,0,2,2,2,3388809.2636886975,138099.10490465106,2,0
AST-000058,Asset_58,Server,Operations,0,3,2,2,4614693.42569483,146382.16662004555,3,0
AST-000059,Asset_59,Server,Marketing,0,1,1,1,1892047.37150268,59379.96542663806,0,1
AST-000060,Asset_60,Database,Finance,0,2,1,1,1071292.7252368226,55263.69624630983,4,2
AST-000061,Asset_61,Database,Sales,0,1,1,1,811017.2509339849,38603.658351272126,2,0
AST-000062,Asset_62,Server,Finance,0,1,2,2,1553049.1886273022,144034.68552732223,0,1
AST-000063,Asset_63,Network_Device,Engineering,0,2,4,3,2755671.3580861473,107097.59767501961,1,0
AST-000064,Asset_64,Database,Operations,1,1,2,1,1541990.3748820126,51402.08683333936,11,2
AST-000065,Asset_65,Server,HR,1,1,3,2,1363219.5868236898,174326.4501170657,15,3
AST-000066,Asset_66,Workstation,Engineering,0,3,1,1,4114595.4606756563,18058.601179563164,1,0
AST-000067,Asset_67,Server,Engineering,0,2,1,3,3797722.080973952,172659.96938160848,0,0
AST-000068,Asset_68,Network_Device,Operations,1,1,1,2,1881938.3487285562,107493.33089378,12,7
AST-000069,Asset_69,Server,Marketing,1,2,1,2,1113990.0230927751,88126.65165565141,11,3
AST-000070,Asset_70,Cloud_Storage,Engineering,0,1,2,1,1120502.7960333612,63777.67235544617,3,0
AST-000071,Asset_71,Workstation,Sales,0,1,4,4,1265855.9326399937,45625.540614324345,2,2
AST-000072,Asset_72,Server,Engineering,0,2,2,1,2073713.431480797,54322.26174551762,1,0
AST-000073,Asset_73,Server,Sales,0,1,2,2,574337.6295578912,107424.29727771669,2,2
AST-000074,Asset_74,Network_Device,Finance,0,5,1,2,6042237.511520173,112900.21249561537,3,0
AST-000075,Asset_75,Workstation,Marketing,1,1,1,1,1963544.5704098449,29119.623068542183,19,4
AST-000076,Asset_76,Workstation,Sales,0,3,1,2,1824950.7625478616,57367.370102769564,2,0
AST-000077,Asset_77,Workstation,Engineering,0,3,2,3,5175052.919527674,204744.69073084558,1,0
AST-000078,Asset_78,Server,Marketing,1,5,2,4,3967394.2676649084,73381.90212039062,18,7
AST-000079,Asset_79,Database,Marketing,1,2,1,2,2730384.8305768613,75065.87406399605,14,2
AST-000080,Asset_80,Server,Sales,1,4,2,3,4322184.223271947,254320.30016460863,15,5
AST-000081,Asset_81,Network_Device,Sales,1,5,2,4,5117561.916694634,77354.95749275738,14,2
AST-000082,Asset_82,Workstation,HR,0,1,1,1,1805620.4055983347,52125.939041740945,3,0
AST-000083,Asset_83,Database,HR,1,2,2,3,3920424.256130765,210530.3019045232,12,6
AST-000084,Asset_84,Server,Marketing,1,1,3,3,1080000.6791445627,68243.97748287518,17,5
AST-000085,Asset_85,Database,Operations,0,2,1,1,2921330.1182264793,38121.65776418452,2,0
AST-000086,Asset_86,Database,Operations,0,2,2,2,2669241.248423529,120576.1125436809,2,0
AST-000087,Asset_87,Workstation,HR,0,1,1,1,615382.4027894341,39450.50694070688,4,2
AST-000088,Asset_88,Workstation,Engineering,1,3,3,3,1685224.0124566394,59683.20003780004,10,1
AST-000089,Asset_89,Network_Device,Finance,0,1,4,3,1660107.392962613,92749.71776467771,4,0
AST-000090,Asset_90,Workstation,Marketing,0,3,2,3,3275404.145733072,59542.14315404906,4,0
AST-000091,Asset_91,Server,Finance,0,1,1,1,961361.2160257142,98520.01417412219,0,0
AST-000092,Asset_92,Workstation,HR,0,2,1,1,3956748.2988372706,31208.374343176016,0,0
AST-000093,Asset_93,Workstation,Sales,0,1,1,1,627844.9973571837,57749.85735673423,3,1
AST-000094,Asset_94,Workstation,Marketing,0,1,1,1,903593.8277155089,48566.9718971554,0,1
AST-000095,Asset_95,Workstation,HR,1,3,2,2,5355607.52658269,122512.44735487916,15,4
AST-000096,Asset_96,Workstation,Engineering,0,1,1,1,1122498.1369418034,54828.20007881216,4,2
AST-000097,Asset_97,Workstation,Marketing,0,2,1,1,2752741.296064045,75444.56566016069,3,1
AST-000098,Asset_98,Workstation,Marketing,0,4,3,5,2290293.045818632,442856.2536716843,5,0
AST-000099,Asset_99,Server,Operations,0,1,2,2,1880437.8559243986,71353.88971214042,0,0
AST-000100,Asset_100,Server,Sales,0,3,1,1,2116134.2592003094,26524.608897188427,0,0
AST-000101,Asset_101,Server,Marketing,0,1,2,2,820049.1442830109,197181.1725825622,2,0
AST-000102,Asset_102,Workstation,Sales,0,1,4,3,735194.3233459714,263839.5641825303,4,1
AST-000103,Asset_103,Database,HR,0,1,1,1,1246250.823395234,42752.64576666543,1,0
AST-000104,Asset_104,Workstation,Engineering,0,5,2,4,8626404.037282616,362123.2503662725,0,0
AST-000105,Asset_105,Cloud_Storage,Engineering,0,1,3,3,900384.231498679,211047.5040653138,4,0
AST-000106,Asset_106,Server,Marketing,0,4,2,3,2853922.647520836,148103.5728028993,1,0
AST-000107,Asset_107,Workstation,Marketing,0,5,1,3,5574412.253348725,265823.92702543386,2,1
AST-000108,Asset_108,Workstation,HR,0,1,1,1,1972482.624792964,70775.4446769878,3,0
AST-000109,Asset_109,Server,Operations,1,2,3,1,1033174.2364717216,84380.61005715578,12,5
AST-000110,Asset_110,Server,Operations,1,3,5,4,3767990.7879504184,190393.50749882928,17,7
AST-000111,Asset_111,Server,Operations,0,1,3,2,1504052.189093135,163768.781501088,2,1
AST-000112,Asset_112,Server,Sales,0,1,5,3,1710081.1326010423,129070.27358239597,1,1
AST-000113,Asset_113,Cloud_Storage,Operations,0,2,2,2,3238572.4858668596,152314.23557012904,2,0
AST-000114,Asset_114,Network_Device,Engineering,0,3,4,3,1834924.392588385,147593.24629848695,1,0
AST-000115,Asset_115,Workstation,Sales,1,3,2,2,3578417.0027483674,92935.02886719411,15,3
AST-000116,Asset_116,Network_Device,HR,1,1,4,3,618124.3691155284,245090.89619531238,17,3
AST-000117,Asset_117,Network_Device,Engineering,1,1,1,1,1429782.9827615735,21253.310338953495,28,4
AST-000118,Asset_118,Server,Engineering,1,4,3,4,2462189.29490821,374155.2477366135,16,1
AST-000119,Asset_119,Network_Device,Finance,1,1,1,1,572622.2118335158,55781.26590755634,12,2
AST-000120,Asset_120,Workstation,HR,0,3,1,2,2877126.649928867,134493.3917733844,1,0
AST-000121,Asset_121,Network_Device,HR,0,1,2,1,1908247.7449356446,46473.53435739588,1,0
AST-000122,Asset_122,Network_Device,Finance,1,3,1,2,4694984.404749418,136257.43690626798,10,4
AST-000123,Asset_123,Database,Sales,0,4,1,2,2024155.901640422,147773.2609657764,2,0
AST-000124,Asset_124,Server,Operations,0,1,5,3,927092.0052123473,264488.8805841914,1,0
AST-000125,Asset_125,Server,Operations,0,1,2,2,526246.8432013848,173788.16862573344,0,0
AST-000126,Asset_126,Workstation,Operations,1,2,4,3,1882932.8247150178,126609.96901090702,12,6
AST-000127,Asset_127,Network_Device,Operations,0,1,5,3,1528238.2640328808,196280.27516273817,4,1
AST-000128,Asset_128,Network_Device,Operations,0,2,1,2,3279336.015042094,160503.9137107359,1,0
AST-000129,Asset_129,Server,Finance,1,2,1,1,3412323.4232154908,78837.71410916942,16,1
AST-000130,Asset_130,Workstation,HR,1,1,1,1,1864985.145165187,90183.83040060065,13,5
AST-000131,Asset_131,Workstation,Sales,1,1,2,2,1048689.8526453634,169749.8371154925,16,0
AST-000132,Asset_132,Server,Engineering,0,3,2,2,5381689.72630127,149214.06671981188,1,0
AST-000133,Asset_133,Server,Operations,0,2,2,2,3183006.187360337,154793.94228461492,4,0
AST-000134,Asset_134,Database,Finance,1,1,1,1,1306633.7731437688,82669.9380779358,23,4
AST-000135,Asset_135,Cloud_Storage,Sales,0,2,1,2,3863892.280597254,170819.93191742574,2,0
AST-000136,Asset_136,Database,Sales,0,3,2,3,5764834.19786255,125220.63775893535,1,0
AST-000137,Asset_137,Workstation,Sales,0,2,1,2,3692812.8428111817,160725.93209051547,0,0
AST-000138,Asset_138,Workstation,Finance,0,1,4,3,803340.9831090858,286286.4263029975,1,2
AST-000139,Asset_139,Database,Engineering,0,1,1,1,811830.123367532,30966.704944402045,2,0
AST-000140,Asset_140,Cloud_Storage,Operations,0,3,1,2,5554513.282757767,28682.292511736414,1,1
AST-000141,Asset_141,Cloud_Storage,Sales,0,3,1,2,3290609.1790538114,33031.33246269379,2,0
AST-000142,Asset_142,Server,Finance,1,2,3,2,3392332.780589131,59009.27246727964,15,7
AST-000143,Asset_143,Workstation,HR,0,1,1,1,1530410.9298133627,92781.13299493564,2,2
AST-000144,Asset_144,Database,Finance,0,2,1,2,3287070.3772643823,42823.295099029056,4,2
AST-000145,Asset_145,Server,Finance,0,3,2,3,1618232.247607212,231852.821976071,3,0
AST-000146,Asset_146,Server,Finance,0,1,4,3,1144935.6761845835,264101.83440210426,0,0
AST-000147,Asset_147,Workstation,Sales,1,1,4,2,1785640.2586516116,177953.78393907618,11,3
AST-000148,Asset_148,Workstation,Finance,0,2,1,1,2469776.9327450925,47507.37264201023,0,1
AST-000149,Asset_149,Server,HR,1,3,3,3,4605602.632678062,163720.6684452232,22,1
AST-000150,Asset_150,Server,Sales,0,1,1,1,1633927.8544170072,39092.3970097977,3,0
AST-000151,Asset_151,Cloud_Storage,HR,0,2,1,1,1362275.1415025466,23260.995088912958,5,0
AST-000152,Asset_152,Server,Marketing,0,2,2,1,1467236.7047442663,29095.414738607382,3,0
AST-000153,Asset_153,Server,Finance,0,2,1,2,3173660.8535230714,44261.32557296048,7,2
AST-000154,Asset_154,Workstation,Operations,0,2,3,3,1163711.650159579,140031.01240516445,0,0
AST-000155,Asset_155,Cloud_Storage,Operations,0,2,4,3,2025685.9560063975,75993.30751769351,1,0
AST-000156,Asset_156,Server,Sales,0,1,1,1,1877125.3931777533,46306.06863825192,2,1
AST-000157,Asset_157,Workstation,Operations,1,1,1,1,1361533.764290147,86607.02158659998,12,3
AST-000158,Asset_158,Workstation,Sales,1,2,2,2,3731435.6557641625,137812.8130718692,18,4
AST-000159,Asset_159,Server,Finance,0,1,2,2,964124.6772117421,139295.3204172161,1,0
AST-000160,Asset_160,Workstation,Engineering,0,2,4,3,2909879.2274112906,249203.84086763285,3,0
AST-000161,Asset_161,Database,Engineering,0,2,4,3,1860228.3171542366,41122.24697288224,3,0
AST-000162,Asset_162,Workstation,HR,1,1,2,2,666682.6961481132,163011.96105986962,17,1
AST-000163,Asset_163,Workstation,Finance,0,2,1,2,3972085.9436092875,55342.791585429724,2,0
AST-000164,Asset_164,Workstation,Operations,0,2,3,3,1528696.448354302,123400.26424275394,2,0
AST-000165,Asset_165,Server,Finance,0,1,1,1,782723.8322776677,37723.85411986167,3,1
AST-000166,Asset_166,Network_Device,Marketing,0,2,5,3,3525755.106744083,58526.997934413695,3,0
AST-000167,Asset_167,Database,Engineering,0,4,1,2,6813421.9122413015,51267.785774190015,2,1
AST-000168,Asset_168,Server,Operations,0,2,2,2,3933489.5931398375,192142.49544077087,3,2
AST-000169,Asset_169,Server,Engineering,1,2,1,1,1215232.0463371854,64024.50311189275,19,4
AST-000170,Asset_170,Workstation,Finance,1,1,2,2,641188.3890354712,105314.91703300523,15,5
AST-000171,Asset_171,Workstation,Operations,0,1,2,2,1173070.9926401083,156403.06085443107,1,0
AST-000172,Asset_172,Server,HR,0,1,2,1,1387621.1472102297,83236.54381401496,1,1
AST-000173,Asset_173,Workstation,Finance,0,3,3,3,1671131.3232538858,59770.97055449761,4,1
AST-000174,Asset_174,Server,HR,1,1,2,1,737584.6940251963,76681.48739176942,20,5
AST-000175,Asset_175,Workstation,Operations,1,1,1,2,1555003.1940881528,187831.3769278776,14,2
AST-000176,Asset_176,Server,Engineering,0,3,4,3,4508428.9809963545,188067.7420776814,3,0
AST-000177,Asset_177,Workstation,Marketing,0,1,3,2,634529.3053815566,130548.25126783946,1,1
AST-000178,Asset_178,Database,Sales,0,1,1,1,1897499.2777800332,88336.65610920772,1,1
AST-000179,Asset_179,Cloud_Storage,Engineering,0,2,3,2,1764291.4151022146,142306.86069053545,2,0
AST-000180,Asset_180,Server,HR,0,1,5,3,1830845.9697157904,298722.22814892454,1,0
AST-000181,Asset_181,Database,Finance,1,2,2,1,3768964.5116904676,35442.42724207927,16,3
AST-000182,Asset_182,Server,Operations,0,1,1,1,1235104.5658816132,86093.25201409058,0,1
AST-000183,Asset_183,Cloud_Storage,Engineering,0,1,2,2,1117949.763112675,130233.65975789308,2,0
AST-000184,Asset_184,Network_Device,Marketing,1,4,1,2,3668822.3204828845,85832.39730547472,14,1
AST-000185,Asset_185,Server,Operations,0,4,2,4,6844291.992611333,357901.48141272325,0,0
AST-000186,Asset_186,Workstation,HR,1,3,2,2,2384648.601118895,199324.32609979974,18,2
AST-000187,Asset_187,Network_Device,Operations,0,4,4,3,5732747.407149048,45619.32958287656,1,0
AST-000188,Asset_188,Workstation,Operations,1,2,2,2,2701402.1450815755,186594.0961999328,16,3
AST-000189,Asset_189,Workstation,Finance,0,2,1,2,1746684.962889422,56559.980472935575,1,1
AST-000190,Asset_190,Server,Sales,0,2,3,2,3949141.5118798073,56933.843943169835,1,0
AST-000191,Asset_191,Server,HR,0,3,1,2,5308458.888152286,27516.09654876902,3,0
AST-000192,Asset_192,Network_Device,Finance,0,2,1,1,1061585.2812022748,92996.8960529493,3,0
AST-000193,Asset_193,Cloud_Storage,Sales,0,1,1,1,1133378.6358945072,78345.82350535344,2,0
AST-000194,Asset_194,Workstation,Finance,1,3,1,2,3115373.6753190183,29620.853697072827,6,6
AST-000195,Asset_195,Database,Sales,1,3,5,3,5472641.667196254,201054.50653855776,13,3
AST-000196,Asset_196,Database,Sales,0,3,2,2,2690229.742864373,41624.19909531693,2,0
AST-000197,Asset_197,Workstation,Sales,0,1,3,2,1997675.977111251,155252.9398613976,2,1
AST-000198,Asset_198,Network_Device,Finance,1,1,1,2,800119.3903107903,93629.6917317975,15,3
AST-000199,Asset_199,Network_Device,Operations,1,1,3,2,865826.8799700185,29319.830053333324,12,2
AST-000200,Asset_200,Workstation,Sales,0,2,2,2,2998244.8672791678,169293.34082877205,4,1
AST-000201,Asset_201,Workstation,Operations,1,1,2,1,741585.3099544737,61517.19472780498,13,3
AST-000202,Asset_202,Server,HR,0,1,5,3,1833203.3082949778,238674.40823188843,1,1
AST-000203,Asset_203,Server,Marketing,0,1,2,1,664893.7391066768,70707.77659602395,3,0
AST-000204,Asset_204,Network_Device,Operations,0,1,2,2,1974976.1292628304,98191.3114469168,3,0
AST-000205,Asset_205,Workstation,Marketing,1,3,1,2,5435894.079059857,145759.96271631098,17,2
AST-000206,Asset_206,Server,Sales,0,4,1,3,7037939.039421404,33983.43444666102,0,1
AST-000207,Asset_207,Server,Marketing,0,1,4,3,1110826.003150835,121729.14092514655,2,0
AST-000208,Asset_208,Workstation,Marketing,0,2,3,2,2540924.973419359,160013.61128484696,0,2
AST-000209,Asset_209,Server,Sales,0,1,2,1,1184536.8322050015,78675.57161323259,5,0
AST-000210,Asset_210,Server,Operations,0,1,4,3,1981140.3938063583,269600.52914660634,2,1
AST-000211,Asset_211,Workstation,Sales,0,3,2,2,1656716.736870784,129988.19366447735,2,0
AST-000212,Asset_212,Workstation,HR,0,3,2,3,3217690.386800016,284393.13656543504,4,1
AST-000213,Asset_213,Workstation,Engineering,0,3,1,3,5857747.441947512,180582.29578632727,1,1
AST-000214,Asset_214,Server,Finance,1,2,2,2,2108170.645745982,110081.7212073643,15,6
AST-000215,Asset_215,Workstation,Sales,0,4,1,2,4390299.969823729,55498.9896129288,2,2
AST-000216,Asset_216,Server,Sales,1,1,1,1,1446951.1196259118,80095.27772572059,22,3
AST-000217,Asset_217,Database,Marketing,0,1,5,3,1860903.2086536963,216855.43181517092,3,0
AST-000218,Asset_218,Workstation,HR,0,1,1,1,941783.2477800192,51468.461619529764,0,1
AST-000219,Asset_219,Workstation,Marketing,0,3,1,2,5764224.300246082,35679.574658859536,0,4
AST-000220,Asset_220,Network_Device,Operations,0,1,1,1,923842.5324650151,21313.21427060901,2,1
AST-000221,Asset_221,Workstation,Sales,0,1,1,1,1723091.6982303222,20301.50763588035,2,0
AST-000222,Asset_222,Workstation,Sales,1,2,1,3,1827514.4078277,131411.81318408294,14,2
AST-000223,Asset_223,Server,Marketing,1,1,1,1,609475.4791909788,24307.98166421218,16,3
AST-000224,Asset_224,Database,Sales,0,1,2,2,1718453.8202644293,174951.57786737717,1,1
AST-000225,Asset_225,Server,Operations,0,1,2,2,1175114.5818743587,181882.30168687974,0,0
AST-000226,Asset_226,Server,Engineering,1,1,3,2,1086123.4119655238,174218.43163262436,14,2
AST-000227,Asset_227,Cloud_Storage,Finance,0,2,5,3,2289648.920439572,194390.8333775382,4,0
AST-000228,Asset_228,Database,Finance,0,2,2,2,2834728.85346363,127343.97172580745,1,1
AST-000229,Asset_229,Network_Device,Finance,1,1,1,1,894040.1828736169,90183.1677828245,17,2
AST-000230,Asset_230,Workstation,Engineering,1,1,1,1,855911.79853178,46567.734459742496,11,2
AST-000231,Asset_231,Workstation,Sales,0,3,3,3,3675476.487202262,46832.9661815388,2,0
AST-000232,Asset_232,Workstation,Marketing,0,2,2,2,1106900.1083401104,104670.76828073023,3,0
AST-000233,Asset_233,Workstation,HR,0,2,1,2,2928548.178613624,119667.8832735891,2,0
AST-000234,Asset_234,Workstation,Sales,1,2,1,2,3468532.234741556,118901.38609643222,17,6
AST-000235,Asset_235,Server,Engineering,1,1,3,2,1591125.187481835,48620.73431199495,19,3
AST-000236,Asset_236,Workstation,Operations,0,5,2,3,6019768.6595862685,241521.5027987185,1,0
AST-000237,Asset_237,Server,Engineering,1,2,2,3,2696170.9459448224,227631.0655032372,15,2
AST-000238,Asset_238,Server,Finance,1,1,1,1,539271.1728557916,30686.764035772445,16,3
AST-000239,Asset_239,Workstation,Sales,0,2,2,2,3737061.3125812244,119221.27035089277,2,1
AST-000240,Asset_240,Server,Finance,1,1,3,2,1337093.8327651485,162259.0775636333,11,0
AST-000241,Asset_241,Cloud_Storage,HR,0,1,4,3,974613.6639953326,32074.84820302786,3,0
AST-000242,Asset_242,Cloud_Storage,Operations,0,4,3,3,3761493.9814153453,104291.79783344908,0,1
AST-000243,Asset_243,Cloud_Storage,Finance,0,4,2,3,5957948.513358731,157450.22429341113,3,0
AST-000244,Asset_244,Database,HR,1,1,2,2,1376493.3659031107,172105.68804033025,26,5
AST-000245,Asset_245,Server,Engineering,0,1,2,1,781763.8658342601,81907.05428835112,1,0
AST-000246,Asset_246,Cloud_Storage,Finance,0,3,1,2,3344636.0261884574,47178.65431061466,0,0
AST-000247,Asset_247,Workstation,Finance,1,1,4,1,1514272.04782475,51646.77043709767,19,4
AST-000248,Asset_248,Cloud_Storage,Marketing,0,2,2,2,1892964.201328149,74834.60765127084,1,1
AST-000249,Asset_249,Cloud_Storage,Operations,1,2,2,2,2527829.7177177207,92258.05872240545,19,5
AST-000250,Asset_250,Network_Device,Operations,0,2,5,4,1764637.8134146337,234624.9322470426,4,0
AST-000251,Asset_251,Server,Engineering,0,3,5,4,1822566.7875314779,219762.6030954866,2,1
AST-000252,Asset_252,Database,Marketing,0,3,2,3,3247105.9635332013,68225.15264699468,2,1
AST-000253,Asset_253,Network_Device,HR,1,5,1,3,7990579.522960051,62855.793131286075,12,1
AST-000254,Asset_254,Database,HR,0,1,1,1,820775.6480002018,21724.20161587876,2,0
AST-000255,Asset_255,Server,Engineering,0,4,4,4,6527020.480323266,342863.7818589592,3,0
AST-000256,Asset_256,Workstation,Operations,1,1,1,1,1504238.5042494861,11794.18194014872,20,1
AST-000257,Asset_257,Cloud_Storage,HR,0,1,5,3,1261055.5551569574,84649.25106966731,2,0
AST-000258,Asset_258,Workstation,Engineering,1,1,1,1,1957183.5122135982,96030.2600305915,13,1
AST-000259,Asset_259,Workstation,HR,1,2,2,2,3650243.636699849,31883.839981927063,12,6
AST-000260,Asset_260,Server,Sales,0,1,2,2,1344764.3297376495,26537.86060619171,0,1
AST-000261,Asset_261,Workstation,Finance,0,3,1,2,4010009.43673786,89719.27845365249,1,0
AST-000262,Asset_262,Cloud_Storage,Operations,0,2,4,2,1833313.9034981928,47216.10130762311,3,2
AST-000263,Asset_263,Server,Sales,0,1,2,1,1880297.6263077976,60918.71950520704,2,0
AST-000264,Asset_264,Workstation,Engineering,1,3,1,2,5531678.45281742,80944.57566518479,15,3
AST-000265,Asset_265,Network_Device,Engineering,1,4,1,2,6452341.5350085255,57614.494270836774,16,6
AST-000266,Asset_266,Workstation,Sales,0,2,3,3,1383646.1949450916,299622.4634473777,4,2
AST-000267,Asset_267,Workstation,Finance,0,1,1,1,1555468.9310693038,40699.3710216404,3,0
AST-000268,Asset_268,Workstation,Finance,0,4,4,4,3518683.7241416136,270762.32151024963,5,1
AST-000269,Asset_269,Database,Marketing,0,3,1,3,2349644.0754514555,266010.52074751095,3,1
AST-000270,Asset_270,Server,HR,0,1,1,2,1638817.5358129316,186029.687575708,0,0
AST-000271,Asset_271,Network_Device,Marketing,0,1,1,1,1939599.4073702919,46911.45729510334,2,4
AST-000272,Asset_272,Network_Device,Finance,0,2,1,2,1326717.1749822863,195708.1264338894,0,1
AST-000273,Asset_273,Network_Device,Sales,0,4,1,2,2983856.338214164,150421.75731173437,2,0
AST-000274,Asset_274,Cloud_Storage,HR,1,1,5,3,828851.7326223,187484.4528554201,15,1
AST-000275,Asset_275,Workstation,Sales,0,1,1,1,1944366.613129203,72395.13994404458,2,0
AST-000276,Asset_276,Workstation,Marketing,1,4,1,2,6178389.76048199,84824.7991661127,7,4
AST-000277,Asset_277,Workstation,Engineering,0,1,1,1,1517431.9389826036,48196.48453357034,3,2
AST-000278,Asset_278,Workstation,Sales,1,4,2,3,5030160.8007805,188292.64451583737,10,0
AST-000279,Asset_279,Workstation,Marketing,0,1,3,2,1306393.6743963514,78830.14329687369,1,0
AST-000280,Asset_280,Workstation,Marketing,1,2,3,3,1870519.758817989,237579.17021996016,15,6
AST-000281,Asset_281,Network_Device,Marketing,1,1,1,1,731822.0536723506,32597.81205651266,8,3
AST-000282,Asset_282,Database,Engineering,0,4,2,3,6681652.5827504285,245137.4876483798,1,0
AST-000283,Asset_283,Database,Engineering,0,3,2,2,3618117.423960986,47388.320801189,2,0
AST-000284,Asset_284,Server,Engineering,1,4,2,2,3536052.143958766,59130.35619890319,12,9
AST-000285,Asset_285,Workstation,HR,1,2,1,1,2898343.241057552,77778.45284781366,16,3
AST-000286,Asset_286,Server,Engineering,1,1,3,3,814188.8450918543,101048.22148030733,22,4
AST-000287,Asset_287,Workstation,Engineering,1,1,1,2,1233164.484655471,163170.96534343404,12,2
AST-000288,Asset_288,Workstation,Engineering,0,2,1,1,1570660.2900365544,80548.29969904978,0,1
AST-000289,Asset_289,Server,Sales,0,2,1,1,3279014.16438185,33157.11153003396,4,1
AST-000290,Asset_290,Workstation,Engineering,0,4,2,3,3924811.393350274,49731.8743545475,2,1
AST-000291,Asset_291,Server,HR,1,1,1,2,1162548.442436101,49944.90463142204,11,2
AST-000292,Asset_292,Server,Marketing,0,3,2,3,4896965.557988844,233182.21668625635,3,0
AST-000293,Asset_293,Network_Device,Sales,0,5,4,5,7446972.7099977825,431147.3924725556,4,0
AST-000294,Asset_294,Database,Finance,1,1,2,1,1099554.8257606463,44474.996087272564,13,1
AST-000295,Asset_295,Server,Engineering,1,4,2,3,2426168.001439469,74339.08443486964,18,3
AST-000296,Asset_296,Workstation,Marketing,0,2,3,3,3764820.979992343,50376.83233550556,1,0
AST-000297,Asset_297,Workstation,Marketing,0,3,3,3,1535663.2929307434,88270.3268018697,6,1
AST-000298,Asset_298,Server,Sales,0,1,1,1,1601891.213699119,98171.6374851212,1,0
AST-000299,Asset_299,Workstation,Finance,0,1,2,2,1918105.9877778222,50649.142993482405,2,0
AST-000300,Asset_300,Server,Operations,1,1,3,3,960006.5808355235,53265.091436253926,10,3
AST-000301,Asset_301,Server,HR,0,5,1,3,3065817.6630206616,242077.8511921773,1,0
AST-000302,Asset_302,Workstation,Operations,1,3,1,1,2622952.5923472876,65387.0345874907,12,2
AST-000303,Asset_303,Workstation,Marketing,1,1,1,1,970127.4306329181,58133.921569507605,14,3
AST-000304,Asset_304,Workstation,Operations,0,5,5,5,5884902.117174083,251533.6483805154,0,1
AST-000305,Asset_305,Workstation,Marketing,0,2,1,2,2575717.274750953,146331.4317525355,3,0
AST-000306,Asset_306,Cloud_Storage,Operations,0,4,1,3,6351981.496309624,218555.84827564837,2,0
AST-000307,Asset_307,Workstation,Marketing,0,1,2,1,1851372.7917943243,48198.33164614867,3,0
AST-000308,Asset_308,Database,Marketing,0,1,4,2,1197190.3731387781,62161.01210565049,0,0
AST-000309,Asset_309,Workstation,Sales,1,2,1,1,3238985.3064782154,85713.71104243735,13,3
AST-000310,Asset_310,Server,Finance,0,1,3,2,690798.3953727962,49632.01446814132,3,0
AST-000311,Asset_311,Workstation,Marketing,1,2,2,2,1986349.5951823737,116121.13643465402,15,1
AST-000312,Asset_312,Server,HR,0,2,2,3,1354237.67536812,217022.01119799307,0,0
AST-000313,Asset_313,Server,HR,0,1,3,2,1537611.7801551188,134997.85369938257,4,2
AST-000314,Asset_314,Cloud_Storage,Engineering,1,1,1,1,1861468.0469997674,65691.48974831597,16,4
AST-000315,Asset_315,Network_Device,Marketing,0,5,4,5,9167936.00947627,348127.7878157294,1,0
AST-000316,Asset_316,Workstation,Marketing,0,1,3,2,989672.5241927474,177617.88496559914,2,0
AST-000317,Asset_317,Workstation,Marketing,0,1,4,2,851329.1607289861,85770.66277755165,2,1
AST-000318,Asset_318,Server,Operations,0,2,3,2,1822150.8680365435,132938.5711980752,2,0
AST-000319,Asset_319,Server,Marketing,1,2,4,3,1862003.8643825853,218181.0038111983,14,6
AST-000320,Asset_320,Server,Marketing,0,3,1,1,1870105.9058059382,63129.389818616524,3,2
AST-000321,Asset_321,Workstation,HR,0,3,1,2,2100048.6275665076,182540.47558647845,6,1
AST-000322,Asset_322,Workstation,Finance,0,1,1,1,821725.4714202464,68930.08856361455,0,0
AST-000323,Asset_323,Workstation,Finance,1,1,1,1,512253.5041281058,48198.617003494226,15,4
AST-000324,Asset_324,Server,Engineering,0,3,3,3,1712534.9860899774,258308.51730893567,3,0
AST-000325,Asset_325,Cloud_Storage,HR,0,4,1,2,6191301.660833798,108122.23957628214,1,0
AST-000326,Asset_326,Workstation,Marketing,0,2,1,2,2857971.2572177965,115429.38930278746,2,1
AST-000327,Asset_327,Workstation,Finance,0,1,3,2,1918133.37172928,124810.31072400529,1,0
AST-000328,Asset_328,Workstation,Sales,0,1,4,2,1102635.6866270858,78101.24368482264,1,0
AST-000329,Asset_329,Workstation,Sales,0,1,3,1,1166497.516974771,75028.58493355713,3,1
AST-000330,Asset_330,Server,Sales,0,3,3,3,1804808.0481887043,56494.07052058383,2,1
AST-000331,Asset_331,Database,Marketing,0,1,2,2,728375.9620551477,176392.85628646935,1,0
AST-000332,Asset_332,Workstation,Marketing,0,1,4,3,1537411.0826756875,233725.1931089009,3,1
AST-000333,Asset_333,Server,Engineering,1,2,2,1,1705119.2006184324,41826.86217513673,20,4
AST-000334,Asset_334,Server,Engineering,1,2,5,4,3319832.0731071327,121501.51780979335,20,4
AST-000335,Asset_335,Server,Engineering,0,2,1,2,3117040.23288816,89821.63019564614,1,0
AST-000336,Asset_336,Server,Operations,0,2,3,2,3241787.2241042405,164909.46394674442,2,0
AST-000337,Asset_337,Network_Device,Sales,0,3,2,2,4607621.818386837,25682.742765631614,4,1
AST-000338,Asset_338,Workstation,Marketing,1,1,2,1,1561494.1242971765,52113.183120302696,27,1
AST-000339,Asset_339,Workstation,Sales,0,2,3,2,2640398.56808728,65739.83831675959,4,0
AST-000340,Asset_340,Server,Engineering,1,1,3,3,1517355.5772488208,266236.8779784036,18,3
AST-000341,Asset_341,Workstation,Marketing,0,1,4,2,1289269.0148800248,94491.4833011288,1,1
AST-000342,Asset_342,Workstation,HR,0,2,1,2,1618265.7148354426,145621.69901851023,2,1
AST-000343,Asset_343,Server,Finance,1,2,1,1,1652822.7007518697,42210.3241299839,9,2
AST-000344,Asset_344,Workstation,Finance,1,3,1,2,3323862.1155536547,79345.94027079477,21,2
AST-000345,Asset_345,Database,Engineering,1,2,1,1,1041752.2603500849,39328.558675224616,20,4
AST-000346,Asset_346,Workstation,Sales,0,3,1,2,5501835.811912632,142071.43000987265,1,0
AST-000347,Asset_347,Workstation,HR,0,2,3,3,1804798.6200370472,290345.04126457137,1,1
AST-000348,Asset_348,Server,Marketing,0,2,2,2,1154614.187589719,57466.055701609366,2,0
AST-000349,Asset_349,Database,Sales,0,2,3,2,2273276.825194448,135902.22223999762,3,0
AST-000350,Asset_350,Workstation,Engineering,0,1,2,2,1723396.8601200762,67778.19786101251,2,0
AST-000351,Asset_351,Workstation,Sales,0,1,2,1,1096029.117003114,59441.50471072128,3,3
AST-000352,Asset_352,Network_Device,Engineering,0,2,1,2,1788049.1910746098,117487.79312008806,1,0
AST-000353,Asset_353,Workstation,Operations,0,1,3,2,1317353.5740659144,101008.2834851724,2,0
AST-000354,Asset_354,Server,Finance,1,2,3,3,2723141.424603371,164633.9198255816,12,1
AST-000355,Asset_355,Server,Finance,1,2,1,1,3277569.0664969524,89220.8033331794,10,7
AST-000356,Asset_356,Workstation,Sales,0,5,1,4,8498151.680172209,71897.62906995989,1,0
AST-000357,Asset_357,Server,HR,0,4,1,2,6237246.487629537,169450.9653839881,1,1
AST-000358,Asset_358,Workstation,Marketing,0,1,3,2,506807.93358318764,103216.39963148687,1,0
AST-000359,Asset_359,Cloud_Storage,Engineering,1,2,3,2,1006235.3104218665,80046.9264259907,15,4
AST-000360,Asset_360,Workstation,Marketing,0,1,2,2,1966174.9793647772,51886.27539903144,1,2
AST-000361,Asset_361,Database,Finance,1,1,1,2,896307.6567813102,166665.16254619422,15,3
AST-000362,Asset_362,Workstation,HR,1,3,1,1,2770576.781751965,63283.8008382508,11,3
AST-000363,Asset_363,Workstation,HR,0,1,1,1,1598361.6572025858,75553.8148816106,1,1
AST-000364,Asset_364,Workstation,Marketing,0,1,1,1,1372378.5613877682,38346.693090846624,1,0
AST-000365,Asset_365,Cloud_Storage,Finance,1,4,1,3,4781386.611451814,136099.00081877972,16,2
AST-000366,Asset_366,Database,Marketing,0,3,1,3,2023978.6421349961,276683.806782804,0,1
AST-000367,Asset_367,Cloud_Storage,Sales,0,3,2,3,1866694.4982786141,289519.2170680931,1,0
AST-000368,Asset_368,Cloud_Storage,HR,1,4,1,2,6221739.109436852,153171.59221392928,10,3
AST-000369,Asset_369,Server,HR,0,3,2,2,2060720.1804015571,154896.68275220538,3,0
AST-000370,Asset_370,Server,Sales,1,1,2,1,1153715.3825045472,72496.02493629437,10,4
AST-000371,Asset_371,Server,Finance,1,2,2,2,3208378.219554711,125697.78850530328,18,2
AST-000372,Asset_372,Server,HR,1,2,2,2,3769596.827360082,127114.09938908083,14,3
AST-000373,Asset_373,Server,Operations,0,1,1,1,1810379.0910436108,96742.26013275709,1,3
AST-000374,Asset_374,Workstation,Operations,0,3,3,4,5388151.47818607,310328.14963778306,3,2
AST-000375,Asset_375,Server,Operations,0,2,4,3,2075493.4512427207,206942.1499460369,4,0
AST-000376,Asset_376,Database,Engineering,1,1,1,2,1890756.20727104,54032.52851826682,16,3
AST-000377,Asset_377,Network_Device,Engineering,1,1,1,2,1525493.4837386087,195873.31545690022,16,2
AST-000378,Asset_378,Server,Finance,0,1,4,2,1829731.527918812,113652.80655032609,3,2
AST-000379,Asset_379,Network_Device,Sales,0,4,4,4,2533547.403459243,379736.76270862506,1,0
AST-000380,Asset_380,Server,Marketing,0,2,1,1,1118674.477496171,74220.17838143578,3,0
AST-000381,Asset_381,Server,Finance,1,2,1,2,2288939.1557226144,27214.55107302255,13,2
AST-000382,Asset_382,Workstation,Marketing,1,2,3,3,3484045.3220213163,175528.78493384004,13,4
AST-000383,Asset_383,Workstation,Finance,1,2,1,1,2225598.1975659803,90341.39067447769,22,0
AST-000384,Asset_384,Network_Device,Engineering,1,3,4,3,5480912.104646083,43980.78508727612,19,3
AST-000385,Asset_385,Workstation,Operations,1,2,1,2,1704320.213155319,176010.9590587693,16,2
AST-000386,Asset_386,Network_Device,Sales,1,4,4,4,2236064.8100435026,260820.8651995606,8,3
AST-000387,Asset_387,Server,Engineering,0,5,1,3,8209647.15650293,42022.360745545084,4,1
AST-000388,Asset_388,Server,Sales,0,5,1,3,7196262.915177648,130871.54928054124,1,0
AST-000389,Asset_389,Workstation,Marketing,1,2,5,4,2320271.672851952,50861.413927842776,16,3
AST-000390,Asset_390,Network_Device,Finance,0,4,1,3,7071546.142660796,30463.40039421206,1,0
AST-000391,Asset_391,Cloud_Storage,HR,0,2,1,1,3472527.118639913,90678.26165600587,4,0
AST-000392,Asset_392,Workstation,HR,0,4,4,4,3947205.3187414287,309488.18831573287,1,0
AST-000393,Asset_393,Database,Sales,0,4,1,2,7027843.398712051,72104.96128690496,3,1
AST-000394,Asset_394,Workstation,Operations,0,4,1,3,4070950.4751225337,60701.84325482959,4,1
AST-000395,Asset_395,Database,Operations,0,3,1,1,4298562.682140818,14898.932380617985,1,1
AST-000396,Asset_396,Cloud_Storage,Sales,0,2,2,2,1577492.8039609157,185100.0195290879,1,0
AST-000397,Asset_397,Network_Device,Engineering,0,1,3,3,896288.2756977163,198900.35009203016,0,0
AST-000398,Asset_398,Workstation,HR,0,1,4,3,1171817.1745567885,73350.899669523,1,1
AST-000399,Asset_399,Workstation,Engineering,1,3,2,2,2915682.198053646,142663.15342063032,20,4
AST-000400,Asset_400,Workstation,Marketing,0,1,1,1,693713.6647562011,99900.16445192922,0,0
AST-000401,Asset_401,Server,HR,0,2,1,2,2446968.555411391,161844.93567033648,1,0
AST-000402,Asset_402,Cloud_Storage,Marketing,0,2,3,3,2534072.231971384,150563.7228868429,0,1
AST-000403,Asset_403,Workstation,Finance,0,2,3,2,1476117.799222913,166551.80071059713,2,0
AST-000404,Asset_404,Network_Device,Engineering,0,4,4,4,3045879.8322558887,307950.4054877486,1,1
AST-000405,Asset_405,Database,Sales,1,2,5,3,1088041.2290921407,53936.36340437321,18,3
AST-000406,Asset_406,Network_Device,HR,1,3,1,2,1636577.7985344771,186625.3925549325,16,3
AST-000407,Asset_407,Database,Engineering,0,2,2,1,2075893.621938646,89569.29231457597,0,0
AST-000408,Asset_408,Server,Sales,0,3,2,2,2159935.5237858323,126300.71414119384,1,1
AST-000409,Asset_409,Cloud_Storage,Finance,0,1,1,1,1878637.4680488561,55733.42851377162,0,0
AST-000410,Asset_410,Server,HR,1,1,1,2,799121.2590842022,60993.447691542286,16,2
AST-000411,Asset_411,Database,Marketing,1,4,4,4,2395769.5259275204,340404.84025959077,15,2
AST-000412,Asset_412,Cloud_Storage,Finance,0,2,2,3,2212509.644178567,146609.3305866898,2,0
AST-000413,Asset_413,Cloud_Storage,Operations,0,2,2,1,1577397.8223018209,62137.60220900409,2,0
AST-000414,Asset_414,Workstation,Sales,1,2,2,3,1185308.0157231058,75923.62094249281,11,3
AST-000415,Asset_415,Workstation,HR,1,1,3,2,1629091.2042673675,58488.09647427849,13,2
AST-000416,Asset_416,Workstation,HR,0,2,1,2,2671295.490289977,197336.23836037144,2,0
AST-000417,Asset_417,Server,Finance,1,1,2,1,585516.1971577569,54459.997290768,16,4
AST-000418,Asset_418,Database,HR,0,2,2,2,2404056.844355329,166833.7181126161,2,1
AST-000419,Asset_419,Workstation,Sales,0,2,4,3,1116498.722396859,254027.100684567,1,1
AST-000420,Asset_420,Workstation,Finance,1,2,2,3,2062942.610842101,295007.7892598323,19,0
AST-000421,Asset_421,Workstation,Marketing,0,2,4,4,2089860.1753288251,393845.4455743532,5,0
AST-000422,Asset_422,Workstation,Finance,1,5,1,3,8672372.506979957,153377.96291168022,18,4
AST-000423,Asset_423,Server,Finance,0,2,5,3,3205854.993841128,286586.5019299081,0,1
AST-000424,Asset_424,Workstation,Marketing,0,4,4,5,7381662.499849003,214454.4887673837,2,0
AST-000425,Asset_425,Server,Operations,0,2,2,1,1421552.5887703612,64687.52141799969,1,0
AST-000426,Asset_426,Workstation,Sales,0,2,1,1,2601293.0693868157,83954.11869689338,4,0
AST-000427,Asset_427,Workstation,Operations,0,1,1,1,530285.7015098315,92240.78836107922,4,0
AST-000428,Asset_428,Network_Device,Operations,1,1,3,2,1738283.003720168,114291.06036054334,16,2
AST-000429,Asset_429,Database,Operations,0,2,2,2,2099740.8678233568,95214.70246062538,0,0
AST-000430,Asset_430,Server,Engineering,1,1,2,2,603959.9698682275,151133.24965517013,21,1
AST-000431,Asset_431,Server,Operations,0,3,2,2,2960957.5546481693,102066.96230567005,1,0
AST-000432,Asset_432,Workstation,Engineering,1,2,3,2,1860737.2386450283,140924.25728533076,14,3
AST-000433,Asset_433,Workstation,Marketing,0,4,1,3,6596007.204342456,247139.10513093945,1,1
AST-000434,Asset_434,Server,Sales,0,5,1,3,3449585.6641439586,257104.36228482332,4,0
AST-000435,Asset_435,Server,Operations,0,1,1,2,1333662.9829064324,65776.52750284871,2,1
AST-000436,Asset_436,Workstation,HR,0,1,1,1,1690878.780346388,61431.23089356835,3,0
AST-000437,Asset_437,Server,Marketing,0,2,2,2,3218614.2986270953,24506.16740223202,1,1
AST-000438,Asset_438,Network_Device,Engineering,0,1,3,2,1903857.6782996033,163596.11808823998,2,0
AST-000439,Asset_439,Workstation,Sales,1,1,1,1,500944.6255870592,21258.565570675273,14,4
AST-000440,Asset_440,Server,Finance,1,3,1,2,3092106.9071615813,176903.21009022515,17,5
AST-000441,Asset_441,Server,Sales,1,5,2,3,5271876.618581468,139838.5933153254,17,4
AST-000442,Asset_442,Cloud_Storage,Sales,0,3,5,4,1649887.8489570601,100216.58001630343,2,0
AST-000443,Asset_443,Database,Operations,1,2,1,1,3451799.8185769864,81623.34229597762,13,0
AST-000444,Asset_444,Database,Operations,1,2,5,4,3066672.0201614005,112103.09933204098,9,1
AST-000445,Asset_445,Network_Device,Engineering,0,2,1,1,2584247.171394336,45497.32063075567,2,0
AST-000446,Asset_446,Cloud_Storage,Engineering,0,2,1,1,2215056.810496556,61018.857659510235,0,0
AST-000447,Asset_447,Cloud_Storage,Operations,0,2,3,3,3686247.0782085275,127208.08340518223,1,0
AST-000448,Asset_448,Workstation,Operations,0,1,2,2,896697.8337701918,52225.173645408395,2,0
AST-000449,Asset_449,Database,HR,0,4,3,4,4007248.943485924,186193.76657419503,0,1
AST-000450,Asset_450,Server,HR,0,3,4,3,5786841.53381134,68945.98005887988,1,3
AST-000451,Asset_451,Workstation,Marketing,1,2,1,2,1193875.070283748,149447.98326714913,21,0
AST-000452,Asset_452,Workstation,Operations,0,4,2,3,6683673.780612584,76306.34036608296,2,1
AST-000453,Asset_453,Workstation,Finance,0,1,2,1,1577089.6072760664,53414.42827333491,3,0
AST-000454,Asset_454,Cloud_Storage,HR,1,1,4,3,1852832.6422269654,181302.1284976162,8,3
AST-000455,Asset_455,Server,Engineering,1,3,2,3,1907534.9714240169,285168.0736255816,17,1
AST-000456,Asset_456,Workstation,Sales,1,5,1,3,9778329.751166722,51129.75560724338,22,4
AST-000457,Asset_457,Server,Marketing,0,2,2,3,1086513.8030654462,281222.92425502086,2,0
AST-000458,Asset_458,Workstation,HR,0,1,5,3,1006555.1625483078,86221.11647782582,0,1
AST-000459,Asset_459,Server,Sales,0,3,1,2,1881719.3140088315,171368.5276351571,2,0
AST-000460,Asset_460,Server,Sales,0,1,1,2,576764.2919157959,36289.14575198152,2,0
AST-000461,Asset_461,Server,HR,0,2,1,1,3894163.2195743457,98983.2139554216,4,0
AST-000462,Asset_462,Workstation,Finance,0,1,3,2,1579502.3767408063,165373.8955199901,1,0
AST-000463,Asset_463,Workstation,Finance,1,4,1,3,5034139.074351739,46996.7968239491,14,0
AST-000464,Asset_464,Workstation,Marketing,0,2,1,2,1324567.230269523,58539.98781776278,2,1
AST-000465,Asset_465,Cloud_Storage,Finance,0,4,2,3,5156140.502143368,178107.14814179396,4,1
AST-000466,Asset_466,Database,Marketing,0,1,1,1,980078.3270031363,57121.48100263337,1,1
AST-000467,Asset_467,Server,Engineering,1,1,1,1,907380.9160636821,66634.22826604676,14,0
AST-000468,Asset_468,Network_Device,HR,0,4,2,2,5708621.28310257,103431.20188850928,2,0
AST-000469,Asset_469,Server,Sales,0,1,1,1,1686387.8286069736,76074.7875216616,3,1
AST-000470,Asset_470,Cloud_Storage,Marketing,0,2,1,1,2329776.4525759877,41363.704337171286,1,0
AST-000471,Asset_471,Server,Finance,0,1,1,1,1239947.830494179,25874.815310594455,0,1
AST-000472,Asset_472,Cloud_Storage,Marketing,0,3,1,2,4431429.4726906335,26080.30730360165,1,0
AST-000473,Asset_473,Server,Operations,0,1,3,2,686957.0639825719,78457.81030264767,0,0
AST-000474,Asset_474,Network_Device,Marketing,0,2,2,2,3485820.1067240625,96838.18986991739,1,0
AST-000475,Asset_475,Workstation,Finance,1,2,2,2,3510815.966431988,138632.36866441707,12,2
AST-000476,Asset_476,Cloud_Storage,Operations,0,2,1,2,2623139.841889218,165162.14232032705,3,0
AST-000477,Asset_477,Server,Operations,1,1,1,1,781340.1262263234,31605.6521443513,22,3
AST-000478,Asset_478,Workstation,Finance,0,3,4,3,3753436.081970697,163164.69505271583,3,0
AST-000479,Asset_479,Cloud_Storage,Operations,0,2,1,1,1317817.8454804174,31036.048502092923,1,0
AST-000480,Asset_480,Workstation,HR,0,1,1,1,1644934.2463454723,95604.88138568803,3,0
AST-000481,Asset_481,Workstation,Sales,0,2,4,4,1933461.675762372,273116.83245829877,0,2
AST-000482,Asset_482,Workstation,HR,0,4,3,3,3866567.9185877256,213033.64819332087,1,1
AST-000483,Asset_483,Workstation,HR,0,1,3,2,1917573.2178524067,115620.34688424629,0,1
AST-000484,Asset_484,Workstation,Finance,1,2,2,2,2265575.829514027,70729.3584137182,14,2
AST-000485,Asset_485,Workstation,Finance,1,3,1,2,5053088.831187725,56077.378569063076,15,3
AST-000486,Asset_486,Cloud_Storage,Sales,1,1,5,3,1455744.02398726,207294.2888024075,15,5
AST-000487,Asset_487,Server,Marketing,0,1,4,3,974263.5569739005,278860.93994728825,0,0
AST-000488,Asset_488,Server,HR,0,2,1,1,1371372.2813420617,29160.432732049805,3,0
AST-000489,Asset_489,Cloud_Storage,Operations,0,3,3,3,5089840.3811893165,184376.37028083066,1,0
AST-000490,Asset_490,Network_Device,Sales,0,1,2,1,1643755.5210325522,57639.24746172975,1,3
AST-000491,Asset_491,Workstation,HR,0,3,2,3,2261238.686844914,203246.33603608178,7,1
AST-000492,Asset_492,Workstation,Marketing,0,2,1,1,1747347.641536286,62901.09489290164,4,0
AST-000493,Asset_493,Server,Operations,1,1,2,2,1649355.9535916452,69103.0292117988,8,5
AST-000494,Asset_494,Server,HR,0,2,1,2,3950892.716477847,144459.50450939708,1,0
AST-000495,Asset_495,Workstation,Engineering,0,5,2,3,8827309.649644274,103618.1495855299,2,0
AST-000496,Asset_496,Database,Sales,0,1,1,2,1526227.3265256574,137538.86235847784,3,1
AST-000497,Asset_497,Workstation,Finance,0,2,2,3,3746277.8225682355,110982.00533601403,3,0
AST-000498,Asset_498,Server,HR,1,2,2,3,1855707.0061827162,52254.14081145717,16,3
AST-000499,Asset_499,Cloud_Storage,Operations,0,1,4,3,514478.29894078046,64350.29239333726,1,0
AST-000500,Asset_500,Cloud_Storage,Operations,1,1,1,1,981452.1093809782,85068.66226939797,15,3
AST-000501,Asset_501,Workstation,Sales,0,1,4,2,1957901.477743126,41843.947001387365,1,0
AST-000502,Asset_502,Workstation,Sales,0,1,1,1,1822955.495515428,39746.18986592053,2,2
AST-000503,Asset_503,Database,Operations,1,1,3,2,575534.3841458304,71775.5152582597,15,2
AST-000504,Asset_504,Network_Device,Operations,0,3,2,3,3758812.940755641,45622.12146269555,1,0
AST-000505,Asset_505,Workstation,Operations,0,5,4,4,3092573.9823072003,255827.0320141396,1,0
AST-000506,Asset_506,Server,HR,0,1,2,2,1683547.1261192989,163781.38475770623,2,0
AST-000507,Asset_507,Cloud_Storage,Operations,0,2,2,2,2117846.7219627937,198619.3616477742,5,0
AST-000508,Asset_508,Network_Device,Finance,1,1,1,2,1867917.6349559345,188485.77529635173,14,2
AST-000509,Asset_509,Cloud_Storage,Operations,1,1,5,3,581678.7320158527,43318.05015188558,18,1
AST-000510,Asset_510,Workstation,Finance,1,1,3,2,1600994.7100827931,66351.56573976233,17,0
AST-000511,Asset_511,Workstation,HR,0,1,1,1,1099048.6542888535,47090.643537701675,1,1
AST-000512,Asset_512,Workstation,Sales,0,4,1,2,3609358.4918519366,177502.5825253713,4,1
AST-000513,Asset_513,Cloud_Storage,Finance,0,1,3,2,1276173.707174722,84815.26010311983,3,2
AST-000514,Asset_514,Network_Device,HR,1,2,5,3,2456460.093787472,183984.33285779477,23,2
AST-000515,Asset_515,Server,Operations,1,1,1,1,1023216.3468068154,69363.36977910373,11,3
AST-000516,Asset_516,Server,HR,0,1,4,3,1473284.8056228142,110448.85887419315,1,2
AST-000517,Asset_517,Database,Operations,0,4,1,3,5967897.487783141,187123.94693768732,2,0
AST-000518,Asset_518,Network_Device,HR,0,1,5,2,615707.2759965016,29159.39097135424,4,0
AST-000519,Asset_519,Cloud_Storage,Sales,0,5,3,4,6965613.038307237,212865.982265636,5,0
AST-000520,Asset_520,Server,Finance,0,1,1,1,1566102.692354852,44068.2164695886,1,2
AST-000521,Asset_521,Workstation,Sales,0,2,1,2,1227665.3760980887,84035.82752858232,1,0
AST-000522,Asset_522,Database,Engineering,0,5,2,3,7443479.794912979,93421.08281398556,0,1
AST-000523,Asset_523,Cloud_Storage,Operations,1,1,2,2,1705965.8567321785,167192.1624861165,22,4
AST-000524,Asset_524,Network_Device,Finance,1,2,4,3,3495831.9687751597,268119.2112309352,10,4
AST-000525,Asset_525,Network_Device,Sales,1,3,3,4,1687413.1687924154,359726.2516378235,13,2
AST-000526,Asset_526,Workstation,Finance,0,1,2,1,1546126.2099313163,45649.62854457042,2,0
AST-000527,Asset_527,Workstation,Engineering,0,2,4,4,3390929.712764673,133298.06728230865,3,0
AST-000528,Asset_528,Server,Marketing,0,1,2,2,1095234.1975811757,37714.212663342216,0,0
AST-000529,Asset_529,Server,Operations,0,1,3,2,1314261.1463412424,141033.38047209475,1,0
AST-000530,Asset_530,Network_Device,Operations,0,1,3,2,897673.3643627907,79430.19771650036,4,0
AST-000531,Asset_531,Network_Device,HR,1,4,4,4,3861447.330679808,139599.85546647588,17,4
AST-000532,Asset_532,Cloud_Storage,Operations,0,1,1,1,1252429.3238989539,43429.430800399576,0,0
AST-000533,Asset_533,Cloud_Storage,Operations,1,1,2,1,726707.4877093133,59925.13106801218,15,4
AST-000534,Asset_534,Workstation,Sales,1,2,2,1,2111550.4408056154,24573.273639428553,14,5
AST-000535,Asset_535,Workstation,Operations,1,1,2,1,952153.4571957901,96520.379419204,11,5
AST-000536,Asset_536,Cloud_Storage,Operations,1,2,2,2,1714748.8097759825,151870.53701730096,12,4
AST-000537,Asset_537,Network_Device,Engineering,0,1,3,2,1225833.0636590417,28421.419437933477,0,0
AST-000538,Asset_538,Server,Engineering,1,3,1,1,5274047.489559296,37610.90070498252,20,2
AST-000539,Asset_539,Workstation,Finance,0,2,2,2,1726786.2895876826,29049.038690394096,5,0
AST-000540,Asset_540,Server,Finance,1,1,1,1,1489595.2099724608,30654.02794331323,7,1
AST-000541,Asset_541,Cloud_Storage,Operations,0,1,1,1,881288.9326884905,35793.18009150161,2,1
AST-000542,Asset_542,Workstation,Operations,0,2,2,2,1426250.3612425209,149236.35102824704,1,0
AST-000543,Asset_543,Server,HR,0,3,1,2,5744948.5732468935,149373.17398752994,2,0
AST-000544,Asset_544,Workstation,Finance,0,1,1,1,1449853.6025358816,14079.277776895968,4,0
AST-000545,Asset_545,Workstation,Sales,0,1,2,2,656894.3412212012,125862.97643078564,4,1
AST-000546,Asset_546,Database,Operations,0,1,1,1,1448965.9961323715,96481.95680732868,2,0
AST-000547,Asset_547,Server,Sales,1,2,1,2,1529041.04703458,133105.7081535955,18,2
AST-000548,Asset_548,Workstation,Operations,0,5,4,4,9158473.629366754,385797.03726829047,2,0
AST-000549,Asset_549,Workstation,Sales,0,1,3,3,871206.2250398102,132750.9615818553,2,2
AST-000550,Asset_550,Workstation,Marketing,0,1,1,1,1710196.8239790238,51380.04620369923,1,0
AST-000551,Asset_551,Workstation,Sales,0,1,1,1,798792.8505917503,54593.78607968127,3,1
AST-000552,Asset_552,Network_Device,Finance,0,1,4,3,1337435.492387929,279465.7155703541,6,0
AST-000553,Asset_553,Workstation,Operations,1,2,1,2,3736986.033207444,88450.58951296278,10,3
AST-000554,Asset_554,Workstation,Finance,0,4,2,2,3776015.737288613,197015.31350605036,1,1
AST-000555,Asset_555,Network_Device,Sales,0,1,2,1,622096.0003685679,58881.34316290885,3,0
AST-000556,Asset_556,Workstation,Engineering,0,3,3,2,3986663.8649325077,59261.730056060456,1,0
AST-000557,Asset_557,Server,Engineering,0,1,5,3,758495.859771808,57995.773121243954,2,1
AST-000558,Asset_558,Server,Engineering,0,3,1,2,4777551.142157653,51117.09503615882,1,1
AST-000559,Asset_559,Workstation,Operations,1,2,2,2,2772463.460038398,27070.893725694586,15,2
AST-000560,Asset_560,Workstation,HR,0,1,2,2,1019562.6635737205,144615.8455876956,4,0
AST-000561,Asset_561,Workstation,Marketing,0,4,5,4,6233919.269967248,226085.50482783667,3,1
AST-000562,Asset_562,Server,Sales,0,1,4,2,857791.9629301883,152826.30066009614,2,0
AST-000563,Asset_563,Server,HR,0,2,2,2,3751109.685872515,160807.1819016345,2,0
AST-000564,Asset_564,Server,Engineering,1,4,4,5,4081328.1965520764,469113.4196235857,19,2
AST-000565,Asset_565,Database,Sales,0,1,1,1,1644452.1724400676,20529.84949199473,2,1
AST-000566,Asset_566,Workstation,HR,0,2,1,1,1775558.0312341526,26749.291970695893,2,0
AST-000567,Asset_567,Database,Finance,1,3,1,3,4716714.055606249,178034.06681669483,18,6
AST-000568,Asset_568,Workstation,Engineering,0,5,1,3,2736470.618124006,64971.564478998924,5,4
AST-000569,Asset_569,Cloud_Storage,HR,1,3,2,2,2829830.4062995748,36689.91077093918,9,6
AST-000570,Asset_570,Database,Operations,0,1,4,2,639335.398062401,139940.76779250172,1,1
AST-000571,Asset_571,Workstation,Finance,0,2,2,2,2353661.567269074,150448.0728383388,2,0
AST-000572,Asset_572,Workstation,Engineering,1,3,2,2,3457985.9716116153,171812.0887210502,11,1
AST-000573,Asset_573,Database,Marketing,1,2,1,1,2077024.5164458058,92417.20105462006,13,3
AST-000574,Asset_574,Workstation,Engineering,0,4,2,4,7887006.608677425,199299.8000756554,1,0
AST-000575,Asset_575,Network_Device,Operations,1,1,2,1,866135.8206884356,98188.69043887444,20,9
AST-000576,Asset_576,Cloud_Storage,Marketing,0,1,2,2,1686576.688956167,26819.65868646536,5,1
AST-000577,Asset_577,Server,Marketing,0,2,1,2,2342341.4236570317,176622.97196310866,3,1
AST-000578,Asset_578,Cloud_Storage,Marketing,0,5,2,4,5011078.591268722,155731.30890532437,2,1
AST-000579,Asset_579,Workstation,Sales,0,2,2,2,1610400.1109786057,185908.6103830504,1,0
AST-000580,Asset_580,Server,Sales,1,5,2,4,7250529.212712059,120137.57932832916,19,4
AST-000581,Asset_581,Workstation,Marketing,0,4,1,2,4002068.7732345653,153378.85780061415,1,0
AST-000582,Asset_582,Cloud_Storage,Finance,0,4,1,3,6877512.55776963,144873.32952845245,3,0
AST-000583,Asset_583,Workstation,Marketing,1,4,1,2,7810789.09212906,88663.67120462938,18,1
AST-000584,Asset_584,Database,HR,0,4,3,4,3362789.388916039,61391.00246306432,2,1
AST-000585,Asset_585,Workstation,Marketing,0,3,3,4,2079016.7362427353,294128.2216182725,1,1
AST-000586,Asset_586,Server,Sales,0,2,4,3,1946553.4036075184,77345.24528008912,1,1
AST-000587,Asset_587,Server,Sales,0,1,2,1,1200667.650583228,51669.38513717317,0,0
AST-000588,Asset_588,Server,HR,1,1,1,1,951450.2239238757,22717.730275247624,9,1
AST-000589,Asset_589,Server,HR,0,1,3,2,1955700.2090821976,128806.00726376049,0,0
AST-000590,Asset_590,Server,Engineering,0,1,2,1,1668802.4595210073,30795.511124752313,0,0
AST-000591,Asset_591,Server,Finance,1,1,1,1,1949211.0995634138,63495.68777481422,16,2
AST-000592,Asset_592,Workstation,Finance,0,4,3,4,4239439.743890734,380781.6809377564,3,0
AST-000593,Asset_593,Server,Finance,0,2,1,2,1914024.5829948676,185765.33006903966,2,2
AST-000594,Asset_594,Database,Operations,1,1,1,2,1111043.7915323107,56083.58463961965,18,2
AST-000595,Asset_595,Network_Device,Sales,0,3,3,3,3852750.2699728534,56780.11455428429,2,1
AST-000596,Asset_596,Workstation,Finance,0,2,3,2,3224665.6093527856,27678.998420402037,2,1
AST-000597,Asset_597,Workstation,Engineering,0,1,3,1,1821652.8126444754,84565.41577089284,1,0
AST-000598,Asset_598,Server,Engineering,0,4,1,2,4779079.252274006,64875.364806693375,2,1
AST-000599,Asset_599,Server,Finance,0,1,4,3,933768.0975101113,106663.0883760846,3,0
AST-000600,Asset_600,Server,HR,0,2,3,2,1956539.7230663844,60724.1501027958,2,0
AST-000601,Asset_601,Server,Engineering,1,1,3,2,1545422.387546591,171215.11193995315,17,1
AST-000602,Asset_602,Server,HR,0,2,3,3,2702674.1019744882,294303.5387597016,3,0
AST-000603,Asset_603,Server,Sales,0,3,2,2,3689223.589397657,155933.59716740635,3,0
AST-000604,Asset_604,Server,Operations,1,1,1,2,804161.1181642611,168244.01488445426,18,2
AST-000605,Asset_605,Server,Engineering,0,5,3,3,9065917.656241775,197535.12434022117,3,1
AST-000606,Asset_606,Workstation,HR,1,1,2,2,1671530.6712611092,115179.48351136615,14,4
AST-000607,Asset_607,Server,Finance,0,2,1,1,1421915.805217689,74942.02043114635,3,1
AST-000608,Asset_608,Database,Sales,0,4,3,4,4204330.7276128195,52874.636370239314,2,0
AST-000609,Asset_609,Workstation,Marketing,1,4,2,3,5252792.561833348,46578.14191291711,15,2
AST-000610,Asset_610,Workstation,Marketing,0,1,2,1,1181507.934157298,71854.61397185652,1,2
AST-000611,Asset_611,Server,Finance,1,1,1,1,1096693.7581066075,40156.29681283522,21,2
AST-000612,Asset_612,Workstation,Sales,0,3,1,2,4734743.539022382,107990.18416068944,2,1
AST-000613,Asset_613,Workstation,Sales,0,1,1,1,581755.2563567562,80379.3307293919,3,0
AST-000614,Asset_614,Server,Sales,0,2,3,2,2414231.0173778255,123888.42351324811,2,0
AST-000615,Asset_615,Network_Device,Sales,0,3,1,2,2679817.606753206,164947.1374393504,2,0
AST-000616,Asset_616,Cloud_Storage,Marketing,1,2,1,1,1253855.1557042769,47723.97179535792,7,2
AST-000617,Asset_617,Server,HR,0,1,5,3,1197330.7370044482,107604.3053023171,2,0
AST-000618,Asset_618,Server,Sales,1,2,1,1,1514106.0732117062,31135.32179954819,12,5
AST-000619,Asset_619,Network_Device,HR,0,4,2,2,3549345.691341252,43702.57119317548,2,0
AST-000620,Asset_620,Workstation,Sales,0,2,4,3,2521026.188530228,39935.06101396875,7,0
AST-000621,Asset_621,Server,Engineering,0,3,2,2,5881690.409697697,29566.822823012822,4,0
AST-000622,Asset_622,Server,Operations,0,1,3,2,1526382.5102053338,68779.78888390656,1,1
AST-000623,Asset_623,Database,Engineering,0,1,5,3,919432.6972352371,105171.4004730339,4,0
AST-000624,Asset_624,Workstation,Operations,0,1,4,2,1073609.0788630648,88721.21522597793,1,1
AST-000625,Asset_625,Workstation,Engineering,0,2,2,2,2218399.456962932,126491.126823111,2,0
AST-000626,Asset_626,Database,Sales,1,1,1,1,730456.4350165657,78336.95816188547,14,4
AST-000627,Asset_627,Workstation,HR,1,2,2,3,1481962.5665790422,83380.35217586445,18,3
AST-000628,Asset_628,Workstation,Operations,0,3,3,3,2167776.2556931404,234997.00768172706,1,0
AST-000629,Asset_629,Server,Marketing,0,3,4,4,3847488.619816126,90036.2300048924,2,0
AST-000630,Asset_630,Server,Finance,0,1,3,3,1511279.1301095625,296947.27758626576,3,1
AST-000631,Asset_631,Workstation,Operations,0,3,2,3,4158243.0807487196,106959.12143230562,1,0
AST-000632,Asset_632,Network_Device,Operations,0,2,2,2,3933301.5563600454,170720.30264674686,2,1
AST-000633,Asset_633,Workstation,Marketing,0,1,1,1,688811.8583864778,27141.9245100238,3,0
AST-000634,Asset_634,Workstation,Sales,1,1,1,1,1979711.6094541328,95557.85023935311,9,1
AST-000635,Asset_635,Server,Engineering,0,2,3,3,2400021.801663676,253189.23200729722,1,1
AST-000636,Asset_636,Workstation,Engineering,0,1,1,1,827949.1816657064,42345.03344923307,2,0
AST-000637,Asset_637,Workstation,HR,0,1,1,1,1914921.2390086357,47932.4553485369,4,0
AST-000638,Asset_638,Server,Sales,1,1,3,3,1202919.965216889,31036.258251203544,17,2
AST-000639,Asset_639,Server,Marketing,0,1,1,1,1021020.4328157806,32628.901988166926,2,0
AST-000640,Asset_640,Database,Sales,1,5,4,4,4103575.778634675,144146.72414270253,15,3
AST-000641,Asset_641,Server,Sales,1,3,1,2,2705439.5300211096,101492.96581278712,15,2
AST-000642,Asset_642,Database,Engineering,1,2,4,3,3937658.530681658,67543.44977869501,12,4
AST-000643,Asset_643,Server,Marketing,1,4,2,3,3823840.639428646,159267.05979300733,11,1
AST-000644,Asset_644,Database,Finance,0,2,1,2,3933417.7712788153,140324.32737546536,4,0
AST-000645,Asset_645,Server,Operations,0,3,2,3,2985967.439754392,130246.22049869598,1,0
AST-000646,Asset_646,Network_Device,Engineering,0,1,4,2,847127.6983828429,61795.14960179468,2,1
AST-000647,Asset_647,Workstation,Marketing,0,2,2,2,1550092.548705542,118588.96765170105,1,0
AST-000648,Asset_648,Workstation,HR,0,1,2,1,1117781.7579109955,12610.35126642493,2,0
AST-000649,Asset_649,Workstation,Operations,0,2,5,5,1710419.3456050814,203376.85284940162,4,0
AST-000650,Asset_650,Workstation,Operations,0,1,1,1,1545406.9457405796,57483.121861721265,3,0
AST-000651,Asset_651,Server,Engineering,1,1,3,2,859657.6030459676,80451.70691573403,18,4
AST-000652,Asset_652,Workstation,HR,0,1,1,1,1753095.2674968038,41088.8283487775,3,2
AST-000653,Asset_653,Workstation,Engineering,0,1,2,2,1751016.8877322504,172693.3992746966,3,0
AST-000654,Asset_654,Workstation,Sales,1,3,1,2,2784868.683216298,188118.5216951296,17,4
AST-000655,Asset_655,Workstation,Marketing,0,1,2,2,1630310.1957302447,168930.67652275856,0,1
AST-000656,Asset_656,Server,HR,1,3,1,2,5358956.44190754,37796.14101412805,12,3
AST-000657,Asset_657,Server,Operations,1,2,1,2,2770398.53181144,72153.63998857932,19,4
AST-000658,Asset_658,Database,Engineering,0,2,2,2,2098997.2325921645,148032.98600449966,3,1
AST-000659,Asset_659,Workstation,Operations,0,1,2,2,1161450.7800690187,195390.70310047848,2,2
AST-000660,Asset_660,Workstation,HR,0,4,2,3,6717373.190208691,95416.01808692177,4,0
AST-000661,Asset_661,Database,Operations,1,1,2,1,939976.1959952211,90838.94311803704,12,1
AST-000662,Asset_662,Cloud_Storage,Engineering,0,2,1,1,2003387.0031285821,76511.34884467613,3,0
AST-000663,Asset_663,Workstation,Engineering,0,2,4,3,1482353.0087735523,295531.5989224737,7,0
AST-000664,Asset_664,Server,Finance,1,2,1,2,2197157.209039008,36845.38671351214,15,3
AST-000665,Asset_665,Server,Operations,0,1,1,1,629772.6983742289,45527.11733737336,3,0
AST-000666,Asset_666,Server,Finance,1,2,2,2,1963103.3229673344,106060.70042021008,15,4
AST-000667,Asset_667,Server,Finance,1,4,3,3,4240876.285687142,211462.30881603612,13,3
AST-000668,Asset_668,Server,Operations,1,3,1,2,2649656.0959085943,137714.96652952323,17,4
AST-000669,Asset_669,Server,HR,1,4,1,3,2608148.714809929,274713.2430728423,16,3
AST-000670,Asset_670,Server,Sales,0,1,3,2,1282500.8638423327,170961.16206589973,0,1
AST-000671,Asset_671,Server,Engineering,1,1,2,2,1797621.7546332062,29967.080404912336,24,0
AST-000672,Asset_672,Network_Device,Marketing,0,1,2,2,1003467.1187007057,107577.22214177968,1,0
AST-000673,Asset_673,Server,Finance,0,4,4,4,3420809.428520832,186542.04287887586,2,0
AST-000674,Asset_674,Workstation,HR,0,1,1,1,927557.3265357551,99743.01278728373,1,0
AST-000675,Asset_675,Workstation,Operations,1,2,2,2,3585661.5439127106,96906.47496400843,13,1
AST-000676,Asset_676,Cloud_Storage,HR,1,4,1,3,5166845.537646785,214307.16780072532,13,2
AST-000677,Asset_677,Server,HR,1,2,1,1,1392371.0538123243,35598.64898205015,16,1
AST-000678,Asset_678,Database,Operations,0,2,1,2,3127664.9471663875,130633.21206512784,4,0
AST-000679,Asset_679,Cloud_Storage,Marketing,1,1,2,1,731553.3998501742,28596.977975659,15,5
AST-000680,Asset_680,Network_Device,Operations,1,2,1,1,1180733.20882671,64324.59900846507,13,1
AST-000681,Asset_681,Network_Device,Marketing,0,4,2,3,3534109.2589875036,264411.3644187549,1,0
AST-000682,Asset_682,Server,Operations,0,2,5,3,1504270.5385502975,35194.20369038952,3,0
AST-000683,Asset_683,Server,Finance,0,1,3,2,1407496.211562002,110825.55371708228,0,0
AST-000684,Asset_684,Workstation,Marketing,0,1,1,1,1226849.6110100627,98413.35619207581,2,0
AST-000685,Asset_685,Cloud_Storage,Finance,0,1,1,2,1586096.8257393008,48667.25404069761,1,0
AST-000686,Asset_686,Workstation,Marketing,0,2,2,2,2534713.1507807374,53014.21904879991,3,0
AST-000687,Asset_687,Workstation,Marketing,0,1,1,1,1128508.9028140814,52374.13489913887,3,2
AST-000688,Asset_688,Server,Operations,0,2,5,3,2578656.0713132294,265168.15868826554,2,0
AST-000689,Asset_689,Workstation,Marketing,0,2,5,3,2303458.3392633335,181945.09454802086,1,0
AST-000690,Asset_690,Server,Finance,0,3,2,3,1666891.022613178,167351.33403405768,1,0
AST-000691,Asset_691,Database,Operations,1,1,1,1,1521048.66949436,17808.135319415906,12,0
AST-000692,Asset_692,Workstation,Engineering,0,3,4,3,5829586.46796505,289736.2239351639,1,0
AST-000693,Asset_693,Workstation,Finance,0,2,3,3,2266100.671108139,123721.3014995188,4,1
AST-000694,Asset_694,Server,Engineering,0,1,2,2,1135599.47565207,65325.28738656128,3,0
AST-000695,Asset_695,Server,HR,0,5,1,3,2843266.589779349,141170.86508062395,4,0
AST-000696,Asset_696,Workstation,Operations,1,1,2,1,1835568.6270301226,47276.39455352378,13,5
AST-000697,Asset_697,Server,HR,0,2,4,3,3787364.1623887895,153803.93935657607,1,0
AST-000698,Asset_698,Workstation,Operations,0,1,1,1,1719708.6770212147,71968.43816912486,3,0
AST-000699,Asset_699,Server,Operations,1,2,3,3,1319036.4146255702,264345.5735259056,11,2
AST-000700,Asset_700,Workstation,Finance,0,2,1,2,3700671.0434618173,30316.318422834116,4,0
AST-000701,Asset_701,Workstation,Engineering,0,1,4,3,535933.4950925612,162507.51246001042,1,1
AST-000702,Asset_702,Server,Operations,0,2,2,2,2333722.969708926,94516.06246869295,0,0
AST-000703,Asset_703,Database,Engineering,0,2,1,1,2501870.9623041833,10979.210153694095,1,0
AST-000704,Asset_704,Server,Operations,1,3,1,2,5253009.454618525,166968.10116245036,14,4
AST-000705,Asset_705,Server,Engineering,0,1,2,2,1626288.8201809565,38776.37620173021,1,0
AST-000706,Asset_706,Cloud_Storage,HR,1,1,1,1,1695645.3447498288,20327.320855630445,17,5
AST-000707,Asset_707,Database,Finance,1,2,2,1,3603702.848672124,14346.857624653298,19,2
AST-000708,Asset_708,Network_Device,Operations,0,1,1,1,1214106.3807390886,28037.947043303546,3,0
AST-000709,Asset_709,Server,Sales,0,2,1,2,3340757.0605515144,51826.93067980968,2,1
AST-000710,Asset_710,Workstation,Engineering,0,1,2,2,602049.6416081584,82615.85049592907,1,1
AST-000711,Asset_711,Workstation,Engineering,0,1,2,1,1166819.6341258083,69334.33548259267,2,0
AST-000712,Asset_712,Workstation,Sales,0,3,2,3,1635597.0369133851,44659.44145968933,0,1
AST-000713,Asset_713,Workstation,Finance,0,3,2,3,5618917.793933673,262274.45524719235,4,0
AST-000714,Asset_714,Workstation,Engineering,0,2,2,3,3875241.3458587625,118176.22614627008,2,0
AST-000715,Asset_715,Database,Finance,1,4,2,3,2503634.3617289765,193783.97938941978,9,3
AST-000716,Asset_716,Cloud_Storage,Engineering,0,3,1,2,3896819.8998349225,22160.92019793577,2,0
AST-000717,Asset_717,Network_Device,Marketing,0,2,1,1,1975418.8190106074,42922.71235615304,0,1
AST-000718,Asset_718,Cloud_Storage,Engineering,1,5,1,3,5069007.134971585,30553.74621444945,14,3
AST-000719,Asset_719,Server,Marketing,0,2,2,2,2352100.184126454,49782.489243899,0,0
AST-000720,Asset_720,Workstation,Operations,0,2,2,2,1375197.8957636522,100613.07748483733,2,0
AST-000721,Asset_721,Cloud_Storage,Finance,0,2,2,1,1542310.596351738,58157.86797547748,2,0
AST-000722,Asset_722,Server,Engineering,0,4,3,4,5464211.960767669,95054.29589968442,1,2
AST-000723,Asset_723,Server,HR,0,1,1,1,528133.8641562324,77069.4649854087,2,0
AST-000724,Asset_724,Workstation,HR,0,1,2,2,1399701.533021301,54020.659793708815,5,1
AST-000725,Asset_725,Workstation,Sales,0,1,1,1,978375.781680004,20426.058294135157,1,1
AST-000726,Asset_726,Network_Device,HR,1,1,3,3,1748309.6222060025,120024.61844551707,13,3
AST-000727,Asset_727,Server,Marketing,0,1,2,1,1400009.7615930256,59628.57972948579,2,1
AST-000728,Asset_728,Workstation,HR,0,3,3,2,4686410.403204774,198002.32695555466,2,0
AST-000729,Asset_729,Server,HR,0,2,4,3,1343275.543713836,143053.24700149056,3,0
AST-000730,Asset_730,Server,HR,0,1,3,2,898793.5470225329,96679.35510357995,0,1
AST-000731,Asset_731,Server,Engineering,0,3,3,3,5985013.240374165,46020.036931460854,0,0
AST-000732,Asset_732,Network_Device,Sales,1,2,1,1,2300956.7407276714,78923.77058433731,11,3
AST-000733,Asset_733,Workstation,Finance,0,2,1,1,2076595.6159726288,26360.4701674939,2,1
AST-000734,Asset_734,Workstation,Sales,0,1,4,2,1810783.0384659113,154064.64161816807,1,0
AST-000735,Asset_735,Database,Marketing,0,4,4,4,2198447.653178809,367822.0759827789,2,0
AST-000736,Asset_736,Network_Device,Engineering,0,1,2,1,1302160.0425141794,79139.86858822251,1,0
AST-000737,Asset_737,Database,Operations,0,1,1,1,815385.8206788865,67820.80783709933,2,1
AST-000738,Asset_738,Network_Device,Engineering,0,1,4,2,1052229.1871806448,128704.93318795334,2,0
AST-000739,Asset_739,Workstation,HR,0,3,1,1,2398996.823416476,50826.960317308636,4,0
AST-000740,Asset_740,Database,HR,0,2,1,2,1113468.2786461231,46017.68512094785,4,0
AST-000741,Asset_741,Workstation,Marketing,0,1,2,2,1124768.200952835,160190.94964191542,1,0
AST-000742,Asset_742,Database,Operations,0,1,1,1,1683804.5317926344,52959.00433533344,1,0
AST-000743,Asset_743,Workstation,Engineering,0,2,1,1,3855863.297880673,66308.12408220799,1,2
AST-000744,Asset_744,Workstation,Operations,1,2,3,2,2871558.923830037,87322.74120441964,14,2
AST-000745,Asset_745,Server,Finance,0,1,1,1,1083255.6385290823,28065.04477123909,1,0
AST-000746,Asset_746,Network_Device,Sales,1,3,4,4,4964348.7309628595,330343.04696377454,16,2
AST-000747,Asset_747,Database,Engineering,0,5,5,5,6289179.875719156,204079.91250820557,0,1
AST-000748,Asset_748,Workstation,Operations,0,1,3,2,1051430.4198359924,176002.40521485414,1,0
AST-000749,Asset_749,Cloud_Storage,Finance,0,2,5,3,1537269.077658924,290745.7236811241,5,0
AST-000750,Asset_750,Workstation,Finance,0,1,2,1,1694194.9765055862,84698.96744863328,2,0
AST-000751,Asset_751,Server,Sales,0,3,2,3,3751916.057326575,64597.272228529684,3,0
AST-000752,Asset_752,Cloud_Storage,Finance,0,2,3,3,3891411.2239331887,260852.95038650974,3,1
AST-000753,Asset_753,Workstation,Marketing,1,1,2,2,1702864.40052308,113484.40857438183,11,3
AST-000754,Asset_754,Database,Finance,0,3,2,2,3390072.5361402463,63454.088161576365,7,1
AST-000755,Asset_755,Server,Operations,0,3,2,2,4833825.183903557,36768.08605270622,2,1
AST-000756,Asset_756,Workstation,Marketing,0,1,2,1,1180087.2392781065,35065.885521692326,0,0
AST-000757,Asset_757,Workstation,Finance,1,1,3,2,619798.592621397,44736.874791718685,15,1
AST-000758,Asset_758,Workstation,HR,1,1,2,2,1275021.577337328,24616.02479625789,9,3
AST-000759,Asset_759,Network_Device,Finance,0,2,3,3,3597185.858602449,296696.3742608091,3,0
AST-000760,Asset_760,Workstation,Marketing,1,3,2,3,5349485.933326574,254516.40706881712,19,3
AST-000761,Asset_761,Server,Finance,0,2,2,2,2724900.740919924,153010.86735743473,5,1
AST-000762,Asset_762,Database,Finance,0,2,1,1,2140070.6092445496,27371.23940739509,3,0
AST-000763,Asset_763,Server,Finance,0,3,3,3,1545452.710396673,37488.83851672917,4,0
AST-000764,Asset_764,Workstation,Marketing,1,2,1,2,1934229.3368185381,107336.69886344438,16,1
AST-000765,Asset_765,Server,Finance,1,2,5,3,3969425.7319232025,230257.4960828072,17,2
AST-000766,Asset_766,Workstation,Sales,1,2,3,2,3179473.099878983,193310.72540475725,21,1
AST-000767,Asset_767,Workstation,Operations,0,4,2,3,6305531.382950377,257848.59592285176,3,0
AST-000768,Asset_768,Network_Device,Sales,1,1,5,3,1641625.0854976417,271245.6361185305,14,3
AST-000769,Asset_769,Database,Marketing,0,1,2,2,1430170.0750129165,62959.29459338504,5,1
AST-000770,Asset_770,Network_Device,HR,0,1,1,1,1378787.9857625118,23979.341586103186,1,0
AST-000771,Asset_771,Server,Sales,0,3,2,2,3541286.649130865,64600.71861680692,1,1
AST-000772,Asset_772,Network_Device,Operations,0,2,1,2,2331801.981009061,44944.30518650497,1,0
AST-000773,Asset_773,Server,Engineering,0,1,1,1,1806272.6831557981,81863.5441340613,1,0
AST-000774,Asset_774,Database,Operations,0,5,2,4,5450921.962725854,365095.5019476972,3,1
AST-000775,Asset_775,Workstation,Sales,1,4,3,4,7041750.704406329,150643.12945421936,15,0
AST-000776,Asset_776,Server,Engineering,0,5,2,3,8783008.192187028,266770.0693935528,1,1
AST-000777,Asset_777,Server,Marketing,0,1,2,2,1656347.2990122666,29906.33242860441,3,1
AST-000778,Asset_778,Workstation,Operations,1,4,1,2,2225854.3991806773,141924.17713289184,17,3
AST-000779,Asset_779,Workstation,HR,0,1,2,2,721958.3666054297,114948.77778124258,3,1
AST-000780,Asset_780,Workstation,Engineering,0,1,1,1,972057.7132797725,34906.89660578041,3,1
AST-000781,Asset_781,Workstation,Engineering,0,1,1,1,1771300.0133892226,79138.09858072935,4,1
AST-000782,Asset_782,Workstation,Operations,0,2,3,3,3619778.1440684977,87252.76599061667,1,0
AST-000783,Asset_783,Server,Sales,0,1,1,1,562335.9415332383,47453.45386848005,1,0
AST-000784,Asset_784,Database,Engineering,0,2,1,2,1974173.6593857966,147774.68049311894,2,0
AST-000785,Asset_785,Server,Marketing,1,3,1,2,5326728.920871317,80881.21660553517,21,3
AST-000786,Asset_786,Cloud_Storage,Operations,0,1,2,1,874539.8735528574,86982.41670307533,2,1
AST-000787,Asset_787,Workstation,Marketing,0,1,3,1,1964004.959895698,87888.43095756754,1,0
AST-000788,Asset_788,Workstation,Operations,0,1,5,4,1233955.649864041,112910.95110208695,0,0
AST-000789,Asset_789,Workstation,Marketing,0,4,3,3,7623876.13639046,148905.29693957145,2,0
AST-000790,Asset_790,Cloud_Storage,Sales,0,1,2,2,1143239.5915478943,97762.27579216007,0,1
AST-000791,Asset_791,Server,Operations,1,2,1,2,1971396.7812628897,93808.12435414322,22,4
AST-000792,Asset_792,Workstation,HR,1,1,1,1,1043615.2628132792,55177.49243676507,17,4
AST-000793,Asset_793,Workstation,Sales,0,4,2,3,7305803.495184039,50078.90480304968,4,1
AST-000794,Asset_794,Workstation,Marketing,1,1,2,1,996034.079432499,88304.49958007714,12,3
AST-000795,Asset_795,Server,Operations,0,2,2,1,3008038.664379131,36092.330051780016,2,0
AST-000796,Asset_796,Network_Device,Sales,0,2,1,1,2409528.046373754,10163.115410843071,3,0
AST-000797,Asset_797,Cloud_Storage,Marketing,0,4,1,3,7650027.132361085,214978.0618206329,0,0
AST-000798,Asset_798,Workstation,Finance,0,1,1,2,739045.2081067115,137084.9750769573,2,0
AST-000799,Asset_799,Workstation,Finance,1,2,3,3,2285970.4903055266,295453.79758225905,20,4
AST-000800,Asset_800,Cloud_Storage,Engineering,0,1,1,2,686950.7178546829,149464.49859334016,7,0
AST-000801,Asset_801,Workstation,HR,0,5,2,3,6836045.064701418,119830.64920219511,1,1
AST-000802,Asset_802,Server,Finance,1,2,1,1,2208697.5740142325,95735.5796618568,18,0
AST-000803,Asset_803,Workstation,Marketing,1,2,2,3,1182811.69745325,128643.36580083938,16,7
AST-000804,Asset_804,Workstation,Sales,1,2,1,3,3549514.3293002592,251736.0651950513,25,2
AST-000805,Asset_805,Workstation,Operations,0,1,1,1,1063272.1742996583,40210.66623206672,3,2
AST-000806,Asset_806,Workstation,Sales,0,1,1,1,1240446.111425696,14383.74821411796,3,0
AST-000807,Asset_807,Cloud_Storage,Engineering,0,2,1,2,2222540.006450735,152081.27497898383,3,0
AST-000808,Asset_808,Cloud_Storage,Sales,0,5,1,3,6164895.088374746,124556.9513030037,2,1
AST-000809,Asset_809,Workstation,Finance,1,1,3,2,524487.7965021512,80999.78582635144,19,7
AST-000810,Asset_810,Server,Sales,1,4,1,3,6892757.17584785,223279.93925395503,12,1
AST-000811,Asset_811,Cloud_Storage,Finance,1,1,1,2,998462.0179192155,77966.81499261077,12,5
AST-000812,Asset_812,Network_Device,Finance,0,4,2,3,6346770.586556861,61863.430137516625,0,0
AST-000813,Asset_813,Server,HR,1,1,2,3,597330.1930716976,139217.76801451345,10,1
AST-000814,Asset_814,Cloud_Storage,Engineering,1,1,1,1,1285737.8787471368,84145.96355939501,13,5
AST-000815,Asset_815,Network_Device,Marketing,0,2,2,1,3726375.9162122123,21718.40392058142,4,0
AST-000816,Asset_816,Workstation,Finance,0,3,3,2,3292116.159766594,119806.53963749064,0,0
AST-000817,Asset_817,Workstation,Operations,1,3,1,1,2387665.5453781374,21903.336454934244,14,2
AST-000818,Asset_818,Database,Engineering,0,2,2,2,1297243.4713452917,28852.91271910671,0,0
AST-000819,Asset_819,Server,Marketing,1,2,1,2,3577263.890464278,88167.7594217527,15,1
AST-000820,Asset_820,Database,Operations,0,1,1,1,858209.3410394262,69209.49846972384,2,0
AST-000821,Asset_821,Network_Device,Sales,1,1,5,4,1962606.6672479769,138995.43995065894,17,1
AST-000822,Asset_822,Server,Engineering,1,1,1,1,871734.1749918617,50115.80329636759,18,1
AST-000823,Asset_823,Database,Operations,0,2,1,2,2442972.987228399,108439.56645376208,0,0
AST-000824,Asset_824,Database,Engineering,1,2,5,3,2373982.395397501,257148.37596231198,20,6
AST-000825,Asset_825,Workstation,Engineering,0,3,3,3,1779043.287149283,251124.3862694449,2,0
AST-000826,Asset_826,Cloud_Storage,Sales,0,3,2,3,3893277.389178516,30633.74665974902,2,1
AST-000827,Asset_827,Database,Sales,0,1,2,1,1508961.4695328055,47252.70947972524,3,0
AST-000828,Asset_828,Database,Engineering,0,3,3,2,4839610.484810484,138096.38575280353,0,1
AST-000829,Asset_829,Workstation,Operations,1,1,3,2,1283887.6344663939,173431.31070108694,10,5
AST-000830,Asset_830,Workstation,HR,1,3,1,2,5156633.243046086,28801.60099720271,16,4
AST-000831,Asset_831,Server,Finance,0,1,2,2,1628146.252765876,133084.69731396495,3,1
AST-000832,Asset_832,Workstation,Sales,0,3,1,3,2372884.404392494,257345.26434285112,4,1
AST-000833,Asset_833,Server,HR,0,2,1,1,2204805.045695521,32956.84185250368,4,0
AST-000834,Asset_834,Server,Sales,0,2,2,2,1427745.5536261322,56946.1396459982,2,0
AST-000835,Asset_835,Workstation,Engineering,1,2,2,2,1400270.9613127643,104212.88976918849,15,1
AST-000836,Asset_836,Workstation,HR,0,1,1,1,1568191.0319348176,96632.16235961886,0,0
AST-000837,Asset_837,Cloud_Storage,Operations,0,1,1,1,1295688.6985663774,72359.77550571597,1,0
AST-000838,Asset_838,Database,Operations,0,2,2,2,2802849.4254343077,96407.30836490843,6,0
AST-000839,Asset_839,Workstation,Marketing,0,3,2,3,4794829.274726651,35632.95598492514,2,1
AST-000840,Asset_840,Workstation,Finance,1,1,4,2,915852.3982426202,120210.65541881912,13,2
AST-000841,Asset_841,Server,Finance,0,1,3,2,1102042.9379789834,82781.84032344485,0,1
AST-000842,Asset_842,Workstation,Sales,0,2,5,4,2820409.2669508625,106856.91117509315,2,0
AST-000843,Asset_843,Server,Finance,1,2,2,2,1289886.9442550836,110026.65839640117,13,4
AST-000844,Asset_844,Cloud_Storage,Marketing,1,2,2,2,3499162.243585771,81448.87411409689,11,2
AST-000845,Asset_845,Server,Operations,1,4,4,4,4060697.7451332565,53940.88580509435,19,4
AST-000846,Asset_846,Workstation,HR,1,2,3,2,2976258.952104518,150591.0836417003,18,2
AST-000847,Asset_847,Server,HR,1,1,3,2,1993347.3527852236,151864.92559325078,16,6
AST-000848,Asset_848,Cloud_Storage,Operations,0,1,2,2,1213043.6680659733,131389.6609565706,2,0
AST-000849,Asset_849,Workstation,Engineering,0,2,1,1,1645145.3478672965,85673.85881466084,2,1
AST-000850,Asset_850,Workstation,Operations,0,2,4,3,1649300.1963455435,84859.01682087166,3,2
AST-000851,Asset_851,Server,HR,1,1,3,2,590564.3242789707,71516.27929054352,11,2
AST-000852,Asset_852,Workstation,Sales,0,5,3,4,8253117.257473451,205116.08183559956,3,0
AST-000853,Asset_853,Server,Marketing,0,1,1,2,940147.010138041,30831.533117692343,2,0
AST-000854,Asset_854,Network_Device,Operations,0,2,1,1,1518177.2876082473,89519.12019173503,0,1
AST-000855,Asset_855,Server,Engineering,1,1,2,2,1570544.0507232824,108313.1494231727,12,2
AST-000856,Asset_856,Server,Sales,0,4,3,4,3854819.848484805,156878.7672198821,2,0
AST-000857,Asset_857,Server,Operations,0,3,4,3,4202110.264489751,159050.13078801785,1,1
AST-000858,Asset_858,Workstation,Sales,0,1,1,1,1126739.3207530084,39261.68395626146,1,0
AST-000859,Asset_859,Workstation,Operations,1,4,2,3,4004916.3780786204,107291.12351682488,21,3
AST-000860,Asset_860,Server,Sales,0,1,1,2,1234144.3933084395,100643.31906626622,4,0
AST-000861,Asset_861,Workstation,Finance,0,2,2,2,1941379.7181165915,106742.84102931226,6,0
AST-000862,Asset_862,Workstation,Sales,0,3,2,2,5417542.136141327,98002.17080700997,4,2
AST-000863,Asset_863,Workstation,Finance,0,3,3,3,1828681.3699130584,177941.3573656734,2,0
AST-000864,Asset_864,Workstation,HR,0,4,4,4,2180921.749681427,322016.44082254666,4,0
AST-000865,Asset_865,Workstation,Finance,0,4,1,2,4438358.164301117,30308.27449964262,3,1
AST-000866,Asset_866,Workstation,Sales,0,5,2,3,3796327.2624173677,249110.04538537248,0,0
AST-000867,Asset_867,Server,Marketing,1,1,2,2,1615589.6825343126,61136.19062411264,24,4
AST-000868,Asset_868,Server,Marketing,0,1,1,1,1030150.8660847187,32688.36249013608,2,0
AST-000869,Asset_869,Network_Device,HR,0,2,5,4,1784313.1364862816,255807.93606405435,1,1
AST-000870,Asset_870,Cloud_Storage,Sales,1,3,4,4,3117216.5844127326,391241.6689992999,7,2
AST-000871,Asset_871,Database,Finance,1,2,1,2,1658451.7939300784,23131.880039449763,12,2
AST-000872,Asset_872,Server,Marketing,0,1,2,2,949478.7184997678,141164.04613057134,2,0
AST-000873,Asset_873,Workstation,Operations,0,3,1,2,4055933.7841666946,145441.49706488004,4,2
AST-000874,Asset_874,Workstation,Engineering,1,5,2,3,8980244.094688158,184885.98492207064,8,5
AST-000875,Asset_875,Server,Sales,1,2,2,2,2112608.076750342,21744.220591319645,17,3
AST-000876,Asset_876,Server,Operations,0,1,1,1,981007.6658661955,64571.66171079462,2,2
AST-000877,Asset_877,Workstation,Operations,0,1,4,2,1672684.81796736,40703.83562947581,1,2
AST-000878,Asset_878,Workstation,Sales,0,1,2,2,533639.5753369342,34052.184066332,2,0
AST-000879,Asset_879,Server,Engineering,0,2,5,4,1906228.9762354703,290582.1705657813,6,1
AST-000880,Asset_880,Server,Marketing,0,4,1,2,4713024.911265403,146042.22001127637,3,0
AST-000881,Asset_881,Server,Engineering,0,1,3,2,1400992.5152736627,180184.1362748607,2,2
AST-000882,Asset_882,Workstation,HR,0,2,3,3,1468184.5893360812,30912.726605515374,2,0
AST-000883,Asset_883,Server,Finance,0,2,1,2,2298563.194165874,88176.77374163752,2,0
AST-000884,Asset_884,Server,Finance,0,1,1,2,1349450.7003228567,22208.959811951994,2,1
AST-000885,Asset_885,Workstation,Operations,0,2,4,3,2530751.375420807,128458.88747244599,1,0
AST-000886,Asset_886,Server,Marketing,0,3,2,2,4085479.8512095623,108498.42890023209,0,0
AST-000887,Asset_887,Workstation,Engineering,0,3,2,3,4480792.203576848,173026.8736185074,2,0
AST-000888,Asset_888,Server,Operations,1,2,4,3,2138118.0073945653,126101.83266298044,15,7
AST-000889,Asset_889,Server,Sales,0,3,1,2,1786360.8379919669,150554.24625916785,4,0
AST-000890,Asset_890,Server,Operations,1,1,2,1,583334.4234593802,47403.543047609644,15,3
AST-000891,Asset_891,Workstation,Sales,0,1,2,1,1788071.9705297342,56541.38880819162,2,1
AST-000892,Asset_892,Network_Device,Sales,0,1,2,2,1516128.8252428179,164015.76817751012,0,0
AST-000893,Asset_893,Network_Device,HR,0,1,1,1,1646277.0237758807,25687.248970096043,1,1
AST-000894,Asset_894,Database,HR,1,1,2,1,1893206.9298953032,38880.57093056377,13,2
AST-000895,Asset_895,Workstation,Sales,0,1,3,2,1625816.6049584567,113857.32812024548,3,0
AST-000896,Asset_896,Server,Marketing,0,2,2,1,3076903.805243688,79085.64024684398,2,0
AST-000897,Asset_897,Server,HR,0,2,2,2,2967275.616719204,96563.97694802118,2,1
AST-000898,Asset_898,Network_Device,HR,1,1,1,1,887860.0770137162,16549.009504303132,19,4
AST-000899,Asset_899,Server,Finance,1,1,3,2,1935941.1076213364,197989.4957369724,18,4
AST-000900,Asset_900,Server,Operations,0,2,2,2,2626132.9241979085,147423.93008292076,2,0
AST-000901,Asset_901,Server,Finance,0,1,5,3,833110.8419279107,225138.4867058579,2,0
AST-000902,Asset_902,Server,Marketing,0,2,1,2,1629478.6332184093,103718.88407386442,1,1
AST-000903,Asset_903,Server,HR,0,3,1,2,5168696.601723179,118467.21024967628,2,0
AST-000904,Asset_904,Workstation,HR,0,1,1,1,875312.9021844196,99464.35994051602,1,0
AST-000905,Asset_905,Workstation,Engineering,1,1,2,2,562139.5968137627,127120.82666194114,11,3
AST-000906,Asset_906,Network_Device,Marketing,1,1,1,1,1142618.4092519705,29703.65194764595,12,3
AST-000907,Asset_907,Network_Device,Operations,0,1,3,1,1726025.682099317,96794.1765747328,2,0
AST-000908,Asset_908,Database,Operations,0,5,4,4,5608297.308895071,233594.56568059922,5,0
AST-000909,Asset_909,Server,Operations,0,1,1,1,1705321.3664029012,11860.60139874368,0,1
AST-000910,Asset_910,Database,Marketing,0,2,1,2,3481632.927285101,123203.26603825646,0,0
AST-000911,Asset_911,Workstation,Engineering,0,3,4,3,5359682.232552333,49028.41281167272,1,0
AST-000912,Asset_912,Server,Engineering,0,1,1,2,1383349.761149031,114965.8958636572,3,1
AST-000913,Asset_913,Workstation,Finance,0,1,2,2,1549206.1552586386,168559.70309630703,2,0
AST-000914,Asset_914,Workstation,Marketing,0,3,1,1,2678365.773764591,58497.973403699725,2,0
AST-000915,Asset_915,Workstation,Marketing,1,4,2,3,2598187.658098358,130832.40015560947,13,7
AST-000916,Asset_916,Workstation,Engineering,0,1,1,2,1299170.786270127,178869.7551504645,1,0
AST-000917,Asset_917,Server,Sales,0,1,2,1,515872.8388969914,93483.10701366817,4,0
AST-000918,Asset_918,Cloud_Storage,Sales,0,3,2,3,3595820.32928565,123822.5652479362,1,1
AST-000919,Asset_919,Workstation,Finance,0,1,3,3,653140.4301043637,164716.7116737891,3,1
AST-000920,Asset_920,Server,Sales,1,1,1,1,662630.4497075968,98463.0066480763,12,3
AST-000921,Asset_921,Network_Device,Sales,1,1,2,1,1806175.1238281734,26029.076129893874,13,2
AST-000922,Asset_922,Workstation,Sales,0,1,1,2,1460777.2884590533,73667.5824810341,1,2
AST-000923,Asset_923,Network_Device,HR,1,1,4,3,1467851.4479720718,145674.06303212504,17,4
AST-000924,Asset_924,Workstation,Finance,0,2,2,1,2213430.0264674816,19079.946767422036,1,1
AST-000925,Asset_925,Workstation,Engineering,1,3,1,2,3359644.4577188096,68967.66233436405,9,1
AST-000926,Asset_926,Server,Sales,0,2,1,2,1909323.0784279327,118043.96363383034,0,0
AST-000927,Asset_927,Server,Operations,0,1,1,1,1151537.79993812,30564.825435139755,1,0
AST-000928,Asset_928,Workstation,HR,0,2,1,1,2761375.184220571,71765.6486863459,0,1
AST-000929,Asset_929,Workstation,Sales,1,3,2,2,2339650.759679158,82580.86677720616,14,3
AST-000930,Asset_930,Server,HR,0,1,1,2,892525.1703768836,36163.0885352296,1,0
AST-000931,Asset_931,Server,Finance,1,1,5,3,1242130.9042673022,236423.91671479132,8,2
AST-000932,Asset_932,Network_Device,Operations,0,1,1,1,1077170.453038279,61067.46737592724,1,0
AST-000933,Asset_933,Cloud_Storage,Operations,1,1,3,2,1729229.77023508,168476.47089316318,18,5
AST-000934,Asset_934,Workstation,Operations,0,4,1,2,6930122.162460879,84827.29108337488,2,0
AST-000935,Asset_935,Server,Sales,1,2,1,1,2007976.1224929397,11744.149183506583,15,2
AST-000936,Asset_936,Server,HR,0,1,5,3,1176192.920019739,42605.89336185455,2,1
AST-000937,Asset_937,Server,Operations,0,3,3,3,5894643.741257327,244771.45190629247,2,0
AST-000938,Asset_938,Cloud_Storage,Marketing,1,1,2,1,1741214.1249290959,46957.7090901509,19,2
AST-000939,Asset_939,Server,Marketing,1,1,2,1,823490.6247103562,97874.71346996188,13,0
AST-000940,Asset_940,Workstation,HR,0,1,5,3,920343.4658310967,254183.2602771732,2,0
AST-000941,Asset_941,Server,Sales,0,2,2,2,1250441.0147249098,22901.93887593162,3,1
AST-000942,Asset_942,Workstation,Sales,0,1,1,1,1516734.713925995,88298.21800891128,2,0
AST-000943,Asset_943,Workstation,Finance,0,1,1,1,975342.950051486,29157.955648767882,2,0
AST-000944,Asset_944,Network_Device,Finance,0,1,2,1,1304892.780679875,53763.84364861281,2,0
AST-000945,Asset_945,Server,Operations,0,1,2,2,1652213.4228775708,111101.84262879498,3,0
AST-000946,Asset_946,Server,Engineering,0,2,3,3,3508105.2021390665,46124.72458194823,6,0
AST-000947,Asset_947,Server,Finance,1,3,1,2,2964139.5483311354,42619.816355980314,13,5
AST-000948,Asset_948,Cloud_Storage,Sales,1,3,4,3,2567611.216834862,144222.79838485815,12,7
AST-000949,Asset_949,Network_Device,Engineering,0,2,2,2,3545609.1178355813,135671.75777996267,0,0
AST-000950,Asset_950,Workstation,Finance,0,4,2,3,4287624.869557627,101392.58388189193,1,0
AST-000951,Asset_951,Workstation,HR,0,1,1,1,1732997.2105687934,57376.08693448174,0,0
AST-000952,Asset_952,Workstation,Marketing,0,1,5,3,724644.7259622021,132366.55222074606,3,0
AST-000953,Asset_953,Server,Finance,0,2,2,2,3735728.2311280747,133465.43103544402,3,1
AST-000954,Asset_954,Cloud_Storage,Finance,0,1,2,2,1224688.4856919013,96398.71423325715,2,0
AST-000955,Asset_955,Workstation,HR,0,2,4,3,1510400.1700054598,259940.93697885287,6,0
AST-000956,Asset_956,Database,Sales,0,1,4,2,1302602.2253936816,197073.9323389217,1,2
AST-000957,Asset_957,Workstation,Operations,1,1,1,1,1805023.9728938926,92174.66492715912,23,2
AST-000958,Asset_958,Server,HR,1,2,4,3,2167975.2062772727,75523.14356389297,18,7
AST-000959,Asset_959,Server,Operations,0,4,3,3,3068369.041787397,153437.9732284168,2,0
AST-000960,Asset_960,Workstation,Finance,0,1,1,1,1364834.2477426962,51293.59485920968,1,1
AST-000961,Asset_961,Server,Sales,1,1,1,1,1751700.6673738984,85641.97525728706,12,7
AST-000962,Asset_962,Workstation,Engineering,0,3,2,2,2046091.9921604327,84294.07828753337,3,0
AST-000963,Asset_963,Server,Finance,1,1,2,2,562112.4614789173,118928.33648878687,20,1
AST-000964,Asset_964,Database,HR,1,1,3,2,584440.2403727655,129670.22058195788,12,4
AST-000965,Asset_965,Server,Engineering,1,1,1,1,845733.079550684,20036.87070374839,8,1
AST-000966,Asset_966,Database,Marketing,0,3,3,2,1532859.0057308595,120433.00350697484,3,0
AST-000967,Asset_967,Workstation,Engineering,0,3,3,4,3429027.4623057954,128862.93580766757,2,1
AST-000968,Asset_968,Server,HR,1,2,2,2,3093248.361762751,57191.03846146326,14,5
AST-000969,Asset_969,Workstation,Engineering,0,1,4,2,1565687.283906923,65056.80442740885,3,1
AST-000970,Asset_970,Workstation,HR,0,1,3,1,1455067.2848616596,18941.679880080475,4,0
AST-000971,Asset_971,Workstation,Finance,0,1,1,1,944300.2018925103,16275.722555975834,2,0
AST-000972,Asset_972,Cloud_Storage,Sales,0,4,3,4,6415626.234250506,272871.89298419585,0,1
AST-000973,Asset_973,Workstation,Marketing,1,2,5,4,2729462.7028748197,378752.3909994928,16,1
AST-000974,Asset_974,Server,Sales,0,1,1,2,1791768.7951510483,143839.93180593156,1,0
AST-000975,Asset_975,Server,Sales,1,2,5,4,2434016.546557835,152268.01910058624,9,7
AST-000976,Asset_976,Server,Sales,1,2,1,2,1540441.9297466893,80308.387093951,19,1
AST-000977,Asset_977,Workstation,HR,0,5,2,4,7259896.247756303,234900.1131606875,0,0
AST-000978,Asset_978,Server,HR,0,3,3,4,2178529.0320932586,351868.675472202,2,1
AST-000979,Asset_979,Workstation,Marketing,1,1,3,2,1944717.2669123288,56443.6190627448,27,4
AST-000980,Asset_980,Workstation,HR,0,3,3,3,4664783.353953138,156498.06768438808,4,1
AST-000981,Asset_981,Database,Operations,1,2,2,1,3268965.6622673427,54905.20501985593,19,2
AST-000982,Asset_982,Workstation,HR,1,1,2,2,1518902.663701112,187620.25199763977,14,2
AST-000983,Asset_983,Server,HR,0,2,2,2,1292678.7097707018,116507.5180683964,0,0
AST-000984,Asset_984,Server,HR,1,2,2,2,2395899.458365225,160554.56118825896,13,5
AST-000985,Asset_985,Workstation,Finance,0,1,2,1,1477122.8643685784,17902.106190932558,2,1
AST-000986,Asset_986,Workstation,Marketing,0,2,3,2,1688067.6192548783,78846.25029668267,2,0
AST-000987,Asset_987,Workstation,Operations,1,2,1,1,3038506.3207283714,65028.110795026405,10,4
AST-000988,Asset_988,Workstation,HR,1,1,2,1,1729828.2128580175,70987.41387280077,17,3
AST-000989,Asset_989,Server,Marketing,0,1,1,1,912394.9691274427,89669.09356228917,2,0
AST-000990,Asset_990,Network_Device,Engineering,0,2,2,1,1598809.9007972735,63138.13703403216,0,0
AST-000991,Asset_991,Workstation,Finance,0,1,1,1,1824739.9669023335,36062.12895563274,3,0
AST-000992,Asset_992,Workstation,HR,0,4,2,3,2031166.956587403,175555.71444811556,0,0
AST-000993,Asset_993,Server,Operations,0,1,1,1,883620.5726148931,74037.70083623586,1,0
AST-000994,Asset_994,Workstation,Finance,0,1,1,1,1110095.5972188744,80591.06851460128,3,0
AST-000995,Asset_995,Database,Operations,0,1,2,1,1508389.5781803469,95012.5843620407,2,0
AST-000996,Asset_996,Server,Finance,1,2,2,2,3991190.4833790157,54335.47567970786,18,2
AST-000997,Asset_997,Cloud_Storage,Engineering,0,2,2,2,2112455.184708027,138970.1289333361,1,1
AST-000998,Asset_998,Server,Marketing,0,2,1,2,3846426.1781185577,56055.57599485698,3,0
AST-000999,Asset_999,Cloud_Storage,Finance,1,1,4,3,1050161.4232373387,115825.52882688641,9,0
AST-001000,Asset_1000,Workstation,Sales,1,3,1,3,4629881.655078094,68546.41473849112,16,5
AST-001001,Asset_1001,Server,Engineering,1,1,4,2,748050.525986691,159138.87390305972,14,6
AST-001002,Asset_1002,Workstation,Sales,0,1,3,2,1190611.7878771322,184519.91368602493,2,0
AST-001003,Asset_1003,Network_Device,Engineering,0,1,1,1,1806910.2779588902,12693.592202600175,1,0
AST-001004,Asset_1004,Workstation,Sales,0,1,2,1,979991.5701107138,83215.72313481176,1,0
AST-001005,Asset_1005,Network_Device,Sales,0,1,5,3,657803.8980210994,95273.9534407254,3,0
AST-001006,Asset_1006,Workstation,Operations,0,1,2,2,1284070.0037937947,107654.45769825847,0,0
AST-001007,Asset_1007,Workstation,Finance,0,1,1,1,1159302.029426016,77339.72617133579,3,1
AST-001008,Asset_1008,Network_Device,Finance,0,3,2,3,2532928.335537824,166850.66694928275,1,0
AST-001009,Asset_1009,Server,Engineering,0,1,2,2,1858422.8392207476,61624.981802574526,1,0
AST-001010,Asset_1010,Workstation,Marketing,0,3,3,2,4207590.321811139,183109.82616560304,1,0
AST-001011,Asset_1011,Server,Operations,0,2,4,2,2041520.8654998182,126844.87572636102,1,0
AST-001012,Asset_1012,Cloud_Storage,Finance,0,1,1,1,1994196.8585809108,93813.002488462,4,0
AST-001013,Asset_1013,Cloud_Storage,Finance,0,2,1,2,1412698.6098270803,172395.44082852054,2,0
AST-001014,Asset_1014,Server,Operations,0,2,1,2,3543854.5377510837,177785.77565982845,2,2
AST-001015,Asset_1015,Workstation,HR,0,1,5,3,845937.4036757376,127662.43844747276,6,0
AST-001016,Asset_1016,Cloud_Storage,Operations,0,4,2,2,3437041.1474177707,197716.7235025705,4,0
AST-001017,Asset_1017,Server,Finance,0,2,4,3,2494486.5947216414,260146.50519707814,2,0
AST-001018,Asset_1018,Workstation,Marketing,0,4,2,3,5971651.818905113,121153.88771018604,3,0
AST-001019,Asset_1019,Cloud_Storage,HR,1,3,3,3,4607083.938803952,272032.14651278267,17,2
AST-001020,Asset_1020,Server,Sales,0,1,1,1,533191.4541540486,77976.35472891624,3,0
AST-001021,Asset_1021,Workstation,Operations,0,1,4,2,930286.9297962608,150524.6646356902,1,1
AST-001022,Asset_1022,Server,Sales,1,1,2,2,1490906.112910351,21120.64948277958,11,4
AST-001023,Asset_1023,Cloud_Storage,HR,0,3,3,4,5503806.571595065,48124.450366067744,1,0
AST-001024,Asset_1024,Cloud_Storage,HR,0,4,1,2,6019345.330437816,145062.65609654307,3,0
AST-001025,Asset_1025,Cloud_Storage,HR,0,2,2,2,1797643.9442607074,70163.03808052019,1,1
AST-001026,Asset_1026,Workstation,Engineering,1,1,2,1,1261659.1234815763,15266.651245039682,20,7
AST-001027,Asset_1027,Network_Device,Operations,0,1,1,1,1471364.6281181048,35735.59546939991,0,0
AST-001028,Asset_1028,Network_Device,Marketing,0,3,2,2,2109027.0790366107,170823.70539838835,4,0
AST-001029,Asset_1029,Database,Marketing,0,4,2,3,5269441.419603857,157065.18523356083,2,0
AST-001030,Asset_1030,Network_Device,Sales,0,1,1,1,1207499.3420789922,65402.133280505754,4,0
AST-001031,Asset_1031,Server,Sales,0,1,1,1,1004972.0521120206,82045.48728440829,0,1
AST-001032,Asset_1032,Workstation,Sales,1,1,2,2,1435306.5023881786,78207.40493920326,16,4
AST-001033,Asset_1033,Server,Operations,0,1,1,2,1454324.4395456938,22006.263479746813,3,0
AST-001034,Asset_1034,Server,Finance,0,3,2,3,5871614.577181401,117296.69316895797,1,0
AST-001035,Asset_1035,Server,Sales,0,2,2,2,2284915.592238688,192202.1101785474,1,0
AST-001036,Asset_1036,Workstation,HR,0,2,1,2,2593801.4664510842,106811.29742996713,4,0
AST-001037,Asset_1037,Database,Sales,1,2,1,1,1472507.7429119768,61282.68434001583,18,1
AST-001038,Asset_1038,Workstation,HR,0,1,3,2,1322543.508313687,156877.28476419256,0,0
AST-001039,Asset_1039,Server,Engineering,0,1,1,1,554128.9237623124,20344.00407219593,2,0
AST-001040,Asset_1040,Database,Finance,0,3,2,1,2174449.0850558975,76054.2370147662,3,1
AST-001041,Asset_1041,Workstation,Finance,0,2,2,2,1513740.4104852416,73595.80036053303,4,0
AST-001042,Asset_1042,Workstation,Operations,0,1,5,3,1448958.676256604,134803.60381311458,1,0
AST-001043,Asset_1043,Database,Operations,1,1,1,1,1350941.961101065,34254.08777289929,15,2
AST-001044,Asset_1044,Workstation,Marketing,0,1,3,3,1697055.4354166626,71457.29745424843,1,0
AST-001045,Asset_1045,Network_Device,Engineering,1,1,2,2,1196599.1478076952,85063.04728570327,15,1
AST-001046,Asset_1046,Workstation,Operations,1,2,1,1,2424568.710599834,18517.505386779427,8,5
AST-001047,Asset_1047,Server,HR,1,2,1,2,1484668.0963736542,172060.05078145175,10,4
AST-001048,Asset_1048,Server,Engineering,0,2,2,2,3228104.289189459,75070.34331528557,1,1
AST-001049,Asset_1049,Network_Device,Finance,0,3,1,3,1516438.1654337095,206476.6759482499,2,1
AST-001050,Asset_1050,Server,HR,1,2,1,2,2274672.6194390487,73405.2000055613,18,5
AST-001051,Asset_1051,Network_Device,Engineering,1,1,4,3,782487.636704504,86890.0912735058,14,1
AST-001052,Asset_1052,Workstation,Finance,1,1,1,1,1656514.8868129756,74229.1388557149,18,3
AST-001053,Asset_1053,Cloud_Storage,Operations,0,3,2,2,4530261.123092063,132320.6876972234,1,1
AST-001054,Asset_1054,Workstation,HR,0,2,3,2,3120306.1295112567,59258.8876194109,5,1
AST-001055,Asset_1055,Cloud_Storage,HR,1,1,3,3,722866.8285447056,195265.9600643232,18,3
AST-001056,Asset_1056,Database,Finance,0,2,1,2,3006442.220980932,20900.301993113397,1,0
AST-001057,Asset_1057,Workstation,HR,0,2,3,2,3072681.1294611804,51844.62918803821,1,0
AST-001058,Asset_1058,Workstation,Operations,0,3,2,2,1511866.881165237,150995.7161116056,3,0
AST-001059,Asset_1059,Workstation,Operations,0,4,1,2,3905605.1546689603,93827.11997471158,3,0
AST-001060,Asset_1060,Workstation,Operations,0,2,1,2,1261864.5437272952,56653.19965080694,2,1
AST-001061,Asset_1061,Network_Device,Finance,0,3,1,2,4566274.045851706,111064.94786364592,3,0
AST-001062,Asset_1062,Cloud_Storage,Sales,0,1,1,1,818163.0047111524,51869.530091812034,2,2
AST-001063,Asset_1063,Workstation,Sales,0,2,1,1,1793977.9456879653,67054.26632517361,1,0
AST-001064,Asset_1064,Workstation,HR,0,3,1,1,1852480.8396156775,16528.448794623655,2,1
AST-001065,Asset_1065,Workstation,Operations,0,2,2,2,2451419.9958159947,167482.9334946071,2,0
AST-001066,Asset_1066,Workstation,HR,1,2,3,2,1099098.4284771453,30489.820207246692,19,4
AST-001067,Asset_1067,Server,Finance,0,4,2,2,7073553.277250064,101693.94941716528,3,0
AST-001068,Asset_1068,Server,HR,0,1,2,2,539549.0600244199,147885.14426030035,3,1
AST-001069,Asset_1069,Database,Marketing,1,1,4,3,592459.5412726762,123098.97935952498,12,7
AST-001070,Asset_1070,Server,Sales,1,2,4,2,2921219.8996524615,183821.33540793075,12,3
AST-001071,Asset_1071,Server,HR,0,3,4,4,5626200.853614467,311883.46828804066,1,1
AST-001072,Asset_1072,Server,HR,0,4,1,2,7352726.80786518,96688.6516743391,1,1
AST-001073,Asset_1073,Server,Engineering,0,2,1,2,1250891.5330415869,53088.75087911389,0,0
AST-001074,Asset_1074,Server,HR,0,3,2,3,2798010.247375753,41728.505314012014,0,1
AST-001075,Asset_1075,Cloud_Storage,Marketing,1,3,1,2,3844665.855880254,164299.57893572733,16,6
AST-001076,Asset_1076,Workstation,Sales,1,1,1,1,539935.6080446998,27484.68212706034,22,2
AST-001077,Asset_1077,Database,Engineering,1,3,1,1,3878891.769968171,34270.675694095116,12,1
AST-001078,Asset_1078,Workstation,Finance,0,1,5,3,1171648.4612659353,32802.15802365679,1,1
AST-001079,Asset_1079,Server,Finance,0,1,1,1,1382616.4933392815,11640.41964707874,2,0
AST-001080,Asset_1080,Cloud_Storage,Sales,1,1,2,2,1880472.3253154047,61475.31815024012,16,3
AST-001081,Asset_1081,Workstation,Finance,0,1,1,1,911928.9585671946,88558.16376444763,5,0
AST-001082,Asset_1082,Server,Marketing,0,1,3,1,1458644.8152778833,80274.07436108583,2,2
AST-001083,Asset_1083,Workstation,HR,1,1,2,2,1144748.5039596427,158577.1607022397,18,4
AST-001084,Asset_1084,Network_Device,Sales,0,1,1,1,1152693.0864823656,84433.12969132596,0,0
AST-001085,Asset_1085,Cloud_Storage,Engineering,0,1,5,3,1470907.103389022,80385.66361055379,3,1
AST-001086,Asset_1086,Workstation,HR,1,2,3,3,3854009.1855407045,294347.62812272925,21,4
AST-001087,Asset_1087,Workstation,Finance,0,3,3,2,5383641.7754962705,61794.673822391946,2,0
AST-001088,Asset_1088,Server,Finance,0,4,5,4,5837134.6728750095,93974.74633812733,2,0
AST-001089,Asset_1089,Cloud_Storage,Engineering,0,3,2,2,3576921.400256563,73036.04486582341,2,0
AST-001090,Asset_1090,Server,Marketing,0,2,3,2,2271976.3027354814,115481.60158822611,4,0
AST-001091,Asset_1091,Cloud_Storage,Engineering,0,3,1,2,5042098.099322431,42397.51167373131,3,1
AST-001092,Asset_1092,Workstation,Sales,0,1,2,2,827331.0256151173,152951.7842091563,0,1
AST-001093,Asset_1093,Workstation,Engineering,0,1,1,2,1381499.8162436886,86874.80402805976,2,0
AST-001094,Asset_1094,Workstation,Finance,1,2,1,2,2514861.304709413,122314.97641108952,19,4
AST-001095,Asset_1095,Server,Marketing,0,2,2,2,2948060.6821015216,152162.4842570144,0,1
AST-001096,Asset_1096,Server,Marketing,1,3,1,3,2343394.6253241077,273511.3118508169,12,2
AST-001097,Asset_1097,Server,Operations,0,2,2,1,3087271.6714135907,83741.22700509381,2,0
AST-001098,Asset_1098,Server,Engineering,0,1,2,1,1440499.6913058271,58372.18070070132,0,1
AST-001099,Asset_1099,Workstation,Sales,0,4,2,3,3080876.7288177595,297616.68178084644,4,1
AST-001100,Asset_1100,Database,Finance,0,2,1,1,2348865.067873087,57676.526920739256,4,1
AST-001101,Asset_1101,Server,HR,1,3,1,2,4553787.096795041,116474.98848694464,17,2
AST-001102,Asset_1102,Cloud_Storage,Marketing,0,3,2,2,5557219.212490784,48527.8751002777,2,0
AST-001103,Asset_1103,Network_Device,Engineering,0,1,2,1,683149.4423169356,23384.848250332187,5,0
AST-001104,Asset_1104,Cloud_Storage,Operations,0,1,1,1,513109.12737290905,25183.101368394426,3,1
AST-001105,Asset_1105,Cloud_Storage,Sales,0,1,2,2,747731.2371127517,126527.84497266621,3,2
AST-001106,Asset_1106,Server,Sales,0,1,3,2,1983910.601778225,94730.94442737651,4,2
AST-001107,Asset_1107,Database,Finance,0,1,1,1,1652555.3864177219,44729.6051497986,0,0
AST-001108,Asset_1108,Workstation,Marketing,0,2,2,2,2843107.056533058,42960.492655455106,1,0
AST-001109,Asset_1109,Workstation,Finance,0,4,1,2,2798078.4028962553,88596.23812018018,2,0
AST-001110,Asset_1110,Server,Operations,0,4,4,4,4496275.095568855,176076.3540844308,4,0
AST-001111,Asset_1111,Network_Device,HR,0,3,1,2,4718574.906660233,131746.5877681837,2,3
AST-001112,Asset_1112,Server,HR,0,1,1,1,1843826.2433545673,44956.87292483266,3,1
AST-001113,Asset_1113,Server,HR,0,1,4,2,1072734.8821388623,95377.1625473434,2,0
AST-001114,Asset_1114,Workstation,Sales,1,2,1,1,3999069.6321581188,34528.86633321348,13,5
AST-001115,Asset_1115,Workstation,Marketing,1,1,2,1,709604.6184933357,21835.35207377447,14,4
AST-001116,Asset_1116,Workstation,Finance,1,3,1,2,3241211.6445805267,74001.95939979413,19,3
AST-001117,Asset_1117,Server,Finance,0,4,5,4,7252384.753197823,55395.52252199964,2,1
AST-001118,Asset_1118,Network_Device,Operations,1,1,3,2,1474873.4141724915,56667.79436328775,12,2
AST-001119,Asset_1119,Server,HR,0,3,2,2,5149137.718533132,78491.4415366159,1,1
AST-001120,Asset_1120,Server,Marketing,1,1,1,2,1861698.7081593256,46216.33254667692,17,2
AST-001121,Asset_1121,Network_Device,Marketing,0,2,1,3,2521949.1865200675,209541.80694526774,1,0
AST-001122,Asset_1122,Cloud_Storage,Operations,0,1,2,1,852120.7263305648,35268.85254061323,3,1
AST-001123,Asset_1123,Network_Device,Engineering,0,1,1,1,1540560.3575936656,65397.481635780205,2,0
AST-001124,Asset_1124,Network_Device,Marketing,0,3,2,2,4035658.581192108,135899.41022191488,4,0
AST-001125,Asset_1125,Workstation,Marketing,1,3,2,3,4976921.421405207,150767.8351742478,9,2
AST-001126,Asset_1126,Workstation,Finance,1,2,3,2,2535141.263688299,100839.15979701582,11,6
AST-001127,Asset_1127,Server,Operations,1,2,1,1,3433334.104633765,62331.69362460416,23,3
AST-001128,Asset_1128,Workstation,Marketing,0,2,2,2,3706052.4278877927,67242.14339093046,0,1
AST-001129,Asset_1129,Database,Marketing,0,3,3,3,4873123.619935788,35736.141141767395,2,0
AST-001130,Asset_1130,Server,Finance,0,5,2,3,8077413.654194531,204156.64144250384,5,0
AST-001131,Asset_1131,Workstation,Marketing,1,4,3,4,5523136.047445926,259069.13817354653,7,3
AST-001132,Asset_1132,Workstation,Finance,0,3,1,1,3622389.0545221693,52874.29580245032,0,0
AST-001133,Asset_1133,Server,Engineering,1,2,3,2,3917762.9704296663,177637.80989152353,10,4
AST-001134,Asset_1134,Server,Sales,0,2,4,3,2935337.5963518675,167328.70483960147,3,2
AST-001135,Asset_1135,Workstation,Finance,0,1,1,1,1760534.753338043,37314.51973352004,1,0
AST-001136,Asset_1136,Server,Finance,1,1,1,1,1258113.542815365,74217.92083867446,14,2
AST-001137,Asset_1137,Network_Device,Marketing,0,3,1,2,3996860.360748994,193232.6336713611,5,0
AST-001138,Asset_1138,Workstation,Finance,0,3,2,2,4483000.606254715,152638.19980718743,0,0
AST-001139,Asset_1139,Workstation,Operations,0,2,2,1,3185657.1059510163,91796.3095662258,1,1
AST-001140,Asset_1140,Workstation,HR,1,2,1,2,2345067.224609893,40288.57009160145,12,1
AST-001141,Asset_1141,Network_Device,HR,0,1,3,2,1034472.3925000486,41777.53977387605,0,0
AST-001142,Asset_1142,Database,Engineering,0,1,3,2,859129.8836950224,47829.02712939379,1,1
AST-001143,Asset_1143,Workstation,Finance,0,2,4,3,2270936.2685656594,219770.6979419287,4,0
AST-001144,Asset_1144,Workstation,Operations,0,2,2,2,1633713.7316718292,90147.27133235603,1,0
AST-001145,Asset_1145,Server,Marketing,0,4,2,4,4500569.874671107,211976.0064697377,2,1
AST-001146,Asset_1146,Network_Device,Marketing,0,1,4,3,1811989.2092382677,100718.43110874658,2,0
AST-001147,Asset_1147,Workstation,Sales,1,2,1,2,3931210.544766441,152499.04521986016,18,5
AST-001148,Asset_1148,Workstation,Engineering,1,1,2,2,1365652.9559623192,172162.63686219344,11,4
AST-001149,Asset_1149,Network_Device,Operations,0,5,2,4,3595040.3520910405,97677.08867038871,0,0
AST-001150,Asset_1150,Network_Device,Operations,1,4,1,2,4565333.486384936,54692.14276313331,17,1
AST-001151,Asset_1151,Workstation,Marketing,0,2,1,2,2806229.5319127003,81092.13796255982,0,2
AST-001152,Asset_1152,Network_Device,Sales,0,5,1,3,5280788.162035295,105644.98062442895,4,0
AST-001153,Asset_1153,Workstation,Marketing,0,2,2,3,1615468.5211824626,173514.87982219277,3,0
AST-001154,Asset_1154,Workstation,Sales,0,1,2,2,840236.4059707376,155464.25804711727,4,0
AST-001155,Asset_1155,Workstation,HR,0,2,3,3,2421786.6670435863,244183.89750305883,0,1
AST-001156,Asset_1156,Workstation,Operations,0,1,2,2,824643.0438099084,57520.943794859246,1,0
AST-001157,Asset_1157,Server,HR,1,2,1,2,1748568.075525512,51604.73374556262,10,2
AST-001158,Asset_1158,Network_Device,Marketing,0,4,2,3,7238505.098013118,128197.45437151862,1,0
AST-001159,Asset_1159,Network_Device,Engineering,0,3,1,3,5005771.433549473,69885.4699574422,3,0
AST-001160,Asset_1160,Server,Finance,0,1,1,1,582969.4744083788,18261.735913221666,4,0
AST-001161,Asset_1161,Network_Device,Engineering,0,1,1,2,980265.0950867946,63664.679915967965,1,0
AST-001162,Asset_1162,Server,Engineering,0,1,1,1,1297899.728163421,45454.939920396304,3,0
AST-001163,Asset_1163,Database,Finance,0,1,1,1,590912.959282933,62905.74992039631,2,0
AST-001164,Asset_1164,Workstation,Operations,1,1,1,1,1524756.8943894282,75095.09195606384,20,0
AST-001165,Asset_1165,Server,HR,1,2,3,3,2153335.444129792,90159.10673393152,19,1
AST-001166,Asset_1166,Network_Device,HR,0,3,1,2,3287303.1636472447,167359.48454614525,2,0
AST-001167,Asset_1167,Network_Device,Operations,0,3,1,1,2693973.149729944,13030.36854010602,1,0
AST-001168,Asset_1168,Workstation,Finance,1,1,4,2,1000893.4907019208,99928.27941270288,15,1
AST-001169,Asset_1169,Server,Sales,0,1,2,2,1792534.84577199,133953.77826492774,3,3
AST-001170,Asset_1170,Server,Engineering,0,1,1,1,1682904.4630872463,36213.76248386816,2,3
AST-001171,Asset_1171,Workstation,Marketing,0,1,1,1,1903657.8443025479,71532.27522475146,2,1
AST-001172,Asset_1172,Cloud_Storage,HR,0,1,2,2,1548496.0718528782,176069.6255548431,4,0
AST-001173,Asset_1173,Workstation,Operations,1,1,2,1,1366807.6440113545,18042.96884427972,17,6
AST-001174,Asset_1174,Server,Marketing,0,2,1,1,1777768.8598376662,56130.43798558713,2,0
AST-001175,Asset_1175,Workstation,Finance,0,4,1,2,6001131.922894841,23378.690563328928,2,1
AST-001176,Asset_1176,Workstation,Marketing,0,2,4,2,3718474.2651331057,70323.37151509544,1,2
AST-001177,Asset_1177,Workstation,Marketing,0,3,2,3,1811245.1890399521,66973.87509681295,2,0
AST-001178,Asset_1178,Server,Engineering,1,1,2,1,1164605.3470818803,66184.75043445818,21,6
AST-001179,Asset_1179,Workstation,Finance,0,4,1,2,2896164.2777336165,64763.06007148281,1,0
AST-001180,Asset_1180,Workstation,Marketing,0,1,1,1,1715924.7215004587,35415.83527773793,1,0
AST-001181,Asset_1181,Cloud_Storage,HR,1,1,2,1,1421147.3639979418,28506.726281540832,15,2
AST-001182,Asset_1182,Database,Finance,0,1,4,3,1819473.9755285287,95826.6763374668,3,0
AST-001183,Asset_1183,Workstation,HR,0,1,1,1,594650.1837749864,30259.91938425948,3,1
AST-001184,Asset_1184,Cloud_Storage,Operations,0,2,5,3,3717192.037342297,218425.25664620026,2,1
AST-001185,Asset_1185,Server,Operations,0,5,1,3,3003974.6388983536,288068.8079529777,2,0
AST-001186,Asset_1186,Cloud_Storage,Sales,0,3,2,3,2794226.10380005,162362.48472484172,2,2
AST-001187,Asset_1187,Workstation,Operations,0,1,1,1,734248.6206950056,64034.901614134695,4,0
AST-001188,Asset_1188,Server,Marketing,0,2,2,3,1436156.9922628957,250888.65871470387,3,1
AST-001189,Asset_1189,Database,Finance,1,2,2,2,1515009.693937014,105699.106612453,15,1
AST-001190,Asset_1190,Workstation,Operations,0,3,2,2,3660980.422967448,74364.38619172786,2,0
AST-001191,Asset_1191,Server,HR,0,3,2,2,5029630.295093064,191175.4678687321,1,2
AST-001192,Asset_1192,Workstation,Marketing,0,2,1,1,3694831.825141589,91554.08971580579,3,3
AST-001193,Asset_1193,Database,Operations,1,2,3,2,2700632.075344244,59664.75730892747,21,6
AST-001194,Asset_1194,Workstation,Engineering,0,3,1,1,2209882.007733548,73276.88025186051,1,0
AST-001195,Asset_1195,Server,HR,1,1,2,1,618786.0088012776,68242.55828743684,14,2
AST-001196,Asset_1196,Network_Device,HR,0,1,1,2,1241194.4293673988,136933.91293724615,2,1
AST-001197,Asset_1197,Cloud_Storage,Sales,1,2,2,3,3296140.7044510436,254262.81511471258,20,3
AST-001198,Asset_1198,Cloud_Storage,Engineering,0,4,3,3,5720966.314123739,212008.51771601228,1,1
AST-001199,Asset_1199,Workstation,Sales,0,2,1,1,2748344.7511540046,56620.345872432634,4,1
AST-001200,Asset_1200,Server,Operations,0,5,4,5,2861164.1068775197,430729.6697211142,2,2
AST-001201,Asset_1201,Workstation,Engineering,1,1,4,3,1117318.0826462316,101507.06946918066,16,5
AST-001202,Asset_1202,Server,HR,0,2,2,2,2651151.607412178,142260.59393853534,1,0
AST-001203,Asset_1203,Server,Sales,0,1,1,2,1397437.338023174,146273.65016445977,4,0
AST-001204,Asset_1204,Database,Marketing,0,4,3,3,2028848.3731223652,264986.4568737549,1,0
AST-001205,Asset_1205,Workstation,Engineering,1,1,4,3,799332.4647059932,299543.0619538901,14,3
AST-001206,Asset_1206,Workstation,HR,1,2,1,1,3849358.0328162825,60179.61638773128,16,2
AST-001207,Asset_1207,Workstation,Finance,0,1,4,2,1262965.7574182102,107194.50719650778,1,2
AST-001208,Asset_1208,Workstation,Engineering,0,2,4,3,3110926.6058534146,192184.47233819214,1,0
AST-001209,Asset_1209,Server,Engineering,0,4,2,3,3849120.3931780844,207842.955953836,0,1
AST-001210,Asset_1210,Cloud_Storage,Operations,1,1,3,2,1378057.9895277964,148337.1604496884,14,5
AST-001211,Asset_1211,Workstation,Marketing,1,3,2,2,3104102.744649826,70619.70111904835,15,5
AST-001212,Asset_1212,Workstation,Operations,0,4,2,2,3781753.2727217516,107665.83004595767,4,0
AST-001213,Asset_1213,Server,Engineering,0,1,1,2,1117096.9708606019,86765.70432643295,1,0
AST-001214,Asset_1214,Workstation,Engineering,1,3,1,2,3569225.6812185254,26979.190896688655,19,5
AST-001215,Asset_1215,Workstation,Marketing,1,1,3,2,996721.8307587451,129714.21855761006,20,2
AST-001216,Asset_1216,Server,Marketing,0,1,1,1,886984.4157041123,88733.30703156731,2,0
AST-001217,Asset_1217,Server,Sales,0,2,2,2,2871461.1303553474,185865.08636881688,2,0
AST-001218,Asset_1218,Workstation,HR,0,3,4,4,3213296.1446303227,226272.5150143092,4,3
AST-001219,Asset_1219,Workstation,HR,0,1,1,1,802739.0458707362,78929.61191678669,2,0
AST-001220,Asset_1220,Server,Sales,0,1,1,1,1637551.562087802,74117.14663709093,1,0
AST-001221,Asset_1221,Cloud_Storage,HR,0,4,2,3,6342449.48597412,91802.45367471591,2,0
AST-001222,Asset_1222,Server,Engineering,0,3,1,1,5490671.226833814,15661.94892494323,2,0
AST-001223,Asset_1223,Workstation,Sales,0,1,3,2,1332528.5286784312,154614.15288964877,1,0
AST-001224,Asset_1224,Cloud_Storage,Sales,0,2,1,1,1838311.0222352808,35442.49515748417,1,1
AST-001225,Asset_1225,Workstation,HR,0,1,2,1,1795561.518579921,59444.4205318681,2,0
AST-001226,Asset_1226,Workstation,Finance,1,1,1,1,920451.6808740487,57165.79387232225,14,5
AST-001227,Asset_1227,Database,HR,0,2,1,1,2966801.8096457673,83608.65150187198,4,0
AST-001228,Asset_1228,Server,Operations,0,2,1,2,1571179.1080681735,136036.21895979857,2,1
AST-001229,Asset_1229,Cloud_Storage,Finance,0,1,1,1,1443762.0729278186,86243.25819981548,1,0
AST-001230,Asset_1230,Workstation,Sales,1,3,2,3,5283857.352108099,233103.71502599033,17,4
AST-001231,Asset_1231,Network_Device,Finance,1,1,2,1,1309916.1505023725,99984.8186860001,19,5
AST-001232,Asset_1232,Server,Engineering,0,2,1,2,2412662.5339354416,175497.49439191713,1,2
AST-001233,Asset_1233,Server,Marketing,1,1,1,1,1990209.3866823127,28996.894055441477,11,3
AST-001234,Asset_1234,Server,Finance,0,2,2,2,1067356.2736789014,193050.00544579662,0,1
AST-001235,Asset_1235,Workstation,Operations,1,1,3,1,997597.3709370864,40612.087776781846,17,2
AST-001236,Asset_1236,Database,Marketing,0,2,2,1,3755795.0733865234,64705.602130017964,3,1
AST-001237,Asset_1237,Network_Device,Engineering,0,2,1,2,2927928.0555583984,189443.13017957602,1,0
AST-001238,Asset_1238,Workstation,Operations,0,1,4,3,1313145.9131148453,87824.62684689414,0,0
AST-001239,Asset_1239,Cloud_Storage,Marketing,0,1,4,2,1456537.5629770784,174313.81317496646,0,0
AST-001240,Asset_1240,Server,Engineering,0,2,1,1,1965823.4508001315,95783.73445980204,1,1
AST-001241,Asset_1241,Network_Device,Marketing,1,1,2,2,606752.2068860243,173675.02660040953,14,2
AST-001242,Asset_1242,Workstation,Marketing,1,2,2,2,1825443.5055049388,167450.83920783363,13,4
AST-001243,Asset_1243,Workstation,HR,0,2,4,3,2009488.2989585404,101445.87889083044,1,0
AST-001244,Asset_1244,Network_Device,Operations,0,2,2,1,2439595.3904843647,46638.96939087302,1,0
AST-001245,Asset_1245,Workstation,Operations,0,5,5,5,5454223.857328499,392150.3151767372,3,0
AST-001246,Asset_1246,Workstation,Finance,0,2,1,1,2563006.6717087515,20634.88779746733,0,0
AST-001247,Asset_1247,Server,Operations,0,3,1,1,2382366.22455228,89953.5278179897,1,1
AST-001248,Asset_1248,Server,Operations,0,3,3,3,2328218.079079116,86769.38113962796,1,2
AST-001249,Asset_1249,Cloud_Storage,Marketing,1,4,3,3,4110274.865863275,182497.80374951026,18,3
AST-001250,Asset_1250,Workstation,Sales,0,1,3,2,1210572.712366208,38910.711125904345,1,1
AST-001251,Asset_1251,Workstation,HR,0,3,4,4,3037778.666693974,106668.38079398593,2,1
AST-001252,Asset_1252,Workstation,Finance,0,4,3,3,5459373.394316728,188085.01663081167,1,0
AST-001253,Asset_1253,Server,HR,0,1,2,2,965009.1703844676,134235.589066451,2,0
AST-001254,Asset_1254,Server,Finance,0,1,2,1,765753.4916578175,34277.63670378098,6,1
AST-001255,Asset_1255,Workstation,Engineering,1,5,2,3,8971210.82506383,62156.27503166495,18,6
AST-001256,Asset_1256,Workstation,Marketing,0,2,2,2,1601806.2957281908,118920.06716076721,2,1
AST-001257,Asset_1257,Server,Operations,0,1,2,3,1949962.084712883,256972.21665374265,3,1
AST-001258,Asset_1258,Workstation,Operations,1,3,2,4,5943318.334130045,112520.41296407649,10,4
AST-001259,Asset_1259,Server,Sales,0,1,1,1,1545205.693279867,72240.87786860375,3,0
AST-001260,Asset_1260,Workstation,HR,1,1,1,1,1253001.4912067559,44729.296288008816,14,3
AST-001261,Asset_1261,Server,HR,0,2,4,3,3386256.4938118854,284633.7770720043,1,1
AST-001262,Asset_1262,Workstation,HR,0,2,1,1,3619608.147184467,17431.58335269258,1,0
AST-001263,Asset_1263,Database,Operations,1,3,1,1,4693163.087400723,13597.151894960463,15,2
AST-001264,Asset_1264,Workstation,HR,1,2,2,2,1306134.2663099552,42375.48714403351,14,1
AST-001265,Asset_1265,Server,Marketing,0,3,1,3,1513445.4124110395,241260.10683959507,1,1
AST-001266,Asset_1266,Server,Finance,0,1,2,1,787851.9836158273,93049.27595446038,3,1
AST-001267,Asset_1267,Database,Operations,1,2,1,3,1565595.6868156474,252068.69421196525,12,4
AST-001268,Asset_1268,Workstation,Marketing,0,1,1,2,773776.2449599293,149209.76196773915,5,0
AST-001269,Asset_1269,Workstation,Engineering,0,1,3,2,1264658.478094595,30365.238453374244,2,1
AST-001270,Asset_1270,Server,Marketing,1,4,3,3,5120506.781873975,87729.12945519797,13,3
AST-001271,Asset_1271,Workstation,Marketing,0,1,1,1,1584533.0700630082,94184.11563358689,5,1
AST-001272,Asset_1272,Network_Device,Engineering,1,3,2,3,2406605.158365949,198154.12629823483,13,2
AST-001273,Asset_1273,Workstation,Marketing,1,1,2,2,638989.937367507,104298.3573426505,16,6
AST-001274,Asset_1274,Server,Finance,0,1,3,2,1499136.976563579,137416.17925012013,0,0
AST-001275,Asset_1275,Workstation,Operations,1,1,2,1,1225995.5344038447,26073.43840316349,13,5
AST-001276,Asset_1276,Server,Sales,0,3,1,1,4498442.925196517,90358.20659398596,1,1
AST-001277,Asset_1277,Server,Engineering,0,1,2,1,1071110.3671197244,69067.32653953476,2,1
AST-001278,Asset_1278,Cloud_Storage,Operations,0,2,1,1,3252386.603345863,52412.00272562286,2,0
AST-001279,Asset_1279,Server,HR,1,2,1,2,3047802.3328071088,102327.60624172153,17,1
AST-001280,Asset_1280,Workstation,Finance,1,1,2,1,1475512.782969823,84013.97830636184,14,5
AST-001281,Asset_1281,Workstation,Sales,0,2,3,1,1082707.8499638536,37708.168576399876,0,0
AST-001282,Asset_1282,Workstation,Finance,0,2,2,2,3574372.4761138675,44683.72422336119,0,0
AST-001283,Asset_1283,Workstation,Finance,1,4,1,2,4259642.140692291,53420.517985189435,11,2
AST-001284,Asset_1284,Server,HR,0,1,3,2,703423.3134037834,34604.47872571013,4,1
AST-001285,Asset_1285,Database,Sales,0,1,4,1,1633382.7832078615,55707.663429322776,2,2
AST-001286,Asset_1286,Workstation,Finance,0,1,2,1,1229712.38217773,70953.23736960554,2,0
AST-001287,Asset_1287,Server,HR,1,2,1,2,1096016.1450617143,188117.3362221213,16,2
AST-001288,Asset_1288,Database,Engineering,1,2,2,2,3345614.4092471213,155146.69532183488,18,3
AST-001289,Asset_1289,Server,HR,1,4,1,2,4610224.778312894,124959.92863590413,16,6
AST-001290,Asset_1290,Server,Marketing,0,4,2,3,6529555.617487179,263267.56257636927,2,0
AST-001291,Asset_1291,Database,Operations,1,1,3,2,1633386.5291342176,180598.35083618568,19,4
AST-001292,Asset_1292,Server,HR,0,2,1,1,1299808.6312893026,74114.70773491898,2,1
AST-001293,Asset_1293,Workstation,HR,1,3,1,1,4259516.204255115,15065.61347982415,10,2
AST-001294,Asset_1294,Workstation,HR,0,4,1,3,4160822.386592123,108775.82474620308,0,0
AST-001295,Asset_1295,Network_Device,Finance,0,1,2,2,1319602.841008495,80513.47250637,2,0
AST-001296,Asset_1296,Server,Sales,0,2,1,1,1265640.9372155305,99764.32723577888,3,0
AST-001297,Asset_1297,Server,HR,0,4,2,3,5529101.354940313,155323.8955923821,3,0
AST-001298,Asset_1298,Server,HR,1,1,1,1,1666310.0344606668,78569.6721380357,10,1
AST-001299,Asset_1299,Workstation,Marketing,1,2,1,1,3960441.41213548,83241.75465315404,15,2
AST-001300,Asset_1300,Workstation,Marketing,0,4,2,3,3921677.299014192,206380.23212390573,1,1
AST-001301,Asset_1301,Server,Engineering,1,3,2,2,2198061.378866316,23289.763545435842,11,3
AST-001302,Asset_1302,Cloud_Storage,Engineering,0,1,2,1,1048851.8042378202,11741.453549585833,3,1
AST-001303,Asset_1303,Server,Marketing,1,1,1,2,528953.7267107989,167380.024987116,23,3
AST-001304,Asset_1304,Workstation,Sales,1,1,1,1,1113159.9831976183,76531.59760882313,22,1
AST-001305,Asset_1305,Workstation,Engineering,1,4,3,4,7487536.909532242,233001.9503177522,21,2
AST-001306,Asset_1306,Network_Device,Operations,0,5,3,3,3957633.205933702,97193.7434482106,4,0
AST-001307,Asset_1307,Workstation,Operations,0,3,3,3,3649738.417903177,53412.698881258686,4,1
AST-001308,Asset_1308,Network_Device,Sales,1,2,1,1,2717851.160733599,24784.152998327827,16,0
AST-001309,Asset_1309,Database,Marketing,0,1,1,1,769860.6798278533,62229.13969645318,0,0
AST-001310,Asset_1310,Network_Device,Engineering,1,2,2,2,1990316.5711019705,118248.79446394535,23,5
AST-001311,Asset_1311,Server,HR,1,1,4,3,1867036.3362379973,284142.0705946027,19,3
AST-001312,Asset_1312,Network_Device,Marketing,0,2,4,3,1887186.2150362693,288464.71388034325,5,0
AST-001313,Asset_1313,Workstation,Engineering,1,2,3,3,2906089.056948873,185521.84853446198,16,5
AST-001314,Asset_1314,Network_Device,Sales,1,2,1,1,1410855.7561499448,85728.93401849736,7,0
AST-001315,Asset_1315,Workstation,Operations,0,4,3,4,6019200.676055623,332409.82579998946,2,0
AST-001316,Asset_1316,Workstation,Sales,0,1,4,2,918716.6149436901,155427.78204821618,1,1
AST-001317,Asset_1317,Workstation,Engineering,1,3,1,2,2540682.5177959627,98720.84277786,18,1
AST-001318,Asset_1318,Workstation,Sales,0,2,2,2,1372495.5451545918,90093.13639631592,5,1
AST-001319,Asset_1319,Server,Engineering,0,3,2,3,1710709.7327302715,101316.17296872291,0,1
AST-001320,Asset_1320,Server,Engineering,1,2,1,2,3903579.134288688,188677.10154332023,13,5
AST-001321,Asset_1321,Server,Sales,0,1,2,2,1120857.0741533875,170196.5629847549,2,0
AST-001322,Asset_1322,Server,Finance,1,1,4,2,1666423.2534391654,51880.839576795544,10,3
AST-001323,Asset_1323,Network_Device,HR,0,1,4,2,1880133.9497783477,65443.35636995243,2,0
AST-001324,Asset_1324,Server,Marketing,0,1,4,3,806030.654416695,186958.4522902674,2,1
AST-001325,Asset_1325,Cloud_Storage,Operations,1,3,2,2,5414318.682500167,94447.95923799329,13,2
AST-001326,Asset_1326,Database,HR,0,1,2,1,1562036.8218174733,29250.78812290332,3,0
AST-001327,Asset_1327,Server,Marketing,1,2,2,2,2733931.1679270985,162408.1793108323,16,5
AST-001328,Asset_1328,Workstation,Marketing,1,1,2,1,1713616.712532618,10139.781585201801,11,4
AST-001329,Asset_1329,Workstation,Operations,1,2,1,1,1331993.7385425519,40894.888012413736,10,1
AST-001330,Asset_1330,Workstation,HR,0,3,3,3,2686201.513185433,280924.47639282455,4,0
AST-001331,Asset_1331,Workstation,Operations,0,1,1,1,696576.3105155734,78469.11983318628,1,0
AST-001332,Asset_1332,Workstation,Engineering,1,2,1,1,3687911.7105821553,46115.64802257471,10,1
AST-001333,Asset_1333,Server,Operations,0,3,1,3,1944589.468919127,280756.67301723466,0,0
AST-001334,Asset_1334,Cloud_Storage,Sales,0,1,4,3,1969925.6322822557,273216.86554758926,1,1
AST-001335,Asset_1335,Cloud_Storage,Finance,0,3,1,2,1994510.4661418747,29465.070304402754,2,0
AST-001336,Asset_1336,Workstation,Finance,0,1,2,2,1492729.5179752598,43029.397511705436,2,2
AST-001337,Asset_1337,Server,Finance,1,1,5,3,1490741.0729526654,134552.18043428825,13,0
AST-001338,Asset_1338,Workstation,HR,1,2,2,2,3793738.5329131205,187291.57728028763,14,2
AST-001339,Asset_1339,Server,HR,1,1,1,1,984698.7645493017,85978.46527898354,21,6
AST-001340,Asset_1340,Server,Engineering,0,3,2,3,2994053.594743152,42895.66283424951,0,0
AST-001341,Asset_1341,Server,Finance,1,1,1,2,1769439.9594976406,112219.56879396686,11,2
AST-001342,Asset_1342,Workstation,Engineering,0,1,1,1,1967863.329106695,74822.79658718363,0,0
AST-001343,Asset_1343,Network_Device,Finance,0,2,4,4,1090416.3361928603,139332.16701174172,1,0
AST-001344,Asset_1344,Workstation,HR,0,2,1,1,2905950.762291913,75027.20498093223,1,0
AST-001345,Asset_1345,Workstation,Sales,1,3,2,2,2596378.426737806,86550.58790994024,20,5
AST-001346,Asset_1346,Workstation,Sales,1,1,2,1,1591943.4321426565,34665.08506126443,17,5
AST-001347,Asset_1347,Database,Sales,1,3,1,2,4977235.541422338,90661.66886553323,11,1
AST-001348,Asset_1348,Database,Operations,1,5,2,4,8218941.677056131,382288.3601023374,14,1
AST-001349,Asset_1349,Cloud_Storage,Sales,1,2,1,1,2306533.528966538,91476.49383389026,17,3
AST-001350,Asset_1350,Server,Marketing,0,3,1,2,2210106.2388375322,184511.23157272406,1,1
AST-001351,Asset_1351,Network_Device,Finance,1,2,2,2,2754293.8928531744,185128.23952234315,19,2
AST-001352,Asset_1352,Workstation,Sales,0,1,1,1,1683557.1096075668,26044.668201451062,2,2
AST-001353,Asset_1353,Workstation,Marketing,0,1,2,1,1868292.4986745175,90645.5259150031,0,1
AST-001354,Asset_1354,Workstation,Marketing,0,1,1,1,1178966.4856689193,29104.879218730035,3,0
AST-001355,Asset_1355,Workstation,Marketing,0,5,2,4,4342565.478455638,341728.822383329,1,0
AST-001356,Asset_1356,Network_Device,Engineering,0,1,3,2,678233.7096817993,117541.799477573,0,0
AST-001357,Asset_1357,Cloud_Storage,Engineering,0,2,2,2,3392803.323308256,63193.20995844824,2,0
AST-001358,Asset_1358,Workstation,Marketing,0,1,4,2,1302946.0507006412,91733.67433868434,0,0
AST-001359,Asset_1359,Server,Operations,1,2,2,1,3022552.277440645,49004.03650921127,21,1
AST-001360,Asset_1360,Workstation,Sales,1,1,5,3,738860.6009718496,227956.23784692254,14,5
AST-001361,Asset_1361,Cloud_Storage,Finance,0,3,1,2,1529604.677424796,129083.86487860313,3,0
AST-001362,Asset_1362,Server,Operations,0,1,4,3,1951372.4103236173,250531.18288023386,2,0
AST-001363,Asset_1363,Workstation,HR,0,4,2,3,6865329.151862512,137137.34659731115,1,0
AST-001364,Asset_1364,Workstation,Engineering,0,3,3,3,3300118.842701286,230769.44463509764,0,1
AST-001365,Asset_1365,Workstation,Sales,0,2,4,4,2371443.354838897,325409.62030615803,4,3
AST-001366,Asset_1366,Server,Sales,1,1,2,1,1893598.0399909364,15682.985499900318,16,2
AST-001367,Asset_1367,Workstation,HR,0,1,4,3,811475.425624253,131422.30484384677,3,0
AST-001368,Asset_1368,Cloud_Storage,HR,0,4,2,3,6816972.112856255,269217.16297532525,3,0
AST-001369,Asset_1369,Server,Sales,0,1,2,1,526894.2921075623,73447.83265811074,3,1
AST-001370,Asset_1370,Server,HR,0,1,2,1,1813569.1795913936,47660.17126781603,2,0
AST-001371,Asset_1371,Cloud_Storage,Sales,0,2,1,1,2767852.0191790867,26467.682726968185,4,1
AST-001372,Asset_1372,Server,Operations,0,1,2,1,1216366.9390915066,18694.975324484618,4,1
AST-001373,Asset_1373,Network_Device,HR,1,1,5,4,1559686.553264623,122566.29123393,16,4
AST-001374,Asset_1374,Workstation,Operations,0,2,3,2,1202953.3938418292,64044.639594085886,1,1
AST-001375,Asset_1375,Server,Operations,0,1,3,2,793315.9353240285,86719.15025322119,1,0
AST-001376,Asset_1376,Network_Device,HR,0,1,2,1,1110477.6232069572,25922.947830696234,2,0
AST-001377,Asset_1377,Workstation,Sales,0,2,1,2,2853598.530190395,46288.55612911396,3,1
AST-001378,Asset_1378,Workstation,Marketing,0,1,1,1,716822.4353348789,85960.60806046917,2,0
AST-001379,Asset_1379,Database,Sales,0,3,1,3,3207715.355033205,97375.3253856776,0,1
AST-001380,Asset_1380,Workstation,Finance,0,1,1,1,891339.2369684933,60544.483228614685,4,0
AST-001381,Asset_1381,Server,HR,0,2,2,2,2936708.1016547293,55873.91864623528,1,0
AST-001382,Asset_1382,Database,Engineering,0,2,3,1,3757835.348686144,54257.81555260606,1,1
AST-001383,Asset_1383,Cloud_Storage,HR,0,2,1,1,1497937.3999582236,34904.08121956269,1,1
AST-001384,Asset_1384,Server,Finance,0,1,1,3,783891.7158915431,53435.91309228174,1,0
AST-001385,Asset_1385,Workstation,Operations,0,1,1,1,1400792.7195670654,98395.82466165339,1,1
AST-001386,Asset_1386,Database,Engineering,0,3,1,1,3541031.2894860995,51202.550488245244,1,0
AST-001387,Asset_1387,Workstation,Engineering,0,1,2,1,1577156.9083504525,45374.265845958595,1,1
AST-001388,Asset_1388,Server,Sales,0,2,1,2,1863655.9815196586,55841.98347743196,1,0
AST-001389,Asset_1389,Cloud_Storage,Marketing,0,4,1,2,5268917.697242729,109165.85847048211,1,0
AST-001390,Asset_1390,Workstation,Sales,0,2,4,2,2160484.448730481,134339.41738363885,2,1
AST-001391,Asset_1391,Server,Engineering,0,1,1,2,921896.2282332919,74837.01406137476,0,0
AST-001392,Asset_1392,Server,Engineering,0,1,3,2,1593944.6172646945,106475.31207409853,0,0
AST-001393,Asset_1393,Server,Marketing,1,4,2,4,6775362.491555448,125349.17620493683,16,2
AST-001394,Asset_1394,Workstation,HR,1,2,1,1,1986854.364458616,57494.17735512126,20,3
AST-001395,Asset_1395,Database,Marketing,1,2,3,3,2868915.513180082,242547.90964149756,17,3
AST-001396,Asset_1396,Network_Device,Operations,1,2,2,2,1535774.1696379134,30838.420310707737,19,3
AST-001397,Asset_1397,Workstation,Sales,1,3,1,2,5059355.47255572,113211.01416174161,14,4
AST-001398,Asset_1398,Server,HR,1,3,1,1,2765628.3979849154,45942.67740805565,22,0
AST-001399,Asset_1399,Workstation,Sales,0,1,3,2,756432.1184339441,33327.44147509586,1,0
AST-001400,Asset_1400,Workstation,Marketing,0,2,2,2,3819884.18699904,189291.6316838723,2,0
AST-001401,Asset_1401,Server,HR,0,2,2,2,2267452.8428490898,66771.73719753583,3,0
AST-001402,Asset_1402,Server,Marketing,0,1,1,1,1465249.87002415,60815.03814863403,4,1
AST-001403,Asset_1403,Server,Operations,1,3,1,2,5141460.118092727,87071.64519416464,22,4
AST-001404,Asset_1404,Workstation,Finance,0,1,3,2,1529213.4758051494,68803.88726460203,2,0
AST-001405,Asset_1405,Workstation,Engineering,1,2,3,2,2693980.162066217,114892.51711199938,23,2
AST-001406,Asset_1406,Workstation,HR,0,1,2,2,1057420.188647639,144025.147363425,3,0
AST-001407,Asset_1407,Network_Device,Engineering,0,1,1,1,1877784.5547588025,80698.1680777763,3,0
AST-001408,Asset_1408,Network_Device,Finance,0,2,4,3,1400626.0236127577,201159.60826191277,0,1
AST-001409,Asset_1409,Workstation,HR,0,5,2,3,9129397.906546075,172099.9172536874,1,0
AST-001410,Asset_1410,Network_Device,Engineering,0,2,3,2,3129546.4907703702,159907.09691271358,0,0
AST-001411,Asset_1411,Server,Engineering,1,1,1,1,1357116.0144116809,56571.030980779346,14,2
AST-001412,Asset_1412,Server,HR,1,2,2,2,1974243.284454417,195360.8306417067,11,2
AST-001413,Asset_1413,Server,Engineering,1,1,4,3,719066.2336214387,172219.99015073158,13,4
AST-001414,Asset_1414,Server,Engineering,0,1,1,1,1164740.8331801086,38552.24301020935,2,0
AST-001415,Asset_1415,Workstation,HR,1,1,3,2,1675639.2808858184,100345.15823611541,14,4
AST-001416,Asset_1416,Cloud_Storage,Engineering,0,1,2,2,1617964.5876222576,108198.2140920419,5,0
AST-001417,Asset_1417,Server,Engineering,0,2,1,1,2936326.608028763,35513.74789338479,2,0
AST-001418,Asset_1418,Server,Sales,1,2,3,2,3977499.015953091,48573.70854846088,15,4
AST-001419,Asset_1419,Workstation,Operations,0,1,1,1,1958952.1559846061,48824.50727760271,3,0
AST-001420,Asset_1420,Cloud_Storage,Sales,0,3,3,3,3300021.934902556,272198.86130219704,1,1
AST-001421,Asset_1421,Database,Finance,0,1,5,3,788801.5139969185,98993.4165654224,0,0
AST-001422,Asset_1422,Workstation,Sales,1,4,5,5,4783029.618929211,212818.39920827697,21,6
AST-001423,Asset_1423,Server,Sales,0,2,3,3,3533729.828537929,234585.21410532785,3,1
AST-001424,Asset_1424,Server,Finance,0,1,2,1,1187844.6315510962,17404.596292643924,4,0
AST-001425,Asset_1425,Cloud_Storage,Engineering,0,5,2,4,5019864.737899046,337025.39835933497,4,0
AST-001426,Asset_1426,Cloud_Storage,Engineering,1,1,3,3,1611847.2509095417,224475.28097236317,19,5
AST-001427,Asset_1427,Server,Sales,1,2,1,1,2950412.2354056537,59478.77266806878,15,4
AST-001428,Asset_1428,Cloud_Storage,Finance,0,1,1,1,1953046.5051136645,28853.09148904272,1,1
AST-001429,Asset_1429,Workstation,Engineering,0,3,2,3,3971669.9160028403,55023.211515035655,3,2
AST-001430,Asset_1430,Network_Device,Marketing,0,2,1,1,3902416.5732000372,30854.71977975139,1,0
AST-001431,Asset_1431,Workstation,HR,0,1,4,2,936404.4669862976,157069.14307547733,1,1
AST-001432,Asset_1432,Workstation,HR,1,1,2,2,1797236.2404907786,188029.0314253967,14,4
AST-001433,Asset_1433,Workstation,Operations,0,3,1,3,3079163.1775084836,229229.81179723662,2,0
AST-001434,Asset_1434,Workstation,HR,0,1,1,1,1714513.6135874577,57485.53195550693,1,1
AST-001435,Asset_1435,Server,Sales,1,1,4,3,1888979.2767330364,286684.3390810789,13,4
AST-001436,Asset_1436,Server,HR,0,2,4,2,2869573.253639115,169142.12108711395,1,1
AST-001437,Asset_1437,Database,HR,1,3,1,2,4778470.894702464,138050.7177575831,8,3
AST-001438,Asset_1438,Workstation,Marketing,1,1,3,3,1937959.5472459013,40234.26824841529,18,3
AST-001439,Asset_1439,Server,Engineering,1,1,2,1,1062734.6940921673,35896.01573096623,13,3
AST-001440,Asset_1440,Workstation,Marketing,0,3,2,2,3802126.765151552,75477.81644570161,2,0
AST-001441,Asset_1441,Cloud_Storage,Sales,0,1,3,2,1847437.8811477781,82504.14730322998,1,0
AST-001442,Asset_1442,Server,HR,1,2,1,2,3018447.6910272585,90089.41827839965,16,2
AST-001443,Asset_1443,Workstation,Engineering,0,5,2,3,9051933.28527498,283629.70347094815,2,0
AST-001444,Asset_1444,Workstation,Operations,0,3,1,2,4282145.276682133,153537.03345788494,5,0
AST-001445,Asset_1445,Network_Device,Operations,0,1,1,1,1609598.12333224,72274.14883514475,2,2
AST-001446,Asset_1446,Server,HR,0,1,1,1,519593.64965621487,48386.34629305614,3,1
AST-001447,Asset_1447,Workstation,HR,1,1,1,1,1009509.694718393,40379.464747130245,13,0
AST-001448,Asset_1448,Network_Device,Operations,0,4,2,3,6622524.42216982,62286.11150932839,2,0
AST-001449,Asset_1449,Cloud_Storage,Operations,0,5,1,4,5530059.627760157,203258.3704945297,0,1
AST-001450,Asset_1450,Workstation,Sales,1,1,2,1,1044270.089833933,28480.81379281048,10,2
AST-001451,Asset_1451,Workstation,HR,1,2,2,2,3854656.707349902,90381.8726737417,17,3
AST-001452,Asset_1452,Workstation,Operations,0,3,4,3,3986468.2133751884,72225.64034249345,1,1
AST-001453,Asset_1453,Network_Device,Finance,0,1,2,1,788738.1275545798,40959.63191921619,3,1
AST-001454,Asset_1454,Workstation,Operations,0,1,5,3,1208340.033305856,41604.429879466414,2,0
AST-001455,Asset_1455,Server,Engineering,0,1,1,1,1278006.9155823847,10542.088085994292,4,0
AST-001456,Asset_1456,Cloud_Storage,Engineering,1,2,3,3,3966194.902172896,264875.4901779769,16,2
AST-001457,Asset_1457,Workstation,Finance,0,4,1,3,6309317.233899273,203141.30886077447,0,1
AST-001458,Asset_1458,Workstation,Sales,0,4,3,3,5116412.783465774,188669.99661587802,1,0
AST-001459,Asset_1459,Server,HR,0,1,1,1,1147986.1415108223,56241.4614695171,1,2
AST-001460,Asset_1460,Workstation,HR,0,1,2,2,1873242.4330969162,150811.25191334594,1,0
AST-001461,Asset_1461,Database,Operations,0,2,1,2,2937823.2288306057,152509.80890509745,0,0
AST-001462,Asset_1462,Workstation,Engineering,0,3,1,3,3102390.5484385006,282517.8693446433,1,1
AST-001463,Asset_1463,Server,Sales,1,2,3,3,2393891.0854364233,95990.83500023017,22,2
AST-001464,Asset_1464,Workstation,Sales,0,2,4,3,1834374.3500833209,242003.67866444992,1,1
AST-001465,Asset_1465,Cloud_Storage,Sales,1,2,1,2,3881286.0443884074,198408.39324064468,11,4
AST-001466,Asset_1466,Server,Operations,0,1,4,3,1552917.6275280614,37835.9020731102,1,2
AST-001467,Asset_1467,Cloud_Storage,HR,0,2,1,2,2176894.786779847,87317.3766315771,2,0
AST-001468,Asset_1468,Workstation,Sales,0,5,3,4,3874099.0184932845,196972.91233957803,1,1
AST-001469,Asset_1469,Network_Device,Operations,0,1,5,3,765528.6273473713,251894.7295504162,2,0
AST-001470,Asset_1470,Workstation,Operations,0,2,1,1,2433226.6570642972,11236.907382836982,2,0
AST-001471,Asset_1471,Workstation,Finance,0,1,2,1,1201350.5749654316,63875.7578921562,2,1
AST-001472,Asset_1472,Workstation,Marketing,1,2,1,3,2253365.916302344,270996.2787041289,18,4
AST-001473,Asset_1473,Network_Device,Sales,1,2,1,1,3555418.085967377,23286.43526072696,19,5
AST-001474,Asset_1474,Workstation,Marketing,0,2,3,2,3937549.350641132,40803.25103533635,3,0
AST-001475,Asset_1475,Database,HR,0,4,2,4,4128939.0378387957,399923.11793440103,6,0
AST-001476,Asset_1476,Workstation,Operations,1,1,5,3,941915.95122731,253008.91236872718,19,1
AST-001477,Asset_1477,Network_Device,Sales,0,2,1,1,3310332.346305629,72767.66638726936,3,0
AST-001478,Asset_1478,Workstation,Engineering,1,1,2,1,1174689.4168858656,45908.31093359071,21,3
AST-001479,Asset_1479,Workstation,HR,1,3,2,3,2479058.667785569,260570.00302559862,8,4
AST-001480,Asset_1480,Workstation,Finance,0,1,4,3,771408.8935825087,279148.71149607294,1,0
AST-001481,Asset_1481,Network_Device,Finance,0,3,1,2,2762554.912760283,151833.5386517718,4,0
AST-001482,Asset_1482,Server,Marketing,0,1,5,3,501985.4430079174,137485.59053155276,0,1
AST-001483,Asset_1483,Workstation,Operations,1,1,2,2,1912144.9078721888,125036.67941033845,10,3
AST-001484,Asset_1484,Server,Marketing,0,1,2,1,1145373.3148315344,18866.553667578082,3,0
AST-001485,Asset_1485,Database,Engineering,1,5,1,3,3121353.7901306776,72665.52827905862,11,5
AST-001486,Asset_1486,Database,Engineering,0,1,4,3,747435.692516387,241420.082580878,3,1
AST-001487,Asset_1487,Database,Finance,0,1,2,2,985006.7141124497,25276.784987560168,1,0
AST-001488,Asset_1488,Workstation,Sales,0,1,2,2,1327540.9146960787,28855.27951442924,3,0
AST-001489,Asset_1489,Database,Finance,0,1,2,2,1555574.1190325723,111444.2284854715,2,0
AST-001490,Asset_1490,Workstation,Finance,0,1,1,1,961776.7833122618,25347.634863283674,1,0
AST-001491,Asset_1491,Server,Engineering,0,2,1,2,3872849.4466591673,72866.73397714345,0,1
AST-001492,Asset_1492,Database,Marketing,0,1,3,3,1640467.8542485114,137684.4846925013,0,0
AST-001493,Asset_1493,Server,Engineering,0,2,1,1,3477396.3096704045,57002.98605870134,2,2
AST-001494,Asset_1494,Server,Operations,0,1,3,1,985468.5332525247,35518.12491495682,0,1
AST-001495,Asset_1495,Workstation,Engineering,1,2,2,2,2142883.6176632624,107038.3644366481,17,3
AST-001496,Asset_1496,Workstation,Engineering,0,2,1,1,2614185.353047762,43361.61212396185,0,1
AST-001497,Asset_1497,Workstation,Finance,0,1,2,1,1177545.4426183687,17292.799862021508,3,0
AST-001498,Asset_1498,Workstation,Sales,1,1,2,2,889837.6864626841,176082.92894634613,17,2
AST-001499,Asset_1499,Database,Finance,1,1,3,2,1995906.37633892,70645.86257694519,11,1
AST-001500,Asset_1500,Network_Device,HR,0,1,3,2,1772536.3676102846,129687.18790651548,3,2
AST-001501,Asset_1501,Workstation,Engineering,0,2,1,3,1713962.0333737608,183846.05812340887,3,0
AST-001502,Asset_1502,Workstation,Engineering,1,2,4,3,3677195.6340532303,83775.03123440914,17,2
AST-001503,Asset_1503,Server,HR,1,2,2,2,2760657.8990242262,25392.47067747213,22,6
AST-001504,Asset_1504,Database,Engineering,1,1,4,2,518843.07329403877,174247.65466615712,17,3
AST-001505,Asset_1505,Database,Engineering,0,1,1,1,1019227.0714496714,54792.08699295403,3,0
AST-001506,Asset_1506,Database,Operations,0,1,1,1,538599.139121987,47302.07632774428,3,2
AST-001507,Asset_1507,Workstation,Engineering,0,2,2,2,1263311.5936660266,157323.89270564285,1,0
AST-001508,Asset_1508,Workstation,HR,1,2,1,2,1536931.9193935995,25968.60590911113,17,1
AST-001509,Asset_1509,Workstation,Finance,0,1,5,3,1226597.9654993052,236608.1266039614,3,1
AST-001510,Asset_1510,Workstation,Engineering,0,3,1,2,3215799.183188507,93604.60340727022,4,0
AST-001511,Asset_1511,Network_Device,Sales,1,1,1,1,723494.25787037,59646.13347882997,13,5
AST-001512,Asset_1512,Workstation,HR,0,5,1,2,5459165.68884518,155439.0632983775,3,2
AST-001513,Asset_1513,Cloud_Storage,Marketing,0,1,1,1,956509.2367035833,59212.953282101866,5,0
AST-001514,Asset_1514,Server,Operations,0,3,2,2,3345701.7250861614,31119.000223071984,0,2
AST-001515,Asset_1515,Server,HR,0,1,2,2,758466.329400647,151148.16042134937,3,0
AST-001516,Asset_1516,Server,Finance,0,4,1,3,5658266.230906313,242312.24117913208,1,1
AST-001517,Asset_1517,Workstation,HR,0,1,1,1,566796.8384979273,51570.38422347156,4,0
AST-001518,Asset_1518,Network_Device,Marketing,0,1,1,1,1081815.8177203964,49515.34656854393,2,1
AST-001519,Asset_1519,Server,Operations,0,1,1,1,1842328.5103748022,32673.300367198408,2,0
AST-001520,Asset_1520,Cloud_Storage,Sales,0,5,3,4,5647527.067770776,271898.5926752089,3,1
AST-001521,Asset_1521,Server,Marketing,0,5,3,4,5808099.524440183,357515.8650360866,3,2
AST-001522,Asset_1522,Cloud_Storage,HR,0,1,3,3,602012.9815924284,207111.5600335457,1,0
AST-001523,Asset_1523,Database,Marketing,0,2,5,4,2816092.8846687395,317676.9600434097,4,0
AST-001524,Asset_1524,Server,HR,0,2,4,3,3809208.398714362,256113.02406125894,0,1
AST-001525,Asset_1525,Workstation,Sales,0,1,2,1,937415.5948157653,30352.977393758723,0,0
AST-001526,Asset_1526,Server,Sales,0,1,2,1,1089877.4728980986,46189.39007053805,2,1
AST-001527,Asset_1527,Server,Finance,0,5,4,5,6911185.765204657,246181.82683715952,2,0
AST-001528,Asset_1528,Database,Sales,0,2,2,2,1279633.4804924866,120602.0656785943,2,0
AST-001529,Asset_1529,Network_Device,Engineering,0,1,1,1,1925425.1734256505,14426.390920233782,1,1
AST-001530,Asset_1530,Workstation,Marketing,1,1,2,1,1201395.0106502261,62956.64539203874,10,0
AST-001531,Asset_1531,Database,Marketing,0,1,5,2,672644.4565791689,35933.86700901792,3,2
AST-001532,Asset_1532,Workstation,HR,0,2,3,3,2005681.7720389653,247773.8706457598,2,1
AST-001533,Asset_1533,Workstation,Sales,0,1,1,2,1060746.3773330403,193343.9577910589,1,0
AST-001534,Asset_1534,Server,Finance,1,2,5,4,2036132.5977246128,144313.24212248594,15,2
AST-001535,Asset_1535,Workstation,Finance,0,1,5,4,1539835.4744546688,222381.44493193898,5,0
AST-001536,Asset_1536,Server,Finance,0,1,1,1,1018281.0939750182,84086.87905060916,2,0
AST-001537,Asset_1537,Server,Operations,0,1,4,3,985780.9498211349,114956.58163277178,3,0
AST-001538,Asset_1538,Workstation,Engineering,0,4,4,5,3932531.1415983643,120999.96200696612,5,1
AST-001539,Asset_1539,Server,Sales,1,1,1,1,1666772.7738370388,76515.62713316867,14,5
AST-001540,Asset_1540,Workstation,Finance,0,3,2,2,2887716.8476005327,145705.0918080418,2,0
AST-001541,Asset_1541,Workstation,Engineering,1,1,1,1,520997.13926574256,61295.0914604954,11,1
AST-001542,Asset_1542,Server,Marketing,0,2,2,1,2096605.4115522248,94999.3115890505,2,0
AST-001543,Asset_1543,Workstation,HR,0,1,4,3,917355.7695380584,287883.02193590143,1,2
AST-001544,Asset_1544,Server,Sales,0,2,2,2,3727051.751289005,175078.89746858677,2,1
AST-001545,Asset_1545,Cloud_Storage,Sales,0,3,2,3,3650577.7907562833,109115.42306302024,7,1
AST-001546,Asset_1546,Workstation,Operations,0,1,4,2,851863.0012014265,60565.86753541863,3,0
AST-001547,Asset_1547,Network_Device,Marketing,0,1,5,4,1972375.0168946038,340866.6499457764,0,0
AST-001548,Asset_1548,Workstation,Sales,0,2,1,1,1740232.691216765,68622.48022137812,3,1
AST-001549,Asset_1549,Server,Operations,1,1,4,2,1644536.217618794,91302.68546978412,8,3
AST-001550,Asset_1550,Workstation,Operations,0,2,1,2,2948651.8579910416,93756.16578210538,4,0
AST-001551,Asset_1551,Cloud_Storage,Operations,0,1,1,1,1193342.139161683,86799.89645996624,2,2
AST-001552,Asset_1552,Workstation,Sales,0,2,3,2,2217505.307546941,49384.50738030912,3,0
AST-001553,Asset_1553,Network_Device,Sales,0,2,3,3,3617147.437921569,284872.820644986,2,0
AST-001554,Asset_1554,Network_Device,Sales,0,1,3,2,1212623.582913593,133978.75283209461,3,0
AST-001555,Asset_1555,Server,Engineering,1,2,1,2,2126071.417689777,162444.39200739638,13,4
AST-001556,Asset_1556,Server,Operations,1,2,1,1,2062750.614683473,43377.98989792244,10,5
AST-001557,Asset_1557,Workstation,Engineering,0,1,4,3,913802.0072038507,188462.0172698554,2,0
AST-001558,Asset_1558,Workstation,HR,0,1,1,2,1113448.927406806,154998.2889130496,5,1
AST-001559,Asset_1559,Network_Device,Sales,0,2,1,1,1359753.9631355475,49161.69749870565,4,1
AST-001560,Asset_1560,Cloud_Storage,Marketing,1,1,3,2,597684.5491079306,107828.54148912338,16,2
AST-001561,Asset_1561,Database,Finance,0,5,2,3,6561006.474941291,187161.55379331525,4,0
AST-001562,Asset_1562,Server,HR,0,2,1,1,2362784.5864296937,15706.629183835365,4,2
AST-001563,Asset_1563,Workstation,Finance,1,1,1,1,760088.4198603496,87686.78692221863,8,2
AST-001564,Asset_1564,Server,Finance,1,3,4,4,1980596.441476745,352004.0568709142,18,8
AST-001565,Asset_1565,Network_Device,Sales,0,1,5,4,714900.8526024012,141310.36221051431,1,0
AST-001566,Asset_1566,Workstation,Marketing,1,2,1,1,1945733.4981066138,89184.028309498,14,4
AST-001567,Asset_1567,Workstation,Finance,0,1,2,2,1177227.001251136,154135.06537857515,2,0
AST-001568,Asset_1568,Server,Operations,0,3,1,3,2370075.491878853,160461.68012050865,1,0
AST-001569,Asset_1569,Workstation,Finance,0,3,3,3,4900312.4285281645,123896.28667658365,0,1
AST-001570,Asset_1570,Workstation,HR,1,2,1,1,1579973.137303817,45944.102822808214,12,5
AST-001571,Asset_1571,Workstation,Marketing,0,1,3,2,686189.6749311272,116195.40477762841,0,1
AST-001572,Asset_1572,Server,Marketing,0,1,2,1,1991832.303846002,47126.86317024322,3,1
AST-001573,Asset_1573,Workstation,Finance,1,1,2,1,1171567.3448410837,47821.449169823696,14,2
AST-001574,Asset_1574,Network_Device,Marketing,0,1,4,2,755010.5257405724,56562.20725223841,2,0
AST-001575,Asset_1575,Server,HR,1,1,2,1,1841835.42203549,73703.08046405717,14,2
AST-001576,Asset_1576,Server,HR,0,2,3,3,1693274.8737734985,194589.7246966541,2,1
AST-001577,Asset_1577,Server,HR,0,3,1,2,5665109.799115684,198542.2676638921,1,0
AST-001578,Asset_1578,Workstation,Operations,0,1,1,2,678441.2804691344,45423.95675644463,3,1
AST-001579,Asset_1579,Workstation,Sales,1,1,2,1,1762722.043907649,20236.45138615188,20,4
AST-001580,Asset_1580,Workstation,Finance,0,3,2,4,2329201.9888016935,225735.62768888814,3,1
AST-001581,Asset_1581,Server,Marketing,0,4,2,3,7630025.891451524,71037.50614772,2,1
AST-001582,Asset_1582,Database,HR,0,2,3,3,2722730.9281443055,194867.7107880041,3,0
AST-001583,Asset_1583,Workstation,Finance,1,1,2,1,784870.5436214881,27650.359780210725,19,3
AST-001584,Asset_1584,Workstation,Finance,0,2,4,3,3534460.1628661724,160409.5944251805,2,1
AST-001585,Asset_1585,Cloud_Storage,Sales,0,3,2,3,3257591.9647689033,195054.09145745353,4,1
AST-001586,Asset_1586,Server,Operations,0,1,1,1,1599220.1318932374,51223.67101314312,4,1
AST-001587,Asset_1587,Workstation,Marketing,1,2,1,1,2930322.1646689097,38798.67741374665,11,2
AST-001588,Asset_1588,Workstation,Operations,0,2,4,2,3142883.567310568,160816.8948703028,5,0
AST-001589,Asset_1589,Workstation,Marketing,0,1,1,2,1015572.3417133675,173838.44437865142,0,0
AST-001590,Asset_1590,Workstation,HR,1,3,1,2,5724714.692451605,70048.97016438312,22,4
AST-001591,Asset_1591,Workstation,HR,1,2,1,1,2679439.4389772234,83205.43612034296,10,1
AST-001592,Asset_1592,Cloud_Storage,Finance,0,2,2,2,1232681.8299795485,90494.12357089686,0,0
AST-001593,Asset_1593,Server,Marketing,1,2,2,2,1200202.022080298,107772.25492865444,12,5
AST-001594,Asset_1594,Server,Marketing,0,1,1,2,1607344.4417758004,61714.943810179786,3,0
AST-001595,Asset_1595,Workstation,Operations,0,2,2,1,3549923.308449994,66315.13981854606,3,0
AST-001596,Asset_1596,Workstation,HR,0,3,1,2,4628758.357910278,38166.809019851695,3,0
AST-001597,Asset_1597,Server,Engineering,0,5,3,4,4581229.83606818,252989.50934946624,2,0
AST-001598,Asset_1598,Server,Finance,1,1,3,2,838855.942243628,198149.25473007574,11,3
AST-001599,Asset_1599,Server,Marketing,0,1,2,1,1348154.8842634414,77811.967650036,1,0
AST-001600,Asset_1600,Network_Device,Sales,0,5,2,4,3975846.2352667144,362214.15110839304,3,2
AST-001601,Asset_1601,Server,Sales,0,2,1,1,2137299.2694108943,51777.5986175139,0,0
AST-001602,Asset_1602,Database,Engineering,0,4,3,4,5772147.386870613,91157.92250883929,0,0
AST-001603,Asset_1603,Server,HR,0,1,1,2,927367.0048626922,71923.14088844444,2,0
AST-001604,Asset_1604,Database,HR,0,1,1,2,1063158.3825623472,28825.341359263395,0,1
AST-001605,Asset_1605,Server,HR,0,1,4,3,1040776.8423175765,165488.9625552761,4,0
AST-001606,Asset_1606,Workstation,Operations,1,3,5,4,3572355.8168696025,273880.0738816074,12,4
AST-001607,Asset_1607,Server,Sales,0,4,4,5,6046158.943822829,241017.48769050147,0,2
AST-001608,Asset_1608,Network_Device,HR,0,2,5,3,3347047.5067812493,182065.3227255716,4,0
AST-001609,Asset_1609,Server,Sales,0,1,4,2,1497623.7192207589,77726.40469798533,2,0
AST-001610,Asset_1610,Workstation,Engineering,0,1,3,1,539251.7457462226,17727.228456896253,0,1
AST-001611,Asset_1611,Network_Device,Finance,1,2,1,1,3690519.0854441174,48879.909319796956,9,0
AST-001612,Asset_1612,Workstation,Operations,1,2,5,4,2743566.3566575316,237207.20632997548,15,7
AST-001613,Asset_1613,Workstation,Marketing,0,2,4,2,3760739.4815696105,196874.2627559521,3,0
AST-001614,Asset_1614,Database,Engineering,0,1,1,1,1945808.43713134,41254.60641331566,3,1
AST-001615,Asset_1615,Database,Sales,0,2,2,2,2403540.3477583677,141998.53834585944,1,1
AST-001616,Asset_1616,Workstation,Engineering,0,1,1,1,1874548.4036543863,84036.19970460222,5,1
AST-001617,Asset_1617,Cloud_Storage,Marketing,0,2,5,4,2096156.9173929337,160740.66197525797,2,1
AST-001618,Asset_1618,Workstation,Operations,1,2,2,2,1781134.764346439,187387.62304468834,21,3
AST-001619,Asset_1619,Workstation,Finance,1,4,1,2,2441781.635922262,80989.63169059095,13,2
AST-001620,Asset_1620,Workstation,Marketing,0,2,1,2,2355491.362795365,194564.77575460754,4,1
AST-001621,Asset_1621,Workstation,Operations,1,1,5,3,1533030.9226055695,30582.367825614852,16,1
AST-001622,Asset_1622,Server,Sales,1,1,2,2,1965253.502414252,134151.19820996217,16,3
AST-001623,Asset_1623,Workstation,Marketing,1,4,2,3,5127855.667229444,243280.0868925412,12,5
AST-001624,Asset_1624,Cloud_Storage,Engineering,1,1,2,1,1601712.2477151477,35205.43770624811,10,2
AST-001625,Asset_1625,Server,HR,0,1,1,1,1844220.7288447516,20534.52463332356,2,0
AST-001626,Asset_1626,Workstation,Engineering,0,4,1,2,5259111.808239147,24386.319359160232,4,1
AST-001627,Asset_1627,Server,Sales,1,2,2,3,1500295.8491083407,50089.87281785904,11,4
AST-001628,Asset_1628,Workstation,Finance,1,2,2,2,3544625.2456000033,117746.12769734621,18,3
AST-001629,Asset_1629,Server,Marketing,1,1,1,1,1361260.5593651612,85525.06631910535,16,3
AST-001630,Asset_1630,Workstation,Finance,0,3,2,2,4913300.62274482,31363.55574778795,0,1
AST-001631,Asset_1631,Workstation,Sales,0,1,1,1,1487716.8915194524,20186.234013859183,4,0
AST-001632,Asset_1632,Database,Marketing,0,1,4,2,591556.2592807848,20918.540380536757,4,0
AST-001633,Asset_1633,Workstation,Operations,0,1,1,1,753672.4454448014,35404.96588872204,2,0
AST-001634,Asset_1634,Workstation,Operations,0,1,1,1,929374.6286761647,92912.17474999462,2,0
AST-001635,Asset_1635,Cloud_Storage,Engineering,0,5,1,3,4635308.649824437,104597.75942309058,2,1
AST-001636,Asset_1636,Server,Engineering,0,2,1,2,3517593.115339139,99346.60046182787,3,1
AST-001637,Asset_1637,Database,Sales,0,2,1,2,2794718.0835251166,52212.33123529731,2,1
AST-001638,Asset_1638,Server,Operations,0,5,2,2,3125315.019830954,40931.21655681839,1,0
AST-001639,Asset_1639,Cloud_Storage,Marketing,0,1,3,1,1080797.8605475265,26415.500194718967,2,0
AST-001640,Asset_1640,Cloud_Storage,Operations,0,1,1,2,1334496.028152483,57877.910134593585,2,0
AST-001641,Asset_1641,Workstation,Engineering,0,2,2,1,1754508.4899018104,21725.994320223923,0,0
AST-001642,Asset_1642,Network_Device,Sales,1,2,4,3,1119501.6883739096,243719.31310588363,17,2
AST-001643,Asset_1643,Workstation,Operations,0,2,1,1,2140791.2178315474,52952.10745513564,3,1
AST-001644,Asset_1644,Workstation,Sales,0,1,3,3,1191783.3508654502,175737.7454416021,3,0
AST-001645,Asset_1645,Server,Operations,1,2,1,1,3714294.825746001,43718.55177633017,29,1
AST-001646,Asset_1646,Workstation,Finance,0,1,1,1,1862549.2486003581,28966.855676774467,3,1
AST-001647,Asset_1647,Server,Operations,1,1,2,1,1250603.7085839729,18451.14980880874,23,2
AST-001648,Asset_1648,Network_Device,Engineering,0,1,1,1,1207241.8362731035,16833.31327581298,5,0
AST-001649,Asset_1649,Workstation,Marketing,1,1,4,3,1460753.0898213647,79988.34695133653,14,2
AST-001650,Asset_1650,Workstation,Engineering,0,1,1,1,887186.0996579421,86515.85739687363,3,0
AST-001651,Asset_1651,Server,Engineering,1,1,2,1,928571.2682517564,29489.067062057566,19,2
AST-001652,Asset_1652,Database,Engineering,1,5,2,4,2519183.8927574144,167735.05301237508,10,1
AST-001653,Asset_1653,Server,Sales,0,4,1,4,2469271.2594978726,246190.59175005907,2,2
AST-001654,Asset_1654,Database,HR,0,2,3,3,1535510.8939796826,168081.53835235225,3,0
AST-001655,Asset_1655,Server,HR,0,5,2,3,7304295.533820246,209771.57002750988,2,0
AST-001656,Asset_1656,Cloud_Storage,Finance,0,5,3,4,4094929.4255504236,109953.33863837966,0,2
AST-001657,Asset_1657,Workstation,Engineering,0,1,3,1,686118.5071999496,57164.403583526975,0,0
AST-001658,Asset_1658,Database,HR,1,2,1,1,2848914.171241869,79097.42434962557,11,3
AST-001659,Asset_1659,Database,Finance,0,5,2,4,7388125.1768919695,179502.50371157096,0,1
AST-001660,Asset_1660,Workstation,Sales,0,2,1,2,1179019.3846759407,194940.99170985114,3,0
AST-001661,Asset_1661,Workstation,Engineering,1,1,1,1,1659347.1313992832,62015.448960346104,13,3
AST-001662,Asset_1662,Workstation,Marketing,0,2,1,2,2818471.208778753,141468.78040735685,2,0
AST-001663,Asset_1663,Cloud_Storage,Sales,0,1,5,2,1095598.1653418876,102635.79313789177,1,0
AST-001664,Asset_1664,Workstation,Finance,1,1,2,1,1974773.4377459113,87206.57595574613,14,6
AST-001665,Asset_1665,Cloud_Storage,Sales,1,1,1,1,515299.02930394013,50633.8231597019,16,2
AST-001666,Asset_1666,Network_Device,Marketing,0,1,1,1,1317277.5916809845,94805.22822261581,2,0
AST-001667,Asset_1667,Server,Sales,1,1,1,2,739555.1131018334,75348.29773793527,19,2
AST-001668,Asset_1668,Cloud_Storage,Finance,0,4,1,2,3975996.6094219433,175847.49303537593,5,3
AST-001669,Asset_1669,Server,Marketing,0,1,1,2,699803.4252690175,135083.57126174803,0,0
AST-001670,Asset_1670,Network_Device,Marketing,0,1,1,2,1502321.7674126965,163829.84049301723,5,0
AST-001671,Asset_1671,Database,Sales,0,1,1,1,1102357.3901029609,13393.11561336294,1,0
AST-001672,Asset_1672,Network_Device,Marketing,0,2,2,2,3958898.502020519,69910.33731558544,1,0
AST-001673,Asset_1673,Network_Device,Sales,0,5,4,4,7403853.379756954,344948.3873709747,2,0
AST-001674,Asset_1674,Network_Device,Engineering,1,1,2,1,1876002.2258159975,38650.03240802038,19,2
AST-001675,Asset_1675,Workstation,Marketing,0,1,3,1,861240.7817493042,74138.9818024245,4,0
AST-001676,Asset_1676,Database,Sales,1,2,1,2,1956352.189462461,198593.98662465616,15,0
AST-001677,Asset_1677,Server,Engineering,0,2,3,3,2088046.7184108123,77835.56241054978,1,3
AST-001678,Asset_1678,Workstation,Marketing,1,1,1,1,1757772.5214465477,47579.13464533674,12,2
AST-001679,Asset_1679,Server,Engineering,0,1,3,2,817513.6550044124,49722.80793790669,0,0
AST-001680,Asset_1680,Workstation,Operations,0,2,4,3,3840162.334158833,71657.34271794569,4,1
AST-001681,Asset_1681,Database,Marketing,0,1,3,1,565368.6335168893,66973.85438532324,2,1
AST-001682,Asset_1682,Cloud_Storage,Operations,1,4,3,3,7339148.086230223,81671.52992721928,12,3
AST-001683,Asset_1683,Workstation,Finance,1,1,2,1,1177120.8174212992,53438.85540434385,14,3
AST-001684,Asset_1684,Network_Device,Finance,0,1,1,1,1288847.0511267846,98014.73262597722,3,0
AST-001685,Asset_1685,Server,Sales,0,3,2,3,5988288.491208618,119944.96015046487,2,0
AST-001686,Asset_1686,Network_Device,HR,0,3,2,3,5415215.911477912,265880.05860507494,4,1
AST-001687,Asset_1687,Cloud_Storage,Operations,1,1,1,2,1856032.3862999342,91345.71105525733,15,4
AST-001688,Asset_1688,Workstation,Operations,1,5,2,4,6891512.54794939,134631.36782047903,16,3
AST-001689,Asset_1689,Workstation,Finance,1,2,2,1,3869025.3476497666,40262.65328041687,10,4
AST-001690,Asset_1690,Workstation,Operations,1,1,1,1,1531708.1489555142,21491.782960941193,12,3
AST-001691,Asset_1691,Server,HR,1,2,2,1,3457981.09721764,71108.66403583866,16,3
AST-001692,Asset_1692,Workstation,Engineering,0,1,2,1,1581400.8614475778,55811.795021759215,1,1
AST-001693,Asset_1693,Database,Engineering,1,1,1,1,1671371.6462341466,65244.74168303889,15,3
AST-001694,Asset_1694,Server,HR,1,1,2,2,1456956.4323802073,74556.69999142189,13,3
AST-001695,Asset_1695,Database,Operations,1,2,5,4,3179225.8492422365,275247.38754749286,17,3
AST-001696,Asset_1696,Server,Operations,0,3,4,3,3461723.150210675,74441.69983874483,2,0
AST-001697,Asset_1697,Server,Operations,0,1,2,1,1560301.0901579855,68722.54444010787,1,0
AST-001698,Asset_1698,Server,Sales,0,1,1,2,915215.8286717057,34604.86847316931,2,0
AST-001699,Asset_1699,Cloud_Storage,Marketing,0,2,1,2,2904822.3713194355,92049.16799954188,4,2
AST-001700,Asset_1700,Workstation,HR,0,2,1,1,2571257.2975556105,64877.77438364327,4,0
AST-001701,Asset_1701,Cloud_Storage,HR,0,3,1,3,5543419.277357455,260935.73704448677,3,2
AST-001702,Asset_1702,Workstation,HR,0,1,4,3,1509834.265044496,249352.0570456064,2,0
AST-001703,Asset_1703,Database,HR,0,2,5,3,2789861.6158765145,172276.52079474874,1,0
AST-001704,Asset_1704,Workstation,HR,0,1,3,2,969611.1555801765,179006.72552626577,2,0
AST-001705,Asset_1705,Workstation,Operations,0,3,1,3,5382617.632225982,166593.80061815892,4,0
AST-001706,Asset_1706,Server,Sales,1,1,1,1,581236.5352432217,56545.004405940555,17,2
AST-001707,Asset_1707,Workstation,Finance,1,1,2,2,1849626.547718003,149699.65640192252,8,1
AST-001708,Asset_1708,Server,Operations,0,2,2,2,2958932.7521156957,178000.81809880488,1,0
AST-001709,Asset_1709,Workstation,Operations,1,4,2,3,3136955.5790608292,192733.45399886306,18,2
AST-001710,Asset_1710,Workstation,Marketing,1,2,2,3,3708986.507186436,284931.7740983065,13,7
AST-001711,Asset_1711,Server,Finance,0,5,3,4,4947654.853973515,123730.98377894096,0,0
AST-001712,Asset_1712,Server,HR,0,1,3,2,752408.8948764179,186375.69722583113,4,1
AST-001713,Asset_1713,Workstation,Finance,0,2,2,2,1957438.1848149928,59897.53194341945,4,0
AST-001714,Asset_1714,Workstation,Sales,0,2,3,2,3883216.9851138424,114754.78948609752,2,0
AST-001715,Asset_1715,Server,Engineering,1,2,1,2,3258275.497920181,163285.72332031396,17,4
AST-001716,Asset_1716,Cloud_Storage,Operations,0,3,2,2,5625569.094770425,164285.15011342542,1,0
AST-001717,Asset_1717,Server,Finance,0,3,1,3,2844924.1358035184,105103.00078575539,3,0
AST-001718,Asset_1718,Workstation,Marketing,1,2,1,1,1247317.837483176,98730.56982669773,13,4
AST-001719,Asset_1719,Cloud_Storage,Sales,0,2,1,2,2688265.680819886,34508.61598150726,2,1
AST-001720,Asset_1720,Server,Engineering,1,4,1,2,4898004.639830766,26260.89447180343,9,2
AST-001721,Asset_1721,Server,Sales,0,1,5,2,1580907.1757357435,171475.3026278721,1,2
AST-001722,Asset_1722,Server,HR,0,3,2,3,3942038.312599552,251135.1058553526,2,1
AST-001723,Asset_1723,Database,Engineering,0,4,4,4,4378800.652858826,296614.2807088072,4,0
AST-001724,Asset_1724,Server,Marketing,0,2,1,2,1014057.562235336,173139.3243406869,0,0
AST-001725,Asset_1725,Workstation,Engineering,0,3,1,2,3604859.5128257344,44760.66612092368,1,0
AST-001726,Asset_1726,Server,Marketing,0,1,2,2,680964.2304918508,37223.75808735667,2,0
AST-001727,Asset_1727,Workstation,HR,0,1,1,1,1883001.654658231,97246.23697998366,5,0
AST-001728,Asset_1728,Cloud_Storage,Marketing,0,2,2,2,3765118.991590713,132362.8387026582,3,2
AST-001729,Asset_1729,Network_Device,Sales,0,1,2,1,1705473.5110661488,92786.20724738191,3,0
AST-001730,Asset_1730,Workstation,Finance,1,2,3,2,1473600.0027302324,183159.78035820165,12,3
AST-001731,Asset_1731,Database,Sales,0,4,2,2,2884632.882424406,137565.17108651,2,0
AST-001732,Asset_1732,Workstation,Operations,0,1,2,1,1344965.350633125,66562.70616366912,2,0
AST-001733,Asset_1733,Workstation,Sales,0,1,1,1,1591192.6536477963,42395.1223576131,0,1
AST-001734,Asset_1734,Workstation,Engineering,0,2,3,2,3713617.8087104447,46839.81007135862,1,0
AST-001735,Asset_1735,Server,HR,0,1,2,2,1841051.5632030326,143588.89148165757,2,0
AST-001736,Asset_1736,Network_Device,Operations,0,2,1,2,1465982.7423302624,167214.90259035135,1,0
AST-001737,Asset_1737,Workstation,Operations,1,2,1,2,3986421.8502286626,118032.27500675066,15,3
AST-001738,Asset_1738,Server,Operations,0,1,2,1,735196.2223658457,14578.222610381225,4,2
AST-001739,Asset_1739,Database,Finance,0,1,4,2,1760177.3757332058,46085.18702487847,1,0
AST-001740,Asset_1740,Workstation,Marketing,0,4,1,3,5521673.336620407,57529.29137210635,0,0
AST-001741,Asset_1741,Network_Device,Engineering,1,1,3,2,1517429.7113610737,138409.6967532206,16,4
AST-001742,Asset_1742,Workstation,HR,0,2,2,2,2811915.331457548,121662.03568463623,4,0
AST-001743,Asset_1743,Workstation,Finance,0,5,2,3,9022615.318004664,155955.07936479378,0,2
AST-001744,Asset_1744,Server,Sales,0,3,5,4,4366939.570746266,235627.0801243473,1,1
AST-001745,Asset_1745,Workstation,HR,0,1,2,2,1772995.732221049,69671.87162376643,2,0
AST-001746,Asset_1746,Workstation,Operations,0,2,3,2,1463103.9362151278,164850.89087389884,2,0
AST-001747,Asset_1747,Server,HR,1,3,2,3,5400180.288358193,118707.21787057654,16,4
AST-001748,Asset_1748,Server,HR,0,2,1,2,3978859.9612658806,135974.2148995209,2,2
AST-001749,Asset_1749,Workstation,Sales,0,3,2,2,4476780.577476062,90357.36439375594,3,0
AST-001750,Asset_1750,Server,Marketing,1,2,4,3,3929083.312898334,49484.96174270883,12,3
AST-001751,Asset_1751,Workstation,Engineering,0,1,3,1,829825.3078440031,33125.62819790763,1,0
AST-001752,Asset_1752,Server,Operations,0,2,1,2,3487849.361039341,193717.6989311843,1,0
AST-001753,Asset_1753,Server,Marketing,0,2,1,1,1507140.9501093796,27148.340839734137,2,1
AST-001754,Asset_1754,Server,Finance,0,2,2,2,2547828.2900447436,38887.16484099932,0,1
AST-001755,Asset_1755,Cloud_Storage,Operations,0,1,2,2,1496052.4872021107,72407.39460085703,2,0
AST-001756,Asset_1756,Network_Device,Engineering,0,1,1,1,1490393.377840323,89013.33171681904,1,0
AST-001757,Asset_1757,Cloud_Storage,Finance,1,5,1,3,7531457.063890459,112627.13456811692,19,4
AST-001758,Asset_1758,Workstation,Sales,1,1,3,2,981387.0395367821,95128.4251332584,15,4
AST-001759,Asset_1759,Server,Marketing,1,1,3,3,1960581.645512128,113720.76875163926,15,4
AST-001760,Asset_1760,Workstation,Operations,0,3,3,4,1529488.4729710142,396030.4825736848,2,0
AST-001761,Asset_1761,Workstation,HR,0,2,4,3,2862995.346126221,299966.2767681492,3,1
AST-001762,Asset_1762,Network_Device,Engineering,0,1,1,1,1799164.5791364918,53449.54779252864,2,0
AST-001763,Asset_1763,Server,Operations,0,2,4,3,3673339.6154541858,241902.9415835004,2,0
AST-001764,Asset_1764,Workstation,HR,1,2,2,2,3160616.204202497,59610.77076195082,12,4
AST-001765,Asset_1765,Server,Operations,0,2,5,4,2724436.6135735605,174746.25280989907,0,1
AST-001766,Asset_1766,Database,Finance,1,4,1,3,4744010.334496757,213421.71128575935,12,2
AST-001767,Asset_1767,Workstation,HR,0,1,1,1,1174273.9923729026,35769.55605086709,3,1
AST-001768,Asset_1768,Workstation,HR,0,2,3,3,2275297.3942931946,90668.66057035801,3,0
AST-001769,Asset_1769,Database,Operations,0,1,4,3,1549838.971031703,279004.22813879047,0,0
AST-001770,Asset_1770,Database,Sales,0,1,3,2,1596812.6593289066,63973.65366229722,3,2
AST-001771,Asset_1771,Workstation,Sales,1,3,3,3,3816430.5696535804,46005.01111403592,14,2
AST-001772,Asset_1772,Workstation,Marketing,1,1,1,1,1611217.6476828984,77597.92125773356,14,4
AST-001773,Asset_1773,Network_Device,Finance,0,2,3,2,2585365.545254228,63788.29182718425,0,0
AST-001774,Asset_1774,Cloud_Storage,Sales,0,1,3,1,646027.5545602345,50516.573264083374,2,0
AST-001775,Asset_1775,Workstation,Operations,0,1,3,2,1777422.6041894928,40080.26611386523,1,0
AST-001776,Asset_1776,Database,Sales,0,2,2,2,3611441.3562147724,32332.804113205475,0,2
AST-001777,Asset_1777,Workstation,Marketing,0,2,1,2,1799383.652183792,102880.22091221059,3,0
AST-001778,Asset_1778,Workstation,Engineering,1,1,2,2,1679650.121886674,80675.9015966765,9,0
AST-001779,Asset_1779,Server,Marketing,0,4,2,3,5067025.992427,166599.81127164082,4,0
AST-001780,Asset_1780,Network_Device,HR,0,1,5,3,686040.7701853642,290761.4789202545,2,1
AST-001781,Asset_1781,Server,HR,1,1,2,2,1096998.043605248,93329.8915246299,12,5
AST-001782,Asset_1782,Cloud_Storage,Sales,0,1,2,1,614827.9374151257,64239.13933685753,5,0
AST-001783,Asset_1783,Workstation,Sales,0,1,5,3,1679700.4936684393,56350.753221467734,3,0
AST-001784,Asset_1784,Workstation,Marketing,0,1,1,1,794350.1941601349,89732.58444953586,2,2
AST-001785,Asset_1785,Workstation,Marketing,0,3,1,3,2239763.5550026055,247582.49792998692,2,0
AST-001786,Asset_1786,Network_Device,Operations,0,2,2,3,1625612.8946415295,171049.8915102284,7,1
AST-001787,Asset_1787,Workstation,Finance,0,1,1,1,839196.5191097431,26503.918684896766,2,0
AST-001788,Asset_1788,Workstation,Operations,1,5,1,3,7554641.357774196,145006.47823467784,9,3
AST-001789,Asset_1789,Server,HR,1,1,4,3,1457901.4731642795,110293.67889533496,14,4
AST-001790,Asset_1790,Workstation,Operations,1,1,2,1,694004.9361674027,99506.5079853864,16,4
AST-001791,Asset_1791,Server,Marketing,0,1,1,1,1586628.7791536,54175.44596800795,4,0
AST-001792,Asset_1792,Workstation,Operations,1,1,1,2,1023585.6545636735,96001.95889730041,15,1
AST-001793,Asset_1793,Workstation,Engineering,0,2,1,2,2372418.1921106437,50430.49689979394,3,1
AST-001794,Asset_1794,Workstation,Finance,0,1,2,2,687289.9397292659,63039.61088651464,2,1
AST-001795,Asset_1795,Server,Marketing,0,2,1,1,3125878.1682950067,74042.89427690224,5,0
AST-001796,Asset_1796,Server,Sales,0,2,4,3,2128666.4416140243,174425.51979517538,1,2
AST-001797,Asset_1797,Workstation,Operations,0,3,2,3,4344583.21473389,126668.45443027018,1,0
AST-001798,Asset_1798,Server,Marketing,0,3,1,2,3422494.250968749,73462.46345794268,4,2
AST-001799,Asset_1799,Server,Sales,1,1,1,1,573303.2009821262,28066.622161927706,12,3
AST-001800,Asset_1800,Server,Sales,0,1,2,3,1555234.3487843596,39152.43107121766,4,0
AST-001801,Asset_1801,Cloud_Storage,HR,1,2,1,2,2657524.4807401383,195886.9943493293,13,1
AST-001802,Asset_1802,Workstation,HR,0,1,2,1,1151367.3829859882,77779.93158195668,3,0
AST-001803,Asset_1803,Database,Marketing,0,1,4,3,802327.9860617616,280525.12008077954,1,2
AST-001804,Asset_1804,Server,Marketing,0,2,1,1,2873029.644458348,47129.577975485954,2,1
AST-001805,Asset_1805,Database,Engineering,0,1,1,1,912796.1695911482,88244.44752836808,3,1
AST-001806,Asset_1806,Workstation,Finance,0,3,3,3,3431284.343816683,99187.47891564976,3,0
AST-001807,Asset_1807,Workstation,Finance,0,1,1,1,584727.7206331275,55885.133251680025,2,1
AST-001808,Asset_1808,Server,Marketing,0,5,1,2,8325598.803763198,56446.29917372999,2,2
AST-001809,Asset_1809,Server,HR,0,3,1,3,1905166.8708816762,237991.034640668,1,1
AST-001810,Asset_1810,Server,Operations,1,1,4,2,1836259.4116998191,109568.36124795018,12,4
AST-001811,Asset_1811,Workstation,Engineering,0,2,4,3,3602723.8571436796,174793.6933665911,1,1
AST-001812,Asset_1812,Workstation,Finance,0,2,1,2,3913269.774452686,174701.83334664186,0,1
AST-001813,Asset_1813,Server,Marketing,1,2,2,3,3725323.728414831,229588.70271595215,10,6
AST-001814,Asset_1814,Server,HR,0,2,1,1,3914222.9626490106,96963.93610593872,0,0
AST-001815,Asset_1815,Server,HR,1,2,2,3,3661828.732524131,139440.71977931395,14,5
AST-001816,Asset_1816,Cloud_Storage,HR,1,1,1,1,668762.9075637101,51530.92502240704,14,2
AST-001817,Asset_1817,Server,Operations,1,1,1,2,1156522.794714508,130760.96343676087,12,3
AST-001818,Asset_1818,Workstation,Sales,0,4,3,3,2456938.170867407,152394.36190343025,3,1
AST-001819,Asset_1819,Workstation,Operations,0,1,1,2,1317947.3100190049,95530.76834029291,0,0
AST-001820,Asset_1820,Database,HR,0,1,1,1,1294635.1422187788,40651.45677369556,0,1
AST-001821,Asset_1821,Server,Marketing,0,1,3,1,1883267.5401744393,84869.57973943833,2,0
AST-001822,Asset_1822,Server,Engineering,0,4,3,3,7818168.4706899,174042.1281835287,1,0
AST-001823,Asset_1823,Workstation,Operations,0,2,2,1,1778932.1404754256,64666.28162598107,1,1
AST-001824,Asset_1824,Workstation,Marketing,1,3,4,3,4120407.823929406,85100.39415773723,31,6
AST-001825,Asset_1825,Workstation,HR,0,3,2,2,3589988.05343827,65319.766474007214,0,3
AST-001826,Asset_1826,Workstation,Engineering,1,3,1,2,3960308.2863342874,81162.77751574409,16,1
AST-001827,Asset_1827,Server,Finance,1,2,1,2,2595184.2852669517,103766.41573546962,14,1
AST-001828,Asset_1828,Cloud_Storage,Finance,0,1,1,1,1871186.6138039506,13953.457324987237,1,0
AST-001829,Asset_1829,Workstation,Marketing,0,1,1,1,1844188.6628784542,89955.22254286491,5,0
AST-001830,Asset_1830,Server,Engineering,0,2,2,1,1368210.045811695,91334.10290077317,0,1
AST-001831,Asset_1831,Cloud_Storage,Marketing,1,1,1,1,1017665.2676252921,69551.19280471111,15,4
AST-001832,Asset_1832,Workstation,Engineering,0,2,2,2,3258325.220778367,76889.51014806592,1,0
AST-001833,Asset_1833,Workstation,Engineering,0,2,1,1,3051961.3174901893,44678.64741960339,2,0
AST-001834,Asset_1834,Workstation,Marketing,0,2,1,1,2893577.6668285728,76064.58989839774,2,1
AST-001835,Asset_1835,Network_Device,Engineering,1,1,2,2,1990715.6484447455,71532.38098644922,22,1
AST-001836,Asset_1836,Workstation,Operations,1,1,1,1,1005402.585947423,64802.62203517317,19,4
AST-001837,Asset_1837,Server,HR,0,3,1,2,3818619.1760186674,183128.79406518655,1,0
AST-001838,Asset_1838,Database,Engineering,0,1,5,3,1968725.5598769118,140820.91465560134,0,1
AST-001839,Asset_1839,Cloud_Storage,Operations,0,2,3,2,3086656.8358367393,125668.77751331357,2,0
AST-001840,Asset_1840,Server,Engineering,0,2,2,2,2946040.816562526,187146.16167238358,1,0
AST-001841,Asset_1841,Database,Operations,1,5,2,4,3660604.300382491,162609.36372722872,20,1
AST-001842,Asset_1842,Workstation,Marketing,1,3,2,3,2609956.065504267,235102.73128852365,17,4
AST-001843,Asset_1843,Workstation,Finance,1,2,1,1,2132419.568160105,77960.96703062415,9,2
AST-001844,Asset_1844,Workstation,Sales,0,2,1,2,2394541.3010899136,187129.1348849714,3,0
AST-001845,Asset_1845,Cloud_Storage,Engineering,0,1,2,2,1245815.3595577362,174546.0774529668,2,2
AST-001846,Asset_1846,Server,Sales,0,1,1,1,1853205.7721444685,77394.53652265249,5,0
AST-001847,Asset_1847,Server,Engineering,0,3,1,1,1982453.9356902565,67286.38852938326,2,0
AST-001848,Asset_1848,Server,Marketing,0,2,1,1,1745057.710151988,31706.946189834198,3,1
AST-001849,Asset_1849,Network_Device,Marketing,1,2,1,1,1430901.4106453254,70358.38054011634,14,2
AST-001850,Asset_1850,Workstation,Operations,0,1,4,3,1602966.0886296665,104639.73586099551,3,0
AST-001851,Asset_1851,Server,Engineering,1,3,1,2,5867609.104991074,99203.52896411406,15,6
AST-001852,Asset_1852,Network_Device,Marketing,0,1,1,1,1840941.2050815658,73872.8773150937,2,0
AST-001853,Asset_1853,Network_Device,Marketing,0,3,2,3,4754853.459624954,212221.44686737808,2,0
AST-001854,Asset_1854,Network_Device,Engineering,0,2,2,2,1064568.4125054176,92215.83671956994,2,1
AST-001855,Asset_1855,Cloud_Storage,Operations,0,1,2,2,1020546.3049961729,52881.623475690176,2,1
AST-001856,Asset_1856,Server,Operations,0,1,2,1,1795427.0750041187,53572.82086783981,1,0
AST-001857,Asset_1857,Workstation,Operations,1,1,2,2,1479605.3809414045,68595.12568500575,13,4
AST-001858,Asset_1858,Workstation,Operations,0,4,3,4,3257607.9274993683,131956.4123295999,4,1
AST-001859,Asset_1859,Network_Device,Finance,1,3,1,2,3599192.1060086563,78822.84538038165,16,3
AST-001860,Asset_1860,Workstation,Engineering,1,2,1,2,1263754.3949351725,147122.7965274125,21,1
AST-001861,Asset_1861,Workstation,Finance,0,2,5,4,2562404.609717766,219022.89950842262,4,0
AST-001862,Asset_1862,Workstation,Marketing,1,2,1,1,3703085.34305549,43585.387914172905,15,2
AST-001863,Asset_1863,Server,Finance,0,2,1,2,1116156.5390109003,182107.06655513172,2,0
AST-001864,Asset_1864,Workstation,Operations,1,2,1,1,2841674.575237885,73610.26068685838,24,3
AST-001865,Asset_1865,Cloud_Storage,Marketing,0,1,1,1,849654.0469983179,54518.75445981488,0,1
AST-001866,Asset_1866,Cloud_Storage,Finance,0,3,1,2,5956732.824804852,95831.9053092581,7,1
AST-001867,Asset_1867,Server,Finance,0,3,1,1,1792957.7431659072,83700.71480958755,4,0
AST-001868,Asset_1868,Server,Engineering,0,1,1,1,1425937.0746258348,25563.20445347231,3,0
AST-001869,Asset_1869,Server,Finance,1,3,1,2,2653668.0949161365,139547.7065786876,11,2
AST-001870,Asset_1870,Workstation,Marketing,1,2,1,1,3647389.1876437985,11891.376900826237,20,1
AST-001871,Asset_1871,Network_Device,Operations,1,1,3,3,682894.6990085975,31879.392527034775,16,0
AST-001872,Asset_1872,Server,Engineering,0,1,3,3,1143878.9192061396,281581.5971526981,3,1
AST-001873,Asset_1873,Workstation,Finance,0,2,2,2,1556084.63488821,112517.94408341085,4,0
AST-001874,Asset_1874,Network_Device,Engineering,0,4,5,5,6796662.334320093,191802.84150363458,1,0
AST-001875,Asset_1875,Workstation,Sales,0,3,2,2,3081496.048446348,163045.3167749083,2,0
AST-001876,Asset_1876,Workstation,Engineering,0,2,3,2,1560139.5953685795,197269.04107564082,2,0
AST-001877,Asset_1877,Workstation,Operations,0,1,1,1,1588851.6021149466,13097.241227758073,0,1
AST-001878,Asset_1878,Workstation,Sales,0,1,3,1,1725825.9767469445,13416.462482187593,3,0
AST-001879,Asset_1879,Server,Sales,0,1,4,3,1193593.2310544637,260791.15413820726,3,0
AST-001880,Asset_1880,Workstation,Engineering,0,4,1,3,4273096.4135537315,180312.99593641795,2,0
AST-001881,Asset_1881,Workstation,Marketing,0,5,2,3,7241081.442828171,268340.2702703621,2,0
AST-001882,Asset_1882,Network_Device,Operations,1,1,3,3,1477094.8834087604,217553.63078292663,13,1
AST-001883,Asset_1883,Workstation,Marketing,0,3,1,2,4473354.280362995,104705.41727909408,2,1
AST-001884,Asset_1884,Workstation,Operations,1,2,2,2,1827272.9259078233,49042.266466726636,10,5
AST-001885,Asset_1885,Server,Operations,0,1,1,1,1911953.7089232113,45087.50322747014,3,0
AST-001886,Asset_1886,Workstation,Marketing,1,2,1,1,1640332.7432312055,80843.0583302832,13,3
AST-001887,Asset_1887,Server,HR,0,3,1,3,3183712.241496886,93157.7383963644,1,0
AST-001888,Asset_1888,Server,Sales,0,1,2,1,925540.913503538,74112.98445918335,1,1
AST-001889,Asset_1889,Workstation,Engineering,0,4,2,3,7586741.049015182,96783.03636420038,2,0
AST-001890,Asset_1890,Cloud_Storage,Marketing,1,1,4,3,1742555.2137174553,155154.2821040194,17,4
AST-001891,Asset_1891,Server,Marketing,0,1,2,2,1716907.905928798,35377.76077596242,4,0
AST-001892,Asset_1892,Workstation,Engineering,0,1,1,1,507065.1228126797,50949.86128641056,3,1
AST-001893,Asset_1893,Network_Device,Sales,1,3,1,2,4586552.250937443,130286.45797562756,13,4
AST-001894,Asset_1894,Server,Engineering,0,2,4,2,1690821.0853860683,121397.24748983538,2,1
AST-001895,Asset_1895,Workstation,Operations,0,3,2,3,5854849.157369847,139745.958887003,2,1
AST-001896,Asset_1896,Workstation,HR,0,2,3,2,2592254.2241063956,86545.14963271326,1,1
AST-001897,Asset_1897,Workstation,Operations,0,2,1,1,2694109.0041998345,34785.888172829225,2,0
AST-001898,Asset_1898,Server,HR,0,3,2,2,3104172.7117048525,158078.7318273333,1,0
AST-001899,Asset_1899,Database,Engineering,0,2,1,2,2610191.866907234,160874.85758460435,1,2
AST-001900,Asset_1900,Workstation,Operations,1,3,1,1,4873817.34430865,53472.47949404015,15,2
AST-001901,Asset_1901,Workstation,Sales,1,1,3,2,1342880.2311414825,88861.11768101524,14,3
AST-001902,Asset_1902,Server,Operations,0,2,2,2,2923788.6696750703,134736.13501448755,1,0
AST-001903,Asset_1903,Workstation,Marketing,0,3,1,3,3626106.3507970073,180587.7269656963,1,1
AST-001904,Asset_1904,Server,HR,1,4,3,3,6298398.264336979,210158.97593060788,6,1
AST-001905,Asset_1905,Workstation,HR,1,1,2,2,1849338.5256325647,75082.79579792112,16,4
AST-001906,Asset_1906,Server,Sales,1,2,1,2,1153153.5997328956,161902.92067167728,17,1
AST-001907,Asset_1907,Cloud_Storage,HR,0,2,4,3,1321889.592045028,115520.55893006433,2,1
AST-001908,Asset_1908,Database,HR,1,1,1,1,1528413.6717551323,47685.09446871941,20,4
AST-001909,Asset_1909,Database,Sales,1,1,3,1,1066556.622905896,21918.045538455975,23,2
AST-001910,Asset_1910,Server,Operations,0,1,3,2,922427.6569903886,173966.47801272542,1,3
AST-001911,Asset_1911,Database,Engineering,0,3,1,3,2303669.7755806027,203953.91152016638,1,0
AST-001912,Asset_1912,Network_Device,Operations,0,3,2,4,4076863.245470774,124703.34116454881,3,0
AST-001913,Asset_1913,Cloud_Storage,Marketing,0,1,1,1,1021298.5933859204,86654.62484220804,3,0
AST-001914,Asset_1914,Database,Marketing,1,3,1,2,3785823.7175012315,146862.74143676215,14,3
AST-001915,Asset_1915,Workstation,HR,1,1,3,1,1937841.8423207218,49796.22299520244,11,2
AST-001916,Asset_1916,Workstation,Marketing,1,2,1,1,3274802.9369974458,99085.8548162068,20,5
AST-001917,Asset_1917,Network_Device,Engineering,1,4,1,2,6775705.215640146,80697.75501098635,15,4
AST-001918,Asset_1918,Workstation,HR,0,3,2,2,2058890.5637836116,37918.922012578405,1,0
AST-001919,Asset_1919,Database,Marketing,0,1,2,2,987470.4781953373,152022.62870880714,2,1
AST-001920,Asset_1920,Workstation,Finance,1,3,2,3,1978059.6241029105,234403.2407398494,19,3
AST-001921,Asset_1921,Workstation,Finance,0,2,3,3,3905562.7904621926,45920.57862959767,5,0
AST-001922,Asset_1922,Server,Finance,0,3,2,2,4569844.268099407,167495.44196069977,3,0
AST-001923,Asset_1923,Workstation,Finance,0,2,3,3,1057701.512512774,239504.20874584315,1,0
AST-001924,Asset_1924,Database,Operations,0,3,1,1,3639771.698195111,93663.67346430264,1,1
AST-001925,Asset_1925,Workstation,Finance,0,1,2,2,895288.4548262431,41338.84205951991,0,0
AST-001926,Asset_1926,Server,HR,0,2,1,1,2619876.553801219,64072.86024528106,2,0
AST-001927,Asset_1927,Workstation,Sales,0,2,5,5,1535973.059415591,148740.1437305161,1,2
AST-001928,Asset_1928,Workstation,Operations,1,2,2,1,1170566.471894973,45949.775774593014,14,4
AST-001929,Asset_1929,Workstation,Sales,1,2,5,3,1969532.596834948,101574.52385765644,12,3
AST-001930,Asset_1930,Server,HR,1,4,3,3,3773042.664228334,151310.3795410933,11,5
AST-001931,Asset_1931,Workstation,HR,0,3,3,3,4726336.131291179,60476.60867365494,3,0
AST-001932,Asset_1932,Workstation,Engineering,1,1,2,2,1211823.2886643026,74632.79141467181,12,6
AST-001933,Asset_1933,Workstation,Operations,1,3,2,2,2810975.1150011267,32765.371162375326,13,2
AST-001934,Asset_1934,Workstation,Sales,0,1,2,1,1355645.777642691,54264.87892460452,1,1
AST-001935,Asset_1935,Workstation,Finance,1,2,1,1,1213952.1646937223,36701.48886833525,19,5
AST-001936,Asset_1936,Network_Device,HR,0,4,4,4,5974115.670522501,252511.07865331433,0,0
AST-001937,Asset_1937,Server,Finance,1,1,3,2,720934.0501497157,102160.31265563029,8,2
AST-001938,Asset_1938,Network_Device,Sales,0,3,3,4,2758647.161944009,127787.11224436473,4,0
AST-001939,Asset_1939,Workstation,Operations,0,3,2,3,2769552.99227274,57793.85902090123,0,0
AST-001940,Asset_1940,Server,Marketing,0,2,1,2,2397555.759529922,155597.00391326673,3,0
AST-001941,Asset_1941,Server,Marketing,0,1,2,1,1929736.049644923,66981.92986771965,2,0
AST-001942,Asset_1942,Database,HR,0,2,1,3,1973977.7513062856,38891.09900628125,3,1
AST-001943,Asset_1943,Workstation,Engineering,1,5,4,5,4609914.013532047,495214.50198677654,16,2
AST-001944,Asset_1944,Workstation,Finance,1,1,3,2,753202.9779449059,135648.24942757166,17,3
AST-001945,Asset_1945,Workstation,HR,1,2,1,2,2175906.700258512,57292.54161256334,11,6
AST-001946,Asset_1946,Workstation,Engineering,0,1,2,1,773061.667808856,85644.7185766578,3,1
AST-001947,Asset_1947,Workstation,Finance,1,1,2,2,706654.0044734457,178778.1299251963,19,6
AST-001948,Asset_1948,Server,Sales,0,3,2,2,5358113.726166535,123263.37142243813,0,1
AST-001949,Asset_1949,Database,Marketing,1,1,2,2,578958.101784553,179402.9956177149,13,2
AST-001950,Asset_1950,Workstation,Engineering,0,5,1,4,7831188.395949891,50501.83483238051,5,0
AST-001951,Asset_1951,Server,Finance,0,2,1,2,1607712.7030602135,190130.00801012726,4,1
AST-001952,Asset_1952,Server,HR,1,2,3,3,1035145.0698638858,45444.9758034726,11,5
AST-001953,Asset_1953,Workstation,Finance,1,1,1,1,1692717.4381954393,67815.1057564394,17,1
AST-001954,Asset_1954,Workstation,HR,0,5,3,4,7767141.394176426,164522.06929832802,2,1
AST-001955,Asset_1955,Cloud_Storage,Marketing,1,1,2,2,1001448.3595615113,27076.22326030975,14,1
AST-001956,Asset_1956,Cloud_Storage,Marketing,0,2,4,3,1237997.6016714207,280907.84287249856,0,0
AST-001957,Asset_1957,Workstation,Finance,1,1,5,2,1041007.3455466799,44364.37866597334,17,4
AST-001958,Asset_1958,Workstation,Finance,0,2,2,3,1543982.7409054856,260510.93060447433,3,0
AST-001959,Asset_1959,Workstation,HR,0,2,2,2,3797510.660114668,79462.10162287451,1,1
AST-001960,Asset_1960,Workstation,HR,0,2,2,3,2588869.3067643847,230114.28073905926,2,0
AST-001961,Asset_1961,Server,Engineering,0,1,1,1,1945765.4565903863,32879.87108273247,6,1
AST-001962,Asset_1962,Workstation,Engineering,1,2,1,1,2053942.3657012824,62509.05439548907,14,3
AST-001963,Asset_1963,Network_Device,Engineering,0,3,2,2,4004082.6840347936,163919.68528608902,4,0
AST-001964,Asset_1964,Database,Finance,0,2,3,2,1570370.2902856586,121912.36945942373,1,0
AST-001965,Asset_1965,Workstation,Operations,0,1,1,1,1712643.6410562932,37589.73072786688,5,2
AST-001966,Asset_1966,Workstation,Operations,0,1,2,1,561650.4685541297,31009.216052010957,4,0
AST-001967,Asset_1967,Server,Operations,1,1,2,2,1543423.1344041917,51465.00742071584,14,4
AST-001968,Asset_1968,Database,Operations,0,1,4,3,1087490.138538361,256479.3809516767,1,1
AST-001969,Asset_1969,Database,Engineering,0,1,1,1,1367623.6610376157,64984.83626208758,4,2
AST-001970,Asset_1970,Server,Finance,0,2,1,2,2776777.4047497087,111562.02645634123,5,1
AST-001971,Asset_1971,Server,Operations,0,1,4,2,1566192.6712014752,64924.52308917248,0,1
AST-001972,Asset_1972,Network_Device,Marketing,1,2,1,1,1612786.6096937787,49037.792368660375,9,2
AST-001973,Asset_1973,Server,Sales,0,5,2,3,6485394.409117234,197416.95825575717,2,0
AST-001974,Asset_1974,Workstation,Marketing,0,5,2,4,5701944.522950469,65877.39526433688,2,1
AST-001975,Asset_1975,Server,Finance,1,3,1,2,2769814.989871638,84928.68858438976,13,2
AST-001976,Asset_1976,Cloud_Storage,Finance,0,1,2,2,1243591.7341467896,63110.657314606695,1,0
AST-001977,Asset_1977,Server,Sales,1,1,4,2,1928022.5678766277,136372.68312719197,18,5
AST-001978,Asset_1978,Workstation,HR,0,3,1,3,5769982.262305601,193692.6321497382,0,2
AST-001979,Asset_1979,Network_Device,HR,1,1,1,1,918225.9799426136,36947.39451806538,21,7
AST-001980,Asset_1980,Network_Device,HR,0,1,2,2,1826310.74735301,27493.529979235725,1,0
AST-001981,Asset_1981,Server,Engineering,0,2,2,2,3630264.4281614022,52906.29514522083,1,0
AST-001982,Asset_1982,Network_Device,HR,0,1,2,1,874376.9714019133,24405.58680354186,4,1
AST-001983,Asset_1983,Workstation,Engineering,1,3,4,3,4195278.35890373,183466.4704398418,14,2
AST-001984,Asset_1984,Workstation,Engineering,1,3,4,3,5414710.916752912,75708.69321567987,8,3
AST-001985,Asset_1985,Server,HR,0,3,1,2,3817476.6087831147,106820.18376912166,4,1
AST-001986,Asset_1986,Server,HR,1,3,1,3,3163962.601054532,195922.78607725905,10,1
AST-001987,Asset_1987,Workstation,Sales,0,1,1,2,1476178.1453648093,178321.8049399484,2,1
AST-001988,Asset_1988,Workstation,Operations,1,3,4,3,2275912.7854942665,96157.44200281534,13,4
AST-001989,Asset_1989,Workstation,Sales,1,1,1,2,742597.0724448853,53464.32852486738,12,3
AST-001990,Asset_1990,Workstation,Engineering,0,2,2,3,3497938.395322711,76778.53494592625,1,0
AST-001991,Asset_1991,Workstation,Sales,1,1,3,2,562812.3739071887,84877.27571217481,20,3
AST-001992,Asset_1992,Server,Engineering,0,3,2,2,5116334.906515872,136852.61947733734,1,0
AST-001993,Asset_1993,Workstation,Finance,0,5,1,4,4678706.1856969865,281870.47145910317,1,0
AST-001994,Asset_1994,Server,Engineering,0,1,2,1,1224683.7364280485,28986.571059096183,1,0
AST-001995,Asset_1995,Workstation,Engineering,1,1,2,1,1315272.5825718935,21811.01066747542,7,3
AST-001996,Asset_1996,Workstation,Sales,1,1,3,2,1650603.9101910202,100762.02807114256,19,5
AST-001997,Asset_1997,Cloud_Storage,Operations,1,2,2,1,3651573.9596300796,22707.215376066324,16,1
AST-001998,Asset_1998,Server,Finance,1,1,1,1,1706336.1880946981,83162.86704547674,17,0
AST-001999,Asset_1999,Server,Marketing,1,3,1,1,4075546.9887620592,17549.330273672567,11,4
AST-002000,Asset_2000,Server,Marketing,0,2,3,2,2044041.0110480986,155376.79799235673,2,0
AST-002001,Asset_2001,Server,Operations,0,2,4,3,2579673.474875962,41514.937189805285,3,0
AST-002002,Asset_2002,Server,Marketing,0,3,1,2,1635097.5808236236,165257.14087909902,2,0
AST-002003,Asset_2003,Cloud_Storage,Finance,0,1,1,1,867470.1728596034,66443.65080308497,4,1
AST-002004,Asset_2004,Server,HR,0,1,2,1,1049233.0488313688,39013.579527245754,4,0
AST-002005,Asset_2005,Server,Finance,0,3,2,2,2938895.358681768,92993.32905763054,4,1
AST-002006,Asset_2006,Workstation,Sales,1,3,1,3,1928161.2332902055,211876.6549504742,13,6
AST-002007,Asset_2007,Workstation,Engineering,1,1,2,2,576131.1221210669,53413.06592023648,14,3
AST-002008,Asset_2008,Workstation,Engineering,0,1,5,3,1131072.1693612295,270386.580654148,2,0
AST-002009,Asset_2009,Server,Sales,1,1,2,1,612199.6299473348,53459.84207727052,19,1
AST-002010,Asset_2010,Workstation,Sales,0,1,2,2,929312.0878123008,156825.10899103983,3,1
AST-002011,Asset_2011,Server,Engineering,1,1,3,2,1212238.4881299394,111205.28463939841,15,5
AST-002012,Asset_2012,Server,Operations,0,2,1,1,1629883.8140745433,50705.13056184712,2,0
AST-002013,Asset_2013,Cloud_Storage,HR,0,3,2,2,1857907.1685550825,104530.80122436932,3,1
AST-002014,Asset_2014,Server,HR,1,1,2,1,1148199.9059686894,42681.22396960997,23,4
AST-002015,Asset_2015,Workstation,HR,0,2,2,2,2345429.4954759097,151895.75522070067,1,1
AST-002016,Asset_2016,Workstation,Sales,0,1,4,3,1873421.4444930805,258461.1598102227,0,1
AST-002017,Asset_2017,Database,Engineering,0,2,1,2,1383512.9277294013,173791.3995751254,1,0
AST-002018,Asset_2018,Network_Device,Operations,0,2,1,2,2844986.1330328854,41806.228508133885,3,0
AST-002019,Asset_2019,Server,Engineering,1,4,4,4,3918215.398192226,314092.44592622627,13,5
AST-002020,Asset_2020,Workstation,Engineering,0,1,1,1,685396.7455953823,27995.915773474997,1,0
AST-002021,Asset_2021,Cloud_Storage,Operations,1,1,1,1,1089720.6601628792,11096.051052211544,16,1
AST-002022,Asset_2022,Workstation,Finance,0,2,2,2,2283812.7560926457,69582.62635026439,3,0
AST-002023,Asset_2023,Cloud_Storage,Operations,0,1,5,3,1045346.7714361445,109074.52152262864,1,0
AST-002024,Asset_2024,Server,Finance,0,1,2,1,1648599.111402993,82881.01486750852,1,0
AST-002025,Asset_2025,Workstation,Marketing,1,1,2,1,1758809.7049309043,76815.66837184927,16,1
AST-002026,Asset_2026,Server,Finance,0,2,2,3,1446195.2852896524,52864.83397779615,1,0
AST-002027,Asset_2027,Workstation,HR,0,1,5,3,751857.6074444505,118009.55310268425,3,1
AST-002028,Asset_2028,Cloud_Storage,HR,0,5,3,5,5659131.986074958,163084.93100607445,1,0
AST-002029,Asset_2029,Server,Operations,0,2,1,1,1960566.8833046155,63590.96690074301,4,0
AST-002030,Asset_2030,Workstation,HR,1,1,3,3,1729360.4080885062,176208.2327778771,14,3
AST-002031,Asset_2031,Server,HR,0,2,3,2,3990433.6093449793,142204.3050038973,2,1
AST-002032,Asset_2032,Workstation,Marketing,0,1,2,2,771665.5571516933,183931.36975729826,2,1
AST-002033,Asset_2033,Workstation,HR,0,2,2,2,3287632.4525194084,95793.24036513778,1,1
AST-002034,Asset_2034,Cloud_Storage,Sales,0,2,2,2,2821740.4486499093,138066.3219619059,7,2
AST-002035,Asset_2035,Workstation,Sales,0,2,2,2,2933272.1999050444,185303.4485130201,3,0
AST-002036,Asset_2036,Database,Sales,0,3,3,3,2689986.6105174893,176253.75779624924,2,0
AST-002037,Asset_2037,Server,Finance,0,1,1,1,645794.333208683,37745.288204522105,3,1
AST-002038,Asset_2038,Server,Operations,0,4,1,2,5259536.635407954,92522.02779361217,2,0
AST-002039,Asset_2039,Server,Operations,0,3,1,2,4260776.320067289,155830.45819842632,1,1
AST-002040,Asset_2040,Server,Engineering,1,1,3,2,1944573.4098237052,149602.00845908024,21,4
AST-002041,Asset_2041,Network_Device,Marketing,1,1,2,2,1512846.5961333155,154714.77230357923,17,4
AST-002042,Asset_2042,Workstation,Sales,0,1,2,1,1165526.4502572822,76896.72012496082,3,0
AST-002043,Asset_2043,Workstation,Sales,0,1,3,2,1991001.6931834752,185682.60176419307,1,1
AST-002044,Asset_2044,Server,HR,1,2,3,2,2119716.9246325083,157520.92625110553,11,2
AST-002045,Asset_2045,Network_Device,Sales,1,1,4,3,743837.7527980091,260968.01325322496,12,3
AST-002046,Asset_2046,Workstation,HR,0,4,1,1,5707880.316707949,61634.04855544208,0,0
AST-002047,Asset_2047,Server,HR,1,1,2,1,899375.9501328361,67975.42480675984,9,4
AST-002048,Asset_2048,Workstation,Engineering,1,1,3,2,1883307.2553509881,194189.5053234655,23,2
AST-002049,Asset_2049,Workstation,Finance,0,1,1,1,1141802.5467082993,88327.07883862792,3,0
AST-002050,Asset_2050,Server,HR,0,1,1,1,724424.5248211033,79962.42165729647,2,0
AST-002051,Asset_2051,Workstation,HR,1,3,2,3,2137337.565743166,215088.95343298468,15,1
AST-002052,Asset_2052,Workstation,Operations,0,2,3,2,2948918.2180302106,84533.28279970767,3,0
AST-002053,Asset_2053,Server,Engineering,1,1,2,2,1048845.961967876,118662.60147598338,11,3
AST-002054,Asset_2054,Cloud_Storage,HR,1,4,2,3,4182347.2823063815,44884.610887692834,18,1
AST-002055,Asset_2055,Network_Device,Marketing,1,3,2,2,4255457.798784019,94910.0149287532,15,1
AST-002056,Asset_2056,Workstation,Finance,0,3,1,2,2496803.4440794047,40141.35519229657,2,0
AST-002057,Asset_2057,Workstation,Marketing,0,3,4,3,2154427.162326947,226732.674696116,2,1
AST-002058,Asset_2058,Workstation,Sales,0,2,1,2,2971787.5321846204,180617.17468157958,1,0
AST-002059,Asset_2059,Workstation,Finance,1,2,2,2,1015711.109890714,51334.93922405745,19,3
AST-002060,Asset_2060,Workstation,Sales,1,1,1,1,1861047.472628643,32111.50454198623,12,3
AST-002061,Asset_2061,Server,Operations,0,1,2,2,774456.3811909768,174256.56965959547,2,3
AST-002062,Asset_2062,Workstation,HR,0,2,4,2,2343568.180467818,125449.7915717479,1,1
AST-002063,Asset_2063,Network_Device,Engineering,1,4,5,4,3268871.2108612154,251791.1978170537,16,4
AST-002064,Asset_2064,Workstation,Marketing,1,2,1,1,1654659.0061892984,60658.87281812711,13,7
AST-002065,Asset_2065,Server,Sales,0,4,1,2,7010008.202081031,59286.936930539865,0,2
AST-002066,Asset_2066,Workstation,HR,0,1,1,2,1377550.2697734074,63794.54273607508,3,1
AST-002067,Asset_2067,Server,Marketing,1,2,1,2,1934351.0318879923,190935.76078617835,12,2
AST-002068,Asset_2068,Server,Marketing,1,2,2,2,1753296.1898312022,150224.62737922437,15,3
AST-002069,Asset_2069,Server,Operations,1,2,2,2,1638587.3196537415,36278.20767176389,14,1
AST-002070,Asset_2070,Database,Operations,0,2,3,4,2663345.059059874,120257.77779710041,1,1
AST-002071,Asset_2071,Workstation,Sales,0,1,3,2,1596184.1190754368,132880.79381255776,0,0
AST-002072,Asset_2072,Workstation,HR,0,1,1,1,880291.0735301008,35511.88482315546,1,1
AST-002073,Asset_2073,Server,Engineering,1,5,3,4,4992254.461168192,130624.11616238064,5,3
AST-002074,Asset_2074,Network_Device,Sales,1,1,3,2,1580548.3940551637,56422.6387405652,20,0
AST-002075,Asset_2075,Network_Device,Marketing,1,2,2,2,3211834.0499862414,53430.835436597285,12,0
AST-002076,Asset_2076,Network_Device,Marketing,0,2,4,3,1621969.4553450053,195599.25707796408,1,0
AST-002077,Asset_2077,Server,Finance,1,1,3,2,1073303.4950709832,183052.7882987073,21,4
AST-002078,Asset_2078,Workstation,HR,0,3,2,3,5414809.76278951,127505.60111178097,2,2
AST-002079,Asset_2079,Cloud_Storage,Finance,0,3,4,3,4830865.109968843,62807.32237156639,4,0
AST-002080,Asset_2080,Workstation,Operations,0,4,2,4,2974971.9441685486,84747.7633667544,1,0
AST-002081,Asset_2081,Server,Engineering,1,1,2,1,1078944.3920416022,94032.07344087808,15,4
AST-002082,Asset_2082,Server,Sales,1,2,1,2,3919881.345746735,115172.3860612164,13,0
AST-002083,Asset_2083,Workstation,Marketing,0,4,4,4,5152265.625120846,207862.78384399135,2,1
AST-002084,Asset_2084,Cloud_Storage,HR,0,5,1,3,7895096.190146236,270500.1358665289,0,2
AST-002085,Asset_2085,Workstation,Marketing,1,5,2,4,3190262.635307693,222560.65744551615,20,3
AST-002086,Asset_2086,Workstation,Operations,0,3,2,3,5246294.829300856,159761.70106912375,0,0
AST-002087,Asset_2087,Server,Finance,1,1,2,2,1407177.3830330549,186797.45604842628,16,1
AST-002088,Asset_2088,Workstation,Finance,0,1,2,1,763400.6481826047,52701.321065856784,2,0
AST-002089,Asset_2089,Network_Device,Sales,0,3,2,3,3210952.969696372,135559.49045898096,2,0
AST-002090,Asset_2090,Database,HR,0,3,1,2,1873624.1787407296,124699.18375400489,3,1
AST-002091,Asset_2091,Workstation,Operations,0,3,4,4,4996547.3766920315,391803.3513521715,4,0
AST-002092,Asset_2092,Cloud_Storage,HR,0,1,2,2,1617318.499965917,193489.22766806182,0,0
AST-002093,Asset_2093,Server,Sales,0,2,4,4,2470693.060603439,319216.5054479574,2,0
AST-002094,Asset_2094,Workstation,Operations,0,1,1,2,1178024.5929627658,109870.55467173761,0,0
AST-002095,Asset_2095,Server,Operations,0,2,2,1,2390273.8581726532,89331.55375327868,1,1
AST-002096,Asset_2096,Workstation,Finance,1,1,3,2,556200.1680130146,95488.93610824965,13,2
AST-002097,Asset_2097,Workstation,Finance,0,4,1,3,4209469.802510191,202838.62207988935,4,0
AST-002098,Asset_2098,Workstation,Finance,0,1,3,3,692755.9720587415,78445.24778165846,3,0
AST-002099,Asset_2099,Workstation,Marketing,1,2,1,2,1554377.086610353,139031.77641714274,25,1
AST-002100,Asset_2100,Database,Engineering,0,1,2,1,1943175.0630279232,34849.53244255156,1,0
AST-002101,Asset_2101,Cloud_Storage,Finance,0,2,2,2,1785355.6286035362,158915.53669788103,2,0
AST-002102,Asset_2102,Workstation,Engineering,1,2,2,1,2450874.9234241378,47263.614518251605,12,0
AST-002103,Asset_2103,Server,Engineering,1,4,2,3,7326754.8751697475,137570.6418276002,15,3
AST-002104,Asset_2104,Workstation,HR,1,1,1,1,1120237.0759026099,77191.98827028231,13,5
AST-002105,Asset_2105,Workstation,Sales,0,1,2,1,1292927.2094287528,48278.6775252892,3,0
AST-002106,Asset_2106,Database,Marketing,1,3,1,2,2259544.7744888114,148523.8443049365,22,1
AST-002107,Asset_2107,Network_Device,Engineering,0,1,2,2,927619.0887577166,173911.80089838477,4,1
AST-002108,Asset_2108,Cloud_Storage,Marketing,0,1,1,1,1259171.239826733,22319.077121122005,3,1
AST-002109,Asset_2109,Server,HR,1,2,2,1,2094704.4580781884,53112.06963975976,9,3
AST-002110,Asset_2110,Cloud_Storage,Finance,0,2,2,3,1114767.101956227,285126.1130560142,1,0
AST-002111,Asset_2111,Server,Operations,1,1,3,2,1101243.5500706523,166192.66125851448,17,5
AST-002112,Asset_2112,Server,Engineering,0,1,2,2,1722658.6460028803,195250.2078778948,1,0
AST-002113,Asset_2113,Server,Sales,0,3,1,2,2022267.49343896,174855.52221537355,3,0
AST-002114,Asset_2114,Network_Device,Operations,1,2,2,2,1056194.1831342923,75839.56722543496,17,2
AST-002115,Asset_2115,Workstation,HR,0,1,2,1,678054.135132654,26123.73490526761,4,0
AST-002116,Asset_2116,Server,Marketing,1,1,1,1,1530305.2919724002,28948.762400038162,13,3
AST-002117,Asset_2117,Workstation,Finance,1,2,2,2,3383933.9163354635,59040.692898131936,15,2
AST-002118,Asset_2118,Workstation,Marketing,1,1,2,1,573089.8333934083,16816.275536903773,15,2
AST-002119,Asset_2119,Server,Sales,0,3,1,1,5493979.065911882,91611.55836790915,2,3
AST-002120,Asset_2120,Network_Device,Engineering,0,2,1,2,2881976.08474463,110458.7460718688,4,0
AST-002121,Asset_2121,Network_Device,Sales,1,2,1,2,2554394.045372936,38228.81559738096,21,3
AST-002122,Asset_2122,Workstation,Marketing,1,4,1,3,3521551.3280821815,235913.23383691412,20,5
AST-002123,Asset_2123,Cloud_Storage,Marketing,0,1,1,1,1057550.4721034751,39307.665889118805,0,0
AST-002124,Asset_2124,Workstation,Operations,1,1,2,1,1920459.9090193217,16393.375704277463,15,4
AST-002125,Asset_2125,Cloud_Storage,Sales,0,2,1,1,3734639.3009386603,27078.090188952956,2,0
AST-002126,Asset_2126,Workstation,Sales,1,2,1,2,2876393.660505344,138358.9685294295,20,2
AST-002127,Asset_2127,Workstation,Sales,0,1,1,1,1368366.8265017732,81460.56660379669,0,0
AST-002128,Asset_2128,Server,Finance,0,1,2,2,815816.9962355703,65661.80789833609,3,0
AST-002129,Asset_2129,Network_Device,Marketing,0,1,4,2,1929917.8067774775,123870.4887485002,3,0
AST-002130,Asset_2130,Workstation,HR,0,1,2,1,1633087.5696635686,10078.530203133128,4,2
AST-002131,Asset_2131,Server,Finance,1,3,2,3,3220168.6407091366,105164.61706386122,14,2
AST-002132,Asset_2132,Server,Finance,0,2,2,3,3447494.5511401356,79041.1318972127,6,1
AST-002133,Asset_2133,Workstation,Finance,1,2,1,2,1635623.9868005859,33778.32043688748,8,5
AST-002134,Asset_2134,Workstation,Operations,0,1,1,1,819842.9807470078,53550.576856934495,2,1
AST-002135,Asset_2135,Workstation,HR,0,1,1,2,1686441.8518355459,133582.79266979644,2,3
AST-002136,Asset_2136,Network_Device,Sales,0,1,1,1,1338961.9713007305,14173.871829107826,2,0
AST-002137,Asset_2137,Server,Operations,0,1,1,2,1333752.932790506,44820.41225516667,1,1
AST-002138,Asset_2138,Workstation,Marketing,0,1,2,3,1360506.2410557615,281718.61826558755,0,2
AST-002139,Asset_2139,Server,Engineering,0,1,1,1,688710.225524519,30080.15588512955,2,0
AST-002140,Asset_2140,Network_Device,Operations,1,2,4,2,2048677.223190663,156797.79437972137,20,4
AST-002141,Asset_2141,Network_Device,Engineering,0,3,4,4,4078858.514288835,309184.59819728014,4,0
AST-002142,Asset_2142,Workstation,Marketing,0,1,5,3,871382.6398600993,116827.27564155952,2,0
AST-002143,Asset_2143,Workstation,HR,1,4,1,2,5024029.757153127,56741.041864392806,16,2
AST-002144,Asset_2144,Database,Engineering,0,3,4,3,4006658.5721430467,95866.64947624615,1,0
AST-002145,Asset_2145,Workstation,Finance,0,5,3,3,9571104.08790823,182792.72108556377,1,1
AST-002146,Asset_2146,Network_Device,Operations,0,4,4,5,3474654.854350144,221521.55918897723,1,0
AST-002147,Asset_2147,Workstation,Engineering,0,2,2,2,2318071.874671979,109201.7644823667,1,0
AST-002148,Asset_2148,Database,Marketing,0,2,3,2,3944533.6316324845,166090.2469694644,2,0
AST-002149,Asset_2149,Workstation,Finance,0,1,1,1,780184.8143269169,55206.6746316703,3,2
AST-002150,Asset_2150,Network_Device,Engineering,1,3,1,1,5010087.686699173,99570.6033164628,15,2
AST-002151,Asset_2151,Database,Marketing,1,2,1,1,1531464.8669108718,69925.04234357583,17,3
AST-002152,Asset_2152,Server,HR,0,2,4,3,3550139.718331708,85956.86769380578,2,1
AST-002153,Asset_2153,Workstation,Marketing,1,2,1,2,2463921.8120526816,109913.38078218821,16,0
AST-002154,Asset_2154,Network_Device,HR,0,2,1,2,3916484.454129859,166415.1899534596,3,0
AST-002155,Asset_2155,Server,Finance,0,2,4,2,1510224.9023216919,59294.27628011052,1,0
AST-002156,Asset_2156,Server,Marketing,0,1,1,1,1531889.5186176817,75647.9924779193,1,0
AST-002157,Asset_2157,Server,Sales,0,3,4,4,4628756.626907172,52041.65230871639,3,0
AST-002158,Asset_2158,Database,Operations,0,4,3,3,6313252.625218885,284511.134477989,1,0
AST-002159,Asset_2159,Workstation,Sales,0,3,1,3,1954359.4369303114,209107.67234190047,4,0
AST-002160,Asset_2160,Workstation,Sales,1,3,1,2,2798524.4470109073,49262.65475628452,15,4
AST-002161,Asset_2161,Workstation,Sales,1,1,2,2,1007025.2408698278,177373.0458881113,8,1
AST-002162,Asset_2162,Workstation,Operations,0,4,5,4,3945725.648196077,69455.44512004382,0,0
AST-002163,Asset_2163,Database,Sales,1,1,4,2,1512531.0785004294,93067.21345631982,15,1
AST-002164,Asset_2164,Network_Device,HR,1,4,1,2,2328978.023683174,152650.88112789803,11,2
AST-002165,Asset_2165,Workstation,Marketing,0,1,1,2,1595117.9269778081,188733.1929253877,1,0
AST-002166,Asset_2166,Cloud_Storage,Finance,0,2,1,2,2579753.123651877,82785.84803106084,5,0
AST-002167,Asset_2167,Workstation,Sales,0,3,3,3,2278487.2612525243,254238.03236011812,1,0
AST-002168,Asset_2168,Server,Sales,0,2,1,2,1678356.0697112319,55415.40637974871,0,1
AST-002169,Asset_2169,Workstation,Finance,0,2,1,2,1292740.9466027184,26319.86644966105,3,0
AST-002170,Asset_2170,Database,Finance,0,2,3,3,2377176.557160589,37765.46548898815,1,0
AST-002171,Asset_2171,Workstation,Sales,0,2,2,2,2784764.209778926,138470.68841859192,1,0
AST-002172,Asset_2172,Server,HR,0,1,1,1,1371458.0738846383,23878.657534201608,2,3
AST-002173,Asset_2173,Server,Finance,0,2,3,2,3887103.617217594,29058.375870150834,2,0
AST-002174,Asset_2174,Network_Device,Marketing,0,1,2,2,943949.0480067757,195814.5546496936,2,0
AST-002175,Asset_2175,Server,Marketing,0,2,2,2,3286239.5368086398,63562.20829934221,2,0
AST-002176,Asset_2176,Network_Device,HR,0,1,2,2,1584616.3145196831,103259.80693631919,2,1
AST-002177,Asset_2177,Server,Operations,0,2,2,1,1183980.9418366675,65177.30252079256,2,0
AST-002178,Asset_2178,Workstation,Engineering,1,2,2,2,3790015.230165373,46002.08659237613,15,3
AST-002179,Asset_2179,Workstation,HR,0,1,4,3,1896955.8782686251,126435.5923859315,1,1
AST-002180,Asset_2180,Workstation,Sales,0,2,2,2,2189005.546413718,136587.2320583247,2,2
AST-002181,Asset_2181,Database,Engineering,0,2,2,1,2253033.505017209,67578.5545727164,2,1
AST-002182,Asset_2182,Server,Sales,1,5,2,4,8646976.972008007,343140.6311452125,11,3
AST-002183,Asset_2183,Server,Marketing,1,3,2,2,3727637.949623411,98736.03789585578,13,1
AST-002184,Asset_2184,Database,Finance,0,3,1,3,5096403.143321031,270253.4588992981,0,1
AST-002185,Asset_2185,Workstation,Sales,0,2,1,1,1108375.5073145926,71397.34619727111,1,1
AST-002186,Asset_2186,Cloud_Storage,Marketing,0,1,2,2,875405.9185708852,121178.93508226238,0,0
AST-002187,Asset_2187,Network_Device,HR,0,1,2,2,636597.4777825447,41084.628690874575,0,2
AST-002188,Asset_2188,Workstation,Sales,1,1,2,2,1181297.0783477142,123446.70418572777,22,4
AST-002189,Asset_2189,Workstation,Marketing,0,3,3,3,5343717.500569031,190561.4448076952,2,0
AST-002190,Asset_2190,Workstation,Finance,0,1,1,1,1354681.6151990609,78292.39445745724,1,1
AST-002191,Asset_2191,Server,Sales,0,2,2,2,2561000.615795626,149445.032147034,2,1
AST-002192,Asset_2192,Cloud_Storage,Operations,0,1,2,1,1049160.340843415,57698.21614113594,4,0
AST-002193,Asset_2193,Workstation,Marketing,1,1,1,1,595414.8150897666,63354.62542506998,23,1
AST-002194,Asset_2194,Workstation,Sales,0,1,1,2,1649614.5057326464,159021.6881662492,1,1
AST-002195,Asset_2195,Server,Finance,1,2,1,1,2712298.1979482444,41629.62359231209,11,4
AST-002196,Asset_2196,Workstation,Sales,0,2,1,2,3792896.5213705855,44294.80080809496,2,3
AST-002197,Asset_2197,Workstation,Sales,0,2,1,1,2295895.6729688374,88686.94424523553,1,0
AST-002198,Asset_2198,Network_Device,Operations,0,2,2,1,2204498.909538828,96851.68976988144,1,1
AST-002199,Asset_2199,Workstation,Marketing,0,3,2,3,5884561.456826562,145912.30645820557,4,2
AST-002200,Asset_2200,Database,Engineering,0,3,2,3,2135208.727253689,297383.6431049771,0,1
AST-002201,Asset_2201,Cloud_Storage,Sales,0,3,3,3,2635626.8973661717,117127.62700509933,4,0
AST-002202,Asset_2202,Server,Engineering,1,2,2,2,2464492.646345488,31983.33693633148,20,5
AST-002203,Asset_2203,Workstation,HR,0,1,1,2,1285316.4522846246,123042.72461397527,1,1
AST-002204,Asset_2204,Server,Sales,0,4,1,3,5292299.719792351,264414.1848276759,0,0
AST-002205,Asset_2205,Workstation,Engineering,0,1,1,1,818164.8946933253,65573.36364127544,2,1
AST-002206,Asset_2206,Cloud_Storage,HR,0,1,4,3,1890272.0726849143,32545.33002577015,2,0
AST-002207,Asset_2207,Server,Operations,1,2,4,3,3110506.2911731964,33194.82398246272,12,4
AST-002208,Asset_2208,Network_Device,Marketing,0,2,1,2,1775319.5486788591,150383.19311559547,1,0
AST-002209,Asset_2209,Server,Sales,1,1,2,3,941289.4982700577,258242.60884281545,10,3
AST-002210,Asset_2210,Cloud_Storage,Marketing,0,3,5,5,5461613.0937310085,163866.51910527158,2,1
AST-002211,Asset_2211,Workstation,HR,1,2,3,2,2141066.2224664083,104623.59021726549,10,4
AST-002212,Asset_2212,Network_Device,Marketing,1,2,2,2,2669090.0847128797,192996.36208774516,19,4
AST-002213,Asset_2213,Server,Marketing,1,2,1,2,1361280.3359904774,102903.3350497814,16,1
AST-002214,Asset_2214,Cloud_Storage,Finance,0,2,1,1,1755198.3952450599,22223.268946721175,3,1
AST-002215,Asset_2215,Workstation,HR,0,1,3,2,1124865.0360900476,184097.54120093893,4,0
AST-002216,Asset_2216,Database,Marketing,0,1,3,2,1484206.066807698,109130.18045499777,2,1
AST-002217,Asset_2217,Network_Device,Engineering,0,1,2,1,920330.9881462974,40987.62478439884,1,1
AST-002218,Asset_2218,Server,HR,0,3,1,2,5778426.805179601,37537.89003308343,0,3
AST-002219,Asset_2219,Network_Device,Finance,1,2,4,3,1660651.4557077996,153732.4402104632,10,5
AST-002220,Asset_2220,Server,Sales,0,2,3,3,3336720.6698795436,237811.64764636703,4,0
AST-002221,Asset_2221,Workstation,Operations,1,2,1,1,2093796.438201297,74546.5909094273,16,5
AST-002222,Asset_2222,Workstation,Marketing,0,2,1,1,3500202.6305854614,54692.888527864096,0,0
AST-002223,Asset_2223,Server,Engineering,1,1,2,1,1884658.5678331596,74758.18114235414,19,3
AST-002224,Asset_2224,Server,Finance,0,1,1,1,780523.3422567879,41568.45115430557,4,0
AST-002225,Asset_2225,Server,HR,0,4,1,2,4948862.252393008,152348.2764554352,3,1
AST-002226,Asset_2226,Workstation,Operations,1,2,1,2,1463097.621773258,35432.14848506452,17,3
AST-002227,Asset_2227,Database,Operations,0,2,5,3,3117475.692357847,83793.18902201595,4,1
AST-002228,Asset_2228,Workstation,Marketing,1,2,3,2,3496714.243683309,177990.19798392864,18,4
AST-002229,Asset_2229,Server,Finance,0,3,1,2,3252605.7221605196,72857.9732535665,1,3
AST-002230,Asset_2230,Server,Finance,0,2,4,3,2190252.708878016,85604.17650625933,3,1
AST-002231,Asset_2231,Workstation,Engineering,1,1,2,2,805759.6711165907,36020.46586432621,11,1
AST-002232,Asset_2232,Server,Sales,0,4,1,2,3839207.944083011,90731.89899134889,0,0
AST-002233,Asset_2233,Cloud_Storage,Sales,1,1,4,3,985839.5885563693,48085.16025250743,11,2
AST-002234,Asset_2234,Network_Device,Sales,0,1,2,2,733361.4151568445,109456.48279189112,4,1
AST-002235,Asset_2235,Workstation,Operations,1,1,3,3,964928.3450979933,278185.278980989,17,3
AST-002236,Asset_2236,Workstation,Operations,0,3,2,3,5582656.05529993,242526.27320267784,2,0
AST-002237,Asset_2237,Network_Device,HR,0,3,2,2,2964236.246162526,27321.278539522747,3,0
AST-002238,Asset_2238,Server,Operations,0,3,1,2,2734967.333713524,73956.46953888757,5,0
AST-002239,Asset_2239,Server,Operations,0,4,1,2,4307853.697417907,53775.970934237535,3,0
AST-002240,Asset_2240,Server,Finance,0,1,2,1,1940409.55699705,16024.5869638248,3,0
AST-002241,Asset_2241,Workstation,HR,0,2,4,3,3293737.395655368,59332.947954507676,4,0
AST-002242,Asset_2242,Server,Finance,0,2,2,3,1605214.9526432655,275198.9805919827,5,2
AST-002243,Asset_2243,Workstation,Engineering,0,5,1,3,8144136.963273132,113722.46806722526,3,1
AST-002244,Asset_2244,Cloud_Storage,Engineering,0,1,1,2,1649352.2632318775,90600.29772114726,1,0
AST-002245,Asset_2245,Network_Device,HR,0,5,4,4,9626028.060102137,214852.3125958107,1,0
AST-002246,Asset_2246,Workstation,HR,0,1,1,2,1836642.6632928841,154087.2376665886,1,0
AST-002247,Asset_2247,Server,Operations,0,3,1,1,1928377.4240896283,81853.34266770235,2,1
AST-002248,Asset_2248,Network_Device,Engineering,0,2,3,3,2363729.624103187,290206.9765754215,1,2
AST-002249,Asset_2249,Workstation,Marketing,1,3,4,3,4663471.101391299,86883.0790658119,19,1
AST-002250,Asset_2250,Server,Sales,0,1,3,2,1960053.2013048513,74191.91212558525,1,0
AST-002251,Asset_2251,Server,Operations,1,1,1,2,627732.0772316459,76332.92873867792,12,3
AST-002252,Asset_2252,Cloud_Storage,Sales,0,1,1,1,1052349.1233833279,50073.29139786999,0,1
AST-002253,Asset_2253,Workstation,Engineering,1,2,3,2,2476671.408052191,165332.78325627497,8,0
AST-002254,Asset_2254,Network_Device,Sales,0,2,4,2,2239732.5805835556,63102.09539559476,1,0
AST-002255,Asset_2255,Network_Device,Marketing,0,4,5,4,4734670.658170415,321851.8359626736,2,1
AST-002256,Asset_2256,Workstation,Marketing,1,2,2,1,2107306.419174673,28363.601654066293,10,1
AST-002257,Asset_2257,Workstation,Finance,1,1,3,2,1955933.9211900115,147826.57109551976,14,1
AST-002258,Asset_2258,Workstation,HR,0,1,1,1,1704867.1684419347,81910.11878647101,1,0
AST-002259,Asset_2259,Database,Sales,0,1,1,1,1604989.8676450516,86840.5366733016,2,0
AST-002260,Asset_2260,Workstation,Marketing,0,3,1,2,3348156.111479026,111851.39745930664,4,3
AST-002261,Asset_2261,Workstation,HR,0,3,5,4,5466856.113826042,158337.39518999436,2,0
AST-002262,Asset_2262,Workstation,HR,1,5,1,3,3200044.6540332446,238543.74300038497,11,2
AST-002263,Asset_2263,Network_Device,Finance,0,2,1,2,1430255.578772455,77764.96228886144,3,0
AST-002264,Asset_2264,Workstation,HR,0,1,4,3,1931086.7799216325,69983.96956897811,1,1
AST-002265,Asset_2265,Workstation,HR,0,1,1,1,1350482.4551338293,85121.78038260635,3,0
AST-002266,Asset_2266,Workstation,Operations,0,2,1,2,1478373.3270077228,94023.36735626562,3,0
AST-002267,Asset_2267,Workstation,Engineering,0,5,3,4,9618592.808130587,245500.15588298585,3,0
AST-002268,Asset_2268,Workstation,Finance,1,1,3,2,1962264.9121461913,185319.92835235735,7,3
AST-002269,Asset_2269,Server,Finance,0,1,2,2,1822239.6022928148,44443.39182216089,1,1
AST-002270,Asset_2270,Workstation,Sales,1,3,4,4,2573510.3474172857,240586.20272040987,10,5
AST-002271,Asset_2271,Server,HR,0,2,1,1,1835481.957754036,60288.813248328646,2,2
AST-002272,Asset_2272,Database,Sales,0,1,4,2,1110459.2788278093,175140.43504368616,2,1
AST-002273,Asset_2273,Workstation,Operations,0,3,3,4,4106947.7663610424,162853.23003651632,4,2
AST-002274,Asset_2274,Workstation,Marketing,0,1,1,1,1988272.1143542682,46109.26806885376,1,0
AST-002275,Asset_2275,Cloud_Storage,HR,1,4,3,4,7736801.280996715,226945.53826411447,9,3
AST-002276,Asset_2276,Workstation,Marketing,0,1,1,1,1881708.5880466108,25047.998402029796,7,1
AST-002277,Asset_2277,Workstation,Engineering,0,1,1,1,633914.4482203188,52359.52549894086,2,0
AST-002278,Asset_2278,Workstation,Operations,0,1,4,3,1635749.5178361433,147742.08444217214,5,3
AST-002279,Asset_2279,Workstation,HR,0,1,1,1,1815268.792009537,27765.502751496508,3,0
AST-002280,Asset_2280,Server,Sales,1,2,1,1,1999838.5886165993,84972.02669179224,15,2
AST-002281,Asset_2281,Server,Sales,0,2,1,1,1658722.1026024227,48793.03855487533,2,0
AST-002282,Asset_2282,Database,HR,1,2,1,2,3245324.481660617,75091.86389332652,15,4
AST-002283,Asset_2283,Workstation,Sales,0,2,4,4,1272513.2691745204,86934.72517678933,2,1
AST-002284,Asset_2284,Server,HR,0,1,4,3,1911287.3032217408,54231.90447997641,0,0
AST-002285,Asset_2285,Server,Finance,0,1,2,1,734116.4663844204,96420.42040510115,1,2
AST-002286,Asset_2286,Server,Sales,1,5,2,3,5931533.891276568,298691.4282753902,15,6
AST-002287,Asset_2287,Cloud_Storage,HR,1,3,2,3,5922590.323501933,272439.8536268621,14,3
AST-002288,Asset_2288,Database,HR,0,1,1,2,1982330.3248055156,102553.65778528072,1,2
AST-002289,Asset_2289,Workstation,Sales,0,2,1,2,3327970.8600866105,165424.83676617546,1,1
AST-002290,Asset_2290,Server,Finance,0,2,1,2,3517565.454483442,170170.7957464176,4,0
AST-002291,Asset_2291,Workstation,Sales,0,1,2,2,1950756.1132872505,73965.65791530476,4,0
AST-002292,Asset_2292,Server,HR,0,2,2,2,3782288.5282431077,125485.22903040021,5,0
AST-002293,Asset_2293,Server,Finance,0,2,4,3,2866325.8968515433,288341.9445248696,4,0
AST-002294,Asset_2294,Workstation,Marketing,0,1,3,2,1601925.471393095,70412.20403588112,2,0
AST-002295,Asset_2295,Server,Engineering,0,1,3,2,1390664.8309227917,139319.54735574455,4,0
AST-002296,Asset_2296,Server,Sales,0,3,1,2,3779228.7328720847,139257.40252654103,4,0
AST-002297,Asset_2297,Server,Operations,1,1,4,3,1821243.5247934207,152221.07599640713,17,3
AST-002298,Asset_2298,Server,HR,0,1,4,2,1607037.6682055297,108259.1939454928,3,1
AST-002299,Asset_2299,Server,Finance,1,3,4,3,5369172.76665614,153223.27831831505,18,1
AST-002300,Asset_2300,Database,Finance,0,3,1,2,1931599.3353243463,113793.8461426939,1,0
AST-002301,Asset_2301,Network_Device,Marketing,0,1,2,2,1364727.7514367225,46780.00327912793,2,0
AST-002302,Asset_2302,Workstation,Sales,0,4,2,3,3977100.9700894924,244581.7202386533,3,1
AST-002303,Asset_2303,Workstation,Operations,0,2,1,2,2540181.9349183477,138993.5203005661,2,1
AST-002304,Asset_2304,Server,Finance,0,1,5,3,1419448.1669548242,292932.0137886345,1,1
AST-002305,Asset_2305,Cloud_Storage,Marketing,0,2,1,2,3537275.416396853,64215.77403316014,1,1
AST-002306,Asset_2306,Database,HR,1,3,1,2,1643449.7605137676,46274.283753370146,15,7
AST-002307,Asset_2307,Server,Marketing,0,1,2,1,745975.0590223935,40829.86592762427,1,1
AST-002308,Asset_2308,Workstation,Sales,1,2,1,2,3764337.2238409477,111753.45256673107,11,2
AST-002309,Asset_2309,Server,Marketing,0,2,4,4,3901812.1297697616,113803.43959635093,1,0
AST-002310,Asset_2310,Database,Finance,0,2,2,3,1166268.0492923427,154362.2783894162,4,0
AST-002311,Asset_2311,Workstation,Finance,0,2,2,2,1995362.6287506656,135670.38458858652,2,0
AST-002312,Asset_2312,Network_Device,Engineering,1,2,2,2,1029189.9213017215,30110.833122572436,16,1
AST-002313,Asset_2313,Workstation,Marketing,0,1,1,1,1636172.019792106,78222.68768662013,2,0
AST-002314,Asset_2314,Workstation,HR,1,2,3,2,3045820.540722952,189148.0305193453,11,3
AST-002315,Asset_2315,Cloud_Storage,Operations,0,2,3,2,2694415.3461959013,68284.67868617877,3,1
AST-002316,Asset_2316,Server,Operations,1,3,2,2,4612475.279650042,159720.02689735606,19,7
AST-002317,Asset_2317,Server,Sales,0,2,5,3,2613373.63767346,142842.2505330451,2,0
AST-002318,Asset_2318,Database,Engineering,0,2,2,1,1716523.5267413976,69798.93957081865,1,0
AST-002319,Asset_2319,Workstation,Marketing,0,5,2,3,8157503.012166167,230614.33892163454,1,1
AST-002320,Asset_2320,Workstation,HR,0,1,4,2,1674916.6565974108,73095.25687238542,2,1
AST-002321,Asset_2321,Cloud_Storage,Engineering,0,1,2,2,1781302.8396098998,161731.56717138822,2,1
AST-002322,Asset_2322,Workstation,Finance,0,1,2,2,1931115.0176926341,38920.04034351881,3,1
AST-002323,Asset_2323,Workstation,Sales,0,1,1,1,1621312.4176108178,98805.23629823986,2,0
AST-002324,Asset_2324,Database,Marketing,0,2,3,2,1163649.374599818,80664.49729304251,3,1
AST-002325,Asset_2325,Network_Device,Operations,0,1,5,3,531257.8573197488,90426.74662492407,2,0
AST-002326,Asset_2326,Cloud_Storage,HR,0,1,2,2,1609806.0060567872,44957.728224684746,2,1
AST-002327,Asset_2327,Network_Device,Finance,0,1,1,1,584076.4473908168,83096.39127991354,2,1
AST-002328,Asset_2328,Server,Engineering,1,2,2,2,1947833.7948886799,125460.26720301202,12,3
AST-002329,Asset_2329,Workstation,Sales,1,4,3,4,2816959.325143801,382601.3069363607,15,4
AST-002330,Asset_2330,Server,Engineering,0,3,1,2,5860049.569809735,136582.11028381143,4,1
AST-002331,Asset_2331,Server,Operations,1,1,4,3,974591.2330481246,121960.1058739778,12,3
AST-002332,Asset_2332,Server,Engineering,0,2,4,2,1165440.7245109645,170554.2561215409,2,0
AST-002333,Asset_2333,Workstation,HR,0,1,2,1,1924411.3137738246,35311.15371131335,1,1
AST-002334,Asset_2334,Workstation,Finance,0,1,1,1,1413116.5679010018,36175.66168423121,0,1
AST-002335,Asset_2335,Server,Marketing,1,3,2,3,1662490.809370382,37635.624125952556,11,2
AST-002336,Asset_2336,Database,HR,0,2,1,1,3500083.1196592017,32682.042021435664,7,0
AST-002337,Asset_2337,Workstation,Operations,1,1,2,2,728793.0545876096,67058.15929479063,11,2
AST-002338,Asset_2338,Database,Sales,1,2,1,2,3407308.819483718,73553.87136781387,18,7
AST-002339,Asset_2339,Server,Operations,0,1,2,1,1404127.619309985,43176.57394173078,3,1
AST-002340,Asset_2340,Workstation,Operations,0,1,1,1,765672.8219546473,61900.65845381188,1,0
AST-002341,Asset_2341,Workstation,Engineering,0,2,3,2,3257794.1582592847,58950.38362367278,2,0
AST-002342,Asset_2342,Server,Sales,0,1,3,2,1181757.4634054198,134616.9830686564,0,1
AST-002343,Asset_2343,Server,HR,0,4,5,5,5828605.638536695,109991.77669522556,4,2
AST-002344,Asset_2344,Database,Operations,0,2,1,2,3608542.495944776,187563.96163126812,2,0
AST-002345,Asset_2345,Cloud_Storage,HR,0,3,1,2,2671341.5194305824,24699.842387535075,0,0
AST-002346,Asset_2346,Workstation,Marketing,0,3,2,2,3146871.033174782,183475.62002626396,3,0
AST-002347,Asset_2347,Workstation,Engineering,0,2,1,1,3991815.355643436,59248.023368247,2,0
AST-002348,Asset_2348,Database,HR,0,2,1,1,2524343.4104690477,73904.08107215866,1,1
AST-002349,Asset_2349,Workstation,Sales,0,1,2,2,1337754.0115949842,73701.69155991203,3,0
AST-002350,Asset_2350,Server,Operations,0,2,2,2,1856315.6194940307,51283.78128280572,2,0
AST-002351,Asset_2351,Workstation,Marketing,0,1,1,1,1124040.8789049126,95256.52379618798,2,0
AST-002352,Asset_2352,Cloud_Storage,Sales,1,1,2,2,1252327.6207601056,99380.68719440907,9,3
AST-002353,Asset_2353,Workstation,Engineering,0,2,2,2,1775334.1791638758,106492.32224412877,1,1
AST-002354,Asset_2354,Network_Device,Marketing,0,3,1,2,2571654.800148067,197422.11277693955,5,0
AST-002355,Asset_2355,Workstation,Marketing,1,5,4,5,7003501.118980887,201230.95954206178,13,1
AST-002356,Asset_2356,Server,Marketing,0,1,1,1,775477.1664794264,19017.244180045203,0,0
AST-002357,Asset_2357,Cloud_Storage,Operations,1,2,1,2,2660373.2044047723,125644.56011534893,11,3
AST-002358,Asset_2358,Server,Finance,0,4,1,2,6237284.141717004,119865.36458352924,0,1
AST-002359,Asset_2359,Workstation,Marketing,1,1,1,1,797386.4325953841,79579.39311210868,15,4
AST-002360,Asset_2360,Server,Sales,1,1,4,2,1618817.0926340423,191914.05719078792,20,5
AST-002361,Asset_2361,Server,Sales,0,1,1,2,1039526.5622194118,75381.3878101283,1,0
AST-002362,Asset_2362,Workstation,Engineering,0,4,3,3,7955027.227131231,224885.04083054556,0,1
AST-002363,Asset_2363,Server,HR,1,1,2,1,1968615.215151056,49105.276558569036,16,5
AST-002364,Asset_2364,Workstation,HR,1,1,2,1,1697891.9502778258,80539.55106490245,9,1
AST-002365,Asset_2365,Workstation,Finance,1,2,4,3,2028162.3295885564,74354.77990773504,13,3
AST-002366,Asset_2366,Server,Operations,0,3,3,3,5717445.618039268,165231.23263431914,2,0
AST-002367,Asset_2367,Server,Operations,1,4,1,1,7992674.031249525,16946.82350822923,13,3
AST-002368,Asset_2368,Workstation,Marketing,0,2,3,3,2386835.694825335,181517.12288463433,3,2
AST-002369,Asset_2369,Database,Finance,0,4,2,3,5687536.285379683,75622.87449069234,2,0
AST-002370,Asset_2370,Workstation,Engineering,0,1,1,1,508980.5044755792,96404.05627448148,0,0
AST-002371,Asset_2371,Workstation,Engineering,0,1,2,1,565299.8154962036,59889.72984414438,2,0
AST-002372,Asset_2372,Network_Device,HR,0,4,5,5,5003586.86580193,288218.5647297846,2,3
AST-002373,Asset_2373,Workstation,Engineering,0,2,1,1,2827941.621771614,97509.76513168223,5,1
AST-002374,Asset_2374,Workstation,Marketing,0,1,3,2,968589.5038364546,109714.75161981596,0,1
AST-002375,Asset_2375,Workstation,Sales,0,2,1,2,1297389.4611491521,141810.76352803042,1,0
AST-002376,Asset_2376,Server,Engineering,1,3,1,2,5020224.669016678,28402.6752164491,7,6
AST-002377,Asset_2377,Database,Finance,0,3,4,4,3384420.172859664,295001.97361368104,1,0
AST-002378,Asset_2378,Workstation,Marketing,0,4,2,4,5893090.355208273,77551.7345626956,4,0
AST-002379,Asset_2379,Workstation,Engineering,0,2,1,2,2950603.586114429,160442.23330643578,1,0
AST-002380,Asset_2380,Workstation,Operations,0,4,2,3,5281032.098435914,266748.37478723534,3,0
AST-002381,Asset_2381,Network_Device,Engineering,0,2,3,3,1535468.712136887,115176.32451239374,2,0
AST-002382,Asset_2382,Network_Device,Operations,0,2,2,2,2848244.029968566,178063.40252911145,0,1
AST-002383,Asset_2383,Cloud_Storage,Marketing,0,3,1,3,2949378.0416797944,160311.92022015608,0,0
AST-002384,Asset_2384,Workstation,Engineering,1,2,2,2,3457375.6197877703,122883.69461350256,15,1
AST-002385,Asset_2385,Database,Operations,0,1,4,3,789795.274090138,140965.3751932978,4,0
AST-002386,Asset_2386,Workstation,Sales,0,1,2,1,936722.6209738958,52888.791471599136,1,0
AST-002387,Asset_2387,Database,HR,0,2,3,2,2320917.8988962695,183488.76146307017,6,0
AST-002388,Asset_2388,Workstation,Marketing,0,1,3,2,1610019.6953044643,190512.99257121357,1,1
AST-002389,Asset_2389,Workstation,Operations,0,1,1,2,1581125.86573335,100256.4095764803,2,3
AST-002390,Asset_2390,Workstation,Finance,0,1,2,1,1005664.9305873571,56292.53254895807,7,0
AST-002391,Asset_2391,Database,Engineering,0,1,1,3,1266128.0463224342,61367.24555761369,2,1
AST-002392,Asset_2392,Server,Operations,0,3,1,2,2554055.702216685,78611.80590243153,3,0
AST-002393,Asset_2393,Workstation,Operations,0,1,1,2,1655547.9162407487,112382.69220522096,3,0
AST-002394,Asset_2394,Server,Operations,0,1,3,2,795064.8272523165,56464.89501761377,2,0
AST-002395,Asset_2395,Network_Device,HR,1,2,1,1,3458040.7404314205,61887.993763189465,17,3
AST-002396,Asset_2396,Database,Finance,0,3,1,3,5715888.45340035,215026.47313761018,4,0
AST-002397,Asset_2397,Server,Finance,0,1,1,1,1987424.1080291274,68496.40409335418,2,0
AST-002398,Asset_2398,Server,Sales,0,1,1,1,1785443.2360308152,49826.124368946446,3,0
AST-002399,Asset_2399,Workstation,HR,1,4,2,3,3330193.936642703,237716.16255126186,13,3
AST-002400,Asset_2400,Workstation,Operations,1,1,3,2,1124770.447357961,77514.03394244133,18,2
AST-002401,Asset_2401,Database,Marketing,0,4,1,3,2533021.0760301305,156704.7722923605,1,0
AST-002402,Asset_2402,Server,HR,1,1,1,1,746827.0398488202,34313.93994374276,14,1
AST-002403,Asset_2403,Workstation,HR,0,1,3,2,574545.6244574775,128653.14621181838,1,0
AST-002404,Asset_2404,Database,Finance,1,1,2,2,1461631.867314028,99327.2659847516,18,4
AST-002405,Asset_2405,Workstation,Sales,0,1,3,2,1299780.701774591,59080.29437891956,3,0
AST-002406,Asset_2406,Workstation,Sales,0,4,1,2,7502076.900719444,75473.29187496373,3,1
AST-002407,Asset_2407,Database,HR,0,5,3,4,5972557.575957533,140608.50766501232,2,1
AST-002408,Asset_2408,Server,HR,0,5,2,2,7317300.290832263,183964.2895377799,2,0
AST-002409,Asset_2409,Cloud_Storage,Engineering,0,4,2,3,4409584.828466978,170927.65437037547,1,0
AST-002410,Asset_2410,Workstation,Operations,0,3,1,3,5232556.67710153,206217.0763847826,1,0
AST-002411,Asset_2411,Workstation,Finance,0,2,1,2,3779127.0949487286,188252.0792663337,3,0
AST-002412,Asset_2412,Server,Operations,0,3,3,2,3442792.8155148327,52799.20314842051,0,1
AST-002413,Asset_2413,Workstation,Marketing,0,1,1,2,624051.9807144864,188640.87629558225,2,0
AST-002414,Asset_2414,Server,Marketing,1,1,1,1,745303.7437775945,58567.3488926809,13,3
AST-002415,Asset_2415,Workstation,Sales,1,2,2,2,3161632.991373719,174118.55766558542,11,4
AST-002416,Asset_2416,Cloud_Storage,Finance,1,4,2,4,3951604.751531689,100478.39976415093,18,4
AST-002417,Asset_2417,Database,Operations,1,2,2,2,3356154.9175843284,69128.45825818297,11,2
AST-002418,Asset_2418,Server,Sales,0,3,2,3,4873918.067309608,82426.1779859014,2,0
AST-002419,Asset_2419,Server,Marketing,0,2,2,1,3082905.003689439,68807.96053640562,2,0
AST-002420,Asset_2420,Database,HR,0,3,2,2,5163975.980024075,45337.05245826207,2,1
AST-002421,Asset_2421,Server,Finance,0,5,4,4,8174169.027045675,325308.11850157107,3,0
AST-002422,Asset_2422,Server,Finance,0,1,2,2,1448881.848736226,65078.532409555795,2,0
AST-002423,Asset_2423,Workstation,Operations,1,4,2,2,2025363.251481451,65985.58315630934,19,3
AST-002424,Asset_2424,Workstation,Engineering,0,2,1,1,2547031.6242800793,35300.916675187465,1,1
AST-002425,Asset_2425,Server,Operations,1,2,4,3,2785758.6791946795,231524.78577150404,18,4
AST-002426,Asset_2426,Cloud_Storage,HR,0,4,1,2,7763875.405324414,186358.8712897404,0,1
AST-002427,Asset_2427,Server,HR,1,2,2,3,2951446.184638566,275027.70382332883,17,3
AST-002428,Asset_2428,Cloud_Storage,Sales,0,2,1,1,2726421.265663854,19112.87989096525,2,0
AST-002429,Asset_2429,Database,Finance,0,2,2,2,2623581.5304586366,67238.642595562,4,1
AST-002430,Asset_2430,Network_Device,Sales,1,1,1,1,654939.490613729,70496.37693309507,8,4
AST-002431,Asset_2431,Workstation,HR,0,2,3,3,2282859.632154139,197008.67300460133,4,1
AST-002432,Asset_2432,Network_Device,Engineering,0,1,1,1,701533.5387467694,41502.615841500985,3,1
AST-002433,Asset_2433,Cloud_Storage,Finance,0,4,2,3,2316186.503584546,262967.697321956,1,0
AST-002434,Asset_2434,Server,HR,0,1,3,2,994203.7882158575,43483.92952133647,1,1
AST-002435,Asset_2435,Cloud_Storage,Engineering,0,2,1,2,2936326.5060881954,135025.7380553383,2,1
AST-002436,Asset_2436,Database,Operations,0,4,1,3,7200784.010297437,103732.80843667022,3,0
AST-002437,Asset_2437,Database,Marketing,0,4,2,2,6862195.203464675,114891.43196931161,2,0
AST-002438,Asset_2438,Database,HR,0,3,5,4,2826104.3278570664,179495.1653617064,3,0
AST-002439,Asset_2439,Workstation,Marketing,0,2,1,1,1137989.8550699132,98176.15894848635,3,0
AST-002440,Asset_2440,Server,Sales,1,1,1,1,1104017.2639057543,53802.304639713744,15,1
AST-002441,Asset_2441,Workstation,Marketing,1,1,2,2,972168.9359960812,195696.81070209134,14,6
AST-002442,Asset_2442,Workstation,HR,0,1,1,1,1056896.802085135,32951.88250393305,4,0
AST-002443,Asset_2443,Workstation,Marketing,0,3,2,3,4015945.2339379736,237344.05171601637,2,0
AST-002444,Asset_2444,Network_Device,Finance,0,1,3,2,545620.2848321716,149070.46253461568,1,0
AST-002445,Asset_2445,Workstation,HR,1,2,1,2,2112417.2091191774,172576.1517431782,17,1
AST-002446,Asset_2446,Database,Engineering,1,1,3,2,1337949.9642291928,144849.34347663168,10,2
AST-002447,Asset_2447,Server,Marketing,1,2,2,3,2292912.612899583,214236.95649254645,19,2
AST-002448,Asset_2448,Server,Finance,0,2,4,4,3001686.82839323,277854.7926203022,2,1
AST-002449,Asset_2449,Server,Sales,0,3,5,4,2337593.0636332827,394618.5659475119,1,2
AST-002450,Asset_2450,Database,Sales,0,1,2,2,730742.1638956842,61057.59969401561,4,2
AST-002451,Asset_2451,Server,Marketing,0,1,2,1,961811.63612267,12710.231637347071,3,0
AST-002452,Asset_2452,Cloud_Storage,Sales,0,1,3,3,652593.8627794163,213052.1333971577,2,0
AST-002453,Asset_2453,Workstation,Engineering,0,1,1,1,854392.804042994,25510.399298700366,2,0
AST-002454,Asset_2454,Database,HR,1,2,1,1,1260713.3727591494,71144.55371448747,11,2
AST-002455,Asset_2455,Workstation,Finance,0,1,5,2,1102966.6303996583,77543.37394934609,3,0
AST-002456,Asset_2456,Server,Operations,1,1,2,1,1567184.1086720563,13901.654566583911,16,3
AST-002457,Asset_2457,Workstation,Marketing,0,4,1,2,3719228.4842743333,158558.23860033447,4,0
AST-002458,Asset_2458,Workstation,Sales,1,2,3,2,1011192.7443343392,29296.67147098838,22,1
AST-002459,Asset_2459,Workstation,HR,1,1,2,1,1335601.1531586365,30172.448407152067,12,4
AST-002460,Asset_2460,Workstation,Operations,1,1,1,2,1537912.3208269933,80553.5540831319,9,5
AST-002461,Asset_2461,Cloud_Storage,Engineering,1,1,1,2,1086974.2735543898,43894.90110458007,13,5
AST-002462,Asset_2462,Network_Device,Sales,1,2,1,3,1890999.703965471,276663.673441144,13,3
AST-002463,Asset_2463,Workstation,Sales,0,2,4,4,2471913.3984415107,263861.13673004985,1,0
AST-002464,Asset_2464,Workstation,Finance,0,2,4,3,1303718.994365091,266356.9056377383,5,0
AST-002465,Asset_2465,Workstation,Engineering,0,1,1,1,1465889.3299858803,71384.68566618187,2,1
AST-002466,Asset_2466,Server,Engineering,1,2,3,3,3199891.446354884,297825.2596209887,8,5
AST-002467,Asset_2467,Database,Marketing,1,2,2,1,3113892.031517618,57263.75189745934,15,5
AST-002468,Asset_2468,Server,Operations,0,2,2,2,1986000.8206189377,29677.38343315843,4,0
AST-002469,Asset_2469,Workstation,Finance,0,3,1,1,5292197.990004046,24477.27799219133,1,1
AST-002470,Asset_2470,Workstation,Marketing,0,1,2,2,1920273.1558604965,125917.87915436846,1,0
AST-002471,Asset_2471,Server,Finance,1,1,1,1,945611.3344907479,41295.568515187915,15,1
AST-002472,Asset_2472,Cloud_Storage,Engineering,0,4,1,2,3576315.123727112,40320.70417375104,1,0
AST-002473,Asset_2473,Cloud_Storage,Finance,0,1,1,1,1556158.6395933807,31432.576772678396,0,1
AST-002474,Asset_2474,Workstation,Finance,0,1,1,1,1562422.9382975888,52711.36573307605,2,0
AST-002475,Asset_2475,Workstation,Finance,0,3,5,4,3796878.3996250955,226545.47327788352,1,2
AST-002476,Asset_2476,Network_Device,HR,0,2,5,3,3769960.0107935243,282336.93987690745,1,1
AST-002477,Asset_2477,Server,HR,0,3,3,2,2158417.6104105255,36322.26469521606,2,0
AST-002478,Asset_2478,Workstation,Operations,1,1,1,1,1216050.6369057568,42202.670515066085,13,4
AST-002479,Asset_2479,Server,Operations,0,1,2,1,552810.3072501112,55544.42902520155,1,0
AST-002480,Asset_2480,Workstation,Engineering,0,1,2,2,578983.9130271723,40388.164574995244,1,0
AST-002481,Asset_2481,Server,Finance,1,2,1,2,1161053.602407352,143804.3641898014,12,2
AST-002482,Asset_2482,Network_Device,Engineering,1,1,1,1,1237682.2596286584,56352.52821855437,17,2
AST-002483,Asset_2483,Cloud_Storage,HR,1,2,2,2,2766893.659042228,102712.14518571575,12,5
AST-002484,Asset_2484,Server,Finance,0,1,1,1,505231.24476913555,69047.25164488808,0,1
AST-002485,Asset_2485,Workstation,Marketing,1,1,3,1,1448819.6060291561,35903.322193961096,25,3
AST-002486,Asset_2486,Cloud_Storage,HR,0,2,2,2,2469102.2564190207,81078.87830286697,2,2
AST-002487,Asset_2487,Workstation,HR,1,5,1,4,4178514.1454624757,98571.45939549422,18,5
AST-002488,Asset_2488,Network_Device,HR,0,4,2,3,2090600.7324590601,171406.01146016087,5,1
AST-002489,Asset_2489,Workstation,Finance,0,5,1,3,3670773.9988332125,130550.36351227894,0,0
AST-002490,Asset_2490,Database,Operations,0,2,1,2,2800996.7067744723,66859.55550663211,1,1
AST-002491,Asset_2491,Server,Sales,0,1,1,1,1488260.3056099745,21226.798697891667,2,0
AST-002492,Asset_2492,Server,Marketing,1,1,3,1,1470591.8028033662,12090.268383864444,15,3
AST-002493,Asset_2493,Workstation,Marketing,0,2,1,2,1459486.9603232366,54803.40885942522,0,0
AST-002494,Asset_2494,Database,Engineering,0,1,2,1,1866821.4710033399,32268.357714377828,4,1
AST-002495,Asset_2495,Workstation,Finance,0,1,1,1,1116428.1103304825,53689.2676073767,1,0
AST-002496,Asset_2496,Workstation,Operations,0,1,1,1,1652011.1328330608,31689.69611119626,0,1
AST-002497,Asset_2497,Workstation,HR,1,2,1,2,1499442.8191147018,167177.62886014726,20,2
AST-002498,Asset_2498,Network_Device,Sales,1,1,2,1,1205853.0686380127,52671.60011156436,10,2
AST-002499,Asset_2499,Cloud_Storage,Finance,1,1,2,1,1282281.7660787038,66142.9687885078,19,2
AST-002500,Asset_2500,Workstation,Finance,0,2,3,3,3311065.7524849963,86143.35300933462,4,1
AST-002501,Asset_2501,Network_Device,Operations,0,1,1,1,1432278.402492989,47451.53160769226,2,0
AST-002502,Asset_2502,Workstation,Sales,0,2,1,2,2197907.467301783,128499.92425361251,3,0
AST-002503,Asset_2503,Workstation,HR,0,3,2,2,2771315.920989963,75988.2598278296,5,0
AST-002504,Asset_2504,Cloud_Storage,Finance,0,1,1,1,1959435.1261476316,40257.76680154243,1,0
AST-002505,Asset_2505,Server,Marketing,1,3,1,2,2780384.9702617824,165336.53303754935,16,7
AST-002506,Asset_2506,Server,Marketing,0,1,1,1,694210.8806386775,85346.32332911341,1,0
AST-002507,Asset_2507,Network_Device,Sales,0,2,3,3,1901250.07215271,173894.05175389413,5,0
AST-002508,Asset_2508,Workstation,HR,0,2,2,1,1980809.1988680386,90676.96797781922,3,0
AST-002509,Asset_2509,Network_Device,Sales,0,5,1,3,3458946.3177820044,228904.14080901162,5,1
AST-002510,Asset_2510,Network_Device,Finance,1,2,2,1,3124435.307163549,14977.14273003707,15,2
AST-002511,Asset_2511,Server,Marketing,0,1,3,2,1428747.521341838,120705.22046326684,2,0
AST-002512,Asset_2512,Network_Device,Engineering,0,2,1,2,1949846.432450452,145602.79353323628,1,1
AST-002513,Asset_2513,Workstation,Sales,0,1,1,1,1989500.14104499,58679.634837567195,1,0
AST-002514,Asset_2514,Workstation,Engineering,1,2,2,2,2965033.2194972932,169755.65305720034,19,6
AST-002515,Asset_2515,Workstation,Engineering,1,1,2,2,1554778.080058655,74150.68337625277,13,1
AST-002516,Asset_2516,Cloud_Storage,Operations,0,2,1,2,2671547.9503115225,31786.24396653401,0,0
AST-002517,Asset_2517,Server,Marketing,0,1,2,1,1327362.1108793244,67025.84759066149,2,0
AST-002518,Asset_2518,Workstation,Sales,0,3,2,2,1590100.1996022565,151544.11034824455,3,0
AST-002519,Asset_2519,Workstation,Engineering,0,2,3,2,3312718.830907111,157745.6962924096,0,0
AST-002520,Asset_2520,Workstation,Finance,1,1,1,1,1866111.1387483978,10995.447109203205,15,1
AST-002521,Asset_2521,Workstation,Operations,1,4,1,2,2733583.8659833353,141208.08469848815,13,2
AST-002522,Asset_2522,Server,HR,1,2,2,2,3386891.4364214684,23731.001174392844,20,2
AST-002523,Asset_2523,Server,Operations,0,1,2,1,1301460.5117954025,79730.74149471513,2,1
AST-002524,Asset_2524,Database,HR,1,1,1,1,927963.7422744099,73279.46265684353,20,5
AST-002525,Asset_2525,Network_Device,Marketing,0,2,3,2,3762652.2030829634,122134.50265554927,1,0
AST-002526,Asset_2526,Server,Sales,1,1,2,2,526056.3531105509,111138.39307558046,19,5
AST-002527,Asset_2527,Server,Sales,0,4,3,3,3644351.34990798,223079.1230235724,4,0
AST-002528,Asset_2528,Cloud_Storage,HR,0,1,1,1,1829374.745789317,15147.577752126377,1,1
AST-002529,Asset_2529,Server,Finance,0,1,3,1,1221521.7405618033,84897.04305893925,3,0
AST-002530,Asset_2530,Cloud_Storage,HR,0,4,2,3,5593530.826966036,84331.07073438625,1,0
AST-002531,Asset_2531,Workstation,HR,0,5,1,3,8123259.959008273,159002.99304397736,1,0
AST-002532,Asset_2532,Network_Device,Sales,1,1,1,2,721960.4243350079,107623.89645334397,16,4
AST-002533,Asset_2533,Server,Engineering,0,3,1,2,2468287.9673276762,159882.23594740225,3,0
AST-002534,Asset_2534,Server,Finance,0,1,2,1,1997943.2792813883,27369.19633602263,1,0
AST-002535,Asset_2535,Workstation,Sales,0,3,1,2,2568537.178153026,73954.95300903186,4,0
AST-002536,Asset_2536,Network_Device,Operations,0,4,5,4,5235215.0381140765,278718.86582778767,0,0
AST-002537,Asset_2537,Workstation,HR,1,1,4,3,948060.9048752424,141448.37015425035,15,2
AST-002538,Asset_2538,Server,Engineering,0,1,3,3,1777129.4948290463,110693.17822518578,3,0
AST-002539,Asset_2539,Workstation,Finance,0,1,2,2,1942633.743097327,131856.18004518285,2,0
AST-002540,Asset_2540,Workstation,Marketing,1,1,3,2,711938.6210061432,35582.99424615819,14,2
AST-002541,Asset_2541,Workstation,Finance,1,1,1,1,1400860.1935739634,81080.07147270485,12,1
AST-002542,Asset_2542,Workstation,Finance,0,3,2,2,5152094.398519549,114454.85910217302,1,1
AST-002543,Asset_2543,Network_Device,HR,1,1,1,1,1734541.7944968557,28541.845837785106,11,1
AST-002544,Asset_2544,Workstation,HR,0,2,1,2,2321343.0574052455,93532.86511410394,3,1
AST-002545,Asset_2545,Server,Marketing,1,3,1,2,2514193.538226092,43593.82423006914,16,5
AST-002546,Asset_2546,Workstation,Marketing,0,2,2,2,2161419.778337328,130984.60032728325,1,0
AST-002547,Asset_2547,Server,Marketing,1,2,1,3,3253458.1270727646,210711.17045596195,16,3
AST-002548,Asset_2548,Workstation,Sales,0,1,3,3,1990666.8384210076,139427.20058718164,3,2
AST-002549,Asset_2549,Workstation,Sales,0,2,4,3,2662867.6236400544,121716.43182686227,3,1
AST-002550,Asset_2550,Server,HR,0,1,1,1,792686.6129736835,86480.62742270397,0,0
AST-002551,Asset_2551,Database,HR,0,3,2,2,1688706.4504686645,123692.46386799954,0,0
AST-002552,Asset_2552,Server,Marketing,1,1,3,2,1915534.7598464906,140063.82896812705,15,6
AST-002553,Asset_2553,Network_Device,Sales,0,2,1,2,2449099.6068168376,42953.44041235072,0,1
AST-002554,Asset_2554,Cloud_Storage,Engineering,0,2,4,3,3149778.005553142,222597.82945062625,2,1
AST-002555,Asset_2555,Server,Sales,0,2,4,3,2980543.105438428,150044.90912123636,3,0
AST-002556,Asset_2556,Cloud_Storage,HR,0,1,1,2,1836306.926225813,86000.31610166615,4,0
AST-002557,Asset_2557,Workstation,Sales,1,1,1,2,899135.8588219746,187292.75593678426,15,5
AST-002558,Asset_2558,Server,HR,0,4,5,4,4650320.559697174,59416.23539054947,2,0
AST-002559,Asset_2559,Server,Marketing,0,1,5,2,1870431.2479766973,55209.15288190127,2,1
AST-002560,Asset_2560,Workstation,Marketing,1,1,2,1,1378364.2876819023,43753.60774783375,7,5
AST-002561,Asset_2561,Workstation,Marketing,1,2,1,2,1214084.9092029461,78327.21748203109,16,4
AST-002562,Asset_2562,Workstation,Engineering,0,3,2,3,2375178.7944435626,167884.63951183244,1,1
AST-002563,Asset_2563,Server,Engineering,0,1,1,2,855822.5255432649,92162.36946097326,1,1
AST-002564,Asset_2564,Server,HR,1,2,4,2,3981356.4798360476,161892.0305912451,9,8
AST-002565,Asset_2565,Workstation,Finance,1,2,3,2,1672416.970170516,158240.09956998212,12,2
AST-002566,Asset_2566,Server,Operations,1,1,2,1,1804526.107423084,79513.72984332548,16,0
AST-002567,Asset_2567,Server,Engineering,1,2,1,1,1234286.9498480845,43241.909732021115,21,5
AST-002568,Asset_2568,Server,HR,1,3,3,3,2317743.1204823516,139989.48899559127,21,5
AST-002569,Asset_2569,Network_Device,Sales,1,5,1,3,9040414.08752499,224524.72069973184,17,3
AST-002570,Asset_2570,Cloud_Storage,Marketing,1,1,1,2,1848404.7150988942,42355.70594964755,22,0
AST-002571,Asset_2571,Workstation,Marketing,0,2,2,1,1528588.7558584036,86672.76554427783,1,1
AST-002572,Asset_2572,Cloud_Storage,Marketing,0,2,2,2,1689556.5525951576,117426.48280637494,2,0
AST-002573,Asset_2573,Database,HR,0,1,3,2,1295850.9969982402,172738.13968008477,2,2
AST-002574,Asset_2574,Workstation,Marketing,0,2,4,4,1158048.8563142724,325697.0731368568,2,0
AST-002575,Asset_2575,Server,Engineering,1,1,1,1,1917926.251183041,43694.47768379312,20,5
AST-002576,Asset_2576,Workstation,Sales,1,1,2,2,1043115.087637524,38280.747799826655,14,4
AST-002577,Asset_2577,Cloud_Storage,Marketing,1,1,2,1,1233931.9486762276,92874.72167289822,12,2
AST-002578,Asset_2578,Workstation,HR,1,1,1,2,657572.5326913223,82028.96294898618,9,2
AST-002579,Asset_2579,Database,Sales,0,2,3,3,1097633.903632153,130910.25645038663,2,0
AST-002580,Asset_2580,Workstation,Marketing,1,1,2,1,1201725.3597048414,91814.3650944214,16,1
AST-002581,Asset_2581,Server,Finance,0,2,4,3,1365002.1102572803,277683.744788019,4,0
AST-002582,Asset_2582,Network_Device,Marketing,0,1,2,2,1445478.0323354616,67323.11364096534,0,0
AST-002583,Asset_2583,Workstation,Operations,0,2,1,1,3383443.910008663,18006.065258145867,0,0
AST-002584,Asset_2584,Workstation,Engineering,1,4,1,3,2190026.790337341,30299.167082225584,16,6
AST-002585,Asset_2585,Workstation,Sales,0,1,1,1,1418333.753661604,49446.50361597608,2,0
AST-002586,Asset_2586,Workstation,Engineering,1,2,1,2,3446880.2521646945,122343.21229292917,14,2
AST-002587,Asset_2587,Server,Finance,0,2,2,1,2318283.9385959213,34330.42028189321,1,1
AST-002588,Asset_2588,Workstation,Finance,0,2,1,1,3879113.9915289804,33377.46859889348,0,0
AST-002589,Asset_2589,Server,Operations,0,1,5,3,666792.3600384176,126331.96225745302,6,0
AST-002590,Asset_2590,Workstation,Engineering,0,2,1,2,1968953.39035524,67355.3185316138,4,1
AST-002591,Asset_2591,Network_Device,Sales,1,1,2,1,845112.5509033559,87259.45640970198,13,0
AST-002592,Asset_2592,Network_Device,Finance,0,1,1,1,1994286.733311462,67855.8152001524,1,0
AST-002593,Asset_2593,Workstation,Finance,1,2,2,2,1882529.0626167362,169210.4299188019,12,4
AST-002594,Asset_2594,Workstation,Marketing,1,1,1,2,1081890.122591021,174886.08492899223,15,1
AST-002595,Asset_2595,Server,Operations,1,2,1,1,3542849.469126947,49150.895140552544,10,2
AST-002596,Asset_2596,Workstation,HR,0,2,2,2,3789890.52395924,105963.94075339517,0,0
AST-002597,Asset_2597,Server,Finance,1,3,2,3,5719862.531962704,294011.2916470141,9,3
AST-002598,Asset_2598,Workstation,Sales,0,1,2,1,1337252.0579736254,83515.59211274657,5,0
AST-002599,Asset_2599,Server,Sales,0,5,2,4,7474766.695359755,327241.9554973993,0,0
AST-002600,Asset_2600,Server,Marketing,0,2,3,2,2047515.1802902503,125068.37730907589,0,0
AST-002601,Asset_2601,Workstation,Sales,1,1,4,3,1410738.0940254214,154510.57007758276,19,3
AST-002602,Asset_2602,Server,Marketing,0,1,3,2,954122.1026766064,181029.92539667964,3,2
AST-002603,Asset_2603,Workstation,Finance,0,2,1,1,3238085.069077967,82410.1265428489,1,1
AST-002604,Asset_2604,Database,Finance,0,4,5,4,3843260.699311418,226044.00664040897,1,0
AST-002605,Asset_2605,Server,Finance,0,2,4,2,3638232.124726193,68688.34435532882,6,1
AST-002606,Asset_2606,Workstation,Finance,0,2,3,3,1430451.6678164885,69765.43906824599,2,0
AST-002607,Asset_2607,Server,HR,1,1,2,2,1357707.6937226807,119487.0275398324,24,5
AST-002608,Asset_2608,Server,Operations,0,1,1,1,1281013.2444124215,36642.70178361548,0,0
AST-002609,Asset_2609,Workstation,Operations,1,1,3,2,895576.2115914148,67558.84150754716,12,2
AST-002610,Asset_2610,Server,HR,0,3,4,4,1626009.491295943,78083.04436985892,2,0
AST-002611,Asset_2611,Network_Device,Finance,1,1,2,1,722800.5295954054,13102.54479024901,21,1
AST-002612,Asset_2612,Server,Sales,0,1,2,2,1951926.7498217963,161003.68806245958,1,0
AST-002613,Asset_2613,Server,Marketing,0,1,1,2,1911956.791459056,39437.31200964294,0,1
AST-002614,Asset_2614,Workstation,Operations,0,4,1,2,2715804.339517709,179949.70399941388,1,1
AST-002615,Asset_2615,Database,Engineering,0,3,3,3,3186870.8949120166,87721.3580504697,0,0
AST-002616,Asset_2616,Server,Marketing,1,1,1,2,1197689.9286958822,156741.62463167912,9,3
AST-002617,Asset_2617,Database,Engineering,0,4,2,2,4868431.584736528,168139.90643785,0,0
AST-002618,Asset_2618,Server,Engineering,1,1,3,2,948229.7306983131,162660.065977841,13,3
AST-002619,Asset_2619,Network_Device,Finance,1,1,1,1,1869429.2490051028,88557.0238060111,16,1
AST-002620,Asset_2620,Database,Engineering,0,1,1,2,1862735.9007250655,81149.75426615632,4,2
AST-002621,Asset_2621,Workstation,Finance,0,1,3,2,528392.6308035939,197459.92573083958,2,1
AST-002622,Asset_2622,Network_Device,HR,0,1,1,2,1475002.0632761386,70327.04610982513,4,1
AST-002623,Asset_2623,Workstation,Sales,0,2,1,1,1223087.2254004222,94086.82809081388,1,0
AST-002624,Asset_2624,Cloud_Storage,Engineering,0,2,3,2,2792492.986393826,98739.21707409305,1,1
AST-002625,Asset_2625,Database,Sales,1,2,3,2,3600678.689205397,30247.75877727747,20,3
AST-002626,Asset_2626,Cloud_Storage,Finance,0,2,4,2,2948592.848870583,161284.96447490668,4,1
AST-002627,Asset_2627,Server,Engineering,0,3,2,3,3610174.267246929,242600.92489735654,2,0
AST-002628,Asset_2628,Workstation,Marketing,0,1,2,1,1936843.5937573907,27756.810502545854,5,0
AST-002629,Asset_2629,Workstation,HR,0,2,3,2,3239795.7490526196,168232.24066387705,1,0
AST-002630,Asset_2630,Database,Operations,1,2,2,2,1747928.1182584108,48364.29253138352,14,2
AST-002631,Asset_2631,Workstation,HR,1,4,2,3,4321621.406312104,70886.54792126664,10,2
AST-002632,Asset_2632,Workstation,Engineering,1,1,2,2,1639813.001059946,165605.47182811302,20,5
AST-002633,Asset_2633,Server,HR,1,1,1,1,528971.3721740833,36119.72118767872,16,5
AST-002634,Asset_2634,Server,Operations,0,2,2,2,1191889.9076448162,33838.01032908585,1,0
AST-002635,Asset_2635,Workstation,Marketing,0,3,1,2,5367404.30306895,192141.91746627438,2,1
AST-002636,Asset_2636,Workstation,Sales,0,1,1,1,564418.9844508028,60133.61403362849,0,1
AST-002637,Asset_2637,Cloud_Storage,Marketing,1,2,5,4,3035541.52359746,201307.8961956364,14,5
AST-002638,Asset_2638,Workstation,HR,1,1,1,1,978358.9355837521,55369.903947495455,23,2
AST-002639,Asset_2639,Cloud_Storage,Operations,0,5,1,4,8694187.88308532,281362.0997866653,0,1
AST-002640,Asset_2640,Workstation,Sales,0,1,1,1,1771019.0982959408,87549.93867173814,1,1
AST-002641,Asset_2641,Server,Operations,0,1,2,1,1930008.6621225928,70532.09994768261,1,0
AST-002642,Asset_2642,Server,Marketing,1,1,4,3,643324.329556224,229672.12610176165,22,2
AST-002643,Asset_2643,Workstation,Finance,0,2,3,2,2268541.027688049,52427.55441055371,5,2
AST-002644,Asset_2644,Workstation,Finance,1,1,3,2,1360937.8849330172,89136.752561745,18,3
AST-002645,Asset_2645,Server,Sales,0,3,4,3,5622255.9581541475,187898.64411296727,1,0
AST-002646,Asset_2646,Database,Sales,0,4,4,4,3599084.872598638,262986.33772231056,2,0
AST-002647,Asset_2647,Cloud_Storage,Sales,1,1,1,1,607441.2360906815,34362.38005585236,9,2
AST-002648,Asset_2648,Workstation,Finance,0,2,2,2,1605293.861782303,195496.8053419726,3,0
AST-002649,Asset_2649,Workstation,Marketing,1,1,1,1,1243367.4856327847,20636.737494510067,19,6
AST-002650,Asset_2650,Workstation,Sales,1,1,1,2,1521576.5034181857,40210.10266816849,18,3
AST-002651,Asset_2651,Server,Finance,0,1,2,2,1536011.0319684388,61247.03579020735,3,2
AST-002652,Asset_2652,Database,Sales,1,1,2,2,611994.9606414702,155704.38774661708,17,3
AST-002653,Asset_2653,Database,Sales,0,2,2,2,3284230.793687261,26579.23192228703,6,1
AST-002654,Asset_2654,Server,Operations,0,1,1,1,1490359.1048291498,98907.92007432238,1,0
AST-002655,Asset_2655,Workstation,Sales,1,4,1,2,4445259.123280114,197791.3003747671,13,6
AST-002656,Asset_2656,Workstation,Finance,0,2,1,1,2713258.805268909,24371.57769645933,4,0
AST-002657,Asset_2657,Network_Device,Marketing,0,3,3,3,4954832.008311719,138324.8840551085,1,0
AST-002658,Asset_2658,Network_Device,Finance,1,4,2,2,3572556.488003754,56705.12110504069,15,1
AST-002659,Asset_2659,Server,Finance,0,4,5,5,7640201.020424695,233606.84556069566,1,1
AST-002660,Asset_2660,Workstation,Sales,1,2,3,2,1413302.8148410805,115915.30656521232,13,0
AST-002661,Asset_2661,Workstation,Operations,1,2,2,2,3706668.435110681,168091.75121516048,18,3
AST-002662,Asset_2662,Network_Device,Engineering,0,1,1,1,1611286.9341816525,13222.656802673504,2,0
AST-002663,Asset_2663,Server,Engineering,0,3,2,2,4472333.786981372,197641.5808117408,1,0
AST-002664,Asset_2664,Workstation,Engineering,0,2,3,2,1248723.991776034,189301.33277572328,6,1
AST-002665,Asset_2665,Workstation,Finance,0,4,2,2,7514027.645334131,122675.11380903055,2,0
AST-002666,Asset_2666,Server,Sales,1,1,1,1,942995.5258105919,53280.674093043854,13,3
AST-002667,Asset_2667,Server,Engineering,1,1,2,3,1618418.3094682565,178674.08343629958,13,1
AST-002668,Asset_2668,Workstation,HR,0,1,1,2,1827202.119034945,23319.3667560627,3,2
AST-002669,Asset_2669,Workstation,HR,0,3,4,4,2599275.7203091327,305565.7691171944,7,0
AST-002670,Asset_2670,Database,HR,1,1,2,1,1871901.156323974,54679.23858950636,14,1
AST-002671,Asset_2671,Workstation,Marketing,0,2,1,1,2835824.945782083,35743.59275209208,1,1
AST-002672,Asset_2672,Database,Sales,1,2,1,2,2977095.346892503,103077.84058889073,20,1
AST-002673,Asset_2673,Workstation,Finance,1,1,3,2,1871769.3296664362,72662.20440224383,20,2
AST-002674,Asset_2674,Server,Finance,0,2,3,2,2580204.7658587215,145991.13904603635,2,1
AST-002675,Asset_2675,Network_Device,Sales,0,2,2,2,2321942.6728467327,130598.15667763092,0,0
AST-002676,Asset_2676,Server,Operations,1,1,2,1,1449847.6513632324,44928.33391810531,15,3
AST-002677,Asset_2677,Database,Operations,0,2,2,1,2662070.551175515,38281.77477921444,3,0
AST-002678,Asset_2678,Server,Marketing,0,5,1,3,2961067.8433549628,267069.8939813278,2,0
AST-002679,Asset_2679,Server,Sales,1,5,4,5,3853690.351986369,357007.3896417393,12,3
AST-002680,Asset_2680,Workstation,Operations,1,2,2,1,1040699.4367690413,74420.36354526762,18,2
AST-002681,Asset_2681,Server,Marketing,0,2,1,1,1324488.518494254,65674.5032736003,2,2
AST-002682,Asset_2682,Network_Device,Engineering,0,1,1,1,1594774.4896663763,16770.74952111617,4,0
AST-002683,Asset_2683,Server,Engineering,0,5,1,2,2535333.71354012,30667.24760586459,3,1
AST-002684,Asset_2684,Database,Marketing,0,1,1,2,956608.2719116503,97250.87331325038,1,0
AST-002685,Asset_2685,Database,Sales,0,2,2,2,2347964.213135815,187489.99227004207,5,0
AST-002686,Asset_2686,Server,Engineering,0,1,1,1,1906718.3736481874,57223.72710087146,2,0
AST-002687,Asset_2687,Server,Sales,0,1,4,2,990510.5266848742,177659.21235681698,2,0
AST-002688,Asset_2688,Workstation,Operations,0,1,2,1,1674696.1446624608,18689.48578324503,1,0
AST-002689,Asset_2689,Workstation,Engineering,0,3,1,2,3339445.1079866774,150366.9934882393,1,0
AST-002690,Asset_2690,Workstation,Operations,0,2,1,1,1295474.1402442404,32080.406946473006,0,0
AST-002691,Asset_2691,Workstation,Sales,0,2,2,2,1296531.2439907875,114409.30876443493,0,0
AST-002692,Asset_2692,Workstation,Sales,0,1,1,1,1148650.7299737767,36362.896331866825,1,0
AST-002693,Asset_2693,Server,HR,1,3,1,2,1760474.0918228135,148220.0048003734,28,3
AST-002694,Asset_2694,Workstation,Marketing,0,1,1,1,1357428.8618919419,46080.01474934736,2,0
AST-002695,Asset_2695,Cloud_Storage,Finance,0,1,1,1,1240474.6030503174,51595.16432496343,0,0
AST-002696,Asset_2696,Workstation,Marketing,1,2,1,2,3107605.5570885353,64162.16717267525,11,4
AST-002697,Asset_2697,Workstation,Sales,0,4,1,2,3113729.1764589734,70662.44275515094,2,0
AST-002698,Asset_2698,Database,Sales,1,1,4,3,1389393.880590253,78458.43649152052,11,4
AST-002699,Asset_2699,Workstation,Marketing,0,2,1,1,1523567.429036362,59841.869263136585,3,1
AST-002700,Asset_2700,Workstation,Sales,0,2,2,2,3166701.1404179474,46099.45208566028,0,0
AST-002701,Asset_2701,Workstation,Operations,0,4,1,2,3842951.949498239,68276.47010102522,1,1
AST-002702,Asset_2702,Cloud_Storage,Engineering,0,1,1,1,1421624.304048572,57741.52191832779,4,0
AST-002703,Asset_2703,Server,Sales,0,2,3,3,3648031.78020837,104204.45075094824,2,0
AST-002704,Asset_2704,Server,Marketing,0,1,1,1,1232351.1892724358,62964.96937608955,2,2
AST-002705,Asset_2705,Workstation,Marketing,0,1,1,1,788438.1648938898,11274.76040123762,0,0
AST-002706,Asset_2706,Network_Device,Marketing,1,1,2,1,1829184.35137989,97590.050892995,14,2
AST-002707,Asset_2707,Server,HR,0,5,1,3,5189346.626737402,227096.99122271885,4,1
AST-002708,Asset_2708,Server,Operations,0,1,2,1,1595379.3130206503,55343.72156924305,2,0
AST-002709,Asset_2709,Server,Operations,0,4,1,4,3920574.0711752214,371501.6511583474,2,0
AST-002710,Asset_2710,Server,HR,0,1,1,1,947323.163976315,88278.94728504801,2,0
AST-002711,Asset_2711,Workstation,Operations,1,4,1,3,5852169.555882536,128969.66638607802,11,2
AST-002712,Asset_2712,Workstation,HR,0,2,5,4,1468934.3056179034,81806.50420581637,1,1
AST-002713,Asset_2713,Database,Operations,0,1,2,2,1800460.8062718746,65401.830573816456,4,1
AST-002714,Asset_2714,Database,HR,1,2,2,2,2162871.959877558,57564.068503544404,13,1
AST-002715,Asset_2715,Server,HR,1,1,2,1,528916.1539527506,77505.1691987957,17,1
AST-002716,Asset_2716,Server,Operations,0,1,3,2,958154.7104158511,118659.78065234114,0,0
AST-002717,Asset_2717,Workstation,HR,0,2,2,2,3354898.973798506,173017.67296850486,1,0
AST-002718,Asset_2718,Cloud_Storage,Operations,0,2,3,2,3578076.5660043573,108146.1350835515,2,0
AST-002719,Asset_2719,Network_Device,HR,0,2,2,2,2703640.8308451334,158557.709884046,0,1
AST-002720,Asset_2720,Server,Marketing,0,3,1,2,2823491.9311914505,78216.11076688534,3,0
AST-002721,Asset_2721,Network_Device,Finance,0,1,3,3,1291781.1555374223,192580.716814699,4,0
AST-002722,Asset_2722,Workstation,Operations,1,4,4,4,7018251.791790141,270184.0658534685,13,4
AST-002723,Asset_2723,Workstation,HR,0,4,1,3,3896226.978369517,235007.51457047096,3,1
AST-002724,Asset_2724,Workstation,Marketing,0,1,2,1,1078155.4603939848,81953.95603771787,1,0
AST-002725,Asset_2725,Database,Finance,0,1,2,1,1309541.1994850663,34885.273807438905,0,0
AST-002726,Asset_2726,Database,HR,0,2,1,1,3661414.587011984,44655.22013640005,0,0
AST-002727,Asset_2727,Server,Finance,0,2,4,3,2746446.8014943954,85926.4745307667,1,0
AST-002728,Asset_2728,Server,Operations,0,1,2,1,811422.7330799799,77305.09334641423,1,1
AST-002729,Asset_2729,Server,Finance,0,1,2,2,633656.056972115,68731.08745758323,1,0
AST-002730,Asset_2730,Workstation,Engineering,0,2,1,1,1285041.8707835975,45191.728160409715,4,0
AST-002731,Asset_2731,Workstation,Sales,0,2,1,2,3850748.7213599416,164544.76560193778,1,1
AST-002732,Asset_2732,Workstation,Engineering,0,1,1,1,1733618.7129673313,40582.23763632438,2,1
AST-002733,Asset_2733,Server,Operations,0,4,1,3,6595128.14075354,108705.08347529598,2,0
AST-002734,Asset_2734,Cloud_Storage,Operations,0,2,2,2,2489093.73751014,137212.6579476619,0,2
AST-002735,Asset_2735,Cloud_Storage,Finance,0,1,3,2,1508809.4259163812,195567.24543996033,1,0
AST-002736,Asset_2736,Workstation,Marketing,0,2,2,2,1381990.913627422,31272.31444068775,2,0
AST-002737,Asset_2737,Cloud_Storage,HR,1,1,1,1,1431343.5735199198,85130.9564122388,11,2
AST-002738,Asset_2738,Workstation,Sales,1,2,1,1,3432342.1977363387,20944.43508339017,8,1
AST-002739,Asset_2739,Cloud_Storage,HR,0,1,2,1,593208.1103543777,41040.8305532424,2,0
AST-002740,Asset_2740,Server,Marketing,1,1,2,2,944225.6334639159,95009.2278739265,11,1
AST-002741,Asset_2741,Database,Operations,0,1,5,3,665418.0100443924,224059.6272286164,4,2
AST-002742,Asset_2742,Server,Sales,1,1,3,2,890340.554102086,186781.86755307624,19,2
AST-002743,Asset_2743,Server,Engineering,0,2,3,3,3317571.6157018156,57542.9592762376,4,0
AST-002744,Asset_2744,Server,Operations,0,2,1,1,1996147.4988639196,77032.76069064227,4,2
AST-002745,Asset_2745,Workstation,Operations,0,1,3,2,1534525.7718319278,78012.63117942202,1,0
AST-002746,Asset_2746,Workstation,Finance,0,1,1,1,1659953.7814173724,91171.9896122718,2,0
AST-002747,Asset_2747,Workstation,Marketing,1,3,2,2,5174874.108025651,70079.02765295989,14,3
AST-002748,Asset_2748,Server,Finance,0,1,2,2,1810063.1651125287,144895.15093626443,5,1
AST-002749,Asset_2749,Network_Device,Finance,0,1,2,1,1396453.718028955,24828.02203260294,3,0
AST-002750,Asset_2750,Workstation,HR,0,2,1,2,1841919.4959988734,192430.474159985,1,0
AST-002751,Asset_2751,Database,Operations,0,3,2,2,2177513.393800125,20778.380946988516,0,0
AST-002752,Asset_2752,Workstation,Marketing,0,3,1,2,3766688.943959724,61913.35591626452,2,1
AST-002753,Asset_2753,Server,Finance,0,3,1,2,1966007.5416970965,141669.94088572473,1,0
AST-002754,Asset_2754,Database,Engineering,0,1,2,2,1866085.9684725523,173634.36138005095,2,0
AST-002755,Asset_2755,Cloud_Storage,Sales,1,3,5,4,3491161.070743382,397680.6313458157,16,0
AST-002756,Asset_2756,Server,Marketing,0,1,3,2,1809476.2185658833,51186.91464911767,2,0
AST-002757,Asset_2757,Workstation,HR,0,1,2,2,1563905.5754584454,75285.8911441733,2,0
AST-002758,Asset_2758,Network_Device,Marketing,0,2,1,1,3571652.688495564,90266.68189372588,3,2
AST-002759,Asset_2759,Workstation,Operations,1,2,1,1,3651874.267763696,12924.992426232304,15,1
AST-002760,Asset_2760,Server,HR,0,1,1,1,579940.2476185767,75998.96400750973,1,1
AST-002761,Asset_2761,Server,Sales,0,1,5,3,1587886.7717512455,144224.0192159478,5,0
AST-002762,Asset_2762,Server,Engineering,1,3,1,2,2519464.6338777263,143987.24357813149,9,2
AST-002763,Asset_2763,Workstation,Finance,0,4,3,4,7935781.43367134,228964.04386239356,0,0
AST-002764,Asset_2764,Workstation,Marketing,0,2,3,3,3335208.922377898,199320.2094469114,2,1
AST-002765,Asset_2765,Server,HR,0,2,2,3,1011295.0084096717,209999.20176466386,3,1
AST-002766,Asset_2766,Cloud_Storage,Sales,1,3,4,4,5673373.4481099155,267248.5401268492,16,1
AST-002767,Asset_2767,Workstation,Finance,1,3,1,3,2815376.559905297,209432.00404571102,14,3
AST-002768,Asset_2768,Server,Sales,1,2,2,3,2249960.798909349,183453.94181162477,13,0
AST-002769,Asset_2769,Workstation,Engineering,0,1,4,2,1418428.368391801,148501.16450504673,3,0
AST-002770,Asset_2770,Workstation,Finance,0,1,2,2,1874464.6910663277,159684.2251789208,1,2
AST-002771,Asset_2771,Server,Finance,0,2,1,1,3781979.8697621822,80914.18769150539,1,2
AST-002772,Asset_2772,Server,Finance,1,1,1,2,1345207.6440961086,173632.35778272137,10,1
AST-002773,Asset_2773,Network_Device,HR,1,1,3,2,975086.7437171726,76952.43569049932,18,1
AST-002774,Asset_2774,Workstation,Finance,0,2,1,1,1837569.825116822,77119.60877599171,4,1
AST-002775,Asset_2775,Workstation,Sales,0,1,4,2,1046595.6481677184,190399.0324286593,1,1
AST-002776,Asset_2776,Workstation,HR,0,3,1,2,2312311.575925549,86144.25420832686,0,0
AST-002777,Asset_2777,Server,Finance,0,1,2,2,1504749.5274801438,159975.40083169303,0,0
AST-002778,Asset_2778,Server,Sales,0,2,2,2,2583406.153618862,72463.30002057587,1,0
AST-002779,Asset_2779,Workstation,Sales,0,3,2,2,4980591.1512141,51602.46777943698,3,0
AST-002780,Asset_2780,Server,Marketing,0,2,2,2,1282333.950668298,100356.84058422034,2,3
AST-002781,Asset_2781,Server,Sales,0,1,4,3,1099858.7365102516,247763.682960582,3,1
AST-002782,Asset_2782,Network_Device,Operations,1,2,2,2,1719588.604602674,75282.05353807131,15,4
AST-002783,Asset_2783,Cloud_Storage,Engineering,1,3,3,3,3908337.9281673227,109633.62941873327,21,5
AST-002784,Asset_2784,Workstation,Finance,1,5,1,3,6011829.877589598,104972.25949670751,14,3
AST-002785,Asset_2785,Network_Device,Finance,1,2,1,2,2348696.353567087,59261.777250044855,21,3
AST-002786,Asset_2786,Server,Finance,0,3,1,2,2920441.3437477415,129999.97870769906,1,0
AST-002787,Asset_2787,Cloud_Storage,Sales,0,1,1,1,1590268.3617111903,31900.31966837026,1,1
AST-002788,Asset_2788,Server,Sales,1,4,2,4,4889406.225570541,376565.01594497834,16,6
AST-002789,Asset_2789,Cloud_Storage,Finance,0,5,2,4,4016828.3485989464,164535.17682551732,4,0
AST-002790,Asset_2790,Cloud_Storage,Operations,0,2,3,3,2642342.41869938,176447.6643833432,4,0
AST-002791,Asset_2791,Workstation,HR,0,3,1,2,4185024.702177273,93650.68318535341,1,1
AST-002792,Asset_2792,Cloud_Storage,HR,1,2,1,1,1064139.0317959972,96644.41606817821,9,3
AST-002793,Asset_2793,Workstation,Engineering,0,1,4,2,805667.9912727702,96322.07061400384,1,1
AST-002794,Asset_2794,Server,Marketing,0,4,4,4,3454423.460763694,242930.00136209338,4,0
AST-002795,Asset_2795,Workstation,Engineering,0,2,4,3,1744225.4864893942,236124.28019704024,0,1
AST-002796,Asset_2796,Workstation,Finance,1,2,3,3,1716537.6110800924,76250.06504873888,9,3
AST-002797,Asset_2797,Server,Finance,0,2,2,3,1814923.5147007476,38813.28669084015,3,1
AST-002798,Asset_2798,Workstation,Finance,0,4,4,4,3576363.357528966,203771.16950321675,0,1
AST-002799,Asset_2799,Cloud_Storage,Marketing,0,3,3,3,5478309.767956225,178673.08835011907,2,0
AST-002800,Asset_2800,Server,Sales,1,1,5,3,979471.8083674328,107506.48044951404,12,2
AST-002801,Asset_2801,Workstation,Marketing,1,2,1,2,2049288.1430987348,103250.83985043532,16,1
AST-002802,Asset_2802,Cloud_Storage,Engineering,0,5,4,5,4496329.469373657,326822.2051256758,4,2
AST-002803,Asset_2803,Cloud_Storage,Sales,0,2,2,2,3902723.0786276734,195189.13231508096,3,2
AST-002804,Asset_2804,Cloud_Storage,Sales,1,4,1,4,5212944.801410251,256639.7760884078,13,8
AST-002805,Asset_2805,Workstation,Engineering,0,3,1,2,4247457.513933823,100794.31334374553,2,0
AST-002806,Asset_2806,Cloud_Storage,Sales,1,2,4,3,3206461.786189308,36082.69336988555,15,3
AST-002807,Asset_2807,Workstation,HR,0,1,2,1,1000571.1031840597,37952.49087361463,2,0
AST-002808,Asset_2808,Server,Engineering,0,1,5,3,1953170.6446472283,126791.2101894479,1,0
AST-002809,Asset_2809,Workstation,Engineering,1,2,1,1,1456978.5177230127,52925.01126848174,10,3
AST-002810,Asset_2810,Workstation,HR,0,2,2,2,2373443.801483033,160790.79129862206,2,0
AST-002811,Asset_2811,Server,Marketing,0,3,1,1,2154476.6805859506,79829.86385608486,0,0
AST-002812,Asset_2812,Workstation,Marketing,0,3,2,2,5056690.858171724,172151.47701768042,1,1
AST-002813,Asset_2813,Workstation,Marketing,1,1,2,1,660976.5380328993,36099.33029798519,17,2
AST-002814,Asset_2814,Server,Sales,0,3,2,3,3992548.215361124,123544.02220979599,3,2
AST-002815,Asset_2815,Workstation,HR,0,2,1,1,1314418.825001997,23521.500151664994,0,1
AST-002816,Asset_2816,Workstation,Engineering,1,1,1,1,1178992.8322770647,87167.41985651183,18,4
AST-002817,Asset_2817,Workstation,Engineering,0,2,1,2,1840923.972617878,137402.32971787563,2,2
AST-002818,Asset_2818,Server,Engineering,0,4,4,4,7419780.547755958,67917.96609561662,1,1
AST-002819,Asset_2819,Server,Sales,0,1,1,1,579643.6926064383,37329.129803697004,2,0
AST-002820,Asset_2820,Database,Sales,1,1,1,1,1474906.4447003673,23745.25461838975,11,3
AST-002821,Asset_2821,Cloud_Storage,Operations,0,1,2,1,1542876.8494366845,97230.53407782484,0,2
AST-002822,Asset_2822,Server,Marketing,0,1,3,2,1833473.153571813,78428.5055416109,2,1
AST-002823,Asset_2823,Workstation,Operations,0,2,1,1,3633188.3689334816,54682.05867121472,0,0
AST-002824,Asset_2824,Server,Operations,1,1,1,1,1965584.4299113976,38611.18140677872,15,2
AST-002825,Asset_2825,Database,Sales,1,3,2,2,2642592.094561974,105373.3758116997,24,3
AST-002826,Asset_2826,Network_Device,Marketing,0,1,5,3,912238.0642216615,299627.97935708676,2,0
AST-002827,Asset_2827,Workstation,Marketing,0,2,2,2,2191878.184232845,71729.97969925284,2,0
AST-002828,Asset_2828,Server,Engineering,1,1,1,1,1306365.4709547106,35435.984808533256,7,2
AST-002829,Asset_2829,Workstation,Sales,0,5,2,4,5253564.3895095885,173696.64563780354,3,3
AST-002830,Asset_2830,Server,Marketing,1,2,5,3,3220889.231634606,75715.52881026165,11,3
AST-002831,Asset_2831,Workstation,Operations,0,3,2,2,1538452.7335934397,153018.51332830932,2,1
AST-002832,Asset_2832,Workstation,HR,0,3,1,2,1579444.4201018375,88281.2542234469,1,0
AST-002833,Asset_2833,Server,HR,0,3,1,2,4722255.419239123,124554.57991291393,3,0
AST-002834,Asset_2834,Server,Sales,1,3,5,4,5474045.50147834,278069.11176928517,18,6
AST-002835,Asset_2835,Database,Engineering,0,1,3,1,1664821.1805982748,13189.926921583836,3,0
AST-002836,Asset_2836,Cloud_Storage,Engineering,0,2,2,2,1351274.8402835233,135920.50258380634,2,0
AST-002837,Asset_2837,Cloud_Storage,Marketing,0,1,1,1,1902461.0403977623,57949.24232318768,3,1
AST-002838,Asset_2838,Server,Sales,0,3,2,2,3848606.783281056,34913.07386892785,4,1
AST-002839,Asset_2839,Workstation,HR,0,5,1,2,8067213.6406410225,42407.57373929127,3,3
AST-002840,Asset_2840,Database,Operations,0,4,1,3,3206277.185979073,149015.5745978616,2,0
AST-002841,Asset_2841,Database,Marketing,1,1,4,3,1323193.4464012308,123503.08295389704,13,5
AST-002842,Asset_2842,Workstation,Operations,0,1,1,1,995091.2057654242,49374.622448654394,4,0
AST-002843,Asset_2843,Cloud_Storage,Marketing,1,1,1,1,1962141.1602930934,67196.3576165342,8,3
AST-002844,Asset_2844,Cloud_Storage,Finance,0,1,4,2,1211294.2097190586,47796.466030999814,2,1
AST-002845,Asset_2845,Workstation,Operations,0,1,1,1,1633365.4784070367,69620.0153241219,2,0
AST-002846,Asset_2846,Database,Sales,0,1,3,2,1404847.9045394873,167262.7493760576,3,0
AST-002847,Asset_2847,Workstation,Operations,1,5,2,4,3207240.615422108,41054.16355295441,18,2
AST-002848,Asset_2848,Server,Operations,1,2,4,3,2628783.2662228867,129485.17209975836,21,3
AST-002849,Asset_2849,Workstation,Marketing,0,2,3,2,2620647.6024040277,69530.16627594389,2,0
AST-002850,Asset_2850,Database,HR,1,2,3,3,3147128.0475297235,146639.9399240927,12,5
AST-002851,Asset_2851,Workstation,Finance,0,2,1,1,1965724.0498226727,65375.08448456109,6,2
AST-002852,Asset_2852,Server,Operations,0,5,2,4,8954890.856996985,107524.94847538343,1,0
AST-002853,Asset_2853,Server,HR,0,2,4,4,2867810.502088366,88274.42265434959,0,1
AST-002854,Asset_2854,Cloud_Storage,Engineering,0,1,1,1,559011.9710806977,75595.45694645884,1,0
AST-002855,Asset_2855,Server,Finance,0,2,3,1,3120507.365393638,71717.78265524856,3,0
AST-002856,Asset_2856,Workstation,Finance,1,5,1,3,9302251.825313756,154428.01337455673,16,6
AST-002857,Asset_2857,Server,Marketing,0,1,1,1,1524720.6429581982,55119.04549478306,1,1
AST-002858,Asset_2858,Server,Operations,1,2,1,2,2139991.913183868,68575.02356133389,9,1
AST-002859,Asset_2859,Server,Engineering,0,1,1,1,1385973.2459092797,39626.121485820135,1,0
AST-002860,Asset_2860,Server,Marketing,0,1,5,3,757097.4065292078,116422.29572542387,3,0
AST-002861,Asset_2861,Network_Device,Sales,1,4,4,4,5607532.84135448,301480.63911376847,12,4
AST-002862,Asset_2862,Server,HR,1,1,2,2,1251489.1168023883,120015.75832327892,14,5
AST-002863,Asset_2863,Cloud_Storage,HR,1,1,3,1,539236.5326865729,75653.98024180088,10,3
AST-002864,Asset_2864,Workstation,Marketing,0,1,2,1,982834.8293233155,63164.49931815867,4,1
AST-002865,Asset_2865,Workstation,HR,1,5,3,4,3934354.3682622076,236429.0711741225,9,1
AST-002866,Asset_2866,Workstation,Operations,1,1,3,2,1085977.8901434245,77704.75162692324,15,4
AST-002867,Asset_2867,Workstation,HR,0,3,1,2,2588245.932007269,91183.84576335843,4,0
AST-002868,Asset_2868,Workstation,Operations,0,1,2,2,1751373.0468057864,179731.61769556362,1,0
AST-002869,Asset_2869,Server,Sales,0,3,2,3,4639575.700506223,185501.10018321787,3,0
AST-002870,Asset_2870,Database,Engineering,0,5,5,4,8050860.562284078,228803.90705894382,0,0
AST-002871,Asset_2871,Network_Device,Finance,0,1,2,1,1041300.9652450403,14781.832880190152,2,0
AST-002872,Asset_2872,Cloud_Storage,Marketing,1,1,4,3,505169.54774211324,211140.07583576287,15,5
AST-002873,Asset_2873,Network_Device,Marketing,0,1,3,2,828730.5383005972,143483.14062910507,2,0
AST-002874,Asset_2874,Workstation,Operations,1,3,2,3,4898841.919943932,216477.27385246867,14,5
AST-002875,Asset_2875,Workstation,Sales,0,1,4,2,1404255.210951195,36419.98056782441,1,0
AST-002876,Asset_2876,Workstation,Sales,0,1,1,1,1307867.2484945455,37040.973401394156,2,0
AST-002877,Asset_2877,Workstation,Finance,0,1,1,1,920779.9032121322,43410.34416132648,1,0
AST-002878,Asset_2878,Server,Engineering,0,1,3,2,613613.4903805827,168769.4412670525,0,1
AST-002879,Asset_2879,Workstation,Marketing,1,1,1,1,1677299.7053500128,98260.54607042547,15,8
AST-002880,Asset_2880,Server,Operations,1,4,1,2,2231933.4079680853,94654.56682563097,11,1
AST-002881,Asset_2881,Database,Sales,0,4,2,3,2354818.813175557,179655.79097976943,4,1
AST-002882,Asset_2882,Network_Device,Marketing,1,2,2,1,1884805.7068931255,10660.35328089065,13,5
AST-002883,Asset_2883,Server,Operations,0,2,4,3,2718801.032192841,32370.405983701785,3,1
AST-002884,Asset_2884,Server,HR,0,2,5,3,3976679.549768407,50115.06184493153,3,0
AST-002885,Asset_2885,Server,Marketing,0,3,2,2,1907887.089264723,149503.9596038902,2,0
AST-002886,Asset_2886,Cloud_Storage,Engineering,0,2,2,3,2419512.3978108764,78096.88141167465,3,1
AST-002887,Asset_2887,Workstation,Operations,0,2,3,2,2805259.9091805685,156412.82191752474,1,0
AST-002888,Asset_2888,Workstation,Engineering,0,2,2,2,3469315.72134896,97737.70726903761,3,1
AST-002889,Asset_2889,Network_Device,Marketing,0,3,1,2,4603262.618017759,172994.42156725208,4,0
AST-002890,Asset_2890,Network_Device,HR,1,1,3,3,1711612.369417649,264985.42087261437,8,2
AST-002891,Asset_2891,Database,Engineering,0,1,3,2,1283703.5106775109,178369.92346814886,2,0
AST-002892,Asset_2892,Workstation,Sales,0,1,1,1,1150956.2052559496,58915.23742688477,3,0
AST-002893,Asset_2893,Workstation,Operations,0,2,3,2,2856184.951826063,161931.33744181116,1,0
AST-002894,Asset_2894,Workstation,Marketing,1,1,2,3,1851306.2142219935,208716.30309690177,17,3
AST-002895,Asset_2895,Server,HR,1,2,1,1,2652541.4864832675,26804.187393225042,13,0
AST-002896,Asset_2896,Network_Device,Sales,1,2,2,2,2816779.357575192,88673.0105918449,8,3
AST-002897,Asset_2897,Workstation,Marketing,0,3,1,2,3020892.689456314,193225.22337584785,3,0
AST-002898,Asset_2898,Server,HR,0,1,1,1,1394182.1683247883,79530.82312648675,0,0
AST-002899,Asset_2899,Workstation,Sales,1,2,3,2,2883292.3684493513,67338.89785166073,9,4
AST-002900,Asset_2900,Server,Engineering,0,2,4,2,3260276.4581147414,70575.38075282068,2,0
AST-002901,Asset_2901,Server,Marketing,0,1,1,1,1358265.0425194679,32876.301056119395,0,0
AST-002902,Asset_2902,Workstation,Marketing,0,2,4,3,1592650.8839953726,118780.05688423014,3,1
AST-002903,Asset_2903,Server,Engineering,0,3,1,2,4118667.379151086,187095.32772741443,1,1
AST-002904,Asset_2904,Workstation,Finance,0,1,1,1,946807.1136145289,49018.80614897784,1,0
AST-002905,Asset_2905,Workstation,Sales,0,4,1,3,2523946.970250438,128348.15116780296,0,1
AST-002906,Asset_2906,Server,Engineering,0,4,1,3,6952598.788759166,94579.23055757623,2,0
AST-002907,Asset_2907,Cloud_Storage,Marketing,0,2,1,2,1198216.3384753654,180633.45167373333,3,2
AST-002908,Asset_2908,Server,Sales,1,3,4,4,4342664.557617603,384655.5617451253,16,5
AST-002909,Asset_2909,Database,Sales,0,2,1,2,3965483.838998431,78237.46110500423,3,0
AST-002910,Asset_2910,Database,Finance,0,2,1,1,1262857.5144190295,65498.80809227762,1,0
AST-002911,Asset_2911,Server,Marketing,0,5,3,3,4150988.8296468514,288777.00380832446,3,1
AST-002912,Asset_2912,Server,HR,0,1,1,1,1641206.318951671,54953.200091121034,4,2
AST-002913,Asset_2913,Workstation,Finance,0,1,2,1,645341.1975250604,52179.61283809139,2,1
AST-002914,Asset_2914,Cloud_Storage,Finance,0,1,2,2,1749087.5382360525,114984.964937953,2,0
AST-002915,Asset_2915,Server,HR,0,2,1,1,1000810.3670701835,12985.302871931177,2,0
AST-002916,Asset_2916,Workstation,HR,0,1,3,2,1834921.0108278163,74021.42191798038,3,1
AST-002917,Asset_2917,Workstation,Finance,1,4,1,3,2400938.9139064695,218727.898929431,15,1
AST-002918,Asset_2918,Network_Device,Sales,0,2,1,2,3765939.5457758605,194011.32009736766,2,1
AST-002919,Asset_2919,Workstation,Engineering,0,3,1,2,5390480.5487282025,122374.04963362009,0,1
AST-002920,Asset_2920,Database,Engineering,0,1,2,2,1309344.678315645,54285.650318766966,2,0
AST-002921,Asset_2921,Database,Finance,1,1,2,1,1666922.9425963745,48413.19441849553,17,4
AST-002922,Asset_2922,Workstation,Sales,0,1,2,2,612315.2718272796,108203.54333991192,1,3
AST-002923,Asset_2923,Network_Device,HR,1,1,2,1,702721.7779140084,23700.223895437233,16,3
AST-002924,Asset_2924,Server,Operations,0,2,2,1,2107862.030658015,39635.45209623972,1,0
AST-002925,Asset_2925,Database,Finance,0,4,1,2,5224751.5285095945,100111.61761359542,1,0
AST-002926,Asset_2926,Cloud_Storage,Marketing,0,1,4,3,1802321.3896600732,100713.58960986108,4,0
AST-002927,Asset_2927,Network_Device,Sales,0,2,5,4,2628041.3425343223,167399.1036192889,0,0
AST-002928,Asset_2928,Cloud_Storage,Marketing,0,2,2,2,2995615.54747166,69723.9848855896,2,0
AST-002929,Asset_2929,Workstation,Marketing,0,1,1,1,1519826.6303404635,65153.93702580009,2,1
AST-002930,Asset_2930,Database,Finance,0,2,2,3,3632704.38275815,186222.70749320643,0,0
AST-002931,Asset_2931,Workstation,Sales,0,1,1,1,1665132.115810381,59652.573494818076,5,0
AST-002932,Asset_2932,Workstation,Marketing,0,4,2,3,7862181.790883642,56118.53618666726,1,1
AST-002933,Asset_2933,Server,Sales,1,3,1,2,1590056.8718466368,53040.37644078311,9,3
AST-002934,Asset_2934,Workstation,Engineering,1,1,3,2,811743.0148351339,39948.89041293831,15,4
AST-002935,Asset_2935,Workstation,Operations,0,2,1,2,3791337.206295521,31390.574018542276,2,1
AST-002936,Asset_2936,Server,Marketing,1,1,5,3,1688330.3310543213,96644.06765635275,14,3
AST-002937,Asset_2937,Workstation,Marketing,0,3,1,2,2703132.3571572723,55013.864797248876,1,0
AST-002938,Asset_2938,Workstation,Sales,0,3,2,2,5884109.948042104,150499.35182036867,2,0
AST-002939,Asset_2939,Cloud_Storage,Operations,0,3,4,3,5414464.622556223,217889.44123781656,1,1
AST-002940,Asset_2940,Server,Engineering,0,1,1,2,596985.8396438849,56241.052189973816,1,0
AST-002941,Asset_2941,Server,Marketing,0,1,4,3,1716964.7674273164,74702.20528670156,1,0
AST-002942,Asset_2942,Workstation,Finance,0,2,1,2,3353462.8400520156,46081.23563277745,1,2
AST-002943,Asset_2943,Server,Sales,0,5,5,5,4158647.8860790865,194022.48678006313,1,0
AST-002944,Asset_2944,Workstation,Sales,0,4,5,4,6015479.066528628,145907.2726157664,3,1
AST-002945,Asset_2945,Workstation,Marketing,1,1,1,2,1955338.8785469902,25136.76971982659,15,2
AST-002946,Asset_2946,Server,Engineering,1,3,3,3,4541409.58401954,183325.02637884012,16,5
AST-002947,Asset_2947,Workstation,Marketing,0,4,1,3,6882591.136997901,272468.49675897835,2,0
AST-002948,Asset_2948,Workstation,HR,0,1,1,2,649079.7796413887,116994.19956442172,3,1
AST-002949,Asset_2949,Database,Marketing,0,3,1,3,4773564.552077084,47228.19576635127,0,2
AST-002950,Asset_2950,Cloud_Storage,Operations,0,1,1,1,807132.0705617866,63959.585877549005,6,0
AST-002951,Asset_2951,Network_Device,Operations,0,1,2,1,607781.2586803935,53646.04323679417,0,1
AST-002952,Asset_2952,Workstation,HR,0,1,2,3,1328116.136688547,274870.7880932371,3,0
AST-002953,Asset_2953,Workstation,Operations,0,2,3,2,3251833.3377921414,85379.50039041066,2,0
AST-002954,Asset_2954,Workstation,Operations,0,3,1,2,3960351.894502667,155356.7654783953,1,0
AST-002955,Asset_2955,Cloud_Storage,Finance,1,2,5,4,3794790.6219293405,53838.490490172844,18,2
AST-002956,Asset_2956,Workstation,Sales,1,1,1,1,1543499.5183491036,74934.37768751688,15,3
AST-002957,Asset_2957,Workstation,Operations,0,1,1,1,676362.2359932435,13737.393818451481,5,0
AST-002958,Asset_2958,Network_Device,Sales,0,2,3,3,3803554.582026241,123073.12497968266,4,1
AST-002959,Asset_2959,Server,Engineering,1,2,4,3,1458663.947364315,285983.1724113145,19,4
AST-002960,Asset_2960,Network_Device,Marketing,0,2,3,3,3274766.3307921803,219865.29684033198,1,0
AST-002961,Asset_2961,Server,Finance,0,1,2,1,722815.5189546348,93252.07954549648,3,0
AST-002962,Asset_2962,Database,HR,0,3,1,1,5993611.24109756,54626.76726398838,1,1
AST-002963,Asset_2963,Database,Engineering,0,4,1,3,3993125.048759478,193678.48883502322,2,0
AST-002964,Asset_2964,Cloud_Storage,Finance,1,2,2,3,2487787.9661842203,169792.04249979433,22,2
AST-002965,Asset_2965,Network_Device,Finance,0,3,2,2,3600768.7814313867,106195.62556121268,1,0
AST-002966,Asset_2966,Workstation,HR,0,4,1,2,2611383.2292540013,124081.51347515754,4,1
AST-002967,Asset_2967,Workstation,HR,0,2,2,2,2482044.999983765,27001.883915235947,1,0
AST-002968,Asset_2968,Workstation,Sales,0,2,3,3,1448517.9829017129,80134.66322105474,6,2
AST-002969,Asset_2969,Cloud_Storage,Marketing,0,3,3,2,5108913.680199902,58631.87921441132,2,1
AST-002970,Asset_2970,Workstation,Engineering,1,1,1,1,1937470.150114315,44456.40384486477,14,4
AST-002971,Asset_2971,Database,Marketing,0,2,2,3,3424175.3240964124,147329.88865120703,2,0
AST-002972,Asset_2972,Server,Engineering,0,3,1,3,3439787.979326402,229723.8972518521,2,1
AST-002973,Asset_2973,Workstation,Finance,0,1,1,2,503557.0954315862,49797.214080454505,3,0
AST-002974,Asset_2974,Workstation,Operations,0,4,3,4,2219860.763956379,245161.29671840928,2,3
AST-002975,Asset_2975,Database,Operations,0,2,2,2,2485105.434814537,69012.0457210385,2,0
AST-002976,Asset_2976,Server,HR,0,2,3,3,3038461.904020927,169226.51099306595,2,1
AST-002977,Asset_2977,Network_Device,HR,0,2,1,2,3458542.1954722777,132790.75883866884,2,0
AST-002978,Asset_2978,Server,Finance,0,2,4,3,2798594.532641353,187261.64405954085,3,1
AST-002979,Asset_2979,Workstation,Finance,0,3,1,1,5902409.068095768,29384.2718185109,2,1
AST-002980,Asset_2980,Cloud_Storage,Engineering,1,2,4,3,2481334.0968784923,221552.34497508893,12,4
AST-002981,Asset_2981,Workstation,Finance,0,4,1,2,5600172.79974369,137681.8143215886,0,1
AST-002982,Asset_2982,Server,Engineering,0,2,1,2,1690306.9695110954,187760.59099455999,5,1
AST-002983,Asset_2983,Workstation,Marketing,0,2,1,1,2018981.444787934,67073.6732077364,3,0
AST-002984,Asset_2984,Network_Device,HR,0,5,1,3,7623488.042784245,224487.59016941086,0,1
AST-002985,Asset_2985,Workstation,HR,0,1,2,2,1402462.000493813,165984.97752510564,3,0
AST-002986,Asset_2986,Cloud_Storage,Operations,0,3,4,4,3163419.9599420894,78161.54178667004,2,1
AST-002987,Asset_2987,Server,Operations,0,1,1,1,667972.9298443369,72670.08447288035,4,0
AST-002988,Asset_2988,Workstation,HR,0,3,2,2,3041768.466795625,77344.44150354704,2,1
AST-002989,Asset_2989,Workstation,Marketing,0,2,4,3,1132466.7697477662,252250.1693389428,4,0
AST-002990,Asset_2990,Network_Device,Marketing,0,4,2,3,5484603.355865825,159648.7377975072,4,0
AST-002991,Asset_2991,Server,Sales,0,4,1,3,3938092.857588658,186766.28079169293,2,0
AST-002992,Asset_2992,Network_Device,Engineering,0,1,5,3,1069772.762797729,100291.14502211983,1,2
AST-002993,Asset_2993,Workstation,Operations,1,1,1,1,1362632.3315911456,68550.86067215928,6,1
AST-002994,Asset_2994,Database,Engineering,1,2,2,3,2743863.394350045,39625.31912155256,15,3
AST-002995,Asset_2995,Server,Operations,0,2,3,2,2765029.9342247397,154743.37116907202,2,0
AST-002996,Asset_2996,Network_Device,Sales,0,1,1,1,1237386.8139544635,24696.625780557544,1,0
AST-002997,Asset_2997,Server,HR,0,1,3,2,1232183.650143453,60963.41921756138,2,0
AST-002998,Asset_2998,Database,Engineering,0,2,1,2,3463658.3327986905,20163.847313512084,1,0
AST-002999,Asset_2999,Server,Operations,0,1,1,1,1201331.6797111006,38185.71714162276,1,0
AST-003000,Asset_3000,Network_Device,Engineering,0,4,1,2,5216180.963090798,89884.8592510643,2,1
AST-003001,Asset_3001,Workstation,HR,1,3,5,3,5947034.444261098,93179.91821950855,9,2
AST-003002,Asset_3002,Workstation,Finance,0,3,4,3,2314725.232618758,92156.81126710516,1,0
AST-003003,Asset_3003,Server,Operations,0,1,1,1,1589631.474172248,90368.28893095138,4,1
AST-003004,Asset_3004,Workstation,Finance,1,1,1,1,1209780.7651136182,39380.72536285393,8,5
AST-003005,Asset_3005,Workstation,Sales,0,2,1,1,3491625.0396170304,75005.38971602396,0,0
AST-003006,Asset_3006,Network_Device,Marketing,0,5,2,4,5530244.219614803,125457.33755504625,4,1
AST-003007,Asset_3007,Cloud_Storage,Engineering,0,1,4,2,954484.140530623,165627.42108078106,1,1
AST-003008,Asset_3008,Server,Operations,0,1,5,3,811679.2919682374,212990.33762532787,3,0
AST-003009,Asset_3009,Workstation,Engineering,0,1,3,3,1808355.7327043652,234175.07792515855,1,0
AST-003010,Asset_3010,Server,Sales,0,2,2,2,3154985.3894971567,99116.61834659215,2,0
AST-003011,Asset_3011,Workstation,Sales,0,2,1,1,1230701.3553476676,89160.81086978648,1,2
AST-003012,Asset_3012,Server,Engineering,0,1,1,1,1570235.3543543539,43661.118148597685,1,2
AST-003013,Asset_3013,Database,Operations,0,2,2,3,1105046.8934458755,192241.6635132095,2,0
AST-003014,Asset_3014,Database,HR,1,2,2,2,1544879.2472826373,135212.98056372878,11,5
AST-003015,Asset_3015,Workstation,HR,0,2,3,3,2778393.118740258,287107.8742125828,1,0
AST-003016,Asset_3016,Database,Marketing,0,2,1,1,2390530.996700323,22107.04202456083,3,3
AST-003017,Asset_3017,Workstation,Engineering,0,3,1,2,5282176.116457982,44408.926486397395,2,0
AST-003018,Asset_3018,Workstation,Engineering,0,2,2,2,2823671.134763919,103169.2550000787,1,1
AST-003019,Asset_3019,Server,Operations,0,2,5,4,3894923.6869952194,370435.2230796309,4,0
AST-003020,Asset_3020,Workstation,Engineering,1,4,3,3,7131101.284026606,35854.979152280066,12,3
AST-003021,Asset_3021,Server,Operations,0,4,1,3,4041291.7847599275,104594.4139707255,2,1
AST-003022,Asset_3022,Workstation,Engineering,1,1,4,3,1751226.4194262389,106568.30750087381,17,6
AST-003023,Asset_3023,Workstation,Sales,1,1,2,2,1804902.9381917208,74891.46850434011,20,2
AST-003024,Asset_3024,Database,Finance,1,3,1,2,5863762.45753987,24446.894440371878,15,2
AST-003025,Asset_3025,Server,Engineering,0,1,1,1,518844.3910621607,84304.56999974215,3,0
AST-003026,Asset_3026,Database,Finance,1,4,2,4,7248465.829838117,43207.40295762777,13,3
AST-003027,Asset_3027,Cloud_Storage,HR,0,1,2,1,604842.9734993564,52993.35585936074,3,1
AST-003028,Asset_3028,Workstation,Marketing,0,4,2,3,5168695.247545933,45216.93622066126,2,0
AST-003029,Asset_3029,Workstation,HR,0,2,2,2,2243990.619257384,163755.9253332267,1,0
AST-003030,Asset_3030,Workstation,Engineering,1,3,1,2,5639467.294786182,154385.4506571792,10,3
AST-003031,Asset_3031,Server,Operations,0,1,1,1,1107727.7601567577,74937.77754982436,3,1
AST-003032,Asset_3032,Workstation,HR,0,5,3,4,6970320.053948153,305055.3798790569,1,1
AST-003033,Asset_3033,Workstation,Sales,0,1,2,1,1537818.0085160201,94621.55995895863,1,0
AST-003034,Asset_3034,Server,Finance,0,1,2,1,528544.6348915953,47512.982153509205,2,0
AST-003035,Asset_3035,Server,Operations,0,1,1,2,1386396.880475036,175083.46470651415,1,0
AST-003036,Asset_3036,Server,Operations,1,4,1,2,5107951.011979332,53161.80555079696,24,6
AST-003037,Asset_3037,Workstation,Engineering,1,2,1,2,2782025.918864334,101227.61055591387,20,6
AST-003038,Asset_3038,Cloud_Storage,Sales,1,2,1,2,1227232.1741670673,21603.63699432082,16,0
AST-003039,Asset_3039,Server,Finance,0,2,2,2,1166675.110066828,71145.25279599178,3,0
AST-003040,Asset_3040,Workstation,Sales,0,4,3,4,3065266.0246907906,204937.41140386456,3,0
AST-003041,Asset_3041,Server,HR,0,2,1,2,3608502.0269715195,183672.17091661028,2,0
AST-003042,Asset_3042,Cloud_Storage,Engineering,0,2,3,3,2069413.2051139558,115576.92261705486,2,0
AST-003043,Asset_3043,Server,Operations,0,3,3,3,3453146.4786869613,211550.30923243653,0,0
AST-003044,Asset_3044,Workstation,Operations,1,3,1,1,3255748.2640688466,85057.01248436619,12,0
AST-003045,Asset_3045,Workstation,HR,0,1,2,2,1571555.195099013,78775.35163466055,0,0
AST-003046,Asset_3046,Workstation,Operations,1,1,1,1,889213.3268667378,25230.53815255819,14,1
AST-003047,Asset_3047,Workstation,Marketing,1,1,2,2,602590.0280454262,126414.94594279552,12,2
AST-003048,Asset_3048,Database,Engineering,0,1,1,2,1067262.340111947,71189.09271148227,4,0
AST-003049,Asset_3049,Database,HR,1,2,1,2,3183506.6055623293,137441.3796540589,17,4
AST-003050,Asset_3050,Server,Engineering,1,2,2,2,3744904.094082685,44246.187800347456,16,5
AST-003051,Asset_3051,Server,Finance,0,5,1,3,2881161.730591611,70930.60779232011,2,0
AST-003052,Asset_3052,Workstation,Engineering,0,1,1,1,1715744.1813197522,70833.07615495782,2,1
AST-003053,Asset_3053,Server,Engineering,0,3,1,2,1797810.6972753806,195240.69919494906,0,1
AST-003054,Asset_3054,Server,Finance,0,2,2,2,1991981.8537524869,64441.33655233897,2,0
AST-003055,Asset_3055,Workstation,HR,0,1,4,4,533452.2921582081,297008.6203552976,0,0
AST-003056,Asset_3056,Cloud_Storage,Engineering,0,2,1,2,3734625.0968726864,115767.31012459734,1,0
AST-003057,Asset_3057,Workstation,Sales,0,5,1,4,7800917.464000954,343782.9518318818,2,0
AST-003058,Asset_3058,Server,Engineering,0,1,2,1,1053702.8480938114,44999.739313956146,2,0
AST-003059,Asset_3059,Server,HR,0,2,1,1,2132369.748773637,97454.2596426579,1,1
AST-003060,Asset_3060,Cloud_Storage,Operations,0,1,2,2,1459764.2952521946,34831.43640143589,7,1
AST-003061,Asset_3061,Server,Finance,0,1,1,1,634472.4573022351,98618.305324766,3,1
AST-003062,Asset_3062,Server,Operations,0,2,3,3,1435145.8940709552,258484.07407267467,1,1
AST-003063,Asset_3063,Workstation,HR,0,3,2,3,5312508.952149911,263943.69449187245,5,0
AST-003064,Asset_3064,Workstation,Marketing,1,3,1,3,2410408.8875711015,257448.92814624554,15,1
AST-003065,Asset_3065,Workstation,Operations,0,2,2,1,3179999.193116119,87567.73109377052,1,0
AST-003066,Asset_3066,Server,Engineering,0,4,2,4,3354817.416932592,333454.9343146261,3,0
AST-003067,Asset_3067,Server,Engineering,0,1,1,1,632219.4757922157,90956.5422604577,1,1
AST-003068,Asset_3068,Cloud_Storage,Finance,0,3,1,2,5550145.634737122,102944.1334488117,2,2
AST-003069,Asset_3069,Server,Engineering,0,2,1,1,3705018.349519807,94536.18523165715,2,0
AST-003070,Asset_3070,Workstation,Sales,0,4,2,3,5631871.385754591,133939.970329771,1,0
AST-003071,Asset_3071,Workstation,Sales,1,3,1,2,3579152.2998249633,151132.99238018206,20,2
AST-003072,Asset_3072,Workstation,Operations,1,4,2,3,5316559.534490886,221795.1956923433,14,4
AST-003073,Asset_3073,Database,HR,0,1,3,2,1112191.1400865403,167761.37042638363,3,0
AST-003074,Asset_3074,Server,Finance,1,2,4,3,3271523.8480254873,229363.31167017424,15,4
AST-003075,Asset_3075,Workstation,Marketing,0,3,2,2,4895523.181117338,26368.311254670407,1,0
AST-003076,Asset_3076,Network_Device,Operations,1,3,2,3,5185408.243826353,229571.26480176617,12,4
AST-003077,Asset_3077,Cloud_Storage,HR,0,2,2,3,2568778.2381078415,36290.12693279311,3,1
AST-003078,Asset_3078,Server,Finance,0,1,5,2,1702012.7924104726,115981.45614687298,1,1
AST-003079,Asset_3079,Server,Finance,0,1,1,1,733577.894665756,85505.4376284711,1,0
AST-003080,Asset_3080,Cloud_Storage,Operations,0,1,1,1,545202.0948375688,84661.76445777017,2,2
AST-003081,Asset_3081,Workstation,HR,1,4,1,2,5888318.291591786,171436.3384264439,7,3
AST-003082,Asset_3082,Network_Device,HR,0,3,2,4,1974642.0804833018,256867.82599993,3,0
AST-003083,Asset_3083,Server,Engineering,0,1,1,2,1326004.866625269,53086.16822432925,3,0
AST-003084,Asset_3084,Workstation,Marketing,0,4,1,3,6326749.730006353,167154.09185319056,1,1
AST-003085,Asset_3085,Workstation,Sales,0,1,2,2,1110628.1393409169,112918.1401859545,1,2
AST-003086,Asset_3086,Workstation,Engineering,0,2,5,3,1131618.136653168,117687.29273927165,4,0
AST-003087,Asset_3087,Workstation,Finance,1,1,5,3,1830697.1004483108,144506.80449766933,15,3
AST-003088,Asset_3088,Server,Marketing,1,4,3,3,2259470.2506286902,265487.7004585908,26,4
AST-003089,Asset_3089,Workstation,Marketing,0,3,1,3,5571386.294330771,169840.51564191285,0,0
AST-003090,Asset_3090,Server,HR,0,1,4,2,578945.8818883619,146853.88772103452,1,0
AST-003091,Asset_3091,Workstation,Marketing,0,2,4,4,3205478.495405506,218492.13221966205,5,0
AST-003092,Asset_3092,Cloud_Storage,Operations,1,1,4,2,1887270.143335437,131144.83351055835,21,2
AST-003093,Asset_3093,Database,Marketing,1,1,2,2,1860470.470551623,36665.659582008,13,3
AST-003094,Asset_3094,Network_Device,Finance,0,1,1,1,1840077.3618024865,93824.93861602456,1,0
AST-003095,Asset_3095,Server,Operations,1,1,1,1,1824617.934814363,49233.97597504395,15,3
AST-003096,Asset_3096,Workstation,Operations,0,4,4,3,5062458.385471748,232041.72070755894,1,0
AST-003097,Asset_3097,Cloud_Storage,Engineering,0,2,1,2,2673072.508780605,140078.2027446108,2,1
AST-003098,Asset_3098,Server,Marketing,1,1,1,1,1429576.2098902185,81934.49652580316,24,5
AST-003099,Asset_3099,Server,HR,0,1,2,2,1843922.5981532475,26277.123197088527,4,1
AST-003100,Asset_3100,Workstation,Engineering,0,1,1,1,1757240.6293452978,94181.667868623,2,1
AST-003101,Asset_3101,Server,HR,0,1,4,2,1674467.850347487,169354.43204673365,2,2
AST-003102,Asset_3102,Workstation,Marketing,0,2,1,1,3027172.619832159,85038.54048118586,2,0
AST-003103,Asset_3103,Cloud_Storage,Engineering,0,1,1,1,1427575.5829807424,52040.20980063628,2,0
AST-003104,Asset_3104,Workstation,Marketing,1,3,5,4,5651100.85564986,326676.6068407271,17,3
AST-003105,Asset_3105,Server,Finance,0,2,1,1,1577932.561851541,61766.38317769869,2,1
AST-003106,Asset_3106,Workstation,Engineering,1,1,4,2,789087.5062782996,110626.0464734944,18,1
AST-003107,Asset_3107,Workstation,HR,0,4,2,2,7894817.174513338,161285.95537086923,0,1
AST-003108,Asset_3108,Server,Finance,0,1,2,2,1329738.5494835442,133004.005927716,3,1
AST-003109,Asset_3109,Workstation,Sales,1,1,1,2,1225061.200450962,33888.87505723349,15,1
AST-003110,Asset_3110,Workstation,HR,0,1,2,2,1775893.0622392371,76611.73187327478,3,0
AST-003111,Asset_3111,Workstation,Marketing,0,1,1,1,1774651.8841757015,65988.34342824065,0,1
AST-003112,Asset_3112,Server,HR,0,1,5,2,764897.0245541024,182684.16478028113,1,0
AST-003113,Asset_3113,Workstation,Sales,0,1,1,1,760358.4603997291,93970.07523827167,1,0
AST-003114,Asset_3114,Server,HR,0,4,1,3,6771588.590392454,256506.1380342411,0,0
AST-003115,Asset_3115,Server,Finance,1,3,4,4,5035345.944672716,131552.51424215495,8,0
AST-003116,Asset_3116,Network_Device,Operations,1,2,2,1,1675560.0630664174,52604.36873624738,15,3
AST-003117,Asset_3117,Workstation,HR,0,2,2,3,3524530.408729515,147015.40656146765,3,2
AST-003118,Asset_3118,Server,Engineering,1,2,2,1,2440153.390910137,49481.67699230822,18,3
AST-003119,Asset_3119,Server,Sales,1,1,1,1,1204983.6720101456,14480.61245569716,9,4
AST-003120,Asset_3120,Server,HR,1,1,1,1,1978540.3894523098,25627.423180550257,17,1
AST-003121,Asset_3121,Server,Sales,0,1,4,2,1278821.8948730282,47586.84232570234,3,0
AST-003122,Asset_3122,Server,Operations,0,2,1,1,1411136.1356935275,65554.17069133252,3,0
AST-003123,Asset_3123,Server,Finance,0,1,1,1,920233.7305737766,47061.85272278283,3,1
AST-003124,Asset_3124,Workstation,Engineering,0,1,2,2,1000523.1726195504,78389.84048367954,3,0
AST-003125,Asset_3125,Workstation,Marketing,0,1,1,2,1937700.4068590933,99902.91627175614,2,0
AST-003126,Asset_3126,Workstation,HR,0,1,3,2,896056.0762424464,78358.52893648724,2,0
AST-003127,Asset_3127,Workstation,Finance,0,1,2,1,1145604.4090305804,78172.28376774178,3,1
AST-003128,Asset_3128,Server,Sales,0,1,4,3,1624453.3242171365,75101.32227766926,1,0
AST-003129,Asset_3129,Cloud_Storage,Operations,0,1,1,2,911144.4630025859,30104.252151200068,1,4
AST-003130,Asset_3130,Network_Device,Sales,0,1,1,1,1552463.0798226653,68563.48803352955,2,1
AST-003131,Asset_3131,Network_Device,Operations,1,1,3,3,811276.3945349624,92256.37097347942,15,2
AST-003132,Asset_3132,Network_Device,Operations,0,1,1,1,863776.213774146,67901.88488764997,3,0
AST-003133,Asset_3133,Cloud_Storage,Finance,1,1,2,2,1979497.9060707125,30537.51922172984,19,3
AST-003134,Asset_3134,Workstation,HR,1,3,3,3,3160249.841740776,96716.22320416204,18,0
AST-003135,Asset_3135,Server,Marketing,1,1,2,2,1594529.1734269373,47699.0942051327,17,5
AST-003136,Asset_3136,Workstation,HR,1,1,2,1,1760094.6454106488,36160.597971340685,15,4
AST-003137,Asset_3137,Workstation,Engineering,1,1,1,1,1020278.4738855271,39596.972781961376,14,2
AST-003138,Asset_3138,Workstation,HR,0,1,3,2,1035754.2521371858,109135.42493520447,3,1
AST-003139,Asset_3139,Workstation,Operations,1,1,1,1,1659632.690605163,56812.47807699621,16,4
AST-003140,Asset_3140,Server,Operations,1,5,4,5,7052510.08194118,333544.1175190758,22,4
AST-003141,Asset_3141,Database,Engineering,1,3,1,2,3127883.6248025917,79697.38190507202,19,1
AST-003142,Asset_3142,Cloud_Storage,Sales,0,1,3,1,1624349.0952684593,57881.91185069454,2,1
AST-003143,Asset_3143,Workstation,Operations,0,2,2,2,3591115.019774881,198221.11890488057,2,1
AST-003144,Asset_3144,Workstation,Engineering,0,1,1,2,852557.4274363498,57915.06966198597,4,1
AST-003145,Asset_3145,Server,Operations,0,1,2,2,536534.2008462767,47487.045391420936,4,1
AST-003146,Asset_3146,Database,Marketing,1,3,1,2,2733661.7992043896,171661.53841004503,17,3
AST-003147,Asset_3147,Network_Device,Operations,0,1,1,1,1511734.4587995568,46932.903905654784,3,0
AST-003148,Asset_3148,Workstation,Finance,0,2,1,2,3745756.754880723,172439.063420343,1,0
AST-003149,Asset_3149,Workstation,Engineering,0,2,4,3,3589193.119585584,144666.03287822887,3,0
AST-003150,Asset_3150,Workstation,HR,0,2,1,2,1666511.7967821553,23903.275132359966,0,0
AST-003151,Asset_3151,Workstation,Engineering,0,5,5,5,9107501.249387551,218692.8670519724,0,0
AST-003152,Asset_3152,Server,Sales,0,3,1,3,5148292.740684485,194735.28420307382,3,0
AST-003153,Asset_3153,Workstation,Operations,0,3,2,2,4804804.275396109,100559.85717886542,0,1
AST-003154,Asset_3154,Workstation,Engineering,0,1,4,3,1532340.318211598,154022.6015107389,0,1
AST-003155,Asset_3155,Workstation,Marketing,0,1,4,3,1710638.7375508042,299545.3043522154,2,0
AST-003156,Asset_3156,Workstation,Engineering,1,3,1,2,5377782.788497984,117942.89014682146,13,4
AST-003157,Asset_3157,Cloud_Storage,Marketing,1,5,2,4,8643335.986310953,290898.3118665973,17,1
AST-003158,Asset_3158,Server,Operations,1,2,1,2,1365545.027078527,149775.1258853418,17,4
AST-003159,Asset_3159,Network_Device,HR,0,5,1,4,7916160.769446146,40061.65193247109,1,0
AST-003160,Asset_3160,Server,Operations,0,1,3,2,1761956.33114028,119442.97607504546,2,0
AST-003161,Asset_3161,Workstation,Sales,0,1,1,1,778559.010123004,96675.06480113465,3,0
AST-003162,Asset_3162,Server,Finance,1,1,1,2,820696.3164860648,155148.10810900741,12,1
AST-003163,Asset_3163,Database,HR,1,2,1,1,3357930.923351472,40638.46784120826,14,4
AST-003164,Asset_3164,Workstation,HR,0,3,1,1,3047681.4000175213,42811.408946253825,2,0
AST-003165,Asset_3165,Server,Finance,1,1,1,1,1099551.507540955,37325.54780077793,17,3
AST-003166,Asset_3166,Workstation,Engineering,0,4,4,4,4262955.665161837,266874.97727856354,3,1
AST-003167,Asset_3167,Cloud_Storage,Operations,0,2,1,1,1638497.5022246467,18758.39407257858,1,0
AST-003168,Asset_3168,Server,Engineering,0,2,2,1,3816382.8768375237,36100.03724225999,4,0
AST-003169,Asset_3169,Workstation,Engineering,0,3,3,3,5126369.860874543,164517.90844587146,2,0
AST-003170,Asset_3170,Workstation,Operations,0,1,2,2,875808.6606639777,116339.07266247208,3,0
AST-003171,Asset_3171,Workstation,Sales,1,3,3,3,1977392.2811814738,194000.0708058262,18,2
AST-003172,Asset_3172,Server,HR,0,1,2,2,1058915.2860454505,163500.49748930061,2,0
AST-003173,Asset_3173,Server,Marketing,0,1,2,2,1122962.638587235,49382.556824335246,3,1
AST-003174,Asset_3174,Server,Finance,1,2,1,2,1021276.4032141567,60502.7401888476,16,4
AST-003175,Asset_3175,Server,HR,0,4,4,4,7322912.938088583,354032.6091177003,0,0
AST-003176,Asset_3176,Server,Engineering,0,2,5,4,3553851.665276172,339217.21323708765,5,0
AST-003177,Asset_3177,Workstation,Finance,0,2,2,2,3550489.8638491184,167882.73042805176,3,1
AST-003178,Asset_3178,Network_Device,Marketing,0,3,1,2,5126114.6429832075,57550.84021664663,0,0
AST-003179,Asset_3179,Network_Device,HR,0,1,2,2,1599688.8872132713,30486.201019976696,2,0
AST-003180,Asset_3180,Workstation,HR,0,3,2,3,4355343.130981186,171322.01187207413,1,0
AST-003181,Asset_3181,Server,Sales,0,2,3,3,3880867.7720960835,264911.5545947648,1,0
AST-003182,Asset_3182,Server,HR,0,1,2,1,1567594.8743937707,31376.519485950037,0,1
AST-003183,Asset_3183,Database,HR,1,1,2,1,1445367.6334322835,91378.02710692481,13,8
AST-003184,Asset_3184,Server,Marketing,1,1,2,1,1683237.6318403543,22737.925158044844,28,1
AST-003185,Asset_3185,Workstation,Marketing,1,1,1,1,869399.4870999686,36828.65799366809,16,2
AST-003186,Asset_3186,Workstation,Finance,0,1,3,2,1950718.3039788806,73691.88267731426,1,0
AST-003187,Asset_3187,Database,Engineering,0,1,1,1,528742.9650456033,23599.01528846912,2,0
AST-003188,Asset_3188,Database,Marketing,1,2,2,2,2945214.911475024,177100.07111045223,12,2
AST-003189,Asset_3189,Network_Device,Finance,0,2,1,2,1231282.6012968703,94266.18970044273,2,1
AST-003190,Asset_3190,Workstation,HR,0,2,1,1,3559917.7056858097,27159.170626008225,1,1
AST-003191,Asset_3191,Database,Finance,1,1,1,1,1951460.1795137103,23251.98240439945,16,7
AST-003192,Asset_3192,Cloud_Storage,Finance,0,3,4,4,3338748.284066279,191529.07701450647,4,0
AST-003193,Asset_3193,Cloud_Storage,Finance,0,1,2,1,1785747.044908044,11555.95516418685,1,0
AST-003194,Asset_3194,Database,Operations,1,2,1,2,2007164.0338632516,41790.09693727993,20,4
AST-003195,Asset_3195,Database,Finance,1,1,3,2,739105.5416840253,20665.655392768138,23,5
AST-003196,Asset_3196,Workstation,Marketing,0,2,2,2,1829948.179796787,24389.383922574347,2,0
AST-003197,Asset_3197,Cloud_Storage,Operations,0,1,2,2,952762.9465352345,199527.270832641,2,0
AST-003198,Asset_3198,Network_Device,Engineering,0,3,2,1,4338006.169193477,50400.02944200846,1,0
AST-003199,Asset_3199,Server,Finance,1,4,1,2,6776888.226845216,151206.46013331614,15,2
AST-003200,Asset_3200,Database,Sales,0,3,1,2,2423474.4632867947,152674.5347628555,1,1
AST-003201,Asset_3201,Workstation,HR,0,1,1,1,632309.3941315296,89236.67283618252,0,1
AST-003202,Asset_3202,Workstation,HR,1,1,2,1,832477.7643039753,19337.120562574702,9,2
AST-003203,Asset_3203,Server,Operations,0,4,1,3,3779226.934473093,171931.57550277573,1,0
AST-003204,Asset_3204,Network_Device,HR,1,2,2,2,1839443.979983675,77909.48493820975,7,8
AST-003205,Asset_3205,Workstation,HR,1,4,1,3,3319702.7917703087,178090.23063448392,11,2
AST-003206,Asset_3206,Network_Device,Operations,0,1,1,1,1199000.3086730968,39890.75738999462,1,0
AST-003207,Asset_3207,Network_Device,HR,1,5,5,5,8919871.336080864,132646.07647288335,11,1
AST-003208,Asset_3208,Workstation,Finance,0,4,4,5,2602090.9976445,352772.2521461052,1,0
AST-003209,Asset_3209,Workstation,Engineering,1,2,1,2,3586090.080633997,26917.209355850526,15,2
AST-003210,Asset_3210,Workstation,Operations,1,1,3,3,1245512.646507674,271754.0922505427,12,2
AST-003211,Asset_3211,Server,Sales,0,2,2,2,2981404.0190407727,46327.78149472662,3,1
AST-003212,Asset_3212,Workstation,Operations,1,4,3,3,6892202.723621489,196088.94154147862,19,7
AST-003213,Asset_3213,Server,Marketing,1,4,1,2,3825961.6014386807,155756.85699702063,12,3
AST-003214,Asset_3214,Workstation,Sales,0,1,1,2,1931351.9078121185,33126.94558512076,0,0
AST-003215,Asset_3215,Server,Marketing,0,1,4,2,625604.3999273734,182593.02223450292,1,0
AST-003216,Asset_3216,Server,Operations,0,3,4,4,3874499.0005008643,168223.78695498145,3,0
AST-003217,Asset_3217,Server,Marketing,0,2,2,1,1764410.10639573,99705.37831668615,4,0
AST-003218,Asset_3218,Server,Sales,1,3,4,2,3335758.3383053206,32380.745680421038,21,4
AST-003219,Asset_3219,Workstation,Finance,1,3,2,3,3519888.577190523,223528.81652207993,10,3
AST-003220,Asset_3220,Workstation,Operations,0,4,1,3,7487070.338713713,73392.89979116364,2,0
AST-003221,Asset_3221,Workstation,Operations,0,1,1,2,1162372.285461219,92484.66993204136,1,0
AST-003222,Asset_3222,Server,HR,0,1,1,1,1546921.8046811814,49889.12217871603,1,1
AST-003223,Asset_3223,Server,Operations,0,1,3,2,1927644.7587962924,93107.87222937471,0,0
AST-003224,Asset_3224,Server,Operations,0,4,5,4,4967195.487515986,161526.30636196572,1,0
AST-003225,Asset_3225,Server,Finance,0,2,2,2,2224929.7864644714,158097.71373340068,1,0
AST-003226,Asset_3226,Network_Device,HR,0,1,2,2,1959452.6650278964,167580.11524115366,1,1
AST-003227,Asset_3227,Server,Engineering,1,1,3,2,1741514.5324424666,80410.55301889117,13,3
AST-003228,Asset_3228,Database,Marketing,0,1,1,1,1909659.3623519065,53438.042038930325,3,0
AST-003229,Asset_3229,Server,Sales,0,3,1,2,3287513.5203134017,95916.43957345004,2,1
AST-003230,Asset_3230,Server,Engineering,0,3,2,2,4633459.757516958,126833.03574977543,1,1
AST-003231,Asset_3231,Workstation,HR,1,2,2,1,1748831.7227285898,23523.94227303665,16,6
AST-003232,Asset_3232,Workstation,Finance,1,1,4,3,1798733.0133055083,247534.93410069542,22,1
AST-003233,Asset_3233,Server,Sales,1,4,1,3,7598475.0660314895,245193.43389524356,23,3
AST-003234,Asset_3234,Server,Marketing,0,1,2,2,901799.680593227,126274.36854405621,6,1
AST-003235,Asset_3235,Database,Operations,0,2,3,2,1314797.2218357257,154305.96102850576,1,0
AST-003236,Asset_3236,Server,Operations,0,1,1,2,801102.1188127198,197930.93022243396,1,1
AST-003237,Asset_3237,Server,Engineering,0,1,2,2,1449248.195874799,186051.44144414933,1,2
AST-003238,Asset_3238,Cloud_Storage,Marketing,0,1,1,2,908274.9306455876,130060.81079584674,3,2
AST-003239,Asset_3239,Workstation,HR,1,2,2,3,2915832.5051815156,168078.38441537478,12,3
AST-003240,Asset_3240,Workstation,Marketing,0,2,3,1,2050566.1045284313,58107.435526201516,0,0
AST-003241,Asset_3241,Workstation,Finance,0,1,1,1,1875253.1640482207,51995.30530856028,2,0
AST-003242,Asset_3242,Workstation,Engineering,1,1,3,2,1178896.5259663865,106440.6759652144,12,3
AST-003243,Asset_3243,Workstation,Engineering,0,4,1,3,4985731.7177145975,227649.9928983164,2,0
AST-003244,Asset_3244,Workstation,Finance,0,1,1,1,1022097.4448676514,99290.94677513874,5,0
AST-003245,Asset_3245,Workstation,Marketing,0,1,2,1,609556.7572411587,14078.286752474673,7,0
AST-003246,Asset_3246,Server,Finance,0,2,4,3,2480908.6813356234,92150.79292743138,2,1
AST-003247,Asset_3247,Workstation,Sales,1,3,1,3,4984640.035479332,86756.06195033717,13,5
AST-003248,Asset_3248,Workstation,Finance,0,1,1,2,1929522.1292837104,169914.11241577717,3,1
AST-003249,Asset_3249,Network_Device,Marketing,1,5,2,3,3074317.1296414733,143325.4396780171,18,3
AST-003250,Asset_3250,Workstation,Finance,1,1,1,1,1696096.2896027202,57261.90404094526,20,3
AST-003251,Asset_3251,Workstation,HR,1,1,1,2,900592.1741932691,104447.42035262336,13,3
AST-003252,Asset_3252,Server,Operations,0,1,1,1,1734225.7763946203,86831.31581934613,3,0
AST-003253,Asset_3253,Workstation,Finance,0,2,3,3,2026040.710200983,164924.34629362752,4,0
AST-003254,Asset_3254,Server,Operations,0,1,5,3,671649.859754928,210318.41774524233,2,0
AST-003255,Asset_3255,Database,Finance,0,2,1,1,2836057.6624620915,11753.516684816275,4,1
AST-003256,Asset_3256,Server,Marketing,1,1,2,2,1840856.585079762,137441.80002208074,14,3
AST-003257,Asset_3257,Workstation,Sales,0,1,1,1,772383.2246364733,31685.65434558696,3,1
AST-003258,Asset_3258,Server,Sales,1,4,2,3,2130830.037507161,264054.52359662263,15,2
AST-003259,Asset_3259,Database,Operations,0,3,1,2,5477287.7903447915,155279.75393983806,2,0
AST-003260,Asset_3260,Network_Device,Marketing,0,1,1,1,1546744.426063172,19835.820974089922,3,1
AST-003261,Asset_3261,Server,Marketing,1,2,3,2,3426088.5231550075,38624.888645960986,12,0
AST-003262,Asset_3262,Workstation,Marketing,0,2,1,1,1179513.3882989334,36369.84586299151,0,1
AST-003263,Asset_3263,Workstation,HR,1,1,1,1,1835682.9090831333,21318.723561367457,14,3
AST-003264,Asset_3264,Server,Engineering,0,2,5,3,2257468.1044055587,229888.53360005538,1,1
AST-003265,Asset_3265,Workstation,Finance,1,1,5,2,1846425.7504077163,197626.96948234423,13,8
AST-003266,Asset_3266,Server,Marketing,0,2,1,1,1194774.1528105207,68973.1059385185,2,1
AST-003267,Asset_3267,Workstation,Marketing,1,3,2,3,5481634.715741592,97242.60777589228,16,5
AST-003268,Asset_3268,Workstation,Marketing,0,1,2,1,1510064.8088267157,60784.515254853315,1,2
AST-003269,Asset_3269,Workstation,Sales,0,1,2,2,1331402.7591829032,165016.84314964336,0,0
AST-003270,Asset_3270,Workstation,Marketing,1,1,4,2,592671.2366534927,193197.34000787762,9,2
AST-003271,Asset_3271,Server,Finance,1,5,3,4,7663131.470219811,41825.82555390644,10,6
AST-003272,Asset_3272,Server,Marketing,0,3,3,4,4189983.777077372,228528.50488671762,0,0
AST-003273,Asset_3273,Workstation,Finance,0,1,1,1,1589433.3815555293,50789.28510498096,0,0
AST-003274,Asset_3274,Workstation,HR,0,2,2,3,3150150.4258020283,141913.03610780154,0,0
AST-003275,Asset_3275,Network_Device,Engineering,0,1,2,2,1165601.4847209346,110690.78713835696,3,0
AST-003276,Asset_3276,Network_Device,Sales,1,2,1,2,1614043.6520582468,92631.08392717731,16,5
AST-003277,Asset_3277,Network_Device,Finance,0,2,1,1,3756904.958569213,40961.395218502556,4,0
AST-003278,Asset_3278,Workstation,Operations,0,5,1,3,9441921.900157223,60998.09555767319,4,0
AST-003279,Asset_3279,Database,HR,0,1,1,2,817896.9506453908,109972.20850028863,2,1
AST-003280,Asset_3280,Workstation,Engineering,0,2,1,2,2891959.947392798,167789.25474348594,1,1
AST-003281,Asset_3281,Workstation,Engineering,1,3,1,3,2412917.4117267514,58277.729503537004,15,1
AST-003282,Asset_3282,Server,Engineering,1,3,1,3,5375510.303157258,229392.66718750098,16,1
AST-003283,Asset_3283,Network_Device,Finance,0,2,2,3,1294639.9532414586,102296.8519961573,1,1
AST-003284,Asset_3284,Network_Device,HR,1,2,2,2,3970592.1413467755,88623.79687554283,22,2
AST-003285,Asset_3285,Workstation,Marketing,0,1,1,1,1416292.870904265,98927.62325492628,5,1
AST-003286,Asset_3286,Server,Operations,0,2,4,3,1068737.7344145395,212307.08416037227,1,1
AST-003287,Asset_3287,Database,HR,0,4,2,3,7291419.984966743,224160.3263212407,1,1
AST-003288,Asset_3288,Network_Device,HR,0,4,3,4,6106749.181366172,256860.73702283335,2,0
AST-003289,Asset_3289,Cloud_Storage,HR,0,3,4,4,4637950.551975681,156050.85893538484,0,2
AST-003290,Asset_3290,Server,Finance,0,1,1,1,912548.4670530846,70760.4294975698,2,0
AST-003291,Asset_3291,Server,Operations,1,3,2,2,3015583.6053640787,102308.29800403402,10,3
AST-003292,Asset_3292,Network_Device,Finance,1,1,2,1,1871626.0179662115,84887.4522587813,12,1
AST-003293,Asset_3293,Database,Operations,1,1,1,2,1452436.97249297,122790.2887919812,11,3
AST-003294,Asset_3294,Workstation,Operations,0,2,1,2,1050862.4122793612,158822.48019746784,1,0
AST-003295,Asset_3295,Cloud_Storage,Finance,0,1,3,2,991110.5156119361,172731.4594578776,2,0
AST-003296,Asset_3296,Server,Operations,0,5,1,2,6989074.223756269,167801.53526554105,3,1
AST-003297,Asset_3297,Workstation,HR,0,2,5,3,1444019.5667098558,138568.96174388542,3,2
AST-003298,Asset_3298,Server,Finance,0,2,3,3,1294873.2992427717,129564.27547332563,2,0
AST-003299,Asset_3299,Database,Operations,0,2,2,2,1178154.5972594554,176432.15981436335,1,0
AST-003300,Asset_3300,Network_Device,Engineering,0,3,1,2,4337608.824382118,45758.02855524827,1,0
AST-003301,Asset_3301,Workstation,Finance,0,2,2,2,1961792.2771825455,70292.68047233063,2,0
AST-003302,Asset_3302,Cloud_Storage,Sales,0,1,1,1,1060517.9836467109,20890.858390607915,3,0
AST-003303,Asset_3303,Workstation,Finance,0,3,1,3,1770181.6707379755,41364.65860686875,2,0
AST-003304,Asset_3304,Database,Finance,0,1,3,2,1607028.2368766489,130854.99030230513,3,1
AST-003305,Asset_3305,Server,Finance,0,1,1,1,1650135.1808782923,91070.24901464516,1,1
AST-003306,Asset_3306,Database,Operations,1,2,2,2,3488306.66612778,43294.88117354395,20,2
AST-003307,Asset_3307,Database,Finance,0,1,3,2,1477495.0198424244,163227.62460322765,1,1
AST-003308,Asset_3308,Server,Sales,1,5,1,3,8299664.296732609,132421.77572172997,17,1
AST-003309,Asset_3309,Database,Marketing,0,2,2,1,2731679.2326043854,65632.50236291003,4,0
AST-003310,Asset_3310,Workstation,Finance,0,5,2,4,6187277.954844158,314947.0218467288,1,0
AST-003311,Asset_3311,Workstation,Engineering,1,1,2,2,889718.8114938899,147814.33053221754,18,6
AST-003312,Asset_3312,Workstation,Sales,0,5,3,4,2900331.470798128,89213.42272031777,2,1
AST-003313,Asset_3313,Workstation,Marketing,0,1,4,2,937732.9499424892,40769.445284164816,1,0
AST-003314,Asset_3314,Server,Operations,1,1,2,1,1525439.3197857807,93177.40341701037,12,3
AST-003315,Asset_3315,Server,Finance,0,1,2,1,1890252.3800150645,17152.403503073176,3,0
AST-003316,Asset_3316,Workstation,Marketing,0,2,2,3,1768641.178401193,88967.91692449173,3,0
AST-003317,Asset_3317,Workstation,Engineering,1,1,3,2,1504773.7205193685,98902.53846961641,24,4
AST-003318,Asset_3318,Server,Sales,1,2,2,3,2434733.9399819747,251672.99721286708,11,6
AST-003319,Asset_3319,Network_Device,Sales,0,1,1,1,1441322.62694103,64236.33612386781,0,0
AST-003320,Asset_3320,Workstation,Operations,0,1,1,1,502432.76435566164,61406.50385382296,2,1
AST-003321,Asset_3321,Workstation,Operations,1,2,4,2,1367959.3512950116,144551.87137562918,10,4
AST-003322,Asset_3322,Server,Operations,0,1,1,1,825531.6857362479,82194.26850872768,5,0
AST-003323,Asset_3323,Workstation,Marketing,0,3,2,2,5520530.372087756,61854.04706721845,1,0
AST-003324,Asset_3324,Workstation,Finance,0,2,3,2,1121582.95982644,23402.248935644624,2,0
AST-003325,Asset_3325,Workstation,HR,1,4,1,2,5417803.176086464,42895.491535992216,12,5
AST-003326,Asset_3326,Workstation,Sales,0,1,2,1,1892958.9752489198,24864.756715529882,3,0
AST-003327,Asset_3327,Network_Device,HR,1,5,1,2,7390524.384034626,27204.146878596417,14,5
AST-003328,Asset_3328,Workstation,Sales,0,2,5,3,2453212.367029662,231829.8698686211,1,0
AST-003329,Asset_3329,Server,Operations,0,5,1,3,5394938.346423012,268929.6642049791,3,0
AST-003330,Asset_3330,Workstation,Finance,1,1,2,1,1436292.772735336,73958.48726984978,21,1
AST-003331,Asset_3331,Workstation,Finance,1,3,2,2,3661733.1775577106,53952.18022009825,12,5
AST-003332,Asset_3332,Workstation,Sales,0,3,3,4,4674353.742883205,258320.12953388778,0,0
AST-003333,Asset_3333,Server,Marketing,0,1,1,2,1426661.8704960821,113708.66212903094,4,1
AST-003334,Asset_3334,Server,Operations,1,2,2,2,2702226.035451875,167593.41870043706,11,2
AST-003335,Asset_3335,Network_Device,Finance,0,3,1,2,5805646.701113532,189613.7732164321,4,1
AST-003336,Asset_3336,Workstation,Finance,0,2,1,1,3507075.7786375354,76864.13646505836,5,1
AST-003337,Asset_3337,Cloud_Storage,Engineering,0,1,3,2,1413286.911302603,112256.95122136723,4,1
AST-003338,Asset_3338,Workstation,Finance,1,2,1,1,2615950.6851142263,55994.3432546899,13,4
AST-003339,Asset_3339,Workstation,Engineering,1,1,3,3,1585915.6190596165,248102.45411157137,19,4
AST-003340,Asset_3340,Workstation,Finance,1,3,3,3,5117619.9343679445,63078.87514904034,8,3
AST-003341,Asset_3341,Network_Device,Finance,0,1,4,3,942855.6298040375,71394.71591146645,0,0
AST-003342,Asset_3342,Workstation,Marketing,0,1,2,2,1500420.7743731323,81832.29396829658,3,0
AST-003343,Asset_3343,Workstation,Marketing,0,1,1,1,702731.6610922492,77242.50968665433,2,0
AST-003344,Asset_3344,Server,Operations,0,2,2,2,2291353.9719417086,31875.80171026753,2,1
AST-003345,Asset_3345,Workstation,Finance,0,5,5,5,9538273.88999337,204945.64511850022,2,0
AST-003346,Asset_3346,Workstation,Operations,0,1,4,3,989449.0342636972,116005.92318650814,3,1
AST-003347,Asset_3347,Server,Operations,0,1,2,2,731352.5132694333,107432.76971270739,1,1
AST-003348,Asset_3348,Server,Operations,0,1,4,3,719218.7860911511,155203.45758951645,1,0
AST-003349,Asset_3349,Database,Operations,0,3,3,3,3271778.5655410644,222889.40068687874,2,0
AST-003350,Asset_3350,Server,Sales,1,2,4,2,1675528.9463769703,132600.99349484663,17,3
AST-003351,Asset_3351,Server,Sales,0,1,2,1,1140381.205978406,91249.29858580798,3,2
AST-003352,Asset_3352,Workstation,Finance,0,2,4,3,3156657.1116583077,78777.23723170106,3,0
AST-003353,Asset_3353,Cloud_Storage,Sales,0,1,4,3,1832239.6480000552,146661.85519221536,1,0
AST-003354,Asset_3354,Workstation,Finance,1,2,1,1,1330499.5943338785,46008.60480136017,18,3
AST-003355,Asset_3355,Server,Marketing,0,1,5,2,1652612.3741462992,40253.328848408215,2,2
AST-003356,Asset_3356,Server,HR,0,3,1,2,1965661.2804443452,49668.97429364955,1,0
AST-003357,Asset_3357,Workstation,Engineering,0,4,2,4,4276605.633784042,161187.01878302655,2,1
AST-003358,Asset_3358,Database,Sales,0,3,3,3,5984466.325158084,228396.62803063443,3,0
AST-003359,Asset_3359,Network_Device,Sales,1,2,2,2,1206033.2126653367,47029.021600144966,11,4
AST-003360,Asset_3360,Workstation,Marketing,0,2,4,3,1068643.0996856948,101635.96995754294,2,0
AST-003361,Asset_3361,Workstation,Sales,0,1,2,1,1000473.0001563223,70877.82953228372,3,1
AST-003362,Asset_3362,Server,Finance,0,3,1,3,5780043.731141899,191096.5891319908,6,0
AST-003363,Asset_3363,Workstation,Finance,0,2,1,2,1060115.1836311447,38790.8952671267,1,1
AST-003364,Asset_3364,Server,HR,0,4,2,4,3336269.079361504,379733.8156667777,5,1
AST-003365,Asset_3365,Cloud_Storage,HR,0,1,3,3,1404743.5869848044,69967.8099705662,0,0
AST-003366,Asset_3366,Workstation,HR,1,3,1,3,2551890.049808344,46579.94360121801,14,4
AST-003367,Asset_3367,Database,Finance,1,2,2,2,1161422.8414439538,74765.61621598229,14,2
AST-003368,Asset_3368,Server,Operations,1,1,1,1,578667.0562472992,12382.079245170204,13,4
AST-003369,Asset_3369,Server,Operations,0,2,3,3,2677478.030340789,38295.423239674405,2,3
AST-003370,Asset_3370,Workstation,HR,0,4,1,3,5371363.457995913,186257.69279073458,3,0
AST-003371,Asset_3371,Server,HR,0,4,3,3,6238842.902495647,271096.7070524464,3,1
AST-003372,Asset_3372,Workstation,Finance,0,3,1,3,2092835.0921806358,138686.98661701372,4,0
AST-003373,Asset_3373,Server,Marketing,0,1,1,1,1249777.5394113527,37192.82373367104,3,0
AST-003374,Asset_3374,Workstation,Sales,1,4,4,4,5605695.008925164,369265.8116561041,14,4
AST-003375,Asset_3375,Network_Device,Engineering,0,2,2,2,1667127.5751124797,31063.034193911575,2,1
AST-003376,Asset_3376,Workstation,Operations,1,1,2,1,1321014.0076452945,52598.13228812058,14,5
AST-003377,Asset_3377,Workstation,Operations,0,1,3,2,1562357.5129196146,65468.42140766399,2,0
AST-003378,Asset_3378,Server,Finance,0,1,2,2,1986260.9437459807,88708.00676664666,1,1
AST-003379,Asset_3379,Server,Finance,0,1,3,2,1394634.0574713182,93942.90589655549,1,1
AST-003380,Asset_3380,Workstation,Engineering,0,3,3,3,5375358.586162155,177187.15764327138,1,0
AST-003381,Asset_3381,Database,Engineering,0,1,2,1,1750509.1242178625,50792.586053956446,2,0
AST-003382,Asset_3382,Workstation,HR,1,1,1,1,1910400.3464664647,98924.44864685186,14,3
AST-003383,Asset_3383,Server,Engineering,1,1,1,1,1584583.3954828375,12296.007122399893,22,2
AST-003384,Asset_3384,Server,Sales,0,2,4,4,1639301.2401733007,312757.1925384436,3,0
AST-003385,Asset_3385,Server,Sales,0,1,5,3,947136.691490232,43768.733218363304,5,0
AST-003386,Asset_3386,Network_Device,Operations,1,1,1,1,1677027.4453918876,48796.32665440882,17,3
AST-003387,Asset_3387,Server,Sales,1,1,1,1,1281234.1207343526,28166.21626820147,20,0
AST-003388,Asset_3388,Workstation,Sales,0,2,1,2,1753925.9408697959,190154.41409749215,2,1
AST-003389,Asset_3389,Server,Sales,1,1,2,2,1485005.509627488,150048.27070227533,13,4
AST-003390,Asset_3390,Workstation,HR,0,2,1,1,3719607.704151141,51656.24460954115,0,0
AST-003391,Asset_3391,Database,Operations,0,1,3,3,1036534.7881455042,287105.3716907187,1,1
AST-003392,Asset_3392,Network_Device,Finance,0,1,4,2,1394367.2959961654,149833.03164786551,0,1
AST-003393,Asset_3393,Network_Device,Operations,0,1,5,3,1372250.7963222517,287023.9023145639,1,0
AST-003394,Asset_3394,Database,Operations,0,1,1,2,690462.005200115,146823.47703669206,3,1
AST-003395,Asset_3395,Cloud_Storage,Operations,0,1,5,4,635367.4836634712,67975.89165977627,0,1
AST-003396,Asset_3396,Cloud_Storage,Engineering,0,1,3,2,1834140.1543838417,130934.96658695603,1,0
AST-003397,Asset_3397,Network_Device,Finance,1,1,1,1,1900305.3371795022,98231.47348140983,20,1
AST-003398,Asset_3398,Network_Device,Engineering,1,3,2,3,5569088.046676256,87829.16711990492,10,2
AST-003399,Asset_3399,Server,HR,0,1,3,2,1094982.1916615472,162693.14313157246,1,0
AST-003400,Asset_3400,Workstation,HR,0,4,5,5,3725720.5504010143,133084.42889580005,2,0
AST-003401,Asset_3401,Server,Marketing,0,3,1,3,5739775.248320237,152104.0398255622,0,0
AST-003402,Asset_3402,Server,Marketing,0,3,1,2,5472610.658133197,35239.4697860717,2,0
AST-003403,Asset_3403,Cloud_Storage,HR,0,1,2,1,1729726.01114155,40652.75287395707,2,0
AST-003404,Asset_3404,Database,HR,0,3,5,3,3003832.5053665214,239581.15013395192,3,1
AST-003405,Asset_3405,Workstation,Engineering,0,1,5,3,1458113.9169210363,42222.37294684384,1,1
AST-003406,Asset_3406,Network_Device,HR,0,1,1,1,1625630.4136333268,38817.697196150024,1,1
AST-003407,Asset_3407,Network_Device,Finance,0,1,1,1,1364231.4444809072,66677.70836899256,3,0
AST-003408,Asset_3408,Cloud_Storage,Engineering,1,4,4,3,5612025.99979686,286110.50380556344,18,2
AST-003409,Asset_3409,Server,HR,0,1,3,2,1635031.6743196507,64163.31860180993,4,0
AST-003410,Asset_3410,Server,Engineering,0,4,5,3,6600967.88955966,76750.50260238221,2,1
AST-003411,Asset_3411,Workstation,Engineering,0,1,4,3,859922.9980912904,84991.07025223394,3,1
AST-003412,Asset_3412,Server,Sales,0,4,1,2,4344048.315113536,62625.57263124987,1,1
AST-003413,Asset_3413,Server,Marketing,0,4,3,3,6687106.529832447,202346.81991498324,0,1
AST-003414,Asset_3414,Database,Engineering,1,4,1,2,3568685.046866853,199760.21332083314,12,3
AST-003415,Asset_3415,Workstation,Operations,0,2,3,3,3746781.8979433468,171369.64590102175,1,2
AST-003416,Asset_3416,Workstation,Engineering,1,4,2,3,7033359.649700132,103286.31086616206,18,1
AST-003417,Asset_3417,Database,Operations,0,5,5,5,9215921.544534326,386131.8968686688,1,0
AST-003418,Asset_3418,Workstation,Sales,0,1,5,3,945949.8781981869,72727.94296488908,0,1
AST-003419,Asset_3419,Server,HR,0,2,1,2,1315351.031216633,25402.55114824378,1,1
AST-003420,Asset_3420,Server,Engineering,0,3,1,2,1952657.8366897025,128947.69441359883,1,2
AST-003421,Asset_3421,Workstation,Sales,0,1,2,1,1333861.3096087375,28926.599883383904,1,1
AST-003422,Asset_3422,Workstation,Finance,1,3,4,5,2875156.983184689,229656.76331329445,12,2
AST-003423,Asset_3423,Workstation,Sales,0,1,3,2,895282.5252541472,61604.59519544624,0,1
AST-003424,Asset_3424,Server,Marketing,0,2,5,4,1667216.1819089376,370502.22383905627,1,0
AST-003425,Asset_3425,Network_Device,Marketing,1,1,2,1,1343146.4157316503,40418.977747448254,18,2
AST-003426,Asset_3426,Workstation,HR,0,1,1,1,1322142.8476166623,50416.61394815737,0,0
AST-003427,Asset_3427,Workstation,Operations,0,1,1,1,1133469.0192376524,31135.86779845235,0,0
AST-003428,Asset_3428,Workstation,HR,0,3,1,3,2122980.1585531747,52909.773134878254,2,0
AST-003429,Asset_3429,Network_Device,Operations,0,1,2,1,1893192.2102589272,56130.09567097982,3,0
AST-003430,Asset_3430,Workstation,Operations,0,3,4,3,3425711.830161135,264555.28268843435,2,0
AST-003431,Asset_3431,Workstation,Operations,0,3,1,3,2056390.3272528965,124954.04504582836,0,0
AST-003432,Asset_3432,Cloud_Storage,Operations,0,2,4,3,1111236.8174651314,240861.52314964292,2,0
AST-003433,Asset_3433,Workstation,Marketing,0,1,1,1,728889.9475865941,12935.10909739737,0,0
AST-003434,Asset_3434,Workstation,Marketing,0,1,1,1,945689.3476463547,31195.778122779775,0,1
AST-003435,Asset_3435,Workstation,Engineering,0,2,2,3,2890280.568465369,65503.73830574599,0,1
AST-003436,Asset_3436,Database,Marketing,0,1,2,1,1956403.5054968596,46259.415803688,4,2
AST-003437,Asset_3437,Server,HR,1,2,4,3,1816203.0280177603,271469.890752448,10,2
AST-003438,Asset_3438,Workstation,Marketing,0,5,2,2,8423532.038735945,87232.14748820919,4,0
AST-003439,Asset_3439,Cloud_Storage,HR,1,1,1,1,1867079.5069459435,64299.12661018954,15,8
AST-003440,Asset_3440,Cloud_Storage,Finance,0,2,3,2,2174717.7251574425,181665.58146616476,2,0
AST-003441,Asset_3441,Database,Marketing,0,5,5,5,4399551.954435825,211903.94800677046,2,0
AST-003442,Asset_3442,Workstation,HR,0,4,2,2,4946401.397354813,85836.0126037571,1,1
AST-003443,Asset_3443,Server,Operations,1,4,1,3,7380272.589243856,53755.42100965167,10,5
AST-003444,Asset_3444,Cloud_Storage,Sales,0,3,1,1,1549418.4066276075,41414.46863316439,0,1
AST-003445,Asset_3445,Cloud_Storage,Operations,1,1,1,1,1229947.2154131571,77154.38931500984,17,2
AST-003446,Asset_3446,Workstation,Engineering,1,4,1,2,6545571.571430817,172033.2881582746,17,3
AST-003447,Asset_3447,Network_Device,HR,0,4,4,5,5606782.574955117,375237.7319162883,1,0
AST-003448,Asset_3448,Workstation,Operations,0,2,1,1,2492018.1505135247,10623.281924426818,1,0
AST-003449,Asset_3449,Workstation,Marketing,0,1,2,2,1330419.8021300542,41055.82400098389,0,2
AST-003450,Asset_3450,Server,Marketing,0,2,2,2,2857694.973903515,151576.75963485884,4,0
AST-003451,Asset_3451,Workstation,Finance,0,1,4,2,1523112.7316381352,189631.3985513227,2,0
AST-003452,Asset_3452,Workstation,Sales,1,1,1,1,1034278.3795443729,72582.50172581291,16,7
AST-003453,Asset_3453,Workstation,HR,0,2,2,3,2552123.6408133144,91047.89455618417,3,0
AST-003454,Asset_3454,Database,Operations,0,2,1,2,1820710.6404387178,39360.50490710718,2,0
AST-003455,Asset_3455,Cloud_Storage,Sales,0,2,1,2,3951970.15742422,177862.9310401509,2,1
AST-003456,Asset_3456,Server,Finance,1,1,1,1,780932.1007661261,18912.74607612488,24,4
AST-003457,Asset_3457,Workstation,Engineering,0,3,2,2,2177957.5173187144,47186.653473920116,2,1
AST-003458,Asset_3458,Workstation,Sales,1,1,1,1,903233.4136123937,63702.344937566224,10,5
AST-003459,Asset_3459,Workstation,Finance,1,1,2,1,1880081.3757615439,27099.737022780693,11,2
AST-003460,Asset_3460,Workstation,HR,0,2,1,2,2976568.174254314,60966.80407547835,1,0
AST-003461,Asset_3461,Server,Engineering,0,1,5,3,1183891.2885251753,68409.8135957236,2,0
AST-003462,Asset_3462,Server,Marketing,0,1,2,1,1888093.1113546758,94989.35795911668,2,1
AST-003463,Asset_3463,Workstation,Finance,0,1,4,1,1850220.7887540353,21243.26631053087,3,0
AST-003464,Asset_3464,Workstation,Marketing,1,3,1,3,3307166.2767087794,281459.6568672536,16,3
AST-003465,Asset_3465,Server,Engineering,0,2,3,2,2690922.889369577,78715.4560020012,1,1
AST-003466,Asset_3466,Workstation,Finance,0,1,2,1,1858060.9729378645,83940.35410495916,3,1
AST-003467,Asset_3467,Workstation,Finance,0,1,1,1,979097.9935920739,95499.78125385838,5,0
AST-003468,Asset_3468,Workstation,Engineering,0,2,3,2,2222611.6941908235,113466.3951978838,1,0
AST-003469,Asset_3469,Network_Device,HR,0,4,3,4,6758087.569129136,317261.9648850848,2,3
AST-003470,Asset_3470,Server,Finance,0,2,5,4,3095916.5360698737,135763.76815058774,2,0
AST-003471,Asset_3471,Server,Engineering,1,3,3,3,1718926.7639850718,133400.332015304,18,4
AST-003472,Asset_3472,Workstation,Sales,0,2,1,1,1352129.3096138928,59768.805300965956,5,1
AST-003473,Asset_3473,Workstation,Marketing,0,3,1,2,5308187.451621944,173083.01180168934,1,0
AST-003474,Asset_3474,Workstation,Finance,1,4,2,4,2178432.425995404,263465.6942852888,14,6
AST-003475,Asset_3475,Network_Device,Sales,1,3,1,3,5639681.425006222,35966.68248361135,16,3
AST-003476,Asset_3476,Network_Device,Finance,0,4,3,4,3630516.5140122343,149722.44361271098,2,0
AST-003477,Asset_3477,Cloud_Storage,HR,0,2,2,2,2795137.547197356,175694.9302114392,1,1
AST-003478,Asset_3478,Workstation,Engineering,0,4,4,5,5387485.305753034,158106.56986824563,2,0
AST-003479,Asset_3479,Workstation,Finance,0,2,2,2,2188761.2684732974,86227.07064485233,1,1
AST-003480,Asset_3480,Workstation,Engineering,1,4,2,4,2188621.541655317,180261.30033521372,13,2
AST-003481,Asset_3481,Server,Operations,0,1,1,2,788706.8911931517,47801.492183825336,1,0
AST-003482,Asset_3482,Workstation,Finance,1,2,1,2,2844920.457500781,82966.16888348461,16,4
AST-003483,Asset_3483,Server,HR,0,3,3,3,3508677.47719087,250703.59412418233,1,1
AST-003484,Asset_3484,Cloud_Storage,HR,0,1,5,3,1120755.569028385,259255.34447662035,1,1
AST-003485,Asset_3485,Workstation,Sales,0,2,2,3,1293108.7023689458,186842.33690924928,0,2
AST-003486,Asset_3486,Workstation,HR,0,3,3,3,3062073.413607806,213259.69334167364,3,1
AST-003487,Asset_3487,Database,Engineering,0,1,2,1,1289645.8280889029,58111.5433120111,2,0
AST-003488,Asset_3488,Server,Operations,0,2,5,4,1233078.2048272341,55938.12320939846,1,0
AST-003489,Asset_3489,Server,HR,0,2,1,1,1200087.2578659053,72701.63800436055,1,0
AST-003490,Asset_3490,Workstation,Finance,1,2,2,2,2474660.1496566236,199379.1576086424,16,0
AST-003491,Asset_3491,Server,HR,0,1,2,1,1341878.2607612917,30504.099324174018,2,1
AST-003492,Asset_3492,Workstation,Operations,1,1,2,2,886462.2569384067,196787.21580803866,13,2
AST-003493,Asset_3493,Network_Device,Engineering,0,1,1,1,988649.5204484614,99799.6240557259,1,0
AST-003494,Asset_3494,Network_Device,Finance,1,1,2,1,1695305.6368079567,22736.31449386873,9,7
AST-003495,Asset_3495,Workstation,Sales,1,1,2,1,1803854.0359986979,93352.16622624558,16,4
AST-003496,Asset_3496,Server,Sales,0,3,1,3,2963529.0899714464,212393.81133047323,2,0
AST-003497,Asset_3497,Network_Device,Sales,1,2,3,1,2067143.6928491865,51973.46420093976,13,4
AST-003498,Asset_3498,Network_Device,Finance,0,3,3,3,5236469.507764297,123058.39372132564,2,0
AST-003499,Asset_3499,Server,Sales,1,1,4,3,1960751.7521166638,200046.43027822697,14,5
AST-003500,Asset_3500,Workstation,HR,0,2,2,2,1961779.5858911376,171701.60188796892,1,0
AST-003501,Asset_3501,Server,Finance,0,1,1,1,1683089.8568302053,13069.21238065882,2,0
AST-003502,Asset_3502,Network_Device,Finance,0,3,2,2,3658615.6599365566,116383.20883362745,3,0
AST-003503,Asset_3503,Cloud_Storage,Finance,0,3,1,2,2686776.205401656,137047.51717875153,1,0
AST-003504,Asset_3504,Server,Marketing,0,4,2,3,6090711.1793383835,36912.88874882943,1,1
AST-003505,Asset_3505,Network_Device,Engineering,1,1,1,2,1193825.565253402,180033.96792788783,13,0
AST-003506,Asset_3506,Workstation,Marketing,1,3,1,2,2706730.9777455316,191322.18550423492,10,4
AST-003507,Asset_3507,Cloud_Storage,Marketing,0,2,1,2,1321688.9316824207,130248.43647903031,6,1
AST-003508,Asset_3508,Workstation,Marketing,1,3,1,2,5401294.862166987,41060.1934032939,11,3
AST-003509,Asset_3509,Network_Device,Engineering,1,2,5,4,3636003.410285872,375668.21571706724,18,2
AST-003510,Asset_3510,Server,Marketing,0,2,5,3,1224885.2677413768,247351.91629340668,1,0
AST-003511,Asset_3511,Database,Sales,0,1,2,1,1495093.055912366,12569.340614852337,3,1
AST-003512,Asset_3512,Server,Finance,0,2,1,1,1487732.2918448476,62124.18651203429,2,0
AST-003513,Asset_3513,Cloud_Storage,Finance,1,1,4,2,1469480.1202544011,40616.71694833141,27,3
AST-003514,Asset_3514,Network_Device,HR,1,1,4,2,1861425.7903405535,45391.95131698028,14,4
AST-003515,Asset_3515,Network_Device,Operations,0,1,4,3,890322.0353332378,81977.68513256246,0,0
AST-003516,Asset_3516,Cloud_Storage,Sales,0,5,2,3,5109469.245825973,136970.89364655197,0,0
AST-003517,Asset_3517,Server,Engineering,1,1,1,1,1692694.9387674099,88874.45747675396,15,5
AST-003518,Asset_3518,Database,Operations,1,4,1,2,6412242.75645995,25593.574281208937,12,4
AST-003519,Asset_3519,Server,Finance,1,5,4,5,5564914.633415606,360144.9364636467,13,2
AST-003520,Asset_3520,Server,Marketing,0,4,4,3,7091288.475665676,290428.7130436992,4,2
AST-003521,Asset_3521,Server,HR,0,4,2,3,7523512.866987787,203133.02982536884,2,0
AST-003522,Asset_3522,Workstation,HR,0,4,1,2,4715861.830805505,166808.9106932385,2,0
AST-003523,Asset_3523,Server,Finance,0,1,2,1,559177.4039058426,91159.50841863333,2,0
AST-003524,Asset_3524,Server,Sales,1,1,3,2,1264159.9670706915,148663.60486580487,18,3
AST-003525,Asset_3525,Server,Operations,0,2,3,2,3219047.3786135204,138771.70369193197,4,0
AST-003526,Asset_3526,Server,HR,1,2,2,2,1660107.2274331977,23234.013902575356,17,5
AST-003527,Asset_3527,Cloud_Storage,Finance,0,1,1,1,649145.4809098748,56700.01801301131,0,0
AST-003528,Asset_3528,Workstation,Sales,1,2,1,2,1855643.9306710493,104460.64160642876,13,3
AST-003529,Asset_3529,Cloud_Storage,Finance,0,2,3,3,1034760.6660290891,171130.51930489478,3,1
AST-003530,Asset_3530,Workstation,Finance,0,4,3,4,6292830.3780053165,195692.94048667105,3,1
AST-003531,Asset_3531,Server,Sales,0,2,1,1,1438205.097167934,91590.17632210557,3,0
AST-003532,Asset_3532,Workstation,Sales,0,2,1,1,3170947.0662761456,90012.70805981976,1,0
AST-003533,Asset_3533,Database,Sales,1,2,2,2,1703643.9777608602,42625.73996547867,16,4
AST-003534,Asset_3534,Server,Finance,0,2,1,1,3976186.3263480715,57960.35204556208,3,0
AST-003535,Asset_3535,Server,HR,0,5,2,4,6488465.365500641,385441.23416740843,1,1
AST-003536,Asset_3536,Server,Engineering,1,1,2,2,562008.2840022795,127759.54801925583,13,4
AST-003537,Asset_3537,Server,Engineering,1,2,3,2,3318036.6324899388,164300.31561960085,13,2
AST-003538,Asset_3538,Database,Finance,0,2,3,2,2230270.735391491,87204.80397538033,4,1
AST-003539,Asset_3539,Workstation,Finance,1,2,1,1,2821963.8648448223,43952.409597937185,12,1
AST-003540,Asset_3540,Server,HR,0,1,2,1,1926819.8342569203,39311.85550182765,1,0
AST-003541,Asset_3541,Server,Sales,0,1,1,1,1275904.657768217,11966.091816588882,2,0
AST-003542,Asset_3542,Network_Device,Finance,0,1,3,1,1706564.5476151826,93236.64512099714,4,0
AST-003543,Asset_3543,Server,Marketing,0,1,3,2,954189.2259363218,82935.50583462659,1,0
AST-003544,Asset_3544,Database,Sales,0,4,1,2,6287126.260656406,86075.83214664423,3,1
AST-003545,Asset_3545,Network_Device,Finance,0,2,1,2,1297969.013083628,156718.53351113157,4,0
AST-003546,Asset_3546,Server,Marketing,0,1,1,1,1840023.582443547,57420.38103956857,1,0
AST-003547,Asset_3547,Server,Operations,1,1,2,1,799621.1110383987,42583.79395343429,28,1
AST-003548,Asset_3548,Workstation,HR,0,1,1,1,952894.3020879937,89525.56869524378,2,0
AST-003549,Asset_3549,Database,Marketing,1,4,2,3,7749271.288018531,252852.3876433571,16,2
AST-003550,Asset_3550,Workstation,Finance,1,2,2,2,1465640.7768459888,195824.28288192564,16,4
AST-003551,Asset_3551,Network_Device,Engineering,0,5,2,3,4408073.196114665,203075.84171041593,0,1
AST-003552,Asset_3552,Server,Finance,0,1,4,3,1370268.9472941952,216326.08497667208,3,1
AST-003553,Asset_3553,Workstation,Engineering,0,3,1,2,5913122.9963112725,78409.91421231025,3,0
AST-003554,Asset_3554,Workstation,HR,1,1,4,2,1537129.2118488834,37924.39792156152,21,2
AST-003555,Asset_3555,Server,HR,0,1,1,1,671285.1125151212,19532.50612351938,2,0
AST-003556,Asset_3556,Workstation,Sales,0,1,1,1,1622175.7284505072,68134.64157159536,3,0
AST-003557,Asset_3557,Server,Sales,1,2,2,3,2278646.393608988,60583.341980190555,14,5
AST-003558,Asset_3558,Workstation,Engineering,0,1,2,1,1988493.4112908444,91596.39091798349,1,1
AST-003559,Asset_3559,Server,Engineering,0,2,1,1,2886151.1803929927,73348.17887128182,0,0
AST-003560,Asset_3560,Workstation,HR,0,3,2,1,3893801.52791689,30358.606597366022,5,1
AST-003561,Asset_3561,Database,Marketing,1,1,1,1,1335897.7345667705,35129.049492108534,11,4
AST-003562,Asset_3562,Network_Device,Engineering,1,1,4,3,1462342.716184363,221692.9037029034,12,2
AST-003563,Asset_3563,Server,Engineering,0,3,2,3,4793231.749555788,252512.38246511394,2,0
AST-003564,Asset_3564,Workstation,Marketing,0,2,2,2,1234965.505678166,171097.39771066708,2,3
AST-003565,Asset_3565,Workstation,Sales,1,3,4,3,2088012.839143095,192277.3364808419,15,4
AST-003566,Asset_3566,Workstation,Sales,1,1,3,2,950716.5882806896,47941.75753159413,18,1
AST-003567,Asset_3567,Workstation,Engineering,1,1,2,2,1216931.487158014,167304.7102434164,10,2
AST-003568,Asset_3568,Workstation,Sales,0,1,2,1,966601.0961522299,81247.91757718443,0,1
AST-003569,Asset_3569,Workstation,Sales,1,4,2,4,3283028.7743822867,340728.7309480618,18,2
AST-003570,Asset_3570,Network_Device,Operations,0,4,1,2,7550178.250299739,48379.48048970019,2,0
AST-003571,Asset_3571,Database,Sales,0,5,1,3,2744504.00743295,214776.591465669,6,1
AST-003572,Asset_3572,Workstation,HR,1,2,1,1,3816094.5119898412,96421.9540103503,17,5
AST-003573,Asset_3573,Network_Device,Finance,0,3,3,3,5582590.415099493,99136.62826032823,1,1
AST-003574,Asset_3574,Cloud_Storage,Engineering,1,2,1,1,3051345.2497206354,74505.52240441772,18,5
AST-003575,Asset_3575,Network_Device,Engineering,0,2,1,1,1097603.7457890562,33302.568831461205,0,0
AST-003576,Asset_3576,Database,HR,1,3,1,2,2514100.027122929,75277.35357466829,14,1
AST-003577,Asset_3577,Server,Finance,0,1,2,1,1968650.935513246,53674.126846871965,0,0
AST-003578,Asset_3578,Workstation,Finance,0,1,2,1,1858925.5476306754,90545.86392309393,0,1
AST-003579,Asset_3579,Workstation,HR,0,1,2,1,1946857.941486504,13479.563063404661,1,2
AST-003580,Asset_3580,Workstation,Marketing,0,3,1,1,5982554.21920765,99067.71797339119,3,2
AST-003581,Asset_3581,Workstation,Marketing,1,1,4,3,595831.1994423894,238460.83039458253,16,4
AST-003582,Asset_3582,Network_Device,Finance,0,1,2,2,1356293.804713657,84760.2015513101,4,1
AST-003583,Asset_3583,Database,Marketing,0,5,2,3,8756032.084151926,125623.25497623844,4,1
AST-003584,Asset_3584,Network_Device,Marketing,0,1,4,3,979563.4486765785,160404.93375327022,1,0
AST-003585,Asset_3585,Workstation,Marketing,1,1,5,3,1153338.0833804037,266379.2074466873,12,4
AST-003586,Asset_3586,Database,Finance,0,2,2,2,1851215.9459664454,23225.12135095267,1,0
AST-003587,Asset_3587,Workstation,Marketing,0,3,4,4,1671324.611097286,237369.87424907042,0,1
AST-003588,Asset_3588,Workstation,Engineering,0,1,2,2,609070.0135575294,30095.56012373708,1,0
AST-003589,Asset_3589,Server,Operations,1,2,1,2,1064325.3088763906,40808.134521666514,10,4
AST-003590,Asset_3590,Server,Finance,0,1,1,1,1290866.6734041714,72159.9277965014,2,0
AST-003591,Asset_3591,Cloud_Storage,HR,0,2,2,2,2855269.2496541026,62175.599327338496,4,0
AST-003592,Asset_3592,Server,Marketing,1,1,2,2,961552.5237604937,27487.064944296868,16,3
AST-003593,Asset_3593,Workstation,Sales,0,1,2,2,1739222.8057129465,49562.71041334961,0,0
AST-003594,Asset_3594,Workstation,Finance,0,2,4,3,3664040.053903091,86332.28256631241,2,0
AST-003595,Asset_3595,Workstation,HR,1,4,2,3,2838489.8314058576,237841.1388417789,13,3
AST-003596,Asset_3596,Workstation,Operations,0,3,1,3,1733660.08233875,198729.51549515087,1,1
AST-003597,Asset_3597,Server,Engineering,0,4,1,4,3916283.67817197,304644.64456468914,2,2
AST-003598,Asset_3598,Workstation,HR,0,2,5,3,3138962.5973389125,129852.01549218621,5,1
AST-003599,Asset_3599,Database,Marketing,1,1,3,2,1261135.8369664503,40363.89938723338,18,3
AST-003600,Asset_3600,Workstation,Sales,0,1,2,1,1232134.9960245928,82476.10931001193,2,0
AST-003601,Asset_3601,Server,Marketing,0,4,3,4,2914462.3906996367,90546.46191587036,1,2
AST-003602,Asset_3602,Workstation,HR,0,2,3,2,2054362.355315142,88882.71803855625,3,1
AST-003603,Asset_3603,Server,Finance,1,5,4,4,9691684.437502775,134420.16699864337,16,3
AST-003604,Asset_3604,Server,Sales,0,1,1,1,1010840.6585277801,36688.13683084815,3,0
AST-003605,Asset_3605,Server,Sales,0,1,2,1,1387148.6188251376,64167.099556336616,3,2
AST-003606,Asset_3606,Server,HR,0,1,1,1,587523.3486228916,24791.69371205066,0,0
AST-003607,Asset_3607,Network_Device,Operations,0,1,5,3,595781.386786448,150385.9503733315,1,1
AST-003608,Asset_3608,Server,Operations,1,1,5,3,1136380.988724288,202445.8655226029,13,3
AST-003609,Asset_3609,Cloud_Storage,Marketing,0,2,3,2,2812337.0693640728,176404.37546404076,3,0
AST-003610,Asset_3610,Cloud_Storage,HR,1,2,2,2,2117023.129962029,86820.95354752419,17,6
AST-003611,Asset_3611,Workstation,Sales,0,1,2,2,768520.3638203241,77364.52066402294,3,1
AST-003612,Asset_3612,Server,HR,1,1,2,1,1603935.972748683,43106.25024946872,14,2
AST-003613,Asset_3613,Database,Sales,0,3,1,2,2130197.1761919493,110143.47268829844,1,0
AST-003614,Asset_3614,Workstation,Marketing,0,2,2,2,3004050.234056345,76357.02687600383,1,1
AST-003615,Asset_3615,Database,Finance,1,2,1,2,3870203.4648305313,65081.37170667535,10,3
AST-003616,Asset_3616,Server,Finance,1,2,5,3,2411610.5750502944,131331.8348756071,12,2
AST-003617,Asset_3617,Workstation,HR,0,4,2,3,3202602.071673234,240013.9014960635,5,1
AST-003618,Asset_3618,Network_Device,Sales,0,2,4,4,3525945.3950619586,131013.323318927,2,3
AST-003619,Asset_3619,Workstation,Finance,0,4,3,4,5032857.180847572,344066.6678886689,1,1
AST-003620,Asset_3620,Server,Sales,1,2,1,1,3769666.0455022673,35659.588727871436,19,5
AST-003621,Asset_3621,Workstation,Marketing,0,1,1,2,1580879.1130598118,128553.84143983362,2,1
AST-003622,Asset_3622,Server,HR,0,1,5,3,1145914.4087894384,292163.59621166973,0,1
AST-003623,Asset_3623,Server,Sales,0,2,3,3,2852152.8431723174,286984.0721273029,3,0
AST-003624,Asset_3624,Network_Device,HR,1,2,1,2,1509893.260411529,98233.93974302565,13,4
AST-003625,Asset_3625,Server,Sales,0,2,1,2,2161691.2202468454,32152.838473850985,2,0
AST-003626,Asset_3626,Server,Operations,0,1,2,1,1390806.9104758808,91236.5842943369,2,0
AST-003627,Asset_3627,Server,Operations,0,2,1,1,2770125.550754399,21422.438343236536,2,0
AST-003628,Asset_3628,Network_Device,Sales,0,3,1,2,4142469.1506090816,186238.86195177116,2,0
AST-003629,Asset_3629,Workstation,Marketing,0,2,3,2,3230608.229738637,151873.5091235892,4,0
AST-003630,Asset_3630,Workstation,HR,1,2,2,2,1316960.1546723917,188163.0416966314,14,6
AST-003631,Asset_3631,Workstation,Engineering,1,5,2,3,3052428.160330485,209655.78918988723,11,6
AST-003632,Asset_3632,Server,Sales,0,2,4,3,1444062.1600410915,298680.42264650506,1,2
AST-003633,Asset_3633,Workstation,Sales,1,1,2,1,1688591.4654367606,52030.15128526618,14,3
AST-003634,Asset_3634,Database,Operations,0,3,4,3,1791841.8605392422,118997.80708947565,1,0
AST-003635,Asset_3635,Server,Finance,0,1,1,1,837853.2176605494,45398.076132926915,2,1
AST-003636,Asset_3636,Workstation,Operations,1,3,1,2,2646492.0248624403,83052.00778066128,15,1
AST-003637,Asset_3637,Cloud_Storage,HR,0,1,1,1,1470877.4335445939,46071.755664338234,1,1
AST-003638,Asset_3638,Server,Operations,0,1,1,1,1102444.2892731405,89668.1895286743,3,0
AST-003639,Asset_3639,Server,Engineering,1,1,5,4,798489.835132683,253142.0086571411,3,5
AST-003640,Asset_3640,Server,Marketing,0,1,5,4,1174307.6836603307,301251.25142375997,3,0
AST-003641,Asset_3641,Server,Engineering,1,1,3,1,1528177.0334372206,35908.5933879869,12,2
AST-003642,Asset_3642,Cloud_Storage,Marketing,1,1,2,1,1679077.8050074573,99088.36148474604,21,2
AST-003643,Asset_3643,Workstation,Engineering,0,3,3,3,2057474.342995234,105798.38038736588,4,1
AST-003644,Asset_3644,Workstation,Operations,0,3,2,2,4716220.192623012,48624.52620355822,2,1
AST-003645,Asset_3645,Workstation,Engineering,0,3,1,3,1520351.9621596057,240112.5380307287,1,0
AST-003646,Asset_3646,Server,Operations,0,3,2,1,4759456.505560149,85516.78014479198,1,0
AST-003647,Asset_3647,Workstation,Operations,0,2,2,2,2983011.5959526533,90883.14797344452,0,0
AST-003648,Asset_3648,Workstation,HR,1,4,1,3,4811999.471094981,176089.38119750418,16,5
AST-003649,Asset_3649,Workstation,Operations,0,2,1,1,1410619.8389086246,47271.518524455285,0,2
AST-003650,Asset_3650,Cloud_Storage,Finance,0,2,1,2,3293647.011616727,72905.9520765174,1,2
AST-003651,Asset_3651,Workstation,Engineering,0,3,2,2,1822888.8993856753,166407.86573322205,5,1
AST-003652,Asset_3652,Database,Sales,0,1,1,2,1843352.9206291023,156266.72411345117,1,0
AST-003653,Asset_3653,Network_Device,Sales,1,3,3,3,4980571.651327024,161038.73002786795,11,2
AST-003654,Asset_3654,Server,Sales,0,2,2,2,3222890.4836372826,101999.16603194764,1,2
AST-003655,Asset_3655,Server,Finance,1,1,1,1,1631591.360304793,26214.732529836976,14,1
AST-003656,Asset_3656,Server,Operations,0,1,3,2,601359.858812329,134709.20480738426,1,1
AST-003657,Asset_3657,Database,Engineering,0,1,2,1,1984923.6266447094,93130.99677831696,3,0
AST-003658,Asset_3658,Workstation,Marketing,0,4,1,3,7151597.719466707,224087.85092552757,2,0
AST-003659,Asset_3659,Workstation,Marketing,0,5,4,5,6309500.729842924,277821.7224243472,5,0
AST-003660,Asset_3660,Cloud_Storage,HR,0,1,1,1,1579100.46630467,13479.265815105087,3,1
AST-003661,Asset_3661,Workstation,Finance,0,1,4,3,1608885.7425165686,281176.36796624184,0,0
AST-003662,Asset_3662,Workstation,Engineering,1,1,2,1,1744677.9265735475,37723.990422428054,18,3
AST-003663,Asset_3663,Server,Operations,0,3,1,1,2649183.375413161,36995.726889050406,0,0
AST-003664,Asset_3664,Server,Sales,1,1,2,2,1058079.0870790998,104527.28966612877,15,4
AST-003665,Asset_3665,Workstation,Finance,0,4,1,2,6798111.812813665,97249.86616116775,1,1
AST-003666,Asset_3666,Workstation,Finance,0,2,1,2,3306951.6558295283,193222.90946733157,2,1
AST-003667,Asset_3667,Network_Device,Engineering,0,4,1,1,5135691.9399353,24850.670934101152,1,0
AST-003668,Asset_3668,Server,Operations,0,2,1,2,2188616.0342346025,144041.98785962316,2,0
AST-003669,Asset_3669,Server,HR,1,2,3,3,3905327.712720915,58826.063661761444,16,2
AST-003670,Asset_3670,Workstation,Operations,0,2,3,3,2245064.1719585024,104762.34619370742,2,0
AST-003671,Asset_3671,Server,HR,0,3,4,4,4937935.738156844,299969.3842249567,3,0
AST-003672,Asset_3672,Server,HR,0,3,1,3,3356890.6418327317,247091.72714190197,4,0
AST-003673,Asset_3673,Workstation,Sales,0,2,2,2,1929508.4910824094,104406.41221301233,0,0
AST-003674,Asset_3674,Server,Sales,1,2,1,1,2922990.260100164,81041.05975999332,9,2
AST-003675,Asset_3675,Workstation,Engineering,0,4,2,3,6845695.250088687,282484.30375854345,3,0
AST-003676,Asset_3676,Server,Operations,1,4,4,4,7888265.046203409,376883.4765153425,15,5
AST-003677,Asset_3677,Server,HR,0,2,1,2,1446712.2754597885,81645.40197790478,0,0
AST-003678,Asset_3678,Database,Engineering,1,1,5,4,1814171.7059534665,152370.342917311,19,2
AST-003679,Asset_3679,Network_Device,HR,1,1,3,3,1286212.8999999953,226140.05609186305,17,4
AST-003680,Asset_3680,Database,Finance,0,4,3,3,2646454.8661147836,206605.5157474992,2,0
AST-003681,Asset_3681,Workstation,Marketing,0,1,2,2,1691567.9287475816,90607.7194887528,2,1
AST-003682,Asset_3682,Server,Marketing,1,1,3,2,997316.6346190982,61161.19474616148,10,2
AST-003683,Asset_3683,Workstation,HR,0,1,5,2,1802374.7107202644,131317.7397760249,4,0
AST-003684,Asset_3684,Server,Engineering,1,2,3,3,1473405.6176411288,146164.52794846494,12,1
AST-003685,Asset_3685,Workstation,Sales,0,2,1,2,3133275.0529033253,43780.41949049247,2,0
AST-003686,Asset_3686,Workstation,Operations,0,1,2,2,951194.390360346,135064.77530722937,1,1
AST-003687,Asset_3687,Cloud_Storage,HR,1,1,1,1,886023.1029235558,72790.69706129003,13,2
AST-003688,Asset_3688,Database,HR,0,3,5,4,1726170.7346177846,171123.52362681,1,0
AST-003689,Asset_3689,Server,Operations,0,4,4,4,4891452.062703801,339503.58655961894,1,0
AST-003690,Asset_3690,Server,Sales,0,1,2,2,1087253.630474859,33261.154987034155,2,0
AST-003691,Asset_3691,Network_Device,HR,0,1,3,2,592535.535563451,109263.7603981053,0,0
AST-003692,Asset_3692,Workstation,Finance,1,2,4,3,1679926.751059562,288210.3076066186,13,1
AST-003693,Asset_3693,Workstation,Sales,1,3,1,2,3692723.3116266327,54283.364608156844,15,3
AST-003694,Asset_3694,Server,Finance,1,3,2,3,5137221.318745426,76527.54532035036,20,4
AST-003695,Asset_3695,Database,Marketing,0,3,2,2,5682515.475880822,88165.40344108587,1,0
AST-003696,Asset_3696,Server,Operations,0,4,3,4,5091993.037689824,136510.25532838755,2,0
AST-003697,Asset_3697,Cloud_Storage,Sales,1,1,1,2,1104960.1069639237,59876.010860911614,12,5
AST-003698,Asset_3698,Workstation,Sales,0,1,3,1,1932131.6392269407,95485.87553790012,0,0
AST-003699,Asset_3699,Cloud_Storage,Engineering,0,2,2,1,3888587.1837641094,41036.29959241144,2,0
AST-003700,Asset_3700,Server,Engineering,1,3,1,3,2356855.5269773155,46156.28016936709,12,2
AST-003701,Asset_3701,Workstation,Operations,0,2,1,2,2594365.914629562,181960.70872458507,2,1
AST-003702,Asset_3702,Workstation,Sales,0,5,1,4,8656825.607036615,201368.57715358541,1,0
AST-003703,Asset_3703,Database,Marketing,0,3,1,3,5200165.486109164,228704.2758082561,2,0
AST-003704,Asset_3704,Network_Device,HR,0,3,2,3,4582403.773776505,129183.75675838592,4,0
AST-003705,Asset_3705,Cloud_Storage,Operations,0,1,2,1,1207203.3752194918,94165.21332992316,1,1
AST-003706,Asset_3706,Network_Device,Operations,1,1,1,1,1105484.7408728017,35902.02298951979,18,3
AST-003707,Asset_3707,Workstation,Engineering,0,3,2,2,5128854.762738507,139297.99577981472,0,2
AST-003708,Asset_3708,Server,Marketing,0,1,2,2,838584.7636986693,168382.08644968836,3,1
AST-003709,Asset_3709,Server,Operations,1,1,1,1,1142644.833078259,31413.950605740647,10,5
AST-003710,Asset_3710,Cloud_Storage,Marketing,0,4,2,3,5401188.187767979,246407.927161047,2,2
AST-003711,Asset_3711,Server,Operations,0,4,3,4,6990703.520683038,325219.3639730509,2,0
AST-003712,Asset_3712,Workstation,Engineering,0,1,1,1,1060775.189243812,96780.12416608342,1,1
AST-003713,Asset_3713,Workstation,HR,1,3,1,2,3968950.9363609487,186106.14476781405,15,2
AST-003714,Asset_3714,Workstation,Engineering,0,1,5,3,918745.7556532823,134924.35576695827,1,1
AST-003715,Asset_3715,Cloud_Storage,Operations,0,1,3,2,1755369.0131529155,126297.87578521625,5,0
AST-003716,Asset_3716,Database,Marketing,0,2,2,2,3356623.7118249973,186552.97788425276,3,0
AST-003717,Asset_3717,Database,Finance,0,3,2,2,5190442.151071461,20787.621115331007,2,0
AST-003718,Asset_3718,Server,Engineering,0,1,3,3,586214.4267068676,199384.5383608041,3,0
AST-003719,Asset_3719,Workstation,Marketing,0,1,3,2,1230347.201194577,58765.43182438031,1,1
AST-003720,Asset_3720,Server,Engineering,0,1,1,1,703764.2290477551,76488.94092367444,1,0
AST-003721,Asset_3721,Database,Operations,0,5,2,4,7553203.313343972,326729.0887995342,2,0
AST-003722,Asset_3722,Network_Device,Marketing,0,2,2,3,1934172.7870233466,222498.9940009329,2,1
AST-003723,Asset_3723,Cloud_Storage,HR,0,2,1,2,3323728.6989243207,199294.04035884008,3,0
AST-003724,Asset_3724,Server,Marketing,0,1,4,2,597750.3571972416,106266.3726787124,0,0
AST-003725,Asset_3725,Database,Sales,1,2,2,1,2539781.6634548903,60521.09295914456,19,2
AST-003726,Asset_3726,Cloud_Storage,Finance,1,2,1,1,1370995.4729350707,46809.3180380581,10,5
AST-003727,Asset_3727,Server,Operations,1,3,4,4,4010545.9562049573,390633.9354966449,18,3
AST-003728,Asset_3728,Server,Marketing,0,1,1,1,1411027.213141787,93048.07159133964,1,1
AST-003729,Asset_3729,Server,Operations,0,5,1,2,5966076.425108927,197594.6204270535,1,0
AST-003730,Asset_3730,Workstation,Engineering,0,2,2,2,1838939.849426425,197280.41648705312,3,1
AST-003731,Asset_3731,Server,Engineering,0,1,1,1,548491.7880027243,90591.11062280368,1,1
AST-003732,Asset_3732,Cloud_Storage,Marketing,0,1,3,3,1493171.1891211641,281336.9325902173,1,1
AST-003733,Asset_3733,Workstation,Sales,0,2,1,2,3611325.6886560707,41578.61110953643,3,0
AST-003734,Asset_3734,Workstation,Marketing,0,4,1,2,6401886.620642448,51235.04632941328,0,0
AST-003735,Asset_3735,Server,HR,0,3,1,2,5518581.051219327,179333.7644583303,2,0
AST-003736,Asset_3736,Workstation,Sales,0,2,3,2,3788502.709743,150824.08317674277,0,0
AST-003737,Asset_3737,Workstation,Operations,0,1,1,2,1174319.697899692,177497.96811906906,1,0
AST-003738,Asset_3738,Workstation,Marketing,0,1,2,2,1546987.0494005475,158606.03282127637,1,0
AST-003739,Asset_3739,Workstation,Operations,0,2,3,3,2192136.247528984,67687.55930004932,0,1
AST-003740,Asset_3740,Workstation,Finance,1,3,4,4,5637942.195077453,369963.65302241466,13,1
AST-003741,Asset_3741,Cloud_Storage,Sales,0,3,3,4,4033377.862978032,317642.26897629636,3,1
AST-003742,Asset_3742,Network_Device,Marketing,0,1,2,2,1628675.0131248108,122745.11556440173,1,0
AST-003743,Asset_3743,Workstation,Finance,1,1,2,1,521777.34466233605,57912.541160184184,15,2
AST-003744,Asset_3744,Server,Marketing,0,1,2,2,1363323.8393060262,123283.76163839748,2,2
AST-003745,Asset_3745,Server,HR,0,4,4,3,6451946.60073017,135412.5746544261,1,0
AST-003746,Asset_3746,Server,Engineering,0,2,4,4,1771018.5272141586,329158.96221768035,1,1
AST-003747,Asset_3747,Workstation,Operations,0,1,4,2,521560.95393303677,183623.15014211196,3,0
AST-003748,Asset_3748,Workstation,Marketing,0,1,3,3,1615449.1483795552,98287.0557231438,2,1
AST-003749,Asset_3749,Workstation,Sales,0,1,1,1,1007128.7302286616,13424.248596275045,3,1
AST-003750,Asset_3750,Network_Device,Marketing,0,2,3,3,2286368.8227446508,84790.39908650129,0,2
AST-003751,Asset_3751,Network_Device,Marketing,1,3,3,3,4029235.86277212,234481.43335125654,13,3
AST-003752,Asset_3752,Cloud_Storage,Marketing,0,5,4,4,3326883.744032435,352624.379116675,3,0
AST-003753,Asset_3753,Database,Marketing,0,2,4,2,1310657.9976800466,82741.79227979612,2,1
AST-003754,Asset_3754,Workstation,Sales,0,1,2,1,1941320.6741151703,23714.831406858095,0,0
AST-003755,Asset_3755,Server,Sales,0,2,2,2,2016689.51924641,174536.12961565208,5,0
AST-003756,Asset_3756,Server,Marketing,1,3,1,2,2649861.807463766,58635.71435880638,16,3
AST-003757,Asset_3757,Server,Engineering,0,1,2,2,571607.179684481,63537.35349568799,4,0
AST-003758,Asset_3758,Database,Marketing,1,4,2,3,3043572.304602175,55005.398766668426,11,5
AST-003759,Asset_3759,Workstation,Operations,0,3,5,5,3439027.8857571473,459645.8991808656,3,1
AST-003760,Asset_3760,Network_Device,Operations,1,2,4,3,2026219.9703015643,118215.30200849527,20,2
AST-003761,Asset_3761,Server,Sales,0,2,3,3,2273745.241801461,76397.16523171277,1,0
AST-003762,Asset_3762,Workstation,Operations,0,3,1,2,4667593.7005560165,191656.08584684582,1,0
AST-003763,Asset_3763,Workstation,Operations,1,2,2,2,2925368.4768568217,80393.67566749088,18,8
AST-003764,Asset_3764,Server,HR,1,1,2,1,1239729.6014998816,77273.72635558162,12,1
AST-003765,Asset_3765,Workstation,Marketing,0,1,1,1,1722232.2428426766,30735.602986525868,4,1
AST-003766,Asset_3766,Server,Marketing,1,1,1,1,1785986.8264544427,75414.31980013216,11,3
AST-003767,Asset_3767,Workstation,Marketing,0,3,4,4,4158657.033497403,123578.39915320199,1,1
AST-003768,Asset_3768,Workstation,Marketing,0,2,1,2,1352713.0702530134,134793.19696825027,1,2
AST-003769,Asset_3769,Server,Finance,0,2,1,2,2218537.634203454,99355.34546770256,0,2
AST-003770,Asset_3770,Server,Marketing,1,3,2,2,4355085.660873413,163769.20209953742,18,2
AST-003771,Asset_3771,Workstation,Sales,1,1,4,3,594276.5165245374,227173.39437717202,16,2
AST-003772,Asset_3772,Cloud_Storage,Sales,0,3,3,3,1589579.3949469132,282581.11852636555,1,0
AST-003773,Asset_3773,Database,Finance,0,2,5,4,3845003.2304252316,175584.03102252202,2,1
AST-003774,Asset_3774,Workstation,Marketing,0,1,3,2,1595096.992195467,155780.32280030224,0,0
AST-003775,Asset_3775,Workstation,Engineering,0,1,2,2,729661.7450316197,194391.835717809,1,2
AST-003776,Asset_3776,Cloud_Storage,Marketing,0,5,4,5,5838448.527791826,201339.06240849633,4,1
AST-003777,Asset_3777,Network_Device,Sales,0,3,2,2,2371007.7085883664,72200.7638865553,1,0
AST-003778,Asset_3778,Workstation,HR,0,1,1,1,515428.10215251835,79214.57080342837,2,0
AST-003779,Asset_3779,Workstation,Operations,0,5,2,3,5437698.474262744,150290.7786160934,2,0
AST-003780,Asset_3780,Network_Device,HR,0,3,3,3,4417731.313657669,137635.9763951708,1,0
AST-003781,Asset_3781,Database,Engineering,1,1,4,3,1931193.2330060713,177315.37879458177,21,1
AST-003782,Asset_3782,Database,Marketing,0,1,1,1,1654752.078448832,94197.7665112176,1,2
AST-003783,Asset_3783,Server,Finance,0,1,2,1,845207.2959247215,17546.516308791077,4,2
AST-003784,Asset_3784,Network_Device,Marketing,0,2,4,3,2008635.6623786376,155735.18324742428,1,1
AST-003785,Asset_3785,Network_Device,Engineering,0,2,1,2,2561741.5362792015,39825.38450580182,1,1
AST-003786,Asset_3786,Server,Engineering,0,1,3,2,786909.3726299076,179045.49074742183,1,2
AST-003787,Asset_3787,Workstation,Operations,0,2,2,2,3498837.4714510394,44606.22343059947,1,0
AST-003788,Asset_3788,Workstation,Engineering,1,1,1,1,751947.3692673354,18073.304833498412,12,1
AST-003789,Asset_3789,Server,HR,0,1,2,2,934959.567424288,193475.7913871894,0,0
AST-003790,Asset_3790,Cloud_Storage,Operations,0,2,2,2,2732801.997786167,121401.71147763994,4,0
AST-003791,Asset_3791,Server,Marketing,0,1,3,1,684836.0472002542,84330.36378869363,3,2
AST-003792,Asset_3792,Server,Marketing,0,2,4,3,2873844.824267868,156969.33136876315,2,0
AST-003793,Asset_3793,Workstation,Finance,1,4,2,3,7665351.213109214,147623.29964986176,17,3
AST-003794,Asset_3794,Workstation,Engineering,1,1,3,2,1537303.8055795813,184089.756740473,15,1
AST-003795,Asset_3795,Server,Engineering,0,1,3,2,1719176.8875199114,198177.06255487105,5,0
AST-003796,Asset_3796,Workstation,Sales,0,1,1,1,1157741.5872478462,65667.86928640936,3,1
AST-003797,Asset_3797,Workstation,Operations,1,2,2,3,2095951.7493520854,277910.85198953137,20,3
AST-003798,Asset_3798,Server,Sales,0,3,2,3,2978712.1080363067,262934.0245246506,4,0
AST-003799,Asset_3799,Server,Operations,1,2,1,2,2981395.5256035426,117921.77992321606,22,7
AST-003800,Asset_3800,Workstation,HR,1,2,1,2,2555607.0378838517,189398.66501259105,12,7
AST-003801,Asset_3801,Server,Operations,0,1,5,3,1208479.127612168,86715.163797473,2,1
AST-003802,Asset_3802,Cloud_Storage,Marketing,1,1,2,1,651119.1384642015,89636.05594884024,15,3
AST-003803,Asset_3803,Network_Device,Finance,1,1,1,1,1510059.7310881298,37842.07698688345,17,4
AST-003804,Asset_3804,Cloud_Storage,Operations,1,2,1,2,3176148.755959395,25492.79962076643,13,2
AST-003805,Asset_3805,Server,Operations,0,1,1,1,794297.43591594,80837.88000725802,0,0
AST-003806,Asset_3806,Cloud_Storage,Operations,0,3,2,3,4918674.17779709,281104.72965819074,6,1
AST-003807,Asset_3807,Workstation,Finance,0,2,1,1,3638182.1211369014,29510.423803317866,2,1
AST-003808,Asset_3808,Database,Engineering,0,1,1,1,761935.6520539201,58067.702864884384,3,0
AST-003809,Asset_3809,Server,Finance,0,2,1,1,2356125.0434873924,77441.20266307674,3,0
AST-003810,Asset_3810,Server,Engineering,0,5,2,4,9071388.869535951,159384.49168490633,4,0
AST-003811,Asset_3811,Workstation,Marketing,0,1,1,2,1230947.0626378965,46445.30359540688,2,2
AST-003812,Asset_3812,Workstation,Finance,0,1,1,1,1722880.558488595,45302.14870455812,2,0
AST-003813,Asset_3813,Server,Engineering,0,2,1,1,1647258.6991699408,51091.306122358765,3,0
AST-003814,Asset_3814,Workstation,Marketing,0,2,1,2,1191793.7238780153,153599.76723820448,1,0
AST-003815,Asset_3815,Server,Marketing,1,1,1,1,589200.2729328296,27881.547644482736,8,2
AST-003816,Asset_3816,Workstation,Engineering,0,4,2,3,7834138.260248454,250080.29237576807,1,1
AST-003817,Asset_3817,Database,Engineering,0,2,2,2,1494153.4386971733,110392.23975197342,4,2
AST-003818,Asset_3818,Network_Device,HR,1,4,1,3,7189347.150536272,274050.43937671056,13,5
AST-003819,Asset_3819,Network_Device,Marketing,0,1,3,1,973592.8947052234,60920.733899230145,5,0
AST-003820,Asset_3820,Workstation,Engineering,0,3,2,2,1680398.4794703554,100433.82470250048,1,0
AST-003821,Asset_3821,Database,Marketing,1,1,1,1,861465.9245209994,35811.42815513974,11,3
AST-003822,Asset_3822,Database,Finance,1,1,1,2,1258238.7551118918,39123.632566305976,12,4
AST-003823,Asset_3823,Network_Device,Sales,0,4,5,4,2640630.9641509494,173813.18993826388,1,0
AST-003824,Asset_3824,Database,Sales,1,1,5,3,1883245.0289121887,141678.2787283182,13,2
AST-003825,Asset_3825,Server,Operations,1,4,1,3,7399310.250496386,183437.47330709852,15,7
AST-003826,Asset_3826,Server,Engineering,0,2,1,1,1447442.4227154437,87386.6045712721,3,1
AST-003827,Asset_3827,Workstation,Engineering,0,5,2,3,8028312.791997418,155230.04881487947,4,1
AST-003828,Asset_3828,Workstation,Marketing,0,2,2,2,2382124.9478699984,76571.21444836723,3,0
AST-003829,Asset_3829,Network_Device,Operations,0,3,2,3,5919571.995364144,265779.8252678675,0,0
AST-003830,Asset_3830,Server,Engineering,0,1,2,1,583106.4365741689,76052.62342701791,2,0
AST-003831,Asset_3831,Database,Marketing,1,2,1,1,2413103.782793691,37632.669452216505,13,2
AST-003832,Asset_3832,Network_Device,Engineering,0,3,1,2,2784628.7832349734,50050.225751274476,0,0
AST-003833,Asset_3833,Network_Device,Marketing,0,3,2,3,4768702.713612694,108577.39942012473,2,0
AST-003834,Asset_3834,Database,Engineering,0,1,4,3,666701.385553448,63382.15638714932,1,1
AST-003835,Asset_3835,Workstation,HR,0,2,1,2,2884326.059705423,182614.94075844195,4,0
AST-003836,Asset_3836,Database,Marketing,0,2,3,1,3844178.0462881816,65055.41840335077,0,0
AST-003837,Asset_3837,Cloud_Storage,HR,0,1,2,2,1180820.6392007293,175432.25826428825,3,1
AST-003838,Asset_3838,Server,HR,0,2,1,1,2362691.970560022,83832.47848104533,2,0
AST-003839,Asset_3839,Cloud_Storage,HR,1,3,4,3,3730660.398955913,71373.60695152493,10,1
AST-003840,Asset_3840,Workstation,HR,0,1,2,1,1123562.3273958117,49870.113866732725,3,1
AST-003841,Asset_3841,Workstation,Finance,0,2,2,2,2342427.809052226,194971.4108921685,1,1
AST-003842,Asset_3842,Server,Operations,0,5,2,3,5974290.091742404,93124.46161576822,3,1
AST-003843,Asset_3843,Workstation,Sales,0,1,1,1,1997098.8840849204,14521.500982491452,1,1
AST-003844,Asset_3844,Workstation,Finance,0,2,2,2,1349308.0545403273,82281.82658220649,0,0
AST-003845,Asset_3845,Server,Engineering,0,3,2,2,2783946.3571419236,111970.24521398128,3,0
AST-003846,Asset_3846,Workstation,Engineering,1,3,1,1,2448542.989090711,15028.97025213711,18,1
AST-003847,Asset_3847,Cloud_Storage,Operations,0,3,2,3,3948846.002002294,145201.918974187,1,1
AST-003848,Asset_3848,Workstation,Sales,0,3,1,2,1512640.2092288441,65614.2799397422,3,0
AST-003849,Asset_3849,Workstation,Sales,0,1,1,1,1881647.9566965918,29090.61603559314,4,1
AST-003850,Asset_3850,Server,Sales,1,2,3,2,2593362.7017930504,67503.28393470691,17,6
AST-003851,Asset_3851,Workstation,HR,0,3,1,2,5532347.416801594,38971.77443557475,3,0
AST-003852,Asset_3852,Server,Finance,1,1,2,1,1017447.8219696819,16898.306962524806,20,2
AST-003853,Asset_3853,Workstation,Engineering,0,1,4,2,724894.8832295147,127252.18658978396,1,0
AST-003854,Asset_3854,Cloud_Storage,Finance,0,3,1,2,2365316.4858083767,190609.52969751944,0,1
AST-003855,Asset_3855,Workstation,Finance,1,3,2,2,3618295.7373847486,164853.212326175,8,0
AST-003856,Asset_3856,Server,Finance,1,2,2,2,1120806.7119983023,170101.7575048407,6,3
AST-003857,Asset_3857,Database,Sales,0,4,2,3,6690824.645040124,228472.0323649759,1,0
AST-003858,Asset_3858,Workstation,Operations,0,3,2,2,5057864.632655692,192076.90488517995,4,0
AST-003859,Asset_3859,Workstation,Operations,0,5,2,4,7764662.713699397,382198.17269940506,2,0
AST-003860,Asset_3860,Network_Device,Sales,0,4,1,4,7378038.893565217,320189.1201909104,2,0
AST-003861,Asset_3861,Network_Device,Engineering,1,2,1,1,2648431.779723984,74435.16327218275,18,4
AST-003862,Asset_3862,Workstation,Engineering,0,3,3,3,3656937.655316281,112425.4694647461,6,0
AST-003863,Asset_3863,Database,Engineering,0,2,1,2,2587527.287976763,36409.95065943808,1,0
AST-003864,Asset_3864,Server,Operations,1,3,3,4,2318791.5195364994,73432.4706431496,16,3
AST-003865,Asset_3865,Server,Operations,0,3,3,3,3805310.676426207,228790.49052287676,2,1
AST-003866,Asset_3866,Database,Finance,0,1,1,2,1312635.5294901743,25107.29494071172,1,1
AST-003867,Asset_3867,Workstation,Sales,1,1,1,1,1646884.7803099623,83476.83240716335,18,0
AST-003868,Asset_3868,Workstation,HR,0,1,1,2,1021879.1844623771,85965.76085864892,2,0
AST-003869,Asset_3869,Workstation,Finance,0,3,2,3,1915021.8874578052,81861.74553467188,2,1
AST-003870,Asset_3870,Server,Marketing,0,3,3,4,4188581.273886094,186731.86168739796,3,0
AST-003871,Asset_3871,Database,Operations,0,2,1,1,3363874.8621072867,73294.5004713697,2,0
AST-003872,Asset_3872,Server,Finance,0,2,1,1,3908679.143616024,34759.95525342926,2,0
AST-003873,Asset_3873,Server,Sales,0,3,1,1,1906145.547849101,25625.653775837403,5,0
AST-003874,Asset_3874,Network_Device,Marketing,1,1,1,1,1619526.717715357,76409.584939148,10,6
AST-003875,Asset_3875,Server,Finance,1,1,2,1,1393760.0948995529,89261.31742691029,12,1
AST-003876,Asset_3876,Workstation,Sales,1,2,2,1,1046011.5455276865,62699.0320356764,15,1
AST-003877,Asset_3877,Server,Sales,0,4,1,3,6309449.628839927,171441.0069354218,4,0
AST-003878,Asset_3878,Network_Device,Operations,1,3,2,3,1617905.6424223348,233816.37168297073,17,2
AST-003879,Asset_3879,Workstation,HR,0,1,1,1,1677884.239585138,75938.18775529115,2,0
AST-003880,Asset_3880,Server,Finance,0,1,1,2,1581983.2883882597,21130.11245836205,1,0
AST-003881,Asset_3881,Workstation,Sales,1,2,1,2,3063760.2694337955,70732.00975814319,18,6
AST-003882,Asset_3882,Workstation,Engineering,0,3,2,3,2039982.7612420893,281643.507644683,2,0
AST-003883,Asset_3883,Cloud_Storage,Sales,0,2,2,2,3757098.871671929,192836.3900666447,3,0
AST-003884,Asset_3884,Server,HR,1,2,1,1,3696739.263357804,55925.84412983279,23,2
AST-003885,Asset_3885,Network_Device,Sales,0,1,1,1,1850391.4851036696,60408.10136658795,3,0
AST-003886,Asset_3886,Cloud_Storage,Operations,0,4,1,3,4162174.335279303,30177.26079400829,1,1
AST-003887,Asset_3887,Cloud_Storage,Finance,0,1,1,1,1238259.4495852776,70510.60142723912,4,0
AST-003888,Asset_3888,Workstation,Operations,1,1,2,2,672343.0045684108,58238.452553084695,15,4
AST-003889,Asset_3889,Workstation,Finance,0,3,1,2,1729929.1094382426,43024.139646376396,1,2
AST-003890,Asset_3890,Workstation,Marketing,0,5,2,3,2940831.0208447073,112264.71508313395,0,0
AST-003891,Asset_3891,Workstation,Finance,0,2,1,2,2706308.829252136,139680.59402945696,3,1
AST-003892,Asset_3892,Workstation,Marketing,0,2,2,2,1964209.4619035483,98540.00681234583,1,0
AST-003893,Asset_3893,Workstation,Operations,1,1,3,2,1369333.4258399443,82830.49169275777,13,1
AST-003894,Asset_3894,Workstation,Engineering,0,1,2,3,1388996.5286530731,226238.08060430884,2,2
AST-003895,Asset_3895,Workstation,HR,0,1,1,2,1860593.5565619923,166469.61616788962,2,0
AST-003896,Asset_3896,Network_Device,Engineering,0,2,1,1,3646849.744153774,88228.22212589155,4,0
AST-003897,Asset_3897,Server,Marketing,1,1,1,1,1577875.2182252153,50027.75344456407,19,1
AST-003898,Asset_3898,Network_Device,Sales,0,4,2,4,6911020.144082512,298418.05186721747,2,2
AST-003899,Asset_3899,Workstation,Sales,0,1,1,1,504739.45954276295,89669.20627498197,1,2
AST-003900,Asset_3900,Network_Device,Engineering,0,2,1,2,1046605.4095586746,183603.15182357308,2,0
AST-003901,Asset_3901,Workstation,Sales,0,2,4,3,2375761.9366109557,162872.77404214223,1,0
AST-003902,Asset_3902,Database,Marketing,1,2,1,2,2961081.1345185926,83958.78129192947,15,1
AST-003903,Asset_3903,Cloud_Storage,Operations,1,1,4,3,1691126.3104415815,273050.23923969007,12,3
AST-003904,Asset_3904,Server,HR,1,4,4,5,4683601.881105382,167643.71071917797,15,3
AST-003905,Asset_3905,Network_Device,Finance,1,2,3,3,3820501.9571961313,245148.80930684973,20,4
AST-003906,Asset_3906,Workstation,Marketing,1,3,4,3,5167433.676386651,275336.8234430077,10,4
AST-003907,Asset_3907,Workstation,Marketing,0,2,1,2,1308266.8875615092,153149.38393965046,4,0
AST-003908,Asset_3908,Database,Finance,1,1,1,1,1160267.4958122668,71187.41470773451,18,3
AST-003909,Asset_3909,Workstation,Finance,0,2,1,2,3984634.675204874,29121.888762215644,2,0
AST-003910,Asset_3910,Database,HR,0,2,1,1,2229825.5330598364,28312.56907308101,2,2
AST-003911,Asset_3911,Server,HR,0,4,1,2,4317618.765116528,139982.53246401763,2,0
AST-003912,Asset_3912,Server,HR,1,4,3,3,3764482.1443938427,242002.80884203,21,3
AST-003913,Asset_3913,Server,Sales,0,1,1,2,1229733.5036844504,31410.37520966167,2,0
AST-003914,Asset_3914,Cloud_Storage,Marketing,1,1,1,1,1594785.6717722435,11715.350834563355,15,4
AST-003915,Asset_3915,Cloud_Storage,Operations,0,1,2,1,571207.8723848927,38036.13165003506,0,0
AST-003916,Asset_3916,Database,Finance,0,5,1,3,8767882.148470182,204137.87027512962,3,0
AST-003917,Asset_3917,Workstation,Marketing,0,1,1,1,1876369.4145359097,56083.83787185878,2,1
AST-003918,Asset_3918,Database,Marketing,0,2,1,2,3343277.6702030697,21504.67682714515,2,0
AST-003919,Asset_3919,Workstation,HR,0,2,3,3,3746904.6359370616,70935.28548599465,3,0
AST-003920,Asset_3920,Network_Device,HR,0,2,2,2,1284713.4334040624,155396.15386415788,3,1
AST-003921,Asset_3921,Cloud_Storage,Marketing,1,1,2,2,1175161.424377931,73579.10691276683,17,0
AST-003922,Asset_3922,Workstation,HR,0,1,1,2,606563.6847397434,41093.96747280011,3,0
AST-003923,Asset_3923,Workstation,Sales,0,2,4,2,3510507.8778783395,29155.416658638816,2,0
AST-003924,Asset_3924,Server,Finance,0,1,1,1,1928820.1416240027,86539.79988819227,2,1
AST-003925,Asset_3925,Cloud_Storage,Marketing,0,1,3,2,946626.8159574072,104899.87934424829,6,0
AST-003926,Asset_3926,Server,Finance,0,1,5,3,1303091.9686306417,165993.23453315732,0,0
AST-003927,Asset_3927,Workstation,Sales,0,2,2,2,1893026.4675233283,31041.425740271327,1,0
AST-003928,Asset_3928,Workstation,HR,0,1,2,1,1068308.7732443053,53972.193265908674,1,0
AST-003929,Asset_3929,Workstation,Engineering,0,1,1,1,1214836.4362601158,68119.58391160126,1,1
AST-003930,Asset_3930,Server,Sales,1,1,1,1,1686203.738319899,21051.878190649637,19,2
AST-003931,Asset_3931,Cloud_Storage,Engineering,1,1,4,3,720496.2264731975,273679.2422724414,16,3
AST-003932,Asset_3932,Server,Finance,0,2,1,2,1471162.9093971257,161002.6351643841,1,1
AST-003933,Asset_3933,Workstation,Marketing,0,1,4,2,802793.0990084077,164339.3149862288,1,0
AST-003934,Asset_3934,Server,HR,0,2,2,1,1159456.4877149577,58287.97694022605,2,1
AST-003935,Asset_3935,Database,Sales,0,1,2,1,1465197.3831062326,40052.96928806463,1,1
AST-003936,Asset_3936,Workstation,HR,1,4,2,3,3139185.7211279245,202922.1000104052,14,4
AST-003937,Asset_3937,Workstation,Engineering,0,1,1,2,1156306.9846642418,60566.62664667822,3,0
AST-003938,Asset_3938,Server,Engineering,0,4,1,3,6113541.996724384,66958.87359831115,3,1
AST-003939,Asset_3939,Server,Operations,0,3,1,1,3520259.941222477,58449.75564549369,3,0
AST-003940,Asset_3940,Workstation,Marketing,1,2,1,2,3718051.284652163,106152.7138680219,17,5
AST-003941,Asset_3941,Workstation,Engineering,1,4,4,5,6615008.90539399,117627.0780207685,16,5
AST-003942,Asset_3942,Network_Device,Marketing,1,1,1,1,909533.2779063152,57736.348551565636,21,7
AST-003943,Asset_3943,Server,Operations,0,1,2,2,695614.7842619288,118364.28876515443,1,0
AST-003944,Asset_3944,Database,Sales,0,1,1,2,1841656.6969863113,176872.65958156556,1,1
AST-003945,Asset_3945,Server,Operations,0,1,3,3,1095361.4998959964,234986.71520315862,1,1
AST-003946,Asset_3946,Server,Marketing,0,1,2,1,1073767.7404800383,29580.909801229398,3,2
AST-003947,Asset_3947,Workstation,Engineering,0,2,2,2,3430012.2272617226,167227.76393793355,2,1
AST-003948,Asset_3948,Workstation,Finance,0,1,4,3,514032.18380638486,291633.8237440619,2,0
AST-003949,Asset_3949,Server,Marketing,0,1,4,3,1176668.4280480668,223487.26841110273,1,0
AST-003950,Asset_3950,Server,HR,1,1,2,1,1571480.0991279145,80830.28419957822,11,7
AST-003951,Asset_3951,Server,Finance,0,2,4,3,3546059.3910506507,101936.04951585809,3,2
AST-003952,Asset_3952,Network_Device,Marketing,0,5,2,4,9139066.40446841,397084.9177099678,1,1
AST-003953,Asset_3953,Cloud_Storage,HR,0,2,3,3,2397040.5065292986,77626.52646643702,3,3
AST-003954,Asset_3954,Server,Operations,0,2,2,2,3543122.6709645595,155154.81330800752,9,0
AST-003955,Asset_3955,Server,Finance,0,1,1,1,553642.6410226669,45569.73675767731,2,0
AST-003956,Asset_3956,Network_Device,Marketing,0,3,5,4,2874414.999393844,168472.86414556523,1,1
AST-003957,Asset_3957,Cloud_Storage,Sales,0,1,1,1,515747.4537863605,35664.33066630877,1,0
AST-003958,Asset_3958,Workstation,Operations,0,5,1,3,3741440.300239125,149086.41515895547,3,1
AST-003959,Asset_3959,Server,HR,0,2,1,2,3174193.8145893733,162357.42855516836,1,2
AST-003960,Asset_3960,Server,Sales,0,1,1,1,506636.2393221574,94687.53220566215,2,0
AST-003961,Asset_3961,Workstation,Engineering,0,5,1,3,6422916.21282748,142384.32573486737,1,0
AST-003962,Asset_3962,Database,Operations,0,4,2,3,4483916.906171627,205951.34306606863,0,2
AST-003963,Asset_3963,Server,Operations,0,2,5,4,1368612.3719436973,323760.69149179285,1,0
AST-003964,Asset_3964,Workstation,Marketing,1,1,1,1,1528451.4258262054,18976.255180018794,5,4
AST-003965,Asset_3965,Server,Marketing,0,3,3,3,4619057.391813779,289346.7899896676,2,0
AST-003966,Asset_3966,Workstation,HR,0,1,1,1,1589522.8122536326,29047.011832132575,2,1
AST-003967,Asset_3967,Database,Operations,1,1,1,1,1647961.325364055,92357.13728723765,10,3
AST-003968,Asset_3968,Server,Marketing,1,1,2,2,972487.8753980143,197588.5125912448,16,2
AST-003969,Asset_3969,Workstation,Engineering,1,2,4,2,3982387.866894429,38072.82915098901,17,1
AST-003970,Asset_3970,Database,Marketing,0,3,1,2,1828291.828124143,180694.50919136463,2,0
AST-003971,Asset_3971,Cloud_Storage,Operations,0,1,1,1,1471543.0514529855,67681.83463297284,7,0
AST-003972,Asset_3972,Workstation,Finance,0,4,1,3,7824650.584000393,250840.2188110902,6,0
AST-003973,Asset_3973,Server,Sales,0,1,4,3,836465.6923147845,59456.36725394138,2,0
AST-003974,Asset_3974,Workstation,Operations,1,1,1,1,917187.3926261606,85083.57830982335,10,0
AST-003975,Asset_3975,Server,Engineering,0,2,2,2,2727932.314957582,132686.17736089675,2,1
AST-003976,Asset_3976,Cloud_Storage,Operations,1,3,4,3,5015659.186017344,167867.05322555188,19,5
AST-003977,Asset_3977,Database,Engineering,0,5,2,3,4967102.3717847355,181208.82364239014,0,0
AST-003978,Asset_3978,Workstation,Operations,0,3,4,4,5265488.236418005,308008.3655032067,1,0
AST-003979,Asset_3979,Server,Sales,1,1,4,2,861565.6795155064,73574.61122684141,12,5
AST-003980,Asset_3980,Workstation,Sales,1,5,2,3,9057750.140063666,284738.8553565007,13,4
AST-003981,Asset_3981,Network_Device,Engineering,1,4,2,3,3517718.7448116783,113061.87439710395,14,6
AST-003982,Asset_3982,Network_Device,Operations,1,1,1,1,1426152.7335069226,88937.2133196369,12,5
AST-003983,Asset_3983,Server,Sales,0,2,5,4,2073373.6394193398,44360.137698277365,1,2
AST-003984,Asset_3984,Server,HR,0,2,1,2,1965478.3370565365,184966.41183148237,1,1
AST-003985,Asset_3985,Network_Device,Operations,1,2,3,2,2061986.7082209492,173284.00755265134,17,5
AST-003986,Asset_3986,Cloud_Storage,Sales,0,5,1,3,6244010.608421138,63528.71415373315,1,1
AST-003987,Asset_3987,Server,Finance,0,1,1,1,1767572.8799206715,76323.06372838115,0,2
AST-003988,Asset_3988,Workstation,Finance,0,2,1,1,3277954.7080924385,43670.35737921518,2,0
AST-003989,Asset_3989,Database,HR,0,1,2,2,1174011.3293914576,106360.08820561602,1,0
AST-003990,Asset_3990,Network_Device,Sales,0,2,1,1,1846480.8680573297,16173.391529656199,1,0
AST-003991,Asset_3991,Server,Finance,1,3,1,1,5344354.414375639,29131.641285801612,19,1
AST-003992,Asset_3992,Server,Operations,0,1,1,1,1805277.5177953446,95828.14311247837,2,0
AST-003993,Asset_3993,Workstation,Marketing,0,1,1,1,1180514.4509414802,47615.54383498058,4,0
AST-003994,Asset_3994,Server,Sales,1,5,2,4,7718843.937187116,49370.92488287049,15,2
AST-003995,Asset_3995,Workstation,HR,0,3,1,2,3161686.0375788915,112714.05965666973,4,0
AST-003996,Asset_3996,Workstation,Sales,1,2,1,2,1447293.041570107,199045.84405044187,16,4
AST-003997,Asset_3997,Database,Engineering,0,1,2,1,982224.3542701202,39953.85642001699,1,1
AST-003998,Asset_3998,Database,Engineering,1,2,3,2,3046252.9557266487,45418.44132045633,17,0
AST-003999,Asset_3999,Workstation,Finance,0,3,2,2,4962343.48592383,135839.61717131684,3,0
AST-004000,Asset_4000,Server,Engineering,0,3,5,4,5332449.268813232,371136.7628376014,2,1
AST-004001,Asset_4001,Workstation,HR,1,1,1,2,526569.0501154467,174646.8976098701,12,1
AST-004002,Asset_4002,Network_Device,Finance,1,2,3,3,2459218.3876733375,207386.62945775097,13,3
AST-004003,Asset_4003,Workstation,HR,0,1,2,1,910883.1654782803,26573.27100851394,3,1
AST-004004,Asset_4004,Server,Operations,1,1,2,1,1525939.2709520282,80592.38781751781,11,1
AST-004005,Asset_4005,Server,HR,0,2,2,3,1735994.0063473969,252269.92775886983,3,0
AST-004006,Asset_4006,Server,Engineering,1,1,1,1,1349420.309999329,86459.30024395188,13,2
AST-004007,Asset_4007,Database,Operations,0,1,1,1,1567943.9786915109,46354.71767613844,2,0
AST-004008,Asset_4008,Workstation,Engineering,0,3,2,3,4965292.138387892,140391.9150970432,0,0
AST-004009,Asset_4009,Workstation,HR,0,2,1,2,1808404.8707583738,47928.27898015131,0,0
AST-004010,Asset_4010,Server,Engineering,0,3,2,2,1895244.6590040433,159083.61747303588,0,0
AST-004011,Asset_4011,Server,Engineering,0,2,3,2,1656140.1024494665,152700.72069573414,3,1
AST-004012,Asset_4012,Database,Engineering,0,3,1,2,4196091.361820968,37954.948527643304,0,0
AST-004013,Asset_4013,Workstation,Sales,0,1,1,1,560673.7784452974,11812.079886175905,3,0
AST-004014,Asset_4014,Server,Operations,0,1,1,1,738292.902157034,95654.79334291453,2,0
AST-004015,Asset_4015,Workstation,Operations,0,2,1,2,3986424.1829424747,23108.313597986296,3,2
AST-004016,Asset_4016,Server,Operations,1,1,1,1,1073497.1549234185,66573.8793307023,13,2
AST-004017,Asset_4017,Network_Device,HR,0,3,1,2,3734368.2346233074,101655.47126142109,1,1
AST-004018,Asset_4018,Network_Device,Marketing,1,2,1,2,1033021.487784711,159934.4277497132,14,5
AST-004019,Asset_4019,Server,HR,1,1,1,1,1387861.6875434462,17895.58640497721,18,2
AST-004020,Asset_4020,Server,Operations,0,2,1,1,1975896.0532966144,71413.62355887104,2,1
AST-004021,Asset_4021,Workstation,Finance,1,4,5,5,5181159.376846092,326724.14810799446,14,2
AST-004022,Asset_4022,Server,Engineering,0,1,5,3,1289177.5151282335,260470.42745820794,2,1
AST-004023,Asset_4023,Workstation,Engineering,0,1,1,2,1951186.1738528586,113338.1241498786,1,0
AST-004024,Asset_4024,Network_Device,Marketing,0,3,1,2,2707156.493358559,151092.57471469094,2,0
AST-004025,Asset_4025,Workstation,Finance,0,1,2,1,1355649.3807530403,49382.4756161063,1,0
AST-004026,Asset_4026,Network_Device,Sales,1,1,1,1,1072328.8946345095,98558.06770571457,14,5
AST-004027,Asset_4027,Database,HR,0,1,2,1,1132999.7149609479,60346.99598397406,3,0
AST-004028,Asset_4028,Server,Sales,0,2,1,1,1166677.1877308355,77818.5255001227,0,0
AST-004029,Asset_4029,Workstation,Finance,1,2,1,1,3065359.0381156746,18364.163142305442,15,4
AST-004030,Asset_4030,Database,Marketing,0,2,3,2,1585856.2237987667,103296.06686262552,4,1
AST-004031,Asset_4031,Workstation,Finance,0,4,3,3,4810933.461858273,47398.17219962481,2,0
AST-004032,Asset_4032,Server,Marketing,0,3,5,4,3454213.355467502,83815.95193513435,2,0
AST-004033,Asset_4033,Server,Sales,1,5,1,3,6011058.373325359,166656.55277362958,16,2
AST-004034,Asset_4034,Cloud_Storage,Sales,1,2,4,3,2126637.9878866887,125122.3033880438,15,1
AST-004035,Asset_4035,Server,Finance,0,1,2,1,863578.122059752,51384.071504270985,0,0
AST-004036,Asset_4036,Cloud_Storage,Finance,0,5,2,3,5865355.397018454,163958.93066712757,1,1
AST-004037,Asset_4037,Cloud_Storage,Engineering,0,1,4,2,569329.2874483414,48755.036645939355,2,0
AST-004038,Asset_4038,Workstation,Marketing,0,3,4,4,2590451.4863113207,171699.31033609062,2,0
AST-004039,Asset_4039,Workstation,Engineering,1,1,3,3,1677272.5573331665,262361.32989972725,19,3
AST-004040,Asset_4040,Workstation,HR,0,3,1,2,5292691.746799943,174189.97618395515,0,0
AST-004041,Asset_4041,Network_Device,HR,0,4,2,3,6291856.028957938,162466.58643071086,2,2
AST-004042,Asset_4042,Server,Finance,1,1,2,2,1448846.0465550367,154846.2919632814,18,4
AST-004043,Asset_4043,Workstation,Sales,1,1,3,1,1716898.6389741593,77819.74431564304,11,3
AST-004044,Asset_4044,Workstation,HR,0,1,2,1,691746.3868975566,13969.608438497587,1,0
AST-004045,Asset_4045,Workstation,HR,0,2,1,2,2575762.4141119337,129960.41722765395,2,0
AST-004046,Asset_4046,Workstation,Engineering,0,1,2,1,674473.4747246875,82407.39094447566,2,0
AST-004047,Asset_4047,Database,Engineering,0,2,1,1,3333598.2253269595,63457.40818595983,0,0
AST-004048,Asset_4048,Workstation,HR,0,1,4,2,1280834.578107297,117479.50324986104,2,1
AST-004049,Asset_4049,Network_Device,Finance,0,1,1,1,1715037.327782961,57809.41405929279,1,1
AST-004050,Asset_4050,Server,Engineering,1,2,2,2,3397190.2752215867,111430.85300709611,14,2
AST-004051,Asset_4051,Cloud_Storage,HR,1,2,4,3,2398637.130527965,240143.20804710037,23,1
AST-004052,Asset_4052,Workstation,Sales,0,1,2,2,1245311.4421742803,135637.80921377524,2,1
AST-004053,Asset_4053,Network_Device,Engineering,0,3,3,2,1627203.7283846568,58790.51528832581,0,0
AST-004054,Asset_4054,Workstation,HR,1,4,3,4,5141079.74226309,196005.36502774595,19,1
AST-004055,Asset_4055,Workstation,Marketing,1,1,1,1,1516197.1641056528,57576.27253685152,12,1
AST-004056,Asset_4056,Server,Engineering,1,1,2,3,850483.5463348513,143116.7314678742,18,3
AST-004057,Asset_4057,Network_Device,Marketing,0,3,2,3,5939372.267253612,94147.00726429305,1,1
AST-004058,Asset_4058,Server,Engineering,0,1,2,1,1962243.3108221167,21226.66441012584,2,0
AST-004059,Asset_4059,Network_Device,Engineering,1,1,2,2,924245.892205395,41116.2186284675,13,5
AST-004060,Asset_4060,Cloud_Storage,Operations,0,2,2,2,3138919.769390816,73331.82260664346,2,1
AST-004061,Asset_4061,Server,Operations,0,1,1,1,545002.5022428804,46238.96377297432,4,0
AST-004062,Asset_4062,Server,Marketing,0,1,2,1,1498629.0661478224,71458.98796681662,2,2
AST-004063,Asset_4063,Workstation,Finance,1,5,1,3,7180123.656711812,295927.57630456093,13,5
AST-004064,Asset_4064,Server,HR,0,1,1,1,1733239.4892938724,90762.0342773137,3,0
AST-004065,Asset_4065,Network_Device,Finance,1,4,2,2,3826190.485266409,166465.60067695176,13,1
AST-004066,Asset_4066,Server,Finance,0,1,2,1,1817015.229222718,83236.24633001984,3,1
AST-004067,Asset_4067,Server,Operations,1,3,1,1,5360887.62206058,63645.8470333133,17,3
AST-004068,Asset_4068,Cloud_Storage,HR,0,2,3,2,3008808.8807997024,65496.742162886476,3,1
AST-004069,Asset_4069,Workstation,Operations,0,1,1,1,1208502.3034328972,52474.61884314506,1,0
AST-004070,Asset_4070,Network_Device,Operations,1,3,4,4,4282805.586649432,91319.44466046049,20,0
AST-004071,Asset_4071,Database,Operations,1,4,1,3,6379752.613759241,182936.26247883626,16,7
AST-004072,Asset_4072,Workstation,Sales,1,1,1,1,1962877.0846200292,12070.064940276829,17,5
AST-004073,Asset_4073,Workstation,Finance,0,3,3,2,2047776.860566263,54103.72200963999,1,1
AST-004074,Asset_4074,Workstation,Finance,0,2,2,2,1939218.3427298684,148213.05010753544,1,0
AST-004075,Asset_4075,Workstation,Finance,0,3,1,2,5013223.409295578,69840.6236893279,2,0
AST-004076,Asset_4076,Workstation,Sales,0,3,1,3,3341310.100815208,143389.80548883116,2,1
AST-004077,Asset_4077,Workstation,Engineering,1,1,1,1,1508719.9571954892,84885.4870503915,17,2
AST-004078,Asset_4078,Server,Marketing,0,1,1,1,699676.9615209533,14010.224711634512,1,0
AST-004079,Asset_4079,Workstation,Marketing,0,2,1,2,3127484.811065715,24092.12718610106,2,0
AST-004080,Asset_4080,Server,Sales,0,4,2,3,6044382.9122169865,91826.53033762584,2,1
AST-004081,Asset_4081,Workstation,Finance,0,1,4,3,1378730.1002054173,214799.709935461,2,1
AST-004082,Asset_4082,Server,Marketing,1,2,3,2,3295713.8956500385,62501.75035949232,9,5
AST-004083,Asset_4083,Workstation,Sales,0,1,1,1,1820168.3487469293,87732.85662763166,1,1
AST-004084,Asset_4084,Workstation,Operations,0,3,4,2,5231861.730833672,83332.67577927465,4,0
AST-004085,Asset_4085,Server,HR,1,2,2,2,1382722.2863834628,71032.01502057412,5,2
AST-004086,Asset_4086,Server,Marketing,0,3,1,2,4849770.1677787155,61924.3578282822,2,0
AST-004087,Asset_4087,Server,HR,0,4,3,3,4698586.646752086,184971.99582588684,1,0
AST-004088,Asset_4088,Workstation,Finance,0,1,1,1,1000822.7277512001,87068.01497376003,4,0
AST-004089,Asset_4089,Network_Device,Marketing,0,1,1,1,1819474.3787050883,46545.607769135284,2,0
AST-004090,Asset_4090,Server,Sales,0,5,1,3,6697099.259989388,98179.5880526987,2,0
AST-004091,Asset_4091,Workstation,Engineering,0,1,2,2,1251852.0980489973,95755.92163500418,2,0
AST-004092,Asset_4092,Database,Marketing,0,3,1,2,5030697.086622427,182862.15568259632,2,0
AST-004093,Asset_4093,Workstation,Marketing,0,3,3,4,3989888.456778968,160433.5294506107,1,0
AST-004094,Asset_4094,Cloud_Storage,Marketing,0,2,2,2,3574022.755977266,138034.62416441704,2,0
AST-004095,Asset_4095,Database,Marketing,0,1,2,2,654351.4303373069,79353.11579689672,4,1
AST-004096,Asset_4096,Workstation,Sales,1,1,1,1,1664199.596641873,70728.20467661301,14,6
AST-004097,Asset_4097,Server,Sales,0,2,3,2,1491503.7698934278,178581.93476407285,1,0
AST-004098,Asset_4098,Server,Engineering,1,1,2,2,837847.0180673904,127740.57911674463,12,3
AST-004099,Asset_4099,Server,Sales,0,2,2,2,1538354.5625208854,190539.5561407082,2,0
AST-004100,Asset_4100,Server,Sales,0,2,3,3,1715264.0560703168,192409.64149495275,4,1
AST-004101,Asset_4101,Workstation,Finance,0,1,1,1,1597746.0450310197,97738.83041034927,1,1
AST-004102,Asset_4102,Workstation,Finance,1,1,1,2,1482997.5684583338,150271.4802467337,13,6
AST-004103,Asset_4103,Workstation,HR,0,4,2,4,3378687.767044051,275003.79144121736,1,0
AST-004104,Asset_4104,Server,Engineering,0,2,2,2,1810524.8103331923,169369.98695269573,3,0
AST-004105,Asset_4105,Server,Finance,1,2,1,1,1297882.337828772,10998.349891266504,15,5
AST-004106,Asset_4106,Workstation,Engineering,1,4,1,2,4486613.133235438,66304.90345602561,19,2
AST-004107,Asset_4107,Cloud_Storage,Engineering,0,2,1,2,2135755.489321433,58896.31486143391,1,0
AST-004108,Asset_4108,Server,Marketing,1,5,5,5,3593618.434429886,99904.13062215553,18,8
AST-004109,Asset_4109,Network_Device,Operations,1,1,1,1,1751937.5613033066,94400.79743671569,19,2
AST-004110,Asset_4110,Workstation,Operations,0,3,1,2,5336677.71898452,43580.38367002914,3,0
AST-004111,Asset_4111,Workstation,Operations,0,1,3,2,663570.2022096249,67310.60030496729,1,0
AST-004112,Asset_4112,Workstation,Engineering,0,3,2,3,2698646.789657186,120494.27524986715,2,1
AST-004113,Asset_4113,Server,Marketing,0,4,2,2,6416534.005550414,132433.03352790937,1,2
AST-004114,Asset_4114,Server,HR,1,1,2,2,1804950.0369096221,158143.56376935935,9,1
AST-004115,Asset_4115,Workstation,HR,0,2,2,2,1215018.9657088378,128841.6785535558,4,1
AST-004116,Asset_4116,Database,Operations,0,3,2,4,5560666.448569633,309623.57986611774,2,0
AST-004117,Asset_4117,Cloud_Storage,HR,1,1,1,1,592455.7321168225,46191.17838584462,15,3
AST-004118,Asset_4118,Workstation,Marketing,0,3,3,2,4352027.817228245,199240.08264545977,3,0
AST-004119,Asset_4119,Server,Operations,1,1,1,1,533112.7029929089,25308.309198778246,15,0
AST-004120,Asset_4120,Workstation,Marketing,1,4,1,2,7569590.130466839,91956.8375860487,13,2
AST-004121,Asset_4121,Server,HR,1,1,1,1,1030535.9740623469,84896.47127913026,17,1
AST-004122,Asset_4122,Workstation,Operations,1,2,3,3,2946409.226187962,96625.25339240105,7,1
AST-004123,Asset_4123,Workstation,Marketing,0,1,2,1,776933.2986210174,77575.87140382835,1,0
AST-004124,Asset_4124,Cloud_Storage,Sales,0,1,3,2,981883.1240062228,85570.47086073816,5,1
AST-004125,Asset_4125,Workstation,Sales,0,2,2,2,3241895.4466468897,51967.3295664451,5,0
AST-004126,Asset_4126,Workstation,Marketing,0,2,1,1,3918987.660216279,46300.64181785297,0,0
AST-004127,Asset_4127,Workstation,Marketing,0,1,1,2,1988079.935914129,161261.93116566635,2,1
AST-004128,Asset_4128,Cloud_Storage,Finance,0,4,2,3,6858077.096889194,60227.88981678484,1,0
AST-004129,Asset_4129,Server,Finance,1,1,1,1,1770789.5595562318,56449.13974726369,16,0
AST-004130,Asset_4130,Server,Engineering,1,3,1,2,5862317.370574064,153444.15525742798,10,2
AST-004131,Asset_4131,Server,Operations,0,2,4,2,1120950.0693067694,155282.968034582,2,1
AST-004132,Asset_4132,Server,Engineering,0,2,3,2,1510451.3409558607,90125.6085398818,9,0
AST-004133,Asset_4133,Workstation,Engineering,0,1,1,1,579016.6677795935,51979.45412653574,1,0
AST-004134,Asset_4134,Workstation,HR,1,2,3,2,2503483.4598673237,174217.87037352548,13,6
AST-004135,Asset_4135,Workstation,Sales,0,2,2,3,3875467.7350136912,86262.01665477469,2,0
AST-004136,Asset_4136,Server,HR,0,1,1,1,1373654.280349901,99333.32209482709,2,0
AST-004137,Asset_4137,Workstation,Operations,0,1,1,1,1333106.1737762648,47731.345412654264,3,0
AST-004138,Asset_4138,Database,Marketing,0,1,1,1,1740029.5274928862,34790.618704991124,3,1
AST-004139,Asset_4139,Workstation,Finance,1,1,1,1,1893423.3227296076,10233.941637612961,13,4
AST-004140,Asset_4140,Workstation,Operations,0,1,1,1,1547832.8472880665,21252.07937044346,2,0
AST-004141,Asset_4141,Database,Marketing,0,1,4,2,1843066.055806739,156171.6243618255,2,0
AST-004142,Asset_4142,Server,Operations,1,2,2,2,1525648.8369852654,136861.55116680943,10,3
AST-004143,Asset_4143,Server,Marketing,1,1,3,2,1255110.5478105952,64371.152314931125,8,2
AST-004144,Asset_4144,Network_Device,Finance,1,1,1,1,1046907.5563902367,93430.28055115334,16,5
AST-004145,Asset_4145,Cloud_Storage,Marketing,0,1,1,1,998781.9547793898,85211.92054507445,1,0
AST-004146,Asset_4146,Workstation,Engineering,0,2,4,2,1642750.8986283694,68469.28964199813,3,0
AST-004147,Asset_4147,Server,Operations,0,1,2,1,1840994.8743267285,39707.90847214863,1,1
AST-004148,Asset_4148,Workstation,Finance,0,2,4,3,2351107.657451532,79883.4819302882,2,0
AST-004149,Asset_4149,Workstation,Marketing,0,3,1,2,3886143.1091511436,135660.5927907694,1,3
AST-004150,Asset_4150,Workstation,Engineering,0,2,4,3,1828932.0900796098,219307.10367401727,2,3
AST-004151,Asset_4151,Server,Engineering,0,1,2,1,1944276.3397614188,45629.29982381637,2,0
AST-004152,Asset_4152,Server,Sales,1,2,1,1,2833630.0098734936,76344.283241983,22,6
AST-004153,Asset_4153,Workstation,Engineering,0,1,2,1,501041.26828335715,99240.99863667761,4,2
AST-004154,Asset_4154,Database,HR,1,4,3,4,3607354.7888113293,260301.35463823422,15,5
AST-004155,Asset_4155,Server,Finance,0,3,1,2,5997064.162082499,136871.09403680058,1,0
AST-004156,Asset_4156,Server,Finance,0,2,5,4,3924324.4715279276,174583.25880436544,1,0
AST-004157,Asset_4157,Workstation,Finance,0,5,2,4,6584623.574471124,43811.08786940766,4,0
AST-004158,Asset_4158,Network_Device,Marketing,1,2,1,2,2692351.8102524895,191705.8464498397,14,3
AST-004159,Asset_4159,Cloud_Storage,Operations,0,1,1,1,1852382.7450338185,79511.02348590385,1,2
AST-004160,Asset_4160,Workstation,Marketing,1,1,1,1,1562848.9106855914,72601.13136464267,17,3
AST-004161,Asset_4161,Workstation,HR,0,2,1,1,3796649.158819506,12682.950110515467,2,0
AST-004162,Asset_4162,Server,Operations,1,4,2,4,4874797.846261773,313244.3721841267,22,2
AST-004163,Asset_4163,Workstation,Engineering,0,4,3,4,7855404.302255608,281230.32749057515,3,0
AST-004164,Asset_4164,Database,Marketing,1,2,2,2,2618649.3546646936,122403.10161297386,8,3
AST-004165,Asset_4165,Workstation,Operations,0,1,2,1,1467258.4538715763,66124.0638664419,1,0
AST-004166,Asset_4166,Database,Engineering,1,2,1,2,1247700.582764585,185305.90710570433,21,5
AST-004167,Asset_4167,Server,Operations,0,3,5,3,4252335.427911179,31806.406555352034,3,0
AST-004168,Asset_4168,Server,Engineering,0,2,1,1,3303327.839495869,24127.494599894955,1,2
AST-004169,Asset_4169,Database,Operations,1,2,1,2,2317913.0390167423,181056.29543628596,10,8
AST-004170,Asset_4170,Server,Marketing,0,2,2,3,2507314.629783608,32216.879955958582,4,0
AST-004171,Asset_4171,Server,Marketing,0,4,3,4,4359964.526824312,365309.0114364704,2,1
AST-004172,Asset_4172,Cloud_Storage,HR,1,3,5,5,5860686.782728357,63334.333331188274,6,3
AST-004173,Asset_4173,Workstation,Sales,0,1,5,3,1214936.3544809348,240421.20225953194,3,0
AST-004174,Asset_4174,Workstation,Finance,0,1,4,2,689317.0163040087,180366.1780050343,2,3
AST-004175,Asset_4175,Network_Device,Marketing,0,4,2,2,2173233.0970319007,130254.9065401812,2,0
AST-004176,Asset_4176,Cloud_Storage,Marketing,1,3,1,2,4976111.386813929,135459.38949472172,20,0
AST-004177,Asset_4177,Workstation,Engineering,0,1,2,1,1321509.2726549928,14550.7358736711,1,0
AST-004178,Asset_4178,Network_Device,Sales,0,2,1,1,1008311.5160975177,28980.20967819374,3,0
AST-004179,Asset_4179,Database,Marketing,1,4,1,2,4295135.824188331,181904.92006020359,12,2
AST-004180,Asset_4180,Database,Operations,1,4,1,3,7484295.6209591385,252403.32611289414,6,4
AST-004181,Asset_4181,Workstation,Sales,1,3,1,2,5764897.167234906,30718.58150922568,22,6
AST-004182,Asset_4182,Workstation,Finance,1,1,2,2,580338.8725184923,166337.31998047399,19,1
AST-004183,Asset_4183,Workstation,Operations,0,3,1,2,2055400.861643642,96227.21132239186,1,1
AST-004184,Asset_4184,Database,Engineering,0,1,1,1,507305.51755068306,60465.040088631446,2,0
AST-004185,Asset_4185,Server,HR,0,4,3,4,7212042.27356572,79025.96487007951,4,1
AST-004186,Asset_4186,Workstation,Operations,1,1,2,2,606329.3387382786,91755.92704444005,11,3
AST-004187,Asset_4187,Server,Finance,1,2,4,3,1323700.4566596881,147425.83877226023,13,3
AST-004188,Asset_4188,Workstation,Operations,1,2,2,2,1682867.9487241982,140507.90214976014,12,2
AST-004189,Asset_4189,Workstation,Sales,0,3,1,3,5627622.982404006,207534.53190177333,0,1
AST-004190,Asset_4190,Workstation,Sales,0,2,1,2,3064702.0218594456,118797.40646474539,2,0
AST-004191,Asset_4191,Workstation,Finance,0,1,2,1,1425322.0396511734,12830.13880621217,1,0
AST-004192,Asset_4192,Network_Device,Sales,0,3,3,3,5030956.075529156,73605.28750807041,2,1
AST-004193,Asset_4193,Workstation,Operations,1,1,1,1,1539926.746463784,24424.22554247287,12,0
AST-004194,Asset_4194,Workstation,HR,0,1,4,3,1618890.231021776,269687.75678683957,5,0
AST-004195,Asset_4195,Workstation,Operations,0,5,2,4,3052423.2902347287,364615.48304824875,0,0
AST-004196,Asset_4196,Server,HR,1,2,1,1,2769295.8893229906,82584.84293626975,12,3
AST-004197,Asset_4197,Server,Sales,0,3,2,3,4889432.792651455,77217.43007695892,0,0
AST-004198,Asset_4198,Server,Operations,0,2,2,1,2696975.860999887,85613.64615097424,2,0
AST-004199,Asset_4199,Workstation,Sales,0,3,1,2,1553076.9301403584,53766.99084841232,0,0
AST-004200,Asset_4200,Workstation,HR,1,3,1,3,2450039.502672957,179750.28815112237,19,2
AST-004201,Asset_4201,Network_Device,Sales,1,2,3,1,3888699.991200972,76048.87194253092,13,4
AST-004202,Asset_4202,Server,Marketing,0,5,2,4,7785209.806908579,58561.96196400463,3,1
AST-004203,Asset_4203,Server,Engineering,0,2,1,2,3065514.7026406885,127627.27671039735,1,1
AST-004204,Asset_4204,Cloud_Storage,Operations,0,3,4,4,4471135.988182389,130408.06741046732,0,1
AST-004205,Asset_4205,Server,Marketing,0,3,1,3,2075136.0008245166,164421.2480604742,1,0
AST-004206,Asset_4206,Workstation,Sales,0,1,1,1,506124.17148791556,44551.20318730138,3,1
AST-004207,Asset_4207,Workstation,Sales,0,2,1,1,2321956.9542152863,71792.06425535961,2,1
AST-004208,Asset_4208,Workstation,Engineering,0,5,4,5,5832433.036339828,270135.649264661,1,0
AST-004209,Asset_4209,Server,Sales,1,1,2,3,1717708.1767520776,111440.16190469285,13,5
AST-004210,Asset_4210,Server,Engineering,0,1,2,2,772351.2745360686,183864.57398333386,5,2
AST-004211,Asset_4211,Server,Operations,0,2,5,3,1825333.4892975215,288944.4781170592,6,0
AST-004212,Asset_4212,Workstation,HR,0,1,3,3,617363.4975340527,246515.06511182367,4,0
AST-004213,Asset_4213,Workstation,Engineering,0,4,1,3,4399250.211727785,186800.06891735646,1,0
AST-004214,Asset_4214,Server,Engineering,0,1,3,2,883984.6227389919,179192.08745496758,5,1
AST-004215,Asset_4215,Workstation,Marketing,0,1,3,2,894343.7662282039,128301.19217220425,4,2
AST-004216,Asset_4216,Network_Device,Sales,1,3,1,2,2643238.892033779,46789.41713665855,17,2
AST-004217,Asset_4217,Server,Operations,1,1,1,1,847277.7637232651,11568.46390051689,16,1
AST-004218,Asset_4218,Workstation,HR,1,2,3,2,1959379.0908738954,150664.62206187757,20,3
AST-004219,Asset_4219,Workstation,Finance,0,3,1,2,3915105.7415185403,155447.37721046022,2,1
AST-004220,Asset_4220,Server,Engineering,1,3,1,3,3469696.247152863,279973.0165070802,15,1
AST-004221,Asset_4221,Database,Finance,0,3,3,2,1785511.3255153112,168362.75294009145,1,2
AST-004222,Asset_4222,Workstation,Sales,1,1,4,3,1138789.7956396574,202687.2397949556,21,4
AST-004223,Asset_4223,Network_Device,Engineering,0,1,1,1,1769417.3817688783,27127.30919557944,2,1
AST-004224,Asset_4224,Network_Device,Finance,0,1,2,2,651056.1762008216,126929.0868692326,3,0
AST-004225,Asset_4225,Workstation,Marketing,0,1,2,1,1916542.3989974828,49121.66420867528,5,1
AST-004226,Asset_4226,Workstation,Finance,1,2,2,2,1925771.1122949622,61779.524467740695,17,3
AST-004227,Asset_4227,Database,Marketing,1,1,5,2,521803.444102254,163843.2393737817,16,4
AST-004228,Asset_4228,Workstation,HR,1,2,2,2,1759466.7371929516,46920.05948326767,15,4
AST-004229,Asset_4229,Workstation,Sales,0,1,2,1,604489.4308320552,66730.52563183913,3,0
AST-004230,Asset_4230,Server,Operations,0,2,5,4,2699144.0381700164,259871.41029898162,2,1
AST-004231,Asset_4231,Workstation,Finance,1,1,1,2,974487.6913258245,74650.50101418351,18,3
AST-004232,Asset_4232,Workstation,Engineering,0,1,1,1,1710314.920887006,48631.52269447877,0,1
AST-004233,Asset_4233,Database,Sales,1,2,2,2,3197875.2643712563,40982.91195041741,15,2
AST-004234,Asset_4234,Cloud_Storage,Finance,0,2,1,1,2405789.3784603276,12297.962593128606,3,0
AST-004235,Asset_4235,Server,Engineering,0,3,1,3,4022707.2487858697,33515.07404001186,4,1
AST-004236,Asset_4236,Database,Engineering,1,4,1,2,5652617.605886121,51378.06549214882,19,1
AST-004237,Asset_4237,Server,Operations,0,3,2,2,2718171.0932797277,176055.15225333316,2,0
AST-004238,Asset_4238,Workstation,Operations,1,2,4,3,1418129.1195825625,171104.35941600427,15,3
AST-004239,Asset_4239,Workstation,Engineering,0,1,1,1,1064778.224081535,20540.43574646196,3,0
AST-004240,Asset_4240,Database,Operations,1,1,2,2,642286.3191709698,182989.11525079544,17,3
AST-004241,Asset_4241,Workstation,Engineering,0,3,1,2,2916885.1893242486,122399.97813464569,1,0
AST-004242,Asset_4242,Database,Finance,1,1,2,2,1328903.241166574,25019.395147988136,18,2
AST-004243,Asset_4243,Workstation,HR,0,1,2,2,1310168.7861972009,157291.20470743557,5,2
AST-004244,Asset_4244,Workstation,Operations,0,1,4,3,680920.0616588835,157827.4913629693,1,1
AST-004245,Asset_4245,Workstation,Marketing,0,1,1,1,512508.65000601177,57957.68501825558,2,0
AST-004246,Asset_4246,Cloud_Storage,Marketing,1,3,2,2,1900246.0287329166,130380.83401165376,20,2
AST-004247,Asset_4247,Server,Marketing,0,1,1,1,554225.0629263015,18500.535492995576,1,1
AST-004248,Asset_4248,Server,HR,0,2,2,1,2201406.6682218546,95296.61675780463,0,2
AST-004249,Asset_4249,Workstation,Engineering,1,1,4,3,1084625.2792587422,98955.96450103939,18,6
AST-004250,Asset_4250,Cloud_Storage,Engineering,0,2,4,3,1724846.095913751,197894.70009124145,1,1
AST-004251,Asset_4251,Database,Sales,0,3,1,2,2469500.068491868,174001.33395022195,4,0
AST-004252,Asset_4252,Server,Marketing,0,1,3,2,1094629.8746876097,79745.15630796806,4,0
AST-004253,Asset_4253,Database,Marketing,1,3,1,2,1889581.1020023609,132959.53276716603,17,3
AST-004254,Asset_4254,Workstation,Engineering,0,1,1,2,821463.6874928244,197997.8864174786,4,0
AST-004255,Asset_4255,Server,Marketing,0,2,4,2,2217075.7145636757,173323.85896133026,4,0
AST-004256,Asset_4256,Workstation,Engineering,1,3,1,2,1926734.6140961042,160271.24304388845,9,1
AST-004257,Asset_4257,Cloud_Storage,Engineering,1,5,1,4,8806102.546034578,198148.0724257273,18,2
AST-004258,Asset_4258,Workstation,Operations,0,1,1,1,1514027.7469351594,50614.258551721396,0,0
AST-004259,Asset_4259,Database,Engineering,1,1,1,1,1074678.8732697167,53698.59041484441,21,3
AST-004260,Asset_4260,Workstation,Finance,1,1,1,1,725597.4638433118,72138.8456999646,12,5
AST-004261,Asset_4261,Server,Finance,0,1,3,1,791280.9678031014,22990.350415311106,1,0
AST-004262,Asset_4262,Network_Device,Finance,1,1,2,1,680134.377121616,87492.52224595065,22,1
AST-004263,Asset_4263,Workstation,Finance,0,1,2,1,740125.7409102998,11627.113976485716,0,1
AST-004264,Asset_4264,Database,HR,0,2,1,2,2267542.416910466,50598.76514683916,3,1
AST-004265,Asset_4265,Workstation,Sales,0,4,2,2,3473987.9916878585,106726.58343257107,2,0
AST-004266,Asset_4266,Workstation,Sales,0,1,3,2,1826867.7152918363,65381.049115864094,2,0
AST-004267,Asset_4267,Workstation,Engineering,0,5,4,4,9706965.475256499,171609.41145398418,1,0
AST-004268,Asset_4268,Server,Marketing,1,3,5,4,4611142.695710141,159729.91309747618,14,1
AST-004269,Asset_4269,Network_Device,Finance,0,4,2,2,6852566.6566812955,68413.65188329449,0,1
AST-004270,Asset_4270,Cloud_Storage,Sales,0,4,5,5,3530717.213474729,221124.36021447653,1,1
AST-004271,Asset_4271,Workstation,Sales,0,3,1,2,4492607.883711555,110951.90648892797,4,0
AST-004272,Asset_4272,Cloud_Storage,Finance,1,3,1,3,1760993.9382125752,158616.87635571315,17,4
AST-004273,Asset_4273,Server,HR,0,2,3,2,3880648.2559269876,166146.03076065693,5,0
AST-004274,Asset_4274,Workstation,HR,0,2,1,1,3010620.895920825,37733.05540695787,1,0
AST-004275,Asset_4275,Workstation,Sales,0,4,1,2,3901107.0288378987,70743.8855188888,2,1
AST-004276,Asset_4276,Workstation,HR,1,1,4,3,1659562.3381758598,166201.1733619051,10,5
AST-004277,Asset_4277,Workstation,Operations,0,1,3,2,523699.1738059837,28628.182326102862,1,0
AST-004278,Asset_4278,Database,Finance,1,3,1,2,3193063.05925685,40125.852823552246,17,3
AST-004279,Asset_4279,Server,Sales,0,2,3,2,3686973.2888932605,164555.83782612885,4,1
AST-004280,Asset_4280,Database,Finance,0,3,3,3,2684398.0338520445,163301.55470416928,3,1
AST-004281,Asset_4281,Server,HR,0,1,4,2,1501871.468118595,31976.368760524136,0,0
AST-004282,Asset_4282,Workstation,Finance,1,2,2,2,2080311.0471990777,99268.9263138278,17,2
AST-004283,Asset_4283,Server,HR,0,1,3,3,1088546.503530041,137531.3796327194,0,1
AST-004284,Asset_4284,Server,HR,0,4,3,3,6475622.300926904,96456.3100903194,1,0
AST-004285,Asset_4285,Workstation,Finance,0,1,2,2,1865308.9972953699,86978.58416146335,2,0
AST-004286,Asset_4286,Workstation,HR,0,3,2,2,2250233.353344343,53903.972556530294,3,0
AST-004287,Asset_4287,Network_Device,Operations,0,1,2,1,915338.1631333202,50415.36087415177,0,0
AST-004288,Asset_4288,Workstation,Engineering,1,1,2,2,1231677.7739339503,93535.06006990511,18,2
AST-004289,Asset_4289,Database,Finance,0,1,5,4,1420724.0988614168,258700.1261155919,3,0
AST-004290,Asset_4290,Network_Device,Engineering,0,1,1,1,1201680.6691811013,94789.3795932717,0,0
AST-004291,Asset_4291,Workstation,Finance,0,2,1,2,3416586.0847964287,53383.25174340048,2,1
AST-004292,Asset_4292,Server,HR,0,1,3,2,1652142.326922123,95139.3677135754,2,0
AST-004293,Asset_4293,Workstation,HR,0,2,1,2,2215728.7661067834,121199.69571136366,0,0
AST-004294,Asset_4294,Cloud_Storage,Sales,0,1,2,2,560917.8089908075,118458.42389486755,3,0
AST-004295,Asset_4295,Database,Operations,1,4,1,3,3166978.272904276,208561.97022813972,14,3
AST-004296,Asset_4296,Server,Sales,0,1,2,2,1230428.9738138681,68227.4682593522,2,0
AST-004297,Asset_4297,Server,Engineering,1,1,4,3,1891270.6349931003,201328.7140751141,12,2
AST-004298,Asset_4298,Server,HR,0,2,3,2,2702708.460555384,56210.62578320556,2,0
AST-004299,Asset_4299,Workstation,Sales,0,4,1,2,5182369.43866022,42581.99825314805,1,0
AST-004300,Asset_4300,Workstation,HR,1,4,5,4,6343820.259818048,339392.2000812533,14,3
AST-004301,Asset_4301,Server,Finance,1,4,1,2,2913769.688938562,105273.18336512409,14,3
AST-004302,Asset_4302,Cloud_Storage,Sales,0,1,2,1,720377.7022081058,45754.959345145486,4,0
AST-004303,Asset_4303,Workstation,Engineering,0,3,2,2,3054278.2851120005,187132.6351851461,1,1
AST-004304,Asset_4304,Workstation,Sales,0,3,5,3,5976836.841958953,221634.49489504402,0,2
AST-004305,Asset_4305,Network_Device,HR,0,4,1,2,7255650.9949964,141883.17903618247,2,2
AST-004306,Asset_4306,Server,Marketing,0,1,2,1,1520170.8506522095,27483.375439103504,1,1
AST-004307,Asset_4307,Workstation,Marketing,1,4,1,2,4346929.537177827,57666.47758339049,15,6
AST-004308,Asset_4308,Workstation,Operations,0,2,1,2,2664021.8655302254,106958.24405747882,2,1
AST-004309,Asset_4309,Network_Device,HR,0,2,4,3,1910662.3537271642,206122.01753605774,1,0
AST-004310,Asset_4310,Workstation,Finance,0,2,2,3,3022921.036558158,136723.58062207952,1,1
AST-004311,Asset_4311,Server,Sales,0,2,3,2,2256536.984672442,31553.348203618825,0,0
AST-004312,Asset_4312,Cloud_Storage,Marketing,0,2,1,2,1360647.6827266507,142945.20769774634,3,0
AST-004313,Asset_4313,Server,Finance,0,1,3,1,822631.9311470895,79637.61317972167,4,0
AST-004314,Asset_4314,Network_Device,HR,1,3,3,4,4239117.561015516,379948.8915642734,12,2
AST-004315,Asset_4315,Cloud_Storage,Finance,0,2,2,3,3083694.1080730287,140367.28564581287,2,0
AST-004316,Asset_4316,Server,HR,1,2,2,2,1288064.9939024835,66448.649982851,13,1
AST-004317,Asset_4317,Workstation,Operations,0,1,5,4,1712511.4656082192,373290.88196696976,0,0
AST-004318,Asset_4318,Server,Sales,1,5,3,4,8682605.394361924,297449.98296779895,12,6
AST-004319,Asset_4319,Workstation,Finance,1,2,2,2,3169245.7428310756,31517.53446564961,21,4
AST-004320,Asset_4320,Workstation,Sales,1,1,2,1,1525382.8016691362,62202.460653829374,15,2
AST-004321,Asset_4321,Workstation,Finance,1,3,3,2,2543408.637107709,25134.79869493601,13,3
AST-004322,Asset_4322,Cloud_Storage,HR,0,1,1,1,1879432.9436203642,30387.16267338186,3,0
AST-004323,Asset_4323,Workstation,HR,1,1,2,1,902860.3327535272,16385.760027146433,9,2
AST-004324,Asset_4324,Workstation,Finance,1,2,5,3,1547513.9179523746,85320.67178305943,16,7
AST-004325,Asset_4325,Network_Device,Operations,0,2,4,4,2915602.110111847,216372.1731010933,2,0
AST-004326,Asset_4326,Cloud_Storage,HR,0,1,3,1,1046156.4424182171,36897.9836362409,2,0
AST-004327,Asset_4327,Server,Engineering,0,1,1,1,1899542.1269929186,17921.136754365914,4,0
AST-004328,Asset_4328,Cloud_Storage,Engineering,0,4,5,5,4761497.6507501025,266927.1379719303,2,0
AST-004329,Asset_4329,Server,Sales,0,1,2,2,745577.8145767308,147527.89985984913,2,0
AST-004330,Asset_4330,Network_Device,Engineering,0,1,1,1,1936292.9710922763,14781.27574293657,1,0
AST-004331,Asset_4331,Server,Engineering,0,5,2,4,6365754.352694988,357664.8847332463,3,0
AST-004332,Asset_4332,Server,Operations,1,1,4,3,1277838.387226894,206328.85525044333,14,3
AST-004333,Asset_4333,Workstation,Operations,0,2,1,2,2157408.066533085,113499.46560363265,5,0
AST-004334,Asset_4334,Workstation,Marketing,1,1,4,4,1753990.6625423077,182674.06851625454,12,1
AST-004335,Asset_4335,Database,Marketing,0,2,4,4,1862930.8620580274,181583.5801560361,3,1
AST-004336,Asset_4336,Server,Operations,0,1,1,1,520564.5618354289,40200.290260079215,1,0
AST-004337,Asset_4337,Workstation,Marketing,0,5,4,5,6229584.451825642,102078.20967414821,1,0
AST-004338,Asset_4338,Cloud_Storage,Operations,0,2,4,3,3777660.7349268165,51395.30960396323,1,1
AST-004339,Asset_4339,Database,Marketing,0,2,1,1,1819800.0596331246,37794.72566308527,2,1
AST-004340,Asset_4340,Server,HR,0,4,1,3,3597832.6201607063,210107.291979452,2,0
AST-004341,Asset_4341,Workstation,Operations,0,5,1,2,8035749.095830391,71910.98436720524,3,1
AST-004342,Asset_4342,Server,Sales,0,1,1,1,1663300.0010962738,83103.84573698488,1,3
AST-004343,Asset_4343,Network_Device,Sales,0,3,3,4,3460004.4195831637,176904.63226524636,2,0
AST-004344,Asset_4344,Network_Device,Operations,0,1,1,1,1750464.906684554,66807.42263209971,0,0
AST-004345,Asset_4345,Workstation,Engineering,0,2,5,2,1515799.25201105,97744.41956896434,2,0
AST-004346,Asset_4346,Database,Sales,0,1,5,3,1050538.0600414202,164413.1527664835,1,0
AST-004347,Asset_4347,Workstation,Engineering,0,2,1,2,2212833.7459503165,65028.902577819885,1,0
AST-004348,Asset_4348,Workstation,Sales,0,1,2,2,969193.8398094401,112496.43410224092,2,2
AST-004349,Asset_4349,Network_Device,Finance,0,2,2,2,1653212.647057432,39917.55266183416,2,0
AST-004350,Asset_4350,Workstation,Finance,0,2,2,2,2014448.5868268777,89618.1645943019,2,2
AST-004351,Asset_4351,Workstation,Operations,0,1,1,1,527004.7753036366,50347.08674058003,4,2
AST-004352,Asset_4352,Workstation,Sales,0,2,1,2,3110050.1042802054,146719.27019210468,0,0
AST-004353,Asset_4353,Workstation,HR,0,5,1,4,7629694.2589773405,184079.62403489285,4,0
AST-004354,Asset_4354,Cloud_Storage,Engineering,0,3,1,2,3525981.5049465,139778.4810302829,3,3
AST-004355,Asset_4355,Workstation,Sales,0,2,4,3,1968746.7515970506,77146.3554248547,2,0
AST-004356,Asset_4356,Workstation,Operations,1,4,1,2,4604561.215414694,24540.688285935954,12,2
AST-004357,Asset_4357,Server,Engineering,1,2,1,2,3809562.4479667605,111070.54477669935,26,2
AST-004358,Asset_4358,Workstation,Marketing,0,1,2,2,1405347.2733488514,105296.74086830707,0,0
AST-004359,Asset_4359,Workstation,Operations,1,2,1,3,3194071.9474542374,210833.17365206726,19,3
AST-004360,Asset_4360,Server,Sales,0,1,1,1,844275.1179669455,38219.07362875525,3,0
AST-004361,Asset_4361,Server,HR,0,3,2,3,1926410.8754635262,38063.64698918783,3,1
AST-004362,Asset_4362,Workstation,Marketing,1,5,2,3,3123887.010318376,225363.7933088382,11,3
AST-004363,Asset_4363,Workstation,Operations,1,1,1,1,1208028.2803678766,94799.04352140531,21,3
AST-004364,Asset_4364,Workstation,Sales,0,2,2,2,3150059.013733098,90967.4384949616,0,0
AST-004365,Asset_4365,Server,Finance,0,2,2,2,3322361.1477821637,130003.00050187716,3,1
AST-004366,Asset_4366,Workstation,Sales,0,1,2,1,1580614.7104850146,59021.84912288154,2,0
AST-004367,Asset_4367,Server,Finance,0,3,3,2,5607431.194416766,121880.26253741294,2,0
AST-004368,Asset_4368,Workstation,Finance,0,2,1,2,1156007.3376765584,176127.71842044906,6,0
AST-004369,Asset_4369,Server,Operations,0,1,2,1,1783009.2328472456,76270.30950726947,0,0
AST-004370,Asset_4370,Server,Sales,1,3,3,3,4473044.680217875,237842.33126906268,15,1
AST-004371,Asset_4371,Server,Sales,0,1,4,2,763280.168003946,36206.75096198217,3,0
AST-004372,Asset_4372,Database,Finance,1,5,4,5,7617855.5112822065,116018.36097441295,7,4
AST-004373,Asset_4373,Server,Engineering,0,1,2,1,1267639.340206357,69697.41558952116,1,1
AST-004374,Asset_4374,Database,Marketing,0,2,2,2,2077123.7396026046,117282.40134351782,2,0
AST-004375,Asset_4375,Workstation,HR,0,1,2,2,871937.2387487965,159370.09767084115,3,0
AST-004376,Asset_4376,Workstation,Sales,0,1,4,3,1196231.5808670989,55129.79634596999,4,0
AST-004377,Asset_4377,Database,Marketing,0,3,3,3,2576096.903351443,182951.522714965,2,0
AST-004378,Asset_4378,Network_Device,Marketing,0,2,1,1,1248541.2518924002,53746.24574889193,1,0
AST-004379,Asset_4379,Server,Engineering,0,4,1,3,7076720.350519925,260765.45667068724,6,0
AST-004380,Asset_4380,Workstation,Marketing,0,2,1,2,2778510.9455685783,53686.81511114114,1,0
AST-004381,Asset_4381,Server,Sales,0,4,1,2,4182017.950329983,82768.36507410584,1,0
AST-004382,Asset_4382,Server,Operations,0,5,5,5,5850099.854745661,117712.15737758343,0,0
AST-004383,Asset_4383,Workstation,Operations,0,2,1,1,3594482.1028290656,50655.924953794965,0,0
AST-004384,Asset_4384,Workstation,Marketing,0,2,1,2,1959530.516517574,178653.04627153877,1,0
AST-004385,Asset_4385,Network_Device,Sales,0,3,4,3,3210778.7135475227,210990.03898652026,1,1
AST-004386,Asset_4386,Workstation,Sales,1,1,1,1,1649120.6161725905,76986.89043526426,10,1
AST-004387,Asset_4387,Cloud_Storage,Finance,0,4,1,2,3203135.665479387,36800.63806793124,2,1
AST-004388,Asset_4388,Server,Engineering,0,2,2,1,2977787.657009837,50682.33411675257,2,0
AST-004389,Asset_4389,Server,HR,0,3,2,2,3454457.1245668014,170960.66414581763,2,0
AST-004390,Asset_4390,Server,Finance,0,1,1,1,1250237.848395213,85373.16477564453,4,0
AST-004391,Asset_4391,Server,HR,0,3,2,3,5040960.700293601,296765.4524102368,6,1
AST-004392,Asset_4392,Workstation,Sales,0,1,1,1,1989698.5344724031,57343.67461845393,2,2
AST-004393,Asset_4393,Workstation,Operations,1,3,2,2,5241803.658087617,20372.857253373368,14,7
AST-004394,Asset_4394,Server,Finance,0,2,2,2,1481631.8990878125,181830.88926379554,2,0
AST-004395,Asset_4395,Cloud_Storage,Marketing,0,1,3,3,836827.7528605827,288173.11311600043,3,1
AST-004396,Asset_4396,Network_Device,Marketing,0,5,2,4,5574478.578543125,373988.6332883702,3,2
AST-004397,Asset_4397,Server,HR,0,3,2,3,4736519.339554619,238416.0393945633,2,0
AST-004398,Asset_4398,Server,Sales,0,5,2,3,6320283.739901736,87217.03674407398,2,1
AST-004399,Asset_4399,Server,Operations,1,1,1,1,1852701.0128832313,22515.136752074588,13,2
AST-004400,Asset_4400,Server,HR,1,2,1,2,1146026.4411183505,146159.48062582422,12,1
AST-004401,Asset_4401,Server,Operations,1,2,3,2,1775550.9364389922,45276.14154875622,14,5
AST-004402,Asset_4402,Workstation,Engineering,0,2,1,1,1657814.7772924518,95798.40984394884,1,1
AST-004403,Asset_4403,Server,Operations,1,1,2,2,1616256.4212640703,100248.99874100905,12,4
AST-004404,Asset_4404,Database,Marketing,0,1,1,1,1197157.322283933,12773.355398857455,0,0
AST-004405,Asset_4405,Cloud_Storage,Finance,1,4,3,3,2090078.2442159944,70660.27214255283,14,4
AST-004406,Asset_4406,Workstation,Finance,1,2,5,3,3320310.2572865,108429.91846096682,14,5
AST-004407,Asset_4407,Cloud_Storage,Finance,0,5,1,2,5213523.670770038,146675.8463486826,2,2
AST-004408,Asset_4408,Server,Operations,0,1,2,2,890690.5376934218,152712.61846376126,1,0
AST-004409,Asset_4409,Database,Marketing,0,5,2,4,3870382.6155981477,116689.07313538587,3,1
AST-004410,Asset_4410,Workstation,Operations,1,2,4,3,3838036.5601767073,205109.99351203797,12,5
AST-004411,Asset_4411,Server,Sales,0,3,1,3,5739171.124377605,38593.38946451877,2,1
AST-004412,Asset_4412,Server,Marketing,1,1,2,1,614829.332272575,19256.763263587578,9,2
AST-004413,Asset_4413,Workstation,Marketing,0,4,2,3,3396604.15791752,174452.88223413174,0,0
AST-004414,Asset_4414,Workstation,Operations,0,2,1,2,2938357.9662485393,146688.25517951016,4,1
AST-004415,Asset_4415,Workstation,Operations,0,2,1,2,3011273.9751349427,184586.10630837333,2,0
AST-004416,Asset_4416,Workstation,Finance,1,1,1,1,1126507.615766471,49397.72286582666,13,1
AST-004417,Asset_4417,Workstation,Marketing,0,2,3,3,2705529.573436643,62387.32642914715,1,2
AST-004418,Asset_4418,Server,Finance,0,4,1,2,6215783.499257966,187215.79355560918,2,0
AST-004419,Asset_4419,Database,Sales,0,1,2,2,1925763.806102549,98738.7833530251,4,2
AST-004420,Asset_4420,Server,Engineering,0,3,1,1,4762992.305700514,54772.579058099895,3,1
AST-004421,Asset_4421,Server,Finance,0,1,1,2,665405.9464338266,173797.3107925706,1,0
AST-004422,Asset_4422,Cloud_Storage,Operations,0,4,2,3,6307079.68503685,188160.51727360094,3,2
AST-004423,Asset_4423,Workstation,HR,1,5,4,5,3007947.4640435562,185652.6146502543,14,4
AST-004424,Asset_4424,Workstation,Engineering,1,1,2,1,1253760.8555116085,58670.239396102814,11,6
AST-004425,Asset_4425,Database,Sales,0,1,3,3,1290342.8613843382,198712.49639657102,0,0
AST-004426,Asset_4426,Database,Operations,1,2,2,2,3334794.117118217,180163.98012910996,12,4
AST-004427,Asset_4427,Server,Engineering,1,1,2,2,517337.97410784947,62270.20486716022,15,4
AST-004428,Asset_4428,Server,Operations,0,2,2,2,3624256.201300807,120688.22551037937,0,1
AST-004429,Asset_4429,Server,Finance,0,1,4,2,1495827.094562045,185689.82694599478,2,1
AST-004430,Asset_4430,Workstation,Operations,0,2,2,2,1093572.5499465633,28185.102295597397,1,0
AST-004431,Asset_4431,Workstation,Sales,0,1,2,1,740045.4139141694,27511.10315524116,3,0
AST-004432,Asset_4432,Workstation,HR,0,1,2,1,559276.2949652788,41168.342294349604,0,0
AST-004433,Asset_4433,Workstation,Finance,1,1,1,1,1648909.400677109,71062.1559611973,20,2
AST-004434,Asset_4434,Cloud_Storage,Finance,1,2,1,1,1512715.277225991,85766.25449394072,12,2
AST-004435,Asset_4435,Server,Sales,0,2,1,2,1136799.9509995668,55850.752790964514,2,0
AST-004436,Asset_4436,Server,Sales,0,1,3,2,706981.5977374406,64406.806045841855,4,0
AST-004437,Asset_4437,Database,Engineering,0,2,1,2,2678671.0117628397,168191.37852051828,3,0
AST-004438,Asset_4438,Workstation,HR,1,4,1,2,4972919.151595921,46701.831183427625,15,1
AST-004439,Asset_4439,Cloud_Storage,Operations,0,1,4,3,869386.0294863805,100517.77449615848,2,0
AST-004440,Asset_4440,Server,Engineering,0,3,2,1,5743208.763303581,75942.42273200436,5,1
AST-004441,Asset_4441,Network_Device,Operations,0,2,1,1,3564426.597055937,24954.29154635889,1,0
AST-004442,Asset_4442,Network_Device,Operations,0,1,3,3,971691.4094328462,253569.05166491942,1,0
AST-004443,Asset_4443,Server,Operations,0,1,1,1,1211857.8979573369,54146.49378751059,0,0
AST-004444,Asset_4444,Database,Engineering,1,2,2,1,2550469.576825591,50281.48680316155,16,3
AST-004445,Asset_4445,Workstation,Finance,0,3,2,2,4902790.987114939,44345.9362740112,3,0
AST-004446,Asset_4446,Cloud_Storage,Sales,1,1,1,1,1141919.8322611912,71169.24573065835,17,1
AST-004447,Asset_4447,Server,Finance,0,5,1,3,6598530.739934862,268680.2803088606,1,0
AST-004448,Asset_4448,Workstation,HR,0,2,1,2,2237696.6928377487,144579.41917174432,4,2
AST-004449,Asset_4449,Database,Engineering,0,1,1,1,1644231.2168466651,38519.61425621668,2,1
AST-004450,Asset_4450,Workstation,HR,1,1,1,2,1333900.9791320057,145783.75991761097,15,1
AST-004451,Asset_4451,Workstation,Sales,1,1,5,2,1741670.9152157572,111789.64265601497,12,2
AST-004452,Asset_4452,Workstation,Sales,0,2,2,1,1161207.3661891546,86835.73945135385,2,1
AST-004453,Asset_4453,Network_Device,Marketing,1,2,4,3,3712919.0822741636,154104.71680100166,19,2
AST-004454,Asset_4454,Network_Device,HR,0,3,2,2,5187257.002396603,62714.47734029103,3,1
AST-004455,Asset_4455,Network_Device,Finance,0,3,2,2,5183271.13265071,38226.11985214111,3,0
AST-004456,Asset_4456,Server,HR,0,1,1,1,710463.2589876038,35296.00856450161,1,0
AST-004457,Asset_4457,Workstation,Engineering,1,2,1,2,1790418.624542757,121437.17945024515,14,2
AST-004458,Asset_4458,Server,Sales,0,1,2,2,1970392.4385278702,50607.655506596595,0,0
AST-004459,Asset_4459,Workstation,Sales,0,1,4,2,1925412.5895982261,27157.00410768096,4,0
AST-004460,Asset_4460,Workstation,HR,0,3,1,3,2519451.0293524223,151187.62408606912,2,1
AST-004461,Asset_4461,Workstation,HR,0,1,2,2,1149354.0052346233,82537.78134835474,1,0
AST-004462,Asset_4462,Workstation,Operations,0,3,1,2,2201743.9838456893,95670.3125060049,1,1
AST-004463,Asset_4463,Cloud_Storage,HR,0,5,2,4,4469786.2891830765,203488.02782133143,2,0
AST-004464,Asset_4464,Server,Operations,0,2,2,2,1554185.4797371044,157892.6847317606,2,0
AST-004465,Asset_4465,Workstation,Engineering,1,1,3,2,621405.5473028169,192966.8339522585,10,6
AST-004466,Asset_4466,Database,Engineering,0,1,1,1,1369218.298847101,33605.59935812818,0,0
AST-004467,Asset_4467,Server,Finance,0,1,1,1,861178.5391200349,94815.89915687073,1,0
AST-004468,Asset_4468,Server,HR,0,2,2,2,3976721.358897957,61107.61164292267,1,0
AST-004469,Asset_4469,Cloud_Storage,Finance,0,3,5,4,3819478.879186254,311780.2383749042,3,0
AST-004470,Asset_4470,Network_Device,Marketing,1,2,1,2,2077282.9613156784,142642.28873080364,11,0
AST-004471,Asset_4471,Cloud_Storage,Engineering,0,3,2,3,5609229.771312633,44099.998449043684,4,2
AST-004472,Asset_4472,Cloud_Storage,Sales,1,3,2,2,4293357.796713831,150485.92454584775,16,1
AST-004473,Asset_4473,Server,Operations,1,4,1,3,2762472.9150030306,273303.1267513416,18,9
AST-004474,Asset_4474,Database,Marketing,1,1,3,2,1246730.6847685413,187440.01341411608,12,2
AST-004475,Asset_4475,Workstation,Sales,0,4,1,2,4646474.904574752,143334.81279112946,2,0
AST-004476,Asset_4476,Workstation,Marketing,0,2,3,2,3295396.205224722,161585.84657073632,3,1
AST-004477,Asset_4477,Workstation,Finance,0,1,2,1,1540666.5075532491,16438.76650167829,1,1
AST-004478,Asset_4478,Database,Finance,1,5,2,3,5280934.895732641,73538.21445734773,15,6
AST-004479,Asset_4479,Workstation,Operations,0,5,1,3,6021094.907331217,100869.50886016135,1,0
AST-004480,Asset_4480,Workstation,Engineering,0,2,4,2,2556364.1904210225,115640.90711006074,1,0
AST-004481,Asset_4481,Server,Operations,0,3,1,2,3401074.19105331,89524.05418909213,3,1
AST-004482,Asset_4482,Workstation,Sales,0,1,2,2,661582.061047872,138284.30644792615,1,1
AST-004483,Asset_4483,Workstation,Marketing,1,2,3,3,3716337.639267614,150335.97248624172,15,4
AST-004484,Asset_4484,Workstation,Operations,0,1,2,1,1508839.9869417003,79752.00163155886,2,0
AST-004485,Asset_4485,Server,HR,0,2,1,2,2409160.7461146484,148445.85476064013,2,0
AST-004486,Asset_4486,Workstation,HR,0,2,5,3,2708760.8374617165,231765.9773562405,1,0
AST-004487,Asset_4487,Server,Engineering,0,1,1,1,819745.4258977706,84596.39232859937,2,2
AST-004488,Asset_4488,Database,Operations,1,2,4,3,2591668.9983357415,255240.05201791466,15,2
AST-004489,Asset_4489,Workstation,Sales,1,1,1,2,1619041.666545224,160319.42849061653,13,2
AST-004490,Asset_4490,Workstation,HR,0,1,1,1,1300511.5467702677,15933.392400644427,1,0
AST-004491,Asset_4491,Server,Engineering,0,1,1,1,1220998.0589849306,66088.30163285314,1,0
AST-004492,Asset_4492,Workstation,Operations,0,2,1,1,2387157.0114771035,11781.048878358397,3,1
AST-004493,Asset_4493,Workstation,Engineering,1,1,1,1,1642434.1898250477,76938.31356713241,15,1
AST-004494,Asset_4494,Workstation,Sales,1,1,1,1,1630009.504380988,15495.196593328974,20,2
AST-004495,Asset_4495,Workstation,HR,1,1,5,3,1625105.341914595,295468.04867617047,16,4
AST-004496,Asset_4496,Workstation,HR,0,1,3,2,869254.9968683263,130534.0776858739,2,0
AST-004497,Asset_4497,Workstation,HR,1,2,1,2,2853684.9035957074,52759.6573331693,12,3
AST-004498,Asset_4498,Server,Finance,1,4,1,2,6673443.878058779,104290.31172166455,13,5
AST-004499,Asset_4499,Server,HR,0,1,2,2,1342841.4040455332,168801.85562949628,0,3
AST-004500,Asset_4500,Workstation,Marketing,0,2,1,2,3336932.0453048353,52399.63338468824,2,0
AST-004501,Asset_4501,Workstation,Finance,1,1,3,2,1781605.0974777895,116619.58467964877,17,9
AST-004502,Asset_4502,Workstation,Operations,0,1,2,1,760835.0893408484,10322.269081831208,2,2
AST-004503,Asset_4503,Server,Finance,0,1,2,3,959511.2383293146,242875.0871962526,2,0
AST-004504,Asset_4504,Server,Finance,0,4,2,3,5607857.863727374,82544.05231112958,6,0
AST-004505,Asset_4505,Workstation,Finance,0,2,2,2,1869035.1590401088,89692.07450052121,3,0
AST-004506,Asset_4506,Server,Engineering,0,2,1,2,3824156.1333125997,115443.86610324826,4,0
AST-004507,Asset_4507,Workstation,Marketing,0,2,1,2,1582402.7197957626,46075.078118694815,2,1
AST-004508,Asset_4508,Server,Sales,1,1,1,1,1035421.9668346791,93400.37621443009,15,4
AST-004509,Asset_4509,Workstation,HR,1,4,2,3,7965837.815408981,156577.65746786378,18,2
AST-004510,Asset_4510,Cloud_Storage,Finance,1,1,2,1,783772.6191093456,30860.520624302688,14,4
AST-004511,Asset_4511,Server,Sales,0,1,3,2,1173226.562086556,152325.69876566142,2,1
AST-004512,Asset_4512,Workstation,Engineering,0,1,1,2,970673.4481154056,180958.41691842093,4,1
AST-004513,Asset_4513,Server,Sales,0,1,2,2,1714698.7858238788,184280.76468927806,0,0
AST-004514,Asset_4514,Workstation,Finance,0,1,1,2,956220.8593198939,97604.10914270811,5,1
AST-004515,Asset_4515,Workstation,Operations,0,2,2,2,1484286.8636257423,84703.02928794849,4,1
AST-004516,Asset_4516,Workstation,Marketing,1,1,3,3,1899702.6955448303,280899.50275162235,11,2
AST-004517,Asset_4517,Workstation,Sales,0,2,3,3,1952207.1285447269,44266.30323116417,0,1
AST-004518,Asset_4518,Network_Device,Finance,0,1,4,2,1612621.2958483838,155097.21920965164,0,1
AST-004519,Asset_4519,Server,Finance,0,5,5,4,4679257.939377612,103903.17744852505,4,2
AST-004520,Asset_4520,Server,HR,0,1,3,2,767872.4472220617,103790.23247019504,3,1
AST-004521,Asset_4521,Network_Device,Operations,1,2,1,1,3407236.547696493,95832.3026379345,13,6
AST-004522,Asset_4522,Workstation,HR,1,3,1,2,1750118.942864519,124606.66266243605,16,1
AST-004523,Asset_4523,Network_Device,Operations,0,1,2,2,997959.2855533047,114219.33522653933,0,0
AST-004524,Asset_4524,Workstation,Marketing,0,1,5,4,1670122.501372651,62248.273093296404,3,2
AST-004525,Asset_4525,Network_Device,HR,0,1,2,1,1268206.2823903332,34960.649238981474,1,0
AST-004526,Asset_4526,Workstation,Marketing,1,1,1,2,1534360.7263173568,20549.19852619896,13,3
AST-004527,Asset_4527,Workstation,Engineering,0,1,4,3,600225.3608332769,266251.5483847162,2,0
AST-004528,Asset_4528,Cloud_Storage,Engineering,0,2,1,1,3249429.972896873,68036.9209847851,2,0
AST-004529,Asset_4529,Workstation,Operations,0,2,2,1,1515821.2167978438,20622.489873503924,2,1
AST-004530,Asset_4530,Server,Operations,0,2,3,3,3426112.108443565,128137.62602823405,3,0
AST-004531,Asset_4531,Server,HR,0,1,3,2,1346262.0802974012,166054.76141528183,3,0
AST-004532,Asset_4532,Server,Engineering,0,4,3,3,6434970.908259573,67881.86352416748,0,0
AST-004533,Asset_4533,Server,Sales,0,1,3,2,819249.0372728647,61447.754772410815,0,0
AST-004534,Asset_4534,Database,Sales,0,1,2,3,1093138.2596581755,176179.76124275476,6,0
AST-004535,Asset_4535,Workstation,Sales,1,1,2,2,1703103.99868259,46090.39633086676,7,4
AST-004536,Asset_4536,Workstation,Engineering,0,1,2,1,1866206.7414560355,44443.570508922145,3,1
AST-004537,Asset_4537,Workstation,Sales,0,2,3,2,1679716.5858906556,196782.99103236358,1,0
AST-004538,Asset_4538,Workstation,Marketing,1,2,1,1,3380180.979909441,58946.619657469855,19,7
AST-004539,Asset_4539,Server,Finance,1,2,1,2,1325665.5350901454,146275.00062455557,17,5
AST-004540,Asset_4540,Server,Operations,0,2,1,1,2277245.984562963,69695.2943426187,3,0
AST-004541,Asset_4541,Server,HR,0,5,2,3,9540397.498850541,87163.32673194597,1,0
AST-004542,Asset_4542,Workstation,Marketing,0,2,1,1,3835409.457062512,86150.20482209479,5,0
AST-004543,Asset_4543,Server,Sales,1,2,3,3,1890046.6061182816,62953.54188694918,21,2
AST-004544,Asset_4544,Server,Finance,1,1,1,1,789370.1098728837,92943.56216513774,17,3
AST-004545,Asset_4545,Workstation,HR,0,1,1,1,724229.5556953012,29446.469043179422,1,1
AST-004546,Asset_4546,Network_Device,Marketing,0,2,1,2,2442625.7607128816,191853.9715668379,1,2
AST-004547,Asset_4547,Server,HR,0,1,2,1,638115.2393241993,81816.71168320104,3,1
AST-004548,Asset_4548,Workstation,Operations,0,2,1,2,2070559.1573653326,50776.98355191713,2,1
AST-004549,Asset_4549,Workstation,Engineering,0,1,1,1,525516.6748927153,24436.242151963,3,1
AST-004550,Asset_4550,Workstation,Sales,0,3,4,4,2667291.499429208,70430.59808560096,1,1
AST-004551,Asset_4551,Cloud_Storage,Marketing,0,5,3,4,9252076.764217997,129047.9401682982,2,1
AST-004552,Asset_4552,Server,Marketing,0,1,4,3,1170467.5899993437,207958.82410053353,5,0
AST-004553,Asset_4553,Server,Finance,0,3,2,3,1831854.5057979566,170481.66402590708,2,0
AST-004554,Asset_4554,Network_Device,Finance,0,4,4,4,5881020.727165394,260806.28436330069,3,0
AST-004555,Asset_4555,Workstation,Finance,0,5,3,3,9667251.705183737,38407.9631130365,5,0
AST-004556,Asset_4556,Workstation,HR,0,1,5,3,1195111.4372085026,51592.27298958415,1,2
AST-004557,Asset_4557,Workstation,Sales,1,3,1,2,4309295.372284706,144555.32830851054,16,2
AST-004558,Asset_4558,Workstation,HR,0,1,1,2,1879127.010241344,172623.5018087729,3,0
AST-004559,Asset_4559,Cloud_Storage,Sales,1,2,1,2,2257298.271687883,84695.91984149656,20,3
AST-004560,Asset_4560,Cloud_Storage,Marketing,0,3,4,4,4490640.626000037,99933.66687145548,4,0
AST-004561,Asset_4561,Workstation,HR,1,3,2,2,3483169.2342513786,75503.9930114416,12,6
AST-004562,Asset_4562,Server,HR,1,1,2,2,1943196.4647885421,94165.39372407804,11,5
AST-004563,Asset_4563,Network_Device,HR,0,3,2,3,3767107.078374683,200136.70054321535,3,0
AST-004564,Asset_4564,Server,Engineering,0,2,3,3,3656958.684278292,140557.82463809295,5,1
AST-004565,Asset_4565,Server,Operations,0,1,4,2,1260797.747667506,181467.40242269877,5,0
AST-004566,Asset_4566,Network_Device,Sales,1,2,3,2,3005158.2483847975,92218.23105121763,11,3
AST-004567,Asset_4567,Server,Sales,0,4,3,5,4316848.923149089,131618.08353375315,1,1
AST-004568,Asset_4568,Server,HR,0,5,1,3,9381663.000446685,97053.04380847995,3,0
AST-004569,Asset_4569,Server,Engineering,0,3,2,3,4411239.661447772,155594.89074430917,0,0
AST-004570,Asset_4570,Network_Device,HR,1,1,4,2,529868.4948253664,160843.28148222738,11,3
AST-004571,Asset_4571,Workstation,Sales,0,1,3,2,523461.7602743598,176493.2359655327,4,0
AST-004572,Asset_4572,Workstation,Operations,0,1,2,2,1514266.2775906015,53352.32949263063,3,0
AST-004573,Asset_4573,Server,Operations,0,1,1,1,671403.2934015531,10312.471694662974,1,0
AST-004574,Asset_4574,Workstation,Marketing,0,1,1,1,1574246.6190497999,88246.79305303964,1,1
AST-004575,Asset_4575,Workstation,Engineering,0,1,1,1,983025.1696764783,30537.682036778813,4,1
AST-004576,Asset_4576,Database,Operations,0,1,2,2,1308379.5171373123,167899.29316454154,1,0
AST-004577,Asset_4577,Workstation,Engineering,1,4,2,3,3046397.525201641,178701.9355495609,15,2
AST-004578,Asset_4578,Server,HR,1,2,4,3,1738665.3952139332,139111.1966068357,14,4
AST-004579,Asset_4579,Cloud_Storage,Marketing,1,3,2,3,3466129.881050551,69624.41391014161,14,4
AST-004580,Asset_4580,Workstation,Sales,0,1,1,1,1498216.3658330552,70483.3381074625,4,2
AST-004581,Asset_4581,Cloud_Storage,Operations,1,2,1,1,1467194.9099127515,83634.16311546873,18,1
AST-004582,Asset_4582,Database,Operations,0,1,3,1,921924.7036799688,51498.47038901131,1,0
AST-004583,Asset_4583,Workstation,Finance,0,2,2,3,1620887.2056727018,150515.943931514,1,0
AST-004584,Asset_4584,Workstation,Sales,1,2,2,2,3588022.9263413576,155950.23782953463,19,0
AST-004585,Asset_4585,Workstation,Operations,1,2,2,2,2944019.480387477,110021.35034273734,16,3
AST-004586,Asset_4586,Cloud_Storage,Operations,0,3,1,2,3608230.815861307,161410.26525484485,1,0
AST-004587,Asset_4587,Database,Sales,1,4,1,2,7681658.325297698,29740.955539429982,10,5
AST-004588,Asset_4588,Server,Marketing,1,2,1,3,3207478.8861793024,261560.2666487574,14,1
AST-004589,Asset_4589,Workstation,Engineering,0,1,1,1,1898339.1705199096,33586.357989897166,1,0
AST-004590,Asset_4590,Workstation,Sales,0,4,2,3,5585557.761354516,75682.54833859057,6,1
AST-004591,Asset_4591,Workstation,Engineering,1,3,2,2,2121256.100810441,25812.831344579485,17,5
AST-004592,Asset_4592,Server,Marketing,0,2,5,3,3026281.31933567,255199.7367416834,3,0
AST-004593,Asset_4593,Workstation,Marketing,0,3,4,4,2406710.2229558327,61641.5047152606,1,1
AST-004594,Asset_4594,Database,HR,1,1,2,1,1018952.8875016038,95898.73742356511,17,0
AST-004595,Asset_4595,Workstation,Finance,0,1,2,2,1264426.900719353,121671.56289534869,2,0
AST-004596,Asset_4596,Workstation,Marketing,0,1,2,1,736048.9730925511,72881.48664344418,2,0
AST-004597,Asset_4597,Workstation,Marketing,0,1,1,1,531172.0742741724,75277.93798510148,1,0
AST-004598,Asset_4598,Server,Engineering,0,2,5,4,1981257.8196120947,145366.4159555894,1,0
AST-004599,Asset_4599,Workstation,Marketing,1,1,2,1,1736473.6536326779,82581.25131187089,22,2
AST-004600,Asset_4600,Server,Sales,0,4,4,4,2092279.7672496326,380646.64336905035,2,0
AST-004601,Asset_4601,Server,HR,0,2,5,3,1328301.7995838404,129859.79959873889,0,0
AST-004602,Asset_4602,Workstation,HR,1,1,2,2,1710282.2851050773,170362.8903159353,21,5
AST-004603,Asset_4603,Cloud_Storage,Sales,1,1,1,1,958777.5544250363,79483.58337797319,22,3
AST-004604,Asset_4604,Database,Operations,0,2,2,2,3814640.543442948,126127.25697152982,1,0
AST-004605,Asset_4605,Workstation,Marketing,1,1,2,2,1070366.2144884474,86170.87603692542,14,2
AST-004606,Asset_4606,Network_Device,Finance,0,3,3,3,5085167.680880022,142100.02934289596,1,1
AST-004607,Asset_4607,Network_Device,Marketing,0,3,1,2,2664554.285679696,75369.5334576031,0,1
AST-004608,Asset_4608,Server,HR,0,2,2,2,1185493.715246521,96728.68653809624,1,0
AST-004609,Asset_4609,Cloud_Storage,Finance,0,1,4,3,1822331.7285713768,297199.2679467995,4,1
AST-004610,Asset_4610,Database,Operations,0,3,5,4,5672834.14042309,170829.31710850197,1,0
AST-004611,Asset_4611,Database,Engineering,0,1,1,1,1562149.4869838273,69895.87781954992,2,0
AST-004612,Asset_4612,Server,Engineering,0,1,4,3,1655101.735394218,116293.73699490927,1,1
AST-004613,Asset_4613,Workstation,Marketing,0,2,1,1,1021382.8602757021,51998.296212004934,3,1
AST-004614,Asset_4614,Server,Marketing,0,4,3,3,6522941.105958835,52618.97957160371,5,0
AST-004615,Asset_4615,Server,Finance,0,1,1,1,1208294.5803332403,78691.08123060809,1,1
AST-004616,Asset_4616,Database,Finance,0,4,5,5,4716742.7276855465,347461.0012555416,1,0
AST-004617,Asset_4617,Network_Device,Operations,0,1,2,2,1310104.8807056318,82547.30146700202,3,1
AST-004618,Asset_4618,Network_Device,Marketing,0,1,1,1,906815.324314324,57236.02139474965,0,1
AST-004619,Asset_4619,Database,HR,0,2,1,1,3088865.6644327063,88499.96524261823,4,0
AST-004620,Asset_4620,Network_Device,Engineering,0,1,1,1,943383.3080405117,13998.944409495409,2,0
AST-004621,Asset_4621,Network_Device,Operations,0,1,2,2,1337909.9569510703,187438.96941459115,2,0
AST-004622,Asset_4622,Workstation,Finance,1,1,4,3,705390.8432173025,157115.89266754215,12,3
AST-004623,Asset_4623,Server,HR,1,1,3,2,1512613.4526752015,174737.97299117537,19,4
AST-004624,Asset_4624,Workstation,Marketing,1,1,3,2,784419.1468324482,175066.92644528692,17,4
AST-004625,Asset_4625,Cloud_Storage,Sales,0,3,3,3,2266862.935866386,45852.31473660459,0,0
AST-004626,Asset_4626,Workstation,Finance,0,3,5,3,1609274.2306621498,241030.534411445,4,1
AST-004627,Asset_4627,Database,Operations,0,5,3,5,3413393.3182736095,379790.32374193106,5,0
AST-004628,Asset_4628,Workstation,Sales,1,3,1,2,2546566.1028551976,27774.838460856794,18,3
AST-004629,Asset_4629,Workstation,HR,0,2,3,2,1666928.0820682782,189296.81666417018,2,0
AST-004630,Asset_4630,Workstation,Engineering,0,2,1,1,1983014.2878349973,67109.34124481265,3,2
AST-004631,Asset_4631,Server,HR,0,4,5,5,2326498.508462719,125390.30387449036,2,1
AST-004632,Asset_4632,Database,Engineering,1,1,1,1,1902797.0277799,21078.74749334848,11,4
AST-004633,Asset_4633,Network_Device,HR,0,1,1,2,678763.8190215271,121155.13862253606,3,0
AST-004634,Asset_4634,Network_Device,Finance,0,3,1,2,4658837.455329022,30590.16760456584,3,0
AST-004635,Asset_4635,Server,Finance,1,1,2,2,1302609.7547743013,49593.74505319588,15,3
AST-004636,Asset_4636,Cloud_Storage,Operations,0,4,1,2,5316732.829484869,190721.3970035561,2,0
AST-004637,Asset_4637,Database,Sales,0,2,5,3,1316550.4765622993,231080.03185625502,0,0
AST-004638,Asset_4638,Workstation,HR,0,1,1,1,864822.4132421897,65214.02008501145,2,0
AST-004639,Asset_4639,Workstation,HR,0,3,1,2,5009465.825108515,57587.532459993534,1,0
AST-004640,Asset_4640,Network_Device,Sales,0,1,1,1,1195529.6874068833,29666.4229822215,1,2
AST-004641,Asset_4641,Cloud_Storage,Marketing,0,5,1,3,5928008.62965293,150373.9176389895,1,0
AST-004642,Asset_4642,Database,Operations,0,5,2,4,6594338.469671009,311459.5357799222,2,0
AST-004643,Asset_4643,Network_Device,HR,1,2,1,1,2301417.6655276967,10353.66436733525,18,3
AST-004644,Asset_4644,Server,Operations,0,1,1,1,1709203.8965921544,13984.773999487883,2,1
AST-004645,Asset_4645,Workstation,HR,0,1,1,1,1623057.7968330684,88310.04586824829,2,1
AST-004646,Asset_4646,Workstation,HR,0,2,1,1,1951012.6505835378,83265.91138384353,0,2
AST-004647,Asset_4647,Workstation,Marketing,1,4,3,3,6872486.678730217,217563.91104224473,15,2
AST-004648,Asset_4648,Server,Finance,0,1,2,3,1277909.6451918776,164873.64315598167,4,0
AST-004649,Asset_4649,Network_Device,Operations,0,1,1,1,1441605.2498549407,23061.410008875333,3,1
AST-004650,Asset_4650,Server,Sales,0,1,1,1,1799263.7478392236,19200.98721658224,2,0
AST-004651,Asset_4651,Server,Operations,0,2,2,2,2427979.747736217,182967.73894874775,3,0
AST-004652,Asset_4652,Workstation,Marketing,0,4,1,2,6537562.175317147,88853.93111743998,1,0
AST-004653,Asset_4653,Workstation,Engineering,1,1,2,1,1442131.0386575665,72615.03555294107,15,1
AST-004654,Asset_4654,Network_Device,Engineering,0,1,5,3,1140117.4119463242,153173.48221767822,1,0
AST-004655,Asset_4655,Database,Marketing,1,2,1,1,3367145.0991338575,75783.60278863674,15,1
AST-004656,Asset_4656,Server,Marketing,0,3,1,1,1973216.0304159864,27397.799322371433,2,0
AST-004657,Asset_4657,Network_Device,Finance,1,3,1,1,4115490.9778866656,53611.11272509595,12,2
AST-004658,Asset_4658,Workstation,Operations,0,3,2,3,1708848.4081760498,131753.91531036858,2,1
AST-004659,Asset_4659,Server,Operations,0,1,1,1,734253.6916320099,32054.833043035098,2,2
AST-004660,Asset_4660,Workstation,Engineering,0,1,2,1,1398310.456116699,63794.002402165504,2,0
AST-004661,Asset_4661,Workstation,Sales,0,5,4,4,4807050.224495875,233310.38596623164,3,0
AST-004662,Asset_4662,Workstation,Operations,1,5,1,1,4468562.415597592,54612.21072908433,12,0
AST-004663,Asset_4663,Workstation,HR,0,2,1,1,3867516.07620836,63199.24634296996,0,0
AST-004664,Asset_4664,Network_Device,HR,0,3,3,3,3146575.302999478,68483.30780471853,1,0
AST-004665,Asset_4665,Network_Device,Finance,0,5,1,3,6735561.026693547,130048.05023046961,1,0
AST-004666,Asset_4666,Workstation,Finance,1,2,1,2,2602746.3138336064,78441.36921516675,18,3
AST-004667,Asset_4667,Server,Engineering,0,1,2,2,593027.634706975,158451.57573562147,2,0
AST-004668,Asset_4668,Network_Device,Sales,1,2,1,2,3022827.215081509,26430.33348987933,9,3
AST-004669,Asset_4669,Workstation,Sales,1,5,3,5,6346759.897531541,176868.9917832365,18,5
AST-004670,Asset_4670,Workstation,Marketing,1,2,1,2,2144251.3503947845,185292.97583317067,8,0
AST-004671,Asset_4671,Database,Finance,0,3,2,3,1797075.672298172,111094.67520714444,0,2
AST-004672,Asset_4672,Network_Device,Operations,0,2,3,3,1879041.9549601434,71012.85839763824,1,0
AST-004673,Asset_4673,Workstation,HR,0,1,1,1,1826143.063708999,78161.08567819443,2,1
AST-004674,Asset_4674,Server,Operations,1,1,1,1,760567.0599612037,14305.977147732134,18,5
AST-004675,Asset_4675,Workstation,HR,1,5,1,3,4145002.2981371568,145106.35946576798,12,6
AST-004676,Asset_4676,Network_Device,Engineering,0,2,4,3,1615882.0932093142,260946.5951041673,4,0
AST-004677,Asset_4677,Server,HR,1,1,3,1,1836207.2288852504,95868.53296428174,14,4
AST-004678,Asset_4678,Cloud_Storage,Operations,0,5,1,2,7749966.120387451,64823.556251619964,4,2
AST-004679,Asset_4679,Workstation,Operations,0,2,3,2,3645529.189164406,73316.40207853066,2,0
AST-004680,Asset_4680,Workstation,Sales,0,3,3,3,5611859.2494457485,183157.79831723394,1,2
AST-004681,Asset_4681,Server,Sales,1,2,5,4,3783902.6054796693,121558.5610006364,16,5
AST-004682,Asset_4682,Server,Finance,1,1,1,1,1228573.419251067,23566.96598888117,17,6
AST-004683,Asset_4683,Cloud_Storage,Operations,1,2,4,3,2428671.5531756887,145015.00798565,13,6
AST-004684,Asset_4684,Server,Engineering,1,5,2,3,8716921.30192575,49506.981477387744,20,1
AST-004685,Asset_4685,Workstation,HR,0,1,4,3,997890.01122797,271439.3922225394,0,1
AST-004686,Asset_4686,Database,Finance,1,3,1,3,1599950.0828396566,120233.08792424448,20,1
AST-004687,Asset_4687,Server,Marketing,0,1,1,1,997321.5755229807,40265.57121819873,5,0
AST-004688,Asset_4688,Server,Marketing,1,1,3,2,1574525.495608016,162447.1603722322,11,0
AST-004689,Asset_4689,Workstation,HR,1,1,3,1,685421.0774181039,40739.35216653602,11,0
AST-004690,Asset_4690,Cloud_Storage,HR,0,4,1,2,6708685.147393457,156963.2342516808,4,0
AST-004691,Asset_4691,Database,HR,0,2,2,2,3446422.9523387467,52623.56252163295,0,0
AST-004692,Asset_4692,Database,Sales,0,2,1,2,1302737.0981030278,115217.90073740695,3,0
AST-004693,Asset_4693,Database,HR,1,3,1,3,1940276.7890224434,237498.096764385,19,0
AST-004694,Asset_4694,Workstation,Marketing,0,1,1,1,798218.2197994257,50490.91927243684,0,0
AST-004695,Asset_4695,Workstation,HR,0,1,1,1,1034584.0898812981,16463.193757131103,5,1
AST-004696,Asset_4696,Network_Device,Operations,1,1,2,1,1299100.3528949327,76321.21147368234,12,2
AST-004697,Asset_4697,Workstation,Engineering,0,2,1,2,2456625.994162322,108930.16888365525,1,1
AST-004698,Asset_4698,Workstation,Marketing,0,2,1,1,3559505.4615761596,38477.45108000112,1,0
AST-004699,Asset_4699,Server,Engineering,0,4,4,4,2853391.92246062,397406.4645474353,4,0
AST-004700,Asset_4700,Cloud_Storage,Marketing,0,2,1,2,3092718.166595708,177693.000609364,5,1
AST-004701,Asset_4701,Server,Finance,1,1,2,1,1323329.877827595,13404.029462311268,15,2
AST-004702,Asset_4702,Server,Operations,0,3,4,3,4815711.704229999,190286.58814276283,2,0
AST-004703,Asset_4703,Workstation,Marketing,0,1,1,2,1012919.6402436558,83822.37161325468,5,0
AST-004704,Asset_4704,Workstation,Operations,0,4,1,3,4828277.772367267,40099.401041393496,5,1
AST-004705,Asset_4705,Workstation,Marketing,0,1,2,1,542889.4837791012,11016.732423620744,0,0
AST-004706,Asset_4706,Workstation,Engineering,1,1,2,1,674158.8636154694,62538.20042540426,17,5
AST-004707,Asset_4707,Workstation,Engineering,1,2,2,2,2124986.835885495,77623.51868482202,20,2
AST-004708,Asset_4708,Server,Marketing,0,1,2,3,1221882.1116726818,219895.37574726625,6,0
AST-004709,Asset_4709,Network_Device,Marketing,0,1,4,3,628620.3395964695,152693.74728182695,0,0
AST-004710,Asset_4710,Workstation,Sales,0,2,1,2,3474964.747381917,157969.5606641612,2,0
AST-004711,Asset_4711,Workstation,Operations,0,1,3,2,1919078.543500373,166351.7422415359,1,0
AST-004712,Asset_4712,Workstation,Operations,0,1,1,2,1394596.216769903,138302.19290193048,7,1
AST-004713,Asset_4713,Server,Operations,1,1,1,1,580102.8818250706,47617.53476239824,13,5
AST-004714,Asset_4714,Workstation,Operations,0,2,1,2,3216478.6727134334,197925.90506212885,1,0
AST-004715,Asset_4715,Workstation,Finance,0,1,2,2,825745.5684285131,75203.36853287212,4,0
AST-004716,Asset_4716,Database,Finance,0,1,3,2,1600477.5381541443,112624.28019995605,3,0
AST-004717,Asset_4717,Workstation,HR,0,2,1,1,2303038.045402389,56836.36921803412,1,0
AST-004718,Asset_4718,Cloud_Storage,Marketing,1,3,1,2,1740419.9531015935,97100.99322700617,21,3
AST-004719,Asset_4719,Workstation,Marketing,0,2,1,1,1836246.817468483,20927.37872038955,0,0
AST-004720,Asset_4720,Cloud_Storage,Marketing,0,1,1,1,1140544.9401864144,41854.78829981772,1,0
AST-004721,Asset_4721,Database,Marketing,0,1,3,3,1604375.5124651785,88101.23139342736,1,0
AST-004722,Asset_4722,Server,Operations,1,2,3,3,1399207.845490091,272961.44211812946,11,5
AST-004723,Asset_4723,Server,Operations,0,4,3,3,3722010.0639680033,206951.27241253477,2,0
AST-004724,Asset_4724,Workstation,Finance,1,2,2,1,1250611.8427115737,35903.27656502026,16,3
AST-004725,Asset_4725,Server,Engineering,0,1,2,1,1423710.4819542123,60915.93608956858,0,2
AST-004726,Asset_4726,Server,Sales,1,1,1,1,1211407.2483916967,86788.67699442226,7,6
AST-004727,Asset_4727,Cloud_Storage,Operations,1,4,2,3,7574029.672238232,282297.3135479113,16,4
AST-004728,Asset_4728,Network_Device,Operations,0,3,2,3,4832488.51428037,50259.60198306595,3,1
AST-004729,Asset_4729,Workstation,Operations,1,1,5,4,1666831.0438414412,323287.0605962889,16,2
AST-004730,Asset_4730,Server,Engineering,0,1,5,3,746588.8630351261,290903.1846032804,1,0
AST-004731,Asset_4731,Server,Engineering,0,4,4,4,3599735.12307614,208208.48880540836,5,1
AST-004732,Asset_4732,Server,Finance,0,1,1,1,1269709.3150789142,99598.06090196797,1,2
AST-004733,Asset_4733,Workstation,Operations,0,2,1,2,1040453.502652066,192274.0383550031,1,0
AST-004734,Asset_4734,Cloud_Storage,Sales,0,3,4,4,5415576.64621141,276480.88531275326,2,0
AST-004735,Asset_4735,Workstation,Marketing,1,1,3,2,1666610.5729907763,172570.0519446027,17,2
AST-004736,Asset_4736,Server,Operations,1,1,3,2,586909.5277928237,73381.36120185017,11,1
AST-004737,Asset_4737,Workstation,Finance,0,1,1,1,1773550.867959667,92571.72852910419,2,0
AST-004738,Asset_4738,Database,Finance,1,4,3,3,2026928.6889089488,189810.05975471233,23,4
AST-004739,Asset_4739,Database,Sales,0,2,2,3,1342657.9556145633,167609.7087736085,1,0
AST-004740,Asset_4740,Workstation,HR,0,3,2,2,1749140.4883096057,170419.11760830256,3,1
AST-004741,Asset_4741,Workstation,Finance,1,2,4,4,2437479.7955221226,360217.97627791186,12,4
AST-004742,Asset_4742,Server,Engineering,0,4,1,3,6704298.679513366,219337.2480623707,2,2
AST-004743,Asset_4743,Server,Engineering,0,4,2,3,3071234.9710309403,36759.796472048634,2,1
AST-004744,Asset_4744,Cloud_Storage,Marketing,1,2,2,2,3314459.3834074773,127497.10550620664,16,2
AST-004745,Asset_4745,Server,Finance,0,1,2,1,777387.1732409268,83949.03067459824,3,0
AST-004746,Asset_4746,Server,Marketing,0,2,1,1,3971609.018612991,59074.240482500405,1,0
AST-004747,Asset_4747,Server,Finance,0,2,2,2,3560423.6029001847,188274.5558258147,3,0
AST-004748,Asset_4748,Server,Sales,0,2,2,2,3211560.3214692613,181517.1294542067,2,2
AST-004749,Asset_4749,Database,Operations,1,3,2,2,4162597.9039119375,115341.72532503794,17,5
AST-004750,Asset_4750,Network_Device,Finance,0,1,3,2,863822.295407431,92689.54269502091,1,0
AST-004751,Asset_4751,Database,HR,0,1,1,1,678901.4329734204,14956.880566755757,0,0
AST-004752,Asset_4752,Workstation,Engineering,0,2,4,4,2380920.2560145734,267735.1875175288,0,0
AST-004753,Asset_4753,Workstation,Sales,0,1,2,2,1103990.3813579855,67873.64694085863,1,3
AST-004754,Asset_4754,Workstation,Operations,0,2,2,2,3023442.7690799586,140321.41619700592,5,0
AST-004755,Asset_4755,Network_Device,Operations,0,5,1,2,3775673.1350508565,163777.02273279283,1,2
AST-004756,Asset_4756,Network_Device,Engineering,0,2,1,2,2686385.4011023613,93564.83193488108,6,0
AST-004757,Asset_4757,Server,Operations,0,4,3,4,6160101.284901941,45610.505832400944,3,0
AST-004758,Asset_4758,Workstation,Marketing,0,3,1,1,2845348.164179747,87872.80898475948,1,1
AST-004759,Asset_4759,Workstation,Sales,1,3,5,5,5010064.219868835,297053.1987242011,12,3
AST-004760,Asset_4760,Cloud_Storage,HR,1,2,1,1,2295528.620563907,38331.22939625237,14,2
AST-004761,Asset_4761,Workstation,Engineering,1,1,4,3,743946.6438165501,201124.93221150668,21,3
AST-004762,Asset_4762,Cloud_Storage,Finance,0,2,2,2,1584310.1409042992,141390.94272316125,0,0
AST-004763,Asset_4763,Workstation,Finance,0,1,2,1,918347.6178550739,23272.00361198109,1,0
AST-004764,Asset_4764,Server,Finance,1,5,1,4,3685947.0202123863,272704.550862173,21,2
AST-004765,Asset_4765,Workstation,Sales,0,1,1,1,1344379.3501049392,35801.828260431204,1,0
AST-004766,Asset_4766,Cloud_Storage,HR,0,1,1,1,1923711.7612927544,82326.23189728637,1,1
AST-004767,Asset_4767,Network_Device,Operations,1,2,2,2,3688219.2377014305,189471.90435570208,17,0
AST-004768,Asset_4768,Server,HR,1,2,2,2,1971261.9519503214,38480.126194033204,13,3
AST-004769,Asset_4769,Workstation,HR,1,1,3,2,1797003.9825958838,185124.40354451118,12,3
AST-004770,Asset_4770,Database,Engineering,1,1,4,2,1931034.4421750794,182620.27552210863,12,4
AST-004771,Asset_4771,Server,Sales,0,3,2,2,2823752.131499027,81723.37118735127,1,1
AST-004772,Asset_4772,Workstation,Finance,0,2,1,2,3715854.6399043053,25190.392814553372,0,1
AST-004773,Asset_4773,Server,Engineering,1,1,1,1,1996143.5965113123,69690.28479128596,13,1
AST-004774,Asset_4774,Network_Device,Operations,0,2,3,3,3393015.428493523,123072.01789478114,3,0
AST-004775,Asset_4775,Database,HR,1,1,1,1,1085334.9799687322,27248.27465392504,11,3
AST-004776,Asset_4776,Network_Device,Finance,0,1,2,1,1412812.406891339,19770.801026018402,2,0
AST-004777,Asset_4777,Server,Sales,0,5,1,3,5231399.868517212,82927.11775239235,1,0
AST-004778,Asset_4778,Database,Marketing,1,1,1,1,1993941.92503062,31372.0149191095,18,2
AST-004779,Asset_4779,Server,HR,0,1,2,2,601779.8565569079,163248.59339806545,4,0
AST-004780,Asset_4780,Server,HR,1,5,2,4,9198102.438022397,322175.000481767,23,1
AST-004781,Asset_4781,Server,HR,0,3,2,3,1835466.5995911239,163491.83573103772,0,1
AST-004782,Asset_4782,Server,HR,1,1,2,3,563296.7342360509,179397.82972261275,8,3
AST-004783,Asset_4783,Workstation,Finance,0,2,1,2,3819818.549600639,185206.9703356206,3,0
AST-004784,Asset_4784,Server,Sales,0,4,1,3,7203691.624731749,275170.8525266477,0,0
AST-004785,Asset_4785,Workstation,Engineering,0,1,2,2,1042342.6179241986,169161.28455632977,2,1
AST-004786,Asset_4786,Database,Finance,0,2,2,2,3872596.5649539502,87369.2831299188,1,0
AST-004787,Asset_4787,Network_Device,Sales,1,2,1,1,3585570.632990812,42989.71579976866,11,4
AST-004788,Asset_4788,Cloud_Storage,Engineering,0,2,2,2,3705948.627266414,179818.8773147503,1,0
AST-004789,Asset_4789,Workstation,HR,0,2,2,2,2785346.4587758724,186772.44190899364,0,0
AST-004790,Asset_4790,Database,Sales,0,2,1,1,3874985.6086528217,81860.918223837,2,1
AST-004791,Asset_4791,Server,HR,0,1,3,2,1714373.3116078104,156284.4821123271,2,0
AST-004792,Asset_4792,Cloud_Storage,Sales,0,3,2,2,5729787.8719667755,120469.52256227488,1,1
AST-004793,Asset_4793,Server,Operations,0,1,1,1,922266.4031210532,40450.14110330137,3,0
AST-004794,Asset_4794,Server,Marketing,0,2,2,1,2596292.7019990655,31656.931081075727,2,0
AST-004795,Asset_4795,Server,HR,1,2,2,2,3602988.4874460255,45260.894357873934,11,5
AST-004796,Asset_4796,Database,HR,0,3,4,4,4108780.6839001584,302152.6447406539,4,1
AST-004797,Asset_4797,Server,HR,1,2,3,2,3403295.080151984,159856.18725742947,19,6
AST-004798,Asset_4798,Workstation,Operations,0,3,1,3,5878936.354305513,126834.1997983646,3,0
AST-004799,Asset_4799,Server,Finance,0,1,1,2,1706844.2511702303,21087.41438728957,0,0
AST-004800,Asset_4800,Workstation,Engineering,0,2,4,2,1946078.8618350308,188947.3303027574,3,0
AST-004801,Asset_4801,Server,HR,0,3,3,2,2034147.2532639336,98676.07798808037,1,0
AST-004802,Asset_4802,Server,HR,0,4,1,3,3636480.9546873244,293139.58288529614,2,0
AST-004803,Asset_4803,Cloud_Storage,Finance,1,2,1,2,2988373.3647984746,141924.7225881681,17,3
AST-004804,Asset_4804,Server,Finance,0,1,3,1,516416.54197223403,21161.214675238523,3,1
AST-004805,Asset_4805,Network_Device,Marketing,1,1,3,2,784578.0906437503,78851.3974373527,8,2
AST-004806,Asset_4806,Workstation,Sales,0,1,1,1,990353.9677168399,69134.51897002265,5,1
AST-004807,Asset_4807,Server,HR,0,2,2,1,3625674.8308845223,68432.75305257697,3,0
AST-004808,Asset_4808,Cloud_Storage,Sales,0,1,1,2,576506.2225811741,61757.37662796507,1,1
AST-004809,Asset_4809,Server,Finance,1,5,1,3,2874521.198679076,77751.35251981292,18,4
AST-004810,Asset_4810,Network_Device,Finance,0,4,1,2,5310695.290215861,69822.3438986407,0,0
AST-004811,Asset_4811,Server,Marketing,1,1,2,1,766649.3783085428,80820.2784066387,14,3
AST-004812,Asset_4812,Network_Device,Engineering,0,2,3,2,1726645.5404767126,63536.56420019656,2,1
AST-004813,Asset_4813,Server,Operations,0,3,2,2,2329062.4544070647,146320.53042483784,3,2
AST-004814,Asset_4814,Workstation,Operations,0,1,1,1,1372410.7063953946,88299.964909854,1,0
AST-004815,Asset_4815,Workstation,Operations,1,2,4,3,1166643.2488200087,135738.0328420891,10,2
AST-004816,Asset_4816,Cloud_Storage,Finance,1,2,1,2,3820000.085888673,21258.92704220365,16,3
AST-004817,Asset_4817,Cloud_Storage,HR,0,1,3,2,684707.5781192424,45552.39258433307,3,2
AST-004818,Asset_4818,Network_Device,Marketing,1,2,3,2,3854786.5064863414,76141.43610148344,25,3
AST-004819,Asset_4819,Network_Device,Engineering,0,5,1,3,8335967.728481976,81287.64114232549,2,0
AST-004820,Asset_4820,Server,Operations,1,1,1,1,1742023.8293391683,36056.223984850236,11,3
AST-004821,Asset_4821,Server,Marketing,1,2,4,3,1518424.7034568046,176891.33521078108,15,3
AST-004822,Asset_4822,Server,Finance,1,1,2,2,1504470.6304318872,23794.597913778784,13,3
AST-004823,Asset_4823,Database,Operations,1,4,1,3,6902432.907778738,47356.00270589726,16,5
AST-004824,Asset_4824,Database,Engineering,0,4,4,4,5348213.240302287,348066.16067042033,1,0
AST-004825,Asset_4825,Workstation,Sales,0,1,1,2,1326612.0618565897,114017.55273139352,0,0
AST-004826,Asset_4826,Server,Engineering,0,4,1,3,2956480.0190051273,282593.39954418415,1,0
AST-004827,Asset_4827,Workstation,HR,0,1,2,3,1121348.7494053494,30884.414526634933,3,0
AST-004828,Asset_4828,Server,Operations,0,1,2,1,725809.9401899503,10013.607127065598,4,0
AST-004829,Asset_4829,Database,Operations,0,2,1,2,3918573.276130806,153127.38882680488,1,0
AST-004830,Asset_4830,Workstation,Sales,0,1,1,2,1527275.0129456897,105725.48968725541,2,1
AST-004831,Asset_4831,Workstation,Sales,0,2,2,2,1145265.7771925924,184483.70235056145,3,0
AST-004832,Asset_4832,Workstation,Operations,0,2,2,2,2430303.7402401436,161585.11266165154,1,0
AST-004833,Asset_4833,Workstation,HR,0,1,4,3,1456946.2250509062,166069.91905446176,3,0
AST-004834,Asset_4834,Server,Sales,1,1,2,2,643460.5712470965,106134.32033691183,14,2
AST-004835,Asset_4835,Workstation,Finance,0,2,2,2,2994965.7259896332,166012.47674222905,2,1
AST-004836,Asset_4836,Server,Operations,1,1,1,1,765957.8687316612,82333.57350897149,10,0
AST-004837,Asset_4837,Database,Engineering,0,1,4,2,1111819.1072903194,69850.06574982323,2,1
AST-004838,Asset_4838,Workstation,Engineering,0,1,1,1,1438331.082907555,70717.31738453817,3,0
AST-004839,Asset_4839,Server,HR,0,3,2,2,3142743.54474115,135776.4056562386,1,1
AST-004840,Asset_4840,Server,Finance,0,4,4,4,4285305.184724811,348190.419440401,2,0
AST-004841,Asset_4841,Cloud_Storage,Sales,0,1,3,1,1765422.949647007,88172.16137184572,4,0
AST-004842,Asset_4842,Cloud_Storage,Operations,0,1,2,1,963897.2625052258,34145.25776117743,2,0
AST-004843,Asset_4843,Database,Engineering,0,2,3,2,2965582.9717714638,178353.64173710012,2,2
AST-004844,Asset_4844,Server,Engineering,0,5,4,5,8868644.951852357,466057.0046949892,1,1
AST-004845,Asset_4845,Server,Engineering,1,1,3,2,728973.7742019884,39734.59979732375,15,5
AST-004846,Asset_4846,Database,Engineering,0,4,2,3,2275567.874015056,184911.46438671253,1,0
AST-004847,Asset_4847,Cloud_Storage,Marketing,0,2,2,2,3476602.1313419575,98563.4625556761,0,1
AST-004848,Asset_4848,Server,HR,0,5,1,2,6633480.937218877,92357.24658237005,1,1
AST-004849,Asset_4849,Workstation,Sales,0,1,2,2,1741551.9483558706,146869.29097483255,1,0
AST-004850,Asset_4850,Server,Operations,1,5,1,3,4097767.2549257157,64983.45725359133,16,5
AST-004851,Asset_4851,Cloud_Storage,Operations,0,2,2,2,3497896.668755157,167590.24562706694,2,0
AST-004852,Asset_4852,Database,Operations,0,5,2,3,3214828.104360994,37181.84545228013,3,0
AST-004853,Asset_4853,Workstation,Sales,0,2,1,2,3649609.10244452,124094.15516920282,2,0
AST-004854,Asset_4854,Database,HR,0,2,1,1,3467600.9886573595,30282.399951568234,0,0
AST-004855,Asset_4855,Workstation,Finance,0,3,1,2,4053006.2982596057,140144.4054550807,4,2
AST-004856,Asset_4856,Server,HR,1,3,1,2,4237529.518495949,114577.74088473189,16,5
AST-004857,Asset_4857,Server,Engineering,0,2,2,3,2037532.5902743512,299933.1023585022,1,0
AST-004858,Asset_4858,Cloud_Storage,Engineering,0,2,4,3,1604848.4630803855,262827.0861788328,3,1
AST-004859,Asset_4859,Cloud_Storage,HR,0,3,3,3,3549471.4149671705,120890.84032254308,1,0
AST-004860,Asset_4860,Network_Device,HR,0,4,1,3,5944712.688746148,172690.25585637742,1,0
AST-004861,Asset_4861,Workstation,Sales,0,1,1,1,1997697.2898419944,38603.08457858343,4,0
AST-004862,Asset_4862,Network_Device,Sales,0,2,2,2,3451759.19770582,151182.82849775156,1,1
AST-004863,Asset_4863,Server,Marketing,0,4,2,2,4605847.019962283,96034.36458901661,2,0
AST-004864,Asset_4864,Database,Operations,0,2,2,3,3229743.558585988,61168.196018904695,0,0
AST-004865,Asset_4865,Database,Marketing,0,3,1,2,1986213.7620998188,138944.69764976,1,0
AST-004866,Asset_4866,Workstation,Operations,0,4,1,3,4490216.2817275245,32987.5629281508,3,0
AST-004867,Asset_4867,Database,Engineering,0,3,1,1,3412160.6191924014,36756.10692830906,0,2
AST-004868,Asset_4868,Server,Marketing,0,3,2,2,5994707.150459583,183285.75231948143,1,0
AST-004869,Asset_4869,Workstation,Marketing,0,5,3,4,5432612.229570186,73902.75202877904,1,1
AST-004870,Asset_4870,Network_Device,Finance,0,4,4,5,2499689.6173985875,276991.5832079937,0,0
AST-004871,Asset_4871,Database,HR,1,3,2,2,1802525.781371661,163115.9273306208,14,5
AST-004872,Asset_4872,Server,Sales,1,1,3,2,1547576.5773972326,182810.38183226803,17,4
AST-004873,Asset_4873,Server,Marketing,1,1,5,3,933639.6343946145,181156.3399296509,12,4
AST-004874,Asset_4874,Server,Sales,1,2,3,2,3606740.3429715163,47572.65209056584,21,2
AST-004875,Asset_4875,Server,Operations,1,3,3,4,3673264.6214412935,378708.6707790123,12,1
AST-004876,Asset_4876,Workstation,Marketing,1,1,4,2,995558.5769061081,154866.5922470517,11,1
AST-004877,Asset_4877,Workstation,Operations,1,1,1,1,1638671.749630807,45610.33218296492,21,5
AST-004878,Asset_4878,Workstation,Marketing,1,1,1,2,1126298.7672167486,69856.53342898462,13,2
AST-004879,Asset_4879,Database,Engineering,0,3,5,5,4818224.973641822,71472.42023394043,4,0
AST-004880,Asset_4880,Network_Device,Finance,0,4,2,4,6284551.586107307,108915.21963247724,3,0
AST-004881,Asset_4881,Server,Operations,1,4,3,4,6339268.633648235,319963.7428212906,18,7
AST-004882,Asset_4882,Workstation,HR,0,1,3,2,1785682.8084303068,39552.973805692476,3,2
AST-004883,Asset_4883,Network_Device,HR,1,1,1,1,1772599.0962539571,21647.128122982875,15,4
AST-004884,Asset_4884,Server,Engineering,0,2,2,1,2993824.751097874,27633.94317477642,1,0
AST-004885,Asset_4885,Server,Engineering,0,1,2,1,1935442.8078984697,45580.755686720455,2,2
AST-004886,Asset_4886,Network_Device,HR,1,2,1,1,1062182.4669683808,27016.40310492048,11,1
AST-004887,Asset_4887,Database,Operations,1,1,1,2,1895634.3664047762,182774.63069997868,11,6
AST-004888,Asset_4888,Workstation,HR,0,1,2,1,722380.1305001136,33188.98139808016,4,0
AST-004889,Asset_4889,Server,Finance,1,2,1,1,1634929.20607479,92753.88512176879,16,2
AST-004890,Asset_4890,Workstation,Marketing,1,1,1,1,1726098.573526828,98644.87187658282,13,6
AST-004891,Asset_4891,Database,Finance,0,1,1,2,1100653.224014127,155864.6041558268,1,0
AST-004892,Asset_4892,Server,HR,0,2,3,3,2275931.3266829355,32008.006081993935,1,0
AST-004893,Asset_4893,Workstation,Marketing,0,1,4,2,891840.441663545,63203.62116197789,1,0
AST-004894,Asset_4894,Server,HR,0,2,2,1,1673323.5847463212,34060.00723712859,3,0
AST-004895,Asset_4895,Database,Finance,0,1,2,2,659360.682237498,117695.82591011013,0,0
AST-004896,Asset_4896,Server,Finance,0,2,5,3,1590313.6613878533,72766.29980580584,2,0
AST-004897,Asset_4897,Server,Operations,0,5,1,3,6750597.605851248,50848.09133548736,4,1
AST-004898,Asset_4898,Server,Operations,1,2,1,1,3119826.6466723527,25872.196789990587,12,6
AST-004899,Asset_4899,Server,Finance,0,2,1,2,3216517.8289257362,78923.35394807941,2,0
AST-004900,Asset_4900,Cloud_Storage,Marketing,0,4,1,2,4220739.173240252,28857.794610403565,2,0
AST-004901,Asset_4901,Server,Operations,0,1,1,2,1882932.1644757062,55165.56199820421,3,0
AST-004902,Asset_4902,Workstation,Operations,1,1,1,1,993092.0849707873,25076.796938948817,15,3
AST-004903,Asset_4903,Server,Sales,1,1,1,2,666704.96509773,159024.67880178374,18,1
AST-004904,Asset_4904,Database,Sales,0,2,2,2,3835668.3070363863,50523.32033516404,3,1
AST-004905,Asset_4905,Cloud_Storage,Operations,1,2,1,2,2622031.4237433593,162477.1145199486,11,1
AST-004906,Asset_4906,Server,HR,1,1,2,1,1957064.333173647,55736.39368447029,20,6
AST-004907,Asset_4907,Cloud_Storage,Marketing,1,4,2,3,4361999.319098643,234620.62847151898,17,2
AST-004908,Asset_4908,Server,Engineering,1,1,1,1,1636089.9251041247,50532.121512718724,20,2
AST-004909,Asset_4909,Workstation,Operations,0,4,3,4,2659620.360407434,364379.86286285246,0,0
AST-004910,Asset_4910,Workstation,Sales,0,4,2,4,7124474.789559304,139546.72566346647,2,0
AST-004911,Asset_4911,Network_Device,Marketing,0,5,1,4,3780248.5408834745,316050.46656558145,1,1
AST-004912,Asset_4912,Workstation,Marketing,0,3,1,2,1809055.828085314,49415.60236158657,1,0
AST-004913,Asset_4913,Workstation,Sales,0,1,3,3,646629.9076297462,268313.99922644056,2,1
AST-004914,Asset_4914,Server,Marketing,1,3,3,3,4008190.1679435424,37679.04231684308,15,2
AST-004915,Asset_4915,Server,Marketing,0,1,2,2,937810.3108435832,102338.502113594,1,0
AST-004916,Asset_4916,Cloud_Storage,Sales,1,4,1,2,7765725.938453428,95826.49023622209,13,2
AST-004917,Asset_4917,Database,Finance,0,1,2,2,1779014.8886180858,132282.32331886867,1,1
AST-004918,Asset_4918,Database,Operations,0,1,2,2,1704961.6217408793,99368.00471915856,1,1
AST-004919,Asset_4919,Workstation,HR,0,4,4,3,6857830.79757015,189024.24143846869,1,1
AST-004920,Asset_4920,Database,Engineering,0,1,2,1,1836015.9916767895,87553.26576011041,2,0
AST-004921,Asset_4921,Cloud_Storage,HR,1,1,1,1,1797815.1649345555,22782.56723641663,13,1
AST-004922,Asset_4922,Workstation,Finance,1,2,1,1,3784622.689317798,31973.258749742497,18,3
AST-004923,Asset_4923,Workstation,Finance,0,3,1,2,5704648.453417666,164507.58536553703,3,1
AST-004924,Asset_4924,Network_Device,Marketing,1,2,2,2,1894963.9766741267,61051.51552968341,16,3
AST-004925,Asset_4925,Server,HR,1,2,1,2,1658692.509209815,183017.7192735775,14,3
AST-004926,Asset_4926,Server,Finance,0,4,2,2,5858588.786913151,117346.04250175125,3,0
AST-004927,Asset_4927,Workstation,HR,0,1,2,2,684996.8223880925,34735.57934335336,0,0
AST-004928,Asset_4928,Server,Finance,0,2,1,1,1633435.3411975899,11859.424070187044,1,1
AST-004929,Asset_4929,Workstation,Engineering,0,3,2,3,4978305.025585102,235984.23768716058,1,1
AST-004930,Asset_4930,Cloud_Storage,Finance,1,2,2,2,2948006.2832743693,174143.1497674668,12,6
AST-004931,Asset_4931,Workstation,HR,0,2,2,2,2952555.8658649474,63175.62776010899,2,0
AST-004932,Asset_4932,Database,Marketing,0,1,4,3,1925957.7442789504,95010.5741214999,1,0
AST-004933,Asset_4933,Cloud_Storage,HR,0,1,2,1,1501436.6920591765,95869.18938137687,5,0
AST-004934,Asset_4934,Workstation,Sales,1,1,1,1,1146210.7218430927,69056.84230005676,8,4
AST-004935,Asset_4935,Workstation,HR,1,1,3,2,920498.651070396,50170.540223287,15,0
AST-004936,Asset_4936,Database,Engineering,0,1,3,2,1007833.0733810216,100745.64944132492,0,1
AST-004937,Asset_4937,Cloud_Storage,Operations,0,2,3,3,1833440.4519510183,275817.75122635503,1,0
AST-004938,Asset_4938,Workstation,Engineering,0,1,2,1,552482.0976210664,65905.67758039493,0,1
AST-004939,Asset_4939,Workstation,Engineering,1,3,1,3,2677083.1002722867,140016.79193490458,13,3
AST-004940,Asset_4940,Network_Device,Finance,0,4,1,3,7012220.407772227,70779.04500721036,4,0
AST-004941,Asset_4941,Database,Engineering,1,1,2,1,1592343.4891659496,75340.16599019931,11,2
AST-004942,Asset_4942,Workstation,HR,1,2,1,2,2865514.746662889,69745.3200448025,11,4
AST-004943,Asset_4943,Network_Device,Operations,0,5,3,3,9266540.246165393,182795.89091814583,4,1
AST-004944,Asset_4944,Database,Marketing,0,2,1,1,1792375.1261732064,64012.61801777462,4,0
AST-004945,Asset_4945,Workstation,Engineering,0,5,2,3,6832633.305908799,179971.3601191413,3,1
AST-004946,Asset_4946,Cloud_Storage,HR,0,1,2,1,546989.6365400797,32184.351241910896,1,2
AST-004947,Asset_4947,Workstation,Finance,0,4,2,3,7352039.272768408,221234.1404392205,2,1
AST-004948,Asset_4948,Workstation,Finance,0,2,3,2,2343210.838454934,121889.00102104335,3,0
AST-004949,Asset_4949,Network_Device,Marketing,0,1,2,2,766807.1448968542,92662.92740188564,1,1
AST-004950,Asset_4950,Network_Device,Marketing,0,5,1,3,4294874.632789437,44075.33019404603,3,2
AST-004951,Asset_4951,Database,HR,1,5,1,3,8861793.087472357,119441.2248790366,19,2
AST-004952,Asset_4952,Server,Marketing,0,1,3,2,663209.2449466758,83440.5514188511,6,0
AST-004953,Asset_4953,Workstation,Marketing,0,5,4,5,9439020.580210468,406023.5143553311,4,1
AST-004954,Asset_4954,Workstation,Finance,1,1,1,1,1060193.9836872462,56210.23606700264,18,3
AST-004955,Asset_4955,Workstation,HR,0,2,1,2,1753255.7945870531,187781.39564686787,2,1
AST-004956,Asset_4956,Workstation,Operations,1,1,1,1,997788.0406172284,77565.68841867092,12,3
AST-004957,Asset_4957,Database,Marketing,1,1,4,1,1113474.8297321512,58420.418384205674,9,2
AST-004958,Asset_4958,Workstation,HR,0,3,1,2,3966509.0800591437,50399.444998542545,1,1
AST-004959,Asset_4959,Server,Engineering,0,1,1,1,1380211.2414345574,29892.988147347576,2,1
AST-004960,Asset_4960,Workstation,Finance,0,1,1,2,1171728.9126295545,48814.28614243574,3,0
AST-004961,Asset_4961,Workstation,Operations,0,2,3,2,2339091.7237037756,99713.13208632346,1,0
AST-004962,Asset_4962,Server,Finance,0,1,4,4,927949.6787118021,300108.9583835995,2,1
AST-004963,Asset_4963,Server,Finance,1,2,1,2,2151429.2792300456,156678.4685402049,11,1
AST-004964,Asset_4964,Workstation,Sales,0,1,1,1,1200707.506639191,18653.610697335753,0,0
AST-004965,Asset_4965,Workstation,HR,0,3,2,2,4189146.1060315347,109263.95045404727,1,0
AST-004966,Asset_4966,Server,Engineering,1,1,1,1,696049.8185081545,53329.65476275975,12,3
AST-004967,Asset_4967,Cloud_Storage,Marketing,1,1,1,1,1645960.6919336456,49499.79870845539,14,3
AST-004968,Asset_4968,Workstation,Engineering,0,1,4,3,1520856.8460497963,111328.31934006236,1,1
AST-004969,Asset_4969,Cloud_Storage,HR,0,2,4,2,1896303.5493507846,105645.45114393196,1,0
AST-004970,Asset_4970,Workstation,Finance,0,1,5,4,1189015.9133885927,225978.42225643693,1,1
AST-004971,Asset_4971,Workstation,Sales,1,2,2,2,3840786.943987835,127945.30996542904,14,2
AST-004972,Asset_4972,Network_Device,HR,0,1,1,1,530716.0732103515,43962.86505512725,3,0
AST-004973,Asset_4973,Workstation,Operations,1,4,3,4,6868109.590783207,380236.228749473,11,3
AST-004974,Asset_4974,Workstation,Operations,0,1,1,1,1267587.0574977975,40495.479459178256,2,1
AST-004975,Asset_4975,Server,HR,1,3,1,3,4284656.213793984,271663.7484350689,19,5
AST-004976,Asset_4976,Workstation,Marketing,0,1,1,1,1526798.8403258936,82112.81669462119,3,0
AST-004977,Asset_4977,Server,Engineering,1,1,5,3,1184030.283981548,155623.09088377183,13,8
AST-004978,Asset_4978,Server,Engineering,1,1,3,2,787789.4028533113,109336.22834049125,10,3
AST-004979,Asset_4979,Server,Marketing,0,1,1,2,1864385.847421215,176575.08603184202,1,0
AST-004980,Asset_4980,Server,Sales,1,2,1,1,3220572.268449349,54345.2506460868,18,1
AST-004981,Asset_4981,Cloud_Storage,Finance,1,5,3,3,6696922.737029857,213432.4849250117,11,3
AST-004982,Asset_4982,Server,Finance,1,1,3,2,1172684.5839887527,165674.51986876453,10,7
AST-004983,Asset_4983,Workstation,Operations,0,2,2,2,2497994.885067544,183418.6189260172,4,0
AST-004984,Asset_4984,Network_Device,Sales,0,1,1,1,1735307.3120456955,29634.77467862448,1,0
AST-004985,Asset_4985,Workstation,Marketing,1,1,2,2,518755.1102914791,195565.83871219165,17,4
AST-004986,Asset_4986,Server,HR,1,1,2,2,1798002.4911282065,193760.04257012796,19,0
AST-004987,Asset_4987,Workstation,Engineering,0,4,4,5,2280511.8388238708,183809.73585857998,3,0
AST-004988,Asset_4988,Workstation,HR,1,1,1,1,1423869.5996994325,65235.53067883192,12,5
AST-004989,Asset_4989,Workstation,Engineering,0,3,2,4,2999051.5761765135,56890.46234398,2,0
AST-004990,Asset_4990,Workstation,HR,1,1,1,1,1517354.4190637283,25104.460609613998,12,7
AST-004991,Asset_4991,Cloud_Storage,Marketing,0,1,2,1,628314.3738949443,62543.54594442548,1,0
AST-004992,Asset_4992,Workstation,Marketing,0,2,1,2,2668697.636237347,137019.1233112326,1,2
AST-004993,Asset_4993,Database,Sales,0,1,3,2,1782851.3262397863,116228.53645215453,2,0
AST-004994,Asset_4994,Workstation,HR,0,1,1,1,1241956.7899557431,73424.9941930205,2,0
AST-004995,Asset_4995,Server,HR,0,1,2,1,626519.902776855,81360.16885974229,2,0
AST-004996,Asset_4996,Network_Device,Sales,0,1,2,2,556067.6371326136,50322.40863758088,0,0
AST-004997,Asset_4997,Server,Sales,0,3,4,3,4295406.0696459245,208096.65629878716,2,0
AST-004998,Asset_4998,Database,Marketing,0,1,3,3,604295.8641862117,181901.5239222265,1,0
AST-004999,Asset_4999,Network_Device,Marketing,1,3,1,3,1820799.924486524,61748.28558829426,16,2
AST-005000,Asset_5000,Workstation,Operations,0,1,1,1,1138159.2590160929,30574.404080033146,0,0
AST-005001,Asset_5001,Database,HR,0,4,2,3,3257049.91153719,143310.63496829805,1,0
AST-005002,Asset_5002,Workstation,Marketing,0,2,2,2,1612587.6823201305,175476.5184429462,1,2
AST-005003,Asset_5003,Network_Device,Marketing,1,1,1,1,1221464.3224185049,29532.32028262767,17,5
AST-005004,Asset_5004,Database,HR,1,5,3,4,4606012.954910706,105852.52919257863,18,2
AST-005005,Asset_5005,Network_Device,Sales,0,1,1,1,828899.7413173767,74885.65550528251,1,1
AST-005006,Asset_5006,Server,HR,1,2,5,3,2543243.46486835,293464.09456500097,14,3
AST-005007,Asset_5007,Workstation,Finance,1,2,1,2,1872651.2177168936,100519.17638127803,15,2
AST-005008,Asset_5008,Network_Device,HR,0,1,1,2,620330.6529745841,83024.77059439686,1,2
AST-005009,Asset_5009,Server,Finance,1,5,1,3,7620543.029552966,98563.95911628539,13,2
AST-005010,Asset_5010,Workstation,HR,0,3,2,2,4135236.0924169254,28953.355458673977,1,0
AST-005011,Asset_5011,Server,Finance,0,3,1,2,2454527.125913687,52114.54187571725,2,0
AST-005012,Asset_5012,Workstation,Finance,0,5,3,3,6866847.995859044,55222.06787898625,3,0
AST-005013,Asset_5013,Workstation,HR,0,2,1,1,3866768.9829204124,54469.1399220803,1,0
AST-005014,Asset_5014,Workstation,Operations,0,1,1,1,1934717.826075956,98037.77742586707,0,1
AST-005015,Asset_5015,Server,Marketing,0,3,4,3,3893740.8464603713,242598.65452610838,3,1
AST-005016,Asset_5016,Server,Engineering,0,1,4,2,647044.5740493663,128304.21504795531,0,2
AST-005017,Asset_5017,Server,Marketing,0,1,2,1,1187278.2930598725,53797.44427707814,0,2
AST-005018,Asset_5018,Database,Finance,0,2,3,2,1080950.1509548964,131092.75838574348,2,1
AST-005019,Asset_5019,Workstation,HR,0,4,1,4,4491207.679850895,175369.59150758805,1,0
AST-005020,Asset_5020,Network_Device,HR,0,1,1,1,1864128.252555893,26054.676428042327,1,0
AST-005021,Asset_5021,Workstation,HR,1,3,1,3,3603496.6083327457,189238.88647172382,11,2
AST-005022,Asset_5022,Workstation,HR,0,2,5,4,2651462.141917663,230117.18404059825,1,0
AST-005023,Asset_5023,Cloud_Storage,Operations,0,1,2,2,737054.753787224,190016.6038073563,2,0
AST-005024,Asset_5024,Workstation,Engineering,0,3,1,2,1570427.9350446446,136969.91247153017,0,2
AST-005025,Asset_5025,Cloud_Storage,Sales,0,5,1,4,9950379.91574181,318434.9831911439,3,1
AST-005026,Asset_5026,Workstation,Finance,0,1,1,1,1007385.913994249,18343.154429692444,4,1
AST-005027,Asset_5027,Server,Engineering,0,1,1,1,919024.9737432732,78484.33005386578,1,0
AST-005028,Asset_5028,Server,Marketing,1,1,2,1,1356922.4798358055,98456.39534219202,13,4
AST-005029,Asset_5029,Workstation,Sales,0,3,1,1,4853933.398599982,69174.60051183263,2,0
AST-005030,Asset_5030,Server,Sales,0,1,1,1,877111.6969955,76787.53333438162,1,0
AST-005031,Asset_5031,Database,HR,0,1,1,1,1286185.774832862,98156.91216920089,3,2
AST-005032,Asset_5032,Workstation,Engineering,1,3,2,1,2996860.3149088966,45214.725075493756,7,1
AST-005033,Asset_5033,Workstation,Marketing,1,2,2,2,2442896.523049011,168352.132426895,13,2
AST-005034,Asset_5034,Workstation,HR,0,1,2,1,741964.8706598452,45972.32754071872,3,2
AST-005035,Asset_5035,Server,HR,0,4,3,3,5060709.67926587,144998.02650000996,3,2
AST-005036,Asset_5036,Database,Operations,1,4,1,3,2284082.016399212,207725.30893126916,13,1
AST-005037,Asset_5037,Workstation,Finance,0,4,1,2,7039984.002645193,66155.44847397966,1,1
AST-005038,Asset_5038,Cloud_Storage,Sales,0,1,3,1,1441489.4699367948,99350.3637573504,2,0
AST-005039,Asset_5039,Workstation,Marketing,0,4,1,2,7648942.585088017,79261.68202950343,1,0
AST-005040,Asset_5040,Cloud_Storage,Sales,0,3,2,3,4198793.615004429,63169.48960227214,4,0
AST-005041,Asset_5041,Workstation,Engineering,1,1,4,3,773249.126348657,117089.59539241147,21,2
AST-005042,Asset_5042,Workstation,Finance,1,2,2,2,2452152.2791515803,174073.92145202542,21,1
AST-005043,Asset_5043,Server,HR,1,1,1,1,1497043.140236244,38253.5233934814,15,4
AST-005044,Asset_5044,Workstation,Finance,0,3,4,3,3184005.036818755,195066.01602654415,3,0
AST-005045,Asset_5045,Workstation,HR,0,3,1,2,3986923.561546109,188357.63794831725,0,0
AST-005046,Asset_5046,Workstation,Finance,0,3,2,2,2232098.3000543965,66793.89016041055,2,1
AST-005047,Asset_5047,Workstation,HR,1,1,1,1,1665686.2376282709,21822.879526820892,17,5
AST-005048,Asset_5048,Workstation,Sales,1,2,2,2,3728589.906808162,37432.68497536141,24,2
AST-005049,Asset_5049,Database,Sales,0,1,2,1,972314.8673464798,49633.138038124096,0,0
AST-005050,Asset_5050,Workstation,Sales,0,4,2,4,6759988.330313351,77543.2129442587,3,1
AST-005051,Asset_5051,Server,Sales,0,2,3,3,1275836.580321714,152528.2700169735,6,1
AST-005052,Asset_5052,Network_Device,Finance,1,1,4,3,870056.735406521,262933.57357066753,9,5
AST-005053,Asset_5053,Server,HR,0,1,1,1,1192805.0996831423,79973.54452347686,2,1
AST-005054,Asset_5054,Server,Sales,0,2,3,3,2159221.3723885273,187059.23042901745,4,0
AST-005055,Asset_5055,Workstation,Finance,0,2,1,1,2858877.3576782495,86538.02555064786,0,0
AST-005056,Asset_5056,Workstation,HR,0,3,1,2,4033432.481964778,38048.60862774347,4,1
AST-005057,Asset_5057,Workstation,Finance,1,1,5,3,630907.9775628223,194542.77791098668,18,2
AST-005058,Asset_5058,Server,Operations,1,2,2,2,1395083.2176610183,40815.44676667213,19,4
AST-005059,Asset_5059,Workstation,Sales,1,1,1,1,577567.4410416362,53392.547014175325,13,2
AST-005060,Asset_5060,Database,Engineering,1,2,2,3,3857820.148486576,155134.84189070365,15,2
AST-005061,Asset_5061,Cloud_Storage,Finance,0,5,1,2,7340081.833634393,67727.96568762213,3,1
AST-005062,Asset_5062,Cloud_Storage,Sales,0,2,2,3,3566753.186257047,254060.75212975795,1,0
AST-005063,Asset_5063,Workstation,Marketing,0,1,2,2,1311895.8236405272,61080.97986852168,1,0
AST-005064,Asset_5064,Database,HR,1,5,4,5,3953786.404591442,298352.4108073828,17,7
AST-005065,Asset_5065,Workstation,Operations,0,1,1,1,1439901.3196188982,53403.52105283283,3,0
AST-005066,Asset_5066,Server,Sales,0,3,1,2,3774025.1854151133,97697.39802722831,1,0
AST-005067,Asset_5067,Workstation,Marketing,0,2,1,2,2224577.0063676713,26037.586672028097,2,0
AST-005068,Asset_5068,Database,Finance,0,1,1,2,1057707.9218675767,145412.09467408745,1,0
AST-005069,Asset_5069,Cloud_Storage,Finance,1,1,4,3,1475114.7792260903,33425.042698488556,16,2
AST-005070,Asset_5070,Server,Marketing,1,1,4,3,1426642.4794919444,251547.745120164,17,1
AST-005071,Asset_5071,Workstation,Operations,0,4,3,4,2909395.748233479,135902.05124488854,1,2
AST-005072,Asset_5072,Workstation,Marketing,0,4,2,2,6897332.32300676,41600.97767883298,0,1
AST-005073,Asset_5073,Workstation,HR,1,2,3,2,2908273.734932745,95067.32156290516,14,4
AST-005074,Asset_5074,Server,Finance,1,1,1,2,1303712.6996110156,120684.898948337,17,3
AST-005075,Asset_5075,Cloud_Storage,Marketing,0,4,1,3,6493505.121659385,113797.91781973348,1,1
AST-005076,Asset_5076,Workstation,Engineering,0,2,1,2,1460999.1001684528,41921.259130193146,0,1
AST-005077,Asset_5077,Workstation,Engineering,0,2,3,3,3759148.4974803487,34948.36396660237,1,0
AST-005078,Asset_5078,Server,Marketing,0,2,2,2,1811761.6139019676,146686.38372388994,0,1
AST-005079,Asset_5079,Workstation,HR,1,1,2,2,894136.0595916767,179558.44285923874,11,5
AST-005080,Asset_5080,Workstation,Finance,0,2,1,1,3444707.6539784833,19046.894921178224,2,0
AST-005081,Asset_5081,Server,Engineering,0,2,2,2,2001973.6154676438,61514.077987081895,1,1
AST-005082,Asset_5082,Server,Marketing,0,2,4,3,3492124.6638308708,35461.87329399008,2,0
AST-005083,Asset_5083,Network_Device,Marketing,0,4,1,3,3968059.249414918,268967.88349036255,1,1
AST-005084,Asset_5084,Server,Sales,0,1,2,1,1326031.9759683558,50026.469431544014,5,1
AST-005085,Asset_5085,Server,Marketing,0,2,1,3,1692534.8283613292,279802.7062746701,0,1
AST-005086,Asset_5086,Workstation,HR,0,1,3,2,1597280.5558907606,104257.87946031545,4,0
AST-005087,Asset_5087,Workstation,Engineering,0,3,2,3,2251234.96716435,262789.4387170838,4,1
AST-005088,Asset_5088,Server,Sales,0,1,1,1,1849147.2291432067,95658.07854264182,3,1
AST-005089,Asset_5089,Workstation,Engineering,0,1,2,1,1057473.2456352296,40163.65058098471,3,0
AST-005090,Asset_5090,Server,Engineering,0,3,1,2,3622085.167385746,135327.9899331847,1,0
AST-005091,Asset_5091,Server,HR,0,1,4,3,536032.8407551575,209933.4008215599,4,1
AST-005092,Asset_5092,Server,Marketing,0,2,5,4,3927369.8982570632,47707.14467024571,1,1
AST-005093,Asset_5093,Network_Device,HR,0,5,2,4,8598814.898262648,197762.49932665905,1,0
AST-005094,Asset_5094,Server,Marketing,1,2,1,2,2341026.721803886,173959.01117691773,21,4
AST-005095,Asset_5095,Server,Sales,1,1,2,2,1880392.0086161396,190331.34724493176,19,3
AST-005096,Asset_5096,Workstation,HR,0,1,2,1,1896589.453734033,90929.87863529842,3,0
AST-005097,Asset_5097,Network_Device,HR,1,3,1,2,3898734.5473272144,195121.62795395695,18,2
AST-005098,Asset_5098,Server,Operations,0,1,1,1,850776.1872100558,68773.76762077518,2,0
AST-005099,Asset_5099,Workstation,Finance,0,3,4,4,3691996.5058955383,123807.77862790367,0,0
AST-005100,Asset_5100,Server,HR,0,3,3,3,2961593.731923794,185353.18620569998,0,2
AST-005101,Asset_5101,Workstation,Operations,0,2,3,2,2343956.8870317917,95805.91219105934,2,1
AST-005102,Asset_5102,Workstation,Finance,0,3,2,3,5601264.138546339,99836.19538018815,2,2
AST-005103,Asset_5103,Workstation,Marketing,0,1,3,2,922751.8788936157,159101.50605509302,0,0
AST-005104,Asset_5104,Database,Marketing,1,2,2,2,3516900.384056321,133255.77138497093,21,3
AST-005105,Asset_5105,Database,Marketing,0,2,1,2,3805903.162515573,162218.75751581797,3,1
AST-005106,Asset_5106,Server,Operations,0,1,3,2,1707579.181317613,68508.32020701066,3,0
AST-005107,Asset_5107,Database,Operations,0,1,5,2,1290880.0154583151,182699.2182112984,2,0
AST-005108,Asset_5108,Server,Finance,0,2,4,3,2691931.9363610186,94452.70977817639,3,0
AST-005109,Asset_5109,Workstation,Marketing,1,2,3,3,3458904.987159859,192519.05172049892,15,5
AST-005110,Asset_5110,Cloud_Storage,Engineering,1,2,3,3,1133502.4404208094,45361.5591179284,17,4
AST-005111,Asset_5111,Cloud_Storage,HR,1,3,2,3,4811684.958540759,176060.35247184802,20,7
AST-005112,Asset_5112,Network_Device,Operations,0,2,4,3,2586602.4645389263,56655.320651003996,3,0
AST-005113,Asset_5113,Workstation,Operations,0,4,2,3,4382824.657570694,119698.021644549,4,1
AST-005114,Asset_5114,Workstation,Operations,0,3,1,2,4951174.5630727215,174924.06656556498,2,1
AST-005115,Asset_5115,Server,Finance,0,1,3,2,899370.8415348122,180834.91672529952,2,0
AST-005116,Asset_5116,Workstation,Marketing,0,1,4,1,1843300.591571848,79056.86774620997,2,0
AST-005117,Asset_5117,Workstation,Engineering,1,2,1,1,3065463.3349421145,43093.341271392695,14,4
AST-005118,Asset_5118,Workstation,HR,0,4,3,2,5660933.537811587,124170.1066980671,2,0
AST-005119,Asset_5119,Workstation,HR,0,1,1,1,1284680.4412982736,30158.106975960265,5,2
AST-005120,Asset_5120,Server,Marketing,1,2,4,4,1638272.975891527,284205.710251936,12,2
AST-005121,Asset_5121,Database,Engineering,1,1,2,2,1425417.4392958172,82532.54331221111,19,4
AST-005122,Asset_5122,Cloud_Storage,Finance,0,1,2,1,1587370.9705287004,29889.874172925578,0,0
AST-005123,Asset_5123,Server,Operations,0,2,3,2,1035069.153590678,125294.66442197649,3,1
AST-005124,Asset_5124,Workstation,Operations,0,1,3,1,1049628.7215008028,20062.197223080046,4,1
AST-005125,Asset_5125,Cloud_Storage,Marketing,0,2,4,3,3497392.291862962,215408.7247665501,4,0
AST-005126,Asset_5126,Workstation,HR,0,4,4,4,5793264.760620695,107321.95297432676,0,2
AST-005127,Asset_5127,Workstation,Operations,0,5,1,4,7114528.288178565,239243.92995394836,2,0
AST-005128,Asset_5128,Server,HR,0,1,1,1,842919.0276839505,45325.76373569556,0,0
AST-005129,Asset_5129,Database,HR,0,3,3,3,4344399.300644388,182886.07190787976,1,1
AST-005130,Asset_5130,Network_Device,Marketing,1,4,4,4,6716900.40377306,128546.27311856012,14,5
AST-005131,Asset_5131,Workstation,Sales,1,1,1,1,1102634.5772937676,37935.03869143423,19,4
AST-005132,Asset_5132,Workstation,Sales,0,2,1,1,1546276.4360291406,22628.898487604514,3,2
AST-005133,Asset_5133,Server,Sales,1,4,1,2,2463645.5497713676,159853.8161865192,9,3
AST-005134,Asset_5134,Server,Engineering,0,1,1,1,1258543.4996726522,16310.08222572404,1,1
AST-005135,Asset_5135,Cloud_Storage,Marketing,0,4,3,2,6103151.558899739,87758.21225832545,0,0
AST-005136,Asset_5136,Database,HR,0,2,1,1,1487917.7827892674,50418.71106614951,2,0
AST-005137,Asset_5137,Workstation,Operations,0,1,1,1,1132165.437431988,27568.55906326008,3,0
AST-005138,Asset_5138,Server,Engineering,0,2,4,3,2705929.627433124,133901.83619400096,2,0
AST-005139,Asset_5139,Workstation,Sales,1,1,1,1,733787.6358550517,47627.93989824606,19,0
AST-005140,Asset_5140,Cloud_Storage,Finance,0,1,3,1,904834.9296640197,30189.735188709008,2,0
AST-005141,Asset_5141,Workstation,Engineering,1,2,1,1,2825240.158258397,67533.01678671656,12,3
AST-005142,Asset_5142,Server,Engineering,0,2,2,1,3175071.821855617,12776.860477201682,1,1
AST-005143,Asset_5143,Workstation,Marketing,0,2,1,1,2907980.213025691,27780.81974552889,0,0
AST-005144,Asset_5144,Workstation,Operations,0,1,1,1,1570451.3185255588,66166.7474315422,2,0
AST-005145,Asset_5145,Workstation,Engineering,0,3,2,2,4116770.154937567,132954.93937101658,2,0
AST-005146,Asset_5146,Network_Device,Operations,0,2,4,4,3507498.734151462,135494.53561043442,0,1
AST-005147,Asset_5147,Workstation,Marketing,0,3,2,3,5220311.868921643,214423.29453106783,2,0
AST-005148,Asset_5148,Network_Device,Finance,0,3,1,2,5083113.902344955,104561.98671923271,2,0
AST-005149,Asset_5149,Workstation,HR,0,1,3,2,1363187.1831977465,114904.39924154851,3,0
AST-005150,Asset_5150,Server,HR,0,1,1,1,1991195.3029071225,39934.932694735784,0,1
AST-005151,Asset_5151,Database,Sales,0,4,4,4,2234672.0829115864,394338.0357357215,1,0
AST-005152,Asset_5152,Server,Sales,0,3,1,3,2380438.9495719937,229094.55128536327,0,0
AST-005153,Asset_5153,Cloud_Storage,Finance,1,1,2,2,1713315.9395230561,64717.38191312909,10,1
AST-005154,Asset_5154,Workstation,HR,1,3,1,1,5218316.335146857,31290.695163119075,17,3
AST-005155,Asset_5155,Workstation,Sales,0,1,2,2,1728129.2318615967,159351.22882827063,4,0
AST-005156,Asset_5156,Database,Operations,0,1,2,2,1809070.9040891256,89841.96569529599,2,2
AST-005157,Asset_5157,Server,Engineering,0,2,2,2,2267823.8082285123,36472.15194272956,3,0
AST-005158,Asset_5158,Workstation,Marketing,1,1,1,1,1897750.2829048005,13203.992168611569,17,2
AST-005159,Asset_5159,Workstation,Sales,0,5,4,5,4068778.5874336376,236280.20749067338,3,0
AST-005160,Asset_5160,Server,Finance,0,4,3,3,7621690.934270647,141971.17214040936,1,1
AST-005161,Asset_5161,Workstation,HR,0,2,2,2,2670035.5588753447,147234.2063820716,4,0
AST-005162,Asset_5162,Server,Finance,0,1,2,1,745826.1082337718,61729.4489693161,2,0
AST-005163,Asset_5163,Database,Marketing,1,1,2,1,1604115.6604445507,79310.81210206386,10,4
AST-005164,Asset_5164,Workstation,Marketing,1,1,1,1,943818.8979538026,38597.70155031984,23,3
AST-005165,Asset_5165,Server,Finance,0,2,4,3,1661372.7494065026,198547.89757238602,0,1
AST-005166,Asset_5166,Cloud_Storage,Sales,1,1,1,1,758112.9045399432,89713.2508842966,17,4
AST-005167,Asset_5167,Server,Sales,0,2,2,2,1088215.942108393,32471.66967652704,0,0
AST-005168,Asset_5168,Server,HR,1,2,2,3,3293962.0403900663,221281.85988640136,8,3
AST-005169,Asset_5169,Server,Operations,1,4,2,3,4919025.637197467,223288.41303359534,20,0
AST-005170,Asset_5170,Workstation,HR,0,4,4,4,7872392.881800846,325850.90446979983,1,0
AST-005171,Asset_5171,Workstation,Engineering,1,2,1,1,2317814.7126648934,34214.25878047243,12,8
AST-005172,Asset_5172,Workstation,Operations,0,2,3,2,3530051.64560979,94973.7597212582,0,0
AST-005173,Asset_5173,Server,Engineering,0,1,2,2,1952141.949552452,63147.502162239485,2,0
AST-005174,Asset_5174,Server,HR,0,1,1,1,533693.1044365861,37772.370111042736,2,1
AST-005175,Asset_5175,Workstation,Operations,0,4,2,2,2631913.3438990614,194331.52864709712,2,1
AST-005176,Asset_5176,Network_Device,Operations,0,2,3,3,2043591.3093454698,150326.58206145928,1,0
AST-005177,Asset_5177,Network_Device,Engineering,0,1,1,2,1805174.281658444,172739.44052129216,2,0
AST-005178,Asset_5178,Server,Finance,1,2,2,2,3513851.3402909893,163078.37371702812,13,4
AST-005179,Asset_5179,Workstation,Sales,0,4,2,4,4200410.14451129,200029.37086381944,1,0
AST-005180,Asset_5180,Cloud_Storage,Operations,0,1,2,1,799856.0461116638,99296.12177491549,2,0
AST-005181,Asset_5181,Database,Operations,0,1,4,3,1703481.3227238583,257010.74011592034,0,0
AST-005182,Asset_5182,Network_Device,Engineering,0,4,1,2,5581487.534373086,106885.11078084662,4,0
AST-005183,Asset_5183,Server,Operations,0,2,2,3,1094801.4020197864,113620.533900751,1,0
AST-005184,Asset_5184,Cloud_Storage,Engineering,0,2,2,1,3412647.7981612915,16776.509619739983,3,0
AST-005185,Asset_5185,Workstation,Finance,1,1,1,1,1935441.2995389395,51831.9914548765,19,1
AST-005186,Asset_5186,Cloud_Storage,Operations,0,4,4,5,2252521.9498960855,212004.45654297405,2,0
AST-005187,Asset_5187,Workstation,Marketing,0,3,1,1,2786431.212667586,74023.91949173773,3,0
AST-005188,Asset_5188,Database,HR,1,2,1,1,3458394.9275438115,11771.052784612062,20,2
AST-005189,Asset_5189,Cloud_Storage,Finance,0,1,3,2,1376974.524029529,169660.58017235444,0,0
AST-005190,Asset_5190,Server,Marketing,0,2,1,2,3968068.6739814226,94993.06480245556,3,1
AST-005191,Asset_5191,Database,Finance,0,1,3,2,1873254.5060020774,104551.86476599523,1,0
AST-005192,Asset_5192,Workstation,Sales,1,1,3,2,767407.3194887453,52902.232023544275,20,4
AST-005193,Asset_5193,Workstation,Finance,1,1,1,1,1511042.39695912,94373.38915972355,9,3
AST-005194,Asset_5194,Cloud_Storage,Finance,1,1,1,2,1479930.47011293,91709.69574554432,18,2
AST-005195,Asset_5195,Server,Sales,0,5,1,3,3331429.596663908,257535.69537080717,1,1
AST-005196,Asset_5196,Workstation,Operations,0,1,1,1,634278.4049675071,31370.811159542976,3,0
AST-005197,Asset_5197,Workstation,HR,1,2,1,1,2708332.351122032,18699.129684176023,21,7
AST-005198,Asset_5198,Server,Marketing,0,1,4,3,1104459.6952756902,201655.46186740673,1,1
AST-005199,Asset_5199,Database,Engineering,0,2,3,3,2636337.745627803,295792.45227284596,0,1
AST-005200,Asset_5200,Server,HR,1,1,1,1,858242.6823639644,68224.74126007332,12,6
AST-005201,Asset_5201,Database,Finance,0,2,4,4,2669989.1055211285,259136.72440177147,2,1
AST-005202,Asset_5202,Cloud_Storage,Engineering,0,3,1,2,3225278.8581190147,99601.52924443984,1,0
AST-005203,Asset_5203,Workstation,Sales,1,5,2,3,9156531.384952925,106626.34961673201,21,1
AST-005204,Asset_5204,Workstation,HR,0,2,1,1,1918259.9879866908,48774.99318320098,2,0
AST-005205,Asset_5205,Cloud_Storage,Operations,0,1,1,1,1806251.8311890885,23406.12506921318,1,0
AST-005206,Asset_5206,Database,Marketing,1,1,3,2,1084988.5441302848,67143.2177641867,8,3
AST-005207,Asset_5207,Network_Device,HR,1,3,2,2,4101746.498798797,107729.37565024686,15,0
AST-005208,Asset_5208,Workstation,HR,0,1,2,2,929565.5603146192,46063.20074345708,5,1
AST-005209,Asset_5209,Network_Device,Operations,0,2,2,1,3427266.8507790733,81237.86374902638,3,0
AST-005210,Asset_5210,Server,Engineering,1,5,1,3,8827349.155073306,33121.55642756343,16,4
AST-005211,Asset_5211,Cloud_Storage,Sales,0,3,3,2,5140726.697478415,77886.8164437155,2,1
AST-005212,Asset_5212,Server,Operations,0,3,3,3,4379264.126193339,169495.89431446127,2,0
AST-005213,Asset_5213,Database,Sales,0,4,1,3,3828704.583850249,280815.9070280853,1,0
AST-005214,Asset_5214,Workstation,Operations,1,2,1,2,2909464.8993041115,123221.39768703397,19,4
AST-005215,Asset_5215,Database,HR,1,3,2,2,5817802.548376096,73082.71568268008,19,1
AST-005216,Asset_5216,Workstation,Sales,0,1,2,2,1472578.0306739397,83394.3237223015,3,2
AST-005217,Asset_5217,Workstation,Engineering,1,5,2,4,9672947.556419836,162097.2220694269,12,3
AST-005218,Asset_5218,Workstation,Engineering,1,1,2,2,956870.6791131548,52466.48832371882,13,5
AST-005219,Asset_5219,Server,Marketing,0,2,5,4,3538003.212003719,92145.5236772106,0,0
AST-005220,Asset_5220,Server,Sales,0,1,1,1,1577702.725453452,53257.18843941691,2,1
AST-005221,Asset_5221,Server,Marketing,0,1,2,1,1728806.1299497595,34323.49370230519,3,0
AST-005222,Asset_5222,Workstation,Operations,1,2,2,2,3132288.90016638,36531.71627689794,24,2
AST-005223,Asset_5223,Server,Finance,0,1,2,1,1220544.2977559653,29483.0791139671,1,0
AST-005224,Asset_5224,Database,Engineering,0,2,1,2,3059724.9400865156,113730.69324739315,3,1
AST-005225,Asset_5225,Database,HR,0,2,2,3,3796269.7381295254,99361.17165474122,1,1
AST-005226,Asset_5226,Server,Engineering,0,2,2,1,2252623.551491273,31396.79641787285,1,0
AST-005227,Asset_5227,Workstation,Finance,1,1,2,1,1927617.9384094412,65859.08461833603,15,3
AST-005228,Asset_5228,Network_Device,HR,0,2,1,1,1148199.9597776693,72047.47287676597,0,1
AST-005229,Asset_5229,Server,Sales,1,3,2,2,1563777.06872096,63424.25997008177,15,3
AST-005230,Asset_5230,Workstation,Sales,0,1,4,2,1240704.279088788,104985.43168854443,2,0
AST-005231,Asset_5231,Workstation,Engineering,0,2,4,3,3545538.8564734277,236433.02331560059,1,0
AST-005232,Asset_5232,Workstation,HR,1,2,3,2,1743506.0779911089,144182.76654872508,19,6
AST-005233,Asset_5233,Workstation,Operations,0,4,2,3,6160543.135086983,48708.49573209664,1,0
AST-005234,Asset_5234,Workstation,HR,0,2,1,2,2640714.912619924,84812.74470801646,0,0
AST-005235,Asset_5235,Workstation,Marketing,1,1,2,1,936192.6634727924,75094.81226924341,15,4
AST-005236,Asset_5236,Server,Finance,0,4,1,3,3714760.362333061,78448.12241415933,2,0
AST-005237,Asset_5237,Workstation,Sales,0,3,3,3,1829742.9034977236,82900.33929170406,2,0
AST-005238,Asset_5238,Workstation,Engineering,0,3,1,2,3912963.103833495,133430.9074008363,1,0
AST-005239,Asset_5239,Server,HR,0,2,3,2,2350422.739996133,71075.17164441264,5,1
AST-005240,Asset_5240,Database,Sales,1,3,3,3,2802403.5823410386,117412.61534892739,14,5
AST-005241,Asset_5241,Cloud_Storage,Engineering,1,2,4,3,3911297.0751100807,171160.2171946528,17,3
AST-005242,Asset_5242,Workstation,Sales,0,3,3,2,5183136.370716041,155104.5110601586,2,0
AST-005243,Asset_5243,Workstation,Engineering,1,4,2,3,5149705.053814804,164537.99316470206,19,2
AST-005244,Asset_5244,Cloud_Storage,Sales,1,4,2,4,5130225.489340691,361633.67710144544,20,7
AST-005245,Asset_5245,Workstation,Operations,0,2,1,2,1580835.0546575938,39195.34737071289,4,0
AST-005246,Asset_5246,Workstation,Marketing,0,4,1,3,5894763.422823355,233620.29158972192,1,0
AST-005247,Asset_5247,Workstation,Finance,0,1,1,1,1930453.2398545006,58927.4374117832,0,0
AST-005248,Asset_5248,Network_Device,Sales,1,1,1,1,1847434.266141156,83501.78622297001,16,4
AST-005249,Asset_5249,Workstation,Finance,1,2,4,3,1254313.0817653015,115428.88046356919,15,2
AST-005250,Asset_5250,Workstation,Sales,0,2,1,2,1159291.5719374274,106778.26045186877,1,0
AST-005251,Asset_5251,Database,HR,1,1,3,3,1941867.5690422375,252371.38434165594,14,1
AST-005252,Asset_5252,Cloud_Storage,Marketing,0,2,1,1,1599717.5360308215,84860.32450227156,1,0
AST-005253,Asset_5253,Workstation,Operations,0,1,5,2,1325621.1310569094,87678.28462121972,3,1
AST-005254,Asset_5254,Server,Marketing,1,2,1,2,1224129.417828799,167995.27914081767,11,6
AST-005255,Asset_5255,Network_Device,Finance,0,4,2,4,7059785.344593719,285663.4347550675,1,0
AST-005256,Asset_5256,Workstation,HR,0,3,2,3,2030390.3021396922,140545.97132403613,2,0
AST-005257,Asset_5257,Server,Engineering,0,1,3,3,1465635.7221489656,291820.4825431436,2,0
AST-005258,Asset_5258,Workstation,Marketing,0,5,1,2,2924709.851345117,25560.977797371106,2,1
AST-005259,Asset_5259,Workstation,Operations,0,2,3,2,1470015.629331573,88879.31997942088,3,0
AST-005260,Asset_5260,Network_Device,HR,0,3,2,3,3804634.8493949636,112877.21423246457,2,0
AST-005261,Asset_5261,Server,HR,1,2,1,1,1137055.7753171904,94218.44032623405,9,2
AST-005262,Asset_5262,Network_Device,Finance,1,5,1,3,3967095.8029142395,56852.373748152495,16,0
AST-005263,Asset_5263,Workstation,Operations,0,3,3,2,2112775.3644412495,133044.4009967739,1,1
AST-005264,Asset_5264,Server,HR,0,2,1,2,1121725.0923655014,148993.04456350452,0,1
AST-005265,Asset_5265,Cloud_Storage,HR,1,1,4,2,1956495.155324619,53151.64832507828,12,1
AST-005266,Asset_5266,Workstation,Engineering,0,2,1,2,2350498.8505381015,46990.55254041212,1,0
AST-005267,Asset_5267,Server,Finance,0,2,2,2,3576807.473756434,28609.639976566665,3,0
AST-005268,Asset_5268,Workstation,Finance,0,2,2,1,2074668.277761276,24298.76804300089,0,0
AST-005269,Asset_5269,Network_Device,Operations,0,1,2,2,563887.9542271321,165478.70652716828,2,0
AST-005270,Asset_5270,Database,HR,0,2,1,2,3086961.313391653,189912.10996175103,1,0
AST-005271,Asset_5271,Server,Engineering,0,2,4,2,1116262.573683811,182256.00339811886,1,0
AST-005272,Asset_5272,Server,Sales,0,3,3,4,3987519.998104398,171509.72647630266,2,0
AST-005273,Asset_5273,Server,Marketing,1,3,2,3,2126004.0774969277,225986.3875698864,9,3
AST-005274,Asset_5274,Workstation,Finance,1,1,2,1,1506225.4598796992,84433.9303750765,12,6
AST-005275,Asset_5275,Workstation,Engineering,0,1,2,2,1839055.8537707494,166247.38793587367,2,1
AST-005276,Asset_5276,Server,Operations,1,1,4,3,1933645.7085251766,46924.935410584905,23,3
AST-005277,Asset_5277,Server,Engineering,0,1,4,3,1291664.527025731,88004.20084431492,2,0
AST-005278,Asset_5278,Database,HR,0,1,1,1,1299055.5822380786,94505.04376302482,0,0
AST-005279,Asset_5279,Cloud_Storage,Marketing,1,3,1,1,1672255.7107172334,76591.5549523919,12,3
AST-005280,Asset_5280,Database,Finance,0,4,5,5,6619256.857273416,425458.58215511555,3,0
AST-005281,Asset_5281,Cloud_Storage,Sales,0,1,1,2,1934312.6232930943,112542.18435264383,3,0
AST-005282,Asset_5282,Workstation,HR,0,2,5,3,2314702.371461726,136125.13308706955,0,1
AST-005283,Asset_5283,Server,Finance,1,3,2,3,5071614.4360993765,205830.38630480645,11,6
AST-005284,Asset_5284,Network_Device,Operations,0,5,1,4,8480923.676897092,210228.420566423,0,1
AST-005285,Asset_5285,Workstation,Finance,1,4,1,2,6714205.140674063,87277.18027462187,6,3
AST-005286,Asset_5286,Workstation,Engineering,1,1,2,2,1638021.449598186,82617.60139166925,17,1
AST-005287,Asset_5287,Cloud_Storage,Marketing,1,1,3,2,822645.1050103934,48423.25897096451,15,4
AST-005288,Asset_5288,Server,Sales,0,1,1,1,1627137.305244659,57647.187037700605,0,0
AST-005289,Asset_5289,Server,Marketing,0,2,1,2,1433186.1434279762,113572.38273043325,2,0
AST-005290,Asset_5290,Workstation,Engineering,0,3,4,4,4706263.663910525,252677.03790746932,1,0
AST-005291,Asset_5291,Server,Sales,0,1,1,1,505308.1817324525,20460.1289727628,0,0
AST-005292,Asset_5292,Server,Sales,1,4,2,2,7512950.229007479,184686.13954560124,13,5
AST-005293,Asset_5293,Server,HR,0,2,2,2,3482166.435380776,153570.10216827042,0,0
AST-005294,Asset_5294,Server,Sales,1,5,1,4,7622225.955467685,87147.07604055412,15,5
AST-005295,Asset_5295,Workstation,Finance,0,1,1,1,641701.668604632,17140.954940907242,1,0
AST-005296,Asset_5296,Server,Marketing,1,1,1,1,1737482.8273389747,67862.86052614149,19,1
AST-005297,Asset_5297,Workstation,Operations,0,1,1,1,1812760.7215910968,40735.24475595556,3,0
AST-005298,Asset_5298,Workstation,Operations,0,1,2,1,1531981.7052852267,38714.369828270996,2,2
AST-005299,Asset_5299,Workstation,Marketing,1,3,2,3,5891489.853480478,256797.58650517723,20,2
AST-005300,Asset_5300,Server,HR,0,1,2,1,639319.0526859331,41062.88795362193,1,1
AST-005301,Asset_5301,Workstation,Sales,0,3,2,2,4688923.1186709395,133792.7639648336,0,0
AST-005302,Asset_5302,Server,Engineering,0,1,1,1,1287194.0519763823,58336.706036934906,2,1
AST-005303,Asset_5303,Workstation,Finance,0,1,1,2,718409.1932161523,67334.12886621998,0,0
AST-005304,Asset_5304,Network_Device,HR,1,3,1,3,4462863.509745719,119542.8192329598,19,2
AST-005305,Asset_5305,Workstation,Sales,1,5,2,4,8496461.688450707,379549.44036569516,17,4
AST-005306,Asset_5306,Workstation,Operations,0,2,4,3,1494244.7234235601,119470.67576398153,4,1
AST-005307,Asset_5307,Workstation,Engineering,0,5,1,3,8451180.329081325,241680.92636431404,2,0
AST-005308,Asset_5308,Database,Sales,0,2,2,3,1278911.8680091165,262544.3823272276,2,0
AST-005309,Asset_5309,Network_Device,HR,1,2,3,2,2774200.3331219614,32786.83923979517,14,1
AST-005310,Asset_5310,Network_Device,Engineering,1,3,3,2,5093115.492470471,139358.9900384637,17,1
AST-005311,Asset_5311,Database,Engineering,1,1,5,2,718935.2512144872,154866.90092501426,16,3
AST-005312,Asset_5312,Workstation,Engineering,0,1,1,1,1357278.6420718068,49061.95157682497,1,0
AST-005313,Asset_5313,Cloud_Storage,Engineering,0,2,1,1,2274634.641797725,61239.25687262885,5,0
AST-005314,Asset_5314,Cloud_Storage,Sales,0,1,1,2,1410913.080769421,49125.05397837242,3,0
AST-005315,Asset_5315,Workstation,Engineering,0,1,1,2,1136332.550614947,77329.5069333254,0,0
AST-005316,Asset_5316,Workstation,Sales,1,1,2,2,876367.8033831569,147380.05350891943,15,1
AST-005317,Asset_5317,Server,Engineering,0,3,4,3,2642149.045618687,192694.23298227298,2,1
AST-005318,Asset_5318,Cloud_Storage,Engineering,1,2,2,1,3594100.561092168,22274.716926319743,17,3
AST-005319,Asset_5319,Server,HR,0,2,1,1,1469362.9538593672,98924.38282854075,1,1
AST-005320,Asset_5320,Workstation,Sales,1,4,1,2,2738685.507279968,188802.04221188196,18,5
AST-005321,Asset_5321,Server,Operations,0,2,4,3,1291237.4311163863,90511.66674875806,2,1
AST-005322,Asset_5322,Server,Sales,0,3,2,3,1833696.4485627925,266282.55208808114,2,0
AST-005323,Asset_5323,Workstation,Marketing,0,4,4,4,2086953.1346709083,136180.9489853248,3,1
AST-005324,Asset_5324,Cloud_Storage,Operations,1,3,3,3,2221826.2618415495,182209.56520130718,14,4
AST-005325,Asset_5325,Server,HR,0,2,5,4,1578182.3047100515,321538.36122772784,0,0
AST-005326,Asset_5326,Workstation,Sales,1,2,4,4,1809172.1807838208,163868.87236695984,14,2
AST-005327,Asset_5327,Server,HR,0,2,2,2,1372118.4404127374,119926.53082247984,3,0
AST-005328,Asset_5328,Server,Operations,0,2,3,3,1282467.5617608698,151595.4741971472,4,1
AST-005329,Asset_5329,Workstation,HR,1,1,2,1,1312215.0885502335,78417.87549052948,9,1
AST-005330,Asset_5330,Workstation,HR,0,2,1,1,3156059.3281447175,53080.813484106395,2,0
AST-005331,Asset_5331,Server,Finance,0,1,1,1,1445280.7660498573,61022.00780637226,3,0
AST-005332,Asset_5332,Database,Sales,0,1,1,1,1335059.5534417962,86100.19281426581,1,0
AST-005333,Asset_5333,Server,HR,1,2,1,2,2321691.3164349906,145756.19677449635,10,3
AST-005334,Asset_5334,Database,Finance,0,4,1,3,5803881.488634758,172425.88435673132,0,0
AST-005335,Asset_5335,Cloud_Storage,Finance,0,1,2,2,1852800.1560919953,103032.48726639232,2,0
AST-005336,Asset_5336,Cloud_Storage,Engineering,0,1,5,3,1441127.6322210315,64226.72604047743,2,0
AST-005337,Asset_5337,Database,Engineering,0,2,2,2,1182583.2459841263,30145.96694637752,0,0
AST-005338,Asset_5338,Workstation,Operations,0,2,2,3,2711256.66493967,287249.3651721743,2,1
AST-005339,Asset_5339,Cloud_Storage,Sales,0,1,1,1,1286321.687107436,26787.39062918842,2,0
AST-005340,Asset_5340,Server,Engineering,1,1,1,1,1178034.87127352,34918.4536729496,23,8
AST-005341,Asset_5341,Network_Device,Operations,0,2,2,3,2706385.930009462,194956.1049216229,0,0
AST-005342,Asset_5342,Cloud_Storage,Sales,1,3,3,3,4526779.482624453,253539.94391868322,16,3
AST-005343,Asset_5343,Server,Operations,1,1,1,1,555890.1396466775,84982.77707607302,19,4
AST-005344,Asset_5344,Server,Finance,1,1,2,3,1220301.340988752,254004.80275316437,14,2
AST-005345,Asset_5345,Cloud_Storage,Finance,0,2,3,2,3451684.0993095622,196055.84136756498,0,0
AST-005346,Asset_5346,Workstation,Sales,0,1,1,1,1296165.8046241254,15013.274207169148,2,0
AST-005347,Asset_5347,Server,Operations,1,1,1,1,601786.6842765752,45986.337841239845,10,3
AST-005348,Asset_5348,Server,Operations,0,2,3,3,3325209.9732882865,276668.6913936614,2,0
AST-005349,Asset_5349,Workstation,Engineering,0,5,2,4,9559986.680470353,208241.61433610457,2,1
AST-005350,Asset_5350,Workstation,Engineering,1,1,1,2,1777765.9369989913,176833.3922161886,16,1
AST-005351,Asset_5351,Workstation,Sales,0,2,1,2,2087706.3986922533,23178.161120671302,3,1
AST-005352,Asset_5352,Cloud_Storage,Marketing,0,1,2,1,1302235.758028175,55393.10368021465,3,2
AST-005353,Asset_5353,Server,Engineering,0,4,1,2,5547872.938182382,186041.39886516542,1,2
AST-005354,Asset_5354,Workstation,HR,1,1,3,2,1573697.879493011,67030.91943954414,13,1
AST-005355,Asset_5355,Workstation,Engineering,0,2,1,1,2998206.375120523,93669.24788574103,6,3
AST-005356,Asset_5356,Workstation,Marketing,1,3,1,3,2395821.599557211,32288.86754647064,12,5
AST-005357,Asset_5357,Server,Operations,0,5,1,3,8822787.923231658,51310.43522089957,0,0
AST-005358,Asset_5358,Cloud_Storage,Finance,0,2,4,3,3547547.1796836373,158742.64807934233,1,0
AST-005359,Asset_5359,Network_Device,Finance,0,1,3,2,1106527.3603676949,39148.329520345455,2,0
AST-005360,Asset_5360,Workstation,Operations,0,2,4,3,1392744.0976278782,90911.2751982808,3,0
AST-005361,Asset_5361,Workstation,Finance,0,1,2,2,1412850.1193879861,73554.50384813402,2,0
AST-005362,Asset_5362,Server,Engineering,0,2,3,2,2071779.7838110316,106669.281685376,2,1
AST-005363,Asset_5363,Workstation,Finance,1,3,4,4,4836257.82921504,180584.90871616022,17,2
AST-005364,Asset_5364,Workstation,Marketing,0,3,1,2,2920456.97299087,185986.57495692722,2,0
AST-005365,Asset_5365,Workstation,Marketing,0,2,5,4,1788997.8274867367,358965.2781352491,2,1
AST-005366,Asset_5366,Cloud_Storage,Engineering,0,3,4,4,5404696.672092349,309305.5208008283,3,2
AST-005367,Asset_5367,Workstation,Operations,1,4,5,5,5694923.213345949,346688.7399675534,15,2
AST-005368,Asset_5368,Database,HR,0,4,4,4,2515949.860093491,113562.78168280123,3,1
AST-005369,Asset_5369,Workstation,Engineering,0,3,3,3,4602132.812619435,192493.0897624965,1,1
AST-005370,Asset_5370,Server,Finance,1,2,4,3,3258200.654203916,69706.94723624569,18,2
AST-005371,Asset_5371,Database,Engineering,0,2,2,2,1705610.8402999206,101489.44118435495,2,1
AST-005372,Asset_5372,Database,Marketing,0,1,3,2,1951484.521442036,103074.27531917283,1,0
AST-005373,Asset_5373,Workstation,Engineering,0,1,1,1,1059287.3698361274,72073.8960914918,1,0
AST-005374,Asset_5374,Workstation,Engineering,1,2,3,2,3821721.5492122,170322.81052532408,12,3
AST-005375,Asset_5375,Workstation,HR,0,1,3,2,940425.38512959,77690.40849148217,0,0
AST-005376,Asset_5376,Workstation,Marketing,0,2,3,2,2827587.9435472195,27412.62970857532,0,0
AST-005377,Asset_5377,Workstation,Sales,1,2,3,3,2552709.596909388,42682.00034574492,14,3
AST-005378,Asset_5378,Database,Sales,0,2,2,2,3976475.631811475,177468.37189170343,2,1
AST-005379,Asset_5379,Network_Device,Marketing,1,1,2,1,1112533.4140108917,53769.32742537779,12,7
AST-005380,Asset_5380,Server,Sales,0,1,1,1,768935.9952180604,32321.13247801905,3,0
AST-005381,Asset_5381,Server,Finance,0,1,1,1,1749813.2946502438,12905.805465937174,3,0
AST-005382,Asset_5382,Workstation,Sales,0,1,2,1,563066.2427956851,57588.790424110215,3,0
AST-005383,Asset_5383,Server,Finance,0,5,2,4,9137170.216315027,89354.12074726386,2,0
AST-005384,Asset_5384,Server,Marketing,0,1,1,1,665884.2401276772,47532.52604800597,2,0
AST-005385,Asset_5385,Workstation,Sales,0,1,1,1,1358018.6569550387,56446.99435144633,2,0
AST-005386,Asset_5386,Workstation,Sales,0,1,1,2,1570122.9765824694,61256.058643380304,2,1
AST-005387,Asset_5387,Workstation,Operations,1,2,3,3,2008970.0217834595,83685.93766646733,15,1
AST-005388,Asset_5388,Cloud_Storage,Finance,0,2,2,2,3534224.3197218576,23565.45272471469,1,1
AST-005389,Asset_5389,Workstation,Finance,1,1,1,1,1390557.4540934977,62696.870659408545,11,3
AST-005390,Asset_5390,Network_Device,Engineering,1,4,3,4,4370935.342233142,112158.83598031463,11,3
AST-005391,Asset_5391,Server,HR,1,3,1,2,2964135.8855530745,178081.12024901278,13,2
AST-005392,Asset_5392,Workstation,Sales,1,1,2,1,668012.3545334837,64339.889479826255,20,2
AST-005393,Asset_5393,Network_Device,Operations,0,2,1,1,2921090.6828826023,60077.28967723456,2,0
AST-005394,Asset_5394,Workstation,HR,1,2,5,3,2092128.8389993806,166264.85944419669,17,4
AST-005395,Asset_5395,Workstation,Operations,1,1,1,1,980840.8228084948,29377.90705518128,12,2
AST-005396,Asset_5396,Database,HR,1,3,3,3,5774765.920736117,291740.81995478756,4,6
AST-005397,Asset_5397,Server,Sales,0,1,2,1,909196.3835363064,97034.0166526974,1,0
AST-005398,Asset_5398,Workstation,Operations,1,2,1,1,3629695.3320906237,38914.51821218477,17,3
AST-005399,Asset_5399,Database,Finance,1,2,1,1,3924688.066307797,79859.46016206771,23,4
AST-005400,Asset_5400,Network_Device,Engineering,1,2,1,1,3468219.8464806224,20732.145913980494,11,1
AST-005401,Asset_5401,Server,Operations,0,4,3,3,2117102.379574801,240742.78832059854,1,0
AST-005402,Asset_5402,Cloud_Storage,Marketing,0,1,1,1,1802935.9850587058,35769.87396741566,2,1
AST-005403,Asset_5403,Cloud_Storage,Sales,1,1,3,3,820123.0058271578,108066.30851115951,15,9
AST-005404,Asset_5404,Server,Sales,0,2,2,2,2059832.8775524592,111301.9957005678,2,0
AST-005405,Asset_5405,Database,Marketing,0,1,1,1,1987374.789292729,45309.606550187185,1,0
AST-005406,Asset_5406,Network_Device,HR,1,1,1,1,1107466.7891684142,20604.802867641145,19,4
AST-005407,Asset_5407,Cloud_Storage,Engineering,0,2,4,4,2964504.67202446,253507.7714547836,2,1
AST-005408,Asset_5408,Workstation,HR,0,1,1,2,966078.7806968217,58491.8496888088,1,1
AST-005409,Asset_5409,Database,Marketing,0,1,1,2,1054143.0030024955,100006.36063487417,1,0
AST-005410,Asset_5410,Workstation,Marketing,0,1,2,1,1396437.9926844086,30790.962084776293,1,0
AST-005411,Asset_5411,Workstation,Engineering,0,1,1,1,1922428.6186273745,87182.67174638997,3,2
AST-005412,Asset_5412,Server,Marketing,0,2,2,3,1847366.6943932683,121265.8528634584,2,0
AST-005413,Asset_5413,Workstation,Marketing,0,1,1,1,871049.0105647156,89874.1742649368,2,0
AST-005414,Asset_5414,Server,Operations,0,5,5,5,2697059.202353359,196743.75960168705,1,0
AST-005415,Asset_5415,Server,Engineering,1,1,2,2,803163.2049679649,52309.472969595925,17,2
AST-005416,Asset_5416,Database,Sales,0,2,5,4,1787237.664608832,247588.47136569888,3,0
AST-005417,Asset_5417,Database,HR,0,3,1,2,1782940.906402588,119924.7997260344,3,0
AST-005418,Asset_5418,Database,Sales,0,1,1,1,1345413.1680538566,65702.22014016614,4,0
AST-005419,Asset_5419,Workstation,Sales,1,3,4,4,2070439.6225878072,148770.25548748573,12,2
AST-005420,Asset_5420,Database,Operations,1,3,1,2,3799843.795463939,77594.40485540687,12,3
AST-005421,Asset_5421,Server,HR,0,1,2,1,783471.9786167775,31368.70751748277,0,1
AST-005422,Asset_5422,Database,Sales,0,5,1,3,9517941.262101194,280668.26196074905,2,0
AST-005423,Asset_5423,Cloud_Storage,Engineering,0,1,5,3,960646.3425519492,214398.04752224716,0,1
AST-005424,Asset_5424,Workstation,HR,1,1,1,1,639392.7122243681,78063.01739147918,15,3
AST-005425,Asset_5425,Workstation,Finance,0,3,3,3,5262694.464261304,82424.04782904129,4,1
AST-005426,Asset_5426,Workstation,Operations,0,1,2,1,1103054.5657854993,69542.04617798449,3,0
AST-005427,Asset_5427,Cloud_Storage,Sales,1,2,1,1,3460362.7464664606,78639.78855360867,13,4
AST-005428,Asset_5428,Server,Marketing,1,4,1,3,3874937.4988209037,122463.1489105838,19,2
AST-005429,Asset_5429,Workstation,HR,0,5,4,4,6250283.318303412,96769.33852449084,0,0
AST-005430,Asset_5430,Workstation,Finance,1,2,3,3,2336071.9064203724,218191.147368023,18,3
AST-005431,Asset_5431,Workstation,Marketing,0,5,2,4,6684297.62973215,260011.69313204917,1,0
AST-005432,Asset_5432,Server,Finance,1,2,2,2,2204953.5560542317,123611.28466559545,14,3
AST-005433,Asset_5433,Workstation,Sales,0,1,1,1,1245203.225939363,26430.998131500553,1,0
AST-005434,Asset_5434,Server,Marketing,0,2,2,2,3037982.552777402,67248.57627883051,3,0
AST-005435,Asset_5435,Workstation,Sales,0,2,2,2,2244048.3348840727,132479.21525413287,4,0
AST-005436,Asset_5436,Workstation,Marketing,0,2,3,2,3053214.239261419,130445.52033530272,1,1
AST-005437,Asset_5437,Server,HR,0,2,1,2,3142905.7576547908,119850.11002671998,2,1
AST-005438,Asset_5438,Network_Device,Engineering,0,2,5,4,3246780.296931878,316530.17175540875,0,1
AST-005439,Asset_5439,Server,Engineering,0,2,1,1,2412810.5081218015,83319.14781125037,0,0
AST-005440,Asset_5440,Network_Device,Finance,0,5,1,3,2528425.603288345,104658.81655168359,1,0
AST-005441,Asset_5441,Workstation,Operations,1,2,4,3,3260533.217993449,72554.04235861759,18,1
AST-005442,Asset_5442,Server,Marketing,0,1,2,2,1863627.6768849296,56210.2011383081,2,0
AST-005443,Asset_5443,Server,Sales,0,3,1,2,4436780.439545519,70635.58326771055,2,2
AST-005444,Asset_5444,Cloud_Storage,Operations,0,1,3,2,1286820.5361691036,190594.74306965037,1,1
AST-005445,Asset_5445,Server,HR,0,3,2,3,4018160.9659991283,67033.77106930836,3,0
AST-005446,Asset_5446,Server,HR,0,1,1,1,1461217.6380884768,89088.53420128116,1,0
AST-005447,Asset_5447,Database,HR,0,1,2,1,1997786.9674240572,28303.971328374755,4,0
AST-005448,Asset_5448,Workstation,Engineering,0,1,1,2,593083.906763187,82720.22834888386,3,1
AST-005449,Asset_5449,Workstation,Sales,0,1,1,1,531774.345880732,21328.539705668016,1,1
AST-005450,Asset_5450,Server,HR,1,2,1,2,3892503.9395646146,38604.8631756369,15,4
AST-005451,Asset_5451,Server,HR,0,1,2,2,1160711.956758585,37125.747762117026,0,1
AST-005452,Asset_5452,Server,Finance,0,4,1,3,5674122.159917208,122544.90479976445,0,0
AST-005453,Asset_5453,Server,Marketing,0,2,4,4,3260322.834458014,228529.152037922,1,1
AST-005454,Asset_5454,Workstation,Marketing,1,1,2,1,1613144.3452500743,28072.678601112402,13,3
AST-005455,Asset_5455,Workstation,Marketing,0,3,1,2,4412373.869106249,187881.36166033352,0,0
AST-005456,Asset_5456,Server,Operations,1,2,2,2,2415674.614041676,125555.3804301624,17,2
AST-005457,Asset_5457,Database,Finance,0,3,3,4,4092352.129100005,358623.31178214704,6,0
AST-005458,Asset_5458,Database,Engineering,0,2,2,2,3188938.048947963,46787.38105655911,2,0
AST-005459,Asset_5459,Cloud_Storage,Operations,1,1,1,1,1776221.7746535786,22914.503926553567,17,2
AST-005460,Asset_5460,Cloud_Storage,Finance,1,2,1,1,1381912.1411504985,86207.74318745201,16,4
AST-005461,Asset_5461,Network_Device,HR,0,1,4,3,916937.9069304737,183354.96573354735,0,1
AST-005462,Asset_5462,Server,Sales,0,2,1,1,2192784.277319994,94472.81157439791,2,1
AST-005463,Asset_5463,Server,Operations,0,4,1,2,5992989.576019508,46441.43342259555,1,1
AST-005464,Asset_5464,Database,Operations,1,1,2,1,1093507.1220319476,12341.618165877675,15,2
AST-005465,Asset_5465,Server,HR,0,2,1,1,1716655.142351489,92490.44941769667,1,0
AST-005466,Asset_5466,Workstation,HR,0,1,5,3,549714.4696674091,218686.01841692923,3,0
AST-005467,Asset_5467,Workstation,Sales,0,1,4,3,1763761.9118350632,247935.37305449252,1,0
AST-005468,Asset_5468,Network_Device,Marketing,0,2,2,2,2256801.288763365,73282.52244784703,3,1
AST-005469,Asset_5469,Network_Device,Operations,0,2,3,3,1987686.9967469284,30827.93326044049,3,0
AST-005470,Asset_5470,Database,Finance,0,2,2,2,2592478.6633809116,106918.37291883129,1,1
AST-005471,Asset_5471,Workstation,Engineering,0,1,3,2,684379.6800393832,198201.69484124426,4,0
AST-005472,Asset_5472,Database,HR,0,3,2,3,3288112.6114372043,275035.1026083203,3,2
AST-005473,Asset_5473,Server,HR,0,1,1,1,1627678.6069993551,16482.05065396835,1,0
AST-005474,Asset_5474,Workstation,Engineering,0,1,4,2,1604176.1737238728,53801.058795235134,2,0
AST-005475,Asset_5475,Server,Finance,0,3,4,4,4973533.634849055,152042.04296277222,1,1
AST-005476,Asset_5476,Workstation,HR,0,4,5,5,4804502.552613374,423680.2048743727,3,0
AST-005477,Asset_5477,Database,Engineering,0,2,3,2,2106741.1727126427,168448.59771428123,1,0
AST-005478,Asset_5478,Workstation,HR,0,4,2,2,6988642.991333222,53300.81051009385,1,0
AST-005479,Asset_5479,Workstation,Marketing,1,1,1,2,759936.5568316795,115954.41388605328,14,3
AST-005480,Asset_5480,Database,Marketing,0,1,1,1,1587706.6702181248,55161.53792897325,0,1
AST-005481,Asset_5481,Network_Device,HR,0,3,1,3,5495762.820734379,141855.73386544554,1,2
AST-005482,Asset_5482,Server,HR,0,4,1,1,3716913.6697646817,58232.84103117747,1,0
AST-005483,Asset_5483,Workstation,Marketing,0,1,2,2,796693.1333252983,72701.99552464261,5,1
AST-005484,Asset_5484,Workstation,HR,0,1,2,1,1268786.9070556192,57839.42553926586,2,2
AST-005485,Asset_5485,Workstation,Finance,0,1,1,1,824586.0228730965,71704.73647680611,1,0
AST-005486,Asset_5486,Cloud_Storage,Finance,0,1,2,1,1806152.7773043523,15625.294960090632,3,0
AST-005487,Asset_5487,Server,Sales,0,3,1,2,2599876.0545338364,194115.06197762612,1,0
AST-005488,Asset_5488,Workstation,Finance,0,2,2,2,1941897.7643913017,49754.64781402261,0,0
AST-005489,Asset_5489,Workstation,Operations,1,2,5,3,3665258.6247736425,127280.6390693219,17,2
AST-005490,Asset_5490,Cloud_Storage,Operations,1,2,2,2,1616864.8599078744,104712.9252522061,18,1
AST-005491,Asset_5491,Server,Operations,1,4,1,2,7308704.155199984,27377.199295152146,9,2
AST-005492,Asset_5492,Workstation,HR,0,1,2,1,814704.4390952592,59352.56520243136,2,1
AST-005493,Asset_5493,Workstation,HR,1,2,3,2,3735416.9843320637,176595.27805381067,23,5
AST-005494,Asset_5494,Server,Engineering,1,4,2,4,3905851.418576886,364366.53866107954,13,3
AST-005495,Asset_5495,Workstation,Operations,1,1,5,3,869351.8872022484,118071.73944910354,18,7
AST-005496,Asset_5496,Database,Operations,0,3,1,2,3647353.969562923,120583.38956167898,0,0
AST-005497,Asset_5497,Workstation,Finance,1,2,1,2,2107670.5099689513,159823.53768974877,20,1
AST-005498,Asset_5498,Network_Device,Marketing,0,1,1,2,802624.5305573657,65512.22813951248,2,2
AST-005499,Asset_5499,Workstation,Marketing,0,1,3,3,1007530.6971340207,172687.57718927538,4,0
AST-005500,Asset_5500,Workstation,Sales,0,2,2,3,3139688.0296655656,129014.83190950897,1,2
AST-005501,Asset_5501,Workstation,Engineering,1,2,1,1,3495701.914271818,44035.7463712893,15,3
AST-005502,Asset_5502,Server,Marketing,1,2,1,2,3462285.4946325184,36944.75588235936,19,3
AST-005503,Asset_5503,Server,Sales,0,1,2,1,1635225.872600738,46620.06715931792,1,0
AST-005504,Asset_5504,Workstation,Finance,0,2,5,3,1016305.4574555743,73437.39933684017,1,2
AST-005505,Asset_5505,Database,Engineering,0,1,1,1,1139905.920683112,37114.30652120987,3,1
AST-005506,Asset_5506,Server,Engineering,0,1,1,1,753458.2664469881,39725.29926099509,3,0
AST-005507,Asset_5507,Workstation,Operations,0,1,2,2,610213.7388255938,97507.99018810004,0,0
AST-005508,Asset_5508,Database,HR,0,2,1,2,3207646.1447021984,185044.47301271727,3,1
AST-005509,Asset_5509,Server,Operations,1,1,2,2,1690219.8056383086,133579.47541720193,16,5
AST-005510,Asset_5510,Workstation,Finance,0,1,2,1,1721924.9702371254,97701.583463929,1,0
AST-005511,Asset_5511,Server,Operations,0,1,2,1,1835466.1930446683,63158.63646329223,1,0
AST-005512,Asset_5512,Cloud_Storage,Engineering,1,1,4,2,1385072.2864118447,164988.20775808324,12,3
AST-005513,Asset_5513,Network_Device,Operations,1,1,1,1,1997194.6997078264,85073.63196630625,10,4
AST-005514,Asset_5514,Workstation,Sales,1,2,3,3,2451167.920935523,229531.02723123448,10,3
AST-005515,Asset_5515,Server,Operations,0,3,4,4,5475745.494963363,281169.3900898126,2,1
AST-005516,Asset_5516,Workstation,Marketing,1,2,1,2,1338822.2947089444,95224.69853056413,10,3
AST-005517,Asset_5517,Network_Device,Finance,0,2,1,1,1446770.5017862844,61054.8530684518,3,0
AST-005518,Asset_5518,Workstation,Finance,1,1,3,2,1385524.1668612466,54869.001253921786,11,3
AST-005519,Asset_5519,Server,Engineering,1,5,3,4,3431010.789413034,262568.7926980389,12,2
AST-005520,Asset_5520,Workstation,Operations,1,1,1,1,612950.9572588943,56286.686988850095,24,1
AST-005521,Asset_5521,Network_Device,Engineering,0,2,2,2,1588193.8966188477,164778.546015732,1,0
AST-005522,Asset_5522,Workstation,Engineering,0,4,2,4,6725221.189022938,364915.7048027967,3,1
AST-005523,Asset_5523,Workstation,Sales,1,2,1,1,3782374.0160403852,21951.50966136235,14,3
AST-005524,Asset_5524,Workstation,HR,1,1,3,2,1000200.9836608013,144363.40429077126,17,5
AST-005525,Asset_5525,Workstation,Engineering,0,1,2,1,1962133.7607188402,95504.16772574896,3,0
AST-005526,Asset_5526,Server,HR,1,1,4,2,1714325.6994948254,185218.550735087,10,5
AST-005527,Asset_5527,Workstation,HR,0,2,2,2,1678323.1498886796,170196.72505465595,2,0
AST-005528,Asset_5528,Server,Finance,0,2,2,2,2758344.9969609566,28701.380078043643,3,0
AST-005529,Asset_5529,Workstation,Marketing,0,3,2,3,5918070.365706054,98170.71149276553,0,0
AST-005530,Asset_5530,Server,Marketing,0,1,1,2,1773178.7192360468,46691.92364970961,1,0
AST-005531,Asset_5531,Workstation,Operations,0,3,3,3,3135115.8725534114,280272.3044259651,2,1
AST-005532,Asset_5532,Server,Sales,1,3,2,3,2878453.20822985,232200.25019733811,16,2
AST-005533,Asset_5533,Workstation,Sales,0,1,3,2,1728881.2223735582,115721.23453944923,2,0
AST-005534,Asset_5534,Workstation,Marketing,0,1,3,2,1323747.7950973562,196292.04237578303,2,0
AST-005535,Asset_5535,Server,Operations,1,2,2,2,1490327.5459924424,55049.377761386706,13,3
AST-005536,Asset_5536,Server,Marketing,1,2,1,1,1983497.6751514343,67741.47260190162,14,4
AST-005537,Asset_5537,Server,Operations,0,1,4,3,1492719.4660606289,194532.8776338822,1,0
AST-005538,Asset_5538,Network_Device,Operations,0,1,1,1,729738.3262089555,40640.882042787445,0,0
AST-005539,Asset_5539,Workstation,Operations,0,3,5,4,4644222.933330378,214736.90515037242,0,0
AST-005540,Asset_5540,Workstation,Operations,1,1,2,2,1564893.1422013848,62369.51035879499,15,1
AST-005541,Asset_5541,Server,Finance,0,1,1,1,906119.5324420084,70940.32801731818,0,0
AST-005542,Asset_5542,Workstation,Finance,0,3,4,4,3291137.5732430294,190566.65572250966,1,0
AST-005543,Asset_5543,Network_Device,Marketing,1,2,3,2,3806351.993713799,24239.017456229256,15,6
AST-005544,Asset_5544,Network_Device,Operations,0,2,3,2,3247527.3634448904,191141.34015330978,4,0
AST-005545,Asset_5545,Workstation,Engineering,0,2,1,2,3363431.966698667,110255.44830903936,0,0
AST-005546,Asset_5546,Server,Operations,1,2,4,4,2548795.5693170987,294028.19669246016,18,2
AST-005547,Asset_5547,Server,Engineering,0,2,2,1,1639419.792552535,27723.69911602287,2,0
AST-005548,Asset_5548,Server,Finance,0,5,2,4,6934419.344626356,85802.69844977299,5,0
AST-005549,Asset_5549,Server,Operations,1,1,4,3,1658156.4352250034,273653.92100457236,22,2
AST-005550,Asset_5550,Server,HR,1,1,2,1,505824.8963569672,63183.92709870059,13,0
AST-005551,Asset_5551,Server,Marketing,0,1,1,2,670664.3798982645,108803.15693893957,1,0
AST-005552,Asset_5552,Database,Operations,0,2,2,2,2422882.3472742354,113807.00641773986,3,2
AST-005553,Asset_5553,Cloud_Storage,Sales,1,2,2,3,2311588.442329796,93774.70124537309,26,5
AST-005554,Asset_5554,Workstation,Engineering,0,1,4,2,1973424.5686924788,184283.54633229057,3,0
AST-005555,Asset_5555,Network_Device,Operations,0,1,1,1,638229.3508958345,29281.616614334307,2,0
AST-005556,Asset_5556,Workstation,HR,0,1,3,2,985529.5438231728,48441.1300101197,2,1
AST-005557,Asset_5557,Server,Engineering,0,1,3,1,1722665.6413192747,93704.12990699867,3,2
AST-005558,Asset_5558,Workstation,HR,1,5,1,3,7093206.95227273,99544.94120182867,13,2
AST-005559,Asset_5559,Server,Marketing,0,2,1,1,2684843.323699412,87623.62470007922,1,0
AST-005560,Asset_5560,Workstation,Marketing,1,1,2,1,1611801.5578757396,79526.15267466131,19,4
AST-005561,Asset_5561,Database,Marketing,1,1,3,3,559974.5158336035,133124.7767407855,10,4
AST-005562,Asset_5562,Cloud_Storage,Finance,1,1,2,2,1921237.547550835,65720.3611320378,12,4
AST-005563,Asset_5563,Server,HR,1,3,3,3,2360687.77219531,234926.91513012804,15,3
AST-005564,Asset_5564,Server,Operations,1,2,2,2,1245512.5804079776,127567.7643710097,11,4
AST-005565,Asset_5565,Cloud_Storage,Sales,0,5,2,4,5042151.8317931425,131454.5259182884,1,0
AST-005566,Asset_5566,Server,Sales,0,3,1,2,4660603.046851494,180358.30389568346,2,1
AST-005567,Asset_5567,Workstation,Marketing,1,2,1,3,1694449.7549751904,224665.25279330535,12,5
AST-005568,Asset_5568,Workstation,Sales,0,3,3,3,1724375.5670848594,275505.09528621833,2,1
AST-005569,Asset_5569,Network_Device,Engineering,0,3,3,3,1758357.809254089,148117.00448036985,1,1
AST-005570,Asset_5570,Cloud_Storage,HR,0,1,2,1,884865.5301516987,21537.956279146718,1,0
AST-005571,Asset_5571,Cloud_Storage,HR,0,2,2,2,1405821.566657561,186333.56508620328,4,0
AST-005572,Asset_5572,Server,HR,1,2,2,2,2117299.3314448926,128256.68550147618,17,4
AST-005573,Asset_5573,Network_Device,Engineering,1,2,1,1,1519219.252148374,64545.35504236927,18,0
AST-005574,Asset_5574,Workstation,Operations,0,1,2,2,1016471.5065261447,125167.77943214882,1,0
AST-005575,Asset_5575,Workstation,Finance,1,1,2,2,1166730.6962142456,105030.74405534755,16,3
AST-005576,Asset_5576,Server,Engineering,0,1,2,1,1613808.8123759613,32953.877182929304,1,1
AST-005577,Asset_5577,Workstation,HR,1,1,2,2,841099.2903082414,130343.93804376567,21,3
AST-005578,Asset_5578,Cloud_Storage,HR,0,4,3,4,4850382.64352061,298696.987950441,2,2
AST-005579,Asset_5579,Cloud_Storage,HR,1,2,1,2,3446065.577533697,184977.77330416528,17,2
AST-005580,Asset_5580,Workstation,Operations,0,2,1,1,3959131.568642229,16493.293725836404,2,0
AST-005581,Asset_5581,Server,Sales,0,2,1,3,2671918.5102896,98771.57378917233,2,0
AST-005582,Asset_5582,Database,Finance,1,2,3,2,2296961.1018512407,159803.44161599,20,2
AST-005583,Asset_5583,Network_Device,Engineering,0,5,2,2,7236498.468840331,159527.1248271079,2,1
AST-005584,Asset_5584,Workstation,HR,1,1,1,1,1229443.490832025,29083.10555131778,9,4
AST-005585,Asset_5585,Workstation,Marketing,0,3,5,4,2241404.8914454225,106498.36439550204,1,0
AST-005586,Asset_5586,Server,Finance,0,1,2,1,1189170.7731110868,43042.618833350534,1,0
AST-005587,Asset_5587,Workstation,Marketing,0,4,1,2,7874601.835519765,31324.765715268197,0,1
AST-005588,Asset_5588,Workstation,Finance,0,4,2,3,5842571.87794772,227197.41209482637,1,0
AST-005589,Asset_5589,Cloud_Storage,HR,0,4,3,3,3700593.55343228,210848.3557783193,3,0
AST-005590,Asset_5590,Workstation,Finance,1,1,2,2,1920719.0095484625,174570.588979976,18,2
AST-005591,Asset_5591,Database,Finance,0,1,2,2,1082872.4796299576,97408.84647900744,0,0
AST-005592,Asset_5592,Workstation,HR,1,1,1,1,1085182.064648544,67306.24081357586,11,4
AST-005593,Asset_5593,Server,Operations,0,2,1,1,2849798.476096204,95855.45399011414,1,0
AST-005594,Asset_5594,Cloud_Storage,Marketing,0,2,1,2,2706921.149185948,192584.41663256145,1,0
AST-005595,Asset_5595,Database,Operations,0,1,1,1,935654.8572038781,16396.98527383789,3,2
AST-005596,Asset_5596,Workstation,Marketing,0,3,2,3,3601861.4609788125,30508.773136724252,1,1
AST-005597,Asset_5597,Database,Sales,1,1,2,2,998769.5384156974,192797.19110540315,18,3
AST-005598,Asset_5598,Workstation,Marketing,0,4,2,3,6426682.704139791,174535.48252563184,4,0
AST-005599,Asset_5599,Workstation,Marketing,0,1,2,1,683754.2996624426,73036.04868357489,2,0
AST-005600,Asset_5600,Workstation,Finance,0,1,1,1,1625376.6949291006,92133.7442234786,2,1
AST-005601,Asset_5601,Server,Sales,0,2,1,1,1483501.075938982,48983.91391930387,1,0
AST-005602,Asset_5602,Database,HR,0,2,1,1,1917945.9742267109,49658.79537532957,2,0
AST-005603,Asset_5603,Server,HR,0,1,1,1,999997.6810570506,25028.341383028266,3,2
AST-005604,Asset_5604,Workstation,Engineering,0,3,3,2,5956854.789571798,183049.09050532087,0,1
AST-005605,Asset_5605,Server,Sales,1,2,3,3,2769465.954209553,204871.7926286294,18,8
AST-005606,Asset_5606,Workstation,Finance,1,4,3,4,6665325.153933539,104896.92902495837,13,1
AST-005607,Asset_5607,Network_Device,Engineering,0,4,2,4,5332267.902976876,241525.12524443888,1,0
AST-005608,Asset_5608,Network_Device,Engineering,0,2,1,2,3949473.907025391,79069.50891010123,1,1
AST-005609,Asset_5609,Workstation,HR,1,4,3,4,3064288.1074770903,92985.50913034944,10,5
AST-005610,Asset_5610,Workstation,Marketing,1,3,2,2,4221933.581990918,52736.500531063786,19,5
AST-005611,Asset_5611,Server,Finance,1,5,1,4,8480365.504320443,241332.57681167286,16,1
AST-005612,Asset_5612,Workstation,Sales,1,4,4,4,5771336.856281215,243178.68133579302,10,4
AST-005613,Asset_5613,Network_Device,Engineering,0,3,1,2,5536212.8299407875,162189.34058941863,2,0
AST-005614,Asset_5614,Server,Finance,1,2,2,2,2802123.9441615967,64637.17115659915,11,3
AST-005615,Asset_5615,Workstation,HR,1,1,2,2,1739657.8234649138,184850.008803448,15,2
AST-005616,Asset_5616,Network_Device,Engineering,0,4,3,3,3054782.7462197226,170025.49151769406,2,0
AST-005617,Asset_5617,Network_Device,Engineering,0,3,4,4,2679287.524576472,113502.16798286301,2,0
AST-005618,Asset_5618,Server,Operations,0,1,4,2,1166102.8660843906,94390.50360861036,2,1
AST-005619,Asset_5619,Workstation,HR,0,1,2,1,1777426.5677520614,93102.33448366544,1,0
AST-005620,Asset_5620,Server,Operations,0,2,2,2,2279678.1762059224,106068.17771603589,2,1
AST-005621,Asset_5621,Server,HR,0,2,1,1,2882376.813202545,88724.35994311406,1,1
AST-005622,Asset_5622,Cloud_Storage,HR,0,1,2,2,1093717.4028804412,48769.89232999502,0,0
AST-005623,Asset_5623,Network_Device,Operations,0,1,4,3,1708580.5836756462,276768.7676245099,0,0
AST-005624,Asset_5624,Workstation,Finance,0,3,2,3,2401294.13811606,146267.07748484774,1,0
AST-005625,Asset_5625,Server,Finance,1,1,1,1,1390654.217059933,94251.4249177688,13,3
AST-005626,Asset_5626,Network_Device,Finance,0,2,1,1,2733670.565014801,87947.06675160982,0,0
AST-005627,Asset_5627,Workstation,Marketing,1,3,2,2,3314588.2132919426,138793.93523892638,10,3
AST-005628,Asset_5628,Database,Engineering,1,3,1,2,4673076.25473501,141112.35505154353,15,2
AST-005629,Asset_5629,Workstation,Finance,1,1,1,1,542714.9120368245,29035.718908920946,10,5
AST-005630,Asset_5630,Server,Marketing,1,1,1,1,1762249.9828347983,64254.68010306298,7,5
AST-005631,Asset_5631,Workstation,Engineering,0,2,1,2,2043895.6887167662,118909.20294050674,0,0
AST-005632,Asset_5632,Workstation,Finance,0,3,1,3,5068601.563086839,120219.69981192194,0,1
AST-005633,Asset_5633,Server,HR,0,1,4,3,957589.2373780282,166517.8115470831,1,1
AST-005634,Asset_5634,Server,Sales,1,1,2,1,781859.7006442433,93622.91968254064,11,3
AST-005635,Asset_5635,Server,Finance,0,4,2,4,4336936.8385092355,41910.03896492485,2,0
AST-005636,Asset_5636,Server,Sales,0,4,2,3,6784201.717942252,142623.50505535305,1,0
AST-005637,Asset_5637,Workstation,Finance,1,2,1,1,3110554.1058564167,40027.48486937806,17,4
AST-005638,Asset_5638,Network_Device,HR,1,1,3,2,1101546.802798958,193021.59213557089,16,4
AST-005639,Asset_5639,Server,Sales,1,1,4,2,1906803.086616426,195300.96163142475,15,2
AST-005640,Asset_5640,Server,Marketing,0,1,1,2,1113164.2787763115,125418.8964144898,3,0
AST-005641,Asset_5641,Workstation,HR,0,1,1,1,1026129.0924400128,59500.627159659976,0,1
AST-005642,Asset_5642,Network_Device,Sales,0,2,2,2,1434156.7328623615,182578.24942589446,2,0
AST-005643,Asset_5643,Database,Sales,0,2,1,1,1210835.9372356865,10588.822638814414,2,0
AST-005644,Asset_5644,Database,Operations,1,1,4,3,1024853.6057772248,181815.76278902503,18,2
AST-005645,Asset_5645,Workstation,Operations,0,4,2,4,2552013.117203762,48867.66699577355,1,2
AST-005646,Asset_5646,Server,HR,0,2,1,1,2387904.8736662604,97134.60441853752,1,1
AST-005647,Asset_5647,Server,HR,1,2,2,2,3580028.63114509,77628.72032143455,16,1
AST-005648,Asset_5648,Workstation,HR,0,5,2,4,6070874.895210454,227488.4686618709,3,2
AST-005649,Asset_5649,Workstation,Engineering,1,2,1,2,2441742.934814757,95162.33082750806,19,1
AST-005650,Asset_5650,Workstation,Marketing,1,4,4,3,3520643.72579939,271278.51351784973,18,4
AST-005651,Asset_5651,Workstation,Finance,1,1,1,1,749443.3639225949,99983.61497425738,16,2
AST-005652,Asset_5652,Workstation,Operations,0,1,5,3,833493.287766014,48464.75405628182,1,0
AST-005653,Asset_5653,Server,Sales,0,2,1,2,2703965.438653479,151765.60447699728,2,0
AST-005654,Asset_5654,Database,Operations,1,2,3,3,2775379.343183179,129359.62846602849,24,5
AST-005655,Asset_5655,Server,Finance,1,1,1,1,830281.6890134276,22516.562777357216,22,1
AST-005656,Asset_5656,Server,HR,0,2,2,2,2196761.1226950474,92978.75533438777,2,2
AST-005657,Asset_5657,Workstation,Operations,0,1,2,1,1353024.026579759,99833.19671717852,3,0
AST-005658,Asset_5658,Network_Device,Marketing,0,2,1,1,3281386.115529851,42181.056941668394,2,0
AST-005659,Asset_5659,Cloud_Storage,Marketing,1,2,2,1,1959308.080127309,34965.953961810155,24,1
AST-005660,Asset_5660,Workstation,Engineering,0,2,1,3,1814070.760045718,258466.27114197612,0,0
AST-005661,Asset_5661,Server,Operations,0,2,2,3,3191400.997965324,264343.25995233323,3,1
AST-005662,Asset_5662,Server,HR,0,5,2,3,6353591.280532582,121494.67180463063,5,0
AST-005663,Asset_5663,Network_Device,Sales,0,1,3,2,1785119.8867917017,73761.16531023754,3,1
AST-005664,Asset_5664,Workstation,Engineering,1,5,1,3,4082522.652904884,204765.99893780262,16,5
AST-005665,Asset_5665,Workstation,HR,0,1,1,2,1656414.3141368746,56932.12706970978,0,0
AST-005666,Asset_5666,Workstation,Engineering,0,2,2,2,1486100.5222525282,107063.37247208478,1,0
AST-005667,Asset_5667,Workstation,Operations,0,2,4,3,2754313.7334903385,68162.79674488152,6,0
AST-005668,Asset_5668,Network_Device,Finance,0,3,4,4,2776351.687416089,149711.72016382669,2,1
AST-005669,Asset_5669,Server,Operations,0,3,2,3,1954909.3091981495,110320.00437866106,1,2
AST-005670,Asset_5670,Workstation,HR,0,3,4,3,4275440.720552142,217622.99055255036,2,0
AST-005671,Asset_5671,Network_Device,Sales,0,1,3,2,1260198.4398440921,70809.14629905656,1,1
AST-005672,Asset_5672,Server,Sales,1,3,1,2,3686910.84845809,181729.2266103022,20,1
AST-005673,Asset_5673,Workstation,HR,0,1,1,1,1388779.141180683,98474.14849323084,0,1
AST-005674,Asset_5674,Database,Engineering,1,1,1,1,1058655.8261825852,17295.553113170583,10,6
AST-005675,Asset_5675,Cloud_Storage,Marketing,0,1,1,1,1505251.3426282173,45788.28686628428,1,0
AST-005676,Asset_5676,Server,HR,0,2,2,2,1392531.1928155292,74331.39142894468,1,0
AST-005677,Asset_5677,Workstation,Operations,0,3,2,2,4717371.676364975,83358.223131971,1,0
AST-005678,Asset_5678,Server,Sales,0,1,2,1,1369720.5714210472,33881.93974629574,0,0
AST-005679,Asset_5679,Workstation,Finance,0,1,1,1,1229708.960053687,44439.83750827224,3,1
AST-005680,Asset_5680,Server,Sales,0,2,3,2,1382951.1999037745,45454.626698417924,2,1
AST-005681,Asset_5681,Server,Marketing,0,5,2,4,4586983.596224675,140734.57919632155,0,1
AST-005682,Asset_5682,Workstation,Sales,0,2,2,2,1885889.735858746,154607.21803214913,2,2
AST-005683,Asset_5683,Cloud_Storage,Marketing,0,2,5,4,1701437.9617298045,163856.74923463358,5,2
AST-005684,Asset_5684,Server,HR,0,2,1,2,3862539.179561207,57410.28151847263,0,1
AST-005685,Asset_5685,Server,Sales,0,3,1,3,5620387.010320694,59279.890412507215,0,2
AST-005686,Asset_5686,Workstation,Engineering,1,5,2,4,6595999.103794379,165281.49302194692,19,3
AST-005687,Asset_5687,Workstation,Operations,0,2,4,3,1617017.7497206698,203720.45392749514,3,0
AST-005688,Asset_5688,Cloud_Storage,Engineering,1,2,1,1,3733415.0952189676,32797.43839600039,15,5
AST-005689,Asset_5689,Server,Operations,0,4,3,3,6496439.197137044,144060.33654728305,1,3
AST-005690,Asset_5690,Workstation,Sales,1,5,4,4,2790788.7921552784,382863.4887097019,8,4
AST-005691,Asset_5691,Server,Sales,0,1,2,2,1236067.2826047405,119425.31333003473,3,0
AST-005692,Asset_5692,Server,Operations,1,2,1,1,2814833.869322981,57874.47542777471,12,2
AST-005693,Asset_5693,Workstation,Finance,0,3,2,2,1799130.1382854243,93789.79626243615,4,0
AST-005694,Asset_5694,Workstation,Sales,0,2,1,2,1149493.0934671739,120231.195861306,2,0
AST-005695,Asset_5695,Workstation,Finance,0,2,1,2,2390571.8754555415,197222.109391492,1,0
AST-005696,Asset_5696,Database,Finance,0,2,4,4,1005855.140012883,131370.48596521467,4,1
AST-005697,Asset_5697,Workstation,Operations,1,1,2,2,570253.3391167045,189547.02107287582,10,3
AST-005698,Asset_5698,Workstation,Finance,0,1,1,1,747706.4957179098,23416.388593929798,2,0
AST-005699,Asset_5699,Cloud_Storage,Finance,0,5,1,3,9324780.805218343,59998.44815757008,2,0
AST-005700,Asset_5700,Server,HR,0,2,2,2,3298850.5810381225,137840.50923376952,1,0
AST-005701,Asset_5701,Server,Engineering,0,4,2,3,4702556.0254237205,97818.33666064942,2,0
AST-005702,Asset_5702,Database,Finance,0,3,2,2,3656425.5036314833,99990.61513533683,2,0
AST-005703,Asset_5703,Workstation,Engineering,0,2,3,3,3058073.6473178053,227006.7875160161,1,1
AST-005704,Asset_5704,Server,Finance,0,3,2,3,3634739.4134616572,174407.20585403626,2,0
AST-005705,Asset_5705,Cloud_Storage,Engineering,0,1,5,3,595887.6632703451,33712.324319242936,0,1
AST-005706,Asset_5706,Server,Sales,0,2,4,3,3216194.125201029,112577.6729027199,2,0
AST-005707,Asset_5707,Network_Device,Sales,0,2,1,2,1173249.4769328993,31643.60056261026,1,1
AST-005708,Asset_5708,Server,Engineering,0,2,1,1,2458279.3973440873,93350.30950501327,2,0
AST-005709,Asset_5709,Workstation,Finance,0,1,1,1,1792561.264396485,81518.37340751226,3,0
AST-005710,Asset_5710,Cloud_Storage,HR,0,1,1,1,676069.5500420502,98545.751530877,2,0
AST-005711,Asset_5711,Server,Engineering,1,1,1,1,1559941.8687081025,89659.8561197573,14,4
AST-005712,Asset_5712,Cloud_Storage,Marketing,1,2,2,2,1138983.7766532223,105559.76371814025,21,3
AST-005713,Asset_5713,Workstation,HR,1,5,1,3,9947947.13859538,268301.3296468449,19,6
AST-005714,Asset_5714,Cloud_Storage,Marketing,0,5,1,3,7615647.852416119,211558.42559863345,2,1
AST-005715,Asset_5715,Workstation,Engineering,1,1,1,1,1953484.428330105,57213.969075190085,22,3
AST-005716,Asset_5716,Database,Finance,0,1,1,2,1502335.9469108593,86716.28826521907,2,1
AST-005717,Asset_5717,Server,Marketing,0,1,2,1,863424.7103782753,71286.9558342764,2,0
AST-005718,Asset_5718,Database,Engineering,0,1,1,1,1889546.7704144034,63112.008065855916,4,1
AST-005719,Asset_5719,Server,HR,1,3,4,4,4320015.831731369,261106.59372993695,21,3
AST-005720,Asset_5720,Server,Finance,1,4,1,3,5455622.303647083,137954.45941239106,20,4
AST-005721,Asset_5721,Server,Marketing,0,1,4,2,1143667.8394953914,153076.72057218984,1,0
AST-005722,Asset_5722,Workstation,Engineering,0,1,1,1,926890.8641128045,17320.849087035505,0,0
AST-005723,Asset_5723,Workstation,Finance,0,1,2,1,1295104.354470438,75354.30665012871,0,0
AST-005724,Asset_5724,Server,Finance,1,1,1,2,1049086.5632168269,151537.0364492521,15,2
AST-005725,Asset_5725,Server,Sales,1,3,3,2,5343109.819605973,112869.81116864797,13,5
AST-005726,Asset_5726,Workstation,Finance,0,2,1,1,1086395.6259032714,33695.483524163676,3,2
AST-005727,Asset_5727,Server,Engineering,0,3,5,5,3885411.681946494,283674.43148286635,3,0
AST-005728,Asset_5728,Server,HR,0,2,1,1,3509694.665718192,21077.75668834427,1,1
AST-005729,Asset_5729,Server,Operations,1,1,1,1,541409.5570744749,35662.939784834954,15,1
AST-005730,Asset_5730,Cloud_Storage,Sales,1,1,2,2,923454.0143972686,95833.97814696962,13,3
AST-005731,Asset_5731,Network_Device,Engineering,0,1,3,2,577283.8349515821,141182.08129821141,2,1
AST-005732,Asset_5732,Database,Engineering,0,3,5,4,4177516.964151945,107398.03639181453,2,0
AST-005733,Asset_5733,Workstation,Engineering,1,3,2,3,2925312.334762795,72706.10296773829,21,3
AST-005734,Asset_5734,Workstation,Marketing,0,3,3,4,5818785.170621665,258806.69038040048,3,2
AST-005735,Asset_5735,Workstation,Marketing,1,1,3,2,1424440.40890351,142318.19738054374,13,2
AST-005736,Asset_5736,Workstation,HR,0,3,2,2,4028109.021107291,35058.03550639581,2,2
AST-005737,Asset_5737,Workstation,Engineering,1,1,2,2,1875859.648018345,25969.3730245283,10,3
AST-005738,Asset_5738,Server,Marketing,1,1,1,1,835363.1091063744,23243.48662610493,11,5
AST-005739,Asset_5739,Server,Marketing,0,2,2,2,2686726.778568423,182184.80628930457,1,0
AST-005740,Asset_5740,Workstation,Marketing,1,2,3,3,2628347.904874975,211612.4045005915,10,2
AST-005741,Asset_5741,Network_Device,HR,0,3,2,1,1869514.0543992124,92892.33199137019,4,0
AST-005742,Asset_5742,Workstation,HR,1,2,4,4,3796179.359121868,279297.3291401802,13,4
AST-005743,Asset_5743,Network_Device,Engineering,1,1,3,3,1550352.0983928621,290614.05499522947,13,3
AST-005744,Asset_5744,Cloud_Storage,Sales,0,1,4,2,1832158.7745198193,99003.20068369243,2,0
AST-005745,Asset_5745,Server,Engineering,0,1,1,1,1973806.0803524356,63918.904440506056,0,1
AST-005746,Asset_5746,Workstation,Marketing,0,1,1,1,1219480.9434471948,64106.69060848685,3,0
AST-005747,Asset_5747,Workstation,Operations,1,1,1,1,1705489.7631291451,10282.59248145059,13,3
AST-005748,Asset_5748,Cloud_Storage,Marketing,1,3,5,3,4099018.8101340653,37412.70429729649,17,4
AST-005749,Asset_5749,Cloud_Storage,Finance,0,1,1,1,1965684.5732044282,23073.868973105244,5,0
AST-005750,Asset_5750,Workstation,Operations,1,3,1,3,2612506.1284845932,168004.9798916493,19,3
AST-005751,Asset_5751,Server,Operations,0,2,1,2,1041451.5129710939,97494.7736732908,0,2
AST-005752,Asset_5752,Workstation,Engineering,0,1,1,1,778921.3569008368,58577.41529945534,2,0
AST-005753,Asset_5753,Server,Marketing,0,2,1,2,1384056.3460262695,164088.34291988288,1,0
AST-005754,Asset_5754,Workstation,Marketing,0,3,1,2,3466285.400978512,168003.25013515836,1,1
AST-005755,Asset_5755,Cloud_Storage,Sales,0,2,1,2,1232230.6112481754,195862.6736399064,3,0
AST-005756,Asset_5756,Database,Finance,0,1,5,3,830296.60570966,180537.90601455208,2,1
AST-005757,Asset_5757,Workstation,Engineering,0,4,2,3,2577595.283148902,123748.18202058543,1,0
AST-005758,Asset_5758,Workstation,HR,1,1,3,1,1230129.1673870576,37722.493438617814,20,7
AST-005759,Asset_5759,Workstation,Engineering,0,4,2,2,3600662.43251781,81333.48379584283,2,0
AST-005760,Asset_5760,Database,Operations,0,1,3,2,1206510.947267923,78289.32834717099,1,1
AST-005761,Asset_5761,Workstation,Engineering,0,3,4,4,1899996.450200145,181451.19083994182,3,1
AST-005762,Asset_5762,Cloud_Storage,Sales,1,2,5,4,2550611.998045111,66957.3116088567,15,2
AST-005763,Asset_5763,Cloud_Storage,Engineering,1,2,1,2,1390207.6055736418,134017.8452385745,13,3
AST-005764,Asset_5764,Server,Sales,1,1,4,3,649019.6771305396,183371.1302305332,16,4
AST-005765,Asset_5765,Network_Device,Operations,1,1,1,2,965029.3259836276,103152.96066285956,12,5
AST-005766,Asset_5766,Workstation,Sales,0,3,1,3,5434878.644081674,51898.428411652254,2,2
AST-005767,Asset_5767,Server,Marketing,0,4,1,3,6731128.4175641835,55166.34705837902,3,0
AST-005768,Asset_5768,Server,HR,1,2,2,2,3877449.4068980524,118118.93154531476,23,2
AST-005769,Asset_5769,Server,Operations,1,1,2,2,1190292.8965777396,26584.466054569682,17,5
AST-005770,Asset_5770,Cloud_Storage,Sales,0,1,1,1,968662.1345445507,75231.00375696327,1,0
AST-005771,Asset_5771,Workstation,Finance,1,2,3,3,3912720.19556979,298320.09837563994,18,3
AST-005772,Asset_5772,Workstation,Operations,1,1,2,2,1072652.1174017768,127533.24180024247,19,2
AST-005773,Asset_5773,Server,Finance,1,1,1,1,513655.10932569636,75108.83338255686,17,5
AST-005774,Asset_5774,Workstation,HR,1,2,2,2,3460325.841435247,99008.47863757245,16,6
AST-005775,Asset_5775,Server,Sales,0,2,2,2,1507631.622899748,140134.21957682155,3,1
AST-005776,Asset_5776,Database,Operations,0,1,1,1,1576868.642851044,68660.2290968732,4,1
AST-005777,Asset_5777,Workstation,Operations,0,1,1,2,522682.83567854017,168336.36126164545,0,0
AST-005778,Asset_5778,Server,HR,0,2,5,5,1332970.4923283984,370102.81342086487,2,0
AST-005779,Asset_5779,Network_Device,Marketing,1,1,4,3,1225345.329943724,232243.37688901968,14,1
AST-005780,Asset_5780,Server,Finance,0,4,1,2,2407388.1588789574,120194.47888176837,3,0
AST-005781,Asset_5781,Workstation,Operations,0,1,2,1,1832946.3435304794,53606.344233478405,1,1
AST-005782,Asset_5782,Workstation,Engineering,0,1,1,1,1624803.591902846,51284.48444025914,1,1
AST-005783,Asset_5783,Workstation,Finance,1,3,2,2,2976833.9040907645,90561.9657135953,9,2
AST-005784,Asset_5784,Server,Sales,0,2,2,2,2792561.2431901107,67884.99739822865,1,0
AST-005785,Asset_5785,Server,HR,0,1,1,1,1573290.1028796535,12997.99394001748,0,0
AST-005786,Asset_5786,Cloud_Storage,Finance,0,2,1,2,3266197.5658837357,140797.2139049878,4,0
AST-005787,Asset_5787,Server,Engineering,0,1,1,1,1093513.931731817,91086.5075253144,0,0
AST-005788,Asset_5788,Network_Device,Engineering,1,2,2,2,3696400.6622085785,187486.83877185613,15,2
AST-005789,Asset_5789,Cloud_Storage,HR,1,1,4,3,1912677.095070462,186751.66080936766,16,6
AST-005790,Asset_5790,Server,HR,0,3,5,4,2380718.6305170786,73889.17897402967,3,0
AST-005791,Asset_5791,Server,Finance,1,2,4,3,3733716.3992173285,267239.3629014632,24,6
AST-005792,Asset_5792,Workstation,Sales,0,2,5,4,3138041.5330070253,309188.15764332504,1,1
AST-005793,Asset_5793,Cloud_Storage,Marketing,1,3,1,1,5496621.28861822,32626.994879366226,16,1
AST-005794,Asset_5794,Cloud_Storage,Engineering,0,2,3,2,2274262.804731665,164638.0893626929,1,0
AST-005795,Asset_5795,Workstation,HR,1,2,1,2,2983592.6247107815,104961.43065260668,16,2
AST-005796,Asset_5796,Workstation,Marketing,0,1,4,3,853069.6673783691,269650.1401515283,3,1
AST-005797,Asset_5797,Server,Marketing,0,1,3,3,1626652.628595036,96854.95184626679,2,0
AST-005798,Asset_5798,Cloud_Storage,Marketing,0,3,2,3,4117800.76416191,246244.59856937733,1,0
AST-005799,Asset_5799,Cloud_Storage,Sales,0,3,2,2,3664253.0035023084,148143.856838152,2,0
AST-005800,Asset_5800,Server,HR,1,1,1,1,1539022.415409396,11299.705515881404,11,6
AST-005801,Asset_5801,Server,Engineering,0,4,1,3,5314071.626759345,182100.34438833548,2,0
AST-005802,Asset_5802,Server,HR,0,2,5,4,3296064.6165192532,297592.3400647276,2,1
AST-005803,Asset_5803,Server,Finance,1,2,4,4,3575308.200445729,96307.88391498294,12,1
AST-005804,Asset_5804,Network_Device,Engineering,0,1,1,1,1700909.4566823551,57870.9041911564,0,1
AST-005805,Asset_5805,Database,HR,1,1,1,1,961259.9472663833,37367.01192208493,19,1
AST-005806,Asset_5806,Server,Engineering,0,2,1,2,3928357.640690907,145325.52469596374,3,0
AST-005807,Asset_5807,Database,Finance,0,1,5,3,1474611.8943687775,175837.74947934196,2,0
AST-005808,Asset_5808,Cloud_Storage,Operations,1,2,4,4,1970399.4282516018,263724.87795579946,11,1
AST-005809,Asset_5809,Workstation,Engineering,0,5,2,3,2819356.564574536,49585.75607683754,2,0
AST-005810,Asset_5810,Workstation,Operations,0,3,2,3,5946433.843662712,67204.68785346221,1,2
AST-005811,Asset_5811,Server,Marketing,1,2,3,3,2797052.1803283175,179064.07878642608,18,2
AST-005812,Asset_5812,Cloud_Storage,Sales,0,2,1,1,1682620.7875205304,26305.559382160205,3,0
AST-005813,Asset_5813,Network_Device,Finance,1,1,4,2,1236685.7016765196,109764.41081758364,19,3
AST-005814,Asset_5814,Server,Engineering,1,5,2,3,5481553.602107137,216307.91071047226,18,4
AST-005815,Asset_5815,Server,Finance,0,4,1,3,7708191.438184874,248638.36140500568,1,4
AST-005816,Asset_5816,Server,Marketing,1,2,1,2,2477982.8355228463,45741.22508146755,15,4
AST-005817,Asset_5817,Server,Operations,0,1,2,1,1227001.4982359037,76769.09804442484,1,0
AST-005818,Asset_5818,Workstation,Sales,0,1,1,1,1691899.5615834268,42686.74759894471,3,0
AST-005819,Asset_5819,Cloud_Storage,Finance,1,1,2,1,1086367.3469954845,71103.96729952324,5,4
AST-005820,Asset_5820,Workstation,Operations,1,2,4,3,1589555.045130255,69226.85081041121,15,6
AST-005821,Asset_5821,Network_Device,Marketing,1,1,3,1,1652598.0528938952,56365.766355690015,16,4
AST-005822,Asset_5822,Workstation,Marketing,1,2,2,2,3730325.91385152,170761.20958905836,8,1
AST-005823,Asset_5823,Workstation,Marketing,0,2,2,2,1137178.746488802,39157.65553726471,2,1
AST-005824,Asset_5824,Workstation,Operations,0,1,1,1,1789850.0913696466,84491.26823715142,1,0
AST-005825,Asset_5825,Server,Engineering,0,3,2,3,3470384.381178663,152247.4668518085,1,0
AST-005826,Asset_5826,Database,HR,0,1,1,1,933700.2168191716,84094.44424501907,2,1
AST-005827,Asset_5827,Workstation,Finance,0,3,4,3,1676311.517244642,288764.68170982826,6,0
AST-005828,Asset_5828,Server,HR,1,1,4,2,808284.1547864171,48737.469674275024,19,0
AST-005829,Asset_5829,Database,Marketing,0,1,1,1,999304.7013776901,70711.26484534722,2,0
AST-005830,Asset_5830,Workstation,HR,1,1,3,2,606026.3638878984,62317.3616964309,9,2
AST-005831,Asset_5831,Cloud_Storage,Operations,1,5,3,4,3915925.4871524917,88799.53913326362,14,5
AST-005832,Asset_5832,Workstation,Marketing,0,2,5,4,3210521.3272063844,266109.7345770454,2,0
AST-005833,Asset_5833,Network_Device,Marketing,0,2,2,2,3060582.448698839,39437.05384074966,2,0
AST-005834,Asset_5834,Workstation,Sales,0,1,3,2,1654758.3758588806,103731.06262232685,0,0
AST-005835,Asset_5835,Workstation,Sales,0,2,2,2,1495773.3409704429,134471.78126291017,1,1
AST-005836,Asset_5836,Workstation,Operations,1,1,1,1,564545.2497919137,54966.76551651906,15,3
AST-005837,Asset_5837,Network_Device,Operations,0,5,1,3,6014424.034293208,218208.70489043504,3,1
AST-005838,Asset_5838,Workstation,HR,1,5,1,3,5070885.513303652,246381.24080096185,17,4
AST-005839,Asset_5839,Workstation,Finance,1,3,1,1,4995298.859792032,88502.17804731053,16,0
AST-005840,Asset_5840,Workstation,HR,0,5,1,2,6541200.694221014,120777.0060318632,3,1
AST-005841,Asset_5841,Workstation,Operations,1,1,3,2,1896770.4648566365,69793.48476222611,21,1
AST-005842,Asset_5842,Server,Finance,0,1,3,3,591809.586442718,167608.70440114726,1,0
AST-005843,Asset_5843,Server,HR,0,1,5,2,1045514.5479396957,89783.9493287435,2,2
AST-005844,Asset_5844,Server,Engineering,0,1,1,1,1107860.9021529886,30333.303062485767,1,1
AST-005845,Asset_5845,Network_Device,Engineering,0,5,4,5,3444170.755450217,288080.29693570104,2,0
AST-005846,Asset_5846,Server,Finance,0,1,2,2,1374523.8222376253,24077.875295594356,4,0
AST-005847,Asset_5847,Server,Sales,1,4,2,4,2241214.668374498,258003.3638043562,16,7
AST-005848,Asset_5848,Workstation,Finance,0,3,2,3,4707263.078483872,251833.0242064066,2,2
AST-005849,Asset_5849,Database,HR,0,1,3,2,556164.7411482842,199898.42969692594,0,1
AST-005850,Asset_5850,Workstation,Marketing,0,1,1,2,1810208.0839152613,185902.233457521,3,1
AST-005851,Asset_5851,Server,Engineering,0,1,3,1,597540.4573679769,18083.432447000774,1,0
AST-005852,Asset_5852,Cloud_Storage,Marketing,0,1,3,2,1184524.1222675834,49237.28834576893,1,0
AST-005853,Asset_5853,Network_Device,Engineering,0,2,5,4,1466156.1964655765,89912.06422957662,1,1
AST-005854,Asset_5854,Network_Device,HR,0,2,4,2,1399366.7354512834,120503.27951132608,3,1
AST-005855,Asset_5855,Workstation,Engineering,0,2,2,2,3163647.067593904,28268.473913199672,2,1
AST-005856,Asset_5856,Workstation,Finance,0,3,3,3,4984129.688741291,282988.03814711916,1,0
AST-005857,Asset_5857,Server,Marketing,1,1,4,2,1608798.6306274235,31130.600651508983,7,3
AST-005858,Asset_5858,Server,Operations,0,1,5,2,1105987.7768971743,90425.09996167869,4,1
AST-005859,Asset_5859,Server,Marketing,1,3,3,3,5958537.167080096,271371.850725282,11,5
AST-005860,Asset_5860,Workstation,HR,0,1,3,2,1009953.3763797584,190708.0976886891,0,1
AST-005861,Asset_5861,Workstation,Operations,0,1,1,1,867919.3417178959,51876.17069732394,2,0
AST-005862,Asset_5862,Workstation,Marketing,0,3,3,3,5984274.39740818,161876.51772989705,3,0
AST-005863,Asset_5863,Server,HR,0,4,1,2,7863660.8316808,134511.87686535966,3,0
AST-005864,Asset_5864,Workstation,Sales,0,4,2,3,5551015.846908428,140062.47649090076,2,0
AST-005865,Asset_5865,Workstation,Finance,1,1,2,1,813558.7674297572,39219.51739721112,22,3
AST-005866,Asset_5866,Workstation,Engineering,0,2,1,1,1715496.5467591165,76548.43109319339,2,0
AST-005867,Asset_5867,Workstation,Engineering,1,1,1,1,1281328.1676391647,63582.24742140535,14,3
AST-005868,Asset_5868,Server,Engineering,0,5,4,4,8320774.031995272,213401.5940548942,3,3
AST-005869,Asset_5869,Network_Device,Sales,0,1,3,2,616181.2166045548,38141.720320729124,2,1
AST-005870,Asset_5870,Workstation,Finance,0,1,2,2,1531505.6008060365,32395.0916008886,2,1
AST-005871,Asset_5871,Server,Marketing,0,4,2,3,2618665.0959470896,167920.11086838582,1,0
AST-005872,Asset_5872,Server,Marketing,1,5,5,5,8830830.583073735,328744.2739329415,18,4
AST-005873,Asset_5873,Workstation,Finance,1,2,1,1,2596354.6667389423,69176.05516871897,13,2
AST-005874,Asset_5874,Network_Device,Operations,1,1,2,1,1984541.135704012,90540.10971297749,9,1
AST-005875,Asset_5875,Workstation,Finance,0,2,2,2,3258946.696684511,166920.4754524408,2,0
AST-005876,Asset_5876,Server,Engineering,0,3,4,4,3737528.9582146564,90674.40599336202,4,0
AST-005877,Asset_5877,Network_Device,Marketing,1,2,1,2,1423531.4483238948,162997.5725929824,10,2
AST-005878,Asset_5878,Workstation,Finance,0,1,5,2,1313593.479103915,141734.56576635333,2,1
AST-005879,Asset_5879,Workstation,Marketing,1,1,1,2,671667.1041683515,169045.20100310154,14,3
AST-005880,Asset_5880,Workstation,Finance,0,4,1,2,7430974.399292537,171803.82768390366,3,0
AST-005881,Asset_5881,Server,HR,1,2,1,1,1690203.2478719177,41097.93254196044,10,2
AST-005882,Asset_5882,Workstation,Engineering,1,3,2,2,5394150.06082852,67388.39535062792,14,5
AST-005883,Asset_5883,Database,Finance,1,1,2,1,955853.8350009596,59737.06254269227,20,2
AST-005884,Asset_5884,Cloud_Storage,Sales,0,2,2,3,1665695.7017890867,110624.07577272394,5,0
AST-005885,Asset_5885,Workstation,Finance,0,5,1,3,4781771.040462526,124415.04180792574,0,1
AST-005886,Asset_5886,Workstation,HR,0,1,2,1,1561331.235860041,16224.405887776986,2,1
AST-005887,Asset_5887,Workstation,Sales,1,2,3,4,2575646.7069824142,396890.94106960605,12,2
AST-005888,Asset_5888,Cloud_Storage,Sales,1,1,3,2,661208.7310746652,75673.45269574969,19,1
AST-005889,Asset_5889,Network_Device,Finance,0,1,3,2,705588.5258890195,160413.19755020016,1,0
AST-005890,Asset_5890,Workstation,HR,0,3,5,5,3203383.526864255,496921.2325881611,6,0
AST-005891,Asset_5891,Workstation,Sales,0,3,2,3,3023445.832411575,291664.02448306663,2,1
AST-005892,Asset_5892,Workstation,Engineering,1,2,1,1,3555206.2342180414,67049.48352286813,16,4
AST-005893,Asset_5893,Workstation,Operations,0,1,1,1,1358379.785734735,58479.53049852106,4,0
AST-005894,Asset_5894,Server,Engineering,0,1,1,1,780072.479132269,37834.884536033744,2,0
AST-005895,Asset_5895,Workstation,Marketing,0,4,2,3,2170057.994905172,262606.8162407952,1,0
AST-005896,Asset_5896,Server,Marketing,0,1,4,2,653544.6583695397,80839.12598378083,2,1
AST-005897,Asset_5897,Cloud_Storage,HR,1,3,3,3,4651852.575344825,58815.4248587155,10,2
AST-005898,Asset_5898,Database,Sales,0,1,1,2,1770645.9005416564,72937.71044175341,1,2
AST-005899,Asset_5899,Cloud_Storage,Engineering,0,4,2,4,6695228.017429793,153435.03739927142,3,0
AST-005900,Asset_5900,Workstation,Engineering,0,4,2,3,6739252.853450546,223991.05053670873,3,1
AST-005901,Asset_5901,Workstation,Operations,0,1,5,3,891441.4191216019,75776.32885558301,2,0
AST-005902,Asset_5902,Workstation,HR,0,3,1,2,5950887.143317352,77035.38206147317,2,0
AST-005903,Asset_5903,Server,Sales,0,1,2,2,629612.8052158761,33785.55641080435,2,0
AST-005904,Asset_5904,Database,HR,0,1,5,3,1731643.0052927972,259068.3122046764,1,0
AST-005905,Asset_5905,Server,Finance,0,2,5,4,1290451.8218435727,300919.16279008344,1,0
AST-005906,Asset_5906,Workstation,Engineering,1,2,1,2,1802593.9140882054,98747.66058275435,12,2
AST-005907,Asset_5907,Workstation,HR,1,1,1,1,1243121.0422503569,48701.37394804279,10,4
AST-005908,Asset_5908,Workstation,HR,1,2,2,2,1160022.3122919893,49946.92365464469,25,1
AST-005909,Asset_5909,Server,Operations,1,1,4,3,1091257.0181648373,133807.7437919836,10,3
AST-005910,Asset_5910,Server,Finance,0,1,1,1,1025171.5732923017,91614.26570070985,4,1
AST-005911,Asset_5911,Workstation,Marketing,0,2,4,3,2941516.245290169,67437.66624248476,2,2
AST-005912,Asset_5912,Cloud_Storage,Engineering,1,2,1,2,3154040.290658805,157705.1088376927,13,6
AST-005913,Asset_5913,Workstation,Operations,0,2,2,2,1271485.9012923231,28491.648485164238,1,0
AST-005914,Asset_5914,Workstation,HR,0,2,3,2,1114205.4365027188,76102.31891404535,4,0
AST-005915,Asset_5915,Workstation,Engineering,0,4,1,3,6655347.934190483,258673.138783533,3,1
AST-005916,Asset_5916,Server,Marketing,0,2,1,2,2583974.1612977013,100097.06913213976,2,0
AST-005917,Asset_5917,Cloud_Storage,HR,0,1,2,2,1301955.1302996026,146484.9273642989,2,1
AST-005918,Asset_5918,Workstation,Finance,0,2,3,3,3942150.013625158,57956.274830802024,3,1
AST-005919,Asset_5919,Server,Engineering,0,2,1,2,2313224.595248807,143016.63332001312,0,0
AST-005920,Asset_5920,Workstation,Operations,1,2,2,2,1588577.564415942,167423.71594074255,18,4
AST-005921,Asset_5921,Server,Finance,0,2,2,3,3041923.418216915,247416.38307023363,1,0
AST-005922,Asset_5922,Cloud_Storage,Marketing,1,1,2,1,1723517.0921196968,49498.277672978074,17,3
AST-005923,Asset_5923,Server,Marketing,0,1,4,2,1253541.1672586515,182745.41568161827,4,0
AST-005924,Asset_5924,Workstation,Engineering,0,2,2,3,3075443.769903402,185243.24349888368,2,0
AST-005925,Asset_5925,Server,Marketing,0,1,2,1,1270897.107733197,83608.45695006287,6,1
AST-005926,Asset_5926,Workstation,Sales,0,2,2,2,2222056.7752753785,58422.675943153525,1,0
AST-005927,Asset_5927,Workstation,Operations,0,2,3,3,1102833.7718109654,86764.93858569603,2,1
AST-005928,Asset_5928,Workstation,Engineering,0,2,1,2,1521227.7460061964,155785.19524902423,3,1
AST-005929,Asset_5929,Workstation,Sales,1,2,4,4,2439302.4672268294,272788.64538459544,12,3
AST-005930,Asset_5930,Network_Device,Marketing,1,1,1,2,1094792.8606380126,141735.77991750627,13,8
AST-005931,Asset_5931,Server,Engineering,0,5,2,4,8821628.261230502,125165.30205612454,3,0
AST-005932,Asset_5932,Database,Sales,0,3,2,3,1988006.666526905,137898.11125412257,3,3
AST-005933,Asset_5933,Server,Marketing,0,2,1,2,1150382.6037784233,66508.34424657389,3,1
AST-005934,Asset_5934,Cloud_Storage,HR,0,1,1,1,630705.901649869,16131.33365260841,1,0
AST-005935,Asset_5935,Database,HR,0,1,1,1,1517139.0044838986,28354.706831086776,2,0
AST-005936,Asset_5936,Workstation,Finance,1,2,1,2,2783420.4330183207,199129.57307943315,9,2
AST-005937,Asset_5937,Workstation,HR,0,1,4,3,1448330.4921189053,93191.32541792156,1,0
AST-005938,Asset_5938,Server,Sales,1,1,4,2,735382.188674769,48672.782628657646,21,3
AST-005939,Asset_5939,Server,Operations,0,1,1,1,1274529.1519924328,72718.91186535495,1,0
AST-005940,Asset_5940,Server,HR,1,2,1,1,3303010.093077966,64192.99921895025,14,2
AST-005941,Asset_5941,Workstation,Engineering,0,2,4,3,3051629.087550827,231423.52781574684,2,0
AST-005942,Asset_5942,Server,Engineering,1,2,1,1,2316063.4145648875,68830.57863982448,17,3
AST-005943,Asset_5943,Server,Engineering,1,4,5,5,2621003.080067779,150347.0276987975,19,4
AST-005944,Asset_5944,Network_Device,HR,0,1,1,1,1805975.3208889656,55081.543746386924,1,0
AST-005945,Asset_5945,Cloud_Storage,HR,0,2,3,3,2578613.0255319527,77693.55882745018,2,2
AST-005946,Asset_5946,Database,Finance,1,1,2,1,1834491.1396930497,32818.41357763659,13,2
AST-005947,Asset_5947,Database,Operations,1,2,1,2,2316100.3339840346,197645.176842541,19,1
AST-005948,Asset_5948,Server,Operations,0,2,1,2,1711039.0748128165,151162.38952279792,2,2
AST-005949,Asset_5949,Workstation,Marketing,0,1,2,1,961119.5153617412,80456.5427264119,1,1
AST-005950,Asset_5950,Network_Device,Finance,0,1,1,1,1127223.9910991734,12705.324411913269,5,0
AST-005951,Asset_5951,Server,Sales,0,3,2,2,4264004.099355044,88784.10916596047,2,0
AST-005952,Asset_5952,Server,Engineering,0,1,1,1,1653366.4823839772,59972.3989383142,6,1
AST-005953,Asset_5953,Workstation,HR,0,2,2,2,1727921.8955568904,46941.32365729456,0,0
AST-005954,Asset_5954,Workstation,Marketing,0,4,2,3,3126331.523973178,259107.53384156764,5,1
AST-005955,Asset_5955,Server,Marketing,1,2,2,2,1607976.3370229984,45128.03777006782,6,3
AST-005956,Asset_5956,Workstation,HR,1,3,1,1,5705249.005551827,67285.49230046132,14,2
AST-005957,Asset_5957,Database,Finance,0,3,2,3,2237769.8416773854,179360.54578917727,4,0
AST-005958,Asset_5958,Database,Marketing,1,1,2,2,1018614.8908096466,172876.37683033088,10,5
AST-005959,Asset_5959,Workstation,Operations,0,1,5,3,1228801.4304237207,114188.89564956687,6,1
AST-005960,Asset_5960,Network_Device,Finance,0,3,3,3,4002915.6852952363,106702.6012427826,2,0
AST-005961,Asset_5961,Workstation,HR,1,3,1,2,5361383.145318555,172354.35966395692,14,4
AST-005962,Asset_5962,Cloud_Storage,Finance,0,1,1,1,669325.7651587289,29926.525676225792,2,1
AST-005963,Asset_5963,Workstation,Operations,0,1,1,1,662020.0897448038,77143.7256968529,1,1
AST-005964,Asset_5964,Workstation,Engineering,0,1,1,1,974614.4748261597,27203.127129500655,3,0
AST-005965,Asset_5965,Workstation,HR,0,3,1,1,3359406.558855885,88812.58713390591,1,2
AST-005966,Asset_5966,Network_Device,Operations,1,2,1,2,2121326.985897348,171031.43760343725,18,5
AST-005967,Asset_5967,Cloud_Storage,HR,1,4,1,2,4351410.835811781,161743.34888239426,20,5
AST-005968,Asset_5968,Server,Operations,1,5,1,3,8885912.508081364,162697.24554487923,19,1
AST-005969,Asset_5969,Cloud_Storage,Operations,1,3,1,1,5265007.438631851,13045.529905914012,16,3
AST-005970,Asset_5970,Network_Device,Marketing,1,2,1,1,3416503.916928127,21921.868206835767,18,2
AST-005971,Asset_5971,Workstation,Marketing,1,1,1,1,1632921.0016776323,51094.45922851929,19,2
AST-005972,Asset_5972,Server,Marketing,0,1,2,1,560583.8973534275,13928.28799738922,5,1
AST-005973,Asset_5973,Network_Device,Engineering,1,2,1,1,1448163.1081777364,15712.519864138048,20,2
AST-005974,Asset_5974,Network_Device,Engineering,0,1,1,1,1598288.9651584437,21295.345396519842,0,0
AST-005975,Asset_5975,Server,Operations,1,1,1,1,1392265.8849934647,33476.202780427295,17,2
AST-005976,Asset_5976,Cloud_Storage,Sales,0,2,2,2,3021833.7336796876,154878.10210033617,2,0
AST-005977,Asset_5977,Server,HR,1,2,3,2,3150794.157757454,28636.83105682196,14,0
AST-005978,Asset_5978,Server,Marketing,1,3,1,1,5601141.193728077,98527.54558206901,19,5
AST-005979,Asset_5979,Workstation,HR,1,1,2,2,1452714.4179435214,69289.31370565484,18,5
AST-005980,Asset_5980,Workstation,Operations,1,1,2,2,913351.1430133407,77635.60004628167,20,4
AST-005981,Asset_5981,Workstation,Finance,0,2,2,2,1249047.8110645106,64619.279811659166,2,0
AST-005982,Asset_5982,Server,Operations,0,5,4,5,5740635.46815834,321075.85094711895,4,2
AST-005983,Asset_5983,Cloud_Storage,Engineering,0,3,4,3,4694323.044502891,35245.189347541185,0,0
AST-005984,Asset_5984,Server,Sales,0,1,1,1,922852.1011043179,18421.257313291833,1,1
AST-005985,Asset_5985,Server,Finance,0,1,1,2,680118.973587082,37779.93902862091,2,1
AST-005986,Asset_5986,Server,HR,0,4,2,4,7992454.4628078705,279231.6731794519,2,0
AST-005987,Asset_5987,Workstation,Engineering,0,1,5,2,1128311.5478915721,79313.91276961853,2,0
AST-005988,Asset_5988,Cloud_Storage,Marketing,1,1,3,2,824472.1872133065,98748.95374502099,14,1
AST-005989,Asset_5989,Workstation,Finance,1,1,1,1,746833.9081852657,95497.6018036767,19,1
AST-005990,Asset_5990,Network_Device,Engineering,0,2,1,2,3588347.139698535,56007.71782796117,3,1
AST-005991,Asset_5991,Server,HR,0,2,3,3,3458811.634785441,48953.132853394185,1,1
AST-005992,Asset_5992,Workstation,Operations,0,1,2,2,1419980.8835941274,99456.18132475646,1,1
AST-005993,Asset_5993,Workstation,HR,0,2,2,1,2641556.5332372063,24766.589116850035,1,2
AST-005994,Asset_5994,Workstation,Finance,0,1,2,1,1927158.5071825122,23019.14336393783,1,0
AST-005995,Asset_5995,Server,Finance,0,2,1,2,1684802.8700732063,93823.77495065237,2,1
AST-005996,Asset_5996,Workstation,Operations,0,2,4,3,2246180.7878955444,210805.8120890939,1,1
AST-005997,Asset_5997,Workstation,Finance,0,2,4,4,1073995.005464217,127426.6841656419,5,1
AST-005998,Asset_5998,Workstation,Sales,0,1,2,2,1127884.6507494408,177673.50113702213,2,0
AST-005999,Asset_5999,Workstation,Marketing,0,2,2,3,2152649.5606920766,127860.94568090963,4,0
AST-006000,Asset_6000,Server,Engineering,1,2,2,2,3848479.7181703243,188128.6872165102,11,4
AST-006001,Asset_6001,Workstation,Operations,1,2,1,2,2074697.306610641,108631.15009048312,13,2
AST-006002,Asset_6002,Server,HR,0,2,1,1,3504367.778041231,75406.41038510524,3,0
AST-006003,Asset_6003,Network_Device,HR,0,2,1,2,3299780.9785441426,172823.03469556852,3,0
AST-006004,Asset_6004,Workstation,Marketing,0,1,4,3,720908.0749744797,173024.36623240073,2,0
AST-006005,Asset_6005,Server,Finance,0,1,1,1,1944075.834357944,86529.11061613337,5,0
AST-006006,Asset_6006,Cloud_Storage,Finance,0,1,1,1,1446448.6252588187,44018.36079777577,2,1
AST-006007,Asset_6007,Workstation,HR,0,2,2,3,2789651.581894011,128119.10008449873,2,0
AST-006008,Asset_6008,Server,Marketing,0,2,1,1,1035116.3322777993,81465.70512084209,2,0
AST-006009,Asset_6009,Workstation,HR,0,3,1,2,4646448.571395872,63428.5504471221,2,0
AST-006010,Asset_6010,Server,Finance,1,3,2,4,1750329.8899435939,298133.85680939624,15,3
AST-006011,Asset_6011,Network_Device,Operations,0,4,2,3,3112284.871100932,50813.47842139838,1,1
AST-006012,Asset_6012,Network_Device,Engineering,0,1,2,2,647931.4738808676,134412.51147665016,1,0
AST-006013,Asset_6013,Cloud_Storage,Finance,0,1,2,1,1067308.884572615,94771.8743418125,4,0
AST-006014,Asset_6014,Workstation,Operations,0,3,2,3,5080701.759597907,153245.78947168504,3,2
AST-006015,Asset_6015,Workstation,Engineering,1,1,2,1,1561072.3190397292,47436.851324071096,25,1
AST-006016,Asset_6016,Workstation,Sales,0,2,2,3,1320085.4299233942,175946.0328722504,2,0
AST-006017,Asset_6017,Server,Marketing,0,1,1,2,1697691.7891758215,149521.89340826013,1,0
AST-006018,Asset_6018,Workstation,Operations,0,4,2,3,4765082.843039606,126885.80347031793,3,2
AST-006019,Asset_6019,Workstation,Sales,0,2,1,2,1097892.3336641444,20023.402028743367,1,1
AST-006020,Asset_6020,Server,Finance,0,1,1,1,835739.6903948588,55187.623922690305,3,1
AST-006021,Asset_6021,Workstation,Marketing,0,2,1,2,3355556.583903403,95470.06890478793,0,1
AST-006022,Asset_6022,Network_Device,Operations,1,1,1,2,1599949.608384683,115886.55110114407,8,3
AST-006023,Asset_6023,Network_Device,Finance,0,4,2,4,3130106.7388753565,297512.4212616466,4,0
AST-006024,Asset_6024,Server,Marketing,0,1,2,1,556998.5973165866,35505.19474309108,5,0
AST-006025,Asset_6025,Server,Marketing,0,2,1,1,1885605.831957675,55473.3709161938,3,0
AST-006026,Asset_6026,Server,Finance,1,1,5,3,1692390.3457942512,98414.96257728063,17,4
AST-006027,Asset_6027,Network_Device,Finance,1,3,2,3,5722757.16910702,154023.59186664937,23,3
AST-006028,Asset_6028,Server,Operations,1,4,4,4,5437313.809571335,164034.07841273912,13,2
AST-006029,Asset_6029,Workstation,Marketing,1,3,2,3,1909967.3473626901,129641.15121623431,16,5
AST-006030,Asset_6030,Server,Operations,1,3,1,2,3759387.6983149927,124284.98912341135,14,1
AST-006031,Asset_6031,Workstation,Marketing,0,1,5,3,1998187.0582838804,216194.9678192557,1,1
AST-006032,Asset_6032,Database,Operations,1,4,4,3,7632014.074947163,33417.79429278544,22,1
AST-006033,Asset_6033,Workstation,Finance,1,2,2,2,3979633.011704666,177795.4231104938,16,3
AST-006034,Asset_6034,Server,Finance,0,4,1,3,6196488.264309278,128370.56030883468,3,0
AST-006035,Asset_6035,Workstation,HR,0,2,1,2,2278265.69377432,135849.85810330935,2,1
AST-006036,Asset_6036,Server,Operations,1,1,3,2,1839694.340141655,42030.63743238234,15,3
AST-006037,Asset_6037,Workstation,HR,1,2,1,2,3685541.3891340843,122862.09450605635,11,4
AST-006038,Asset_6038,Network_Device,HR,1,1,2,2,716547.2495541363,142122.7155019574,13,2
AST-006039,Asset_6039,Server,Sales,1,2,2,3,3326157.570434881,72508.27235959744,15,4
AST-006040,Asset_6040,Network_Device,Marketing,1,2,1,1,3757928.5583598106,92093.93233832835,17,1
AST-006041,Asset_6041,Workstation,Engineering,0,1,3,2,1847779.5153181888,156343.95326812033,1,1
AST-006042,Asset_6042,Server,Sales,0,5,3,4,7801252.130688521,232211.04180614164,3,0
AST-006043,Asset_6043,Workstation,Marketing,0,4,1,2,5224150.012366978,49891.88646504219,2,0
AST-006044,Asset_6044,Server,Engineering,0,4,2,3,6660495.58592681,263698.86974217155,0,0
AST-006045,Asset_6045,Workstation,HR,0,3,3,4,3822701.286271725,64705.34874967132,2,0
AST-006046,Asset_6046,Workstation,Engineering,0,2,2,2,1963702.2082495,40730.88044209445,1,0
AST-006047,Asset_6047,Server,Finance,0,2,2,2,1776815.481139603,145671.3627834508,2,0
AST-006048,Asset_6048,Workstation,Finance,1,1,2,1,1310985.8369919867,32847.476638821245,13,3
AST-006049,Asset_6049,Network_Device,Operations,0,4,1,3,4735729.283083847,154015.83284735674,5,2
AST-006050,Asset_6050,Cloud_Storage,Marketing,1,4,5,4,5146971.608202996,234007.6442427314,11,2
AST-006051,Asset_6051,Workstation,Sales,1,3,2,3,2673136.088417531,153723.2228590658,19,0
AST-006052,Asset_6052,Cloud_Storage,HR,0,4,1,3,5543498.7288599815,52651.28727053879,3,1
AST-006053,Asset_6053,Workstation,Marketing,0,2,3,3,2986223.259268676,229118.09842969174,2,0
AST-006054,Asset_6054,Database,HR,1,2,2,2,3420546.6810474196,63198.23739691455,15,4
AST-006055,Asset_6055,Network_Device,Finance,1,5,1,3,6924905.669972001,229403.55383548487,14,1
AST-006056,Asset_6056,Workstation,Sales,0,2,4,2,3268212.407101025,175752.3414243626,1,0
AST-006057,Asset_6057,Workstation,Sales,0,2,1,2,1508155.9779001991,116547.28857014127,1,1
AST-006058,Asset_6058,Workstation,Finance,0,1,2,2,681594.0421437748,147147.75894968997,3,0
AST-006059,Asset_6059,Network_Device,Engineering,0,2,2,2,1538923.2712099017,26648.8014930419,2,0
AST-006060,Asset_6060,Network_Device,Sales,0,3,1,1,5308193.048179386,13307.330535047664,2,1
AST-006061,Asset_6061,Workstation,Engineering,0,2,3,2,2668449.6578116724,55489.212007372436,1,1
AST-006062,Asset_6062,Database,HR,0,2,2,2,2365945.6945890067,84508.99246995786,2,0
AST-006063,Asset_6063,Workstation,Sales,1,1,3,1,1643239.1356701846,26450.546070734625,10,4
AST-006064,Asset_6064,Workstation,Operations,0,2,2,2,1372233.7465815078,134292.8485180502,2,1
AST-006065,Asset_6065,Server,Finance,1,4,4,4,2037247.7823792878,139679.5420951025,13,5
AST-006066,Asset_6066,Workstation,Engineering,1,1,1,1,966447.2148102075,86117.59228485521,16,3
AST-006067,Asset_6067,Workstation,Operations,1,1,2,2,873341.5010751372,120908.68386553094,14,5
AST-006068,Asset_6068,Database,HR,0,1,4,3,960996.2446523071,132081.47398926385,4,0
AST-006069,Asset_6069,Server,HR,0,4,1,2,7841416.082759026,180754.06996722828,1,0
AST-006070,Asset_6070,Server,Sales,1,2,1,2,2703237.2283882815,169105.35106599017,17,7
AST-006071,Asset_6071,Cloud_Storage,Sales,1,5,5,5,6918339.284975061,419015.81579199637,13,3
AST-006072,Asset_6072,Database,Operations,0,2,5,3,2967007.86338878,226654.83723167726,2,2
AST-006073,Asset_6073,Server,Marketing,0,2,3,3,2193176.3964976827,195837.87087396762,3,0
AST-006074,Asset_6074,Workstation,Marketing,1,3,2,3,5905391.623889117,129042.3177832258,15,6
AST-006075,Asset_6075,Database,Sales,0,1,2,1,1959892.1320187638,48034.03838829012,2,2
AST-006076,Asset_6076,Server,Marketing,0,1,1,1,1653867.969207774,68241.15937311572,2,0
AST-006077,Asset_6077,Database,Finance,1,2,2,3,1635076.5038924494,76675.25980553504,10,3
AST-006078,Asset_6078,Workstation,Operations,0,1,2,2,1820295.2438437475,169006.6318601461,3,1
AST-006079,Asset_6079,Workstation,Finance,0,1,1,1,651379.8253525272,94480.31983626046,4,0
AST-006080,Asset_6080,Database,Marketing,1,1,2,2,1444842.238279791,37637.94910547817,10,3
AST-006081,Asset_6081,Workstation,Sales,0,1,2,1,1185822.7123412527,12021.011295022208,2,0
AST-006082,Asset_6082,Cloud_Storage,Finance,0,1,2,1,558823.5095905017,22843.015713296787,2,0
AST-006083,Asset_6083,Database,HR,0,3,2,3,5567581.546056509,235173.70342350868,1,0
AST-006084,Asset_6084,Server,Sales,0,1,4,3,1941639.2667824912,59113.170945318634,1,0
AST-006085,Asset_6085,Server,Operations,1,1,1,1,1861091.8027484529,43502.46000585143,16,2
AST-006086,Asset_6086,Workstation,Engineering,0,1,2,1,788700.1975342403,15681.125434926293,2,0
AST-006087,Asset_6087,Workstation,Engineering,0,2,2,3,1998945.703819876,146790.43564459978,5,1
AST-006088,Asset_6088,Server,Sales,0,2,1,1,3867198.8317455063,64347.316176839755,2,0
AST-006089,Asset_6089,Workstation,Marketing,0,4,1,3,2638543.6645225193,199697.5920472268,0,2
AST-006090,Asset_6090,Server,Finance,0,3,2,3,4124871.3458462837,170107.1434049954,2,1
AST-006091,Asset_6091,Workstation,Finance,0,1,2,1,1228283.7284199533,94429.71198675064,5,0
AST-006092,Asset_6092,Workstation,Sales,0,1,4,3,727847.945604738,173406.8632394616,9,2
AST-006093,Asset_6093,Database,HR,0,1,2,1,1829866.239169199,87331.42206563662,3,0
AST-006094,Asset_6094,Workstation,Operations,0,5,1,2,3506158.2231219443,198744.63407862786,3,0
AST-006095,Asset_6095,Server,Marketing,1,2,2,3,2778120.882458685,92031.25750434093,10,5
AST-006096,Asset_6096,Workstation,HR,0,1,3,2,977271.3235145612,67796.37497890054,3,2
AST-006097,Asset_6097,Server,Sales,0,1,2,1,1126971.7102654197,56968.25800931239,0,0
AST-006098,Asset_6098,Network_Device,Sales,0,2,4,2,1634078.8426871498,52828.1088665642,2,0
AST-006099,Asset_6099,Server,HR,1,1,3,1,1437003.5980982194,60771.256161195364,18,5
AST-006100,Asset_6100,Network_Device,Engineering,0,3,1,2,5949048.682165465,143190.183232333,1,0
AST-006101,Asset_6101,Database,Sales,1,2,1,2,3500629.2930227276,30871.558822445873,8,1
AST-006102,Asset_6102,Workstation,Operations,0,2,2,2,3049617.5697297975,142651.0824942047,1,2
AST-006103,Asset_6103,Database,Marketing,1,2,1,2,3269143.841917606,48704.034697629424,10,4
AST-006104,Asset_6104,Cloud_Storage,HR,0,1,2,2,1758930.0173817957,73877.34935407627,3,0
AST-006105,Asset_6105,Server,Engineering,1,2,3,3,2417641.2851852733,229478.65180391184,19,4
AST-006106,Asset_6106,Server,HR,1,3,2,3,4051698.925992715,74169.29891509973,14,0
AST-006107,Asset_6107,Workstation,Engineering,0,1,2,2,1843224.1329783795,115702.94866043323,2,0
AST-006108,Asset_6108,Server,Engineering,0,2,2,2,3087842.0023013735,126051.55511864826,3,0
AST-006109,Asset_6109,Server,Operations,0,3,1,2,2112104.424245324,49584.4171694073,1,0
AST-006110,Asset_6110,Cloud_Storage,Marketing,0,1,3,2,1669303.6407923254,69460.66022001955,4,3
AST-006111,Asset_6111,Cloud_Storage,Sales,1,2,2,1,1068118.9506606015,64581.75295608958,18,3
AST-006112,Asset_6112,Database,Engineering,0,1,2,2,1771290.4899380747,103015.73136460227,3,4
AST-006113,Asset_6113,Cloud_Storage,Sales,0,3,1,2,5047346.950279694,138796.64014421904,2,0
AST-006114,Asset_6114,Workstation,Marketing,0,1,3,2,1746118.9782588272,173849.03858485416,2,1
AST-006115,Asset_6115,Server,Sales,0,2,2,2,1070777.638089896,44306.12430988153,3,2
AST-006116,Asset_6116,Workstation,Operations,1,1,1,1,1958673.2511835094,16356.944259536374,18,2
AST-006117,Asset_6117,Workstation,Operations,1,1,4,2,1421198.0415997421,140010.78239068162,7,3
AST-006118,Asset_6118,Cloud_Storage,Finance,0,3,3,3,5100217.7693266645,238073.7846952411,6,2
AST-006119,Asset_6119,Server,Operations,1,2,2,3,2699677.310113122,151312.88692644914,15,1
AST-006120,Asset_6120,Workstation,Engineering,1,4,2,3,4038495.8970486363,136355.5568157146,12,1
AST-006121,Asset_6121,Server,Marketing,0,2,5,3,1888445.1021205932,191128.40142293734,1,1
AST-006122,Asset_6122,Server,Operations,1,2,3,3,1209801.8725473108,178892.5671119402,9,3
AST-006123,Asset_6123,Server,HR,0,3,2,2,3941317.244715964,108230.72440132096,1,0
AST-006124,Asset_6124,Cloud_Storage,Marketing,0,1,2,2,715383.7328144878,167366.92308275224,4,1
AST-006125,Asset_6125,Network_Device,Engineering,0,1,1,1,1351276.0769142276,25615.04140286069,0,1
AST-006126,Asset_6126,Workstation,Marketing,1,1,1,2,1437374.3329238882,142617.60407906928,13,4
AST-006127,Asset_6127,Workstation,Operations,0,1,1,1,1163121.0469533158,76720.5765512358,3,1
AST-006128,Asset_6128,Database,HR,0,1,1,1,734487.260471421,91117.1809447647,0,2
AST-006129,Asset_6129,Server,Finance,0,4,3,4,4596244.260196832,380236.0729292838,0,1
AST-006130,Asset_6130,Server,Engineering,0,3,1,2,5454023.884111317,111415.81309997705,1,0
AST-006131,Asset_6131,Database,Engineering,1,4,3,3,4748286.756262191,147082.80436785473,5,0
AST-006132,Asset_6132,Workstation,Marketing,0,5,2,3,5070470.93607795,166055.3122839345,0,1
AST-006133,Asset_6133,Workstation,Sales,0,2,1,1,2889291.874834857,75932.13364846243,1,0
AST-006134,Asset_6134,Server,Sales,0,1,1,2,1428293.3987151745,23090.84637944235,4,1
AST-006135,Asset_6135,Server,HR,0,2,2,3,1271849.4943296534,77018.86257214918,2,0
AST-006136,Asset_6136,Server,Finance,0,4,1,3,3418943.4105019625,275069.9067224347,1,1
AST-006137,Asset_6137,Workstation,Finance,0,2,2,2,2483214.0919370605,55178.24245233307,1,0
AST-006138,Asset_6138,Cloud_Storage,Marketing,0,2,3,3,2098993.2183746523,91690.50656255524,3,1
AST-006139,Asset_6139,Workstation,Marketing,0,1,2,1,979935.3673405085,94551.79030832389,2,1
AST-006140,Asset_6140,Network_Device,Sales,0,2,3,2,2337141.119115484,72970.45826703681,2,1
AST-006141,Asset_6141,Workstation,Operations,0,1,3,1,935471.1371367472,36139.84668252031,6,1
AST-006142,Asset_6142,Database,Finance,1,1,3,2,1021207.5562359188,186267.59208030722,15,3
AST-006143,Asset_6143,Server,Operations,0,4,1,3,6641778.758000704,131272.138386333,0,0
AST-006144,Asset_6144,Network_Device,Finance,1,1,5,3,1265346.4851214532,163364.34523895715,24,1
AST-006145,Asset_6145,Workstation,Operations,0,5,2,4,9046419.207867475,241746.64373540657,3,0
AST-006146,Asset_6146,Server,Operations,0,1,3,2,1922840.3856763232,176290.8460399104,2,1
AST-006147,Asset_6147,Workstation,Finance,0,4,2,3,7532463.806737662,50944.2854769427,2,0
AST-006148,Asset_6148,Workstation,HR,0,2,2,2,1761133.277940001,66954.12233519118,2,0
AST-006149,Asset_6149,Workstation,HR,0,3,5,4,3627986.684175821,251322.91472877204,1,0
AST-006150,Asset_6150,Cloud_Storage,Marketing,1,1,1,2,1302578.2743726957,98230.29958834802,13,4
AST-006151,Asset_6151,Workstation,Operations,0,2,2,1,3556572.264112492,35045.2669259901,2,1
AST-006152,Asset_6152,Workstation,Operations,0,4,1,2,5354124.01250316,93735.60668443718,3,0
AST-006153,Asset_6153,Server,Operations,0,1,1,1,879073.2358577638,96961.83717788654,4,0
AST-006154,Asset_6154,Server,Operations,1,1,3,3,1321308.6707295063,35678.79256753782,11,5
AST-006155,Asset_6155,Server,Operations,1,1,1,1,566426.7413652302,23227.705243837132,11,4
AST-006156,Asset_6156,Server,Sales,0,1,4,2,1751206.05571667,23357.9301662652,5,1
AST-006157,Asset_6157,Workstation,Engineering,0,1,2,1,1348999.0617068098,63405.699303319416,1,0
AST-006158,Asset_6158,Workstation,Operations,0,2,2,2,2955151.6285463953,22328.637542853096,0,0
AST-006159,Asset_6159,Server,Sales,1,1,1,1,801408.6949224903,50861.437838176724,22,4
AST-006160,Asset_6160,Network_Device,HR,1,2,1,2,2674403.4305316815,174655.318136439,16,6
AST-006161,Asset_6161,Server,Operations,1,4,4,4,5183821.342067214,74993.79628363122,12,4
AST-006162,Asset_6162,Database,HR,0,2,3,3,2858892.841769493,128596.99498313462,0,2
AST-006163,Asset_6163,Server,Marketing,0,1,1,1,1771130.0769017867,44019.81290238497,2,1
AST-006164,Asset_6164,Database,Engineering,1,2,1,1,3293615.381725197,42602.88375014387,10,2
AST-006165,Asset_6165,Server,Finance,1,1,1,1,1320311.6135995246,75471.58405135777,12,3
AST-006166,Asset_6166,Workstation,Engineering,1,1,1,1,1840104.6310080616,10396.863906559985,23,2
AST-006167,Asset_6167,Workstation,Operations,0,1,3,2,1037627.5223146786,160393.71336729382,2,1
AST-006168,Asset_6168,Cloud_Storage,Operations,0,4,3,2,4955304.920442186,171027.44046050374,2,0
AST-006169,Asset_6169,Server,Engineering,0,3,2,2,4422453.016431652,97663.4415568282,0,1
AST-006170,Asset_6170,Server,Engineering,1,1,4,1,1161150.0345021263,89844.12961800782,15,3
AST-006171,Asset_6171,Server,Marketing,0,2,1,1,2084254.64114938,44293.5112037929,5,0
AST-006172,Asset_6172,Workstation,HR,0,1,2,2,668591.3775440746,145050.1007518696,2,1
AST-006173,Asset_6173,Server,Finance,0,5,3,4,7269246.083186952,179976.95688850357,2,0
AST-006174,Asset_6174,Network_Device,Engineering,0,5,1,3,3944547.739819247,40217.723675609246,2,2
AST-006175,Asset_6175,Workstation,Finance,0,1,1,1,707382.464427693,17508.373569541618,1,0
AST-006176,Asset_6176,Workstation,Engineering,0,1,2,1,773229.3385693964,49784.44741660854,2,0
AST-006177,Asset_6177,Workstation,HR,0,2,1,1,3065441.490716319,99108.64838998408,2,0
AST-006178,Asset_6178,Server,Finance,1,2,2,2,1415077.7002499718,51960.23455585376,13,3
AST-006179,Asset_6179,Server,Sales,1,1,2,2,1964354.01771671,181204.75225414967,17,0
AST-006180,Asset_6180,Database,HR,0,2,1,1,3275624.129194356,92745.47684622378,1,0
AST-006181,Asset_6181,Workstation,Finance,1,1,1,1,1089102.0618206984,46868.39366516501,15,1
AST-006182,Asset_6182,Server,Engineering,0,2,1,1,2779848.256230954,51564.2938701962,2,0
AST-006183,Asset_6183,Server,Engineering,1,1,2,1,511439.96465790126,55253.83980969786,16,3
AST-006184,Asset_6184,Cloud_Storage,HR,1,3,1,2,5300393.713030393,158673.23269217258,26,6
AST-006185,Asset_6185,Server,HR,0,2,4,2,1813634.7070896118,42270.38610878275,1,0
AST-006186,Asset_6186,Network_Device,Engineering,0,2,3,2,1215651.114574826,79154.70825399266,4,0
AST-006187,Asset_6187,Workstation,Finance,0,3,1,3,4911535.052334584,76089.631308001,3,1
AST-006188,Asset_6188,Server,Sales,1,2,3,3,1988744.9879340883,267171.82080757036,12,6
AST-006189,Asset_6189,Server,Marketing,0,1,2,1,1351311.7373047906,16346.626789393355,1,0
AST-006190,Asset_6190,Server,HR,0,1,1,1,1766047.323952858,77293.37369807997,1,1
AST-006191,Asset_6191,Workstation,Engineering,0,1,2,1,1663897.0409891675,49576.704908577,0,2
AST-006192,Asset_6192,Workstation,Finance,1,1,2,2,1005255.188550245,148628.74640305934,13,0
AST-006193,Asset_6193,Workstation,HR,1,3,1,2,5409134.6393829305,180181.14639834178,14,3
AST-006194,Asset_6194,Cloud_Storage,Finance,0,1,1,1,1083274.8717398106,40569.60831121876,3,0
AST-006195,Asset_6195,Workstation,HR,1,1,1,2,1250035.7328337482,60860.25143570449,10,3
AST-006196,Asset_6196,Server,Engineering,1,3,1,3,4256064.015670055,205559.02047881545,18,4
AST-006197,Asset_6197,Server,Finance,1,2,1,2,1212942.462806184,199554.64980028546,8,1
AST-006198,Asset_6198,Network_Device,Engineering,0,2,2,2,2791491.5088608693,151311.5150472035,4,0
AST-006199,Asset_6199,Server,Finance,0,1,1,1,1366125.861239576,81606.01671642691,1,0
AST-006200,Asset_6200,Server,HR,0,1,1,1,1810241.7123793622,66687.15064787489,0,1
AST-006201,Asset_6201,Workstation,Marketing,0,2,1,1,2060991.6189604367,43136.51107068781,0,0
AST-006202,Asset_6202,Workstation,Marketing,0,4,3,4,3453132.068046775,275671.9429199597,2,0
AST-006203,Asset_6203,Cloud_Storage,Sales,0,1,1,1,1214771.789409218,21569.520811856135,1,0
AST-006204,Asset_6204,Workstation,Sales,0,2,2,1,3061994.948607246,53993.623593259406,2,1
AST-006205,Asset_6205,Server,Operations,0,5,2,4,6714206.779821752,246300.9631000284,1,0
AST-006206,Asset_6206,Cloud_Storage,Engineering,0,2,3,4,1414620.0159490085,366429.99532592425,1,0
AST-006207,Asset_6207,Server,Finance,0,2,2,3,2043674.8893365725,278324.2193911402,2,0
AST-006208,Asset_6208,Database,Sales,1,3,1,3,1787035.9354454665,46233.61761367876,17,6
AST-006209,Asset_6209,Workstation,HR,1,3,1,2,4826968.410779979,133738.60313526864,19,4
AST-006210,Asset_6210,Server,Marketing,0,2,1,1,3648844.968494183,81675.16705533257,3,0
AST-006211,Asset_6211,Workstation,Finance,1,4,2,3,2274038.029285622,174841.07956020828,12,4
AST-006212,Asset_6212,Server,Operations,0,2,1,2,2576282.4731576545,37220.628170837444,1,0
AST-006213,Asset_6213,Workstation,Marketing,1,3,1,2,4046910.1501883147,61891.276423462594,15,4
AST-006214,Asset_6214,Database,Finance,0,5,2,3,5791209.10751087,114683.87218877868,2,0
AST-006215,Asset_6215,Workstation,Sales,0,2,1,1,2508201.2073033946,69651.94693260087,3,2
AST-006216,Asset_6216,Network_Device,Sales,0,2,3,3,3131070.200486607,47706.19264193092,2,1
AST-006217,Asset_6217,Server,Engineering,0,2,1,1,2451176.9209639803,59465.81052780471,2,0
AST-006218,Asset_6218,Database,Operations,0,3,5,4,5638434.602782029,79216.41031215305,1,0
AST-006219,Asset_6219,Database,Finance,0,3,5,5,3933932.0895645423,227803.90455068936,1,3
AST-006220,Asset_6220,Server,Operations,0,1,3,2,607694.9893510364,96600.13102443126,0,0
AST-006221,Asset_6221,Workstation,HR,1,3,5,4,5789960.972840325,202661.6272688757,14,0
AST-006222,Asset_6222,Workstation,Operations,0,3,1,2,2160648.157611245,147956.48694258463,3,1
AST-006223,Asset_6223,Server,Sales,0,3,3,4,5030069.5500696525,69230.7103526061,1,0
AST-006224,Asset_6224,Database,Engineering,0,3,1,2,3871075.5891231084,68283.61772163729,1,0
AST-006225,Asset_6225,Server,Sales,1,1,3,3,1611338.6814037564,203105.03888999962,10,1
AST-006226,Asset_6226,Workstation,Marketing,0,2,1,2,2540289.6525440915,189841.80019147904,1,1
AST-006227,Asset_6227,Server,Sales,0,3,1,2,1765365.9014967345,131743.5491906203,0,0
AST-006228,Asset_6228,Cloud_Storage,Finance,0,4,5,4,4249555.578137282,358011.8005384977,2,0
AST-006229,Asset_6229,Workstation,Engineering,0,1,1,1,1431028.973060789,97156.53257764509,2,1
AST-006230,Asset_6230,Database,Finance,0,2,3,3,2886646.6555980328,268654.1673946428,1,0
AST-006231,Asset_6231,Workstation,HR,0,3,2,3,5878699.989827059,292495.85635001113,3,1
AST-006232,Asset_6232,Cloud_Storage,HR,0,3,1,3,4228461.142680988,239801.1888802331,1,0
AST-006233,Asset_6233,Workstation,Sales,0,2,2,1,1859317.3941879033,89844.07419510014,3,0
AST-006234,Asset_6234,Server,Engineering,0,1,1,1,565138.2351227388,54230.63858766336,2,0
AST-006235,Asset_6235,Database,Operations,0,3,4,3,5047868.405012392,123268.54707968389,1,1
AST-006236,Asset_6236,Network_Device,Engineering,0,3,5,4,5501807.054090354,399895.8267332082,3,0
AST-006237,Asset_6237,Workstation,Engineering,1,3,3,2,4261371.18167439,37596.78272114869,14,5
AST-006238,Asset_6238,Workstation,Engineering,0,3,3,3,3670696.2120927665,288713.6335563231,2,0
AST-006239,Asset_6239,Network_Device,Sales,1,2,1,1,3582959.553157524,48778.687004595944,19,1
AST-006240,Asset_6240,Network_Device,Finance,0,5,1,3,4302670.592772848,36043.494069161614,0,1
AST-006241,Asset_6241,Cloud_Storage,Sales,0,3,1,2,3294294.37631015,164542.9573861017,4,1
AST-006242,Asset_6242,Server,Operations,1,2,2,3,2522969.662660273,149938.50563462396,15,2
AST-006243,Asset_6243,Workstation,Finance,0,4,1,2,2296235.701285315,163763.50400904752,2,0
AST-006244,Asset_6244,Workstation,Operations,0,4,2,3,6131473.970919394,42100.44702567492,0,2
AST-006245,Asset_6245,Workstation,Marketing,0,3,2,3,2348519.3978133425,293019.5554844317,3,0
AST-006246,Asset_6246,Workstation,Marketing,0,2,1,2,1999459.5549616534,140786.83185810622,2,1
AST-006247,Asset_6247,Server,Finance,1,2,1,1,2243478.441708813,14319.65631240495,17,8
AST-006248,Asset_6248,Workstation,Sales,0,1,1,1,1457765.4944216711,10418.209861602467,3,1
AST-006249,Asset_6249,Workstation,Operations,0,1,3,3,598226.0568612141,190380.42645405646,1,0
AST-006250,Asset_6250,Server,Operations,1,2,1,2,2022585.2102608797,195769.87379484702,18,2
AST-006251,Asset_6251,Workstation,HR,1,2,1,2,1823085.2094172826,114319.90811959635,11,3
AST-006252,Asset_6252,Server,Operations,1,1,3,2,502279.133166474,83700.98856516197,16,3
AST-006253,Asset_6253,Database,Sales,0,4,1,3,6149920.647310503,283510.0025941811,0,1
AST-006254,Asset_6254,Server,HR,1,2,2,3,1707804.807649379,295667.4753463265,13,2
AST-006255,Asset_6255,Workstation,Sales,1,2,3,4,1499315.0888168747,322414.53025685356,16,1
AST-006256,Asset_6256,Workstation,Engineering,1,2,2,2,3393895.7882034453,149224.65571094264,14,2
AST-006257,Asset_6257,Workstation,Operations,1,1,2,2,558797.4605595447,20371.466431126813,14,2
AST-006258,Asset_6258,Workstation,Engineering,1,4,1,3,7401439.686239,114694.31630656493,17,3
AST-006259,Asset_6259,Network_Device,Marketing,0,1,1,1,1530352.4934557965,93265.8620406227,5,1
AST-006260,Asset_6260,Server,Marketing,0,2,2,1,1515239.0422636964,43132.22270594898,4,0
AST-006261,Asset_6261,Server,Finance,1,2,1,2,2050309.0797816983,80224.32262263237,19,5
AST-006262,Asset_6262,Network_Device,Operations,0,2,4,3,3849949.395946456,175038.7771781894,2,2
AST-006263,Asset_6263,Server,HR,0,2,1,1,2856533.7466719076,50300.772525686596,3,1
AST-006264,Asset_6264,Cloud_Storage,Engineering,0,1,2,1,1413076.455332555,87291.80910396183,0,1
AST-006265,Asset_6265,Network_Device,Sales,1,1,1,1,1479606.6381689776,17352.64617780011,18,4
AST-006266,Asset_6266,Workstation,Operations,0,2,4,2,2388213.2665845808,138574.88350601937,4,3
AST-006267,Asset_6267,Cloud_Storage,Finance,0,3,2,3,2252865.359349529,218241.35053354132,0,0
AST-006268,Asset_6268,Server,Sales,0,2,2,3,1452673.3349054374,267630.44587489706,2,0
AST-006269,Asset_6269,Database,Engineering,0,1,2,1,1530965.966568294,47420.59640020475,1,2
AST-006270,Asset_6270,Workstation,Operations,0,1,1,1,1825911.9777428473,36550.480925754855,0,0
AST-006271,Asset_6271,Database,Engineering,0,2,2,2,1900632.6599547425,132780.95522617607,3,1
AST-006272,Asset_6272,Cloud_Storage,Operations,1,2,1,1,2510210.7096281275,75243.25628830527,17,3
AST-006273,Asset_6273,Server,Operations,1,1,2,1,1988356.7653540869,25388.13489783017,16,6
AST-006274,Asset_6274,Workstation,Engineering,1,2,1,2,1771483.5890390065,48469.45244582277,16,4
AST-006275,Asset_6275,Workstation,Engineering,0,1,1,1,1085320.8928329553,33724.28263347491,5,0
AST-006276,Asset_6276,Workstation,Sales,0,2,1,1,2090564.7881755591,32312.55886829237,1,1
AST-006277,Asset_6277,Server,Finance,0,1,1,1,548878.7542393885,77558.86961141757,3,1
AST-006278,Asset_6278,Database,Engineering,0,4,1,3,5057101.843904585,173289.70133082318,4,2
AST-006279,Asset_6279,Network_Device,Marketing,0,1,4,4,813016.8297524885,237204.70721346166,2,0
AST-006280,Asset_6280,Server,Finance,1,2,2,3,1385792.791160949,33969.584805750674,21,1
AST-006281,Asset_6281,Network_Device,Marketing,0,5,5,5,7828119.995365417,497415.885971504,2,0
AST-006282,Asset_6282,Workstation,Sales,0,1,1,1,1648640.6657128758,84681.10697505018,2,0
AST-006283,Asset_6283,Workstation,Engineering,1,2,2,2,3666674.6050313213,99859.60925673347,19,5
AST-006284,Asset_6284,Workstation,Finance,0,1,3,2,1901198.5892955812,32038.799463183,1,0
AST-006285,Asset_6285,Server,Engineering,1,1,2,2,1803598.940199153,144971.83675285897,15,5
AST-006286,Asset_6286,Workstation,Operations,1,2,2,2,1367484.01207633,116308.30580246325,14,1
AST-006287,Asset_6287,Network_Device,Engineering,0,4,2,3,3341773.004276083,212935.50439569834,2,0
AST-006288,Asset_6288,Workstation,Finance,0,2,2,1,1367425.8841327666,70981.97325156331,1,1
AST-006289,Asset_6289,Cloud_Storage,Engineering,1,2,3,2,2060573.5928337814,47852.18542731897,14,3
AST-006290,Asset_6290,Workstation,Engineering,0,2,2,3,1372215.5368551188,118778.65995695135,1,0
AST-006291,Asset_6291,Server,HR,0,2,5,3,2959831.8898431743,34795.21369776912,6,0
AST-006292,Asset_6292,Database,HR,1,2,4,3,3150146.4771129014,295210.9623759814,11,1
AST-006293,Asset_6293,Cloud_Storage,Finance,0,1,2,1,739390.5393469315,82581.89435591525,2,0
AST-006294,Asset_6294,Database,Finance,0,1,1,2,1432364.0755714844,187185.5405970705,3,0
AST-006295,Asset_6295,Network_Device,Operations,0,2,1,2,1068968.2198184761,27943.51469440054,1,0
AST-006296,Asset_6296,Network_Device,Operations,1,4,1,2,4606221.616763923,110062.45929325871,10,2
AST-006297,Asset_6297,Database,Engineering,0,1,1,1,928008.5811240466,77269.03756418743,2,0
AST-006298,Asset_6298,Server,Marketing,0,2,1,1,3995484.63090335,19333.427337291054,4,0
AST-006299,Asset_6299,Workstation,Finance,0,1,1,1,1884176.92847464,79937.8260620652,1,0
AST-006300,Asset_6300,Database,Engineering,0,1,2,1,721348.1841743998,68275.20452690726,0,0
AST-006301,Asset_6301,Workstation,Marketing,1,2,1,2,3752112.3741961145,197291.95453129243,8,3
AST-006302,Asset_6302,Workstation,HR,1,3,2,3,3384554.2682700637,68033.76532858468,18,4
AST-006303,Asset_6303,Workstation,Operations,0,2,1,1,2729944.382745273,66634.95594800611,4,1
AST-006304,Asset_6304,Workstation,Finance,0,1,3,2,1300646.639089703,190484.18521119104,2,3
AST-006305,Asset_6305,Database,Engineering,0,4,3,4,6356939.310534559,307720.98907809745,1,0
AST-006306,Asset_6306,Workstation,HR,0,1,1,1,1002435.1905462326,40253.31780266609,4,2
AST-006307,Asset_6307,Database,Sales,0,3,4,4,1813571.6380231297,82930.30004170827,1,2
AST-006308,Asset_6308,Database,HR,0,2,1,1,2252880.8193870904,96738.98506831295,6,0
AST-006309,Asset_6309,Workstation,Engineering,0,2,3,3,2633516.6515937517,49414.003585029335,5,0
AST-006310,Asset_6310,Network_Device,Operations,0,4,2,3,5329483.747284956,293295.4833149701,1,0
AST-006311,Asset_6311,Database,Marketing,1,3,1,2,5066689.337437353,74632.10593295255,23,3
AST-006312,Asset_6312,Workstation,Sales,1,1,1,2,566338.7741476396,174855.9997283323,14,3
AST-006313,Asset_6313,Workstation,Sales,0,1,1,1,1982141.542983575,59888.0601059012,3,0
AST-006314,Asset_6314,Server,Operations,0,1,4,2,1985847.5043376654,184266.2952964194,3,2
AST-006315,Asset_6315,Server,Sales,1,1,2,1,648525.2331587541,48395.70384542205,14,5
AST-006316,Asset_6316,Cloud_Storage,Finance,1,4,1,3,4064104.912185654,259447.07045253686,19,1
AST-006317,Asset_6317,Workstation,Engineering,0,1,2,2,1385466.013539576,62909.31366734511,2,1
AST-006318,Asset_6318,Workstation,Sales,1,2,1,1,2119977.4889198504,52006.73672295379,8,1
AST-006319,Asset_6319,Workstation,HR,1,3,1,3,3694311.0951251322,258501.66273425578,17,2
AST-006320,Asset_6320,Server,Marketing,0,3,4,4,2966677.605250404,82610.20252743096,0,1
AST-006321,Asset_6321,Workstation,Engineering,0,2,2,3,3136399.970867055,226731.25895771332,4,0
AST-006322,Asset_6322,Workstation,Operations,0,3,1,1,3138077.600343261,49318.46456591054,4,0
AST-006323,Asset_6323,Workstation,HR,0,1,4,2,1144829.627621254,112378.69254364943,1,0
AST-006324,Asset_6324,Database,Finance,0,3,1,1,4091584.8118289197,62112.87297921353,2,0
AST-006325,Asset_6325,Server,Sales,1,1,1,1,1953801.8940991855,34809.408002200005,17,3
AST-006326,Asset_6326,Server,HR,1,4,1,3,5850826.810361613,56020.41283552465,13,2
AST-006327,Asset_6327,Cloud_Storage,Engineering,0,1,2,1,645381.7240708171,11679.34172713101,3,0
AST-006328,Asset_6328,Workstation,HR,0,1,2,2,978350.9311321973,97565.9786726604,2,0
AST-006329,Asset_6329,Workstation,Finance,0,2,1,1,2259143.6327938894,34198.36589206657,1,0
AST-006330,Asset_6330,Server,Marketing,0,3,2,2,4830782.190848186,133927.41419982887,0,2
AST-006331,Asset_6331,Server,Sales,0,3,3,2,3510939.982982084,148868.818026428,0,1
AST-006332,Asset_6332,Workstation,Engineering,1,1,2,2,1488656.3298651024,110674.05425386662,16,4
AST-006333,Asset_6333,Workstation,Sales,0,1,4,3,1759242.1345021972,197119.55564526905,1,1
AST-006334,Asset_6334,Workstation,Sales,0,1,1,2,656506.3755753672,120934.30268834435,2,0
AST-006335,Asset_6335,Server,Operations,0,2,1,2,3297218.739831136,20824.0492005718,2,0
AST-006336,Asset_6336,Workstation,Sales,0,2,2,2,3236739.3935050024,171506.3462872704,3,0
AST-006337,Asset_6337,Server,HR,0,2,1,2,3459137.1381919836,30721.254854416322,3,1
AST-006338,Asset_6338,Server,HR,0,2,1,1,3868199.409008677,46930.638076085415,1,0
AST-006339,Asset_6339,Workstation,Marketing,0,2,1,2,1928793.9262364293,39983.33049886517,1,2
AST-006340,Asset_6340,Server,Finance,0,4,3,3,4574122.956280621,208824.76530586134,5,1
AST-006341,Asset_6341,Server,Engineering,0,1,1,1,894022.9986141394,39302.89878477297,4,1
AST-006342,Asset_6342,Workstation,HR,0,2,1,2,1981316.8810752337,32807.3913036133,2,0
AST-006343,Asset_6343,Workstation,Sales,0,2,1,1,1989477.877024935,14081.753622958995,1,0
AST-006344,Asset_6344,Network_Device,Finance,1,1,3,2,1804662.528253811,62685.515166322264,16,4
AST-006345,Asset_6345,Workstation,Engineering,0,2,2,2,1188694.9530444997,140107.65613556965,1,0
AST-006346,Asset_6346,Server,Engineering,0,1,1,1,804047.908812238,74639.93483577602,1,0
AST-006347,Asset_6347,Server,Engineering,0,1,3,1,1415837.321458043,21558.737448645566,2,0
AST-006348,Asset_6348,Cloud_Storage,Engineering,0,2,3,2,3295584.34621174,45040.19846617387,2,0
AST-006349,Asset_6349,Workstation,Marketing,1,1,2,2,1546065.5809753828,126780.84937180419,18,1
AST-006350,Asset_6350,Workstation,Engineering,0,1,1,1,569863.5135228112,96153.9711431908,2,0
AST-006351,Asset_6351,Server,Finance,1,2,2,2,2361383.1438770997,119523.99130075432,18,2
AST-006352,Asset_6352,Workstation,HR,0,2,4,4,1553420.7644727656,296227.1658210464,4,1
AST-006353,Asset_6353,Server,Finance,0,1,1,1,1982213.309922741,61787.43658948356,1,2
AST-006354,Asset_6354,Workstation,Sales,1,1,1,1,1998337.9447975245,19435.22030045175,16,2
AST-006355,Asset_6355,Cloud_Storage,Operations,0,2,1,1,1152695.628752799,95181.76096202566,2,1
AST-006356,Asset_6356,Cloud_Storage,Marketing,0,3,2,3,4504758.577962932,49435.93261156752,2,0
AST-006357,Asset_6357,Workstation,Marketing,1,4,2,5,6878389.642847216,391941.5642850343,20,2
AST-006358,Asset_6358,Workstation,Sales,1,1,1,1,987169.8034412705,98141.70054325904,16,4
AST-006359,Asset_6359,Cloud_Storage,Finance,0,1,1,1,1540454.6543681102,38709.74861235132,1,0
AST-006360,Asset_6360,Workstation,Finance,0,1,4,3,781502.8022232524,76340.16601906132,0,1
AST-006361,Asset_6361,Server,Sales,0,2,3,3,1383877.4598184624,182867.07588353864,3,0
AST-006362,Asset_6362,Workstation,Operations,0,2,4,3,3775905.450354663,244667.97232382285,2,1
AST-006363,Asset_6363,Server,Engineering,0,2,3,4,2927607.173446572,381811.01785054343,0,0
AST-006364,Asset_6364,Workstation,Engineering,1,3,2,2,5176262.581001147,144861.36575082946,15,2
AST-006365,Asset_6365,Workstation,HR,0,2,1,1,2598139.5204804037,40228.58037142678,1,0
AST-006366,Asset_6366,Workstation,Finance,1,5,2,4,3660440.1765250317,217964.61682279693,15,2
AST-006367,Asset_6367,Database,Finance,0,1,1,2,1064982.7774545993,157016.1054591595,0,0
AST-006368,Asset_6368,Server,Sales,0,1,2,1,1822485.4294244172,80913.91813009675,1,1
AST-006369,Asset_6369,Workstation,Sales,1,1,2,1,523409.86639623245,16699.352407268838,9,2
AST-006370,Asset_6370,Network_Device,Engineering,0,1,4,3,810766.4480676737,195709.70838824206,1,0
AST-006371,Asset_6371,Workstation,Finance,0,4,1,3,3519719.5884448066,291189.9140690965,1,0
AST-006372,Asset_6372,Database,Finance,0,1,1,2,894493.6630971658,161346.2061501025,4,1
AST-006373,Asset_6373,Cloud_Storage,Marketing,1,2,2,2,1295760.0846489386,21318.10145285352,12,5
AST-006374,Asset_6374,Cloud_Storage,HR,0,1,4,3,1772329.540205772,90734.22392939299,2,0
AST-006375,Asset_6375,Server,HR,0,1,4,2,739270.8800064629,100101.5797275316,3,0
AST-006376,Asset_6376,Server,Engineering,0,1,2,1,1744511.578713281,73564.25213415935,1,0
AST-006377,Asset_6377,Workstation,Operations,0,1,1,1,1032592.6664979575,59972.20414073214,2,0
AST-006378,Asset_6378,Network_Device,Finance,1,2,1,2,2371954.27494279,33919.014476977296,10,1
AST-006379,Asset_6379,Cloud_Storage,Marketing,0,5,4,4,5971381.297037212,305776.6898398044,1,0
AST-006380,Asset_6380,Network_Device,Finance,0,2,2,2,3139446.4666608907,170968.46273834445,2,2
AST-006381,Asset_6381,Workstation,Sales,0,2,3,3,3193899.5022673663,85554.61295871247,3,0
AST-006382,Asset_6382,Workstation,Engineering,1,1,1,1,1461032.0420555403,16068.126979975568,20,4
AST-006383,Asset_6383,Server,Operations,1,3,1,3,4981958.175980255,243558.5305030417,20,3
AST-006384,Asset_6384,Server,HR,1,1,2,2,512454.76854710316,135280.34379036663,18,3
AST-006385,Asset_6385,Workstation,Finance,0,4,3,5,5028862.587194617,411576.81165349414,0,0
AST-006386,Asset_6386,Workstation,Operations,0,2,5,4,2572076.032058849,243974.8336529743,3,0
AST-006387,Asset_6387,Workstation,Engineering,0,1,3,2,859009.7613362735,97136.82079550748,3,1
AST-006388,Asset_6388,Workstation,HR,1,2,2,2,2669112.7242961195,193353.9883229628,16,1
AST-006389,Asset_6389,Server,Finance,1,5,2,4,6003680.272854065,320785.5119156887,17,3
AST-006390,Asset_6390,Workstation,Marketing,1,1,3,2,1208168.463049329,94144.92432482544,16,3
AST-006391,Asset_6391,Server,Engineering,0,1,1,1,677675.7965369502,91676.62777354901,3,0
AST-006392,Asset_6392,Workstation,Finance,0,1,5,3,1152893.807450863,298244.79646537814,3,0
AST-006393,Asset_6393,Workstation,HR,0,2,2,1,3299292.1856555534,37741.28628118518,3,2
AST-006394,Asset_6394,Workstation,HR,1,1,5,3,1114984.9868300664,270968.733002516,16,0
AST-006395,Asset_6395,Cloud_Storage,Marketing,0,3,3,2,3693742.905960726,28171.54532379905,0,0
AST-006396,Asset_6396,Server,Engineering,1,4,1,3,7805122.470230694,87874.23069552485,10,0
AST-006397,Asset_6397,Workstation,Engineering,0,4,1,2,7230705.705496001,48964.20907745695,2,0
AST-006398,Asset_6398,Database,Operations,0,1,1,1,1893050.236027564,42093.42222320546,4,0
AST-006399,Asset_6399,Workstation,Finance,0,2,1,2,1233029.652170473,121272.0640503715,2,0
AST-006400,Asset_6400,Network_Device,Operations,0,1,2,1,1427871.0149432472,74798.18635009746,4,0
AST-006401,Asset_6401,Workstation,HR,0,2,2,2,1670235.6238018512,182504.6834900857,4,0
AST-006402,Asset_6402,Network_Device,HR,0,3,2,2,3319096.438271347,48538.573970938065,4,2
AST-006403,Asset_6403,Server,Marketing,0,2,1,2,3039250.5166678973,124091.03268478833,2,0
AST-006404,Asset_6404,Network_Device,Marketing,0,4,5,4,5473489.393142141,239689.5979608519,3,0
AST-006405,Asset_6405,Server,Engineering,1,3,2,3,3775795.4162218566,153787.943636431,10,6
AST-006406,Asset_6406,Network_Device,Operations,1,1,4,2,1721672.6547069447,145024.87651839183,15,3
AST-006407,Asset_6407,Database,HR,0,2,1,1,3047795.8881693273,56202.5000731309,4,1
AST-006408,Asset_6408,Database,Finance,0,1,3,2,1731567.6596062544,119034.45163268896,3,0
AST-006409,Asset_6409,Workstation,Sales,0,1,1,1,1897898.36987767,91299.78985364496,0,0
AST-006410,Asset_6410,Cloud_Storage,Finance,1,1,2,2,1567956.2029362563,174848.99791655893,11,5
AST-006411,Asset_6411,Server,Marketing,0,4,2,3,4372372.486901619,185880.18023409045,1,0
AST-006412,Asset_6412,Database,Finance,0,2,4,3,1638335.0483299915,72176.6072754825,1,0
AST-006413,Asset_6413,Network_Device,HR,1,2,1,2,1812745.9627416974,192566.26800995204,17,1
AST-006414,Asset_6414,Database,Operations,0,3,1,2,3284835.3377191937,132085.9877523549,1,1
AST-006415,Asset_6415,Server,Engineering,1,3,4,4,4830409.966966553,330690.8648944405,9,4
AST-006416,Asset_6416,Workstation,Operations,0,3,1,2,1680696.0285194772,29903.919560413582,3,1
AST-006417,Asset_6417,Database,Sales,0,1,1,1,1721422.2126166397,90714.28403541842,2,0
AST-006418,Asset_6418,Cloud_Storage,Engineering,0,2,2,2,3274404.7947425335,144829.19583383272,1,0
AST-006419,Asset_6419,Workstation,Sales,1,2,1,2,2498249.9592464413,143376.48015564145,12,4
AST-006420,Asset_6420,Workstation,Sales,1,2,1,1,2199000.4802928427,19910.111713426933,17,2
AST-006421,Asset_6421,Cloud_Storage,HR,0,1,1,2,669045.5782276093,148315.39128065854,1,0
AST-006422,Asset_6422,Workstation,HR,0,1,1,2,934552.3638727528,33794.70466170755,1,0
AST-006423,Asset_6423,Server,Marketing,0,4,2,3,2657768.440134468,45073.00881242669,2,0
AST-006424,Asset_6424,Server,Marketing,1,1,1,1,1728326.7729013814,39281.31383516195,12,1
AST-006425,Asset_6425,Workstation,Sales,0,2,3,2,2528013.589174385,24170.534236012107,2,0
AST-006426,Asset_6426,Server,Operations,1,1,4,3,870180.1698925314,73098.81100475325,16,7
AST-006427,Asset_6427,Cloud_Storage,Marketing,0,1,1,1,527134.0227814488,75351.40683695041,1,1
AST-006428,Asset_6428,Workstation,HR,0,1,3,1,1285881.453009113,85143.29232187956,4,2
AST-006429,Asset_6429,Server,Marketing,0,2,4,3,3256261.288534392,78470.78373574783,3,1
AST-006430,Asset_6430,Workstation,Sales,1,4,2,4,6598962.713757812,336387.1149413776,10,3
AST-006431,Asset_6431,Workstation,Engineering,1,1,5,4,821639.3063004047,212990.83442637473,10,2
AST-006432,Asset_6432,Cloud_Storage,Operations,0,1,1,1,1992593.0175573465,96210.51810693565,2,0
AST-006433,Asset_6433,Network_Device,Operations,0,2,3,2,2706339.748771269,45075.61169157314,3,0
AST-006434,Asset_6434,Workstation,Finance,0,1,2,1,998010.5550611988,14820.83040600576,2,0
AST-006435,Asset_6435,Workstation,Marketing,0,4,1,3,4356846.482428885,258171.5745577985,2,2
AST-006436,Asset_6436,Workstation,Operations,1,1,3,2,686655.2738568315,85157.39816101358,19,2
AST-006437,Asset_6437,Workstation,HR,0,2,2,1,2480067.5450392193,51145.317298386064,1,0
AST-006438,Asset_6438,Server,Engineering,1,2,1,2,3259886.313421872,112122.92104618369,21,1
AST-006439,Asset_6439,Server,HR,1,3,1,1,3342345.4387091734,84265.00551874876,20,1
AST-006440,Asset_6440,Workstation,Marketing,1,2,3,3,3600557.972551099,50520.10280448073,19,4
AST-006441,Asset_6441,Server,Sales,1,1,3,2,1215128.5670301425,119202.36807605732,18,2
AST-006442,Asset_6442,Server,Finance,0,1,2,1,1850914.7365995708,48751.14152661626,2,0
AST-006443,Asset_6443,Workstation,Finance,1,4,2,3,6219222.589966631,121875.68291631222,16,2
AST-006444,Asset_6444,Server,Engineering,0,3,1,2,1747543.6571521205,82663.6197156964,2,0
AST-006445,Asset_6445,Workstation,Operations,0,1,2,1,600526.1970604773,93730.66791272096,1,0
AST-006446,Asset_6446,Workstation,Operations,1,3,4,3,5100478.803374451,102390.38102189823,12,2
AST-006447,Asset_6447,Cloud_Storage,Operations,0,2,4,1,2070471.137370702,50915.724859826616,2,1
AST-006448,Asset_6448,Workstation,Finance,1,2,2,2,1567735.2213123697,108704.4225930136,14,1
AST-006449,Asset_6449,Server,Sales,1,1,5,3,1797980.7214908835,224363.22100335927,16,5
AST-006450,Asset_6450,Workstation,Operations,1,3,4,3,5924879.998023503,170126.37088927644,15,3
AST-006451,Asset_6451,Network_Device,HR,0,1,1,1,1713122.3528618938,65910.94651219915,1,0
AST-006452,Asset_6452,Cloud_Storage,Operations,0,3,1,2,4763082.8118692115,91789.55401603962,2,0
AST-006453,Asset_6453,Workstation,Sales,0,1,1,2,501437.839664842,149350.99461705855,3,0
AST-006454,Asset_6454,Database,Engineering,1,3,2,3,1976882.6680470204,155779.98619581506,13,1
AST-006455,Asset_6455,Cloud_Storage,Engineering,0,1,3,2,1506415.6877801064,60088.36052772833,2,0
AST-006456,Asset_6456,Server,Finance,0,1,1,1,1114346.7562966072,83523.71966272542,0,0
AST-006457,Asset_6457,Workstation,Sales,0,1,4,3,529212.9864794515,236672.08613237098,1,0
AST-006458,Asset_6458,Workstation,HR,0,1,2,2,1611304.4997980804,132948.2262265535,2,0
AST-006459,Asset_6459,Server,Sales,0,2,3,2,2256295.227882375,113950.49838676328,1,0
AST-006460,Asset_6460,Database,HR,0,1,1,1,1488237.542803832,28764.649601164114,2,0
AST-006461,Asset_6461,Server,HR,0,5,1,3,6012518.088753056,264455.60246536636,1,0
AST-006462,Asset_6462,Workstation,Sales,1,2,2,1,1079493.1431793822,18747.310670411105,19,3
AST-006463,Asset_6463,Cloud_Storage,Marketing,0,2,3,3,2907773.704196239,133459.6175291651,0,2
AST-006464,Asset_6464,Server,Sales,0,1,4,3,1682128.9758162538,260191.45167282384,3,0
AST-006465,Asset_6465,Network_Device,HR,0,2,2,2,1467930.3665986038,127202.02185980615,1,0
AST-006466,Asset_6466,Server,Operations,1,1,1,2,1836623.23537709,98951.57811522999,12,0
AST-006467,Asset_6467,Workstation,Engineering,0,3,1,2,2317027.9340283866,162444.94463111882,5,1
AST-006468,Asset_6468,Server,Engineering,0,1,4,3,1134254.9523403912,297168.79168014263,1,1
AST-006469,Asset_6469,Cloud_Storage,Finance,0,3,1,3,3872341.6053406256,80979.61654635618,4,0
AST-006470,Asset_6470,Workstation,Engineering,0,1,2,1,970798.6368353274,14565.97017017173,2,0
AST-006471,Asset_6471,Workstation,Marketing,0,5,2,3,6253428.992157834,155006.77055462924,4,1
AST-006472,Asset_6472,Network_Device,HR,0,1,2,1,1577534.583929633,35865.64998955498,2,0
AST-006473,Asset_6473,Workstation,Sales,1,1,2,2,1571682.8009410247,140015.27671548838,26,4
AST-006474,Asset_6474,Cloud_Storage,Sales,0,2,4,3,3766848.1813036026,163449.75685347593,1,0
AST-006475,Asset_6475,Workstation,Marketing,0,5,4,5,8965681.982173493,274551.3285855052,5,1
AST-006476,Asset_6476,Cloud_Storage,Engineering,0,2,4,3,3955316.745141845,125845.1478251161,0,0
AST-006477,Asset_6477,Workstation,HR,0,1,2,1,1393069.644686576,28960.574422236827,1,0
AST-006478,Asset_6478,Server,Engineering,1,2,1,2,2201543.9929349096,58421.77544583705,12,4
AST-006479,Asset_6479,Workstation,Finance,0,4,5,5,3440588.6862839656,224136.60804046592,5,1
AST-006480,Asset_6480,Server,Engineering,1,1,1,1,865954.0555675391,71365.2202782659,22,2
AST-006481,Asset_6481,Workstation,Finance,1,1,2,1,726385.9979818445,40343.4251957104,21,2
AST-006482,Asset_6482,Workstation,Sales,0,3,1,2,4770001.383227339,78683.08144999116,1,0
AST-006483,Asset_6483,Workstation,HR,1,4,2,3,5925453.7835306125,144750.15717324222,25,3
AST-006484,Asset_6484,Server,Operations,0,3,1,2,2815323.882479487,198355.0618979508,0,0
AST-006485,Asset_6485,Server,Finance,0,5,4,5,9191031.128290001,91056.03829227608,4,0
AST-006486,Asset_6486,Workstation,Engineering,0,1,5,3,1328429.517960345,109556.17054799506,2,0
AST-006487,Asset_6487,Cloud_Storage,Engineering,0,2,2,2,1207057.0877660338,72560.37852957325,5,0
AST-006488,Asset_6488,Database,Sales,0,2,1,2,1184352.7747982051,195410.14009441517,2,1
AST-006489,Asset_6489,Workstation,Marketing,0,3,2,2,2144341.275364832,93292.0400033185,6,1
AST-006490,Asset_6490,Workstation,Operations,0,3,1,2,2450685.156283347,122054.94821072993,1,0
AST-006491,Asset_6491,Workstation,Marketing,0,4,5,4,7324624.048569579,111327.14587179653,0,0
AST-006492,Asset_6492,Server,Engineering,0,1,1,1,1667672.5687754522,11143.750571900886,3,0
AST-006493,Asset_6493,Workstation,Marketing,0,1,1,1,802586.2085258078,40534.247366432595,0,0
AST-006494,Asset_6494,Server,Operations,0,1,2,2,872738.5283759865,135025.9511519776,0,1
AST-006495,Asset_6495,Cloud_Storage,Operations,0,2,3,3,2910364.068736892,216715.92892909524,2,0
AST-006496,Asset_6496,Server,HR,0,1,2,1,1807284.6093765618,77848.82490918088,2,1
AST-006497,Asset_6497,Database,Marketing,0,3,1,2,2925281.056079435,174919.4559454822,0,0
AST-006498,Asset_6498,Server,HR,0,1,1,2,1288244.860282558,40812.14762295871,1,0
AST-006499,Asset_6499,Server,Engineering,0,1,1,1,1835566.3231523032,17451.33509992544,2,0
AST-006500,Asset_6500,Workstation,Engineering,0,2,1,1,3311895.3016196233,80891.686295097,2,0
AST-006501,Asset_6501,Server,Engineering,1,3,4,3,5511792.562295157,147652.86153878845,14,3
AST-006502,Asset_6502,Server,Sales,0,1,1,1,917110.7759704487,95240.50540044991,1,1
AST-006503,Asset_6503,Workstation,Marketing,0,3,2,3,4609203.665917223,284740.8707420216,2,0
AST-006504,Asset_6504,Server,Finance,0,2,3,2,1342037.7815786386,45497.37903014146,3,1
AST-006505,Asset_6505,Server,Operations,0,1,1,1,1424311.7869553878,72210.22904285333,4,1
AST-006506,Asset_6506,Network_Device,Finance,0,1,4,2,956038.3047746953,32079.316266248825,3,1
AST-006507,Asset_6507,Workstation,Engineering,0,3,3,3,4656661.414991204,138920.70659427857,2,0
AST-006508,Asset_6508,Cloud_Storage,Marketing,0,1,1,1,712811.859473163,85753.90394268381,3,0
AST-006509,Asset_6509,Network_Device,HR,0,4,4,3,5993481.614312454,154459.07108077878,2,0
AST-006510,Asset_6510,Workstation,Finance,1,2,2,2,3125557.405793255,26050.41799123741,17,1
AST-006511,Asset_6511,Server,Engineering,0,1,2,2,1785734.4732384323,63259.15586383768,2,1
AST-006512,Asset_6512,Workstation,Finance,0,1,4,3,1530614.8865480032,53320.01964794882,0,1
AST-006513,Asset_6513,Network_Device,Finance,1,1,4,3,1284296.4226626228,140223.52879670213,19,3
AST-006514,Asset_6514,Workstation,Operations,0,2,2,3,3352478.9570659488,218108.74323256407,2,0
AST-006515,Asset_6515,Workstation,Finance,1,2,1,2,1853299.530767057,138864.3330949359,12,2
AST-006516,Asset_6516,Server,Engineering,0,3,1,2,4548599.1845368445,149409.1990603215,1,1
AST-006517,Asset_6517,Network_Device,Operations,0,1,3,1,1586791.5896805488,44543.44073994475,2,0
AST-006518,Asset_6518,Workstation,Engineering,0,1,4,4,1088811.8016281512,135500.65560428053,0,0
AST-006519,Asset_6519,Cloud_Storage,Sales,1,1,1,1,1983449.776629959,15123.908563714282,13,3
AST-006520,Asset_6520,Server,Sales,0,1,1,1,1034134.5718946875,94741.78242915952,0,1
AST-006521,Asset_6521,Server,Sales,1,2,3,3,1253473.5081847135,61935.673618150264,11,3
AST-006522,Asset_6522,Server,Finance,0,5,1,4,4776057.846430067,104167.89801202521,1,1
AST-006523,Asset_6523,Workstation,Marketing,0,2,1,2,1298311.414329722,24500.14419156707,0,0
AST-006524,Asset_6524,Server,Engineering,1,3,1,2,3026868.7086844863,77090.28027702379,8,4
AST-006525,Asset_6525,Server,Sales,0,1,1,1,691809.324876395,83696.22731028016,2,0
AST-006526,Asset_6526,Cloud_Storage,Marketing,1,1,5,3,1159302.2957888138,119706.61769477637,14,2
AST-006527,Asset_6527,Server,Sales,0,1,5,3,1666963.2057930022,209815.336246397,5,1
AST-006528,Asset_6528,Network_Device,Sales,1,1,1,1,601164.5796507536,96899.01188274946,17,1
AST-006529,Asset_6529,Database,Marketing,0,2,5,4,2689323.776406591,361311.0155487314,0,0
AST-006530,Asset_6530,Network_Device,Sales,0,1,1,2,565741.3758536233,52394.98691059183,1,0
AST-006531,Asset_6531,Workstation,Finance,1,4,4,4,7307655.015311393,169314.6413838913,11,0
AST-006532,Asset_6532,Cloud_Storage,Finance,0,5,1,3,9410369.845613407,232807.93449022816,3,1
AST-006533,Asset_6533,Cloud_Storage,Operations,0,1,3,1,1238536.7653985196,97989.27954773152,4,0
AST-006534,Asset_6534,Server,Finance,0,3,1,2,4961540.236111935,148868.28897606078,3,0
AST-006535,Asset_6535,Server,HR,0,2,1,1,2778732.80582224,32699.126847293683,1,0
AST-006536,Asset_6536,Server,Operations,1,1,4,2,1010994.316987449,43908.08715675802,20,0
AST-006537,Asset_6537,Workstation,Sales,0,4,1,3,3470844.7859606827,163693.11523892125,2,0
AST-006538,Asset_6538,Network_Device,HR,0,1,5,4,1637893.7246672225,109462.4887676497,0,1
AST-006539,Asset_6539,Workstation,Engineering,0,3,1,1,3434910.979429327,30485.331742716135,1,1
AST-006540,Asset_6540,Workstation,Marketing,1,1,1,1,1880357.6872754868,67098.86209835213,16,3
AST-006541,Asset_6541,Server,Engineering,0,1,4,2,1963537.9197179952,112670.36349008631,1,1
AST-006542,Asset_6542,Network_Device,HR,0,2,2,3,1631178.0118675698,62587.18412876804,1,0
AST-006543,Asset_6543,Cloud_Storage,Finance,0,4,2,3,5366379.830330454,71493.089996797,3,0
AST-006544,Asset_6544,Server,Sales,0,1,1,1,1305401.3615653573,11749.095426219204,2,1
AST-006545,Asset_6545,Workstation,Operations,1,1,2,1,1802148.2925279369,29769.38954845192,12,2
AST-006546,Asset_6546,Server,Sales,0,2,1,1,3072954.8794947676,89858.18443202163,1,0
AST-006547,Asset_6547,Workstation,Finance,0,1,2,1,1411066.2597273658,81373.0011597793,3,0
AST-006548,Asset_6548,Workstation,Sales,0,2,2,2,3037074.61573211,94660.74224464095,4,1
AST-006549,Asset_6549,Server,Marketing,1,3,2,2,3252558.838226961,153548.13819122227,22,3
AST-006550,Asset_6550,Workstation,Marketing,0,4,5,5,7761748.964323849,233136.16748200034,3,1
AST-006551,Asset_6551,Database,Marketing,0,3,2,2,1759315.3782133015,162578.72711863453,2,0
AST-006552,Asset_6552,Workstation,Engineering,0,4,1,3,2174773.9147493495,79125.41338856897,4,0
AST-006553,Asset_6553,Workstation,Finance,1,3,1,1,3370153.8131755562,23726.562375076603,17,3
AST-006554,Asset_6554,Server,Marketing,0,4,2,3,2927455.68427258,51043.96370486034,2,2
AST-006555,Asset_6555,Workstation,HR,0,1,1,1,1317200.484098235,31762.570844160993,1,1
AST-006556,Asset_6556,Workstation,Marketing,0,2,1,2,1027029.7114913546,46336.92178923317,2,0
AST-006557,Asset_6557,Database,Operations,0,5,3,4,5947622.31074526,327510.8942780594,4,0
AST-006558,Asset_6558,Server,Engineering,1,2,4,3,1884773.6901658408,94792.35633894167,19,0
AST-006559,Asset_6559,Workstation,HR,0,4,2,2,3214162.079452821,112917.36940458778,2,0
AST-006560,Asset_6560,Cloud_Storage,Finance,1,1,2,1,1166974.3067192389,78057.74369823307,24,2
AST-006561,Asset_6561,Server,Finance,0,4,2,3,7127293.770896545,212810.10168409522,4,0
AST-006562,Asset_6562,Database,Operations,0,2,2,1,2966184.0527042444,28413.06161668136,0,0
AST-006563,Asset_6563,Server,Marketing,0,1,3,2,739912.4747892065,33872.93240408735,3,0
AST-006564,Asset_6564,Workstation,HR,1,1,3,2,1248309.587966375,184117.0954544279,22,3
AST-006565,Asset_6565,Server,Operations,0,1,1,2,1897506.678224292,131958.87297563726,1,1
AST-006566,Asset_6566,Database,HR,1,4,3,3,4635348.935837803,220772.19907546806,8,5
AST-006567,Asset_6567,Workstation,Marketing,0,2,3,2,2411638.695594179,89482.52831671287,2,0
AST-006568,Asset_6568,Workstation,Marketing,0,4,1,2,7648145.958609355,63489.23415725336,0,2
AST-006569,Asset_6569,Database,Sales,1,2,1,2,1407424.5489517823,115511.14378739778,15,5
AST-006570,Asset_6570,Workstation,Sales,1,4,3,4,6410248.912536112,68037.47238979989,7,5
AST-006571,Asset_6571,Workstation,Marketing,0,2,2,1,1897484.200212129,81997.87992737675,0,0
AST-006572,Asset_6572,Server,Engineering,0,1,3,2,1798837.4881895974,137810.90566109578,2,1
AST-006573,Asset_6573,Server,Operations,0,1,1,1,581543.727618129,78547.05914028957,0,0
AST-006574,Asset_6574,Network_Device,Sales,0,5,1,3,9928011.761174781,183700.4390525813,0,0
AST-006575,Asset_6575,Server,Marketing,0,1,1,1,1652913.2298782305,62011.822902329535,1,0
AST-006576,Asset_6576,Workstation,HR,0,1,2,1,926499.4738091298,64033.80941229336,2,1
AST-006577,Asset_6577,Cloud_Storage,Operations,0,1,2,2,1641283.8405246774,161148.63147913048,1,0
AST-006578,Asset_6578,Server,Sales,0,1,4,3,1884454.6472649907,90854.05985639514,0,1
AST-006579,Asset_6579,Database,Engineering,1,4,3,3,2677504.347049192,214013.67013037344,16,5
AST-006580,Asset_6580,Workstation,Operations,0,2,5,4,3740735.101262935,238974.03856536112,0,0
AST-006581,Asset_6581,Network_Device,Operations,0,2,1,1,2080523.2695238201,54559.69772665121,3,0
AST-006582,Asset_6582,Cloud_Storage,Finance,1,4,1,3,2038755.8327071974,176044.76950569404,17,2
AST-006583,Asset_6583,Workstation,HR,0,2,1,3,1337262.9114147378,103494.03522955428,2,1
AST-006584,Asset_6584,Server,Engineering,0,3,2,3,5481572.683149014,40011.77239049274,2,2
AST-006585,Asset_6585,Workstation,Engineering,0,1,1,1,1973999.702235618,78324.75646709354,2,0
AST-006586,Asset_6586,Workstation,Engineering,0,5,2,4,9215290.101195402,369822.4684335005,1,1
AST-006587,Asset_6587,Workstation,HR,1,1,1,1,1162304.9477605035,53268.63224463629,16,3
AST-006588,Asset_6588,Server,Engineering,0,3,1,2,5826345.466013429,170822.32481575268,1,0
AST-006589,Asset_6589,Server,Finance,0,2,2,1,2220550.657565181,59973.079012471055,1,2
AST-006590,Asset_6590,Workstation,Sales,0,1,1,2,670544.1038947459,187454.39989786627,2,0
AST-006591,Asset_6591,Workstation,HR,1,1,3,3,1011412.2445703982,167272.73041910524,15,4
AST-006592,Asset_6592,Database,Engineering,0,1,3,2,1997631.7453838915,56873.488774627185,1,0
AST-006593,Asset_6593,Database,Marketing,0,1,1,1,1438918.3981644483,88310.36018304809,1,1
AST-006594,Asset_6594,Network_Device,Sales,0,2,3,3,2019996.131875805,246073.3841959142,0,0
AST-006595,Asset_6595,Workstation,Operations,0,5,2,4,7181343.228772253,183283.86452356476,2,0
AST-006596,Asset_6596,Server,HR,0,2,2,2,2287407.48864985,171544.07814681894,1,0
AST-006597,Asset_6597,Server,Marketing,0,2,1,1,1148645.7761252779,10814.542544916021,2,0
AST-006598,Asset_6598,Server,Operations,0,1,3,2,801691.4454688515,163954.49633387665,2,0
AST-006599,Asset_6599,Cloud_Storage,Marketing,0,1,1,1,528853.0070732936,71923.61464383022,2,0
AST-006600,Asset_6600,Workstation,Engineering,0,2,1,2,1764376.66849082,88342.05795712762,2,0
AST-006601,Asset_6601,Workstation,HR,0,5,1,3,8046737.744870908,243728.1735387938,2,0
AST-006602,Asset_6602,Workstation,Engineering,1,4,2,3,3159911.5663721357,64198.70740627426,17,2
AST-006603,Asset_6603,Database,Operations,0,1,2,2,1292084.5683965208,56597.49561236412,0,0
AST-006604,Asset_6604,Network_Device,Finance,0,2,4,2,3104811.156390805,116044.40560438434,2,1
AST-006605,Asset_6605,Workstation,Marketing,0,2,3,2,2646047.2521969285,178584.73178413877,2,2
AST-006606,Asset_6606,Server,Finance,0,2,5,3,1046111.6147115804,65128.358452379995,1,1
AST-006607,Asset_6607,Server,Operations,0,2,3,2,2090025.9126722151,121568.36201597736,0,1
AST-006608,Asset_6608,Workstation,Engineering,1,3,1,2,3487337.2538233004,155563.70619041793,17,1
AST-006609,Asset_6609,Cloud_Storage,Sales,0,1,2,2,1014130.0260326988,153803.62528894743,0,1
AST-006610,Asset_6610,Database,Marketing,1,4,2,4,5277582.653292638,266066.00758113666,15,2
AST-006611,Asset_6611,Network_Device,Sales,1,1,2,2,1269730.5219104702,189365.7921452675,12,2
AST-006612,Asset_6612,Workstation,HR,0,2,2,2,1562350.7229261869,106784.68353126972,1,0
AST-006613,Asset_6613,Server,Marketing,1,4,3,3,6511844.201183199,267666.0581507451,18,4
AST-006614,Asset_6614,Server,Finance,0,2,1,1,1483491.1424720264,65762.55457118849,1,2
AST-006615,Asset_6615,Server,Sales,0,1,3,2,1188448.05535807,152744.0021927678,1,0
AST-006616,Asset_6616,Workstation,Operations,0,1,1,2,1634453.3007803853,103669.79332041588,2,0
AST-006617,Asset_6617,Server,HR,0,2,1,1,3091786.8592824447,25085.74057633556,1,0
AST-006618,Asset_6618,Database,Marketing,1,1,2,2,1148278.8270685158,39637.175915900174,20,2
AST-006619,Asset_6619,Workstation,Operations,1,2,2,1,3366761.2280315645,71409.73736719295,23,4
AST-006620,Asset_6620,Workstation,HR,1,1,1,1,1570636.8437202822,43882.85734852476,19,4
AST-006621,Asset_6621,Server,Finance,0,3,2,2,3230411.6277521215,122146.9066854691,3,2
AST-006622,Asset_6622,Workstation,Operations,0,1,2,1,1843270.0696567155,77144.43987472949,3,0
AST-006623,Asset_6623,Workstation,Marketing,0,2,1,1,1425878.5648000003,80783.35370540251,1,0
AST-006624,Asset_6624,Workstation,HR,0,2,3,3,2075446.3645816315,167608.28872759454,5,0
AST-006625,Asset_6625,Network_Device,Engineering,0,2,1,1,3093429.0137234014,38305.21573568015,2,0
AST-006626,Asset_6626,Server,Marketing,0,1,3,2,1809466.1763497228,159658.449434357,2,1
AST-006627,Asset_6627,Network_Device,Marketing,0,2,1,1,1967739.188831943,47381.07458478439,3,0
AST-006628,Asset_6628,Workstation,Marketing,0,2,2,1,2683727.19861391,94305.76818514235,1,0
AST-006629,Asset_6629,Workstation,Marketing,0,1,4,2,517759.62474628934,168422.96436664037,0,0
AST-006630,Asset_6630,Workstation,Engineering,0,3,3,4,3168792.580936306,308890.02221876715,3,0
AST-006631,Asset_6631,Workstation,Operations,1,4,3,3,3985610.0400431766,95135.9158083723,17,2
AST-006632,Asset_6632,Server,Operations,0,1,1,1,1763706.359620971,42648.58053141913,1,0
AST-006633,Asset_6633,Workstation,Operations,0,2,1,2,1221930.0717088608,172816.53168124292,1,0
AST-006634,Asset_6634,Workstation,Finance,1,2,2,2,1186343.7163318123,24165.15796992177,20,4
AST-006635,Asset_6635,Workstation,Engineering,1,1,2,1,1164053.0572913946,80332.18714916756,14,3
AST-006636,Asset_6636,Database,Engineering,1,1,4,3,1111083.5061524315,139120.9209288782,16,2
AST-006637,Asset_6637,Cloud_Storage,HR,0,5,1,2,3711699.4790750304,163882.83379661894,2,1
AST-006638,Asset_6638,Workstation,Sales,0,2,2,2,1790032.5850274344,119430.54157595489,3,0
AST-006639,Asset_6639,Server,Operations,1,4,2,3,7845166.919752913,172237.80924092338,12,2
AST-006640,Asset_6640,Workstation,Sales,1,2,3,1,2539547.693071263,73143.22136018863,20,3
AST-006641,Asset_6641,Workstation,HR,0,1,1,2,631779.6164333697,165140.0906627419,1,1
AST-006642,Asset_6642,Workstation,Engineering,0,1,4,3,574620.2336023237,217232.79478236398,1,2
AST-006643,Asset_6643,Workstation,HR,0,3,2,3,1688720.4137420326,151692.86257361964,3,0
AST-006644,Asset_6644,Network_Device,Marketing,0,2,3,3,2167057.122383891,116625.74066278923,3,0
AST-006645,Asset_6645,Server,HR,0,1,2,1,1798426.059564793,86106.68909812126,3,0
AST-006646,Asset_6646,Workstation,HR,0,2,3,2,3498749.7800115566,113739.97144353611,1,1
AST-006647,Asset_6647,Network_Device,Marketing,1,3,1,2,3155488.7840629807,161022.93526457335,27,3
AST-006648,Asset_6648,Network_Device,Sales,0,3,3,3,4984906.131920587,298843.7096432921,1,0
AST-006649,Asset_6649,Workstation,Marketing,1,1,2,2,1628372.6855238033,135899.7644484138,14,4
AST-006650,Asset_6650,Network_Device,Finance,0,1,2,2,1224493.1661912408,70102.31505613204,2,1
AST-006651,Asset_6651,Server,HR,0,5,1,3,5532907.464351276,263700.28387051576,2,0
AST-006652,Asset_6652,Network_Device,HR,0,4,3,4,3083291.7260900647,138522.29712802556,2,1
AST-006653,Asset_6653,Database,Sales,1,1,1,1,918156.481137753,33436.08715229144,16,6
AST-006654,Asset_6654,Server,Engineering,0,3,1,2,3024129.4625567878,33308.66390548888,2,0
AST-006655,Asset_6655,Server,Marketing,0,1,1,1,1719076.7596028878,17070.642752486157,2,2
AST-006656,Asset_6656,Workstation,Engineering,1,1,1,1,1329429.4548849938,87608.9231126618,16,2
AST-006657,Asset_6657,Server,Finance,0,1,2,2,801371.7903665912,61531.31271729761,1,2
AST-006658,Asset_6658,Database,Marketing,1,1,1,1,643741.4162949668,19781.93633714324,13,3
AST-006659,Asset_6659,Server,Finance,1,4,1,2,4979982.965482021,83465.83889684323,9,2
AST-006660,Asset_6660,Server,Finance,1,2,1,2,2998949.804410062,148437.93907247853,13,5
AST-006661,Asset_6661,Workstation,Finance,0,1,2,2,1728325.419291699,81133.59001392819,4,0
AST-006662,Asset_6662,Workstation,Operations,0,3,2,3,5087916.01119413,113505.61813313847,1,0
AST-006663,Asset_6663,Database,Marketing,1,3,1,2,5208700.733465385,107851.83130979021,16,1
AST-006664,Asset_6664,Workstation,Marketing,0,1,2,1,1171771.024901912,11908.01292586266,1,1
AST-006665,Asset_6665,Network_Device,Operations,0,2,2,3,3596972.5235304176,162589.837631846,3,0
AST-006666,Asset_6666,Workstation,Sales,1,3,3,3,3500737.1293843333,297305.1359463811,16,1
AST-006667,Asset_6667,Database,Operations,0,3,1,2,2256545.8076313846,163882.74807259382,2,1
AST-006668,Asset_6668,Workstation,HR,1,3,4,3,3288203.473376813,49032.78577368922,10,1
AST-006669,Asset_6669,Server,Engineering,1,1,1,1,1010037.6162326767,68934.0240873266,17,2
AST-006670,Asset_6670,Server,Engineering,1,1,3,3,1088265.250354034,154500.2975476047,16,5
AST-006671,Asset_6671,Database,Finance,0,3,2,2,4463786.683744019,168724.74209598417,4,2
AST-006672,Asset_6672,Network_Device,Marketing,0,4,1,2,5941499.101093705,37734.718835404856,4,1
AST-006673,Asset_6673,Server,Marketing,0,1,2,1,837352.27907346,30945.592985603376,2,0
AST-006674,Asset_6674,Server,Finance,0,1,3,2,973895.8533788032,162405.39445339216,3,0
AST-006675,Asset_6675,Server,HR,0,4,2,3,5572129.381607303,259283.8212762039,1,0
AST-006676,Asset_6676,Network_Device,Engineering,0,1,2,3,626192.6908047623,172915.25698884449,3,0
AST-006677,Asset_6677,Workstation,Operations,0,1,1,1,1532996.2943252646,11772.732427400937,0,1
AST-006678,Asset_6678,Server,Sales,0,1,4,2,768338.4579202002,180868.70417681866,2,0
AST-006679,Asset_6679,Workstation,HR,1,2,3,2,3552133.4124905462,88897.74068431562,19,3
AST-006680,Asset_6680,Workstation,Marketing,0,1,1,2,1102381.4861506424,27142.496153856806,1,0
AST-006681,Asset_6681,Workstation,Finance,0,2,3,3,1662417.599420498,251079.3063794069,1,0
AST-006682,Asset_6682,Server,Engineering,0,1,1,1,1501730.6129001928,47626.221011963884,2,0
AST-006683,Asset_6683,Network_Device,Finance,1,5,3,4,6655231.042537397,108396.50455448931,15,2
AST-006684,Asset_6684,Database,Marketing,0,4,2,3,3031613.7682051724,246426.1313932658,1,0
AST-006685,Asset_6685,Workstation,Finance,0,4,2,3,6962966.242881821,153583.23275279897,1,0
AST-006686,Asset_6686,Server,Operations,0,4,1,2,4719734.448021587,129405.72142295257,2,0
AST-006687,Asset_6687,Database,Engineering,0,2,5,4,1456734.5943097125,336323.7125391087,2,0
AST-006688,Asset_6688,Database,Finance,1,1,3,2,1694272.9313404947,114035.97602746922,17,1
AST-006689,Asset_6689,Workstation,Engineering,1,1,3,3,700151.7225927414,59829.06865874477,17,4
AST-006690,Asset_6690,Server,Finance,0,1,1,1,1952057.7526959104,96738.56428478901,1,1
AST-006691,Asset_6691,Workstation,Finance,1,1,1,1,1162714.7124761133,35788.64566988991,15,1
AST-006692,Asset_6692,Server,Engineering,1,2,2,2,3184666.800802931,198964.89767986248,16,3
AST-006693,Asset_6693,Workstation,Operations,1,5,3,3,5889757.972798734,31626.625272540477,18,2
AST-006694,Asset_6694,Network_Device,Finance,0,2,4,3,1562688.0040653292,160622.77572880505,0,0
AST-006695,Asset_6695,Workstation,Operations,0,2,1,2,3274342.094898529,146888.29942290578,1,2
AST-006696,Asset_6696,Workstation,HR,0,2,2,2,1868071.0638858364,183134.34812330265,1,0
AST-006697,Asset_6697,Workstation,Sales,0,1,3,2,1523626.7494374698,160460.65016884278,2,0
AST-006698,Asset_6698,Database,HR,0,4,1,2,3544236.310378868,66013.00736432974,3,0
AST-006699,Asset_6699,Network_Device,Sales,1,2,2,2,1723324.83376708,63794.79342738727,11,0
AST-006700,Asset_6700,Server,HR,1,1,1,1,1186168.4263128894,42092.79993321661,20,1
AST-006701,Asset_6701,Workstation,Sales,1,4,2,3,6897436.199804009,59845.85419147282,6,5
AST-006702,Asset_6702,Workstation,Finance,0,2,4,3,2840899.1560112042,210784.7762567053,1,1
AST-006703,Asset_6703,Database,Engineering,0,2,4,3,1194006.5784930196,284139.75248737424,2,0
AST-006704,Asset_6704,Database,Engineering,0,2,2,2,3201594.0890737562,135578.78859344544,1,0
AST-006705,Asset_6705,Workstation,Marketing,0,3,1,3,4108969.5056662224,174010.87987585127,1,1
AST-006706,Asset_6706,Network_Device,Sales,1,1,2,2,1435348.2948305816,110602.85888686635,21,2
AST-006707,Asset_6707,Cloud_Storage,Marketing,0,4,4,2,4121468.9644563403,126670.3628923477,6,1
AST-006708,Asset_6708,Workstation,Operations,1,5,2,4,6671212.382818012,295820.6529506098,10,3
AST-006709,Asset_6709,Workstation,Operations,0,2,2,2,2115666.0957270465,163099.88368823662,2,1
AST-006710,Asset_6710,Cloud_Storage,Marketing,0,2,4,3,1244517.013483951,218546.71633332592,3,1
AST-006711,Asset_6711,Server,Sales,0,4,3,2,7066581.682967471,146905.73709945334,2,1
AST-006712,Asset_6712,Server,Engineering,0,1,4,2,1517040.084151098,191312.0856743027,1,0
AST-006713,Asset_6713,Workstation,Sales,0,5,4,5,7528292.590979848,454704.5278932429,1,0
AST-006714,Asset_6714,Network_Device,Operations,0,2,1,1,1581036.2938133737,84153.09866111261,3,0
AST-006715,Asset_6715,Network_Device,Finance,0,2,4,4,2990789.6957258536,55609.68674566595,1,1
AST-006716,Asset_6716,Workstation,Marketing,1,2,2,2,1696091.8715360553,140396.1224757693,15,2
AST-006717,Asset_6717,Server,Marketing,1,2,1,1,3062604.061313209,50948.26987427392,17,1
AST-006718,Asset_6718,Workstation,Operations,1,1,2,2,1000295.7269313666,131167.85928805167,17,2
AST-006719,Asset_6719,Server,Sales,1,3,2,3,2208812.040309999,215296.1867385725,14,2
AST-006720,Asset_6720,Server,Marketing,1,2,1,2,3718793.0496999803,148637.33772743604,18,0
AST-006721,Asset_6721,Workstation,Engineering,0,3,5,4,1970926.4601643004,352993.46432063647,0,2
AST-006722,Asset_6722,Server,Marketing,0,1,1,1,1642681.7249233592,91899.20514117353,2,0
AST-006723,Asset_6723,Network_Device,Sales,0,2,4,4,1305327.0067454583,258458.2287680202,1,0
AST-006724,Asset_6724,Workstation,Operations,1,3,1,3,4581238.393791666,271424.34355423914,20,4
AST-006725,Asset_6725,Workstation,Engineering,0,5,1,4,3327891.9599388856,315263.8193210829,3,0
AST-006726,Asset_6726,Server,Engineering,0,4,2,4,5052946.823723442,112981.13987997561,2,0
AST-006727,Asset_6727,Database,Marketing,1,4,3,4,3127974.151107871,52712.28350819974,10,4
AST-006728,Asset_6728,Server,Sales,0,1,1,1,1799872.3740742195,10889.948669737905,2,0
AST-006729,Asset_6729,Cloud_Storage,Marketing,1,3,5,4,3306680.5619033254,251184.3510902371,13,3
AST-006730,Asset_6730,Network_Device,Finance,1,1,3,1,523139.52425019664,56943.3930027847,17,1
AST-006731,Asset_6731,Workstation,Operations,0,1,3,1,1442241.878285076,72673.1697254871,2,0
AST-006732,Asset_6732,Server,Finance,0,1,1,1,1167708.7083634571,85854.54582544211,1,1
AST-006733,Asset_6733,Cloud_Storage,Engineering,1,4,2,3,7158435.7825679425,74399.47428769908,13,7
AST-006734,Asset_6734,Database,Marketing,0,1,4,3,1149716.2666727265,261236.57776595408,2,0
AST-006735,Asset_6735,Server,Finance,1,1,1,1,1116710.7201871295,18827.384086544742,12,1
AST-006736,Asset_6736,Workstation,HR,1,1,1,1,1181139.8228196981,89491.90190541814,20,5
AST-006737,Asset_6737,Cloud_Storage,Finance,0,2,2,3,3579562.0546755623,259631.339835535,3,0
AST-006738,Asset_6738,Server,Marketing,0,4,4,4,5520935.36915924,290904.08907480736,4,0
AST-006739,Asset_6739,Server,Marketing,0,2,2,3,3008087.260706811,111007.88913457777,0,0
AST-006740,Asset_6740,Cloud_Storage,Operations,0,2,2,1,3161232.658467381,18407.211353946925,2,1
AST-006741,Asset_6741,Server,Finance,0,1,2,1,1906273.283660986,80027.83593359325,2,0
AST-006742,Asset_6742,Server,Marketing,1,1,4,3,1756280.8889560516,88827.44176908795,9,2
AST-006743,Asset_6743,Workstation,Marketing,0,1,1,1,1890926.3924647907,49684.337463321484,2,0
AST-006744,Asset_6744,Network_Device,Operations,1,2,1,1,2029914.8205528096,57777.31600429347,17,5
AST-006745,Asset_6745,Workstation,Operations,0,2,1,2,1644520.1263996493,143379.61722851972,2,0
AST-006746,Asset_6746,Cloud_Storage,Operations,0,1,1,1,805084.2678962345,53869.426502795766,3,0
AST-006747,Asset_6747,Workstation,Operations,0,3,1,1,5360104.914677952,72507.99395358906,3,0
AST-006748,Asset_6748,Server,HR,1,5,1,3,8729434.231607432,249790.32466891574,13,4
AST-006749,Asset_6749,Cloud_Storage,Engineering,0,1,2,1,1475617.4170950563,74175.4798970254,0,1
AST-006750,Asset_6750,Workstation,Marketing,0,1,1,1,594413.5759903317,36955.24376122093,6,0
AST-006751,Asset_6751,Server,Sales,1,3,2,2,2931216.7082224973,180971.5070567809,14,4
AST-006752,Asset_6752,Workstation,Operations,0,1,4,2,1601301.9316527364,119102.85898479325,3,0
AST-006753,Asset_6753,Database,Engineering,0,1,1,1,872853.1606033131,51883.7335990642,2,0
AST-006754,Asset_6754,Server,Operations,0,1,1,1,1436088.3811586367,61754.23052240741,1,2
AST-006755,Asset_6755,Server,Engineering,1,4,1,3,5256447.3312472375,160469.40006085165,17,2
AST-006756,Asset_6756,Workstation,Sales,0,2,2,2,1788017.1221807902,155919.79395322138,4,0
AST-006757,Asset_6757,Network_Device,Finance,0,1,3,2,1901507.0462513885,95719.51570430846,0,0
AST-006758,Asset_6758,Workstation,HR,0,1,3,2,885108.573889703,159810.16507287414,5,0
AST-006759,Asset_6759,Cloud_Storage,Marketing,1,1,2,2,1842186.7327164733,156827.9426264582,17,2
AST-006760,Asset_6760,Server,Finance,0,1,4,3,1311397.878737418,104755.0125968758,1,0
AST-006761,Asset_6761,Server,Sales,0,2,3,2,1275484.0390648437,37269.43949177803,2,0
AST-006762,Asset_6762,Server,HR,0,3,1,2,5251311.399021519,173172.44300507382,1,0
AST-006763,Asset_6763,Server,HR,0,1,1,1,1687148.0663267777,25202.781462681716,1,1
AST-006764,Asset_6764,Server,HR,1,1,2,2,1746461.7951425018,25612.857123595815,7,3
AST-006765,Asset_6765,Workstation,Sales,0,1,5,3,1457222.8184588251,138628.1537389654,3,1
AST-006766,Asset_6766,Cloud_Storage,Operations,1,1,1,1,1567423.4394872324,32873.44858968636,22,3
AST-006767,Asset_6767,Cloud_Storage,Operations,1,5,1,3,9302934.851233711,89497.52727152995,16,3
AST-006768,Asset_6768,Server,Operations,1,1,4,4,691547.5206818351,102032.89303652308,16,1
AST-006769,Asset_6769,Network_Device,Finance,0,1,1,2,624556.766532646,154855.3816569687,3,1
AST-006770,Asset_6770,Database,Marketing,1,1,2,2,687613.458478497,161016.0894298032,19,5
AST-006771,Asset_6771,Server,HR,0,2,1,1,3610214.92805577,14175.062529723113,2,1
AST-006772,Asset_6772,Network_Device,HR,1,4,1,2,5377605.174949763,118426.11567043491,10,3
AST-006773,Asset_6773,Workstation,Finance,0,1,2,2,764097.9219039873,44326.18026782917,1,2
AST-006774,Asset_6774,Server,Operations,1,2,2,3,1425136.2050196545,164879.6143710761,12,1
AST-006775,Asset_6775,Workstation,HR,0,1,1,1,1168135.3330469648,41313.68278299006,3,0
AST-006776,Asset_6776,Server,HR,1,3,3,3,5170803.2515976885,84490.3723108581,19,4
AST-006777,Asset_6777,Workstation,Sales,1,2,1,1,3415530.158684799,95325.37320789523,14,4
AST-006778,Asset_6778,Workstation,Engineering,1,2,2,3,3553759.206832008,288321.46773162554,16,1
AST-006779,Asset_6779,Cloud_Storage,Finance,1,2,1,2,3306834.200233118,121514.69379460854,16,1
AST-006780,Asset_6780,Server,Finance,0,4,3,3,2369718.857988069,80773.51735189857,4,0
AST-006781,Asset_6781,Database,Operations,0,2,3,3,3160500.7127034296,187481.8049522276,0,0
AST-006782,Asset_6782,Workstation,Finance,1,2,1,1,2556883.8711851817,93564.93400525914,17,2
AST-006783,Asset_6783,Workstation,Operations,0,2,1,2,3179236.6397386957,87996.94041205442,0,1
AST-006784,Asset_6784,Database,Sales,0,2,4,3,2452848.218902173,67188.9352865136,1,0
AST-006785,Asset_6785,Workstation,Sales,0,1,2,1,1225308.5766458195,72432.11660836128,4,0
AST-006786,Asset_6786,Network_Device,Marketing,0,1,2,1,689201.9914857027,69064.2043671784,0,0
AST-006787,Asset_6787,Cloud_Storage,Operations,0,1,1,1,1857837.8624599553,10124.941735875494,1,0
AST-006788,Asset_6788,Network_Device,Sales,0,2,5,3,2123865.269257659,260473.50875632075,3,1
AST-006789,Asset_6789,Network_Device,Operations,0,2,4,3,2747122.277051028,208401.71656149035,2,0
AST-006790,Asset_6790,Workstation,Finance,0,1,1,1,810734.3996568363,27612.873442740205,3,2
AST-006791,Asset_6791,Network_Device,Marketing,0,2,2,3,2106666.69597956,30874.464890256088,4,1
AST-006792,Asset_6792,Database,Engineering,0,4,4,4,7223464.539106879,390028.04978781607,3,0
AST-006793,Asset_6793,Database,HR,0,1,2,2,814399.0478253873,155842.352490922,1,1
AST-006794,Asset_6794,Database,HR,0,1,2,2,809158.4200134393,85709.21622894413,2,1
AST-006795,Asset_6795,Workstation,Marketing,1,4,1,2,3562994.661604941,97901.91785941632,17,5
AST-006796,Asset_6796,Server,Operations,0,2,1,1,2723983.2638268713,58497.44606090947,2,2
AST-006797,Asset_6797,Cloud_Storage,Operations,1,1,3,2,1281032.3315398023,149353.0226155915,20,2
AST-006798,Asset_6798,Database,Operations,1,2,2,2,1525966.0056637302,51127.57396034032,13,3
AST-006799,Asset_6799,Server,Engineering,0,2,2,3,3075907.0627030847,82846.84352623782,1,0
AST-006800,Asset_6800,Workstation,HR,0,2,1,2,3722620.087291913,28688.54220147604,4,0
AST-006801,Asset_6801,Server,Marketing,0,2,3,2,1596486.6319968672,197442.96283695952,3,1
AST-006802,Asset_6802,Server,Operations,0,2,3,2,3018861.4763878407,177602.77775683056,0,0
AST-006803,Asset_6803,Server,Sales,0,3,2,2,4138730.6591329523,119532.44244744294,1,0
AST-006804,Asset_6804,Workstation,Finance,0,1,4,2,993408.4408099328,97449.25621751501,2,0
AST-006805,Asset_6805,Workstation,Engineering,0,3,1,1,4280237.78397752,31369.5957365784,1,1
AST-006806,Asset_6806,Workstation,Operations,0,5,3,4,4074316.6615597587,254193.80716603616,1,1
AST-006807,Asset_6807,Workstation,HR,1,1,2,2,1750932.250162928,144291.8645137059,14,2
AST-006808,Asset_6808,Workstation,Finance,0,3,1,2,1599954.3893345066,144052.89920510264,1,0
AST-006809,Asset_6809,Database,Marketing,1,1,1,1,1350594.4651610958,10579.252414443812,12,4
AST-006810,Asset_6810,Database,Operations,0,1,1,1,978170.2728191298,73183.50278868737,2,0
AST-006811,Asset_6811,Workstation,HR,0,4,4,5,7288164.319544289,439867.78305924824,2,1
AST-006812,Asset_6812,Server,Finance,0,1,3,2,1249049.402061245,40685.00328132235,2,0
AST-006813,Asset_6813,Server,Sales,1,1,2,1,1703732.0589063298,77983.9311065282,20,1
AST-006814,Asset_6814,Workstation,Engineering,0,2,1,2,3771461.0345534603,168182.94666172276,2,0
AST-006815,Asset_6815,Workstation,Marketing,0,2,5,4,2003048.65439104,139420.9786111153,3,0
AST-006816,Asset_6816,Server,HR,1,2,1,1,3641025.5697142542,74089.55726891526,16,2
AST-006817,Asset_6817,Server,Sales,0,1,2,1,1589418.3921118514,18707.938572708,1,1
AST-006818,Asset_6818,Cloud_Storage,Engineering,0,1,3,2,662261.5956619447,136858.18373820727,1,1
AST-006819,Asset_6819,Network_Device,Engineering,1,1,1,1,655879.9231569399,55929.641587958824,11,4
AST-006820,Asset_6820,Workstation,Sales,1,2,2,1,3452036.172441729,86486.6932534616,11,2
AST-006821,Asset_6821,Workstation,HR,0,2,1,1,2404948.2688148776,50677.08495182958,1,1
AST-006822,Asset_6822,Workstation,Engineering,0,2,1,2,2485450.8129102485,97057.24913228286,2,1
AST-006823,Asset_6823,Cloud_Storage,Marketing,1,2,3,3,3673739.6161440234,282121.907846021,25,3
AST-006824,Asset_6824,Cloud_Storage,Finance,1,1,1,1,1855705.0052729982,94084.0076098567,21,4
AST-006825,Asset_6825,Server,Marketing,0,3,2,2,2007176.9310898727,26428.093641219024,1,0
AST-006826,Asset_6826,Network_Device,Operations,1,1,1,1,1060472.4844168383,53700.854732925516,15,4
AST-006827,Asset_6827,Server,Engineering,0,1,2,1,1842840.1539037228,24486.18413800357,2,1
AST-006828,Asset_6828,Server,Finance,0,3,1,1,5189344.567547838,34633.55958846238,2,1
AST-006829,Asset_6829,Workstation,Sales,0,1,3,2,1581513.2315538148,139905.26164362248,2,0
AST-006830,Asset_6830,Workstation,Finance,0,2,1,2,1305901.6113185163,43271.81808677883,2,0
AST-006831,Asset_6831,Cloud_Storage,Finance,0,1,3,3,1431791.8493088,33043.03322415838,4,0
AST-006832,Asset_6832,Server,Finance,0,2,2,2,2745554.204985941,150882.25566812104,3,1
AST-006833,Asset_6833,Workstation,Engineering,0,1,2,2,750750.5916028444,135441.97151568596,0,1
AST-006834,Asset_6834,Cloud_Storage,Operations,0,5,4,4,8303940.923004522,364959.14237905585,0,1
AST-006835,Asset_6835,Cloud_Storage,Operations,0,1,1,1,967965.4773931209,58807.910900595525,1,0
AST-006836,Asset_6836,Server,HR,1,2,1,2,2861877.168934152,190159.52447642025,13,1
AST-006837,Asset_6837,Database,Operations,1,4,1,3,4171012.9148383606,194514.6075416748,16,3
AST-006838,Asset_6838,Workstation,Engineering,0,2,1,2,1253185.6393147619,89687.06577114105,1,1
AST-006839,Asset_6839,Server,HR,1,2,5,4,2574384.6773917647,259046.93390562505,13,3
AST-006840,Asset_6840,Cloud_Storage,Sales,0,2,1,2,1919929.4066669652,154852.4486209321,2,1
AST-006841,Asset_6841,Cloud_Storage,Sales,0,2,3,2,1213939.0100427691,82557.40748000683,3,0
AST-006842,Asset_6842,Server,Sales,1,3,2,3,2393290.1224166728,130581.73301593185,15,3
AST-006843,Asset_6843,Server,Sales,0,1,1,1,1428283.653786368,66694.35653652667,2,0
AST-006844,Asset_6844,Server,Sales,0,4,4,4,2608291.99630437,204013.10420573133,4,0
AST-006845,Asset_6845,Cloud_Storage,Marketing,0,2,5,4,1262399.0231563593,229710.35421309623,1,1
AST-006846,Asset_6846,Server,Engineering,0,3,4,3,5748097.060638829,295162.04077009065,1,0
AST-006847,Asset_6847,Workstation,HR,0,1,2,3,661285.0686821223,41819.231733105895,0,1
AST-006848,Asset_6848,Workstation,Sales,1,4,1,2,4256358.369857345,136622.06714339848,16,4
AST-006849,Asset_6849,Workstation,Marketing,0,1,1,1,700116.335725231,93059.69188227759,2,0
AST-006850,Asset_6850,Server,Operations,1,3,2,3,5726710.915090125,93777.07976091042,12,2
AST-006851,Asset_6851,Server,Marketing,1,2,1,2,2443484.1985103292,58164.96697652623,13,1
AST-006852,Asset_6852,Cloud_Storage,Marketing,0,2,3,2,1333357.7263413104,85339.65096745527,3,1
AST-006853,Asset_6853,Cloud_Storage,Engineering,0,2,3,2,3306449.3272769228,33334.13580539893,2,1
AST-006854,Asset_6854,Workstation,Sales,0,1,1,1,1671179.8815604087,60425.63138637804,1,0
AST-006855,Asset_6855,Server,Marketing,0,2,2,3,3703598.3900251747,204273.89713370113,3,1
AST-006856,Asset_6856,Database,Marketing,0,1,5,2,1558483.08036301,167579.6257114008,0,0
AST-006857,Asset_6857,Workstation,Sales,1,2,1,2,1164148.8215231749,31911.6976966848,16,2
AST-006858,Asset_6858,Server,Engineering,1,3,1,3,3976401.961963417,147769.94440411296,10,6
AST-006859,Asset_6859,Cloud_Storage,Marketing,0,1,1,2,1076059.7881005662,161157.23056464177,0,1
AST-006860,Asset_6860,Workstation,HR,0,2,1,2,3245743.1508800983,158294.33548243466,2,0
AST-006861,Asset_6861,Server,Finance,0,2,1,2,2772787.025517449,33255.3006691284,4,1
AST-006862,Asset_6862,Cloud_Storage,Operations,0,1,1,1,1587800.781188337,11025.603067866416,3,1
AST-006863,Asset_6863,Cloud_Storage,Finance,1,5,1,3,3853329.3840481737,241498.49084252986,15,2
AST-006864,Asset_6864,Server,Finance,1,2,2,2,2311212.9818033595,44835.974363815956,20,4
AST-006865,Asset_6865,Workstation,Engineering,0,1,1,1,1148156.4904737738,62001.060807187074,1,0
AST-006866,Asset_6866,Database,Marketing,0,1,1,1,1971461.9173735548,18482.15529012306,1,0
AST-006867,Asset_6867,Database,Finance,0,2,4,4,1057330.4884098177,146384.00827761245,3,0
AST-006868,Asset_6868,Server,Finance,0,1,2,1,1724064.413121432,24223.355382915768,3,0
AST-006869,Asset_6869,Workstation,Operations,0,1,1,1,645667.4644810001,76275.49317905914,5,0
AST-006870,Asset_6870,Cloud_Storage,Sales,0,1,4,2,620567.0836011482,141090.3951736843,4,0
AST-006871,Asset_6871,Workstation,Marketing,0,2,1,2,1984529.479452079,44354.98650685906,5,1
AST-006872,Asset_6872,Server,Marketing,0,2,1,2,3102300.681721399,30679.462304691824,1,1
AST-006873,Asset_6873,Workstation,Operations,0,1,4,1,1517669.4856355763,51970.17258749732,1,0
AST-006874,Asset_6874,Database,Sales,0,2,1,2,2883641.932373936,55198.63084896662,1,0
AST-006875,Asset_6875,Network_Device,Marketing,0,5,4,5,8309133.270432008,53663.91660636218,1,1
AST-006876,Asset_6876,Workstation,HR,0,5,3,5,4242835.398998007,168922.73355269077,4,0
AST-006877,Asset_6877,Server,Operations,0,4,1,3,5803066.669083701,88115.79278655938,2,1
AST-006878,Asset_6878,Server,Engineering,0,3,1,2,4371168.9559678845,143292.6647695708,2,1
AST-006879,Asset_6879,Workstation,Sales,1,1,1,1,1481503.269192671,87477.67708183367,22,2
AST-006880,Asset_6880,Server,Operations,0,1,1,1,1391680.4525830513,31387.50243889674,0,1
AST-006881,Asset_6881,Workstation,Finance,0,2,4,3,1664568.6785127805,90222.89563465436,5,1
AST-006882,Asset_6882,Server,Marketing,1,2,2,2,3742896.694286316,89797.94100604061,13,1
AST-006883,Asset_6883,Database,HR,0,4,1,3,7856027.771194262,76590.56117165204,2,1
AST-006884,Asset_6884,Workstation,HR,1,1,2,1,1533780.0686299093,95213.35360731237,8,1
AST-006885,Asset_6885,Cloud_Storage,Engineering,0,2,1,2,2332239.1519216616,63834.777123853084,1,1
AST-006886,Asset_6886,Cloud_Storage,Operations,0,2,1,1,2611572.3244215306,18399.620219252964,1,0
AST-006887,Asset_6887,Server,HR,0,2,1,2,1325114.5542382195,120239.98334424458,0,0
AST-006888,Asset_6888,Database,Operations,0,2,3,3,2090187.6943378318,175157.27748844057,1,0
AST-006889,Asset_6889,Server,Marketing,0,1,1,1,1964201.5309475183,66872.27551133632,2,0
AST-006890,Asset_6890,Workstation,Marketing,0,5,2,4,6607916.969553651,388012.9235339296,1,3
AST-006891,Asset_6891,Workstation,HR,1,2,1,2,2681882.630770501,78227.69321656541,14,5
AST-006892,Asset_6892,Cloud_Storage,Marketing,0,2,2,2,3861939.6070607435,84722.8477846629,0,0
AST-006893,Asset_6893,Cloud_Storage,Operations,0,1,1,3,1829531.2705162638,121000.92026106712,1,1
AST-006894,Asset_6894,Database,Marketing,0,2,1,2,2706149.1334120836,133153.33891635403,3,2
AST-006895,Asset_6895,Workstation,Finance,1,1,2,2,903486.2734732307,128732.42701029562,21,0
AST-006896,Asset_6896,Network_Device,Operations,1,1,2,1,675397.1228483777,57592.63564529526,14,3
AST-006897,Asset_6897,Network_Device,Sales,1,1,1,1,1795477.1385421313,42789.336350793834,10,3
AST-006898,Asset_6898,Server,Marketing,0,1,3,2,1880137.274776375,96976.93751426933,2,0
AST-006899,Asset_6899,Database,Marketing,0,2,1,1,2482854.764040117,81325.648128308,7,0
AST-006900,Asset_6900,Workstation,Operations,0,1,3,2,641822.8493095681,129664.41061827805,1,0
AST-006901,Asset_6901,Server,Engineering,0,4,2,4,5637348.3832000885,297870.8273618553,4,0
AST-006902,Asset_6902,Server,Sales,1,1,4,3,1051192.0984128118,104717.02516980868,10,2
AST-006903,Asset_6903,Server,Sales,1,1,2,1,736790.9909710808,92034.28840010759,15,2
AST-006904,Asset_6904,Workstation,Sales,0,4,1,2,7514860.337833559,26329.289949741153,2,0
AST-006905,Asset_6905,Server,HR,0,1,3,2,859173.5780715611,127225.43926891714,2,0
AST-006906,Asset_6906,Server,Finance,0,1,3,2,1566742.2737692439,166223.0093475249,1,0
AST-006907,Asset_6907,Server,Finance,0,1,5,3,1144066.7889540216,263897.0796888908,5,1
AST-006908,Asset_6908,Network_Device,Engineering,0,3,1,2,5225643.902797206,77519.31161010644,4,1
AST-006909,Asset_6909,Network_Device,Sales,0,3,2,2,4653757.065792479,102755.15530948367,1,0
AST-006910,Asset_6910,Workstation,Sales,1,1,2,2,684740.0444278361,26280.048807547697,20,0
AST-006911,Asset_6911,Workstation,Marketing,0,2,2,2,2348835.203970167,162157.77448994797,0,0
AST-006912,Asset_6912,Cloud_Storage,Operations,1,2,5,3,1779365.665827524,63634.436722670114,14,1
AST-006913,Asset_6913,Server,HR,0,4,2,3,6281506.82906846,145581.98494424898,4,0
AST-006914,Asset_6914,Server,HR,0,1,2,2,1317033.2400910049,198345.62179911337,4,1
AST-006915,Asset_6915,Server,Engineering,0,3,1,2,3030815.479955334,185192.70313996563,4,0
AST-006916,Asset_6916,Server,Finance,0,1,1,1,994190.2204921972,39702.12084666964,3,0
AST-006917,Asset_6917,Database,Sales,0,1,1,1,671730.489282043,30149.25411393452,2,1
AST-006918,Asset_6918,Cloud_Storage,Operations,0,1,1,2,820732.7500518893,65304.64579782197,0,1
AST-006919,Asset_6919,Workstation,Engineering,0,3,1,2,4710598.114182382,143261.4182733902,0,2
AST-006920,Asset_6920,Workstation,HR,1,2,1,1,2829713.441447584,75321.75502620044,13,4
AST-006921,Asset_6921,Cloud_Storage,HR,0,2,2,2,2066787.8379334921,58968.75436180937,4,1
AST-006922,Asset_6922,Server,HR,1,2,2,2,3508346.8168707867,63198.19278396472,25,3
AST-006923,Asset_6923,Server,Sales,0,2,3,3,2453238.552892562,117315.0523698824,1,0
AST-006924,Asset_6924,Workstation,Sales,0,3,2,2,5074953.694598957,97972.03610435083,3,1
AST-006925,Asset_6925,Workstation,Sales,0,1,2,2,1671770.226493364,185144.75889205732,1,1
AST-006926,Asset_6926,Server,Marketing,1,2,1,1,3543996.851948682,12385.705973198019,19,1
AST-006927,Asset_6927,Workstation,Finance,0,1,4,2,1774657.5608229623,134875.52925061138,2,0
AST-006928,Asset_6928,Workstation,HR,0,2,1,2,3037187.795881333,175105.5679831121,2,0
AST-006929,Asset_6929,Workstation,HR,0,3,5,4,4872405.7202802,300410.8960579784,1,0
AST-006930,Asset_6930,Workstation,Marketing,0,2,2,2,3330721.5881429445,59013.58156321823,1,2
AST-006931,Asset_6931,Database,HR,1,3,1,2,2261217.301000583,105814.39778395469,16,6
AST-006932,Asset_6932,Server,HR,0,1,1,1,950367.2425032915,91925.25207428937,1,0
AST-006933,Asset_6933,Workstation,Sales,0,2,1,1,1312719.2147966467,20414.57188261791,5,0
AST-006934,Asset_6934,Server,Sales,1,1,1,1,784057.0436102492,98876.00641250973,18,3
AST-006935,Asset_6935,Cloud_Storage,Finance,0,4,1,2,6669723.513807121,45852.2617531334,3,0
AST-006936,Asset_6936,Workstation,HR,0,1,2,1,1920665.650812973,22817.578917718536,2,0
AST-006937,Asset_6937,Database,Engineering,0,2,1,2,3020906.4001925928,166314.67720067094,1,1
AST-006938,Asset_6938,Workstation,HR,1,3,2,2,5487214.6816829275,169102.37329297696,13,5
AST-006939,Asset_6939,Workstation,HR,1,4,3,4,3907860.0916460305,53650.71617054448,16,4
AST-006940,Asset_6940,Database,Finance,0,2,2,2,3537386.7409195066,50294.97310573218,0,1
AST-006941,Asset_6941,Network_Device,Engineering,1,1,1,2,1008178.903738579,190734.9776602172,6,1
AST-006942,Asset_6942,Network_Device,HR,0,2,1,1,3682500.174735887,35141.07388694613,2,1
AST-006943,Asset_6943,Workstation,Operations,0,1,1,1,1697068.7572658875,11101.569865200378,1,0
AST-006944,Asset_6944,Server,Operations,0,2,3,3,3950791.556359983,98591.36714532763,1,1
AST-006945,Asset_6945,Workstation,Engineering,0,4,2,4,6963636.268257947,304755.7227447637,1,0
AST-006946,Asset_6946,Workstation,Operations,0,1,2,2,1097314.4879030744,184961.6082525509,3,1
AST-006947,Asset_6947,Server,Sales,1,2,1,1,1330239.3404073012,23964.09267051969,18,4
AST-006948,Asset_6948,Server,Sales,0,4,1,2,7245638.599353772,60394.48757330853,1,1
AST-006949,Asset_6949,Network_Device,Engineering,1,1,3,1,1356786.4603000805,49737.81737740049,15,2
AST-006950,Asset_6950,Server,HR,0,2,2,1,3574424.6480346527,77347.21171608323,4,1
AST-006951,Asset_6951,Workstation,Engineering,0,4,5,4,4322773.487454028,277130.9279392812,5,0
AST-006952,Asset_6952,Workstation,Operations,0,4,5,5,2173695.4008118007,197390.1114527148,2,0
AST-006953,Asset_6953,Workstation,Engineering,0,2,3,3,1157249.7618842137,47914.99117388486,2,1
AST-006954,Asset_6954,Server,Operations,1,1,1,1,1505747.7190986574,32766.458192309037,21,5
AST-006955,Asset_6955,Network_Device,Sales,0,1,1,1,671693.8567567617,29760.705669366198,3,1
AST-006956,Asset_6956,Database,Engineering,1,2,1,1,3236385.9869742105,11894.83867666941,16,1
AST-006957,Asset_6957,Workstation,Marketing,1,1,5,3,1129163.9118585237,293260.7936661947,13,3
AST-006958,Asset_6958,Workstation,Operations,0,1,1,1,1344661.876451783,32983.43782090118,2,0
AST-006959,Asset_6959,Workstation,Marketing,0,3,3,3,5105460.192537435,255864.46276036245,2,1
AST-006960,Asset_6960,Cloud_Storage,Sales,0,3,5,4,2638821.499364046,214550.17792241674,2,1
AST-006961,Asset_6961,Workstation,HR,0,3,3,2,3358061.466839294,195012.33624317133,3,0
AST-006962,Asset_6962,Database,Operations,0,1,2,2,1594335.974357377,46919.5617716417,3,1
AST-006963,Asset_6963,Cloud_Storage,HR,0,1,1,1,1877641.6358448016,19960.584484560193,4,0
AST-006964,Asset_6964,Workstation,Sales,0,3,1,2,2806348.9267272353,20443.326408245957,2,1
AST-006965,Asset_6965,Server,HR,1,3,2,2,4302253.249783978,149320.47601759026,26,3
AST-006966,Asset_6966,Server,Operations,0,3,5,4,5780462.814867415,150295.45722031107,2,1
AST-006967,Asset_6967,Network_Device,Finance,0,5,4,4,7366391.417807173,353327.7811481139,1,0
AST-006968,Asset_6968,Database,Operations,0,4,1,2,7356734.620846278,134084.87338647735,3,0
AST-006969,Asset_6969,Workstation,Operations,1,2,1,1,3819189.5544305462,61968.86998180851,20,1
AST-006970,Asset_6970,Workstation,Marketing,0,1,2,1,1894013.9336431369,53820.23830545066,1,0
AST-006971,Asset_6971,Server,Finance,0,2,2,2,3275431.252933009,66471.25611520244,3,0
AST-006972,Asset_6972,Workstation,Finance,1,2,1,2,2656286.458908515,31643.935626592818,14,4
AST-006973,Asset_6973,Server,Finance,1,1,1,1,645129.2568397576,49921.11806971238,16,1
AST-006974,Asset_6974,Workstation,Operations,1,3,5,4,2502177.6325420495,75683.07471469602,12,2
AST-006975,Asset_6975,Workstation,Sales,0,1,5,4,883650.6897517364,366063.2075543346,4,0
AST-006976,Asset_6976,Workstation,Finance,1,3,2,2,1649668.0777663426,169279.2413126018,13,2
AST-006977,Asset_6977,Workstation,Engineering,0,1,2,2,652885.0668620705,131557.0321053253,1,0
AST-006978,Asset_6978,Network_Device,HR,1,2,1,1,1884270.094834886,50719.57236709749,15,0
AST-006979,Asset_6979,Workstation,Sales,0,4,3,3,2544445.6535371873,152632.7585304381,6,0
AST-006980,Asset_6980,Server,Engineering,1,1,1,1,754302.5116004685,51806.35693095221,13,3
AST-006981,Asset_6981,Server,Operations,1,2,1,2,1163252.7921275934,154183.3641152236,14,1
AST-006982,Asset_6982,Workstation,Operations,0,1,1,1,1124798.974398634,21358.45574165981,2,0
AST-006983,Asset_6983,Cloud_Storage,Engineering,1,4,1,3,6927963.750038412,173449.86135989102,18,3
AST-006984,Asset_6984,Network_Device,Marketing,0,3,4,4,5155097.298914482,332559.9980914906,1,0
AST-006985,Asset_6985,Network_Device,Marketing,0,4,5,4,7429342.577588576,223645.31550480935,0,2
AST-006986,Asset_6986,Database,Engineering,0,4,2,2,6473597.015522288,22473.42173933435,4,0
AST-006987,Asset_6987,Workstation,Marketing,1,3,3,2,2599988.805190365,64044.30690881339,11,2
AST-006988,Asset_6988,Workstation,HR,0,1,1,1,1553584.8446837335,70172.61780817233,2,2
AST-006989,Asset_6989,Server,HR,0,1,2,1,1630732.8435702987,94077.96174936507,1,0
AST-006990,Asset_6990,Server,Operations,0,2,3,3,2629322.624323314,271311.9829144884,2,1
AST-006991,Asset_6991,Cloud_Storage,Marketing,1,2,2,3,3421031.78886476,252130.3282713184,16,3
AST-006992,Asset_6992,Server,Finance,1,3,1,2,1820696.2915949686,191029.5493919464,14,4
AST-006993,Asset_6993,Server,Engineering,0,1,3,2,1392170.8803578238,70385.21398435379,2,0
AST-006994,Asset_6994,Server,HR,0,1,1,1,1219840.070102735,11115.791116041966,2,2
AST-006995,Asset_6995,Cloud_Storage,Marketing,0,2,1,2,3415635.4449970657,83787.42725808625,3,0
AST-006996,Asset_6996,Workstation,Marketing,0,1,2,2,691940.8934538057,123861.98034684756,3,0
AST-006997,Asset_6997,Workstation,HR,0,2,1,2,1637871.9299244718,76963.88002586659,3,0
AST-006998,Asset_6998,Cloud_Storage,HR,0,2,2,2,2676075.893366169,27956.676538252123,4,0
AST-006999,Asset_6999,Database,Finance,1,3,2,3,5762423.948793576,166940.48770950997,17,4
AST-007000,Asset_7000,Workstation,Marketing,0,1,1,1,624799.8532278975,27972.672488802516,4,0
AST-007001,Asset_7001,Server,Marketing,0,5,5,5,8075327.680028921,377407.0747127747,2,0
AST-007002,Asset_7002,Server,Sales,0,1,3,1,808098.8030149934,18028.141880195486,0,1
AST-007003,Asset_7003,Network_Device,Operations,0,1,1,1,658173.3021273259,96231.32020540934,3,0
AST-007004,Asset_7004,Workstation,Finance,0,2,3,3,2184298.3415306257,266703.7293596702,0,0
AST-007005,Asset_7005,Database,HR,0,1,1,1,1374579.2492649052,88646.87356555034,2,1
AST-007006,Asset_7006,Database,HR,1,1,3,2,1740526.9117581618,162180.31497563486,17,2
AST-007007,Asset_7007,Workstation,Engineering,0,1,3,2,1452037.7761100137,134046.07264265008,0,0
AST-007008,Asset_7008,Server,Operations,0,2,1,2,2475001.428778484,29617.22707573021,3,1
AST-007009,Asset_7009,Server,HR,1,4,2,2,3714004.1981678237,139236.659919282,12,4
AST-007010,Asset_7010,Server,Marketing,1,2,4,3,1877659.129994813,231670.36605339526,12,3
AST-007011,Asset_7011,Server,HR,1,2,1,2,3311730.493795163,43547.58478193886,8,5
AST-007012,Asset_7012,Network_Device,Marketing,1,1,1,1,671089.5125473009,65418.04229564012,13,1
AST-007013,Asset_7013,Server,Marketing,1,1,1,1,719710.6510574706,53098.07267814172,17,1
AST-007014,Asset_7014,Server,Finance,0,1,1,1,1579604.5684940466,52519.73880879989,2,0
AST-007015,Asset_7015,Workstation,HR,1,4,1,2,7766252.175695629,55903.20203329888,13,8
AST-007016,Asset_7016,Network_Device,Finance,0,1,1,1,680351.3049996009,76549.43670364893,2,0
AST-007017,Asset_7017,Server,Operations,0,5,1,3,7070695.621458273,279783.65845505643,1,1
AST-007018,Asset_7018,Server,Marketing,0,1,1,2,858782.5809021057,161804.5969250105,5,0
AST-007019,Asset_7019,Database,Operations,0,2,2,3,1077273.444617551,129638.70016069587,5,1
AST-007020,Asset_7020,Workstation,HR,0,4,5,4,6993605.936388334,394303.8317961522,1,1
AST-007021,Asset_7021,Workstation,Operations,0,1,4,2,1262906.9059802042,85550.65507224792,2,1
AST-007022,Asset_7022,Network_Device,Operations,0,3,1,3,1607504.782624882,93294.4430553029,3,1
AST-007023,Asset_7023,Cloud_Storage,HR,1,1,3,3,1843179.953149938,291382.85251191974,19,0
AST-007024,Asset_7024,Workstation,Finance,1,1,4,3,1303527.860941058,243250.464445856,12,1
AST-007025,Asset_7025,Workstation,Finance,0,1,4,2,1605601.0826091482,157023.94547602313,4,2
AST-007026,Asset_7026,Workstation,Marketing,1,3,4,4,3405771.6499356483,67875.49962653147,17,2
AST-007027,Asset_7027,Server,Marketing,0,1,3,2,777324.9090569315,54564.24912030486,5,0
AST-007028,Asset_7028,Cloud_Storage,HR,1,1,1,1,1198359.958690613,11666.616536563226,15,2
AST-007029,Asset_7029,Database,HR,0,5,1,3,4657542.628394898,239695.27812591696,4,0
AST-007030,Asset_7030,Server,Sales,0,1,2,3,945103.1581803991,105125.59954897146,0,0
AST-007031,Asset_7031,Workstation,Sales,0,2,1,1,2931634.3639174444,21900.14429140865,4,0
AST-007032,Asset_7032,Server,Engineering,0,5,5,5,3205597.412914034,131851.04163457657,5,0
AST-007033,Asset_7033,Workstation,Marketing,0,1,1,1,1095521.798204877,67701.87492256623,2,1
AST-007034,Asset_7034,Workstation,Operations,0,1,5,3,1319968.091178744,146923.68651365818,1,1
AST-007035,Asset_7035,Workstation,Engineering,0,3,3,3,4694358.625919633,284177.02509586763,3,0
AST-007036,Asset_7036,Network_Device,Engineering,0,1,2,2,1449348.8939683298,85860.49111964936,1,0
AST-007037,Asset_7037,Server,Finance,0,1,1,2,1829369.8560658298,170097.37956424814,4,0
AST-007038,Asset_7038,Workstation,Operations,1,2,1,1,3977152.847588169,59181.851036086715,13,0
AST-007039,Asset_7039,Workstation,Finance,0,3,2,3,5718405.408066517,220443.82343195833,2,0
AST-007040,Asset_7040,Workstation,Sales,0,1,3,2,1646228.559197775,50358.937074147514,1,2
AST-007041,Asset_7041,Workstation,Engineering,0,1,5,3,1529022.8822791656,232225.82203539182,1,0
AST-007042,Asset_7042,Database,Sales,1,1,1,1,553147.5261624414,17708.982313916385,16,5
AST-007043,Asset_7043,Workstation,Operations,0,1,1,1,1300248.2190151585,72200.92509326836,0,0
AST-007044,Asset_7044,Server,Operations,1,2,1,2,2991150.7034161887,103793.1677699454,10,3
AST-007045,Asset_7045,Cloud_Storage,Marketing,0,1,1,1,1119410.071902493,30567.35259572918,0,0
AST-007046,Asset_7046,Database,HR,0,2,3,2,2154389.8384738313,106469.68294483203,1,0
AST-007047,Asset_7047,Workstation,Finance,0,2,1,2,2627579.449498484,174022.06330569074,1,0
AST-007048,Asset_7048,Server,Marketing,0,1,2,1,1859959.8775918658,23924.726027598022,3,1
AST-007049,Asset_7049,Server,Marketing,0,1,2,1,891392.553687003,25266.377508692545,0,0
AST-007050,Asset_7050,Workstation,Finance,0,1,1,1,1098582.231609454,58059.75210656563,2,0
AST-007051,Asset_7051,Network_Device,Finance,0,1,2,1,1479631.7099736044,66272.90952806389,1,0
AST-007052,Asset_7052,Workstation,Operations,1,2,2,3,1558021.7798982193,143453.9384584245,14,7
AST-007053,Asset_7053,Cloud_Storage,Operations,0,2,1,1,3504710.7415529615,33975.33383138654,2,0
AST-007054,Asset_7054,Workstation,Engineering,0,1,2,1,1499100.8068822245,16047.287072053507,2,3
AST-007055,Asset_7055,Workstation,Sales,0,2,1,2,2056786.179149319,28962.763216831074,1,0
AST-007056,Asset_7056,Server,Operations,0,5,2,4,7916252.536186032,54695.237070921445,4,0
AST-007057,Asset_7057,Network_Device,Marketing,0,1,5,3,919019.8060166698,273346.4190086139,2,0
AST-007058,Asset_7058,Server,Engineering,1,2,3,3,3323382.690204566,65466.43203142393,13,1
AST-007059,Asset_7059,Network_Device,Engineering,1,3,2,2,1818096.2387572762,73122.22293616123,13,4
AST-007060,Asset_7060,Cloud_Storage,Marketing,0,1,3,1,1140127.9810651126,98730.30572360856,4,0
AST-007061,Asset_7061,Cloud_Storage,Operations,1,3,3,3,2677374.8603837024,280418.1810138143,16,3
AST-007062,Asset_7062,Workstation,Marketing,0,5,1,3,8625252.905100742,41572.71661861238,0,1
AST-007063,Asset_7063,Workstation,HR,0,1,3,3,1629120.5943992278,178841.16876234146,4,3
AST-007064,Asset_7064,Workstation,Operations,0,3,2,3,5288376.212525351,201044.59324365912,5,0
AST-007065,Asset_7065,Server,Sales,0,1,3,2,1477344.563153316,29740.5427582774,3,0
AST-007066,Asset_7066,Workstation,Marketing,0,1,1,1,1692983.626424456,75531.3512327637,2,0
AST-007067,Asset_7067,Server,Operations,0,2,4,4,2316364.807745507,395633.19558048923,0,0
AST-007068,Asset_7068,Workstation,Finance,0,1,2,2,1517086.1241528494,97288.32360547155,2,0
AST-007069,Asset_7069,Server,HR,1,2,1,2,1093353.0070590267,100895.15850269061,21,4
AST-007070,Asset_7070,Server,Sales,0,1,2,1,1821086.912809288,69341.21963052574,1,1
AST-007071,Asset_7071,Database,Operations,1,3,1,1,4581481.430413643,76288.78498423066,21,4
AST-007072,Asset_7072,Workstation,Finance,0,2,1,2,3598289.373155499,162159.0201412133,2,0
AST-007073,Asset_7073,Workstation,Operations,0,2,1,2,3312576.602858169,33964.371615985416,0,0
AST-007074,Asset_7074,Server,Finance,1,1,1,1,929565.0214118952,82061.99993475722,12,0
AST-007075,Asset_7075,Workstation,Sales,0,1,2,2,909320.3443916128,175533.31140877656,2,1
AST-007076,Asset_7076,Server,HR,0,1,1,2,1699458.1663602819,28140.90393601747,3,1
AST-007077,Asset_7077,Workstation,Finance,0,3,1,2,2331191.363195869,27044.299669424818,3,1
AST-007078,Asset_7078,Workstation,Engineering,0,1,2,1,665991.8012426517,59580.143667909135,0,0
AST-007079,Asset_7079,Workstation,Sales,0,2,1,1,1045126.6149837486,54712.594940421506,3,1
AST-007080,Asset_7080,Workstation,Sales,0,1,1,1,947642.0688779817,98208.70288826179,1,0
AST-007081,Asset_7081,Database,Marketing,1,2,1,1,1297795.1517075913,36496.1351524465,13,0
AST-007082,Asset_7082,Workstation,HR,0,2,2,2,3405059.590290295,126235.99632922093,1,0
AST-007083,Asset_7083,Workstation,Engineering,0,2,1,1,2453631.492945249,55600.59282956417,1,1
AST-007084,Asset_7084,Workstation,Engineering,0,2,1,1,1757545.672429901,58215.999225294,3,1
AST-007085,Asset_7085,Workstation,Marketing,0,2,2,2,2806260.8145753797,138740.29670435662,0,0
AST-007086,Asset_7086,Server,Finance,0,3,1,2,1816585.8899863563,116767.09831881645,3,2
AST-007087,Asset_7087,Workstation,Finance,0,3,2,3,4767545.630775756,31875.029242212997,2,1
AST-007088,Asset_7088,Workstation,Engineering,0,2,1,3,2504179.134824384,257801.7722130348,1,1
AST-007089,Asset_7089,Database,HR,1,4,4,4,2038858.2153680539,112415.58674880584,11,2
AST-007090,Asset_7090,Server,Finance,0,3,3,4,2936477.1881164173,123215.65946231878,3,1
AST-007091,Asset_7091,Server,Sales,1,2,5,4,3250577.1201678906,273270.194555861,17,4
AST-007092,Asset_7092,Cloud_Storage,Operations,0,1,2,2,782172.7557253723,105995.29798277638,2,0
AST-007093,Asset_7093,Workstation,Marketing,0,2,2,2,3885631.773615766,123406.39283676594,2,0
AST-007094,Asset_7094,Server,HR,0,1,4,2,1844943.7164817022,109549.80875583884,5,0
AST-007095,Asset_7095,Database,Finance,1,2,1,1,3334716.1863878625,47607.63663106035,11,3
AST-007096,Asset_7096,Workstation,Operations,0,2,2,3,1235645.0755009458,160491.66727400123,2,0
AST-007097,Asset_7097,Network_Device,Engineering,1,2,1,2,2061511.8929001398,45395.373841944645,19,5
AST-007098,Asset_7098,Server,Marketing,1,2,2,2,1894592.0353267314,194475.04057965378,19,3
AST-007099,Asset_7099,Server,Finance,1,2,1,2,1412875.9552263073,123455.31764190401,10,4
AST-007100,Asset_7100,Network_Device,Engineering,0,1,3,2,1999428.3426302655,71627.05756765246,0,0
AST-007101,Asset_7101,Server,Finance,1,1,5,4,720796.4524291877,296622.49530432175,21,1
AST-007102,Asset_7102,Server,Marketing,1,2,1,1,1945982.6396289999,89209.55056491039,16,2
AST-007103,Asset_7103,Cloud_Storage,Sales,0,2,3,3,3640424.3577031186,110046.26639937733,3,1
AST-007104,Asset_7104,Workstation,Sales,1,3,1,2,2149734.123593483,78412.08462309558,15,2
AST-007105,Asset_7105,Server,Operations,1,1,1,1,1204291.957930596,49469.38349036326,15,0
AST-007106,Asset_7106,Server,Engineering,0,1,2,2,1963535.1960492046,59112.15892068231,1,0
AST-007107,Asset_7107,Server,Sales,0,2,1,1,1741865.4488972174,82880.95391640921,1,0
AST-007108,Asset_7108,Server,Marketing,0,2,2,1,3109174.650908749,62575.90073493231,2,1
AST-007109,Asset_7109,Network_Device,Engineering,0,1,1,1,620059.4725636714,15134.00554743944,1,0
AST-007110,Asset_7110,Workstation,Finance,0,2,2,3,2802615.823744864,299110.1006567684,0,0
AST-007111,Asset_7111,Workstation,HR,0,1,2,1,1008574.2996482352,61747.43555475634,2,1
AST-007112,Asset_7112,Cloud_Storage,Finance,0,1,4,2,1549346.7980409027,180188.5392239038,1,0
AST-007113,Asset_7113,Workstation,Marketing,0,1,3,2,1149335.0081529156,110291.26993011787,1,2
AST-007114,Asset_7114,Server,Operations,1,2,1,1,1896995.9396639816,62420.45489566982,14,4
AST-007115,Asset_7115,Workstation,Engineering,0,4,1,3,5276047.312005101,152708.31742410865,1,0
AST-007116,Asset_7116,Cloud_Storage,Finance,1,1,4,3,709530.3693810798,144145.39803701814,15,3
AST-007117,Asset_7117,Network_Device,Engineering,0,1,3,2,1721647.9559727707,59294.799607830995,2,1
AST-007118,Asset_7118,Server,Sales,1,3,2,2,4878192.263917235,193182.36528204556,17,4
AST-007119,Asset_7119,Workstation,HR,1,4,2,4,5269809.0294410065,105437.64770469096,8,6
AST-007120,Asset_7120,Workstation,Marketing,0,1,1,2,1050572.4519460923,114752.7701821129,2,1
AST-007121,Asset_7121,Cloud_Storage,Finance,0,1,2,2,1872839.2410339334,35677.43226866363,0,0
AST-007122,Asset_7122,Server,HR,0,1,3,2,1451687.5999961204,198807.84256467616,2,0
AST-007123,Asset_7123,Workstation,Marketing,1,1,1,1,927200.1986172752,60010.875388432716,11,1
AST-007124,Asset_7124,Network_Device,Marketing,1,2,5,4,3420125.8260677177,333249.9627689991,16,4
AST-007125,Asset_7125,Workstation,Operations,0,5,1,2,7262647.762994972,121327.19369797234,2,0
AST-007126,Asset_7126,Workstation,Sales,0,2,2,1,1381037.8496405254,82448.6697846744,0,1
AST-007127,Asset_7127,Server,Operations,0,5,1,4,3356749.3345654756,232387.57350657892,3,0
AST-007128,Asset_7128,Server,Operations,0,2,2,1,3814315.05830091,50047.693085639534,2,0
AST-007129,Asset_7129,Database,Engineering,1,4,1,3,3727471.886743666,153094.5656356414,15,1
AST-007130,Asset_7130,Cloud_Storage,Engineering,0,1,1,1,1495223.8989821614,10210.918586192787,0,0
AST-007131,Asset_7131,Server,HR,1,1,5,3,554650.8096011158,130076.83671191975,11,6
AST-007132,Asset_7132,Workstation,Sales,1,3,2,2,4004258.7156245126,191349.9299762342,14,4
AST-007133,Asset_7133,Workstation,Marketing,1,1,2,2,846692.9566765169,141603.83170099743,13,2
AST-007134,Asset_7134,Server,Sales,0,1,2,2,709439.4040354349,185477.42053145,0,0
AST-007135,Asset_7135,Workstation,Sales,0,2,1,1,3320509.3769027838,28023.631283197323,5,1
AST-007136,Asset_7136,Workstation,HR,0,1,1,2,1714313.9854093425,108408.84474975057,3,1
AST-007137,Asset_7137,Network_Device,Engineering,1,2,1,2,3145636.701599633,26206.74747537225,14,2
AST-007138,Asset_7138,Workstation,Sales,0,1,2,2,516780.267712281,141869.38734468326,1,0
AST-007139,Asset_7139,Workstation,Sales,0,3,4,4,2782091.470394778,322245.8564832128,1,0
AST-007140,Asset_7140,Server,Sales,1,1,1,2,1041441.8996547457,154604.25041807708,8,3
AST-007141,Asset_7141,Cloud_Storage,Finance,0,2,2,2,3072550.671554895,35618.598727617464,1,1
AST-007142,Asset_7142,Server,Sales,0,1,1,1,1633315.5225141672,32277.489095694742,1,0
AST-007143,Asset_7143,Workstation,Sales,0,3,1,2,4325347.149125608,138048.92603887233,2,0
AST-007144,Asset_7144,Server,Marketing,0,2,2,1,3367265.034214065,78309.19908011328,1,0
AST-007145,Asset_7145,Cloud_Storage,Operations,0,1,1,1,1140949.8167291968,34678.94905277771,0,0
AST-007146,Asset_7146,Workstation,Finance,0,1,2,1,1312767.4847551566,46561.693994302994,0,0
AST-007147,Asset_7147,Workstation,Sales,1,1,1,1,596375.2626158419,41613.94698540814,14,3
AST-007148,Asset_7148,Server,Operations,1,2,5,3,2281489.739636275,31232.529264746376,19,3
AST-007149,Asset_7149,Workstation,Sales,0,2,2,3,2297899.3404884627,185658.53873929544,4,0
AST-007150,Asset_7150,Workstation,HR,1,1,1,1,1417280.1643523956,70220.1488969019,9,5
AST-007151,Asset_7151,Workstation,HR,0,2,1,1,2133689.058034949,34879.21377235663,3,0
AST-007152,Asset_7152,Server,Operations,0,4,1,3,3430729.9223089176,215701.821559053,2,2
AST-007153,Asset_7153,Cloud_Storage,Finance,1,1,1,2,856394.4338909972,63694.78400094056,13,3
AST-007154,Asset_7154,Network_Device,Marketing,0,2,2,2,1401618.684203671,148795.47056000648,1,0
AST-007155,Asset_7155,Server,Finance,0,2,4,4,3103067.950284754,204587.47203138983,2,1
AST-007156,Asset_7156,Network_Device,Finance,0,2,1,1,2867705.1431658384,88474.14068984977,2,0
AST-007157,Asset_7157,Workstation,HR,0,1,2,2,1368874.8799106744,118052.19657294443,1,0
AST-007158,Asset_7158,Workstation,HR,0,1,1,2,1296529.4438981554,53237.51990796012,3,0
AST-007159,Asset_7159,Database,Marketing,1,1,2,1,1051306.2482998609,83981.01484835541,23,2
AST-007160,Asset_7160,Workstation,Sales,0,2,1,2,3306150.5998921907,159982.1301344641,1,0
AST-007161,Asset_7161,Workstation,Marketing,1,2,5,3,3766072.495217856,52741.60896734523,16,4
AST-007162,Asset_7162,Workstation,Sales,0,1,3,2,1159983.7837976445,28647.324661954815,6,0
AST-007163,Asset_7163,Workstation,Operations,0,1,5,3,1113632.9089203419,66798.58119166383,2,0
AST-007164,Asset_7164,Workstation,Operations,0,1,1,1,744091.3356266799,86078.35550729132,4,1
AST-007165,Asset_7165,Workstation,Engineering,0,3,2,3,4518189.623913078,116503.29004480051,2,2
AST-007166,Asset_7166,Server,HR,1,1,3,2,1337138.39506672,110855.25787504933,16,3
AST-007167,Asset_7167,Network_Device,Engineering,0,2,3,3,3963993.988713424,192800.92783573724,2,1
AST-007168,Asset_7168,Workstation,Engineering,0,3,1,2,4129454.2504648115,153826.65774217644,0,0
AST-007169,Asset_7169,Server,HR,0,3,5,4,2798748.897877001,338783.91311183973,4,0
AST-007170,Asset_7170,Server,Engineering,0,2,4,3,2688821.985183766,169283.6885153769,1,0
AST-007171,Asset_7171,Workstation,Finance,0,1,1,1,1977042.8490816175,47418.36490362931,0,1
AST-007172,Asset_7172,Network_Device,Sales,0,3,2,2,4755008.310108675,55269.52143997206,1,1
AST-007173,Asset_7173,Database,Marketing,0,3,1,2,2078597.8894647465,129353.66403112956,2,0
AST-007174,Asset_7174,Workstation,HR,0,3,4,3,3044231.782493758,178466.8060208176,2,0
AST-007175,Asset_7175,Server,Finance,1,1,2,1,948027.4415788542,36204.4318910876,20,4
AST-007176,Asset_7176,Workstation,Operations,0,1,1,1,1785235.6684811243,50158.313199167555,3,0
AST-007177,Asset_7177,Cloud_Storage,Marketing,1,2,1,2,2833488.544483622,153137.184577148,23,4
AST-007178,Asset_7178,Workstation,Marketing,0,4,1,2,6860611.977395994,132874.40559243888,0,0
AST-007179,Asset_7179,Server,Marketing,0,3,1,2,2293107.2404506495,106713.33306844582,4,0
AST-007180,Asset_7180,Workstation,Engineering,0,3,1,2,5586157.072348575,69016.96075299056,2,0
AST-007181,Asset_7181,Server,Engineering,0,2,2,1,1174932.9912868058,70120.38871112408,3,0
AST-007182,Asset_7182,Workstation,Engineering,0,1,3,2,1062255.7806811226,132978.43738660763,0,1
AST-007183,Asset_7183,Workstation,Engineering,0,2,2,2,1042447.1328592958,102482.04007757411,1,1
AST-007184,Asset_7184,Workstation,Finance,0,3,2,2,2329257.7234813836,62934.32858446865,1,3
AST-007185,Asset_7185,Server,Engineering,1,2,1,2,3886677.597512294,51477.77017503912,20,4
AST-007186,Asset_7186,Cloud_Storage,HR,1,4,1,3,2470971.988342854,121637.86358306004,13,3
AST-007187,Asset_7187,Workstation,Marketing,1,1,3,1,718109.8660574162,91784.33776675642,17,9
AST-007188,Asset_7188,Database,Finance,0,1,1,1,1887273.53936828,77849.79309965999,0,0
AST-007189,Asset_7189,Workstation,Operations,0,4,1,3,6261047.38363732,270588.8444969152,1,0
AST-007190,Asset_7190,Workstation,Engineering,0,1,1,1,1110446.6129625097,85833.90864255896,1,0
AST-007191,Asset_7191,Workstation,Operations,0,2,2,1,1206297.452165003,51299.430868474265,0,1
AST-007192,Asset_7192,Workstation,Marketing,0,4,3,3,6710233.754475463,173219.47193738632,3,0
AST-007193,Asset_7193,Workstation,Finance,0,1,2,1,1239089.9082134836,25262.74629436886,2,1
AST-007194,Asset_7194,Server,Marketing,0,3,1,2,2953575.8984579644,149756.98728806543,2,2
AST-007195,Asset_7195,Network_Device,Operations,1,1,3,2,1041125.6382126202,95950.78893006346,12,4
AST-007196,Asset_7196,Workstation,Finance,1,3,1,2,3773748.920885267,49028.424668452106,15,4
AST-007197,Asset_7197,Server,Sales,0,1,2,2,1326849.234617249,37163.86401533181,2,0
AST-007198,Asset_7198,Workstation,Finance,0,2,1,1,3454296.3126112996,72652.13288693054,0,0
AST-007199,Asset_7199,Cloud_Storage,Engineering,1,2,4,2,3315111.1662099585,106796.53516463596,17,3
AST-007200,Asset_7200,Cloud_Storage,Operations,0,2,3,3,3301176.074560626,32428.75593148148,2,1
AST-007201,Asset_7201,Database,Marketing,0,2,2,1,3187893.9589608563,84206.40420336594,2,1
AST-007202,Asset_7202,Server,Marketing,0,4,2,3,6546721.490858069,197254.80104360025,1,0
AST-007203,Asset_7203,Workstation,Marketing,0,3,2,2,4549206.863377224,26907.752431571294,1,0
AST-007204,Asset_7204,Server,HR,0,5,1,3,9010176.050411098,112264.90472472126,2,2
AST-007205,Asset_7205,Cloud_Storage,HR,1,2,3,2,2672362.888318262,150033.022425354,9,3
AST-007206,Asset_7206,Server,Engineering,0,2,2,2,2562532.778819302,30625.35307167514,1,0
AST-007207,Asset_7207,Server,Sales,0,1,2,2,1551943.9679583004,152525.4606238193,1,1
AST-007208,Asset_7208,Workstation,HR,0,5,1,2,3745044.7980983118,110881.14159917455,1,0
AST-007209,Asset_7209,Database,Finance,1,1,1,1,1665427.570752564,80457.1662849083,18,4
AST-007210,Asset_7210,Workstation,Operations,0,1,2,2,1904233.7648259331,173942.64878924773,3,1
AST-007211,Asset_7211,Workstation,Engineering,0,1,2,1,944389.9472220582,79098.2605964953,3,0
AST-007212,Asset_7212,Server,Sales,0,1,1,1,1416567.435767715,17026.7423668615,3,0
AST-007213,Asset_7213,Server,Finance,0,4,1,3,2195735.081606248,154300.84342613007,3,1
AST-007214,Asset_7214,Workstation,Marketing,0,1,2,1,1648734.2940090005,38686.2038734604,0,0
AST-007215,Asset_7215,Server,HR,0,4,1,3,5358009.039116235,167292.95251689147,2,0
AST-007216,Asset_7216,Workstation,Finance,1,2,2,2,3020962.8539040857,193844.34866814865,17,0
AST-007217,Asset_7217,Workstation,Sales,1,4,2,3,2857956.3196508265,63586.97466435841,13,1
AST-007218,Asset_7218,Workstation,Engineering,0,2,1,2,3428364.4160824036,175807.6955526214,3,1
AST-007219,Asset_7219,Cloud_Storage,Finance,0,1,3,2,883904.5060154418,198353.5638723532,1,1
AST-007220,Asset_7220,Cloud_Storage,Engineering,0,2,1,1,3054376.6098802714,99101.9780686728,3,0
AST-007221,Asset_7221,Cloud_Storage,Marketing,1,2,4,3,2779425.2950906334,245106.10745942767,7,4
AST-007222,Asset_7222,Server,Sales,0,1,3,1,1480687.1691925507,51902.24294267457,2,0
AST-007223,Asset_7223,Server,Sales,1,1,2,1,575355.930209237,26020.05586954052,10,5
AST-007224,Asset_7224,Database,HR,0,1,4,1,1612775.855346835,64739.17681546668,3,0
AST-007225,Asset_7225,Network_Device,Operations,1,1,3,2,1692874.5927915135,129867.08136685901,15,2
AST-007226,Asset_7226,Cloud_Storage,Sales,1,2,4,2,2424447.4694572324,76958.21607178586,9,1
AST-007227,Asset_7227,Network_Device,Finance,1,1,2,2,1113291.5663556266,131027.99899141108,15,4
AST-007228,Asset_7228,Server,Finance,0,3,2,2,3041451.167796777,40978.492311512,2,0
AST-007229,Asset_7229,Cloud_Storage,Finance,0,5,2,3,9459114.298617026,201182.2728473315,4,2
AST-007230,Asset_7230,Workstation,Marketing,0,1,1,1,1632602.3815123027,90705.01447122236,3,1
AST-007231,Asset_7231,Server,Sales,0,2,4,4,3095856.1817099443,209943.51298232964,1,0
AST-007232,Asset_7232,Workstation,Sales,0,1,2,1,1888409.9369382286,78810.66782598312,1,0
AST-007233,Asset_7233,Server,Finance,0,1,2,2,1023153.8459288204,134415.30186299043,6,1
AST-007234,Asset_7234,Workstation,HR,0,3,4,4,4335621.386174603,41103.085286744856,2,0
AST-007235,Asset_7235,Database,HR,0,1,5,3,1529085.2457902692,62939.57457872463,2,1
AST-007236,Asset_7236,Workstation,Sales,0,1,1,1,1994341.314976626,79735.1845239818,4,0
AST-007237,Asset_7237,Workstation,Sales,0,1,3,2,1140779.1716107335,27281.526915216236,0,0
AST-007238,Asset_7238,Network_Device,Engineering,0,3,2,3,3300814.7337289983,288186.86742504494,2,0
AST-007239,Asset_7239,Workstation,Sales,0,2,2,3,1253463.7729318026,271400.56368364993,1,0
AST-007240,Asset_7240,Workstation,Finance,1,5,5,5,3238393.6355498135,213068.7239597584,15,2
AST-007241,Asset_7241,Network_Device,Operations,0,4,4,4,5070794.363189885,151738.19109553046,1,0
AST-007242,Asset_7242,Cloud_Storage,Marketing,0,1,2,2,756772.9391565598,130327.72161615304,2,0
AST-007243,Asset_7243,Server,Sales,0,1,1,1,609396.2483854365,65061.33597869698,1,1
AST-007244,Asset_7244,Workstation,Sales,0,1,2,1,1947339.507552855,18012.987397292818,1,0
AST-007245,Asset_7245,Server,Finance,0,2,2,2,3854252.1937249596,58769.42225029499,2,0
AST-007246,Asset_7246,Server,Engineering,1,2,1,1,1975830.3050469798,67281.99272822237,17,4
AST-007247,Asset_7247,Workstation,Operations,0,1,2,1,1684804.1103999566,82069.34595524288,3,1
AST-007248,Asset_7248,Network_Device,Sales,0,1,1,1,1808823.580428756,27280.224696127938,0,0
AST-007249,Asset_7249,Server,HR,0,1,2,2,1197120.6016759858,146347.7986232153,4,1
AST-007250,Asset_7250,Network_Device,HR,0,4,3,4,3342182.634562191,353371.0912863912,2,0
AST-007251,Asset_7251,Network_Device,HR,1,4,1,2,2778828.9638647367,41204.92571777676,14,7
AST-007252,Asset_7252,Cloud_Storage,Marketing,0,1,3,2,711233.5571376553,99038.6112317501,0,0
AST-007253,Asset_7253,Server,Marketing,1,1,1,1,1695399.73210551,86549.9969521488,7,2
AST-007254,Asset_7254,Cloud_Storage,Operations,0,1,2,2,1076623.7225393942,86712.84147483452,0,0
AST-007255,Asset_7255,Database,Sales,1,4,2,3,6161045.902703292,102753.47819255265,14,4
AST-007256,Asset_7256,Workstation,Sales,0,5,3,4,6540200.757890062,308421.3109389254,5,1
AST-007257,Asset_7257,Server,Sales,0,1,3,3,1092002.570635183,138210.03785557294,0,1
AST-007258,Asset_7258,Server,Marketing,1,1,2,2,685723.6087763908,147136.11358248844,6,4
AST-007259,Asset_7259,Workstation,Operations,0,1,1,1,1000173.481443407,21375.208392441793,2,0
AST-007260,Asset_7260,Workstation,Sales,0,2,2,2,3520521.762561422,119631.96230205314,2,0
AST-007261,Asset_7261,Server,Finance,0,2,2,1,3434193.810875655,44151.47580131693,2,1
AST-007262,Asset_7262,Server,Engineering,0,2,1,1,1085105.775897052,99757.45563945406,0,1
AST-007263,Asset_7263,Workstation,HR,0,5,1,3,3552074.18781346,189675.68329298228,0,0
AST-007264,Asset_7264,Server,HR,0,1,1,2,1633851.8250998745,142789.7569115457,2,2
AST-007265,Asset_7265,Network_Device,Finance,0,3,1,3,3010798.033648689,65379.48154874338,4,1
AST-007266,Asset_7266,Server,Sales,0,1,2,2,1465386.6004378062,198554.4591964612,0,0
AST-007267,Asset_7267,Server,Operations,0,1,2,1,1344013.6084910748,14626.40195408144,3,1
AST-007268,Asset_7268,Database,Operations,0,3,2,3,4434302.919276984,49125.9011709096,2,1
AST-007269,Asset_7269,Workstation,Marketing,1,4,1,2,2322179.3055457235,33632.349368276824,9,1
AST-007270,Asset_7270,Database,Sales,0,3,4,4,5690036.42488602,353416.232156928,3,0
AST-007271,Asset_7271,Database,Operations,1,3,2,2,1594362.9738989188,151146.0755744326,11,1
AST-007272,Asset_7272,Cloud_Storage,Sales,0,3,2,3,1536146.231931354,292724.2967384055,3,0
AST-007273,Asset_7273,Workstation,HR,0,1,1,1,839229.503583346,15990.42997518292,2,0
AST-007274,Asset_7274,Server,HR,0,3,2,3,5970731.637438299,216752.4237698376,0,2
AST-007275,Asset_7275,Workstation,Marketing,0,3,2,2,1826395.9557016804,115988.47112624816,1,0
AST-007276,Asset_7276,Network_Device,HR,0,2,2,1,3623500.5220321426,67522.25701998096,1,1
AST-007277,Asset_7277,Database,Sales,0,2,4,4,1477267.2113299177,224649.89445869712,1,0
AST-007278,Asset_7278,Server,Finance,0,3,3,3,1990964.819355859,212343.67792600236,2,1
AST-007279,Asset_7279,Workstation,Marketing,1,3,4,3,5005366.789285924,274905.95537899144,11,1
AST-007280,Asset_7280,Workstation,Finance,1,1,1,1,1770018.071830503,62872.64884171022,10,4
AST-007281,Asset_7281,Workstation,Sales,0,3,1,2,5064822.998066451,181354.85765363683,2,0
AST-007282,Asset_7282,Server,Marketing,0,3,1,2,2584629.956344872,160789.21682923078,4,0
AST-007283,Asset_7283,Server,Finance,0,1,2,2,1819764.0891014766,175686.32613087926,1,1
AST-007284,Asset_7284,Workstation,Marketing,0,3,2,3,1823484.4448556225,207997.7341700568,5,1
AST-007285,Asset_7285,Server,Sales,0,1,3,2,1012966.1948585893,113349.03972070783,1,0
AST-007286,Asset_7286,Workstation,Operations,0,1,1,1,1194774.6885916693,16259.893660781821,5,1
AST-007287,Asset_7287,Workstation,Marketing,1,2,1,1,1203205.8148210682,85141.22172832726,9,3
AST-007288,Asset_7288,Server,Operations,0,4,1,2,5479059.671291697,63561.93319272454,2,2
AST-007289,Asset_7289,Cloud_Storage,Sales,0,1,1,1,1339074.5255983854,13299.489388094818,2,0
AST-007290,Asset_7290,Network_Device,Marketing,1,3,1,3,5964821.587086827,170149.2185827326,18,1
AST-007291,Asset_7291,Workstation,Marketing,0,2,1,2,2864992.0083638653,133852.81457062307,4,0
AST-007292,Asset_7292,Server,Operations,0,4,1,2,4385274.060913976,139129.65225240387,0,0
AST-007293,Asset_7293,Server,HR,1,3,3,3,5055831.813905825,210823.26317452092,15,2
AST-007294,Asset_7294,Workstation,Operations,0,4,1,3,4009802.0250415835,206505.04625155343,1,0
AST-007295,Asset_7295,Server,Operations,0,3,1,3,3897908.944676416,248211.87835644628,4,0
AST-007296,Asset_7296,Cloud_Storage,Operations,0,3,1,2,1749613.2305694935,158485.08961080262,1,0
AST-007297,Asset_7297,Server,Sales,0,1,4,4,983998.6616990671,332620.2499388904,1,0
AST-007298,Asset_7298,Workstation,Engineering,1,1,2,1,1292162.022130991,51423.59254041675,10,5
AST-007299,Asset_7299,Database,Operations,0,1,5,3,1553467.84058778,46961.061380598265,1,0
AST-007300,Asset_7300,Workstation,Marketing,0,3,2,2,1945647.5566670825,135123.72761828077,4,0
AST-007301,Asset_7301,Server,Finance,0,1,5,3,1695780.0937158752,86757.98187483808,7,0
AST-007302,Asset_7302,Workstation,HR,1,1,1,1,1850238.4799768967,87356.94009828466,15,6
AST-007303,Asset_7303,Server,Operations,0,4,1,3,3686222.9933665646,224849.74433767388,1,1
AST-007304,Asset_7304,Network_Device,Operations,0,3,2,2,4944059.613529368,157856.578998238,2,1
AST-007305,Asset_7305,Server,HR,1,4,5,5,3082090.9469641657,178889.9947056486,20,3
AST-007306,Asset_7306,Cloud_Storage,Operations,1,1,3,2,1285123.8076350342,133949.73848096043,22,5
AST-007307,Asset_7307,Network_Device,Marketing,0,1,2,2,1696453.0476081118,115055.10874070188,0,3
AST-007308,Asset_7308,Server,Engineering,0,1,1,2,1079737.5283676882,68321.33565076097,1,0
AST-007309,Asset_7309,Workstation,Operations,0,1,1,1,539450.3780582313,83100.30641864361,2,2
AST-007310,Asset_7310,Server,HR,0,1,1,1,1309951.0628212772,59496.25736785317,1,0
AST-007311,Asset_7311,Cloud_Storage,Operations,0,1,1,1,1767049.8093511083,27170.943045450353,3,1
AST-007312,Asset_7312,Workstation,Sales,0,1,1,1,662491.0659718902,37472.241284216725,1,0
AST-007313,Asset_7313,Database,Marketing,0,2,1,2,1088924.206427533,60879.3426646907,1,0
AST-007314,Asset_7314,Database,Marketing,0,1,3,2,1713561.1639768793,76231.98568987769,3,0
AST-007315,Asset_7315,Server,Engineering,1,1,1,1,900698.8680070336,26935.22733303733,16,1
AST-007316,Asset_7316,Cloud_Storage,Sales,0,3,1,3,3139546.675824978,130207.50224218411,2,1
AST-007317,Asset_7317,Server,Sales,0,3,1,2,1891419.1345706997,144916.97061176552,1,0
AST-007318,Asset_7318,Workstation,Engineering,1,3,1,3,1934785.4299101029,289010.84590787446,19,2
AST-007319,Asset_7319,Workstation,Finance,0,2,1,2,2843630.07074802,57896.49034752351,7,0
AST-007320,Asset_7320,Cloud_Storage,Operations,0,5,1,3,6641722.370098697,110953.9943581265,1,0
AST-007321,Asset_7321,Server,Sales,0,4,4,4,3754410.658485514,40775.28555901188,2,0
AST-007322,Asset_7322,Workstation,Finance,0,2,2,2,2358212.6688543246,60554.840247405264,3,1
AST-007323,Asset_7323,Workstation,Finance,0,2,1,1,2164593.2930290755,47660.66678543492,0,0
AST-007324,Asset_7324,Workstation,Marketing,0,1,2,2,1542579.3746319283,103112.73291241885,2,1
AST-007325,Asset_7325,Server,Operations,0,3,1,2,5379400.611661143,67939.6684239674,6,1
AST-007326,Asset_7326,Server,Marketing,0,2,1,2,3295307.25833805,47058.13432909365,1,1
AST-007327,Asset_7327,Server,HR,0,4,1,3,2026445.8980092031,182028.82399252855,1,0
AST-007328,Asset_7328,Workstation,Marketing,0,2,1,1,1298660.3833635778,46827.029106985014,3,1
AST-007329,Asset_7329,Server,Sales,0,5,3,5,5720325.850400593,241819.643758927,1,0
AST-007330,Asset_7330,Workstation,Sales,0,4,3,3,7110793.135286604,271644.75770912704,2,0
AST-007331,Asset_7331,Server,Operations,1,5,1,1,4277306.410555338,60529.861408657685,15,1
AST-007332,Asset_7332,Network_Device,Finance,0,1,2,2,1818428.129822763,89901.09048489746,2,1
AST-007333,Asset_7333,Cloud_Storage,Sales,0,1,1,1,665020.4878116974,32841.08241199589,0,0
AST-007334,Asset_7334,Workstation,Marketing,0,3,1,3,1826732.0573181342,145721.38029876925,2,0
AST-007335,Asset_7335,Database,Marketing,0,3,1,2,5610388.63715519,175136.32104188757,1,0
AST-007336,Asset_7336,Server,Operations,1,1,2,2,742965.3889950372,193718.00892646963,14,1
AST-007337,Asset_7337,Server,Marketing,1,3,1,2,3586990.117344521,87901.53763850135,13,3
AST-007338,Asset_7338,Server,Engineering,0,2,2,2,1977871.1325294753,57616.78531125837,1,0
AST-007339,Asset_7339,Workstation,Operations,1,1,3,2,721454.6519972999,184613.53855421414,20,2
AST-007340,Asset_7340,Workstation,Operations,0,2,4,3,2896333.04488011,68997.99140519218,2,2
AST-007341,Asset_7341,Cloud_Storage,Sales,1,4,1,3,7782036.284789044,110294.01968094858,18,3
AST-007342,Asset_7342,Database,Operations,0,2,1,1,2974328.3405626714,28373.134586200915,4,0
AST-007343,Asset_7343,Workstation,HR,0,3,1,2,3091644.072497987,121849.32535637419,4,0
AST-007344,Asset_7344,Workstation,Sales,1,1,4,3,1567695.4337148762,140333.1033365361,16,3
AST-007345,Asset_7345,Workstation,Sales,0,3,3,4,2144616.6996138003,143379.88628579324,3,1
AST-007346,Asset_7346,Server,Engineering,1,4,3,4,5480097.864160461,316454.1230979983,23,6
AST-007347,Asset_7347,Workstation,Sales,0,2,2,2,2408372.338438594,139541.00743746723,1,1
AST-007348,Asset_7348,Workstation,Finance,0,1,2,2,1039975.3571354572,199192.0654306554,3,1
AST-007349,Asset_7349,Workstation,Marketing,0,2,1,2,3218701.9072882743,76157.87748668395,2,0
AST-007350,Asset_7350,Cloud_Storage,Marketing,0,4,3,2,2710922.8725346406,172150.5920790458,0,0
AST-007351,Asset_7351,Database,Operations,0,1,3,2,1299185.7132247612,74451.34404793885,2,1
AST-007352,Asset_7352,Server,Engineering,0,2,1,2,3563191.979660033,21626.72450105609,2,2
AST-007353,Asset_7353,Workstation,Marketing,0,1,1,1,802565.2335437483,23580.79177337711,1,2
AST-007354,Asset_7354,Workstation,Finance,1,2,3,3,1793623.7257884664,167287.03995932906,20,1
AST-007355,Asset_7355,Server,Engineering,0,2,1,2,2982015.3783153445,165801.68119245808,1,0
AST-007356,Asset_7356,Workstation,HR,1,4,4,5,6635521.750372969,75835.6673151784,15,2
AST-007357,Asset_7357,Cloud_Storage,Marketing,0,2,2,2,1850006.804145319,169762.62789896163,2,0
AST-007358,Asset_7358,Cloud_Storage,Sales,0,2,2,1,2079694.0256103,74446.69539055003,4,1
AST-007359,Asset_7359,Server,Finance,0,4,2,3,6439474.897336887,39320.152436346994,3,2
AST-007360,Asset_7360,Network_Device,Finance,1,1,2,1,927985.4977055499,19566.618974448025,14,1
AST-007361,Asset_7361,Workstation,Marketing,0,2,1,1,2998742.5141194556,16806.696700697597,0,0
AST-007362,Asset_7362,Workstation,Operations,0,3,4,2,2214756.378626022,142218.73934252886,2,0
AST-007363,Asset_7363,Workstation,HR,1,1,5,3,1116965.6892326185,181477.99007227845,12,4
AST-007364,Asset_7364,Network_Device,Sales,0,1,2,2,1533015.8145848475,84594.49300468044,4,1
AST-007365,Asset_7365,Workstation,HR,1,2,2,2,2379713.668305874,35896.083517029576,21,5
AST-007366,Asset_7366,Database,HR,0,1,2,2,528856.0225377937,90736.67118789608,2,0
AST-007367,Asset_7367,Workstation,Marketing,0,1,2,2,1109570.5356567712,142791.1520354172,1,0
AST-007368,Asset_7368,Workstation,Sales,0,5,4,4,4662514.681672556,73628.22387970521,1,0
AST-007369,Asset_7369,Server,Marketing,0,2,1,2,1303846.5484880782,174185.29127955987,1,0
AST-007370,Asset_7370,Cloud_Storage,Marketing,1,4,1,3,2054828.0698919068,46985.32667268437,16,4
AST-007371,Asset_7371,Workstation,Operations,1,1,4,2,568273.1023495337,129474.87682701707,19,0
AST-007372,Asset_7372,Workstation,Finance,0,4,1,2,7695485.946426446,54046.58659263411,1,0
AST-007373,Asset_7373,Server,Operations,1,3,3,3,4874186.434552139,54742.712058211226,9,2
AST-007374,Asset_7374,Workstation,Operations,0,3,1,3,5728837.708109133,125842.31502495782,3,0
AST-007375,Asset_7375,Server,Marketing,0,1,5,3,672175.8449302372,210070.57115305506,2,0
AST-007376,Asset_7376,Server,Operations,0,2,3,3,2711529.1497949967,62684.29517350114,1,0
AST-007377,Asset_7377,Workstation,Operations,0,2,4,2,1249865.695144579,105625.51832641842,3,0
AST-007378,Asset_7378,Workstation,Engineering,0,3,5,4,1620628.7604031623,186198.56162137171,3,1
AST-007379,Asset_7379,Workstation,Sales,0,3,1,2,3598265.149981158,96941.76345606525,1,1
AST-007380,Asset_7380,Server,Finance,0,1,2,1,1469515.320946779,94907.50751525463,4,1
AST-007381,Asset_7381,Workstation,Sales,1,4,2,3,2381374.1655487944,124238.0734171339,16,1
AST-007382,Asset_7382,Server,Finance,1,4,3,4,4190358.300361972,396986.4068273178,13,3
AST-007383,Asset_7383,Cloud_Storage,Engineering,0,2,1,2,1270501.0047235033,116910.41014139337,1,0
AST-007384,Asset_7384,Workstation,Marketing,0,1,4,3,1043155.4628502345,257469.83907998045,1,1
AST-007385,Asset_7385,Workstation,Finance,0,3,1,3,3623080.6423298847,124193.37050886061,3,0
AST-007386,Asset_7386,Database,Finance,1,2,4,3,2012594.1559727644,52888.93173577491,15,2
AST-007387,Asset_7387,Server,Finance,0,3,2,3,4093120.6093531824,52788.98479587783,4,0
AST-007388,Asset_7388,Cloud_Storage,Engineering,0,3,2,2,4130655.253906582,123346.87186364144,3,0
AST-007389,Asset_7389,Server,Sales,1,1,1,1,999402.9991702728,93692.42196440954,12,2
AST-007390,Asset_7390,Workstation,Engineering,0,2,1,2,2168795.2482332876,32819.74734641996,2,0
AST-007391,Asset_7391,Workstation,Finance,0,2,1,1,2323196.85373678,72020.55684845193,2,0
AST-007392,Asset_7392,Server,Operations,0,4,2,4,4253919.839456763,242770.39258955725,4,1
AST-007393,Asset_7393,Network_Device,Finance,0,1,2,1,1640971.4908364862,68702.55520950584,2,1
AST-007394,Asset_7394,Workstation,Operations,1,1,3,2,709921.2560233352,58797.37208043753,7,5
AST-007395,Asset_7395,Server,Marketing,0,4,1,2,7142212.579853723,32691.53223033873,2,0
AST-007396,Asset_7396,Server,Engineering,0,1,2,2,996876.5261277654,33451.08129377128,3,0
AST-007397,Asset_7397,Server,Operations,0,2,4,3,3171882.562719503,96615.6899480104,0,1
AST-007398,Asset_7398,Network_Device,Engineering,0,1,3,2,1825663.6926337075,58455.06777912566,2,1
AST-007399,Asset_7399,Workstation,HR,0,2,1,2,3662358.1050136425,42744.36960588114,1,1
AST-007400,Asset_7400,Server,Sales,0,2,3,3,2357095.2100435966,101464.3995386059,2,1
AST-007401,Asset_7401,Server,HR,0,2,5,3,1769809.4737054827,174172.89678920578,2,1
AST-007402,Asset_7402,Workstation,Operations,0,5,4,4,7043203.215678521,381824.9716657803,0,0
AST-007403,Asset_7403,Workstation,HR,0,1,3,2,775944.5158864206,186008.37677807434,3,0
AST-007404,Asset_7404,Workstation,Sales,0,1,2,1,1685895.3082311274,34454.2277903988,7,0
AST-007405,Asset_7405,Database,Operations,1,2,1,2,3134034.697449965,31917.762936653227,17,2
AST-007406,Asset_7406,Server,Marketing,0,2,2,2,3386921.572912205,199214.04593053134,3,0
AST-007407,Asset_7407,Workstation,Marketing,1,2,2,1,2299772.5252458076,52876.75175503106,20,3
AST-007408,Asset_7408,Cloud_Storage,Sales,0,1,1,1,1336142.4498469178,98047.09386220429,4,0
AST-007409,Asset_7409,Server,Sales,1,4,1,2,2616359.8189865267,116775.56320499578,13,3
AST-007410,Asset_7410,Workstation,Operations,0,2,1,2,3062936.852798832,179544.9476960579,0,1
AST-007411,Asset_7411,Workstation,Engineering,0,1,2,2,1230258.020837451,100499.71733350461,2,1
AST-007412,Asset_7412,Workstation,Operations,0,2,1,1,2527714.9060559655,65982.07099403975,2,0
AST-007413,Asset_7413,Server,Engineering,0,1,2,2,1770488.223037443,116433.25721394857,1,1
AST-007414,Asset_7414,Network_Device,Engineering,1,1,4,3,1658481.664383264,89366.87615586304,14,4
AST-007415,Asset_7415,Workstation,Engineering,0,1,1,2,1302788.8117207417,157483.69131836045,4,1
AST-007416,Asset_7416,Workstation,Operations,0,1,5,4,1032659.4901862028,59730.00650252408,1,1
AST-007417,Asset_7417,Database,Finance,1,1,2,2,1169653.163103541,85234.11426113415,10,0
AST-007418,Asset_7418,Server,Finance,0,2,1,2,2052291.0136606197,176582.48844935026,4,1
AST-007419,Asset_7419,Server,Marketing,0,2,1,2,1454816.250122497,110483.07728330254,2,0
AST-007420,Asset_7420,Workstation,Finance,0,2,1,1,2937327.9244522504,16988.092963759256,0,2
AST-007421,Asset_7421,Server,Finance,0,1,1,1,1537272.5038711068,28677.722816022382,3,0
AST-007422,Asset_7422,Workstation,Engineering,1,4,3,3,7827260.207228868,59602.67311540427,17,2
AST-007423,Asset_7423,Database,Engineering,0,3,3,3,3550670.1410790808,104960.99288125488,4,1
AST-007424,Asset_7424,Workstation,Sales,0,5,4,4,9979693.09569325,99512.25925515153,1,1
AST-007425,Asset_7425,Workstation,Engineering,0,1,2,2,780647.8782587291,148151.14101662033,3,0
AST-007426,Asset_7426,Database,Operations,0,2,2,1,2969892.4989417517,69348.36798166954,4,0
AST-007427,Asset_7427,Server,Sales,0,1,1,1,1992152.9644527314,22157.09803652292,1,0
AST-007428,Asset_7428,Database,Sales,0,3,2,2,4381462.3622565335,100098.3498688308,1,0
AST-007429,Asset_7429,Workstation,Finance,0,1,2,1,1178554.843741579,36625.74211099763,4,0
AST-007430,Asset_7430,Workstation,Engineering,1,1,1,1,1272878.4514451688,40349.43724165198,12,2
AST-007431,Asset_7431,Server,Finance,0,2,4,3,3536533.4154509013,185514.5372678225,1,0
AST-007432,Asset_7432,Workstation,Engineering,0,2,2,2,3817331.4873602977,181764.02813697662,2,0
AST-007433,Asset_7433,Server,Finance,0,2,3,2,2361779.5934441583,181518.5031209539,1,0
AST-007434,Asset_7434,Server,Finance,1,1,2,1,1658555.0425212698,47171.9346797941,11,0
AST-007435,Asset_7435,Server,Finance,0,2,1,1,3801065.259566046,45387.563555168956,3,0
AST-007436,Asset_7436,Network_Device,Operations,1,4,3,2,3692723.454172482,113235.6567649811,14,6
AST-007437,Asset_7437,Server,Marketing,1,4,1,2,4958963.565400201,105340.7012665121,16,6
AST-007438,Asset_7438,Server,Finance,1,2,2,2,3986252.6648585172,31121.304289908323,16,5
AST-007439,Asset_7439,Server,HR,0,2,2,2,2060435.695633192,124174.90127940032,5,1
AST-007440,Asset_7440,Server,HR,0,1,1,1,1429531.933816494,62625.92136943054,1,1
AST-007441,Asset_7441,Workstation,HR,0,1,2,2,1485547.3336357826,101060.7335719186,4,1
AST-007442,Asset_7442,Server,Operations,1,1,1,2,731222.6404217634,94513.65379763547,10,1
AST-007443,Asset_7443,Server,Sales,1,2,1,2,3419851.0766334496,189010.23406122497,15,3
AST-007444,Asset_7444,Workstation,Finance,1,3,3,3,3358052.741661298,192222.48048819878,13,3
AST-007445,Asset_7445,Database,HR,0,2,2,2,2500970.240704983,166930.29923829777,1,0
AST-007446,Asset_7446,Workstation,Operations,0,1,1,1,1464263.7052517137,95845.6957719261,1,1
AST-007447,Asset_7447,Workstation,Sales,0,2,2,2,2231454.083113437,165818.304196295,1,0
AST-007448,Asset_7448,Server,HR,0,1,3,2,987623.6984705997,189736.32298399546,2,0
AST-007449,Asset_7449,Workstation,Engineering,0,3,1,2,3958938.276860144,156672.84382977497,0,0
AST-007450,Asset_7450,Server,Marketing,0,1,2,2,1020177.4012737251,50621.69394073951,2,0
AST-007451,Asset_7451,Workstation,Finance,1,2,2,1,2302389.171587215,30423.738041219873,15,0
AST-007452,Asset_7452,Workstation,Marketing,0,2,4,3,1325222.5265594192,82351.71775064917,3,0
AST-007453,Asset_7453,Server,Marketing,1,1,2,2,1767114.592044356,77982.69606556091,19,3
AST-007454,Asset_7454,Workstation,Engineering,1,1,1,1,1117560.8379053785,41949.35160435147,17,3
AST-007455,Asset_7455,Network_Device,Engineering,0,2,1,2,1248352.0226146858,166012.756126509,2,0
AST-007456,Asset_7456,Cloud_Storage,Engineering,0,1,2,2,1685035.626258187,84953.35382316646,5,1
AST-007457,Asset_7457,Workstation,Sales,0,2,1,1,1058875.9339998495,75449.6809728709,2,0
AST-007458,Asset_7458,Workstation,HR,0,3,4,4,4197057.902525175,365374.0385266329,2,1
AST-007459,Asset_7459,Server,Finance,0,1,1,1,1553995.6395947745,20309.807404800937,2,0
AST-007460,Asset_7460,Server,Engineering,0,2,1,1,1573631.2225875538,10023.51276486528,3,0
AST-007461,Asset_7461,Workstation,Operations,1,4,1,2,2787556.575250476,179958.54711064408,13,3
AST-007462,Asset_7462,Database,Finance,0,2,2,2,1341649.082528201,62886.112701435784,0,0
AST-007463,Asset_7463,Cloud_Storage,Finance,0,5,2,3,9949974.92630111,71428.19253870708,0,0
AST-007464,Asset_7464,Database,Finance,1,1,1,1,1632630.2373356335,36568.7899341235,12,3
AST-007465,Asset_7465,Database,Engineering,0,3,4,4,2907197.1166498335,106969.39879858331,0,2
AST-007466,Asset_7466,Database,Engineering,0,2,1,2,2006673.0266407854,162857.36063083014,3,0
AST-007467,Asset_7467,Network_Device,HR,1,4,1,3,5891748.5278213415,201317.1645827965,13,1
AST-007468,Asset_7468,Workstation,Engineering,0,1,1,1,1186507.9378252164,25057.385901573078,4,2
AST-007469,Asset_7469,Workstation,Engineering,0,1,4,2,907010.2160933902,125041.4794798267,2,0
AST-007470,Asset_7470,Database,Finance,1,1,3,2,585644.9098511806,57456.39034267108,12,1
AST-007471,Asset_7471,Network_Device,HR,0,4,3,3,6703121.869930195,83340.112552752,1,2
AST-007472,Asset_7472,Server,Marketing,0,2,1,1,3664677.596838429,63590.23034296973,2,2
AST-007473,Asset_7473,Network_Device,Engineering,0,4,2,3,3235755.7164832456,209465.49995608497,1,0
AST-007474,Asset_7474,Workstation,Operations,0,1,2,2,595107.6713246552,82316.36937958973,2,1
AST-007475,Asset_7475,Database,Engineering,1,1,1,2,677938.2585675288,157413.36457770233,13,3
AST-007476,Asset_7476,Workstation,Marketing,1,1,1,1,1121388.9676043172,85349.30404577412,9,4
AST-007477,Asset_7477,Workstation,Finance,0,2,4,3,1898044.7416766477,277412.9352781615,3,1
AST-007478,Asset_7478,Server,HR,1,3,1,2,1830560.171648018,132690.78670947155,13,2
AST-007479,Asset_7479,Network_Device,Finance,1,1,2,1,1182303.11587734,29802.24008693662,19,2
AST-007480,Asset_7480,Workstation,Sales,0,4,1,3,3223513.4173002057,232085.49645547883,2,0
AST-007481,Asset_7481,Database,Engineering,0,1,2,2,600422.8690284356,39412.25142452578,0,0
AST-007482,Asset_7482,Server,Operations,0,2,1,2,2973784.416253797,52618.6750653756,1,1
AST-007483,Asset_7483,Workstation,Sales,0,3,1,2,4076278.315808199,169901.86292195535,2,0
AST-007484,Asset_7484,Workstation,Engineering,0,1,2,2,1739596.8467103082,183949.299646496,3,1
AST-007485,Asset_7485,Workstation,Sales,0,1,5,3,953422.2495729361,48013.607835660776,2,0
AST-007486,Asset_7486,Workstation,Marketing,0,1,5,3,703734.0160782152,114272.81332236271,2,0
AST-007487,Asset_7487,Workstation,Engineering,1,1,1,1,1040241.1324031876,66625.97786203714,17,6
AST-007488,Asset_7488,Cloud_Storage,Operations,1,4,1,2,6672242.309350398,188956.59318857425,13,2
AST-007489,Asset_7489,Workstation,Engineering,0,5,2,5,4313045.163617245,306826.44825710525,0,0
AST-007490,Asset_7490,Network_Device,Sales,1,3,2,1,2647503.82467253,83889.32970622346,18,2
AST-007491,Asset_7491,Server,HR,0,3,3,2,2164131.078100207,186095.921415052,3,1
AST-007492,Asset_7492,Database,Sales,0,1,2,2,1979771.5427700528,113427.7195254131,2,0
AST-007493,Asset_7493,Database,Engineering,0,1,2,2,1950964.7378654643,153280.9225254186,0,1
AST-007494,Asset_7494,Workstation,Engineering,1,3,2,2,4461234.622690048,139234.32427634887,11,5
AST-007495,Asset_7495,Network_Device,HR,1,2,1,2,1644454.252858456,140845.20112602477,13,5
AST-007496,Asset_7496,Server,Finance,1,2,2,2,3299669.0125872367,113072.00006154917,17,2
AST-007497,Asset_7497,Server,HR,1,3,2,2,4127700.433198743,132174.49830096748,15,2
AST-007498,Asset_7498,Network_Device,Finance,0,2,3,3,3248698.4156969762,179681.11665756616,1,0
AST-007499,Asset_7499,Server,Operations,1,1,1,1,1790615.5406614412,67396.87107569289,24,1
AST-007500,Asset_7500,Workstation,Engineering,0,3,1,3,2933134.652729236,166403.4032393999,1,1
AST-007501,Asset_7501,Workstation,Marketing,0,2,5,3,3741096.230775524,90074.19400150751,2,0
AST-007502,Asset_7502,Network_Device,Marketing,0,3,2,2,5543512.483788911,144851.32105138025,1,1
AST-007503,Asset_7503,Server,Sales,0,2,4,3,2641391.5034577856,133688.55458860227,3,1
AST-007504,Asset_7504,Server,HR,0,1,2,1,1526857.3297824454,21496.736276556396,1,1
AST-007505,Asset_7505,Workstation,HR,0,1,4,2,1116553.8332395726,173238.35509458938,0,1
AST-007506,Asset_7506,Cloud_Storage,Marketing,0,3,1,2,4447962.331914611,52642.46065180128,3,0
AST-007507,Asset_7507,Workstation,Finance,0,2,1,1,2646875.4172606226,58663.807618875675,2,0
AST-007508,Asset_7508,Database,HR,0,2,3,2,1968459.671068288,149801.13026400254,0,0
AST-007509,Asset_7509,Workstation,Finance,0,2,3,2,1968515.6859338654,136586.43533265102,2,0
AST-007510,Asset_7510,Cloud_Storage,Finance,0,2,2,2,2954998.222140792,48954.71005676746,1,0
AST-007511,Asset_7511,Network_Device,Finance,1,1,2,1,1934942.0456509825,27472.431395154552,15,5
AST-007512,Asset_7512,Cloud_Storage,Finance,1,1,4,2,802322.4208002915,46792.63707857198,20,4
AST-007513,Asset_7513,Server,Sales,0,1,1,1,1088804.97934341,16529.24692984653,3,1
AST-007514,Asset_7514,Server,Sales,1,1,2,1,1708563.786951254,35494.613469085016,16,3
AST-007515,Asset_7515,Workstation,Marketing,0,2,1,1,1369034.4216598722,57172.45059403072,2,1
AST-007516,Asset_7516,Network_Device,Sales,0,1,1,1,1991250.185716628,25565.579871692265,1,2
AST-007517,Asset_7517,Server,Operations,0,1,2,2,1517207.8629119394,194754.66893544435,2,0
AST-007518,Asset_7518,Server,HR,0,1,3,2,1866200.6989439428,145789.4866342984,4,1
AST-007519,Asset_7519,Workstation,Operations,0,1,3,2,1757080.3150515866,125018.22499598033,1,1
AST-007520,Asset_7520,Server,Sales,0,5,5,5,8328512.016597819,356638.37593691074,2,0
AST-007521,Asset_7521,Database,HR,0,1,1,2,549351.5904343381,98471.00189855261,1,0
AST-007522,Asset_7522,Workstation,HR,0,2,1,2,2219488.346764583,104583.4720101607,1,0
AST-007523,Asset_7523,Workstation,Finance,1,1,1,2,802793.5920062173,179959.69214253852,13,2
AST-007524,Asset_7524,Workstation,Marketing,0,3,1,2,5420999.9742792165,149949.10169217573,4,0
AST-007525,Asset_7525,Database,Finance,1,4,1,2,6081717.600790694,125873.630847929,20,4
AST-007526,Asset_7526,Workstation,Finance,0,2,1,1,1321219.9354678784,95519.12998896022,2,0
AST-007527,Asset_7527,Workstation,Operations,1,3,2,3,3118189.8752950924,208913.14862177285,10,3
AST-007528,Asset_7528,Workstation,Sales,0,1,1,1,603962.253851448,45882.109084699136,1,0
AST-007529,Asset_7529,Workstation,Operations,1,1,2,1,1609994.942461847,14271.21294302019,16,4
AST-007530,Asset_7530,Server,Sales,1,1,4,2,1127476.963448474,90321.69912141254,16,6
AST-007531,Asset_7531,Server,Operations,0,1,3,2,851556.9038297285,186465.04488648032,2,1
AST-007532,Asset_7532,Server,HR,0,1,3,2,1276535.8810481243,28036.97444534964,1,0
AST-007533,Asset_7533,Server,Sales,0,1,3,2,563066.6521921159,53221.27626534865,6,0
AST-007534,Asset_7534,Workstation,Sales,1,2,1,2,1771883.8398639506,165574.55901700322,17,1
AST-007535,Asset_7535,Network_Device,Operations,0,3,3,4,2288868.965078139,171383.73739990438,1,0
AST-007536,Asset_7536,Workstation,Engineering,0,1,3,2,1895965.490529014,53461.76198478268,2,0
AST-007537,Asset_7537,Workstation,HR,0,1,1,2,1065661.109034013,166819.7262846048,2,2
AST-007538,Asset_7538,Database,HR,0,2,4,3,2753418.899203982,180778.7034315704,0,0
AST-007539,Asset_7539,Workstation,Engineering,0,2,2,2,2508825.8524984317,118723.42311274953,1,0
AST-007540,Asset_7540,Database,Operations,1,1,1,2,1488807.3109661026,72881.29051699571,24,2
AST-007541,Asset_7541,Server,Operations,0,1,2,1,918674.0462988347,70762.12330617133,0,0
AST-007542,Asset_7542,Server,HR,1,2,2,1,1362338.7380304644,87564.34795280299,10,0
AST-007543,Asset_7543,Workstation,Operations,0,1,2,2,622177.4090907997,155036.95549015395,3,0
AST-007544,Asset_7544,Cloud_Storage,Marketing,0,4,1,2,3160381.7855078354,130236.69414856653,2,0
AST-007545,Asset_7545,Server,Marketing,0,1,2,1,1224244.3294529244,41546.7576252949,0,2
AST-007546,Asset_7546,Server,Engineering,1,1,2,1,854041.0791572942,86932.3237888675,17,4
AST-007547,Asset_7547,Workstation,Sales,0,2,5,4,2302006.2361242594,243798.73241230304,3,0
AST-007548,Asset_7548,Server,Marketing,0,5,3,4,2719769.1477650832,360250.52129210613,3,0
AST-007549,Asset_7549,Network_Device,Operations,0,2,3,3,2882653.2930836454,98628.22288868442,2,0
AST-007550,Asset_7550,Workstation,Engineering,0,1,1,2,1817242.3983022303,137773.19053289611,0,0
AST-007551,Asset_7551,Cloud_Storage,Marketing,1,1,1,1,571384.9099713665,94167.00105646344,22,9
AST-007552,Asset_7552,Workstation,Finance,0,2,1,2,1654119.2991964677,87335.42242710834,3,0
AST-007553,Asset_7553,Workstation,Engineering,0,1,2,1,976655.6135695135,95613.97267709434,3,1
AST-007554,Asset_7554,Workstation,HR,0,2,1,2,1861721.7226894866,90643.16497602143,0,1
AST-007555,Asset_7555,Workstation,Marketing,0,2,2,3,1121155.463456816,148175.76814524346,1,0
AST-007556,Asset_7556,Workstation,HR,0,1,1,1,659867.7121335138,82580.2635910318,1,0
AST-007557,Asset_7557,Server,Engineering,0,1,2,1,1868692.6835321195,33469.44837499526,4,1
AST-007558,Asset_7558,Workstation,Marketing,0,3,1,2,4701128.108183755,147057.14909796263,1,0
AST-007559,Asset_7559,Workstation,HR,0,2,1,2,3875314.216726285,73710.05429240316,4,0
AST-007560,Asset_7560,Network_Device,Sales,0,3,3,3,3482079.4812092464,190317.95583108143,0,1
AST-007561,Asset_7561,Workstation,Sales,0,1,2,2,1818549.7034313495,159672.95832296065,2,1
AST-007562,Asset_7562,Workstation,Finance,0,2,3,2,3449617.622722773,24705.07550592536,2,0
AST-007563,Asset_7563,Server,Operations,0,1,2,2,1812411.5832646391,35925.87327624809,3,1
AST-007564,Asset_7564,Workstation,Engineering,0,1,4,2,558731.2414541749,188187.38398955023,0,0
AST-007565,Asset_7565,Workstation,Operations,0,2,1,2,2957546.9703688463,166849.31835798218,4,0
AST-007566,Asset_7566,Network_Device,Operations,1,3,1,2,4049830.2409917153,177861.71370869406,17,3
AST-007567,Asset_7567,Cloud_Storage,HR,0,1,2,2,1317823.6371186823,99009.50015932272,2,0
AST-007568,Asset_7568,Server,Finance,0,3,4,3,3769727.8486873806,223415.00580371695,1,0
AST-007569,Asset_7569,Network_Device,Engineering,0,2,2,2,3387929.632477582,199689.54265727964,1,0
AST-007570,Asset_7570,Server,Sales,0,1,2,1,1952085.3897655013,48927.81146998031,0,1
AST-007571,Asset_7571,Database,Operations,1,4,1,3,6973512.995332289,258630.55404955492,16,4
AST-007572,Asset_7572,Workstation,HR,0,2,2,3,3611186.120561672,51406.41352778468,2,0
AST-007573,Asset_7573,Server,Operations,0,2,2,2,2451708.1157174227,117895.28445408714,1,0
AST-007574,Asset_7574,Workstation,Marketing,0,2,3,2,3071827.810821425,79983.16741467844,2,0
AST-007575,Asset_7575,Server,Sales,1,2,2,3,2246692.9977331795,171234.4077710971,13,5
AST-007576,Asset_7576,Server,Operations,1,3,1,2,3121287.6497126585,40533.390187325254,11,0
AST-007577,Asset_7577,Workstation,Marketing,0,1,1,2,1842922.0979047802,86182.74809776586,3,0
AST-007578,Asset_7578,Workstation,Marketing,1,1,1,1,1857816.8863566024,16887.676336926717,17,2
AST-007579,Asset_7579,Cloud_Storage,HR,0,4,2,3,6093321.153750358,152335.1471134288,1,1
AST-007580,Asset_7580,Workstation,HR,0,3,1,1,5270289.853212567,49761.53975297396,2,2
AST-007581,Asset_7581,Workstation,Marketing,0,1,2,1,1040545.602398411,39673.91267482037,3,0
AST-007582,Asset_7582,Database,Finance,0,1,3,2,1150640.9448392345,190696.16965441176,3,2
AST-007583,Asset_7583,Server,Operations,0,2,1,1,3463048.8760970985,17464.020162437984,0,2
AST-007584,Asset_7584,Server,Marketing,1,1,2,2,1097075.420405941,168478.1565215271,17,6
AST-007585,Asset_7585,Workstation,Marketing,0,2,4,3,1119902.8576275257,125830.32714864626,2,1
AST-007586,Asset_7586,Workstation,HR,0,1,2,2,1029947.5237241795,55876.469340724805,4,0
AST-007587,Asset_7587,Workstation,Operations,0,2,2,2,2194690.9124403433,69060.60228473891,6,0
AST-007588,Asset_7588,Workstation,Engineering,0,1,2,1,731954.3005093122,91170.44351954566,6,0
AST-007589,Asset_7589,Workstation,Sales,0,2,1,1,2032372.8548214412,84240.87586059966,1,1
AST-007590,Asset_7590,Server,HR,0,2,1,2,3803266.045000402,22836.37585298275,0,1
AST-007591,Asset_7591,Server,Operations,0,2,1,1,3575599.31170484,23259.65017066429,1,0
AST-007592,Asset_7592,Network_Device,Operations,0,1,1,1,1168885.941506757,70752.44265691002,2,0
AST-007593,Asset_7593,Workstation,Finance,0,1,3,2,1564834.3548345773,77134.52242838153,2,2
AST-007594,Asset_7594,Network_Device,Sales,0,1,1,1,727774.9428528281,92722.69981134524,2,1
AST-007595,Asset_7595,Server,HR,0,2,4,3,3257652.5779411527,242355.4497842028,3,0
AST-007596,Asset_7596,Cloud_Storage,HR,0,2,3,2,2427354.30989323,177506.97762534567,1,0
AST-007597,Asset_7597,Server,Engineering,0,1,2,2,1583852.3180463486,54716.68260170423,1,0
AST-007598,Asset_7598,Server,Finance,0,3,3,2,4398104.647244359,47126.93902414747,1,0
AST-007599,Asset_7599,Cloud_Storage,Finance,0,3,1,2,2547440.7357728546,187747.38930538503,1,1
AST-007600,Asset_7600,Server,Operations,1,2,2,2,3504074.7151662814,92754.92702713812,8,2
AST-007601,Asset_7601,Workstation,Operations,1,1,4,2,1358264.9352751886,94829.00763888237,15,3
AST-007602,Asset_7602,Server,HR,1,3,1,1,5028888.356311883,71611.35710694536,13,1
AST-007603,Asset_7603,Workstation,Engineering,0,3,1,2,1922938.5548401389,91541.20078243483,1,0
AST-007604,Asset_7604,Cloud_Storage,HR,0,5,1,3,7115127.544866351,266301.6641874208,0,0
AST-007605,Asset_7605,Database,Marketing,0,1,2,1,937826.0292815227,96316.73954404565,4,0
AST-007606,Asset_7606,Workstation,Operations,0,4,1,3,7165372.205421236,119780.12756658973,1,0
AST-007607,Asset_7607,Server,Marketing,0,1,2,2,1924258.9491911803,57450.381013871214,0,1
AST-007608,Asset_7608,Workstation,Engineering,1,2,3,2,1167482.906828854,33555.01185841958,15,2
AST-007609,Asset_7609,Database,HR,0,2,1,1,3172848.689379767,29292.65075964523,1,1
AST-007610,Asset_7610,Server,Operations,0,2,3,1,1308933.4488431409,22550.0881634903,3,0
AST-007611,Asset_7611,Database,Engineering,0,2,1,1,3572522.0991643798,12620.830030293386,0,1
AST-007612,Asset_7612,Server,HR,0,1,1,1,686786.4982800903,14199.185002996102,3,1
AST-007613,Asset_7613,Cloud_Storage,HR,0,4,1,3,3170041.235295384,167528.2087057208,1,0
AST-007614,Asset_7614,Database,Marketing,0,2,3,3,1754860.4866121486,221104.33380198962,2,0
AST-007615,Asset_7615,Server,Sales,0,4,4,5,6366996.119356491,492466.15612944704,2,0
AST-007616,Asset_7616,Workstation,Finance,1,1,1,1,938801.6840874944,24011.240919142638,17,3
AST-007617,Asset_7617,Database,Operations,0,2,1,2,2788254.578259114,145681.36776121904,2,0
AST-007618,Asset_7618,Workstation,Finance,1,2,3,3,2715828.00155431,179579.16879885565,21,3
AST-007619,Asset_7619,Cloud_Storage,Engineering,0,2,2,2,2206784.858932647,106062.5800241894,1,1
AST-007620,Asset_7620,Workstation,Finance,0,3,1,2,3927703.040810759,149931.2806704333,5,0
AST-007621,Asset_7621,Network_Device,Marketing,0,1,2,2,677287.7206425954,62957.95428693893,1,0
AST-007622,Asset_7622,Workstation,Sales,1,1,4,3,1814261.3775933192,114048.77154678511,22,3
AST-007623,Asset_7623,Server,Operations,0,3,1,2,2431844.8787297625,89230.0185688778,1,1
AST-007624,Asset_7624,Workstation,HR,0,2,1,1,3640679.868440774,26415.658016472735,2,0
AST-007625,Asset_7625,Workstation,HR,0,1,1,2,1278106.159182487,106151.86244256329,0,0
AST-007626,Asset_7626,Workstation,Marketing,0,2,2,3,2841807.753403118,65603.97504541377,1,1
AST-007627,Asset_7627,Network_Device,Operations,0,2,1,1,1771891.0846269801,38632.88443780422,1,0
AST-007628,Asset_7628,Workstation,Finance,1,2,3,1,1666988.389177836,20184.60598977391,9,5
AST-007629,Asset_7629,Cloud_Storage,HR,0,1,3,2,1236054.4518954018,26458.934383959768,1,1
AST-007630,Asset_7630,Workstation,Finance,0,2,2,2,1802078.1793445996,83937.79336392859,3,0
AST-007631,Asset_7631,Workstation,Marketing,1,2,1,1,2269417.095753689,65579.53933032296,8,4
AST-007632,Asset_7632,Workstation,HR,1,3,5,4,3480989.7539636716,94680.43774468629,22,3
AST-007633,Asset_7633,Database,Engineering,0,4,2,4,3625503.947787689,397644.5936897987,4,0
AST-007634,Asset_7634,Cloud_Storage,Sales,0,2,2,2,1875189.9514208175,69382.70047695274,3,0
AST-007635,Asset_7635,Workstation,Finance,0,1,5,3,1959364.1157438282,36127.58931956957,3,1
AST-007636,Asset_7636,Server,Operations,1,1,4,3,1381182.8743151245,37569.27233295275,11,2
AST-007637,Asset_7637,Database,Finance,1,1,2,2,1747811.9300271887,139982.35287945927,14,2
AST-007638,Asset_7638,Workstation,Finance,1,1,2,1,568613.4271995724,70288.33284535071,14,1
AST-007639,Asset_7639,Server,Finance,0,3,1,3,1508660.7811659838,273729.7695150619,2,0
AST-007640,Asset_7640,Server,Marketing,0,3,4,3,3835960.733862427,54527.14879515597,1,0
AST-007641,Asset_7641,Workstation,Marketing,0,2,3,2,3480415.912711497,87746.34712921597,1,0
AST-007642,Asset_7642,Database,Operations,0,1,1,2,1416378.255619805,180069.15614846957,3,0
AST-007643,Asset_7643,Workstation,Marketing,1,1,3,3,1428244.5294911268,245372.87055480864,16,1
AST-007644,Asset_7644,Server,Operations,0,4,3,3,2836150.5025898446,93031.42983866135,1,0
AST-007645,Asset_7645,Server,Operations,0,4,1,2,7871404.871960203,180194.11347320158,3,0
AST-007646,Asset_7646,Workstation,Marketing,1,1,2,2,1294550.9381344295,142546.97170263348,18,4
AST-007647,Asset_7647,Workstation,HR,0,2,1,1,1307805.4695201195,33788.53360161492,2,1
AST-007648,Asset_7648,Server,Marketing,0,1,3,2,1121295.9421373773,28068.38899950143,4,0
AST-007649,Asset_7649,Database,HR,1,1,1,1,607956.7710644065,54769.88861996402,17,3
AST-007650,Asset_7650,Workstation,Engineering,1,1,2,1,1127210.3991042967,74176.98536749562,19,1
AST-007651,Asset_7651,Server,Marketing,1,2,1,2,3134685.387217042,68355.95228318611,9,4
AST-007652,Asset_7652,Server,Engineering,0,1,1,1,985289.2527003756,25186.241141446317,2,1
AST-007653,Asset_7653,Server,Marketing,0,1,1,1,969653.3934194861,16775.310648282648,3,0
AST-007654,Asset_7654,Network_Device,Engineering,0,1,2,2,1271508.852312965,171564.43663472382,2,0
AST-007655,Asset_7655,Workstation,Sales,0,1,1,1,1247728.9206217579,14925.828519994942,2,1
AST-007656,Asset_7656,Workstation,Engineering,0,2,2,2,2401428.0556411073,129692.67821323336,0,0
AST-007657,Asset_7657,Workstation,HR,1,1,2,2,1275266.5206217226,157383.77968744398,16,2
AST-007658,Asset_7658,Workstation,Finance,0,4,2,3,2287754.9027287443,240730.10424627704,4,0
AST-007659,Asset_7659,Workstation,Operations,0,1,2,1,1211400.0794506636,68832.99241897551,4,1
AST-007660,Asset_7660,Workstation,Engineering,1,1,1,1,1988016.126439475,68751.6360227748,12,1
AST-007661,Asset_7661,Server,Finance,1,1,1,1,1646503.3499774109,52668.271801950934,14,2
AST-007662,Asset_7662,Workstation,Sales,0,1,1,2,931353.7787568083,95007.23320077606,1,0
AST-007663,Asset_7663,Workstation,Sales,1,1,2,2,1516570.9316694748,44723.861370294064,15,1
AST-007664,Asset_7664,Workstation,HR,1,1,3,2,994853.8364730907,116363.67786556903,12,4
AST-007665,Asset_7665,Database,HR,1,4,1,3,3149084.7350967843,49178.05975113499,13,4
AST-007666,Asset_7666,Server,Engineering,1,2,2,1,3320655.185270146,52137.74440474453,18,6
AST-007667,Asset_7667,Workstation,Marketing,1,4,1,3,3257518.0348490933,227343.2048706267,11,2
AST-007668,Asset_7668,Workstation,Sales,0,1,1,1,1787938.951130747,49857.668922318306,2,1
AST-007669,Asset_7669,Network_Device,Finance,0,2,2,2,2141228.847165888,111490.93652854311,3,1
AST-007670,Asset_7670,Database,Marketing,0,1,1,1,1635265.1287753074,85798.52995853897,2,2
AST-007671,Asset_7671,Workstation,Sales,0,3,2,2,2668184.3074100367,136384.81839610252,2,1
AST-007672,Asset_7672,Workstation,Engineering,0,5,5,4,7395514.082144404,85934.7549912307,3,1
AST-007673,Asset_7673,Network_Device,Sales,0,3,1,2,2456392.9666232197,117728.67845781108,3,2
AST-007674,Asset_7674,Workstation,HR,0,1,2,2,532751.7144932381,85623.56704614885,2,0
AST-007675,Asset_7675,Workstation,Finance,1,1,4,2,1721906.248570067,57229.859492004915,16,2
AST-007676,Asset_7676,Workstation,Finance,1,1,1,1,1784244.0749290502,68317.18125291613,14,8
AST-007677,Asset_7677,Workstation,HR,0,1,1,1,1820861.2930904606,44785.29903301787,2,2
AST-007678,Asset_7678,Cloud_Storage,Marketing,0,1,1,2,554446.2579790584,158115.2473157307,0,1
AST-007679,Asset_7679,Server,HR,1,1,2,2,1641382.7322692743,125570.14177860232,17,2
AST-007680,Asset_7680,Server,Finance,1,1,2,2,1753805.6134370263,38766.19143927699,16,4
AST-007681,Asset_7681,Cloud_Storage,Engineering,1,2,2,3,1935094.3909641395,124594.30542418353,13,3
AST-007682,Asset_7682,Workstation,Marketing,1,2,2,3,2411353.8966601305,102857.59140110263,18,5
AST-007683,Asset_7683,Workstation,Operations,1,3,3,3,3335618.1732797124,70492.59317097062,19,4
AST-007684,Asset_7684,Workstation,Sales,0,1,1,1,1160153.508459622,82019.7559444997,3,0
AST-007685,Asset_7685,Server,Operations,0,1,5,2,1770056.282959692,88135.16674280896,3,0
AST-007686,Asset_7686,Workstation,Engineering,1,2,1,1,2253606.2545520766,65193.29627467271,14,4
AST-007687,Asset_7687,Workstation,Operations,0,2,1,2,1907091.4094044869,178762.1815449459,3,0
AST-007688,Asset_7688,Database,Marketing,1,1,4,4,695574.7821306519,235482.37984602898,15,1
AST-007689,Asset_7689,Database,Finance,0,4,3,3,6049035.895342718,99681.74923882174,0,2
AST-007690,Asset_7690,Network_Device,Finance,1,1,3,2,626305.9005613907,162323.2643032759,23,6
AST-007691,Asset_7691,Server,Engineering,0,1,1,1,591773.3852905596,49217.933416335705,5,0
AST-007692,Asset_7692,Network_Device,Operations,0,2,3,3,3044737.861506289,182235.8656021359,4,1
AST-007693,Asset_7693,Server,Marketing,0,1,2,2,1541433.4234072813,182374.97915875883,2,0
AST-007694,Asset_7694,Workstation,Sales,1,2,3,3,1597240.1395834875,162104.3003557942,14,9
AST-007695,Asset_7695,Cloud_Storage,Operations,0,1,5,3,1935776.9591006327,120367.43878062385,2,0
AST-007696,Asset_7696,Workstation,Operations,1,1,1,1,1681721.0031464554,75465.42215608005,15,5
AST-007697,Asset_7697,Workstation,Sales,1,4,2,3,6118568.255927017,66045.11460196294,16,9
AST-007698,Asset_7698,Workstation,HR,1,1,3,2,1631521.3540185285,184470.36071129807,10,2
AST-007699,Asset_7699,Database,Engineering,1,2,2,2,2235660.9547930863,184798.34910533213,15,6
AST-007700,Asset_7700,Server,Marketing,0,1,1,1,1183463.722528881,62146.66096973993,2,0
AST-007701,Asset_7701,Cloud_Storage,Engineering,0,2,1,1,3610644.636411044,23886.625469178492,0,1
AST-007702,Asset_7702,Workstation,Sales,0,1,2,2,538128.5247972202,101376.3943400101,0,1
AST-007703,Asset_7703,Workstation,Marketing,1,3,1,2,5110895.198931202,96194.9061103719,13,6
AST-007704,Asset_7704,Database,Finance,1,3,1,1,3514058.4546136516,36848.22950181702,14,5
AST-007705,Asset_7705,Server,Finance,0,1,1,2,1195952.7267523305,51518.02209715721,2,0
AST-007706,Asset_7706,Server,Marketing,0,1,1,1,988549.4465748561,33732.60091206471,0,1
AST-007707,Asset_7707,Workstation,Engineering,0,4,1,3,5642432.224454043,179992.69460166933,1,0
AST-007708,Asset_7708,Workstation,Engineering,0,4,1,3,6054040.13080745,215140.82566239536,2,2
AST-007709,Asset_7709,Workstation,Finance,0,2,4,4,1482260.9245881822,392654.6243473489,1,0
AST-007710,Asset_7710,Network_Device,Finance,0,2,1,1,2697150.6312040905,29418.254791222214,2,0
AST-007711,Asset_7711,Server,Sales,0,3,3,3,3592103.382122917,85084.3843412826,1,0
AST-007712,Asset_7712,Database,Marketing,0,1,3,2,1672863.0033182518,41066.00221462632,3,0
AST-007713,Asset_7713,Server,Engineering,0,2,2,2,2635861.877478645,189018.82798098488,0,0
AST-007714,Asset_7714,Workstation,Sales,0,2,1,2,2288719.636922352,88732.83726938274,3,1
AST-007715,Asset_7715,Server,Engineering,0,3,4,3,3880189.762748875,279474.8157916098,5,0
AST-007716,Asset_7716,Cloud_Storage,Finance,0,1,2,2,1235851.2588179596,180098.38889539067,3,0
AST-007717,Asset_7717,Server,Marketing,0,2,1,1,3805533.5608662926,13957.813569011563,0,0
AST-007718,Asset_7718,Cloud_Storage,HR,0,2,2,1,1935663.2376257782,35179.404468518944,1,0
AST-007719,Asset_7719,Workstation,Marketing,0,3,1,2,1668070.2924448731,74454.12160035215,0,0
AST-007720,Asset_7720,Cloud_Storage,Operations,0,2,1,2,2985990.2625912135,69922.47026571253,1,0
AST-007721,Asset_7721,Workstation,HR,1,4,2,4,5623058.724997017,193120.89262850696,21,1
AST-007722,Asset_7722,Cloud_Storage,Sales,0,4,1,2,7459815.857529892,109875.41356744933,1,3
AST-007723,Asset_7723,Server,HR,0,2,2,2,1352429.8520907962,156475.8965101252,4,1
AST-007724,Asset_7724,Workstation,HR,0,1,4,3,1283968.4313575453,102279.78236458219,1,1
AST-007725,Asset_7725,Cloud_Storage,Sales,0,2,1,2,1452313.150092363,73774.39793804254,2,0
AST-007726,Asset_7726,Server,Marketing,1,4,1,3,4734253.818290209,191623.52188938734,20,2
AST-007727,Asset_7727,Server,Sales,0,1,3,2,1699054.5214738757,52268.4125466995,3,0
AST-007728,Asset_7728,Workstation,Operations,0,2,2,2,3572164.108832643,105174.71355211888,2,1
AST-007729,Asset_7729,Cloud_Storage,Finance,0,1,2,2,1750790.5405032851,65177.31795512867,2,0
AST-007730,Asset_7730,Workstation,Finance,0,1,3,2,1321107.2502534285,55638.21833874646,1,1
AST-007731,Asset_7731,Workstation,HR,0,2,4,3,2901880.3704943275,244826.33060297288,4,2
AST-007732,Asset_7732,Server,Sales,0,2,2,2,2654693.6130882036,147282.10348588962,4,2
AST-007733,Asset_7733,Server,Sales,0,2,1,2,2683707.336603778,64966.27058158514,1,0
AST-007734,Asset_7734,Network_Device,Sales,0,4,2,3,7310905.331136346,142096.85179032633,1,1
AST-007735,Asset_7735,Server,Operations,0,1,2,1,813909.3423035828,23880.16557389246,4,1
AST-007736,Asset_7736,Workstation,Operations,1,1,2,2,1158148.8206060673,29570.31897007172,9,3
AST-007737,Asset_7737,Cloud_Storage,Marketing,0,4,1,3,5660377.101343861,188009.4549664994,2,0
AST-007738,Asset_7738,Server,Engineering,0,2,2,2,3296056.4453800023,85441.4884870295,2,2
AST-007739,Asset_7739,Workstation,Engineering,0,1,2,1,1642834.585138447,28652.60867414196,1,1
AST-007740,Asset_7740,Server,Engineering,0,3,1,2,2027617.5989172366,40629.10623635465,0,1
AST-007741,Asset_7741,Workstation,Marketing,1,4,4,4,3331459.792293445,284810.00893610925,12,1
AST-007742,Asset_7742,Server,Sales,0,2,4,3,3734554.6414309503,103294.20162392767,3,1
AST-007743,Asset_7743,Workstation,Engineering,0,3,3,3,3108836.7995863864,274995.00577430776,1,0
AST-007744,Asset_7744,Database,Sales,0,1,2,1,504068.96289246884,27352.508478619377,3,0
AST-007745,Asset_7745,Workstation,HR,0,1,1,1,799695.6026199751,31939.7604062339,1,0
AST-007746,Asset_7746,Workstation,Engineering,0,4,3,3,7817312.585986755,259968.35726020075,1,0
AST-007747,Asset_7747,Server,HR,1,2,2,2,1929245.698866471,123037.53062776224,22,2
AST-007748,Asset_7748,Workstation,Marketing,1,1,2,1,1420571.8233301803,19754.080304897034,18,3
AST-007749,Asset_7749,Database,Finance,0,2,1,1,3179949.7005663035,59451.41691164501,3,0
AST-007750,Asset_7750,Workstation,Operations,1,2,2,2,2939748.5088224164,75463.04962814081,16,2
AST-007751,Asset_7751,Server,Marketing,0,1,4,3,1066349.280133913,228974.25746432302,5,0
AST-007752,Asset_7752,Workstation,Marketing,1,2,1,2,2291245.346078127,34002.222393251854,13,4
AST-007753,Asset_7753,Server,Marketing,1,1,1,1,1756977.968977458,92609.69944559039,15,3
AST-007754,Asset_7754,Workstation,Engineering,0,1,2,2,1494177.6971268363,106076.45865545953,2,0
AST-007755,Asset_7755,Server,HR,0,2,2,2,1070305.8198117665,152171.3292900771,0,1
AST-007756,Asset_7756,Workstation,Operations,1,1,1,2,805186.3782827156,146839.08669567865,22,0
AST-007757,Asset_7757,Server,Engineering,0,1,4,3,929446.9075048895,78127.7292636234,3,0
AST-007758,Asset_7758,Network_Device,Finance,0,4,1,4,4192920.209378174,356833.5793454118,2,0
AST-007759,Asset_7759,Network_Device,Operations,0,2,4,3,2730681.170183827,92829.34943358426,3,1
AST-007760,Asset_7760,Server,Marketing,1,2,1,1,2099531.7891171603,27151.05892304654,11,1
AST-007761,Asset_7761,Workstation,Sales,1,1,1,2,1737517.874584895,113715.53449930389,15,1
AST-007762,Asset_7762,Server,Finance,0,1,3,2,1210753.3682555635,197218.40259093035,3,0
AST-007763,Asset_7763,Database,HR,1,2,4,3,2506536.301156795,114616.52846098188,19,6
AST-007764,Asset_7764,Workstation,Finance,0,1,5,2,1141083.7777199647,193601.21670237728,1,1
AST-007765,Asset_7765,Workstation,Engineering,1,2,1,2,1931399.0511775394,98316.4159331458,19,3
AST-007766,Asset_7766,Workstation,Sales,0,2,2,2,3174400.356954203,170241.63586647154,2,1
AST-007767,Asset_7767,Server,Engineering,0,2,1,1,1688688.959948103,57698.59147617842,2,0
AST-007768,Asset_7768,Database,Operations,0,1,1,1,1534234.721527241,28473.510022026898,3,0
AST-007769,Asset_7769,Server,Marketing,0,1,1,1,1294559.2244312966,89199.39167300946,6,1
AST-007770,Asset_7770,Workstation,Marketing,0,5,1,3,3266974.2591744,49430.886246650225,3,1
AST-007771,Asset_7771,Workstation,Finance,1,5,4,4,2634754.349124916,285791.60819749744,21,2
AST-007772,Asset_7772,Workstation,Marketing,0,2,1,1,1508330.8649145104,84768.2615622429,3,0
AST-007773,Asset_7773,Server,Marketing,1,3,2,2,4924593.985643849,169764.58404695,11,5
AST-007774,Asset_7774,Database,Operations,0,2,2,2,2153792.686815671,137953.8408941616,2,2
AST-007775,Asset_7775,Database,HR,0,1,1,1,1707314.7643836166,32589.7655982884,5,1
AST-007776,Asset_7776,Server,HR,0,1,5,3,1252858.7229063571,173550.02187610065,0,0
AST-007777,Asset_7777,Database,Engineering,1,1,1,1,549119.9424862476,66658.26839647445,15,4
AST-007778,Asset_7778,Network_Device,Engineering,0,2,4,3,3538295.1244071843,270217.4753384004,3,0
AST-007779,Asset_7779,Network_Device,HR,1,2,4,2,3808790.30689995,48740.24372497307,11,2
AST-007780,Asset_7780,Workstation,Finance,1,4,4,4,2445291.2138497178,207370.98964073297,16,3
AST-007781,Asset_7781,Workstation,HR,0,3,3,3,2437578.006533765,119946.70307834892,3,0
AST-007782,Asset_7782,Server,Engineering,0,4,1,2,6293317.521586596,96988.22832604146,4,0
AST-007783,Asset_7783,Network_Device,Sales,1,4,1,3,7983053.255368331,79423.31886500979,15,4
AST-007784,Asset_7784,Server,Marketing,1,3,2,3,5443366.757176202,88706.33907304482,18,3
AST-007785,Asset_7785,Cloud_Storage,Operations,0,1,1,1,648421.7914912915,79286.40446618163,1,0
AST-007786,Asset_7786,Workstation,Sales,0,1,3,3,1410855.6414198712,159161.61006406564,0,1
AST-007787,Asset_7787,Database,Sales,0,2,3,3,2995611.1045453725,168819.74662644643,0,0
AST-007788,Asset_7788,Cloud_Storage,Marketing,0,2,1,1,2892496.263762283,90773.02963147982,4,2
AST-007789,Asset_7789,Server,HR,0,1,1,1,1352090.3969175825,31598.166126393746,1,0
AST-007790,Asset_7790,Workstation,Finance,0,3,1,1,2814917.543437713,39634.43991029548,0,0
AST-007791,Asset_7791,Workstation,Sales,0,5,2,3,7513796.252995833,113326.42086381561,1,3
AST-007792,Asset_7792,Server,Finance,0,2,1,1,3185353.7978846137,69331.43283031252,1,0
AST-007793,Asset_7793,Workstation,Operations,1,2,2,1,2727298.6019676495,60620.564663837955,14,2
AST-007794,Asset_7794,Workstation,Operations,1,3,2,2,3737199.869181478,104878.03202992445,15,4
AST-007795,Asset_7795,Workstation,Operations,1,1,1,1,828545.8227556172,70118.59047082686,19,2
AST-007796,Asset_7796,Server,Engineering,1,1,2,2,1317086.0494985166,107105.3558246908,15,3
AST-007797,Asset_7797,Cloud_Storage,Sales,0,3,2,2,2077127.0994109493,166872.32414421203,4,0
AST-007798,Asset_7798,Server,Operations,1,3,2,3,1827221.9616949994,140765.64433544897,16,3
AST-007799,Asset_7799,Server,Engineering,1,2,5,3,3333553.587073287,270464.05469657405,17,4
AST-007800,Asset_7800,Server,Operations,1,4,1,3,6057635.7937521115,62300.10906137365,12,1
AST-007801,Asset_7801,Server,HR,0,1,2,1,1473548.3150275515,18455.327357482834,1,0
AST-007802,Asset_7802,Server,Sales,0,2,4,3,3784383.173766269,207039.40921584063,1,0
AST-007803,Asset_7803,Cloud_Storage,Engineering,0,2,1,2,2142318.148813237,90147.05633625755,2,0
AST-007804,Asset_7804,Database,Operations,0,1,2,2,1099598.032261617,102028.58429792944,0,0
AST-007805,Asset_7805,Server,Engineering,1,1,2,2,1120620.3568598682,145283.3559369921,13,3
AST-007806,Asset_7806,Server,Operations,0,4,2,4,4791698.544059116,117234.17790551503,1,2
AST-007807,Asset_7807,Workstation,HR,1,1,1,1,1269264.4838090502,13953.517908919168,11,5
AST-007808,Asset_7808,Network_Device,Finance,0,1,2,1,1667026.148135252,49500.028541493935,2,2
AST-007809,Asset_7809,Server,Operations,0,2,1,1,1653109.9307760573,90525.28109401306,2,0
AST-007810,Asset_7810,Server,Finance,0,1,2,1,1151126.6579442092,50566.409052772404,2,0
AST-007811,Asset_7811,Server,Sales,0,4,2,3,5030764.201259453,184430.37190778975,2,0
AST-007812,Asset_7812,Server,HR,0,1,2,1,753676.5102477489,28753.12739881622,4,0
AST-007813,Asset_7813,Server,Sales,0,2,2,2,3105828.1638786355,103533.30870887543,3,1
AST-007814,Asset_7814,Workstation,Finance,0,1,1,1,584406.1122670418,53258.910645999276,0,0
AST-007815,Asset_7815,Server,HR,1,3,1,2,4136606.242714415,62325.41991521608,11,5
AST-007816,Asset_7816,Workstation,Marketing,0,2,1,1,1606426.4806715553,24741.700070882005,1,0
AST-007817,Asset_7817,Server,HR,1,1,1,1,512702.3912013552,41523.19912130121,14,2
AST-007818,Asset_7818,Cloud_Storage,HR,0,5,2,4,4868287.240885189,53991.561971973686,6,3
AST-007819,Asset_7819,Cloud_Storage,Marketing,0,1,2,1,1143711.0207701048,24980.66061552491,2,0
AST-007820,Asset_7820,Workstation,Engineering,0,2,1,1,3451903.53864582,75821.81402392266,1,0
AST-007821,Asset_7821,Database,Engineering,1,5,4,5,5558842.407261277,342110.2320201545,15,4
AST-007822,Asset_7822,Database,Engineering,0,2,2,2,3746306.701508698,76300.54691423316,1,0
AST-007823,Asset_7823,Workstation,Finance,0,3,1,3,5291424.600775909,178813.7314971409,5,1
AST-007824,Asset_7824,Workstation,HR,1,1,1,1,789106.4067587277,84644.6459408557,18,1
AST-007825,Asset_7825,Workstation,Operations,0,1,2,2,733575.9697078986,171046.04613939385,3,1
AST-007826,Asset_7826,Network_Device,Marketing,0,1,1,1,865763.0381669267,68893.92171546273,2,0
AST-007827,Asset_7827,Cloud_Storage,Operations,1,5,4,4,5197614.199434754,84659.21943844142,13,2
AST-007828,Asset_7828,Database,Finance,0,5,2,3,6876104.264024711,73983.06336905151,2,0
AST-007829,Asset_7829,Workstation,Marketing,0,1,4,2,686122.2526402618,72501.17629209584,2,0
AST-007830,Asset_7830,Server,Operations,0,1,1,1,1298061.9262412265,70364.326513974,0,0
AST-007831,Asset_7831,Server,Finance,0,1,2,2,1371159.8487652005,66440.69652781647,0,0
AST-007832,Asset_7832,Workstation,Finance,0,1,4,3,1491335.3638649536,155396.77062258887,1,1
AST-007833,Asset_7833,Server,Finance,0,1,1,1,1325138.0755611649,84297.30761501248,3,1
AST-007834,Asset_7834,Network_Device,Marketing,1,3,1,2,5213272.517013193,180519.274993113,17,1
AST-007835,Asset_7835,Server,Operations,0,4,2,3,5849542.6474931035,256407.248604136,2,1
AST-007836,Asset_7836,Workstation,Operations,0,3,5,3,5660481.966296801,61438.44475016087,2,0
AST-007837,Asset_7837,Workstation,Sales,1,2,2,1,3102772.2998287356,91967.8703638358,13,2
AST-007838,Asset_7838,Workstation,Finance,0,3,2,3,3462495.9758329173,214717.45423070443,1,1
AST-007839,Asset_7839,Database,Engineering,1,3,2,3,2443580.6047326876,197072.38155362295,16,3
AST-007840,Asset_7840,Network_Device,HR,1,2,1,2,1031562.125028271,64558.11843003986,27,5
AST-007841,Asset_7841,Workstation,Sales,0,1,2,2,635604.2563689535,187081.0164486986,0,0
AST-007842,Asset_7842,Workstation,Sales,0,1,1,1,784513.6115478319,11562.495976633134,1,0
AST-007843,Asset_7843,Server,Marketing,1,2,1,3,1649324.057181805,52190.22363394687,18,2
AST-007844,Asset_7844,Workstation,Sales,1,5,3,5,8065330.610128455,119153.55965331709,20,2
AST-007845,Asset_7845,Network_Device,Operations,0,2,2,2,2158167.39420752,144945.99790148417,1,0
AST-007846,Asset_7846,Workstation,Marketing,0,4,5,5,3947236.893602182,330285.77821811807,3,1
AST-007847,Asset_7847,Network_Device,Marketing,0,1,1,1,578551.3306953917,95021.00179011449,0,0
AST-007848,Asset_7848,Workstation,Engineering,0,3,1,3,3923972.45845232,124225.06374481611,2,0
AST-007849,Asset_7849,Server,Finance,0,4,3,4,5677453.288043506,165142.02667315886,0,0
AST-007850,Asset_7850,Server,Sales,0,2,1,1,3633572.2480160547,70258.0607434253,3,0
AST-007851,Asset_7851,Database,Finance,1,4,1,2,5017052.341137552,51348.298369800075,20,5
AST-007852,Asset_7852,Workstation,Finance,0,2,2,2,1023160.4838790704,103527.67510261043,2,1
AST-007853,Asset_7853,Workstation,Finance,1,1,1,1,597918.1366368046,11388.992414215687,13,3
AST-007854,Asset_7854,Server,Marketing,0,1,5,2,906508.0084820868,126567.11130894357,0,0
AST-007855,Asset_7855,Workstation,Finance,0,2,2,2,1417556.7507665018,161118.27097630384,0,1
AST-007856,Asset_7856,Workstation,Sales,0,4,4,4,6623524.454836981,113351.55874717692,2,0
AST-007857,Asset_7857,Workstation,Marketing,0,1,4,2,661785.4716843645,75290.71917461805,3,2
AST-007858,Asset_7858,Server,Sales,0,2,1,1,1482350.4482150888,21865.53887906979,1,0
AST-007859,Asset_7859,Server,Marketing,1,3,3,3,4500543.136553467,196232.11799393722,11,7
AST-007860,Asset_7860,Server,HR,0,1,1,2,859442.5527424992,121523.69530779871,2,0
AST-007861,Asset_7861,Server,HR,1,1,1,1,1953621.4864530356,84375.65578436777,11,4
AST-007862,Asset_7862,Server,HR,0,1,4,2,1794781.5468072519,194661.86707529807,2,0
AST-007863,Asset_7863,Server,HR,0,1,1,1,1616810.2576374523,98527.92253670955,7,0
AST-007864,Asset_7864,Workstation,Marketing,0,1,1,2,1014704.7024751694,39290.197828132485,0,1
AST-007865,Asset_7865,Database,Finance,1,1,1,1,585169.961453437,59782.285991971745,8,3
AST-007866,Asset_7866,Cloud_Storage,Engineering,0,1,1,2,1004601.4374282819,162137.85126622696,1,1
AST-007867,Asset_7867,Server,Operations,0,2,2,1,2130189.5804374674,69308.4772474111,0,1
AST-007868,Asset_7868,Database,Engineering,1,2,2,2,1382298.432708822,181457.61005701136,8,5
AST-007869,Asset_7869,Database,HR,1,3,2,2,2042883.6194660703,99509.4538207183,15,3
AST-007870,Asset_7870,Server,Finance,0,2,4,4,3004324.990024395,193754.94634506057,2,0
AST-007871,Asset_7871,Network_Device,Sales,1,5,1,2,4243018.1911997255,24700.257595826446,24,4
AST-007872,Asset_7872,Server,Finance,0,4,1,3,6068064.228126753,34225.449539058936,3,1
AST-007873,Asset_7873,Cloud_Storage,Sales,1,5,1,3,6612260.108470228,217014.41233208403,19,4
AST-007874,Asset_7874,Network_Device,Engineering,0,1,3,2,1852195.774738998,104863.90637659752,1,0
AST-007875,Asset_7875,Workstation,Finance,0,4,2,4,6783019.266227165,277683.084091972,5,2
AST-007876,Asset_7876,Workstation,Finance,0,3,5,4,2181174.1469667847,125760.03911339148,0,1
AST-007877,Asset_7877,Workstation,Operations,0,1,2,2,1415242.3216450885,175356.60753764294,1,0
AST-007878,Asset_7878,Database,Engineering,0,1,1,2,1479690.1240282385,182515.611855851,1,1
AST-007879,Asset_7879,Workstation,Finance,1,2,1,3,3586163.4920047857,208820.11386630888,17,3
AST-007880,Asset_7880,Server,Sales,1,1,2,2,1461435.1439600163,70004.2409182455,14,2
AST-007881,Asset_7881,Server,Finance,0,1,2,2,711071.3263138465,58908.07449399495,1,0
AST-007882,Asset_7882,Workstation,Sales,0,2,1,2,1775347.6865374313,132589.975934271,1,1
AST-007883,Asset_7883,Workstation,HR,0,2,2,3,2912796.86128115,284010.0539360236,3,0
AST-007884,Asset_7884,Network_Device,Finance,0,4,4,4,7471654.246361995,248120.48242079397,0,1
AST-007885,Asset_7885,Server,Sales,1,2,3,3,3674586.900430986,256612.30781921902,14,3
AST-007886,Asset_7886,Network_Device,Engineering,0,2,2,3,2077558.4221263246,182659.49810973054,0,0
AST-007887,Asset_7887,Server,HR,0,1,3,2,1746009.9645806877,141428.23287700413,0,1
AST-007888,Asset_7888,Database,Finance,0,2,1,1,2533863.694027949,61099.89807878668,3,1
AST-007889,Asset_7889,Database,Operations,0,2,1,2,2393028.3190666307,123565.47491401568,3,0
AST-007890,Asset_7890,Workstation,Sales,0,4,1,2,4105322.821526361,153065.01670267095,1,1
AST-007891,Asset_7891,Server,Operations,0,1,1,2,1517304.1912464504,91323.98980409883,0,1
AST-007892,Asset_7892,Workstation,Finance,0,2,4,2,2798792.83947788,182719.58498468873,3,0
AST-007893,Asset_7893,Network_Device,Sales,0,2,1,1,2123991.506613657,87714.3563625474,4,0
AST-007894,Asset_7894,Workstation,Finance,0,3,2,3,4932771.842112597,225834.85001074855,1,0
AST-007895,Asset_7895,Workstation,HR,0,5,2,3,5345091.105977857,230725.07193673964,1,0
AST-007896,Asset_7896,Network_Device,HR,0,1,2,2,1376580.941524122,94383.34551739441,2,0
AST-007897,Asset_7897,Workstation,Finance,1,2,2,2,2177148.73026966,169854.7656210822,13,2
AST-007898,Asset_7898,Workstation,Finance,0,3,2,2,2025944.996833143,187869.71604409782,2,0
AST-007899,Asset_7899,Server,Marketing,1,4,2,3,2967166.2539417623,244690.12406525644,13,2
AST-007900,Asset_7900,Network_Device,Finance,0,2,4,2,2970216.616928069,43944.12274598948,4,0
AST-007901,Asset_7901,Workstation,Finance,0,1,1,1,1716835.0837883884,80795.97295438229,2,0
AST-007902,Asset_7902,Server,Operations,0,1,1,2,1202694.4467481542,103622.86888352656,2,3
AST-007903,Asset_7903,Server,Operations,0,2,2,2,1976761.5733771143,129565.91178273631,2,1
AST-007904,Asset_7904,Network_Device,HR,1,2,1,2,2009492.444042468,198408.79246722034,15,3
AST-007905,Asset_7905,Server,Operations,0,1,2,1,1396470.9448115136,42341.9328514666,1,1
AST-007906,Asset_7906,Cloud_Storage,Finance,0,1,5,3,1201534.1703369282,124102.66397897403,3,1
AST-007907,Asset_7907,Server,Engineering,1,2,3,3,1002216.1165720737,101045.9045534009,19,1
AST-007908,Asset_7908,Workstation,Finance,0,5,4,5,8286039.810446788,107205.40412939092,2,0
AST-007909,Asset_7909,Database,Marketing,0,4,1,4,2853907.626948562,100542.52246467667,1,1
AST-007910,Asset_7910,Workstation,Sales,0,2,1,2,3024430.2447849335,112568.41828293819,3,1
AST-007911,Asset_7911,Network_Device,HR,0,3,3,2,3048962.6028520064,183763.96883738192,1,3
AST-007912,Asset_7912,Workstation,Operations,0,1,3,3,1367003.879398511,248672.80222252267,3,0
AST-007913,Asset_7913,Workstation,Engineering,0,2,2,1,3565352.1294602365,26424.286615565525,1,1
AST-007914,Asset_7914,Server,Sales,1,1,4,2,731408.8951119282,121104.2262254169,9,2
AST-007915,Asset_7915,Server,Engineering,1,3,5,4,4999358.431665879,344892.8709519267,15,3
AST-007916,Asset_7916,Server,HR,0,5,2,4,2787313.3733859747,234217.49122201887,1,0
AST-007917,Asset_7917,Workstation,Operations,0,4,1,2,7528211.483956528,184057.7818400898,2,0
AST-007918,Asset_7918,Server,Marketing,0,2,2,2,1604759.5937543507,183419.2927508288,1,1
AST-007919,Asset_7919,Server,HR,0,3,5,5,5074861.624889431,206709.81328758862,3,0
AST-007920,Asset_7920,Workstation,Engineering,0,4,1,3,2403322.9594293768,265960.9846859707,3,0
AST-007921,Asset_7921,Workstation,Engineering,1,1,2,2,990572.6313287778,125320.84468220554,13,5
AST-007922,Asset_7922,Workstation,HR,1,3,2,2,4350963.27863921,106372.33565765015,14,5
AST-007923,Asset_7923,Server,Finance,0,1,1,1,1488237.0101790277,79683.87473177923,3,0
AST-007924,Asset_7924,Server,HR,0,4,2,3,6192857.559918044,243196.5246658873,0,0
AST-007925,Asset_7925,Cloud_Storage,Operations,0,1,1,1,1026288.6128300339,70788.0125488776,3,0
AST-007926,Asset_7926,Server,Operations,0,1,4,2,1499012.3418311938,165960.8787360536,1,0
AST-007927,Asset_7927,Network_Device,Marketing,0,3,3,3,3428256.4586821427,286884.4563361007,2,0
AST-007928,Asset_7928,Network_Device,HR,0,1,3,2,1348879.882620114,177155.74166711717,1,1
AST-007929,Asset_7929,Workstation,Sales,0,1,1,1,1320839.7347026062,16682.794379792507,0,2
AST-007930,Asset_7930,Server,Operations,0,2,1,2,1504419.5984850891,173005.21582555643,0,0
AST-007931,Asset_7931,Network_Device,Operations,0,3,4,4,5309692.168502039,321349.9690955501,3,1
AST-007932,Asset_7932,Workstation,Operations,1,1,1,1,1800711.717663394,93406.725452575,17,0
AST-007933,Asset_7933,Workstation,Finance,0,3,1,1,2416764.122654769,76561.20611094532,0,0
AST-007934,Asset_7934,Database,Sales,0,3,1,3,3374400.693056441,267020.4496625186,1,0
AST-007935,Asset_7935,Server,HR,0,2,2,1,2394627.3112179013,10919.688560622895,2,0
AST-007936,Asset_7936,Server,Finance,0,2,1,1,2646766.050373871,98002.47918992463,3,0
AST-007937,Asset_7937,Workstation,Operations,1,1,2,2,533408.9076112284,54363.13473088787,17,5
AST-007938,Asset_7938,Workstation,Sales,0,1,3,2,1638222.7018781074,175561.31997715603,0,0
AST-007939,Asset_7939,Database,Sales,1,1,2,1,1792937.4611365427,93664.95695922343,23,4
AST-007940,Asset_7940,Workstation,Finance,0,1,4,3,713290.8166698372,30600.32703036363,3,2
AST-007941,Asset_7941,Database,Operations,0,1,1,1,1844943.4276574925,92231.02816012537,1,1
AST-007942,Asset_7942,Workstation,Finance,0,1,2,1,1776368.3246154354,84629.06946242649,3,1
AST-007943,Asset_7943,Cloud_Storage,Engineering,0,3,1,2,3940155.3749868367,186034.27620702915,2,0
AST-007944,Asset_7944,Server,Operations,0,2,4,3,1824195.130186948,77758.22234867333,3,1
AST-007945,Asset_7945,Database,Finance,1,4,4,4,3244938.045682107,319878.7360428442,6,3
AST-007946,Asset_7946,Server,HR,0,1,1,1,1233688.1642935579,53873.72692790572,1,1
AST-007947,Asset_7947,Workstation,Operations,0,1,1,1,1260806.2191659622,33192.013149976636,2,0
AST-007948,Asset_7948,Workstation,Marketing,0,2,1,1,2955605.036339431,78055.42635656908,2,0
AST-007949,Asset_7949,Cloud_Storage,Operations,0,1,4,3,1702456.182188496,157778.3711193018,3,0
AST-007950,Asset_7950,Server,Engineering,0,3,2,3,5705249.4148420375,272968.8656341793,2,1
AST-007951,Asset_7951,Cloud_Storage,Finance,0,2,4,3,3388842.681589559,221897.50589745835,6,1
AST-007952,Asset_7952,Server,Marketing,0,2,1,2,3727135.9676083117,45046.16893285356,5,1
AST-007953,Asset_7953,Workstation,Engineering,0,1,2,1,1249052.7491300455,32568.712380175813,2,0
AST-007954,Asset_7954,Server,HR,1,1,2,1,558326.8908785097,33808.01772739475,23,6
AST-007955,Asset_7955,Network_Device,Operations,1,2,4,3,1155490.541519873,122893.5243682567,10,2
AST-007956,Asset_7956,Workstation,Marketing,0,1,1,1,902731.2884972459,69980.53863204498,5,0
AST-007957,Asset_7957,Workstation,Finance,1,1,1,1,1420979.3254324342,90489.9307378833,16,2
AST-007958,Asset_7958,Network_Device,Finance,1,2,4,4,2005672.4501403975,253732.09255387253,12,2
AST-007959,Asset_7959,Server,HR,0,1,1,2,749215.556892209,155324.30809378834,1,0
AST-007960,Asset_7960,Server,Engineering,0,3,2,2,5327227.9352055965,77011.9213935652,2,0
AST-007961,Asset_7961,Network_Device,Marketing,0,1,2,1,1977492.157854382,57021.83253036438,2,0
AST-007962,Asset_7962,Database,HR,0,1,1,1,524962.2900411818,55371.37092499647,2,0
AST-007963,Asset_7963,Server,Engineering,1,1,1,1,634136.1385855258,73095.38421754904,16,3
AST-007964,Asset_7964,Workstation,Sales,1,1,3,3,1249008.1331927753,169848.9149700097,18,2
AST-007965,Asset_7965,Workstation,Sales,1,1,1,2,1006500.8717491835,80165.65351498943,11,6
AST-007966,Asset_7966,Server,Engineering,0,1,1,2,1673226.8215879807,63903.33251342169,1,2
AST-007967,Asset_7967,Server,Finance,0,1,3,2,1481453.3059555045,65847.07079722217,1,1
AST-007968,Asset_7968,Server,Finance,0,1,5,3,602765.5482880522,294838.7953774342,4,0
AST-007969,Asset_7969,Workstation,Sales,0,3,3,4,3951974.448923566,168691.53523746374,2,0
AST-007970,Asset_7970,Network_Device,Finance,0,3,3,4,3014396.453226288,330377.4749249674,0,1
AST-007971,Asset_7971,Cloud_Storage,Finance,0,1,4,3,1947668.9349588053,49268.928557349944,2,0
AST-007972,Asset_7972,Workstation,Engineering,0,1,3,3,1212918.573247388,54206.371856997466,1,0
AST-007973,Asset_7973,Server,Operations,0,2,5,4,3782991.1279489086,287014.4148855891,2,1
AST-007974,Asset_7974,Cloud_Storage,Engineering,1,3,3,3,1635785.6574335736,153446.46188767737,9,4
AST-007975,Asset_7975,Workstation,Finance,0,5,2,3,3274559.998225628,267733.1908087891,2,1
AST-007976,Asset_7976,Server,Engineering,1,1,2,1,1079403.556916507,87599.82468541003,14,5
AST-007977,Asset_7977,Cloud_Storage,Marketing,1,2,4,4,3660870.1175667187,312036.6066690667,17,1
AST-007978,Asset_7978,Workstation,Sales,1,3,2,2,3950718.3574360586,166756.91983133624,14,5
AST-007979,Asset_7979,Workstation,Operations,1,3,3,3,5208632.361970008,265036.10136406694,20,2
AST-007980,Asset_7980,Workstation,Marketing,0,1,1,1,925294.4503922912,80521.79945043747,1,1
AST-007981,Asset_7981,Server,Marketing,0,2,4,3,1334482.9089279228,172260.90748267237,1,1
AST-007982,Asset_7982,Server,Finance,1,1,2,2,869058.2311279941,67654.37665951246,15,3
AST-007983,Asset_7983,Workstation,Finance,1,1,1,1,1467955.1166766179,80864.41070464325,18,2
AST-007984,Asset_7984,Server,Marketing,0,2,3,2,3614251.2976439507,77187.48878204958,1,0
AST-007985,Asset_7985,Workstation,Marketing,1,1,1,1,1182498.9922765242,32033.619509326367,16,3
AST-007986,Asset_7986,Workstation,HR,0,3,1,2,2371269.885380281,50900.17131485364,0,1
AST-007987,Asset_7987,Workstation,HR,0,3,1,2,4369254.206603366,132893.93490627714,3,0
AST-007988,Asset_7988,Workstation,Sales,0,3,1,2,2386202.8705285373,63646.2157346549,1,1
AST-007989,Asset_7989,Workstation,Marketing,0,1,1,1,1355431.5533875232,43734.487325142414,2,0
AST-007990,Asset_7990,Network_Device,Engineering,0,1,2,1,653437.5840288438,73815.66993901398,2,1
AST-007991,Asset_7991,Workstation,Operations,0,1,4,2,1716702.602211084,162889.26650180915,2,1
AST-007992,Asset_7992,Server,HR,0,2,2,2,3415499.9700952126,76657.63958380143,2,1
AST-007993,Asset_7993,Server,Finance,1,2,2,3,2623766.4941189536,257556.02442133165,19,1
AST-007994,Asset_7994,Database,Marketing,0,1,3,2,557273.9093274602,30432.212543451278,1,1
AST-007995,Asset_7995,Server,Engineering,0,2,1,1,1840556.2483965792,98728.55163466999,2,0
AST-007996,Asset_7996,Server,Operations,0,2,2,2,1414854.5537921549,95037.7636942888,1,0
AST-007997,Asset_7997,Server,Engineering,0,1,1,2,1285183.7571019286,78479.33897826751,2,0
AST-007998,Asset_7998,Workstation,Engineering,0,2,2,2,1305202.9068127961,186261.63430217834,2,1
AST-007999,Asset_7999,Cloud_Storage,Finance,0,2,1,1,3609179.5178591274,21915.012299283182,1,2
AST-008000,Asset_8000,Server,HR,1,3,5,4,5325739.29769753,168807.53646368318,16,1
AST-008001,Asset_8001,Workstation,Engineering,0,2,1,2,1468294.2245069635,84602.20123975404,1,0
AST-008002,Asset_8002,Workstation,Operations,0,1,2,1,1542332.0525103477,48192.55286200537,1,1
AST-008003,Asset_8003,Server,HR,1,2,1,1,3089509.864862645,86350.51694207091,17,4
AST-008004,Asset_8004,Cloud_Storage,Sales,1,3,2,2,3285394.782316973,172888.66713069013,15,3
AST-008005,Asset_8005,Workstation,Finance,0,1,2,2,729498.6378697385,126494.7134134305,2,0
AST-008006,Asset_8006,Database,HR,0,3,1,2,2094484.7501557483,198516.5771729251,1,0
AST-008007,Asset_8007,Workstation,HR,0,1,1,1,1609213.9272263485,85974.47005722359,1,2
AST-008008,Asset_8008,Server,Engineering,0,2,1,2,1660532.241571229,142592.46679404104,4,0
AST-008009,Asset_8009,Workstation,Operations,0,4,3,4,5620722.547069574,111805.03209987466,3,0
AST-008010,Asset_8010,Server,Engineering,1,2,1,1,3597644.8496148847,59475.76649830918,15,4
AST-008011,Asset_8011,Network_Device,Operations,0,2,3,2,2779298.3146010414,58503.213198926016,0,0
AST-008012,Asset_8012,Workstation,Finance,0,1,2,1,1960943.5116475238,37149.06096906421,5,2
AST-008013,Asset_8013,Workstation,HR,0,1,1,1,1468252.8392431838,71727.74268768716,4,0
AST-008014,Asset_8014,Server,Marketing,1,2,1,1,1943809.3402936205,26597.774241918316,23,3
AST-008015,Asset_8015,Workstation,Operations,0,2,4,3,3557401.9952979824,54527.065463038525,3,0
AST-008016,Asset_8016,Workstation,Operations,0,1,2,2,966368.5569051416,115678.2066492214,1,0
AST-008017,Asset_8017,Workstation,Engineering,0,4,1,2,7829422.277131498,20171.262641594352,2,0
AST-008018,Asset_8018,Workstation,Engineering,0,1,3,2,1216597.9175911704,129604.76268160237,3,0
AST-008019,Asset_8019,Workstation,Sales,1,2,3,3,3859741.2047868446,273362.2269245242,21,0
AST-008020,Asset_8020,Network_Device,Operations,0,2,1,1,1550794.711364417,27121.841997699787,3,0
AST-008021,Asset_8021,Workstation,Finance,0,2,2,3,1034195.5156887978,133347.66460270833,0,0
AST-008022,Asset_8022,Network_Device,HR,0,2,1,2,1588393.8878759649,184945.96911892985,3,0
AST-008023,Asset_8023,Network_Device,HR,1,1,1,1,647552.552130302,73348.40621967163,11,4
AST-008024,Asset_8024,Workstation,HR,0,4,1,2,6403736.134419473,44356.469179641506,4,0
AST-008025,Asset_8025,Server,Operations,1,2,3,3,1793636.965532404,133138.5210659409,12,3
AST-008026,Asset_8026,Workstation,Engineering,0,2,2,2,2918422.5683688093,156079.13263500275,2,0
AST-008027,Asset_8027,Network_Device,Finance,0,2,2,2,3005971.120505837,139660.00510464417,2,1
AST-008028,Asset_8028,Server,HR,0,1,1,1,1532368.0106199044,24009.277233672117,2,0
AST-008029,Asset_8029,Workstation,Operations,0,3,2,2,5246736.545682391,31246.775035116498,0,0
AST-008030,Asset_8030,Network_Device,Marketing,1,2,1,2,1446897.56317722,142699.66638644866,27,1
AST-008031,Asset_8031,Database,Sales,1,2,2,3,1151392.0943382587,194436.15111722783,7,4
AST-008032,Asset_8032,Workstation,Sales,0,3,1,1,1633673.089668762,15340.84337726047,1,1
AST-008033,Asset_8033,Server,HR,0,4,3,3,2622740.022983991,293199.2107169015,1,0
AST-008034,Asset_8034,Server,Engineering,0,1,1,1,1068778.3039072081,32719.47139123778,3,0
AST-008035,Asset_8035,Workstation,Sales,1,3,2,3,5853191.7240648195,134226.35813364584,24,3
AST-008036,Asset_8036,Server,Sales,0,1,2,2,1029837.6466813082,51967.5480634646,0,0
AST-008037,Asset_8037,Server,Sales,0,2,3,2,2358768.787309967,169133.99063721625,2,1
AST-008038,Asset_8038,Network_Device,Sales,0,1,3,2,1721595.0801407525,193262.27752247834,1,0
AST-008039,Asset_8039,Database,HR,0,1,1,2,1877897.0291293145,58395.02120534244,2,0
AST-008040,Asset_8040,Cloud_Storage,Operations,1,1,2,1,1957162.254743305,35485.217565677165,10,3
AST-008041,Asset_8041,Cloud_Storage,Finance,1,1,1,1,1739676.8370025621,73586.43869359046,20,2
AST-008042,Asset_8042,Server,Finance,0,1,1,1,1253774.0870719492,57510.02741967418,2,1
AST-008043,Asset_8043,Server,Engineering,0,2,4,3,1688429.3435077462,58368.22166473836,1,2
AST-008044,Asset_8044,Workstation,Operations,0,1,1,1,1397550.434227419,93575.73672228778,2,0
AST-008045,Asset_8045,Workstation,Marketing,1,3,1,1,2385577.710406835,65003.599808399464,18,2
AST-008046,Asset_8046,Server,Finance,0,1,1,1,583587.0983738175,37113.1758904522,2,0
AST-008047,Asset_8047,Workstation,Marketing,0,1,2,2,1879030.9027139961,108164.56322323733,2,0
AST-008048,Asset_8048,Server,Finance,0,2,4,3,2454370.91774815,165066.64993207972,1,0
AST-008049,Asset_8049,Network_Device,Finance,0,1,1,1,1262360.335830705,57287.59864448406,1,0
AST-008050,Asset_8050,Server,Engineering,0,1,2,2,1413828.5390958362,109515.02564977079,4,1
AST-008051,Asset_8051,Server,Sales,0,5,2,3,5885564.1807925515,181684.17832348024,1,0
AST-008052,Asset_8052,Server,Engineering,1,1,1,1,1166645.6973518296,45401.74305031485,22,3
AST-008053,Asset_8053,Cloud_Storage,Finance,0,3,2,2,5618153.929039933,46309.28513177656,0,0
AST-008054,Asset_8054,Workstation,Operations,0,1,2,1,1724819.1934400927,69812.4798283824,1,0
AST-008055,Asset_8055,Network_Device,Sales,0,4,1,2,3275553.1907045357,162647.5695053979,2,0
AST-008056,Asset_8056,Database,Operations,0,1,4,2,937666.4438308394,171383.27656742043,1,3
AST-008057,Asset_8057,Database,Operations,0,4,1,2,5963735.840776122,23951.379037317478,2,1
AST-008058,Asset_8058,Server,Operations,0,1,1,1,1356637.878530698,46416.279719921054,1,0
AST-008059,Asset_8059,Workstation,Sales,0,1,5,3,1649239.0306564756,294178.3253223706,2,1
AST-008060,Asset_8060,Workstation,Operations,0,2,3,3,3182897.8641564585,46892.03668872968,3,0
AST-008061,Asset_8061,Workstation,Sales,0,2,3,3,3125641.6373386313,242099.60545818898,5,0
AST-008062,Asset_8062,Server,Marketing,0,1,2,1,1820326.8663207744,21350.16558168064,1,0
AST-008063,Asset_8063,Cloud_Storage,Finance,1,1,2,1,1649829.6413229739,84217.52446227237,12,2
AST-008064,Asset_8064,Server,HR,0,3,2,3,2592813.2484292653,211499.75072632433,2,0
AST-008065,Asset_8065,Cloud_Storage,Operations,0,1,1,1,1809255.7985303183,75252.97794604332,2,0
AST-008066,Asset_8066,Server,Engineering,0,2,3,3,2006596.6154032038,293876.71040651837,1,1
AST-008067,Asset_8067,Workstation,Marketing,0,2,2,2,3732683.453404218,189107.08095924035,2,0
AST-008068,Asset_8068,Database,Engineering,1,2,5,3,3472809.8941533603,112180.30025128715,21,3
AST-008069,Asset_8069,Workstation,HR,0,1,2,1,611128.0843341155,43769.486742816254,2,1
AST-008070,Asset_8070,Workstation,Sales,1,2,1,2,3313841.843797925,93292.70873411893,13,4
AST-008071,Asset_8071,Workstation,HR,0,1,2,1,1250171.1706881027,26251.73979049443,5,1
AST-008072,Asset_8072,Workstation,Engineering,1,1,1,1,1965669.1373786943,44302.139424814064,9,2
AST-008073,Asset_8073,Workstation,HR,1,2,3,3,2375256.8080270565,294336.7142663623,19,1
AST-008074,Asset_8074,Workstation,Finance,0,4,2,4,2402046.486336815,216242.69289327096,3,0
AST-008075,Asset_8075,Network_Device,HR,1,1,1,1,939704.8446091816,95734.07999391515,12,4
AST-008076,Asset_8076,Server,Operations,0,1,5,2,1145314.135977595,32862.434413582436,1,0
AST-008077,Asset_8077,Workstation,Finance,1,2,4,3,2775753.0339712054,40607.091839205954,12,1
AST-008078,Asset_8078,Workstation,Operations,1,1,5,3,728158.6759550712,185339.1360789666,13,10
AST-008079,Asset_8079,Database,HR,1,2,1,1,2545247.881805596,76262.84121600293,21,2
AST-008080,Asset_8080,Workstation,Finance,0,5,3,4,6126046.015672535,118285.24431814358,0,1
AST-008081,Asset_8081,Database,Finance,1,5,4,4,8774969.183784585,221209.05588748204,7,7
AST-008082,Asset_8082,Server,HR,0,1,2,1,953604.366222961,88564.64501332342,3,1
AST-008083,Asset_8083,Server,Marketing,0,2,1,1,2348552.331921677,78555.20044040204,2,2
AST-008084,Asset_8084,Server,Sales,0,4,3,4,4331675.981897758,123453.01045581097,0,1
AST-008085,Asset_8085,Workstation,Sales,1,1,4,4,1448347.0561386817,160409.70950664306,16,3
AST-008086,Asset_8086,Workstation,Sales,0,2,3,2,3508566.954015315,75042.42825707502,2,2
AST-008087,Asset_8087,Cloud_Storage,Finance,0,1,1,2,1513436.1986572733,149511.24224075113,4,0
AST-008088,Asset_8088,Workstation,Sales,0,1,1,1,1197573.4935740468,97136.3032949582,1,2
AST-008089,Asset_8089,Server,Finance,0,5,2,3,7283722.712888241,105621.17973950463,1,0
AST-008090,Asset_8090,Network_Device,Marketing,1,3,2,3,2950097.830405431,188841.1402779732,12,8
AST-008091,Asset_8091,Network_Device,HR,1,1,2,1,716149.7626453493,98970.26533596897,11,1
AST-008092,Asset_8092,Workstation,HR,0,3,1,2,2938730.660014381,48364.2998261442,2,0
AST-008093,Asset_8093,Workstation,Finance,0,2,1,2,2331068.697800359,138634.81672131317,1,1
AST-008094,Asset_8094,Cloud_Storage,Finance,0,4,1,3,4635589.5980159715,119636.78622938317,2,0
AST-008095,Asset_8095,Workstation,Marketing,0,1,1,1,1606401.8637160456,99250.170207081,2,1
AST-008096,Asset_8096,Cloud_Storage,Sales,0,1,2,2,1904518.0413685914,39578.84390276301,1,1
AST-008097,Asset_8097,Server,Marketing,0,1,1,1,1083439.103885399,50613.09553383349,0,1
AST-008098,Asset_8098,Server,HR,0,2,2,1,1259345.5563193203,32947.60266518872,0,0
AST-008099,Asset_8099,Workstation,HR,0,1,3,1,550119.7772281484,12851.410738296478,1,1
AST-008100,Asset_8100,Workstation,Operations,0,1,1,1,505929.1557473957,96723.74544072681,3,2
AST-008101,Asset_8101,Network_Device,Sales,0,5,4,4,9535751.13809737,244541.87473284153,5,0
AST-008102,Asset_8102,Cloud_Storage,HR,0,4,3,4,7973800.108050614,292283.37628186116,6,0
AST-008103,Asset_8103,Database,Operations,0,2,2,1,1154152.2326690215,65824.74499576358,1,0
AST-008104,Asset_8104,Server,Finance,1,4,4,5,4149252.223559838,116813.12296905839,19,3
AST-008105,Asset_8105,Network_Device,HR,0,4,1,2,6016070.823772018,50700.87269163702,1,1
AST-008106,Asset_8106,Workstation,Engineering,0,2,2,2,1536836.1974250283,132760.1941949229,4,2
AST-008107,Asset_8107,Server,Sales,0,2,1,1,2783311.5646156827,80182.85645842995,4,0
AST-008108,Asset_8108,Workstation,Operations,1,4,2,3,6881704.159037279,194988.9545482905,14,5
AST-008109,Asset_8109,Workstation,Sales,1,2,2,2,3574259.289134341,122667.29724435914,7,5
AST-008110,Asset_8110,Workstation,Sales,1,1,2,1,1559631.0157428714,77136.60865667343,10,4
AST-008111,Asset_8111,Workstation,Engineering,0,1,1,1,622646.2659233444,31924.752137513864,0,0
AST-008112,Asset_8112,Database,Marketing,0,2,1,1,2045187.3537294504,75848.15343664149,3,1
AST-008113,Asset_8113,Cloud_Storage,Finance,1,4,2,3,7804056.660626599,141029.52014698822,12,0
AST-008114,Asset_8114,Workstation,Sales,0,2,1,2,1578265.189725215,141329.01671674076,0,0
AST-008115,Asset_8115,Workstation,HR,1,4,3,3,4723556.441428525,104173.496330567,18,2
AST-008116,Asset_8116,Server,Finance,0,3,2,2,3003796.205951193,44743.691225583236,2,0
AST-008117,Asset_8117,Workstation,HR,0,1,1,1,808307.4270394396,12624.311470825396,1,1
AST-008118,Asset_8118,Server,Finance,1,3,1,3,2955912.39398434,246938.03628826304,24,3
AST-008119,Asset_8119,Server,Finance,0,1,1,1,784278.0107508298,27727.22964183973,0,0
AST-008120,Asset_8120,Workstation,Operations,0,2,2,2,3631760.0623349394,85423.5830240937,8,2
AST-008121,Asset_8121,Server,HR,0,3,5,4,2284994.7768690814,316787.7750734914,4,1
AST-008122,Asset_8122,Workstation,HR,1,2,1,2,2870632.5051839976,101032.74833911109,18,3
AST-008123,Asset_8123,Server,Finance,0,3,3,2,5740420.257649925,59158.80538510303,2,0
AST-008124,Asset_8124,Workstation,Sales,0,1,4,3,1928968.56144181,82585.84880682183,3,0
AST-008125,Asset_8125,Server,HR,0,3,1,2,4201911.006195269,93428.36248165616,3,0
AST-008126,Asset_8126,Server,Engineering,1,1,4,3,906343.8849034546,182597.61880473263,16,2
AST-008127,Asset_8127,Server,Engineering,1,2,2,2,1743693.4339530892,90623.30546377433,17,2
AST-008128,Asset_8128,Cloud_Storage,Finance,0,2,5,3,3242412.0382955507,274233.7850392612,2,0
AST-008129,Asset_8129,Network_Device,Marketing,0,2,2,2,3942121.974361251,20690.12545641944,3,2
AST-008130,Asset_8130,Server,Finance,0,1,1,1,616392.4684267744,46181.04430292181,0,1
AST-008131,Asset_8131,Workstation,Finance,0,1,5,2,1684202.8720481494,153710.2773586848,5,1
AST-008132,Asset_8132,Workstation,Sales,1,2,1,1,1368956.13869539,90180.20054205552,11,3
AST-008133,Asset_8133,Cloud_Storage,Sales,0,2,4,4,1894556.0412913864,169024.6543337457,4,0
AST-008134,Asset_8134,Database,Operations,0,2,1,1,2699870.955941775,70623.02164350351,1,0
AST-008135,Asset_8135,Workstation,Marketing,0,2,2,2,1891674.0919693916,124462.77554330716,0,1
AST-008136,Asset_8136,Server,Marketing,0,4,2,1,5901567.049680376,28137.921988344475,3,0
AST-008137,Asset_8137,Database,Marketing,0,4,5,5,4503175.2477289345,356424.95765681,1,0
AST-008138,Asset_8138,Cloud_Storage,Marketing,0,1,1,1,828670.5996017309,32460.814716985242,0,0
AST-008139,Asset_8139,Workstation,Marketing,1,1,2,2,1296396.1217816265,161103.38002832353,13,4
AST-008140,Asset_8140,Server,Finance,0,2,2,2,1072029.205475084,175862.21513019165,0,1
AST-008141,Asset_8141,Server,Finance,0,1,5,2,1611617.5248685386,106116.01345067615,2,0
AST-008142,Asset_8142,Workstation,Operations,0,1,1,1,1283433.2991583047,14871.213220057547,3,0
AST-008143,Asset_8143,Workstation,Engineering,1,1,1,1,1920050.476992422,76361.73030623698,15,2
AST-008144,Asset_8144,Database,Engineering,0,1,2,2,654184.2038299858,104098.72912523853,4,1
AST-008145,Asset_8145,Cloud_Storage,Operations,1,2,1,1,3196876.71468533,18506.730706367343,18,4
AST-008146,Asset_8146,Server,Operations,1,1,3,2,951425.590930814,79604.66379286745,17,4
AST-008147,Asset_8147,Database,HR,1,1,1,1,1059723.025016996,36157.703487381135,12,1
AST-008148,Asset_8148,Cloud_Storage,Finance,0,4,3,4,4090920.333724458,301489.3834866029,2,0
AST-008149,Asset_8149,Database,Marketing,0,4,2,3,4148131.507152964,144498.0103173288,1,1
AST-008150,Asset_8150,Server,HR,0,4,1,2,4585009.718462638,125668.58588300452,2,1
AST-008151,Asset_8151,Workstation,Sales,0,1,2,2,531507.2763782965,110197.75014144034,4,1
AST-008152,Asset_8152,Network_Device,Finance,1,1,3,1,1770136.0349943035,75183.12354152926,13,2
AST-008153,Asset_8153,Server,Operations,0,1,2,1,1822693.9140079338,74624.57611695328,3,0
AST-008154,Asset_8154,Cloud_Storage,Engineering,0,1,1,1,559334.8023942108,50391.084918302484,1,0
AST-008155,Asset_8155,Workstation,Finance,0,1,1,1,1664004.7903862738,22152.99986181985,0,0
AST-008156,Asset_8156,Server,Operations,1,4,3,3,2433635.6582339844,140126.6159711908,15,4
AST-008157,Asset_8157,Workstation,Finance,0,5,1,3,8558601.987134537,73236.50829521354,0,0
AST-008158,Asset_8158,Database,Finance,0,3,4,4,4258444.748200251,385296.849617928,2,0
AST-008159,Asset_8159,Workstation,Finance,0,3,2,3,2878587.427519746,286538.9064600371,5,2
AST-008160,Asset_8160,Workstation,Sales,1,2,2,2,2841647.796920504,102203.41921140534,23,4
AST-008161,Asset_8161,Cloud_Storage,Engineering,0,3,2,4,3779907.4678903087,49946.03531549322,3,0
AST-008162,Asset_8162,Server,Finance,0,4,2,2,5814528.948870215,87435.86412195153,2,0
AST-008163,Asset_8163,Workstation,Operations,0,2,4,3,2426115.333995761,271675.38233886537,3,0
AST-008164,Asset_8164,Workstation,Sales,1,1,2,1,1659311.887486387,35921.90223221161,14,2
AST-008165,Asset_8165,Database,HR,0,1,1,1,567904.3060876953,65978.18600127404,2,0
AST-008166,Asset_8166,Database,Finance,1,2,2,3,2032846.926083339,79663.05180423669,17,5
AST-008167,Asset_8167,Server,Sales,0,1,2,1,1338930.1221300133,84264.77851163564,2,0
AST-008168,Asset_8168,Workstation,Marketing,0,4,3,4,5529458.1864085635,361083.03551126865,1,0
AST-008169,Asset_8169,Workstation,HR,0,2,4,3,1508634.9609519097,196082.31792815507,3,0
AST-008170,Asset_8170,Server,Engineering,0,2,2,2,1223588.8134932173,132277.24650950893,1,0
AST-008171,Asset_8171,Network_Device,Finance,0,1,1,1,531467.9306853943,44070.4026462805,0,0
AST-008172,Asset_8172,Network_Device,Finance,0,2,2,2,2239040.8742088033,147276.44581169146,3,0
AST-008173,Asset_8173,Workstation,Sales,0,2,4,3,1991161.5300740055,159184.62836298527,0,0
AST-008174,Asset_8174,Server,Engineering,0,3,5,4,4055135.970108162,308375.27245338046,2,0
AST-008175,Asset_8175,Workstation,Marketing,0,1,5,2,1174272.2528558658,194332.1412291951,1,0
AST-008176,Asset_8176,Server,HR,1,5,1,2,5455510.411725627,168027.6555280904,17,1
AST-008177,Asset_8177,Server,Operations,1,2,2,2,3529961.7791358717,113119.62403498287,12,4
AST-008178,Asset_8178,Workstation,Engineering,0,2,1,3,2864548.4467279725,294299.89921646076,4,0
AST-008179,Asset_8179,Server,Finance,0,4,1,2,5876604.382518374,129274.80128631051,1,0
AST-008180,Asset_8180,Server,Sales,1,5,1,3,5363697.863365258,47515.5532818759,11,1
AST-008181,Asset_8181,Server,Marketing,1,1,1,1,1665266.474171371,75733.08613481512,21,2
AST-008182,Asset_8182,Server,Sales,1,3,1,3,2184394.070241724,251416.7753026589,6,2
AST-008183,Asset_8183,Server,HR,0,1,1,2,1103001.0941346432,44271.09307465927,1,0
AST-008184,Asset_8184,Cloud_Storage,Engineering,0,2,1,2,1141521.715205851,142272.19396653227,1,1
AST-008185,Asset_8185,Server,Sales,0,1,1,1,673156.0292971593,92882.49766337735,0,1
AST-008186,Asset_8186,Server,Operations,0,2,3,3,1244577.5686908327,97885.00726576611,0,0
AST-008187,Asset_8187,Server,Operations,0,2,1,2,2324308.3947134595,125301.54959657711,1,0
AST-008188,Asset_8188,Cloud_Storage,Sales,0,2,3,2,3091973.0717619313,69425.89123846541,1,0
AST-008189,Asset_8189,Workstation,Finance,0,2,1,2,1938090.131947959,159393.3346653271,2,1
AST-008190,Asset_8190,Database,Sales,0,2,3,3,1079833.1851711548,186778.21005065957,2,1
AST-008191,Asset_8191,Network_Device,Marketing,0,1,1,1,1560812.588767063,48526.871295073805,1,0
AST-008192,Asset_8192,Database,Engineering,0,3,1,1,2433448.8022555867,12608.919013278726,4,0
AST-008193,Asset_8193,Database,HR,1,2,2,1,3168024.063438538,95031.90531264218,14,7
AST-008194,Asset_8194,Server,Operations,1,2,4,3,1022063.8748844813,164389.60370416252,19,4
AST-008195,Asset_8195,Database,Sales,0,5,1,3,4842565.75883534,247109.57665492687,3,2
AST-008196,Asset_8196,Database,Marketing,1,1,1,2,1431846.1196236308,90541.08402885345,11,2
AST-008197,Asset_8197,Workstation,Operations,0,2,4,3,3613452.311398151,259257.98199330037,2,0
AST-008198,Asset_8198,Server,Operations,0,2,1,2,3262385.3277178793,48807.01107659827,2,0
AST-008199,Asset_8199,Workstation,HR,1,1,1,1,1174429.5799023006,30834.452084634315,16,3
AST-008200,Asset_8200,Server,Operations,0,1,4,2,1577772.2042736707,80010.45127029851,0,0
AST-008201,Asset_8201,Server,Marketing,0,3,3,3,3918936.3327868287,53920.74107756815,1,0
AST-008202,Asset_8202,Workstation,Operations,0,1,1,1,1720093.3340867287,49945.684843035306,0,1
AST-008203,Asset_8203,Cloud_Storage,Operations,0,2,5,3,3316196.6486625928,161199.58499309933,1,0
AST-008204,Asset_8204,Database,Sales,0,2,2,2,3927556.5071407533,40663.99959438728,3,0
AST-008205,Asset_8205,Workstation,Sales,0,2,1,2,1314814.2029281182,96877.76712315554,3,0
AST-008206,Asset_8206,Server,Engineering,0,3,3,3,3033172.0800843695,83269.93368656628,0,0
AST-008207,Asset_8207,Server,Finance,1,4,2,3,3154260.8329093745,266307.17784123344,19,2
AST-008208,Asset_8208,Server,Marketing,0,1,2,2,1446152.1253730524,111672.81633971704,1,0
AST-008209,Asset_8209,Database,Finance,0,3,5,4,4488124.64054933,382707.81122791045,3,1
AST-008210,Asset_8210,Server,Finance,0,3,1,2,2417148.077634725,81457.66883460368,0,0
AST-008211,Asset_8211,Server,Operations,1,1,2,1,1132328.9000435867,40725.56284810757,15,1
AST-008212,Asset_8212,Workstation,HR,1,5,2,3,7016126.669146791,121452.19864071121,13,2
AST-008213,Asset_8213,Server,HR,1,4,1,3,5953719.209796155,102436.81874986671,16,2
AST-008214,Asset_8214,Workstation,Operations,0,1,2,2,653970.4766187818,161162.59074239252,1,1
AST-008215,Asset_8215,Database,Marketing,0,2,2,2,3763218.4840135793,70893.34601445182,3,1
AST-008216,Asset_8216,Workstation,Finance,0,3,4,5,1653374.017664726,179605.94602044113,0,0
AST-008217,Asset_8217,Workstation,Engineering,0,2,4,3,3918827.2106584506,42661.98983971931,2,1
AST-008218,Asset_8218,Database,Finance,0,4,2,3,3897954.921312665,290647.5730244114,2,1
AST-008219,Asset_8219,Server,HR,1,2,1,2,1949036.7181852527,179532.89279246124,14,2
AST-008220,Asset_8220,Workstation,Finance,0,2,2,2,2338077.9864209527,72651.73805165417,4,1
AST-008221,Asset_8221,Network_Device,Sales,1,1,1,1,1542437.5398440652,56869.2133561841,18,1
AST-008222,Asset_8222,Server,Sales,0,2,1,1,1478805.351054456,53447.058671000996,2,1
AST-008223,Asset_8223,Server,Engineering,1,2,2,2,1764954.3399872738,35786.55737463577,16,2
AST-008224,Asset_8224,Network_Device,Marketing,0,3,2,3,5827077.081550837,173423.22746814555,4,0
AST-008225,Asset_8225,Database,Finance,1,2,2,2,3630526.430746773,40398.787440435415,11,1
AST-008226,Asset_8226,Workstation,Sales,0,1,5,3,818587.5271971638,147204.1991882234,3,1
AST-008227,Asset_8227,Database,Marketing,1,1,1,1,1359517.1528512458,17902.385817491544,14,2
AST-008228,Asset_8228,Server,Sales,0,2,1,1,1610805.2515443913,63002.45671184808,3,0
AST-008229,Asset_8229,Workstation,Marketing,0,3,2,2,3975275.6592034246,28821.599070657576,3,0
AST-008230,Asset_8230,Workstation,Marketing,0,3,2,2,3145979.8275577943,133117.15343545255,3,1
AST-008231,Asset_8231,Server,Sales,0,2,1,2,2087274.2196670184,147299.3244688667,4,2
AST-008232,Asset_8232,Workstation,Operations,0,1,1,1,1452604.7776462738,61377.687376990325,2,1
AST-008233,Asset_8233,Workstation,HR,1,1,1,1,877761.2722505764,52254.1027368913,12,3
AST-008234,Asset_8234,Workstation,Marketing,0,1,3,2,1106389.4077923768,30942.687140405375,3,2
AST-008235,Asset_8235,Server,Operations,1,3,4,4,5663664.82231536,44087.177526623556,13,4
AST-008236,Asset_8236,Workstation,Finance,0,1,1,1,1633047.1989875564,40818.83763495767,5,0
AST-008237,Asset_8237,Workstation,Operations,0,2,1,1,2149850.3298471156,79412.71906577179,1,1
AST-008238,Asset_8238,Workstation,Sales,0,2,1,1,1690785.5968649895,68255.01054706333,2,1
AST-008239,Asset_8239,Workstation,Operations,1,5,1,3,7442587.227256702,63825.85480724265,15,3
AST-008240,Asset_8240,Server,HR,0,5,1,3,8557672.642093614,215743.57406499764,1,0
AST-008241,Asset_8241,Workstation,Sales,0,5,1,3,8955735.109668493,185227.20941097056,2,0
AST-008242,Asset_8242,Workstation,Engineering,0,3,2,2,4039265.7594130486,50010.174838221,1,0
AST-008243,Asset_8243,Server,Finance,0,3,1,1,3825599.3565536044,77977.14772791519,1,1
AST-008244,Asset_8244,Workstation,Engineering,0,3,2,3,4738390.805998729,254182.21734436456,2,1
AST-008245,Asset_8245,Database,Operations,0,4,1,2,3054601.002234515,61860.3377012523,5,0
AST-008246,Asset_8246,Workstation,Marketing,0,5,3,3,8891042.01515416,201689.2992080956,4,1
AST-008247,Asset_8247,Server,Operations,0,2,5,3,1221770.5134684695,132095.76966216898,0,1
AST-008248,Asset_8248,Workstation,Marketing,1,2,2,2,2809050.702138842,30522.979673459464,13,1
AST-008249,Asset_8249,Cloud_Storage,Engineering,0,2,1,1,2769080.542236874,87521.7901497649,3,0
AST-008250,Asset_8250,Workstation,Engineering,1,2,1,1,1932106.9455664945,83867.00328655908,20,2
AST-008251,Asset_8251,Cloud_Storage,Marketing,0,3,1,2,1659582.8581403482,77229.65146522796,2,0
AST-008252,Asset_8252,Cloud_Storage,HR,0,4,1,2,6307129.233393226,115670.93002589156,1,0
AST-008253,Asset_8253,Server,Finance,0,2,2,2,1072522.3694559545,112226.53509410875,2,0
AST-008254,Asset_8254,Workstation,Sales,0,1,2,1,769417.5208834854,25971.321823314393,1,0
AST-008255,Asset_8255,Workstation,Engineering,0,5,1,3,6581776.20972853,69331.95526684882,4,0
AST-008256,Asset_8256,Network_Device,Finance,0,1,3,1,1909974.547791401,85984.10878645355,1,0
AST-008257,Asset_8257,Server,Sales,0,1,1,1,598900.263078495,88062.23030569953,1,0
AST-008258,Asset_8258,Cloud_Storage,Operations,0,3,1,2,4104541.213298015,150532.34781814463,3,0
AST-008259,Asset_8259,Workstation,Sales,0,1,2,1,993339.5522637917,16548.897250670194,3,0
AST-008260,Asset_8260,Workstation,Engineering,0,1,1,1,1504126.9571775887,91822.79577163828,2,0
AST-008261,Asset_8261,Server,HR,1,1,2,1,1929363.2236611976,98267.74613724997,14,3
AST-008262,Asset_8262,Server,HR,1,1,5,3,902885.4734835662,239415.76085422153,19,0
AST-008263,Asset_8263,Workstation,Finance,0,2,3,2,3867780.9551454294,83614.28028440413,3,0
AST-008264,Asset_8264,Server,Operations,1,1,1,1,1805939.4513758884,46519.72951176852,14,6
AST-008265,Asset_8265,Network_Device,Finance,1,2,2,1,2821167.747496265,88267.3054101971,15,0
AST-008266,Asset_8266,Server,Marketing,0,1,2,1,1637355.0081327194,35216.749680130204,0,0
AST-008267,Asset_8267,Workstation,HR,0,3,5,4,5391996.0195060875,91068.74000170338,3,0
AST-008268,Asset_8268,Database,Finance,1,1,5,4,1705202.9479372094,336209.54500173475,28,1
AST-008269,Asset_8269,Workstation,Marketing,0,1,1,1,990061.5284655073,27399.929525111467,1,0
AST-008270,Asset_8270,Workstation,Operations,0,1,4,3,1718906.1152623992,274970.95376260317,0,1
AST-008271,Asset_8271,Database,Sales,0,2,1,2,1940556.5236605946,127222.78286289603,1,0
AST-008272,Asset_8272,Server,Finance,1,2,1,1,3601237.8770196894,59983.28671342826,13,4
AST-008273,Asset_8273,Server,Marketing,1,2,1,1,1766398.1519209747,79817.43982601537,14,2
AST-008274,Asset_8274,Workstation,HR,0,5,1,2,6791956.445993092,22963.751877291954,2,0
AST-008275,Asset_8275,Workstation,Sales,1,4,4,4,6157541.8672499675,296874.03871115274,17,2
AST-008276,Asset_8276,Workstation,Finance,0,2,1,2,2277373.6917467145,127728.91179086856,2,0
AST-008277,Asset_8277,Workstation,HR,0,1,3,2,1674458.7429987832,114280.52380945167,4,2
AST-008278,Asset_8278,Workstation,Sales,0,2,5,4,3776067.715069434,118237.40439725912,5,0
AST-008279,Asset_8279,Database,Engineering,1,1,3,2,779379.641100031,169298.20005659587,16,6
AST-008280,Asset_8280,Server,HR,0,3,1,2,1650491.9325155339,65117.05812330851,2,0
AST-008281,Asset_8281,Database,Engineering,0,1,3,2,1439774.6253855969,108159.11752849334,3,1
AST-008282,Asset_8282,Cloud_Storage,Operations,0,3,2,3,4209840.881630357,72681.69340482526,1,2
AST-008283,Asset_8283,Network_Device,Finance,0,4,3,3,4047826.7220995654,292901.7559127005,1,1
AST-008284,Asset_8284,Database,Marketing,0,2,1,1,3356388.9298791206,27507.959588173155,5,0
AST-008285,Asset_8285,Workstation,Finance,0,2,2,3,3478427.646100525,246868.9683853297,1,1
AST-008286,Asset_8286,Network_Device,HR,1,2,3,3,1995957.0409478499,101031.39772400582,17,4
AST-008287,Asset_8287,Workstation,Engineering,0,1,3,2,1523408.7493989486,66087.7827334397,4,0
AST-008288,Asset_8288,Server,Engineering,0,4,5,4,5852150.429899447,191815.74000535635,1,2
AST-008289,Asset_8289,Server,Sales,0,2,1,3,2027932.5242716228,258378.85083913535,3,2
AST-008290,Asset_8290,Workstation,Finance,0,1,1,1,1953722.3848388703,71880.16757315694,2,1
AST-008291,Asset_8291,Cloud_Storage,Finance,0,3,2,3,3058810.1307060113,265341.4079808011,2,0
AST-008292,Asset_8292,Workstation,HR,1,1,1,1,1430426.0349560776,14249.107381492417,15,4
AST-008293,Asset_8293,Server,Engineering,0,1,1,1,1070189.6189649706,96012.34552484054,3,2
AST-008294,Asset_8294,Server,HR,1,2,1,2,1035499.0831126004,33884.641104966984,21,1
AST-008295,Asset_8295,Workstation,HR,1,2,3,3,1274915.4843011682,224687.65506548906,11,2
AST-008296,Asset_8296,Network_Device,Operations,0,2,4,2,1696948.9955857967,57291.16784264666,2,0
AST-008297,Asset_8297,Workstation,Engineering,0,2,1,2,3436504.5601403266,171352.074190711,4,1
AST-008298,Asset_8298,Workstation,HR,0,1,1,1,1163097.2772889119,87612.55277671477,2,0
AST-008299,Asset_8299,Server,Engineering,0,2,1,1,2765870.992826189,59612.47686823052,1,0
AST-008300,Asset_8300,Network_Device,HR,0,1,2,1,1915784.858903801,46258.36473406954,4,3
AST-008301,Asset_8301,Workstation,Marketing,0,5,3,4,3602677.8377316385,325613.6344010461,3,0
AST-008302,Asset_8302,Server,HR,0,1,1,1,1792729.0544383258,88662.82270959721,1,1
AST-008303,Asset_8303,Workstation,HR,1,1,2,1,1068854.011944456,76443.36856065957,20,3
AST-008304,Asset_8304,Server,Marketing,0,4,1,2,4024880.0141775403,183245.01650182638,2,0
AST-008305,Asset_8305,Server,Finance,0,5,5,5,7191462.182017678,331939.21417501406,3,1
AST-008306,Asset_8306,Server,Engineering,0,3,4,4,5543873.47749247,281369.89537599555,1,0
AST-008307,Asset_8307,Server,Sales,0,1,4,2,1022803.8686358456,122935.15308988615,1,1
AST-008308,Asset_8308,Database,Marketing,0,2,1,1,3284224.7235631016,53934.60135068169,4,1
AST-008309,Asset_8309,Workstation,Finance,1,2,2,2,1057726.253576794,137874.9076623078,18,3
AST-008310,Asset_8310,Workstation,HR,1,3,1,2,4303957.255655937,121007.97125823697,10,1
AST-008311,Asset_8311,Workstation,Operations,0,1,2,2,1445838.0042408654,151623.19558246675,1,0
AST-008312,Asset_8312,Server,Finance,0,1,1,1,1334090.7804097761,94081.09474389457,1,0
AST-008313,Asset_8313,Server,Marketing,0,2,3,2,3813467.8727842756,87148.49264245635,0,1
AST-008314,Asset_8314,Workstation,Operations,0,1,2,2,1907886.9199566853,94010.31531857407,2,0
AST-008315,Asset_8315,Database,HR,1,2,2,2,2026182.6304218802,22706.04395377558,10,5
AST-008316,Asset_8316,Server,Finance,1,3,3,3,3553639.1354203974,172299.332293793,15,3
AST-008317,Asset_8317,Network_Device,Sales,0,3,2,3,5065689.976703875,65478.25822648296,3,1
AST-008318,Asset_8318,Workstation,Engineering,0,2,1,2,3531734.202604789,148880.12793467985,2,0
AST-008319,Asset_8319,Network_Device,Engineering,0,4,2,4,4507812.82902145,320651.295279854,2,0
AST-008320,Asset_8320,Workstation,Marketing,0,1,5,3,1023539.8894149716,225139.95299781865,4,0
AST-008321,Asset_8321,Server,HR,0,1,2,1,1730924.794641693,59197.99134782148,0,0
AST-008322,Asset_8322,Workstation,HR,0,2,2,2,2130608.4651859663,116159.11230814323,5,1
AST-008323,Asset_8323,Server,Engineering,0,1,4,3,1107848.2889039363,204569.56402277033,1,1
AST-008324,Asset_8324,Workstation,Finance,0,1,2,2,703295.6466583261,119846.14687927018,2,0
AST-008325,Asset_8325,Server,HR,0,1,5,3,1314423.706312903,232578.5414160501,2,0
AST-008326,Asset_8326,Network_Device,Sales,0,4,1,2,3958688.3927096957,181015.00664247823,4,0
AST-008327,Asset_8327,Server,Sales,0,4,2,2,5543640.3765372755,116503.30884324567,3,0
AST-008328,Asset_8328,Cloud_Storage,HR,0,2,1,1,2344627.202392469,19930.745622585768,3,0
AST-008329,Asset_8329,Network_Device,HR,0,1,2,2,1622204.6941453665,43585.91905025931,1,0
AST-008330,Asset_8330,Workstation,Engineering,1,1,1,2,916659.3083107602,87665.32044086859,10,2
AST-008331,Asset_8331,Workstation,Marketing,0,1,1,2,757999.3382109153,109332.69383047613,1,1
AST-008332,Asset_8332,Workstation,Engineering,1,1,1,1,1554439.641161618,30254.533708516017,9,4
AST-008333,Asset_8333,Network_Device,Marketing,0,1,1,1,1076190.8043202744,50747.518601938755,1,0
AST-008334,Asset_8334,Workstation,Sales,0,2,1,2,2690810.725107697,44432.10504032242,1,1
AST-008335,Asset_8335,Workstation,Marketing,0,2,3,2,3823206.2077034046,63349.40137614068,1,0
AST-008336,Asset_8336,Workstation,Engineering,0,1,1,1,1226140.5424672794,76056.30533046344,4,0
AST-008337,Asset_8337,Cloud_Storage,HR,0,3,2,3,2185764.581610045,296103.9870410912,2,0
AST-008338,Asset_8338,Workstation,Marketing,1,3,1,2,3420165.8093571025,53516.55719794347,17,6
AST-008339,Asset_8339,Workstation,Engineering,0,2,1,2,2435592.927496885,81037.38439625577,3,0
AST-008340,Asset_8340,Workstation,Sales,0,1,4,2,1648967.6163168997,83123.59645313639,2,0
AST-008341,Asset_8341,Network_Device,Operations,0,4,3,4,3171129.5329798227,120397.38867590346,5,0
AST-008342,Asset_8342,Workstation,Marketing,0,2,3,2,2040705.3020300171,56730.25138685535,1,0
AST-008343,Asset_8343,Server,Sales,1,1,2,1,575042.4793465284,21852.490049054173,16,3
AST-008344,Asset_8344,Workstation,Sales,1,2,1,2,3105933.7942246157,183352.6272391168,14,0
AST-008345,Asset_8345,Cloud_Storage,Finance,0,2,1,2,3231797.0316989585,136887.02364651085,0,0
AST-008346,Asset_8346,Workstation,Operations,0,2,2,2,2371574.1064082715,72284.22976439775,0,2
AST-008347,Asset_8347,Network_Device,Marketing,0,2,3,3,2614805.9759929776,99685.50523763367,4,0
AST-008348,Asset_8348,Server,Engineering,1,2,4,3,3249441.514695183,189225.25168360694,9,2
AST-008349,Asset_8349,Workstation,Marketing,0,3,1,2,2707356.4371327166,145500.02803126967,4,0
AST-008350,Asset_8350,Workstation,Marketing,1,2,1,2,2820895.8576712348,65541.5424099227,17,5
AST-008351,Asset_8351,Network_Device,Operations,0,1,1,1,1945879.0215274256,41244.65658300184,4,1
AST-008352,Asset_8352,Server,Sales,1,1,3,3,1486951.7276183048,108465.3269615684,9,0
AST-008353,Asset_8353,Network_Device,Sales,0,1,1,1,617165.2050820459,17893.749788726906,0,0
AST-008354,Asset_8354,Workstation,Sales,0,2,2,2,1870780.2081887177,89575.11927587658,3,2
AST-008355,Asset_8355,Server,Sales,0,1,4,3,1278689.9086449845,174075.01705288148,2,0
AST-008356,Asset_8356,Database,Operations,1,2,3,2,1218012.3000538773,137965.92578018652,19,1
AST-008357,Asset_8357,Server,Engineering,1,1,1,1,1514854.7178219224,47506.30169409522,13,3
AST-008358,Asset_8358,Workstation,HR,1,3,1,2,4443954.896728126,197006.62131733182,12,2
AST-008359,Asset_8359,Server,Finance,1,3,3,3,5443456.607821339,198976.17701600445,8,3
AST-008360,Asset_8360,Server,Sales,0,1,2,2,1249989.182231315,179585.22054282008,1,0
AST-008361,Asset_8361,Network_Device,Sales,1,2,3,3,3076415.649299454,277316.6959137592,21,1
AST-008362,Asset_8362,Server,Finance,1,5,1,3,3865136.5648979507,251777.8282668482,14,3
AST-008363,Asset_8363,Server,Sales,0,1,4,2,504304.5390340298,68597.40481893934,1,0
AST-008364,Asset_8364,Workstation,HR,0,4,3,3,3033523.966161537,146444.81899293204,2,0
AST-008365,Asset_8365,Workstation,Marketing,0,2,4,3,1186643.7949210498,30103.990701794122,1,3
AST-008366,Asset_8366,Workstation,Finance,0,2,1,1,2283154.0745778508,50626.61975373988,4,0
AST-008367,Asset_8367,Workstation,Engineering,1,1,1,1,1202455.005895418,36437.74350013232,18,3
AST-008368,Asset_8368,Workstation,Finance,0,3,1,2,4400127.138793652,40141.29373954066,1,0
AST-008369,Asset_8369,Workstation,HR,0,2,4,3,1422315.5992657319,256418.72004629136,2,1
AST-008370,Asset_8370,Server,Operations,0,3,1,1,2466222.4387328513,70610.21793820536,2,0
AST-008371,Asset_8371,Server,Engineering,0,3,1,2,5092467.731509268,199838.63752271046,2,0
AST-008372,Asset_8372,Workstation,Marketing,0,2,1,2,2729567.4843375646,109709.9196335774,3,0
AST-008373,Asset_8373,Database,Sales,1,1,3,2,544045.3905267328,79527.10447475781,18,4
AST-008374,Asset_8374,Workstation,Finance,0,1,4,3,1772607.0084858807,101229.07668230575,3,0
AST-008375,Asset_8375,Workstation,Engineering,1,1,3,2,1444708.3973366055,98364.99744865127,16,9
AST-008376,Asset_8376,Database,Finance,0,4,2,3,3119834.638618913,113665.48821619233,3,0
AST-008377,Asset_8377,Server,Marketing,1,1,5,3,878098.6118853828,297504.80946715496,15,2
AST-008378,Asset_8378,Server,Finance,0,1,1,1,1330321.120737864,26451.453290537724,0,0
AST-008379,Asset_8379,Workstation,Engineering,0,1,4,3,1341201.7722890037,35165.01763501716,1,2
AST-008380,Asset_8380,Workstation,HR,0,4,2,2,6831131.983642268,43399.90890213897,2,0
AST-008381,Asset_8381,Workstation,Operations,1,2,2,2,2075747.9145200162,180475.81881031583,12,2
AST-008382,Asset_8382,Server,Engineering,0,5,1,3,6619773.599143941,217358.2000081618,1,0
AST-008383,Asset_8383,Workstation,Finance,0,3,1,2,4121420.90324201,161114.99790160527,0,1
AST-008384,Asset_8384,Network_Device,Marketing,1,4,1,3,5352058.506359977,116527.32308971367,17,0
AST-008385,Asset_8385,Server,Sales,0,1,1,2,609358.7680665987,132086.64050912694,2,0
AST-008386,Asset_8386,Workstation,Sales,0,1,2,2,1116879.3116508229,147421.75462308546,3,0
AST-008387,Asset_8387,Cloud_Storage,Marketing,0,1,1,1,1008326.1819339313,39377.45009661009,2,0
AST-008388,Asset_8388,Database,Finance,0,2,1,1,3978333.1547178016,75207.49219835698,1,0
AST-008389,Asset_8389,Workstation,Operations,0,3,4,4,3595598.535694396,266677.1376875925,2,1
AST-008390,Asset_8390,Server,Marketing,0,1,4,2,1152841.8135358193,73322.30005402189,2,1
AST-008391,Asset_8391,Workstation,Finance,1,1,5,3,1225531.3496338392,44271.08899853455,15,4
AST-008392,Asset_8392,Server,Engineering,0,2,2,3,3757847.745908088,94223.50191508421,4,0
AST-008393,Asset_8393,Cloud_Storage,Operations,0,1,3,2,1417180.7819516365,131516.51256676795,2,1
AST-008394,Asset_8394,Workstation,HR,0,2,3,2,2167430.1624641577,127825.51830972603,1,0
AST-008395,Asset_8395,Workstation,Finance,0,1,2,1,1868866.0948260268,55688.42361834271,2,0
AST-008396,Asset_8396,Workstation,Sales,0,2,1,2,3789528.824701188,65265.51827420779,1,1
AST-008397,Asset_8397,Workstation,Sales,1,2,1,2,1792938.2015957865,100016.61365925294,15,3
AST-008398,Asset_8398,Workstation,Operations,1,2,1,1,2180188.2764619514,22963.937790661686,13,3
AST-008399,Asset_8399,Network_Device,HR,1,1,3,2,1949688.0050725213,139228.93029278732,8,3
AST-008400,Asset_8400,Cloud_Storage,Finance,0,1,2,1,1311573.0332933292,88224.40419191214,2,0
AST-008401,Asset_8401,Workstation,HR,1,3,2,3,3442852.849607924,155195.1926497295,17,4
AST-008402,Asset_8402,Cloud_Storage,Engineering,1,3,1,2,2379320.408739902,58339.55838388514,17,1
AST-008403,Asset_8403,Workstation,HR,0,2,1,3,2153316.5192338545,253529.29860873305,1,0
AST-008404,Asset_8404,Workstation,Engineering,0,2,3,3,2893704.1741628386,114531.444645271,4,1
AST-008405,Asset_8405,Workstation,Sales,0,1,2,2,558051.7210857134,126914.17380097219,2,1
AST-008406,Asset_8406,Server,Engineering,0,4,2,3,2499837.72067796,50363.811944418965,3,0
AST-008407,Asset_8407,Server,Finance,1,3,1,2,1524193.8226069217,149228.73996133404,19,2
AST-008408,Asset_8408,Server,Operations,0,2,2,1,1656782.0035707415,51460.45344377611,2,1
AST-008409,Asset_8409,Workstation,Operations,0,4,5,5,3097956.793196112,240506.87995552598,3,2
AST-008410,Asset_8410,Database,Finance,0,1,4,3,1776211.5214437754,282405.8469434838,4,2
AST-008411,Asset_8411,Workstation,Finance,0,2,1,2,1555714.0678354127,108468.11773852416,2,0
AST-008412,Asset_8412,Cloud_Storage,Finance,0,5,2,4,7458857.693977155,46030.18476237022,1,0
AST-008413,Asset_8413,Database,Marketing,1,1,1,1,677538.7010080643,96383.87950227919,22,0
AST-008414,Asset_8414,Workstation,Engineering,0,1,2,1,1390339.6554034674,11099.160420417466,2,0
AST-008415,Asset_8415,Server,Finance,1,3,2,2,3460290.682667226,116456.49996646715,14,1
AST-008416,Asset_8416,Server,Operations,0,1,1,1,1113002.173590483,67023.73201457897,1,2
AST-008417,Asset_8417,Workstation,HR,0,4,3,3,7139371.356107691,271510.721955764,1,3
AST-008418,Asset_8418,Workstation,HR,0,1,2,2,751579.2001985528,142258.24298002804,0,0
AST-008419,Asset_8419,Workstation,Marketing,1,2,5,4,2785654.474818333,332007.8033011332,12,6
AST-008420,Asset_8420,Server,Engineering,0,1,1,1,1732796.0838350866,79293.03412131703,0,1
AST-008421,Asset_8421,Workstation,Engineering,0,1,1,1,1570845.2337416618,29218.137589295628,2,0
AST-008422,Asset_8422,Server,Engineering,0,4,2,3,7900074.926869964,219126.37941980583,4,0
AST-008423,Asset_8423,Server,Operations,1,3,2,2,1509476.4441117423,134764.7915266719,20,3
AST-008424,Asset_8424,Server,Operations,0,1,2,2,1826538.971775531,63914.75355657504,5,0
AST-008425,Asset_8425,Server,Marketing,0,1,5,3,1420177.034380734,64649.36180247947,1,0
AST-008426,Asset_8426,Database,Engineering,0,3,2,2,1511180.387943573,155295.08677560772,3,1
AST-008427,Asset_8427,Server,Engineering,0,3,2,3,3594722.196180783,292204.09302632767,1,1
AST-008428,Asset_8428,Cloud_Storage,Finance,1,3,4,3,4953468.197125531,229380.37581820838,18,5
AST-008429,Asset_8429,Database,Engineering,1,2,2,2,1547640.0853323524,154900.97776070418,22,3
AST-008430,Asset_8430,Server,Operations,0,1,1,1,1517715.7722685928,25003.406256905073,5,0
AST-008431,Asset_8431,Server,Finance,1,4,3,4,2838010.5219927,128939.93016860718,12,7
AST-008432,Asset_8432,Workstation,Finance,1,3,2,2,5115535.974553404,125437.27432761298,14,3
AST-008433,Asset_8433,Server,Engineering,0,2,1,1,2705390.1049637133,12828.77558694552,3,0
AST-008434,Asset_8434,Network_Device,HR,1,2,1,2,1101659.9579964378,140226.1297459713,15,5
AST-008435,Asset_8435,Cloud_Storage,Sales,0,2,1,2,1272627.1224758099,46066.02532201824,1,0
AST-008436,Asset_8436,Server,Operations,0,3,1,1,5387392.723510695,47205.67340917126,1,0
AST-008437,Asset_8437,Workstation,HR,0,3,4,4,1648506.3767510299,155267.72538350584,6,0
AST-008438,Asset_8438,Server,Engineering,0,4,1,2,3791255.5933655584,39161.99008596556,0,0
AST-008439,Asset_8439,Workstation,Engineering,0,2,1,2,2700735.662725286,124178.86739261245,0,0
AST-008440,Asset_8440,Workstation,HR,1,2,2,2,1640319.3411269165,85024.2533432775,20,7
AST-008441,Asset_8441,Server,Engineering,1,4,3,4,3345392.9944113386,55834.59471906593,13,5
AST-008442,Asset_8442,Server,Operations,1,1,3,2,1664051.0174761387,99995.59608342576,7,3
AST-008443,Asset_8443,Workstation,Finance,0,2,1,2,1872983.7529361472,126246.5967323141,4,1
AST-008444,Asset_8444,Workstation,Marketing,1,2,4,3,1115748.848428975,65211.87601228553,18,3
AST-008445,Asset_8445,Server,Engineering,0,4,2,4,6326730.800037642,250597.80437797648,2,0
AST-008446,Asset_8446,Workstation,Engineering,0,1,2,1,1931548.9375622778,37182.172291192284,0,2
AST-008447,Asset_8447,Workstation,HR,0,1,3,1,1747900.964913794,33368.33257419465,0,3
AST-008448,Asset_8448,Network_Device,Finance,0,1,1,1,1322843.0442125974,81593.48889658914,1,0
AST-008449,Asset_8449,Server,HR,0,1,4,3,1137325.6295613137,156290.25147483477,0,0
AST-008450,Asset_8450,Workstation,Operations,0,1,2,2,1887747.7563317686,88026.14021641483,2,0
AST-008451,Asset_8451,Workstation,HR,1,2,4,3,3298676.314954613,249516.0452398106,13,3
AST-008452,Asset_8452,Server,Engineering,1,4,1,3,5423943.447410019,275792.9482041185,12,5
AST-008453,Asset_8453,Workstation,Finance,1,2,4,3,3639466.956740434,115072.57698367411,24,4
AST-008454,Asset_8454,Workstation,Operations,0,1,2,2,1402568.5452166572,29071.65139420067,3,1
AST-008455,Asset_8455,Cloud_Storage,Engineering,1,4,2,3,7841028.005612639,175993.74212562648,16,2
AST-008456,Asset_8456,Server,Operations,1,2,2,1,3574871.434885307,74363.8333172857,16,3
AST-008457,Asset_8457,Workstation,Engineering,0,1,5,3,1325667.846043259,188703.50095080814,2,1
AST-008458,Asset_8458,Database,Engineering,1,1,2,2,1884254.314422724,143850.0350396254,15,0
AST-008459,Asset_8459,Cloud_Storage,Engineering,0,3,2,3,3040975.2915783827,204615.5548446815,2,0
AST-008460,Asset_8460,Database,Marketing,0,3,3,3,4654171.596106945,288118.6254921209,0,0
AST-008461,Asset_8461,Cloud_Storage,Sales,0,2,1,2,1513826.80841427,175865.2363327254,2,1
AST-008462,Asset_8462,Cloud_Storage,Finance,0,1,1,1,1843047.372587502,21865.917016978827,3,1
AST-008463,Asset_8463,Server,Marketing,1,3,3,3,2616225.6744987853,152203.047071713,13,0
AST-008464,Asset_8464,Network_Device,Sales,0,1,1,1,1923548.7674400208,50929.17019218706,2,0
AST-008465,Asset_8465,Cloud_Storage,Operations,0,3,3,3,1576461.5580636535,153210.10182428043,2,0
AST-008466,Asset_8466,Server,Sales,1,2,2,1,3045510.6902091997,93763.35541983512,16,2
AST-008467,Asset_8467,Workstation,Sales,1,1,2,2,725084.2545523345,78894.71546697235,13,2
AST-008468,Asset_8468,Workstation,Marketing,0,1,1,1,1656217.2082781165,65284.573346395686,1,1
AST-008469,Asset_8469,Server,Finance,0,1,3,1,1237858.8954403305,90668.21020005734,4,0
AST-008470,Asset_8470,Server,HR,0,1,3,2,1864475.378846253,29096.957539748488,3,1
AST-008471,Asset_8471,Server,Sales,0,1,2,1,1572603.8145717157,89069.85754999112,2,0
AST-008472,Asset_8472,Server,HR,0,2,1,1,3304797.9659454906,78846.3098337844,2,0
AST-008473,Asset_8473,Workstation,HR,0,2,1,2,1361438.1075405679,57417.03056160157,5,0
AST-008474,Asset_8474,Server,Engineering,1,2,3,2,1289683.6310119617,78592.03303898268,22,2
AST-008475,Asset_8475,Network_Device,HR,1,2,2,1,3551673.115560099,37952.80724056169,13,6
AST-008476,Asset_8476,Workstation,Operations,0,3,1,2,2515982.29612134,59835.170862013336,1,0
AST-008477,Asset_8477,Server,Operations,0,4,3,3,7201650.956475071,202400.7704462721,1,0
AST-008478,Asset_8478,Workstation,Engineering,0,1,4,2,713807.2062164664,196909.0939526119,1,2
AST-008479,Asset_8479,Workstation,Finance,0,2,1,1,1925353.8419614285,24995.061411752715,2,0
AST-008480,Asset_8480,Cloud_Storage,Finance,0,1,3,3,1893108.093890332,92690.99204322569,2,1
AST-008481,Asset_8481,Server,Operations,0,1,4,2,1759576.7496222095,72267.3436966808,2,0
AST-008482,Asset_8482,Server,Engineering,0,2,5,3,1162727.931716545,283144.1837448292,1,0
AST-008483,Asset_8483,Cloud_Storage,Finance,0,2,1,1,2344292.530855491,66323.94270181369,1,0
AST-008484,Asset_8484,Cloud_Storage,Sales,0,3,1,2,5594405.289646247,58280.28817648891,0,0
AST-008485,Asset_8485,Workstation,Finance,0,2,5,4,1044273.5263753419,329436.0643526161,3,1
AST-008486,Asset_8486,Workstation,Engineering,0,1,1,1,660979.2301522336,93058.54265086535,4,1
AST-008487,Asset_8487,Server,Operations,0,4,2,4,5871175.310273321,185239.18996697036,0,0
AST-008488,Asset_8488,Workstation,Sales,0,1,2,2,657475.2243534646,51107.040076460704,4,0
AST-008489,Asset_8489,Server,HR,0,1,2,2,1173257.3767106156,75784.97998772086,1,0
AST-008490,Asset_8490,Server,HR,0,1,1,2,1261734.1728753056,59080.65546952422,1,0
AST-008491,Asset_8491,Network_Device,HR,0,5,4,5,8951905.476302788,140642.15800377945,3,1
AST-008492,Asset_8492,Server,Operations,0,2,1,2,3872172.460861051,50741.97274752494,0,0
AST-008493,Asset_8493,Workstation,Engineering,1,2,2,2,2536692.8438424366,177688.60768294748,9,3
AST-008494,Asset_8494,Cloud_Storage,HR,0,3,2,2,3796621.4476724197,35459.843682351835,3,0
AST-008495,Asset_8495,Server,Finance,0,2,1,1,3180386.0154687124,47201.45765891904,3,0
AST-008496,Asset_8496,Cloud_Storage,HR,1,3,1,2,2366279.7749164887,22652.311955266206,14,3
AST-008497,Asset_8497,Cloud_Storage,Marketing,1,2,5,4,3822575.6219193456,145622.30794625924,10,3
AST-008498,Asset_8498,Workstation,Operations,0,5,2,4,2508991.9333987744,294496.6591891885,2,0
AST-008499,Asset_8499,Server,Marketing,1,3,2,4,1508072.4153252956,113020.87247105411,24,2
AST-008500,Asset_8500,Database,HR,0,2,3,3,2876999.0854100417,299657.0054246185,1,0
AST-008501,Asset_8501,Workstation,HR,1,1,1,1,1012227.0384211524,14346.931793831627,15,2
AST-008502,Asset_8502,Database,Marketing,0,4,3,3,4388691.44178834,66850.59030656984,3,0
AST-008503,Asset_8503,Server,Operations,1,2,1,2,1664311.5275720009,161638.57434767668,21,0
AST-008504,Asset_8504,Cloud_Storage,Operations,1,2,3,2,2223407.1922457814,195679.70419606328,15,4
AST-008505,Asset_8505,Server,HR,0,3,1,2,5225924.145402104,191722.34111236053,5,1
AST-008506,Asset_8506,Workstation,Operations,1,2,3,2,3097748.3445708584,163682.56017449917,12,1
AST-008507,Asset_8507,Server,Sales,0,1,2,3,641980.6337646006,292706.37351904623,5,1
AST-008508,Asset_8508,Workstation,Operations,0,1,1,1,585019.7579707368,85671.5004395337,6,0
AST-008509,Asset_8509,Cloud_Storage,Marketing,0,2,1,2,2518578.3924305746,30444.463351293387,1,1
AST-008510,Asset_8510,Server,Engineering,1,1,1,1,1595241.4450495567,86107.07058486625,12,4
AST-008511,Asset_8511,Server,Marketing,0,2,4,3,2993467.2072892548,160620.58267833685,3,2
AST-008512,Asset_8512,Workstation,Finance,0,3,1,2,5388516.121679638,102215.57832333256,1,0
AST-008513,Asset_8513,Workstation,Sales,0,1,2,1,699896.9267880905,10227.458515599397,3,0
AST-008514,Asset_8514,Workstation,Engineering,0,1,1,1,1408628.95531667,65823.14484399025,5,1
AST-008515,Asset_8515,Database,HR,0,3,5,3,4947065.462985012,211334.34171898686,2,1
AST-008516,Asset_8516,Server,Finance,1,2,2,2,3813522.3640903686,162328.77961312473,17,4
AST-008517,Asset_8517,Cloud_Storage,Finance,1,1,1,1,651324.5560770412,39335.76878978421,15,2
AST-008518,Asset_8518,Cloud_Storage,Sales,0,3,2,3,2578388.328248038,64596.07244914065,4,1
AST-008519,Asset_8519,Workstation,Engineering,0,2,5,4,2063774.2964885852,198346.11188817,3,0
AST-008520,Asset_8520,Network_Device,Finance,0,1,2,1,1311125.6375780622,42605.913740423326,1,0
AST-008521,Asset_8521,Workstation,Engineering,0,1,2,2,1112918.291609576,155563.98379548843,1,0
AST-008522,Asset_8522,Workstation,Engineering,0,1,1,1,1791675.9260227617,30649.490092861837,1,0
AST-008523,Asset_8523,Server,Operations,0,3,1,3,5777371.220469203,67306.16437125293,2,0
AST-008524,Asset_8524,Workstation,Finance,0,2,1,1,1210235.968816638,49616.69331082469,2,0
AST-008525,Asset_8525,Workstation,Engineering,0,2,2,1,3099041.896922951,66519.06316623083,1,0
AST-008526,Asset_8526,Server,Sales,1,4,3,3,2685639.9124928564,105869.35663671237,9,1
AST-008527,Asset_8527,Workstation,Finance,1,1,4,2,1846932.7309053096,40597.96901773602,13,1
AST-008528,Asset_8528,Workstation,Sales,0,1,3,2,713147.8151678153,99040.95045445097,2,0
AST-008529,Asset_8529,Workstation,Sales,0,1,1,1,1987266.8128235026,96568.96114661508,2,1
AST-008530,Asset_8530,Workstation,Engineering,0,1,3,1,1141625.3179014665,97058.30252893119,2,0
AST-008531,Asset_8531,Cloud_Storage,Engineering,1,2,2,2,2145810.647952262,147563.4164041958,13,4
AST-008532,Asset_8532,Server,Operations,0,2,2,1,2758841.4530792395,79943.80729426391,1,0
AST-008533,Asset_8533,Workstation,Operations,1,1,2,1,1091534.6547385156,28315.91232751103,11,4
AST-008534,Asset_8534,Workstation,Finance,0,1,1,1,852040.410018547,43718.853304675,1,0
AST-008535,Asset_8535,Workstation,Operations,0,1,1,1,1443715.7662913385,64427.87384890535,2,0
AST-008536,Asset_8536,Database,HR,0,5,2,3,7962726.989200508,232612.48787933151,3,1
AST-008537,Asset_8537,Server,Finance,0,2,1,2,3835964.815607818,49992.488034823495,0,2
AST-008538,Asset_8538,Network_Device,Sales,0,2,2,2,2227355.8227371858,102373.10706669082,2,0
AST-008539,Asset_8539,Workstation,Operations,0,1,1,2,1558659.4032954306,49295.788478168826,2,1
AST-008540,Asset_8540,Network_Device,Operations,1,2,4,4,3500810.549625804,268009.0842100151,11,2
AST-008541,Asset_8541,Workstation,Operations,0,1,4,3,1747075.723802063,238483.79595709476,4,0
AST-008542,Asset_8542,Workstation,Engineering,0,5,5,4,2757026.0393484007,339991.049601338,0,0
AST-008543,Asset_8543,Network_Device,Sales,0,3,4,3,3100660.4401448388,227738.5922110583,3,1
AST-008544,Asset_8544,Workstation,Operations,0,2,5,3,1040255.0774988283,72969.1914650971,1,0
AST-008545,Asset_8545,Database,Marketing,0,2,3,2,2677239.7621768964,169114.14879506492,1,0
AST-008546,Asset_8546,Workstation,Marketing,0,2,5,3,3595271.278301248,120291.75683845262,1,1
AST-008547,Asset_8547,Network_Device,Sales,0,1,2,1,1722377.050307507,85218.9697051815,3,0
AST-008548,Asset_8548,Database,Operations,0,1,3,1,1716874.3590595012,32581.055657027267,4,1
AST-008549,Asset_8549,Database,HR,0,2,1,1,2055507.993512458,52813.29306258499,1,0
AST-008550,Asset_8550,Server,HR,0,1,2,2,569494.4822310645,123782.91095319462,0,1
AST-008551,Asset_8551,Cloud_Storage,Finance,1,1,4,2,758626.5824806034,26249.878457988223,14,6
AST-008552,Asset_8552,Server,Finance,0,2,2,2,3012074.077024524,182665.02177025925,1,0
AST-008553,Asset_8553,Workstation,Operations,1,4,1,2,2803056.766802266,112077.79156250568,16,2
AST-008554,Asset_8554,Workstation,Finance,0,4,2,3,2751970.206522364,81851.27782005254,0,1
AST-008555,Asset_8555,Workstation,Engineering,0,1,3,1,1030512.8586690879,24473.07354604954,1,0
AST-008556,Asset_8556,Workstation,HR,0,1,3,2,641802.2418943115,143578.68331081286,1,0
AST-008557,Asset_8557,Server,Sales,0,2,2,2,1989352.4264353765,34711.96159819193,4,1
AST-008558,Asset_8558,Workstation,Operations,0,3,1,2,5863616.941761514,99167.90940819083,1,1
AST-008559,Asset_8559,Workstation,Operations,0,5,4,4,2649633.3158857333,234499.534738495,2,1
AST-008560,Asset_8560,Network_Device,Marketing,0,4,3,4,6983256.843310189,123927.18752015187,3,2
AST-008561,Asset_8561,Server,HR,0,2,1,2,3980864.9890431147,43255.9735400777,3,0
AST-008562,Asset_8562,Network_Device,HR,1,1,3,3,1154607.9111764836,162490.765590248,14,3
AST-008563,Asset_8563,Workstation,HR,1,1,1,1,1914583.0531145732,40629.499256373965,14,2
AST-008564,Asset_8564,Network_Device,Finance,0,1,1,1,891717.3027160442,22621.745755186923,2,1
AST-008565,Asset_8565,Workstation,Engineering,0,2,4,3,3946891.9037476475,86800.87246550302,2,1
AST-008566,Asset_8566,Workstation,Sales,0,1,4,3,1792326.9664147752,157153.7139650528,1,2
AST-008567,Asset_8567,Cloud_Storage,Finance,0,3,1,1,5481139.065192893,21974.535805267653,1,0
AST-008568,Asset_8568,Network_Device,Engineering,1,3,1,2,2086792.6146665267,188501.47974993955,20,4
AST-008569,Asset_8569,Workstation,HR,0,1,1,1,1805093.6267681564,79791.02383597895,2,0
AST-008570,Asset_8570,Server,Engineering,0,4,4,4,7650937.944024377,157200.8213503688,1,0
AST-008571,Asset_8571,Database,Finance,0,2,4,3,3457143.9372999864,99756.05576793349,3,1
AST-008572,Asset_8572,Database,HR,1,4,2,4,2548184.1394825247,354746.38245420554,15,3
AST-008573,Asset_8573,Server,Finance,0,4,1,3,2508659.794432846,145270.57437233266,1,0
AST-008574,Asset_8574,Server,Sales,0,1,1,1,1036408.9904398775,87644.60413000634,6,1
AST-008575,Asset_8575,Network_Device,HR,0,1,4,2,1557388.50096329,153642.14782909266,1,1
AST-008576,Asset_8576,Server,Engineering,0,1,1,1,518679.2422507488,18290.620737395828,1,0
AST-008577,Asset_8577,Workstation,Finance,0,3,2,3,5777905.857886325,249673.06296582127,2,0
AST-008578,Asset_8578,Server,Marketing,1,2,3,3,2576347.7983403,175767.88168137192,18,6
AST-008579,Asset_8579,Database,Engineering,0,4,1,3,4150234.6561013595,212952.03793313663,1,0
AST-008580,Asset_8580,Server,Engineering,1,1,1,1,1341843.3937858173,29710.401969700062,19,3
AST-008581,Asset_8581,Server,HR,0,2,1,2,3147358.590021441,20048.70357901636,2,1
AST-008582,Asset_8582,Workstation,Operations,0,5,2,4,4549593.157993924,160127.71355608577,3,0
AST-008583,Asset_8583,Network_Device,Engineering,1,2,3,2,1873370.9416835895,54312.92089665999,15,3
AST-008584,Asset_8584,Server,Finance,0,1,2,1,1202265.2748685284,49169.486310877,2,0
AST-008585,Asset_8585,Workstation,Marketing,1,2,1,2,3009792.1796805635,36361.60598894484,17,4
AST-008586,Asset_8586,Workstation,Sales,1,1,2,1,1559555.5023826922,90554.16706732573,12,4
AST-008587,Asset_8587,Network_Device,Marketing,0,1,1,1,986084.9591354604,20685.148444742274,0,1
AST-008588,Asset_8588,Workstation,Finance,1,1,1,1,983737.3391723009,78776.64375037071,15,6
AST-008589,Asset_8589,Workstation,HR,1,1,2,2,1230663.1192596182,189078.4157000985,14,4
AST-008590,Asset_8590,Workstation,Finance,0,3,5,4,3938647.6526973993,93362.24790318469,2,0
AST-008591,Asset_8591,Network_Device,Operations,0,1,3,2,1474121.2024089075,82365.82284626106,3,0
AST-008592,Asset_8592,Server,Operations,0,3,3,3,4279693.567649512,227386.87178612853,4,0
AST-008593,Asset_8593,Workstation,Operations,0,1,3,2,1058776.826010035,148603.17404799117,4,1
AST-008594,Asset_8594,Cloud_Storage,Engineering,0,1,4,3,945330.1853997479,40096.66357413618,3,0
AST-008595,Asset_8595,Workstation,HR,0,1,3,2,961881.7866969209,32724.929872777182,2,0
AST-008596,Asset_8596,Workstation,Operations,0,1,2,2,1468101.5865552109,41625.133818823284,0,1
AST-008597,Asset_8597,Workstation,Sales,0,1,1,1,1149721.3315720253,61121.96790443589,1,0
AST-008598,Asset_8598,Database,Sales,0,2,1,2,1403048.0868902337,29907.759526676105,3,0
AST-008599,Asset_8599,Workstation,Finance,0,5,2,4,2544422.943446895,251827.58125283473,2,1
AST-008600,Asset_8600,Workstation,Operations,0,1,4,3,544516.0460985012,122464.73560157619,5,3
AST-008601,Asset_8601,Workstation,Engineering,1,1,2,1,1801274.5206485915,70246.93900507783,14,2
AST-008602,Asset_8602,Workstation,Sales,0,1,1,1,1186740.8170707074,80383.81002268464,4,1
AST-008603,Asset_8603,Network_Device,Marketing,0,4,2,2,5944563.223958466,162451.87830453864,6,0
AST-008604,Asset_8604,Server,HR,0,2,2,1,3787112.488386496,13387.134179902365,3,0
AST-008605,Asset_8605,Workstation,Marketing,0,3,4,4,2068259.3433435918,380990.3177536414,2,1
AST-008606,Asset_8606,Workstation,Sales,0,1,1,2,1171423.8430733653,125596.33162163617,2,0
AST-008607,Asset_8607,Workstation,Sales,1,1,3,2,1308601.095317972,181225.83718456433,13,2
AST-008608,Asset_8608,Server,Finance,0,1,2,2,1762302.3608506646,130726.13265369658,2,1
AST-008609,Asset_8609,Workstation,Finance,1,4,5,4,7962310.547729772,214282.1300247988,16,5
AST-008610,Asset_8610,Network_Device,Operations,0,1,2,2,1567517.7299867363,151351.15085159946,1,1
AST-008611,Asset_8611,Workstation,HR,0,2,4,3,2925502.308980665,89243.74099529085,0,0
AST-008612,Asset_8612,Cloud_Storage,Operations,1,2,1,2,3760937.5881216833,38580.72014296801,13,2
AST-008613,Asset_8613,Cloud_Storage,Finance,1,2,1,2,3512142.738850339,36289.67954508362,21,7
AST-008614,Asset_8614,Server,Engineering,0,1,1,2,1797566.2468168621,172844.4923217781,1,1
AST-008615,Asset_8615,Server,HR,1,2,2,2,1008117.1740111023,184240.062550759,20,4
AST-008616,Asset_8616,Cloud_Storage,Engineering,0,1,2,2,1271648.1373047752,166594.51980969153,0,0
AST-008617,Asset_8617,Cloud_Storage,Operations,1,5,1,4,8370464.255389912,365596.1071134049,19,2
AST-008618,Asset_8618,Server,Finance,0,1,2,2,772185.6837135493,197259.63629800073,3,2
AST-008619,Asset_8619,Server,HR,1,1,2,1,1627178.4374045837,57345.2991900917,14,3
AST-008620,Asset_8620,Server,Operations,0,1,2,1,513740.2274785694,23849.251275151866,3,0
AST-008621,Asset_8621,Cloud_Storage,Sales,0,3,1,3,4088250.1100613475,194140.16011364936,4,1
AST-008622,Asset_8622,Server,Operations,0,1,4,3,1776992.179990012,125551.1828045988,2,0
AST-008623,Asset_8623,Workstation,Marketing,0,2,2,2,2294045.0746760387,82360.7473583086,2,0
AST-008624,Asset_8624,Network_Device,Sales,0,1,1,1,1609178.7915739564,75502.72997795242,4,0
AST-008625,Asset_8625,Server,Engineering,0,1,2,2,1295598.004866304,36317.12385717897,3,0
AST-008626,Asset_8626,Workstation,Sales,0,2,1,2,2941872.935260853,26755.671716967598,2,0
AST-008627,Asset_8627,Server,Operations,1,1,2,1,1275001.873813285,72574.70210666225,10,2
AST-008628,Asset_8628,Network_Device,Sales,0,2,1,2,2427510.2297977004,66931.36138688395,3,2
AST-008629,Asset_8629,Server,Marketing,1,3,4,4,5287319.608259453,178780.43026236296,16,2
AST-008630,Asset_8630,Workstation,Operations,0,4,5,5,2556459.1135344766,188434.84322508174,3,0
AST-008631,Asset_8631,Workstation,Marketing,0,1,1,2,1376976.9280265467,130671.41751376155,4,0
AST-008632,Asset_8632,Server,Sales,0,2,1,1,1344431.4633934055,23906.398520721894,1,1
AST-008633,Asset_8633,Server,Marketing,0,4,1,2,5376847.469870609,149705.84980482535,1,2
AST-008634,Asset_8634,Workstation,Sales,0,3,2,2,5836182.192067751,186486.85219126608,1,0
AST-008635,Asset_8635,Server,HR,0,1,1,2,585646.8365169481,170499.5638560819,4,0
AST-008636,Asset_8636,Network_Device,Sales,0,2,3,3,2266020.409589179,274899.9817429513,1,2
AST-008637,Asset_8637,Network_Device,Finance,0,4,2,3,6811827.201656481,283009.13135544246,2,1
AST-008638,Asset_8638,Workstation,Marketing,0,2,2,1,2109074.7051109266,43510.076412671755,0,0
AST-008639,Asset_8639,Workstation,Marketing,1,3,2,3,3841416.4535880047,244849.84883585043,11,2
AST-008640,Asset_8640,Workstation,Engineering,1,2,4,3,1344123.4206443448,163602.91601883195,19,5
AST-008641,Asset_8641,Network_Device,Engineering,1,1,1,1,834609.9128590877,34279.58528586099,17,3
AST-008642,Asset_8642,Workstation,Finance,1,1,3,2,1529637.8081761636,154438.76434655386,18,2
AST-008643,Asset_8643,Server,Marketing,0,1,2,1,1742881.3310218898,31971.5719183602,3,1
AST-008644,Asset_8644,Server,Marketing,0,1,2,1,1469684.5244988292,19865.848475637817,3,0
AST-008645,Asset_8645,Workstation,Engineering,1,4,2,4,7021525.276871375,293663.04115181626,20,2
AST-008646,Asset_8646,Workstation,Engineering,0,2,1,2,2816972.4015225926,71759.90244713232,2,0
AST-008647,Asset_8647,Workstation,Sales,1,3,2,2,5145936.940209223,75065.37933245878,14,3
AST-008648,Asset_8648,Server,Operations,0,2,3,2,3948660.4028108385,178602.1100092861,2,0
AST-008649,Asset_8649,Workstation,Marketing,0,1,1,1,624237.1012069118,22198.530284011096,1,0
AST-008650,Asset_8650,Server,Marketing,0,1,2,1,1219474.4451945648,78836.14160751224,2,1
AST-008651,Asset_8651,Server,Sales,1,4,1,3,3139355.998116335,134277.38590386804,14,2
AST-008652,Asset_8652,Workstation,Marketing,1,2,2,3,2395685.64284386,271112.7947539042,15,2
AST-008653,Asset_8653,Server,Finance,1,2,3,3,2498760.234495565,148892.9342368918,9,0
AST-008654,Asset_8654,Workstation,Engineering,0,5,2,3,7164409.571543132,140436.1805350869,0,0
AST-008655,Asset_8655,Database,Engineering,0,1,1,1,1158946.9804747873,48687.950023564495,2,0
AST-008656,Asset_8656,Workstation,Operations,0,4,1,3,3948274.566573208,256176.4231101989,2,0
AST-008657,Asset_8657,Workstation,Engineering,1,4,3,3,2259009.7723547355,32837.755467727795,16,4
AST-008658,Asset_8658,Server,HR,0,1,1,1,552190.300554469,73437.67178325733,0,0
AST-008659,Asset_8659,Server,Finance,0,1,1,1,762512.527693972,28471.628257463417,2,1
AST-008660,Asset_8660,Network_Device,Finance,0,5,2,4,5867398.072912698,357565.18616801867,2,0
AST-008661,Asset_8661,Workstation,Sales,0,2,1,1,2252548.1087738927,43833.39887209208,0,0
AST-008662,Asset_8662,Workstation,HR,0,1,3,2,786043.2409584525,81012.00398546533,3,2
AST-008663,Asset_8663,Server,Marketing,0,2,1,1,3467018.7153390767,74136.19439818023,3,0
AST-008664,Asset_8664,Workstation,Operations,0,2,2,2,3050479.634985458,150040.8227614295,4,0
AST-008665,Asset_8665,Workstation,Finance,1,3,1,2,3044242.417128502,134067.97686450896,15,7
AST-008666,Asset_8666,Workstation,HR,0,4,2,3,6781805.312065791,119048.22146171487,2,0
AST-008667,Asset_8667,Workstation,HR,0,4,2,2,7935475.433248979,129863.54931448965,2,0
AST-008668,Asset_8668,Server,Finance,0,4,3,3,3470254.5426698406,44651.7989961432,1,1
AST-008669,Asset_8669,Server,Sales,1,1,2,2,1043884.8587555813,191932.36568224433,13,1
AST-008670,Asset_8670,Network_Device,HR,0,3,1,2,5968042.1345049525,101488.12614918895,3,1
AST-008671,Asset_8671,Cloud_Storage,Engineering,0,1,1,1,706823.8569581411,37402.99766309661,1,0
AST-008672,Asset_8672,Server,HR,0,1,5,3,615781.6449892576,262410.3257446334,1,0
AST-008673,Asset_8673,Workstation,Marketing,0,3,2,2,3844460.221385627,78350.95751827079,1,0
AST-008674,Asset_8674,Server,Finance,1,2,2,2,2405287.3084528977,199491.2160618096,23,3
AST-008675,Asset_8675,Server,Marketing,1,4,4,4,2469732.48187481,288615.8372017466,26,3
AST-008676,Asset_8676,Database,Sales,0,1,1,2,935054.0345319224,136924.04646749943,3,0
AST-008677,Asset_8677,Server,Operations,0,3,2,2,3385214.984645131,47334.18081099227,1,0
AST-008678,Asset_8678,Workstation,Engineering,0,1,1,2,1733314.4323454546,129775.2863626115,1,1
AST-008679,Asset_8679,Workstation,Finance,0,1,1,2,1561763.5312308772,47922.4881399873,2,1
AST-008680,Asset_8680,Server,HR,1,2,1,1,3743579.9153785687,80524.37409299752,15,2
AST-008681,Asset_8681,Server,Engineering,0,1,3,2,998749.905452079,44912.43137625411,2,0
AST-008682,Asset_8682,Network_Device,HR,0,2,1,1,1928135.2675015014,42294.943579028266,2,0
AST-008683,Asset_8683,Server,Sales,1,4,1,3,4779090.204666721,158717.8517281682,20,4
AST-008684,Asset_8684,Workstation,Operations,0,2,1,1,1022584.4107213705,82467.42072333448,5,1
AST-008685,Asset_8685,Database,Finance,0,1,1,2,810980.1321229097,133896.83585298184,1,0
AST-008686,Asset_8686,Workstation,Sales,0,1,4,3,817206.6653241606,231951.18737308058,2,0
AST-008687,Asset_8687,Database,Sales,0,2,2,1,1183270.0993283652,31957.669941237207,2,0
AST-008688,Asset_8688,Server,Operations,1,2,4,3,2365392.069171044,94061.13107624766,11,4
AST-008689,Asset_8689,Server,Sales,0,2,3,3,3716560.615920236,132767.3826699327,2,0
AST-008690,Asset_8690,Server,Sales,0,1,3,2,506045.62480173016,23362.556440992405,5,0
AST-008691,Asset_8691,Workstation,HR,0,3,1,2,4327866.000205157,169526.74408808458,3,0
AST-008692,Asset_8692,Workstation,Marketing,0,1,1,1,1818999.0767702353,43297.17882756625,2,1
AST-008693,Asset_8693,Server,HR,1,2,2,3,1322563.3078597307,48239.48215379817,15,4
AST-008694,Asset_8694,Server,Operations,0,2,2,2,3751774.8493836555,176998.7837362709,3,0
AST-008695,Asset_8695,Workstation,Engineering,1,1,2,1,1727782.4651971452,97104.37624224469,12,4
AST-008696,Asset_8696,Workstation,Operations,1,3,1,3,2465571.0521124154,204577.82522396743,7,3
AST-008697,Asset_8697,Cloud_Storage,Operations,1,2,5,3,3716030.726782477,126278.83442449846,13,6
AST-008698,Asset_8698,Workstation,Operations,1,2,1,2,3412047.3587465254,94476.25758170804,12,1
AST-008699,Asset_8699,Workstation,Operations,0,2,1,2,1334167.2788063998,66108.01942731277,1,1
AST-008700,Asset_8700,Workstation,Sales,1,4,2,3,6983596.6841319045,222044.3447132567,12,2
AST-008701,Asset_8701,Cloud_Storage,Operations,0,2,1,2,2626548.816098133,84092.97362637677,2,0
AST-008702,Asset_8702,Network_Device,Engineering,0,1,1,1,1723939.8627518697,12923.541399474067,3,0
AST-008703,Asset_8703,Database,Operations,0,1,1,1,1426497.495299602,14154.596297131387,4,1
AST-008704,Asset_8704,Server,HR,0,1,1,1,1087785.5127221863,65327.46074709003,2,0
AST-008705,Asset_8705,Server,Sales,0,1,1,1,1401710.7042987442,36134.56065543919,3,1
AST-008706,Asset_8706,Workstation,HR,0,5,1,3,7271355.554976617,75519.74233927323,1,0
AST-008707,Asset_8707,Workstation,Sales,0,2,2,2,3298618.4427607437,119425.70900201601,1,1
AST-008708,Asset_8708,Workstation,HR,0,4,2,3,6984090.551226554,105177.8534575406,3,0
AST-008709,Asset_8709,Server,Finance,0,1,2,1,1494816.0033170707,16600.17650688737,1,0
AST-008710,Asset_8710,Workstation,Marketing,1,2,2,2,3968944.6272040512,54844.83028854441,11,2
AST-008711,Asset_8711,Network_Device,Marketing,0,5,1,2,8339132.041354217,160023.20957848316,2,0
AST-008712,Asset_8712,Server,Sales,0,1,1,1,1866147.4982581288,86681.0320298415,1,1
AST-008713,Asset_8713,Workstation,Finance,0,2,4,4,1958483.000093949,353973.1464110075,0,1
AST-008714,Asset_8714,Workstation,Engineering,0,4,2,3,3897364.5926755387,174404.87647954788,1,0
AST-008715,Asset_8715,Network_Device,Finance,0,4,1,3,4174010.4572982085,286756.805657793,5,2
AST-008716,Asset_8716,Network_Device,Sales,0,3,5,4,3478723.3020287356,94600.77589436487,2,0
AST-008717,Asset_8717,Workstation,Finance,0,4,2,3,7768400.810162326,213156.162597841,2,0
AST-008718,Asset_8718,Workstation,Engineering,0,2,1,1,1220593.6580269532,73383.54193607789,2,0
AST-008719,Asset_8719,Network_Device,Sales,0,1,5,3,1247665.3695404178,44360.05886319316,3,1
AST-008720,Asset_8720,Workstation,Marketing,1,3,1,3,2225222.3473207112,106260.86315966173,14,2
AST-008721,Asset_8721,Database,Operations,0,5,5,4,8581700.240644036,381657.32878771104,1,0
AST-008722,Asset_8722,Workstation,Finance,1,2,1,2,1093432.8040328892,156625.2029749749,16,1
AST-008723,Asset_8723,Server,Marketing,1,1,1,1,1182716.385748331,14922.453674613627,19,3
AST-008724,Asset_8724,Database,Marketing,0,2,2,2,2184223.068778754,117342.8895256449,0,1
AST-008725,Asset_8725,Network_Device,HR,1,2,1,1,1276542.9700023755,68375.99635983919,13,3
AST-008726,Asset_8726,Workstation,Engineering,1,1,1,1,1065078.4253924845,97577.50555742711,11,2
AST-008727,Asset_8727,Workstation,Operations,0,3,3,3,5140637.24111541,223437.21511823073,2,3
AST-008728,Asset_8728,Server,Finance,0,2,1,3,1412423.9601229106,202436.5677745695,3,1
AST-008729,Asset_8729,Database,Marketing,0,2,4,2,3950517.2689060993,183534.94361947177,2,0
AST-008730,Asset_8730,Server,Marketing,0,1,2,1,587681.517695323,69484.3540987694,4,1
AST-008731,Asset_8731,Server,Engineering,0,1,4,3,933654.1597360065,281672.9564001388,3,0
AST-008732,Asset_8732,Workstation,Operations,1,2,2,2,3324697.3425931917,108699.70872197177,14,3
AST-008733,Asset_8733,Server,Operations,1,2,2,2,2072563.8485334774,149341.70555281918,17,3
AST-008734,Asset_8734,Workstation,Marketing,0,1,1,1,1220530.234106881,66857.91924723725,3,1
AST-008735,Asset_8735,Database,Marketing,1,1,2,1,779987.767145378,59727.342111952086,11,2
AST-008736,Asset_8736,Cloud_Storage,Marketing,1,1,1,1,1573243.8232344154,39168.51290871401,14,5
AST-008737,Asset_8737,Database,Marketing,0,2,1,2,1538624.8387314454,182680.11725711855,2,1
AST-008738,Asset_8738,Server,HR,0,5,1,2,8865483.228134029,68608.03741199669,3,0
AST-008739,Asset_8739,Server,HR,0,3,1,2,3927747.953832193,48690.0975689902,4,1
AST-008740,Asset_8740,Workstation,Operations,1,4,1,2,5288940.973853672,148169.02002410823,13,3
AST-008741,Asset_8741,Workstation,Sales,1,2,3,3,3800534.7767261793,177569.2665214454,19,2
AST-008742,Asset_8742,Workstation,Finance,0,2,1,1,3318998.7437636983,33657.45977264677,1,1
AST-008743,Asset_8743,Workstation,Engineering,0,1,1,1,1614709.2297018862,88327.68905832614,0,0
AST-008744,Asset_8744,Server,Sales,1,3,4,3,5361180.747949182,107275.90964546603,22,4
AST-008745,Asset_8745,Workstation,HR,1,2,2,3,1275451.851415321,47221.15998598292,14,2
AST-008746,Asset_8746,Workstation,HR,0,3,4,4,4767199.633262138,45532.01816259418,2,1
AST-008747,Asset_8747,Server,HR,0,2,4,4,1699623.7393074306,372227.804840879,2,0
AST-008748,Asset_8748,Server,Sales,1,1,1,1,921419.5110931585,46196.029006995625,7,2
AST-008749,Asset_8749,Server,HR,0,1,5,4,522719.2058471636,116856.00637283656,0,2
AST-008750,Asset_8750,Server,Sales,0,3,1,2,5521744.784605107,122078.25459753079,3,0
AST-008751,Asset_8751,Workstation,HR,1,1,4,2,1608669.3981620257,107819.41965670371,22,1
AST-008752,Asset_8752,Server,Marketing,0,1,2,1,708930.6967032698,99985.83879871242,0,0
AST-008753,Asset_8753,Server,Marketing,1,4,2,3,3967539.2198946727,269896.34336667135,11,0
AST-008754,Asset_8754,Server,Finance,0,2,3,2,2439798.6011910024,68798.4138327853,2,0
AST-008755,Asset_8755,Cloud_Storage,HR,0,1,4,2,1240866.1733640353,145587.70591501697,2,0
AST-008756,Asset_8756,Network_Device,Finance,0,1,2,1,1393480.9111154545,44845.72306457895,2,1
AST-008757,Asset_8757,Server,Sales,0,1,2,2,1208275.564592807,85598.77931834449,3,0
AST-008758,Asset_8758,Database,Finance,0,2,1,2,2945935.9470062377,86079.31918802543,3,0
AST-008759,Asset_8759,Server,HR,0,3,3,2,5477418.581907455,135065.9307470222,2,1
AST-008760,Asset_8760,Workstation,Sales,0,1,1,2,1097108.8328309753,116837.09654327386,4,2
AST-008761,Asset_8761,Server,Sales,1,4,3,4,7260265.516345151,311817.97195234173,11,3
AST-008762,Asset_8762,Workstation,Marketing,0,1,2,3,829415.3240029674,71306.17848403435,3,0
AST-008763,Asset_8763,Workstation,Sales,0,1,1,2,682071.9875934059,96576.8683615053,2,0
AST-008764,Asset_8764,Network_Device,Sales,0,5,2,4,4295509.7245867,349716.30001457385,1,0
AST-008765,Asset_8765,Server,Finance,0,1,3,2,809888.9825424755,20569.590104570798,0,0
AST-008766,Asset_8766,Network_Device,Operations,0,4,4,4,7910474.500697442,264457.2095749448,0,0
AST-008767,Asset_8767,Workstation,Sales,0,3,1,2,3214741.7690020655,161432.66384540647,2,2
AST-008768,Asset_8768,Server,Engineering,1,1,4,1,1477209.9034020263,44546.90247226393,11,5
AST-008769,Asset_8769,Database,Operations,0,2,5,3,3088157.9589652084,268576.316853145,2,2
AST-008770,Asset_8770,Server,Marketing,0,2,3,2,2335625.868193833,152424.50651828563,4,0
AST-008771,Asset_8771,Server,Marketing,0,4,4,4,3341430.4087294834,258177.3488236836,1,1
AST-008772,Asset_8772,Server,Sales,0,2,2,2,2314294.0404661447,55698.04608452601,3,0
AST-008773,Asset_8773,Workstation,Finance,0,2,1,1,2421282.6589193167,70309.35477672011,1,0
AST-008774,Asset_8774,Workstation,Operations,1,1,2,1,1931011.5348808237,85039.0180760857,14,4
AST-008775,Asset_8775,Cloud_Storage,Marketing,0,2,3,2,2705871.115108327,151383.62800282773,1,1
AST-008776,Asset_8776,Server,Marketing,0,1,4,2,1954808.908011577,123474.23531798064,2,0
AST-008777,Asset_8777,Cloud_Storage,Engineering,0,1,2,1,1365068.9735369221,74311.91548747662,1,0
AST-008778,Asset_8778,Server,Sales,1,5,3,3,3587485.1170569244,293759.91474567476,16,2
AST-008779,Asset_8779,Workstation,Operations,0,1,3,2,1076564.9573375075,21944.781383695034,2,0
AST-008780,Asset_8780,Database,Marketing,0,1,1,1,1688469.9889061484,69753.57567197742,2,0
AST-008781,Asset_8781,Server,Marketing,0,2,1,1,2264866.803625173,81369.33226399652,3,0
AST-008782,Asset_8782,Network_Device,Marketing,1,3,3,3,1948802.3017872805,202500.71192831383,13,6
AST-008783,Asset_8783,Database,Marketing,0,1,1,1,644114.2408821166,34578.288663004496,1,0
AST-008784,Asset_8784,Workstation,Finance,0,1,1,2,855597.134087143,168096.33137990456,1,0
AST-008785,Asset_8785,Workstation,HR,1,1,2,1,1347157.6754831315,92196.9203010177,19,5
AST-008786,Asset_8786,Workstation,Engineering,0,1,3,2,1745232.4656495168,143030.85171917098,3,1
AST-008787,Asset_8787,Workstation,Finance,0,2,2,2,2601138.246510802,111984.35691296117,4,1
AST-008788,Asset_8788,Workstation,Engineering,0,2,4,3,3238241.1600183863,128906.63702210072,4,1
AST-008789,Asset_8789,Server,Marketing,1,2,1,2,2936779.3106665565,79410.21643219705,15,3
AST-008790,Asset_8790,Workstation,Engineering,0,2,1,1,2572297.555429248,75090.48809269967,1,0
AST-008791,Asset_8791,Network_Device,Sales,0,3,2,2,2466635.672813978,129282.21059994907,1,0
AST-008792,Asset_8792,Server,Sales,1,2,3,3,3649505.619065927,72349.65479694217,14,2
AST-008793,Asset_8793,Server,HR,0,4,2,3,3654292.382881717,68096.09430073804,2,1
AST-008794,Asset_8794,Workstation,HR,0,2,1,1,1758459.7898663003,16398.92833018476,0,1
AST-008795,Asset_8795,Workstation,Engineering,1,3,2,2,2660089.310269055,143032.14542280254,9,3
AST-008796,Asset_8796,Workstation,Finance,0,2,3,2,1287056.3450738336,76585.58678180873,2,0
AST-008797,Asset_8797,Server,Finance,0,2,1,2,2495962.122713888,23643.644414615716,6,0
AST-008798,Asset_8798,Workstation,Marketing,0,3,1,2,2973886.294692806,80784.692427656,3,0
AST-008799,Asset_8799,Server,Finance,0,1,2,2,1282912.9715923413,169780.99735703744,3,0
AST-008800,Asset_8800,Workstation,HR,1,2,1,1,2359346.143417809,32289.627717163305,14,7
AST-008801,Asset_8801,Workstation,Finance,0,3,2,2,3839063.1261750786,134038.89103892312,2,2
AST-008802,Asset_8802,Server,Marketing,0,3,1,2,2839440.0834947834,99140.8129294381,0,0
AST-008803,Asset_8803,Workstation,Sales,1,2,1,1,3445414.339078286,59400.62981776659,20,2
AST-008804,Asset_8804,Cloud_Storage,Finance,0,2,1,1,2602579.0027490663,63619.54368967426,0,0
AST-008805,Asset_8805,Workstation,Finance,0,1,1,2,812652.0034384178,101865.97654329981,3,0
AST-008806,Asset_8806,Network_Device,HR,0,4,1,3,7410822.201505088,45621.07731493949,2,0
AST-008807,Asset_8807,Workstation,Engineering,0,1,3,2,664182.6512504837,122185.17504734635,2,1
AST-008808,Asset_8808,Workstation,Sales,0,3,1,2,4800455.164057349,91554.4662279508,4,0
AST-008809,Asset_8809,Server,Engineering,0,1,2,1,1517672.6071561603,27989.191493685063,2,0
AST-008810,Asset_8810,Server,Marketing,0,1,3,2,609288.3838553659,181371.4768134089,1,0
AST-008811,Asset_8811,Server,Marketing,0,1,1,2,1852261.4230181745,152492.09393831404,1,0
AST-008812,Asset_8812,Workstation,Engineering,0,2,1,2,1948937.2653453206,71132.28452703511,2,0
AST-008813,Asset_8813,Network_Device,HR,0,1,2,2,1611342.5234219027,117012.29166748202,4,0
AST-008814,Asset_8814,Database,Operations,0,1,1,1,915502.3787762639,96680.18536533714,4,0
AST-008815,Asset_8815,Workstation,HR,0,1,2,1,1288537.6147213192,32091.541473201894,1,1
AST-008816,Asset_8816,Workstation,Operations,0,1,3,2,1958500.4207181274,190529.20632609885,0,0
AST-008817,Asset_8817,Workstation,Operations,0,1,1,1,1416164.6148022707,71502.52106377555,2,1
AST-008818,Asset_8818,Database,HR,0,1,2,2,944484.142190729,117350.59645113615,0,0
AST-008819,Asset_8819,Workstation,Operations,0,3,4,3,3562697.1588348434,295466.07697991934,2,0
AST-008820,Asset_8820,Database,Operations,0,2,1,1,3028123.453244469,40033.797528469135,1,1
AST-008821,Asset_8821,Server,Operations,0,2,1,1,2335566.6865481725,35040.80686929582,0,0
AST-008822,Asset_8822,Cloud_Storage,Sales,0,5,2,4,9330614.217740279,162253.57902108022,1,0
AST-008823,Asset_8823,Server,Marketing,1,2,5,3,3602382.20918947,232731.76851350634,12,2
AST-008824,Asset_8824,Server,Operations,1,4,1,3,2880861.0617631413,120991.76780309902,16,5
AST-008825,Asset_8825,Network_Device,Marketing,0,1,1,1,1677411.3410950913,19248.612088050908,2,0
AST-008826,Asset_8826,Database,Marketing,0,2,1,1,3827244.735876313,67988.08868035844,2,1
AST-008827,Asset_8827,Workstation,Sales,0,1,1,1,975362.3365624845,30068.52402094978,4,1
AST-008828,Asset_8828,Database,Marketing,1,2,1,1,1714659.141863475,10374.676329394531,16,0
AST-008829,Asset_8829,Database,Engineering,1,2,1,2,1028766.2389206383,55848.338612100815,10,2
AST-008830,Asset_8830,Server,Finance,0,1,2,2,673486.1533170607,167446.17720986283,0,0
AST-008831,Asset_8831,Database,Sales,1,3,5,4,5824108.819312148,378489.3180094918,20,2
AST-008832,Asset_8832,Workstation,Finance,0,2,3,2,2173364.883212612,139151.50352189626,3,0
AST-008833,Asset_8833,Workstation,Engineering,0,1,3,1,1081012.3091879738,37944.08056216762,2,1
AST-008834,Asset_8834,Workstation,HR,1,2,1,2,1800036.7539843153,98569.52244257162,12,2
AST-008835,Asset_8835,Cloud_Storage,HR,0,3,1,2,2238265.0980784073,55018.773369357084,3,0
AST-008836,Asset_8836,Server,Operations,1,1,2,2,1263185.286422395,178540.02620920038,14,1
AST-008837,Asset_8837,Workstation,HR,0,1,2,1,1584781.484876366,69902.34065113508,2,1
AST-008838,Asset_8838,Workstation,Sales,0,3,2,3,3978579.001205271,52791.4012918883,2,1
AST-008839,Asset_8839,Cloud_Storage,HR,0,5,1,4,2765876.777139094,172096.12610905652,2,1
AST-008840,Asset_8840,Server,Sales,0,1,2,2,1705204.4614455006,116844.06742305073,1,1
AST-008841,Asset_8841,Workstation,Sales,0,4,1,2,7589564.910165751,163519.41458008575,4,0
AST-008842,Asset_8842,Network_Device,Finance,0,1,2,2,1160565.1112111313,185690.82814329665,2,1
AST-008843,Asset_8843,Server,HR,0,4,1,2,4198787.316797964,43881.21619254822,1,2
AST-008844,Asset_8844,Network_Device,Marketing,0,2,4,3,1689562.0316679957,255330.00125160682,1,0
AST-008845,Asset_8845,Server,HR,1,4,1,1,3811221.7990236795,15920.539917617769,19,4
AST-008846,Asset_8846,Workstation,HR,0,3,4,3,4400013.78415431,94932.42712587619,1,1
AST-008847,Asset_8847,Cloud_Storage,HR,0,1,4,3,1655219.1917943116,35673.31886311142,2,1
AST-008848,Asset_8848,Workstation,Operations,0,1,3,2,998323.6045210094,31489.109170691292,4,1
AST-008849,Asset_8849,Workstation,Marketing,0,2,5,3,2019017.8701338596,38753.449912729964,6,1
AST-008850,Asset_8850,Server,Marketing,0,1,1,1,1176651.9795535845,23140.707395426147,2,1
AST-008851,Asset_8851,Cloud_Storage,Sales,0,2,2,3,1510608.3295590836,266662.5803300219,5,1
AST-008852,Asset_8852,Workstation,Marketing,0,5,3,4,9454061.411328033,142177.571444663,1,0
AST-008853,Asset_8853,Server,Sales,0,1,1,1,1558184.1026801772,53174.3810055092,3,0
AST-008854,Asset_8854,Workstation,Finance,0,2,2,2,2300750.284823353,107680.94627927065,0,0
AST-008855,Asset_8855,Workstation,Sales,1,1,1,2,683408.7678334162,199147.3280427932,9,2
AST-008856,Asset_8856,Server,HR,0,2,2,2,3546476.6446740036,85641.12393045893,3,0
AST-008857,Asset_8857,Server,Engineering,1,1,4,3,1225571.5174652059,101576.81863203802,19,6
AST-008858,Asset_8858,Server,Engineering,0,1,2,1,1695324.3260785192,96692.02298490131,1,0
AST-008859,Asset_8859,Workstation,Operations,0,4,1,3,2200364.5235050935,189981.92471628176,5,1
AST-008860,Asset_8860,Workstation,HR,0,3,4,3,2731443.4332687967,108159.98851300153,3,0
AST-008861,Asset_8861,Workstation,Sales,1,3,1,2,4299429.1951113185,71747.46859213439,16,1
AST-008862,Asset_8862,Network_Device,HR,0,3,4,4,3695654.94552451,71090.57499189713,5,1
AST-008863,Asset_8863,Network_Device,Operations,0,2,5,3,1885215.9339298927,180354.53220402403,1,0
AST-008864,Asset_8864,Workstation,Marketing,0,3,4,4,2405086.068641183,300527.63861896447,0,2
AST-008865,Asset_8865,Server,Sales,0,1,2,2,952719.9937257238,105448.48362618138,1,0
AST-008866,Asset_8866,Workstation,HR,1,1,3,2,1613509.1013152048,179198.6390708654,18,1
AST-008867,Asset_8867,Workstation,Marketing,1,1,2,1,775561.0257519583,53556.83054935435,14,0
AST-008868,Asset_8868,Workstation,Operations,1,1,2,1,1390719.8114633113,41172.25040922851,13,3
AST-008869,Asset_8869,Workstation,Marketing,0,1,1,1,1135521.2501489904,32570.456477643664,2,1
AST-008870,Asset_8870,Database,Sales,1,1,1,2,1644556.8557911124,63792.798743481675,16,2
AST-008871,Asset_8871,Cloud_Storage,Operations,0,2,3,3,1604855.5678567588,115458.77113658389,4,0
AST-008872,Asset_8872,Server,Operations,0,1,2,1,905134.3643552009,99277.74098922993,1,0
AST-008873,Asset_8873,Workstation,Operations,1,3,2,2,3294093.8935898175,84948.77459800379,17,4
AST-008874,Asset_8874,Server,Finance,0,2,2,2,1499726.826118191,114427.98116808131,2,0
AST-008875,Asset_8875,Cloud_Storage,Operations,0,4,3,4,4767168.632868465,138883.04753324678,1,1
AST-008876,Asset_8876,Server,Finance,0,1,3,3,1124076.212225237,68754.68337342683,0,2
AST-008877,Asset_8877,Server,Marketing,0,2,1,2,3970256.6328421333,136250.01922863862,2,0
AST-008878,Asset_8878,Database,Finance,0,2,1,1,2781591.1278342614,59069.80370399459,2,0
AST-008879,Asset_8879,Database,Marketing,0,5,1,3,3020965.188303604,48313.12462429599,1,1
AST-008880,Asset_8880,Server,Finance,1,1,2,1,1189912.4712755503,89450.82180874757,10,3
AST-008881,Asset_8881,Workstation,Marketing,1,1,1,1,1817752.296114733,55693.89204392938,14,4
AST-008882,Asset_8882,Workstation,Marketing,1,1,3,2,1800151.381083806,80357.56089280921,14,4
AST-008883,Asset_8883,Server,Operations,0,1,1,1,1942707.829806373,80142.31431689256,3,1
AST-008884,Asset_8884,Database,Operations,1,2,1,2,3682692.600559724,40176.23856151593,11,1
AST-008885,Asset_8885,Network_Device,Marketing,1,3,3,2,2293348.6568146,105280.43255715253,19,3
AST-008886,Asset_8886,Workstation,Operations,0,1,1,1,505355.41173960554,59389.52401840627,1,0
AST-008887,Asset_8887,Workstation,Marketing,0,1,2,1,1424379.0338541775,79761.24894548926,2,1
AST-008888,Asset_8888,Workstation,Operations,0,1,4,3,1553666.5502599245,129966.04849778052,4,2
AST-008889,Asset_8889,Database,Engineering,0,1,2,2,696818.2250016142,173893.51769789975,0,1
AST-008890,Asset_8890,Server,Finance,0,4,3,4,3001011.7951891217,291162.24758110725,0,0
AST-008891,Asset_8891,Server,Marketing,0,4,3,3,7778459.3803322045,238190.34745035137,0,0
AST-008892,Asset_8892,Network_Device,HR,0,1,1,1,1915749.882117888,97216.98785122069,0,0
AST-008893,Asset_8893,Cloud_Storage,Operations,0,1,2,1,735457.323049517,86027.82279255702,1,0
AST-008894,Asset_8894,Workstation,Operations,0,4,1,2,3482050.425600065,82421.90628877141,2,1
AST-008895,Asset_8895,Server,Sales,1,1,1,1,1838170.493032889,68122.99543296665,19,4
AST-008896,Asset_8896,Server,HR,1,2,1,1,2304979.9919001046,88175.04326543162,12,1
AST-008897,Asset_8897,Database,HR,0,4,2,4,6788435.755167933,229043.770266102,2,1
AST-008898,Asset_8898,Workstation,Engineering,0,2,3,3,2187958.092277903,214355.9595328503,1,0
AST-008899,Asset_8899,Server,Finance,0,1,4,2,1604574.3729621428,51007.01203102603,1,0
AST-008900,Asset_8900,Cloud_Storage,Engineering,0,1,2,1,1095238.704580131,83432.28490310036,3,1
AST-008901,Asset_8901,Database,Finance,0,4,1,3,7395074.569547373,234514.37045149636,1,0
AST-008902,Asset_8902,Cloud_Storage,Marketing,1,1,2,2,988359.0185579481,180000.89698990295,18,3
AST-008903,Asset_8903,Workstation,Engineering,0,1,3,2,1284677.1979911933,147826.7753394049,1,0
AST-008904,Asset_8904,Workstation,Sales,1,3,1,3,3847901.584772447,266763.16037523723,15,1
AST-008905,Asset_8905,Workstation,Finance,1,3,1,2,4419921.203777747,49198.89741384625,15,1
AST-008906,Asset_8906,Workstation,Engineering,0,2,2,2,1920100.1336895232,166456.5244806261,3,0
AST-008907,Asset_8907,Workstation,Sales,0,1,2,2,1463990.7608974748,191534.10641967884,0,0
AST-008908,Asset_8908,Workstation,HR,0,2,3,4,1423107.4586332925,333582.7913773781,1,0
AST-008909,Asset_8909,Workstation,Operations,0,1,2,3,1840420.2849681962,196111.54157241737,3,0
AST-008910,Asset_8910,Cloud_Storage,Marketing,0,1,1,1,716260.2313416967,93385.00935030446,1,0
AST-008911,Asset_8911,Workstation,Marketing,1,3,1,2,5281327.206502586,37007.53878763537,13,1
AST-008912,Asset_8912,Workstation,HR,1,1,4,3,1539722.1040757112,34553.44129733484,11,5
AST-008913,Asset_8913,Network_Device,Engineering,1,1,1,1,1011600.6087762084,96878.81937183351,21,3
AST-008914,Asset_8914,Server,Operations,0,1,1,1,991149.8568927201,71470.46737751618,1,0
AST-008915,Asset_8915,Server,HR,0,2,3,2,3898135.222246695,40549.96238581685,0,0
AST-008916,Asset_8916,Workstation,Sales,0,3,2,3,2377427.380006597,121803.31655419605,1,1
AST-008917,Asset_8917,Workstation,Operations,0,3,2,3,4753314.444448645,232176.56258565,3,0
AST-008918,Asset_8918,Network_Device,Finance,0,2,2,3,1551046.9007691173,232604.64270123147,1,0
AST-008919,Asset_8919,Workstation,Engineering,0,2,5,3,3716192.561861605,75897.7163627798,2,1
AST-008920,Asset_8920,Workstation,Operations,0,2,1,2,3225817.0147042847,104626.57995497408,2,0
AST-008921,Asset_8921,Workstation,Finance,1,1,2,1,1899057.0327709054,82657.99872458684,12,3
AST-008922,Asset_8922,Server,HR,1,1,2,2,1818661.568926853,194023.50762845203,17,3
AST-008923,Asset_8923,Workstation,Marketing,0,2,1,1,2648496.650898552,66030.90291045848,2,2
AST-008924,Asset_8924,Network_Device,Operations,1,1,2,1,728343.6639318174,67432.00129116539,14,2
AST-008925,Asset_8925,Server,Operations,0,1,3,2,832189.2710597588,104482.87368955121,1,0
AST-008926,Asset_8926,Workstation,Finance,0,2,2,2,1605453.6215575146,117030.43902079693,1,1
AST-008927,Asset_8927,Workstation,Finance,1,2,4,3,1661918.3281744653,56712.066764628806,12,6
AST-008928,Asset_8928,Server,Marketing,0,2,2,2,2429242.4352428773,82925.8557437291,3,1
AST-008929,Asset_8929,Server,Finance,1,3,3,3,5405070.635157353,166969.29927435762,9,5
AST-008930,Asset_8930,Cloud_Storage,Finance,0,2,3,2,1069343.8152150374,69496.62173144848,3,1
AST-008931,Asset_8931,Database,Operations,1,4,2,3,3430882.439565088,127153.83847430929,20,3
AST-008932,Asset_8932,Server,Marketing,1,1,3,2,1395204.4716494926,194815.39618558885,11,2
AST-008933,Asset_8933,Server,Marketing,0,2,2,1,3595970.443773299,10468.220401780665,2,0
AST-008934,Asset_8934,Workstation,Operations,0,1,2,2,946220.5802359148,74475.81915783063,1,1
AST-008935,Asset_8935,Workstation,HR,0,1,2,2,1073790.7387802112,125111.72288368453,2,1
AST-008936,Asset_8936,Workstation,HR,0,4,1,3,4240552.458287032,105321.05862395733,2,0
AST-008937,Asset_8937,Server,Operations,0,1,3,2,940540.494394874,141763.4938621365,0,1
AST-008938,Asset_8938,Network_Device,Finance,1,1,1,1,1548143.941263042,36934.75723831896,12,3
AST-008939,Asset_8939,Database,Engineering,0,2,2,2,2967444.167351979,134877.3865605384,2,1
AST-008940,Asset_8940,Database,HR,1,1,1,1,1764912.5150151355,86487.63367604882,10,2
AST-008941,Asset_8941,Workstation,HR,1,2,2,2,3752732.1405076217,138555.90942804934,18,2
AST-008942,Asset_8942,Database,Operations,0,1,5,4,1850713.6971382708,57958.43534188792,3,0
AST-008943,Asset_8943,Network_Device,Operations,0,1,3,1,1310241.2568180729,81569.20326533754,2,0
AST-008944,Asset_8944,Cloud_Storage,Engineering,0,3,2,3,2335638.580910319,87456.37062542827,3,0
AST-008945,Asset_8945,Database,Engineering,0,2,2,2,1666486.1486168825,134262.4996070761,1,1
AST-008946,Asset_8946,Network_Device,Marketing,0,2,2,3,2770761.395382787,204618.094163245,3,0
AST-008947,Asset_8947,Workstation,Operations,0,2,1,2,3755194.5549528236,164672.6787645706,4,0
AST-008948,Asset_8948,Cloud_Storage,HR,0,3,1,2,3886941.4600411663,111048.16167334186,2,0
AST-008949,Asset_8949,Server,Sales,0,3,2,3,5710778.451450508,131510.1111123496,0,0
AST-008950,Asset_8950,Workstation,Sales,1,1,4,2,893375.0268784033,113245.0799190243,9,3
AST-008951,Asset_8951,Server,Finance,1,1,2,2,629520.166632601,118236.2477876063,15,2
AST-008952,Asset_8952,Network_Device,HR,0,1,2,1,1694435.609126083,83938.4329677461,2,0
AST-008953,Asset_8953,Server,Sales,0,1,4,3,1819075.372909392,85369.17301170253,1,1
AST-008954,Asset_8954,Workstation,HR,1,1,2,2,1172121.8848797374,172429.78070070368,16,1
AST-008955,Asset_8955,Database,Operations,1,1,1,1,653666.326516947,42913.68499983008,11,2
AST-008956,Asset_8956,Database,HR,0,3,1,1,1690472.8253791295,76947.60808246552,0,2
AST-008957,Asset_8957,Workstation,Sales,0,2,1,1,1187673.7467874933,40214.13263315716,2,1
AST-008958,Asset_8958,Network_Device,HR,0,1,3,3,1158671.689374715,221399.0442465461,4,0
AST-008959,Asset_8959,Workstation,Engineering,0,2,1,2,1704444.9728157555,163852.2776707154,2,0
AST-008960,Asset_8960,Network_Device,Finance,0,3,3,3,3578654.5642804108,180677.6767968104,7,0
AST-008961,Asset_8961,Server,Marketing,0,1,4,2,1232734.2537040315,131518.03213485648,4,0
AST-008962,Asset_8962,Workstation,Sales,0,2,1,1,2374278.5562261296,73698.4513793752,3,1
AST-008963,Asset_8963,Workstation,Operations,0,1,1,1,1429883.610485967,71958.46254426555,3,1
AST-008964,Asset_8964,Server,Marketing,0,2,2,2,3038211.3558268123,150934.799056616,1,0
AST-008965,Asset_8965,Workstation,Finance,0,1,1,1,1093918.0936844572,86470.78057950929,4,0
AST-008966,Asset_8966,Workstation,Engineering,1,2,2,2,2011095.1365042296,59692.955276118664,12,3
AST-008967,Asset_8967,Workstation,Engineering,0,2,2,3,2105203.8533106423,87977.50724392265,3,1
AST-008968,Asset_8968,Workstation,Engineering,1,2,2,3,1210544.590191162,292084.25234393263,15,4
AST-008969,Asset_8969,Workstation,Engineering,0,2,4,2,1964892.2586839912,173237.71809519868,3,0
AST-008970,Asset_8970,Server,Sales,0,2,1,2,1599737.938529604,126506.92436431762,2,1
AST-008971,Asset_8971,Server,Sales,0,1,1,1,936260.2580954251,10736.091693359002,3,0
AST-008972,Asset_8972,Workstation,HR,0,2,4,3,3143191.302122734,260784.72239509434,2,0
AST-008973,Asset_8973,Server,Operations,0,4,1,2,7931230.608056556,155287.38266186955,4,2
AST-008974,Asset_8974,Server,HR,0,3,1,1,5655988.351541793,96073.85646063737,4,0
AST-008975,Asset_8975,Workstation,Operations,1,5,4,4,8662189.858955726,44738.25676117123,13,1
AST-008976,Asset_8976,Workstation,Finance,1,1,1,1,1605795.6000907612,12567.316855254925,15,3
AST-008977,Asset_8977,Database,HR,0,1,1,1,1917406.4738015889,56570.54589356176,0,1
AST-008978,Asset_8978,Workstation,Finance,1,2,2,3,3256125.5374101754,261133.2865079259,14,5
AST-008979,Asset_8979,Workstation,Finance,0,1,1,1,1206432.0056964997,99218.47397433504,2,0
AST-008980,Asset_8980,Database,Finance,0,1,2,1,1402042.8885755022,38802.270596462804,1,0
AST-008981,Asset_8981,Workstation,Engineering,0,2,2,1,1917354.9132711394,13272.731729876004,4,0
AST-008982,Asset_8982,Workstation,Marketing,0,1,2,2,504962.50668045925,55191.44415011721,4,0
AST-008983,Asset_8983,Workstation,Marketing,0,1,1,1,1030419.3414974952,88930.93323944871,1,0
AST-008984,Asset_8984,Workstation,Sales,0,5,4,4,5536223.887014847,207922.1363254866,2,0
AST-008985,Asset_8985,Server,Finance,0,1,1,2,1599638.2363824237,173595.25212394402,0,0
AST-008986,Asset_8986,Workstation,Engineering,0,1,2,2,1788830.7560344068,99903.49247537424,2,2
AST-008987,Asset_8987,Database,HR,0,1,4,2,1943982.0768041238,29610.166367774225,1,1
AST-008988,Asset_8988,Cloud_Storage,HR,0,3,2,2,3083062.890103144,131163.54144398088,3,0
AST-008989,Asset_8989,Network_Device,Sales,0,3,1,3,5808286.213643003,147633.73395654775,2,0
AST-008990,Asset_8990,Workstation,Sales,0,1,1,1,1699078.335040358,54221.787875625494,2,0
AST-008991,Asset_8991,Server,Finance,1,1,5,4,546266.56660358,381629.4678229253,12,3
AST-008992,Asset_8992,Server,Finance,0,3,3,4,4178673.81166561,204546.9958944284,1,1
AST-008993,Asset_8993,Database,HR,0,1,4,2,1048462.6996626406,163374.9450360621,2,0
AST-008994,Asset_8994,Workstation,HR,0,5,2,3,2755084.069411878,45906.39174418503,1,2
AST-008995,Asset_8995,Server,HR,1,2,1,2,2594509.248592913,106227.01129923676,16,7
AST-008996,Asset_8996,Workstation,HR,0,1,1,2,1377225.621329554,125605.0701651395,1,0
AST-008997,Asset_8997,Server,Marketing,0,4,4,4,3513384.528989585,80763.1932475375,3,1
AST-008998,Asset_8998,Cloud_Storage,Finance,0,1,2,1,1909819.6264368687,37200.998749084116,2,0
AST-008999,Asset_8999,Server,Finance,1,1,1,1,1415681.3557545547,76563.42852579635,20,1
AST-009000,Asset_9000,Cloud_Storage,HR,0,1,2,2,763945.4800558148,53103.19785025622,1,0
AST-009001,Asset_9001,Cloud_Storage,Engineering,0,3,1,2,4745655.865657696,43121.24703509633,1,0
AST-009002,Asset_9002,Workstation,HR,0,1,1,1,1248709.330451344,36934.79592642148,1,0
AST-009003,Asset_9003,Workstation,Operations,0,1,2,1,1209851.0681305923,87306.55127212289,2,0
AST-009004,Asset_9004,Workstation,Sales,0,1,1,1,1751799.8941760787,78664.91497161763,1,0
AST-009005,Asset_9005,Workstation,Operations,1,3,1,2,2121809.0930620935,159824.2840059787,11,0
AST-009006,Asset_9006,Database,Engineering,0,1,2,2,1236480.1072582568,78042.35406308551,1,0
AST-009007,Asset_9007,Database,Sales,0,1,2,2,1671144.5819244203,37809.03149944704,4,0
AST-009008,Asset_9008,Workstation,Engineering,0,2,1,1,2981165.31657763,12875.74730625406,3,1
AST-009009,Asset_9009,Workstation,Sales,0,3,1,2,1524361.4585363974,125515.71634565861,1,1
AST-009010,Asset_9010,Workstation,HR,0,3,5,5,5043527.664649243,366028.51559857227,1,1
AST-009011,Asset_9011,Server,HR,0,1,1,1,1917007.8722536557,44010.2024487687,3,0
AST-009012,Asset_9012,Database,Engineering,0,3,1,2,4671009.756787963,115195.11819549346,3,0
AST-009013,Asset_9013,Server,Sales,0,2,1,1,3627702.774683672,35110.348368286286,2,0
AST-009014,Asset_9014,Server,Marketing,0,1,1,1,1041217.5784417597,42787.1996173571,3,0
AST-009015,Asset_9015,Server,Engineering,1,3,2,2,3077714.1560618496,151366.9045443953,10,2
AST-009016,Asset_9016,Server,Engineering,0,2,4,4,1962593.5901614744,298559.2794261513,2,3
AST-009017,Asset_9017,Server,Operations,1,2,2,1,3204908.280853006,12528.253545803916,15,6
AST-009018,Asset_9018,Network_Device,Finance,0,4,3,3,7652395.739927403,284942.5227203309,4,0
AST-009019,Asset_9019,Server,Engineering,0,2,4,3,3656202.313938424,102633.21742609666,3,0
AST-009020,Asset_9020,Workstation,Marketing,0,1,1,1,725320.8510847006,91682.7850246608,2,0
AST-009021,Asset_9021,Server,HR,0,4,2,4,5756646.409907204,224282.8603173945,2,0
AST-009022,Asset_9022,Network_Device,Sales,0,1,2,1,1993937.4192909917,54926.381447007734,2,0
AST-009023,Asset_9023,Workstation,Finance,1,2,1,1,1886105.2523375778,50555.184728160995,17,1
AST-009024,Asset_9024,Database,Sales,1,1,3,2,1452177.1895223558,186036.93022375225,17,1
AST-009025,Asset_9025,Workstation,HR,0,1,3,2,1859935.7453229849,57459.43719439139,6,0
AST-009026,Asset_9026,Database,Engineering,1,2,2,2,3698644.420332481,130096.13098419951,20,4
AST-009027,Asset_9027,Workstation,Operations,0,2,1,2,1964425.8466797662,77200.68933645688,3,0
AST-009028,Asset_9028,Server,Marketing,1,2,1,1,1281774.744795807,92371.47576633723,13,2
AST-009029,Asset_9029,Cloud_Storage,Finance,0,3,1,1,4407040.315819016,25240.648911197775,3,1
AST-009030,Asset_9030,Workstation,Marketing,1,1,1,1,1920451.2471151948,70857.07951827321,14,5
AST-009031,Asset_9031,Database,Marketing,0,2,3,2,2523951.183577385,95916.51903380372,1,2
AST-009032,Asset_9032,Workstation,Marketing,1,3,1,2,3559683.275857754,139020.11582799302,11,4
AST-009033,Asset_9033,Database,Marketing,0,3,2,2,5387767.83283784,48369.35308782574,3,0
AST-009034,Asset_9034,Network_Device,HR,0,2,1,2,2273790.0372227384,90858.63545651536,2,0
AST-009035,Asset_9035,Workstation,Marketing,0,1,3,2,1521393.0564994006,39307.2529678956,2,1
AST-009036,Asset_9036,Workstation,Operations,1,2,4,3,2165927.0732147126,291569.7852189441,16,4
AST-009037,Asset_9037,Server,Marketing,0,2,3,3,2131412.478619769,87777.94912676499,1,1
AST-009038,Asset_9038,Network_Device,HR,0,1,2,1,781711.348012247,99390.35136099438,0,0
AST-009039,Asset_9039,Workstation,Sales,0,2,1,3,1265355.010908426,142994.50256729574,3,0
AST-009040,Asset_9040,Server,HR,1,1,1,1,1827741.013871044,16439.421418948063,12,1
AST-009041,Asset_9041,Server,Operations,0,5,2,4,3859148.681770629,46327.065722651605,1,0
AST-009042,Asset_9042,Database,Operations,0,3,5,3,1779982.8098377583,191718.22044275916,0,2
AST-009043,Asset_9043,Cloud_Storage,Engineering,1,1,2,1,1373462.163429932,65325.66906806846,14,6
AST-009044,Asset_9044,Server,HR,0,1,2,1,1318995.122462288,57231.384777727246,3,0
AST-009045,Asset_9045,Workstation,Sales,0,3,3,4,4054905.1648765127,63903.703073274955,0,0
AST-009046,Asset_9046,Server,Engineering,0,3,2,3,3606471.9964521993,119506.1795420326,5,0
AST-009047,Asset_9047,Database,Engineering,1,5,2,3,3564522.641636011,126949.11771187015,12,2
AST-009048,Asset_9048,Workstation,Finance,0,1,1,1,531372.2496493517,73433.50594532231,2,0
AST-009049,Asset_9049,Cloud_Storage,Marketing,0,1,1,1,569620.890836645,47696.92526797666,0,0
AST-009050,Asset_9050,Workstation,Engineering,1,4,3,4,7658882.875012152,246268.15966604266,15,3
AST-009051,Asset_9051,Network_Device,Engineering,0,1,3,2,1297781.3880892855,71539.4615318374,2,0
AST-009052,Asset_9052,Workstation,Operations,1,3,2,2,3298744.2096748506,150676.71238663647,18,3
AST-009053,Asset_9053,Server,Sales,0,1,2,1,1116247.7242351985,14208.932340888832,3,2
AST-009054,Asset_9054,Database,Engineering,0,3,1,2,4434879.066862209,197930.76623500258,0,1
AST-009055,Asset_9055,Workstation,Sales,0,1,2,2,1064994.1663912726,135468.66577334708,3,0
AST-009056,Asset_9056,Cloud_Storage,Marketing,0,2,1,1,3389377.199453232,23397.505855186384,2,0
AST-009057,Asset_9057,Network_Device,Operations,0,2,3,2,1779828.751806084,149148.34707079345,1,0
AST-009058,Asset_9058,Server,Finance,0,5,2,4,5254443.4711116515,323160.5800467066,2,0
AST-009059,Asset_9059,Server,Finance,1,1,2,2,1902495.223536126,161947.27892916775,15,5
AST-009060,Asset_9060,Server,Marketing,0,1,1,1,890425.5112969364,34365.89431100301,1,0
AST-009061,Asset_9061,Cloud_Storage,Marketing,1,1,2,2,1492378.8460665103,192554.78848191144,11,7
AST-009062,Asset_9062,Network_Device,Operations,0,4,1,3,4187403.65673908,34789.227810616285,0,0
AST-009063,Asset_9063,Workstation,Operations,0,2,1,2,2413591.3421547804,88371.10047264403,3,1
AST-009064,Asset_9064,Database,HR,1,2,2,2,1135564.8581443636,38759.27063104611,24,2
AST-009065,Asset_9065,Workstation,Engineering,0,1,2,1,750850.8350102172,44637.346545985965,0,1
AST-009066,Asset_9066,Workstation,Engineering,1,2,1,2,1305738.3524757598,30300.499484171436,14,7
AST-009067,Asset_9067,Server,Engineering,0,1,4,3,1767072.7215965062,204144.5269543796,4,0
AST-009068,Asset_9068,Workstation,Sales,0,1,2,1,1942536.887333731,15621.504115188487,2,0
AST-009069,Asset_9069,Server,HR,0,3,2,3,1805885.7644083356,196278.63392385124,0,0
AST-009070,Asset_9070,Server,Engineering,0,1,2,2,615268.6552913712,62135.16660268892,1,1
AST-009071,Asset_9071,Network_Device,Sales,0,2,2,1,2656506.8259596787,26123.30880332236,3,2
AST-009072,Asset_9072,Workstation,Sales,1,3,2,3,3768157.161490374,123690.233259879,20,3
AST-009073,Asset_9073,Workstation,Finance,0,4,3,3,5903432.79667668,203059.4777952113,2,1
AST-009074,Asset_9074,Workstation,Sales,0,3,3,3,4815626.259734465,186114.13184725813,0,0
AST-009075,Asset_9075,Database,Marketing,1,1,2,2,1695829.198534139,142484.88721939566,13,6
AST-009076,Asset_9076,Workstation,Operations,1,2,2,2,1447250.14073512,185416.5763803939,20,4
AST-009077,Asset_9077,Workstation,Sales,0,1,1,1,556753.5938562262,28297.286066179087,2,1
AST-009078,Asset_9078,Workstation,Marketing,0,1,1,1,1833738.3089963465,47202.140152828775,4,1
AST-009079,Asset_9079,Workstation,Marketing,0,2,2,1,2408622.681141343,33923.85547638363,4,0
AST-009080,Asset_9080,Server,Finance,0,4,4,4,7827465.959125938,251085.27804934772,0,1
AST-009081,Asset_9081,Database,Finance,0,1,2,2,1299154.2278035046,71012.142862773,1,1
AST-009082,Asset_9082,Workstation,Sales,1,1,2,1,1265041.063251108,60221.50319758791,14,3
AST-009083,Asset_9083,Database,Finance,0,2,1,1,2868938.076738421,84084.7421719416,2,1
AST-009084,Asset_9084,Workstation,Finance,0,1,2,2,755215.9723135681,119170.18233765876,3,0
AST-009085,Asset_9085,Database,Operations,1,2,2,2,1762121.5151159086,170863.24436802263,11,1
AST-009086,Asset_9086,Server,Engineering,0,1,3,2,1858709.6895855754,130043.03659254672,3,0
AST-009087,Asset_9087,Database,Sales,1,1,1,1,818491.6249832553,88326.98513200671,23,3
AST-009088,Asset_9088,Cloud_Storage,Sales,0,2,2,2,1698912.4959500367,187475.07593538408,1,1
AST-009089,Asset_9089,Server,Sales,0,4,4,4,5059904.97608506,222812.63305047844,2,0
AST-009090,Asset_9090,Workstation,Finance,1,2,4,3,2923454.060668458,243474.42069411688,17,0
AST-009091,Asset_9091,Workstation,Operations,0,3,4,4,1504067.3997663357,208773.56031578532,2,2
AST-009092,Asset_9092,Server,Finance,1,1,1,1,1185171.7858865045,73467.44003733221,14,3
AST-009093,Asset_9093,Workstation,Marketing,0,4,4,3,4394078.753364448,40127.123865620626,3,0
AST-009094,Asset_9094,Workstation,HR,1,1,3,2,1798428.7888148327,194044.24090655337,20,1
AST-009095,Asset_9095,Workstation,HR,0,4,4,3,7038184.802219749,271470.03431931086,2,0
AST-009096,Asset_9096,Network_Device,HR,0,2,4,4,3717770.3560259105,361583.4506276674,2,0
AST-009097,Asset_9097,Server,Engineering,0,1,4,3,1763075.9157304475,105937.84786191335,2,2
AST-009098,Asset_9098,Server,Finance,0,1,1,1,1680067.0454857692,35485.05196889957,2,1
AST-009099,Asset_9099,Cloud_Storage,Marketing,0,2,1,1,3577014.8823722983,46234.06796842819,0,3
AST-009100,Asset_9100,Database,Marketing,0,1,2,2,762209.7866507731,178434.11770520877,3,1
AST-009101,Asset_9101,Workstation,HR,0,4,2,4,4045094.5501058977,349110.08919105463,2,1
AST-009102,Asset_9102,Workstation,Operations,0,1,1,1,1525427.4874549164,36051.39742538512,2,1
AST-009103,Asset_9103,Database,Engineering,1,1,2,2,1884696.4378517487,117519.71040456711,22,1
AST-009104,Asset_9104,Workstation,Engineering,0,1,1,2,1500363.1490359353,105530.62640231899,2,0
AST-009105,Asset_9105,Server,HR,0,1,1,2,811923.3566165133,137121.5333118167,2,1
AST-009106,Asset_9106,Server,HR,0,2,1,2,3833995.191458668,58501.983742592114,0,1
AST-009107,Asset_9107,Server,Finance,0,2,1,2,3281025.4117999785,35309.11378463061,1,2
AST-009108,Asset_9108,Network_Device,Operations,1,3,3,4,4724446.902694985,49811.84406302923,18,2
AST-009109,Asset_9109,Server,Engineering,0,1,4,2,1643759.925966695,88655.11663288642,1,1
AST-009110,Asset_9110,Workstation,Marketing,0,4,2,3,5954868.145097057,285585.1932576038,1,1
AST-009111,Asset_9111,Cloud_Storage,HR,0,1,2,1,533168.8756417139,71633.2879287934,0,2
AST-009112,Asset_9112,Workstation,Finance,1,4,1,2,3521709.5578360585,154843.43073592402,15,4
AST-009113,Asset_9113,Workstation,Marketing,0,1,2,2,1934857.7599394778,190129.4527807457,2,0
AST-009114,Asset_9114,Workstation,Engineering,1,3,3,3,2798719.2604045956,143953.91461443587,20,2
AST-009115,Asset_9115,Database,HR,0,2,2,3,3314879.4534659577,158079.34019986418,2,1
AST-009116,Asset_9116,Workstation,Operations,1,1,1,1,1136725.9556136946,42358.69893531855,19,3
AST-009117,Asset_9117,Workstation,HR,0,1,3,3,1861291.5737768456,78970.61883318562,2,2
AST-009118,Asset_9118,Cloud_Storage,Operations,1,2,5,4,2673007.163730112,315901.8198805121,14,2
AST-009119,Asset_9119,Cloud_Storage,Finance,0,1,1,1,1447828.9952818877,91601.72136379151,2,0
AST-009120,Asset_9120,Network_Device,Finance,0,2,1,2,1718875.502506231,166497.60212917643,4,0
AST-009121,Asset_9121,Network_Device,Engineering,1,2,1,2,1172570.2193293518,28589.629009166907,17,4
AST-009122,Asset_9122,Workstation,Operations,0,3,1,2,4904503.320682323,73846.05384312266,1,1
AST-009123,Asset_9123,Workstation,HR,0,5,4,5,3007324.6712302947,316438.5127247105,3,0
AST-009124,Asset_9124,Network_Device,Finance,1,1,4,2,1582697.2869786853,78893.31652912364,15,0
AST-009125,Asset_9125,Database,HR,0,1,2,3,1333239.292942737,70532.09798447415,5,0
AST-009126,Asset_9126,Cloud_Storage,Engineering,0,1,3,2,1730035.569435283,116905.35754238161,4,0
AST-009127,Asset_9127,Workstation,Operations,0,3,2,2,2425978.902633816,113868.59107121064,1,0
AST-009128,Asset_9128,Workstation,HR,0,4,1,2,5249177.731601447,147780.97385943012,2,2
AST-009129,Asset_9129,Workstation,Marketing,1,5,2,4,7106285.405129874,399952.19218103494,13,4
AST-009130,Asset_9130,Cloud_Storage,HR,0,4,3,4,2445786.7599608903,273365.8355370074,1,1
AST-009131,Asset_9131,Server,Sales,0,4,3,4,6433644.10325171,154078.7990362188,3,1
AST-009132,Asset_9132,Workstation,Sales,0,5,1,2,5417720.764108594,192148.60830181983,1,1
AST-009133,Asset_9133,Workstation,Engineering,0,1,2,1,693371.1340687674,61417.04285439412,2,0
AST-009134,Asset_9134,Server,Engineering,1,4,1,3,4322389.599743052,204348.7504901777,17,2
AST-009135,Asset_9135,Workstation,Engineering,1,3,3,4,1942356.685724878,168721.9517861848,21,4
AST-009136,Asset_9136,Workstation,Marketing,0,1,2,1,1831993.809556199,50665.27448609309,2,0
AST-009137,Asset_9137,Workstation,Operations,0,1,1,1,1185139.8510734637,47676.784964348844,0,1
AST-009138,Asset_9138,Database,Marketing,1,1,3,2,707042.0930807046,188518.83780537837,15,1
AST-009139,Asset_9139,Workstation,HR,0,3,2,4,2634430.549774921,331452.448323845,3,1
AST-009140,Asset_9140,Workstation,Finance,0,2,1,1,3173947.3100987365,18163.365814171033,1,2
AST-009141,Asset_9141,Workstation,Operations,0,1,4,3,1679132.2507627385,114743.91977551594,2,0
AST-009142,Asset_9142,Server,Sales,0,3,1,2,1685923.7782522312,30023.937238745588,1,0
AST-009143,Asset_9143,Cloud_Storage,Sales,1,1,1,1,589820.3110858183,56508.34175305852,16,3
AST-009144,Asset_9144,Workstation,Sales,0,3,1,2,5627333.270501056,70296.37233143009,1,0
AST-009145,Asset_9145,Workstation,HR,1,3,1,2,2989420.025502516,33212.03491429444,11,2
AST-009146,Asset_9146,Workstation,HR,0,5,2,4,3949929.006012761,317923.2761339945,1,0
AST-009147,Asset_9147,Database,Engineering,0,1,2,1,684586.4475548569,18201.540136940304,1,0
AST-009148,Asset_9148,Workstation,Finance,1,4,2,3,4855744.86850469,103322.23949616622,10,5
AST-009149,Asset_9149,Workstation,Engineering,1,1,1,1,1656579.0416569086,79447.35057481893,16,7
AST-009150,Asset_9150,Workstation,HR,1,2,1,1,2563353.30266339,56041.47090733647,15,5
AST-009151,Asset_9151,Workstation,Marketing,0,2,2,2,1062021.0388716657,167080.85582306373,2,0
AST-009152,Asset_9152,Workstation,Engineering,1,2,2,2,2451714.8979824483,94606.62655864781,10,2
AST-009153,Asset_9153,Server,Operations,0,5,1,2,4837428.079217032,166675.19863820646,1,0
AST-009154,Asset_9154,Workstation,HR,0,2,1,2,3048577.510515947,116869.46555444499,1,0
AST-009155,Asset_9155,Server,HR,0,4,1,2,5141053.810357558,35831.69434998065,3,1
AST-009156,Asset_9156,Server,Marketing,0,1,1,1,1948005.72490163,52434.14463595399,2,0
AST-009157,Asset_9157,Cloud_Storage,Marketing,1,1,1,2,1397246.2310553314,119637.85150726339,17,2
AST-009158,Asset_9158,Workstation,Marketing,0,2,3,2,2897442.898319696,130178.30191945421,1,0
AST-009159,Asset_9159,Workstation,Finance,0,1,1,1,1280346.1600378782,93509.49563815219,0,0
AST-009160,Asset_9160,Workstation,Operations,0,5,1,4,4832541.154686096,106080.61199244653,1,1
AST-009161,Asset_9161,Cloud_Storage,HR,0,3,2,2,4337714.210628572,129085.03810729213,1,0
AST-009162,Asset_9162,Workstation,Marketing,0,2,2,2,1998734.8997154625,155364.0372348839,1,0
AST-009163,Asset_9163,Workstation,Finance,0,3,2,2,4728066.664355149,180191.89799073339,2,2
AST-009164,Asset_9164,Database,Sales,0,2,1,3,1710539.311912364,171832.6450882402,1,0
AST-009165,Asset_9165,Cloud_Storage,Operations,0,1,3,2,1051492.052467582,58511.09571589655,1,0
AST-009166,Asset_9166,Network_Device,Sales,1,2,2,2,2750944.9796284195,167182.784089133,9,1
AST-009167,Asset_9167,Network_Device,Sales,0,2,1,2,2885475.1071653655,182908.61834857755,2,1
AST-009168,Asset_9168,Server,HR,0,5,1,3,7514596.45943612,58719.3883657093,1,1
AST-009169,Asset_9169,Server,Finance,1,1,1,1,1550474.7030703228,30674.515270027074,15,5
AST-009170,Asset_9170,Server,Finance,0,2,3,3,1954919.1316713209,265295.08060937026,1,0
AST-009171,Asset_9171,Server,Sales,1,1,2,2,1838864.6114521592,107194.8019031215,19,4
AST-009172,Asset_9172,Network_Device,Operations,0,1,1,1,544900.4123817119,25219.038457078084,2,0
AST-009173,Asset_9173,Server,Engineering,1,2,1,1,1565289.8140550004,68076.51371226218,17,2
AST-009174,Asset_9174,Server,Sales,0,1,4,3,605211.2293514158,153738.00973852552,1,0
AST-009175,Asset_9175,Server,HR,0,3,2,1,4521916.375735668,97116.34549935978,3,0
AST-009176,Asset_9176,Server,Sales,0,2,1,1,1820995.7094256813,30044.274190557946,3,2
AST-009177,Asset_9177,Server,Operations,0,1,2,1,798730.2608808063,42594.568168862534,2,1
AST-009178,Asset_9178,Workstation,Operations,1,2,1,1,2442002.4627209143,24953.608714809016,16,3
AST-009179,Asset_9179,Workstation,Sales,0,1,2,2,1428571.2826207038,28951.8574128093,2,0
AST-009180,Asset_9180,Server,Finance,0,4,2,3,5715476.535522734,103953.89817571973,2,0
AST-009181,Asset_9181,Workstation,Sales,0,1,4,3,1336178.7941693556,251353.5439092082,3,0
AST-009182,Asset_9182,Workstation,Marketing,1,1,2,2,1987979.540029591,68101.93433252614,19,3
AST-009183,Asset_9183,Server,Marketing,1,2,1,1,3580644.3314653374,72670.8755763881,10,2
AST-009184,Asset_9184,Workstation,Engineering,0,5,3,5,4291451.538373905,286710.55364717625,3,0
AST-009185,Asset_9185,Workstation,HR,0,4,4,4,6552297.5579094775,227095.606181617,5,0
AST-009186,Asset_9186,Workstation,HR,0,1,2,1,1353945.8329696832,80338.89317141453,1,0
AST-009187,Asset_9187,Workstation,Finance,0,1,1,1,605778.5732636119,65599.10780590118,0,1
AST-009188,Asset_9188,Server,HR,0,2,4,3,1148743.2547681655,73161.0467884352,2,0
AST-009189,Asset_9189,Cloud_Storage,Engineering,0,3,1,1,5098285.737803586,29868.783675690585,1,1
AST-009190,Asset_9190,Network_Device,Marketing,1,1,1,1,1317486.0345139038,58940.62094854239,9,1
AST-009191,Asset_9191,Cloud_Storage,Finance,1,2,1,2,2713974.6665635924,172156.63703637582,17,4
AST-009192,Asset_9192,Server,Operations,0,1,1,1,1004403.5823091464,23708.733626812857,2,0
AST-009193,Asset_9193,Cloud_Storage,Marketing,0,1,3,3,1895522.106687519,58861.73737110677,0,0
AST-009194,Asset_9194,Network_Device,Engineering,1,2,1,1,3140043.3467511125,56578.46644663718,10,6
AST-009195,Asset_9195,Network_Device,Finance,0,1,1,1,1891658.7428588879,26978.583919879333,5,0
AST-009196,Asset_9196,Server,Sales,0,1,2,1,648900.886123868,99481.20951759873,5,0
AST-009197,Asset_9197,Workstation,HR,1,1,2,2,1375594.024042153,20784.492415622997,11,1
AST-009198,Asset_9198,Cloud_Storage,Engineering,0,2,3,3,2912581.749482846,151193.07218904945,1,0
AST-009199,Asset_9199,Workstation,Finance,0,1,1,2,688989.9841389165,49257.46185346587,1,0
AST-009200,Asset_9200,Workstation,Marketing,0,2,1,1,2038794.9643110414,71297.09715292606,1,0
AST-009201,Asset_9201,Cloud_Storage,Finance,0,4,2,3,3288826.0831890022,200136.3197074021,2,2
AST-009202,Asset_9202,Workstation,Sales,0,1,1,1,1976688.463373622,82636.10544386126,1,0
AST-009203,Asset_9203,Workstation,Engineering,0,2,1,2,2630245.5734559726,121412.5398250417,0,1
AST-009204,Asset_9204,Workstation,Finance,0,3,3,3,2918674.1084056273,81129.51152833537,1,1
AST-009205,Asset_9205,Cloud_Storage,Operations,1,1,2,2,1496744.978067978,29596.65133831154,10,2
AST-009206,Asset_9206,Server,Engineering,0,1,2,2,1489321.4306378635,149986.4193292575,0,1
AST-009207,Asset_9207,Workstation,Engineering,0,1,2,1,1020995.5639137715,49592.967658185225,3,2
AST-009208,Asset_9208,Workstation,Marketing,0,2,2,2,3981768.5769532616,59998.310018851116,3,0
AST-009209,Asset_9209,Workstation,HR,0,2,1,2,3426884.747466979,65327.92394123065,2,0
AST-009210,Asset_9210,Workstation,Operations,1,1,1,1,1100477.2546721557,23412.40861482342,9,4
AST-009211,Asset_9211,Cloud_Storage,Sales,0,3,1,2,4470267.049336338,71044.46019034594,0,0
AST-009212,Asset_9212,Cloud_Storage,Finance,0,3,5,4,4697428.302280061,325127.70142331027,0,1
AST-009213,Asset_9213,Server,HR,0,1,3,1,760724.7794946322,65859.40584865588,12,0
AST-009214,Asset_9214,Workstation,Marketing,0,3,2,2,5451716.274573674,197731.69574005826,6,0
AST-009215,Asset_9215,Server,HR,0,1,1,1,1739056.7148505435,57185.31116210735,2,1
AST-009216,Asset_9216,Database,Engineering,0,2,1,1,3267024.7921463316,56934.0681802352,3,1
AST-009217,Asset_9217,Workstation,Engineering,0,1,3,2,834014.0915646914,54449.491039463035,2,0
AST-009218,Asset_9218,Cloud_Storage,Sales,1,2,4,3,1408749.444422295,188342.99270398688,14,2
AST-009219,Asset_9219,Network_Device,Operations,1,1,1,2,770822.1255653542,129506.17936132058,16,7
AST-009220,Asset_9220,Server,Finance,1,2,4,3,1279056.4277739094,85763.38729182788,10,4
AST-009221,Asset_9221,Server,Finance,1,1,1,2,1910436.244952202,35833.89336072954,18,5
AST-009222,Asset_9222,Workstation,Marketing,1,3,1,1,5331725.023171812,43189.41632982975,20,2
AST-009223,Asset_9223,Workstation,Sales,1,1,1,1,636169.2003183599,25489.311191189212,17,6
AST-009224,Asset_9224,Server,Finance,0,1,3,2,1516956.059009032,110576.82538703416,1,0
AST-009225,Asset_9225,Network_Device,Operations,0,1,2,2,868381.0253611645,114699.7687532362,4,1
AST-009226,Asset_9226,Cloud_Storage,Engineering,1,1,3,3,525910.4799679057,194202.08413199786,10,1
AST-009227,Asset_9227,Workstation,Sales,0,3,1,1,2815764.6188732823,64254.78972809299,1,2
AST-009228,Asset_9228,Network_Device,HR,0,5,2,4,5800225.519845951,282956.12677626143,1,3
AST-009229,Asset_9229,Database,Sales,0,3,1,2,1590171.7137939031,61481.87971977208,3,2
AST-009230,Asset_9230,Workstation,Sales,0,4,1,2,3942320.1849669,151551.74569841535,0,0
AST-009231,Asset_9231,Workstation,Operations,0,1,1,2,1550528.9439331384,114468.20085151392,3,2
AST-009232,Asset_9232,Server,Operations,0,1,3,2,842642.6885517386,98715.07293813128,2,0
AST-009233,Asset_9233,Cloud_Storage,Finance,0,2,2,2,2454678.925977396,136621.1759903398,3,2
AST-009234,Asset_9234,Workstation,Marketing,1,5,1,3,9156856.847773463,165340.386274998,20,3
AST-009235,Asset_9235,Workstation,Marketing,1,2,1,2,1085172.949626947,114620.24545772337,14,2
AST-009236,Asset_9236,Database,Operations,1,1,3,2,1678455.718399589,24184.605391133995,14,3
AST-009237,Asset_9237,Server,Finance,1,1,1,1,1075839.235454313,82183.3148237713,17,5
AST-009238,Asset_9238,Server,Finance,0,1,4,2,1311724.8365541846,96351.65550134837,2,2
AST-009239,Asset_9239,Workstation,Finance,0,1,4,2,846307.5914920979,113253.7684417698,3,0
AST-009240,Asset_9240,Workstation,Operations,0,3,2,3,4105268.0729717715,135275.84277194223,2,0
AST-009241,Asset_9241,Database,Marketing,1,1,2,2,1596049.4742898252,119275.4854113381,10,1
AST-009242,Asset_9242,Workstation,Finance,0,4,2,3,3209227.5780646247,44591.44427314949,2,1
AST-009243,Asset_9243,Workstation,Operations,1,4,1,4,4059612.9065981004,178207.26210390488,14,4
AST-009244,Asset_9244,Workstation,HR,0,4,1,2,5404273.986247227,140362.00258268477,2,0
AST-009245,Asset_9245,Workstation,HR,1,4,1,2,4500685.981551344,188920.29868714546,14,2
AST-009246,Asset_9246,Cloud_Storage,Engineering,0,1,4,2,939729.3168332162,172852.44359749128,4,2
AST-009247,Asset_9247,Workstation,HR,1,5,3,4,5887655.7467265725,386614.49101338285,16,2
AST-009248,Asset_9248,Workstation,Sales,0,1,1,1,936241.6507708989,80336.31859154957,6,0
AST-009249,Asset_9249,Server,Engineering,0,4,2,3,3811241.5002487022,200806.66366242617,4,0
AST-009250,Asset_9250,Database,HR,0,1,1,1,1415950.515939882,48094.51981619338,2,1
AST-009251,Asset_9251,Server,Sales,1,2,3,3,2431195.8150150944,63248.446263851896,24,3
AST-009252,Asset_9252,Workstation,HR,0,1,1,1,1515608.3369653027,32572.19233276259,0,1
AST-009253,Asset_9253,Server,Operations,1,1,2,1,1756167.498456176,34405.754176633345,15,3
AST-009254,Asset_9254,Database,Sales,1,4,1,2,7657791.971773384,97018.94341704929,15,5
AST-009255,Asset_9255,Workstation,Finance,1,3,2,2,2181080.988511204,129771.37480929257,11,4
AST-009256,Asset_9256,Database,Operations,0,2,1,1,2878571.035559263,65679.56615347025,3,1
AST-009257,Asset_9257,Server,Sales,0,2,1,2,2747198.6147837834,101997.6747391292,2,1
AST-009258,Asset_9258,Server,Operations,0,3,2,2,5401253.652934566,69435.87662107179,3,1
AST-009259,Asset_9259,Workstation,Finance,1,1,2,1,1843834.857673749,15084.497067006248,11,4
AST-009260,Asset_9260,Server,Sales,1,3,5,4,4922261.661819071,395981.09870091715,14,3
AST-009261,Asset_9261,Workstation,Sales,1,2,2,3,2786385.4870452285,283681.1724929442,15,2
AST-009262,Asset_9262,Workstation,Operations,0,2,2,2,1597788.399356992,52926.67266703777,5,1
AST-009263,Asset_9263,Workstation,HR,0,5,4,5,4574787.980420028,322428.1396968387,3,1
AST-009264,Asset_9264,Workstation,Sales,1,2,3,2,2808301.2664089072,73217.78127089301,16,4
AST-009265,Asset_9265,Network_Device,HR,0,2,2,2,1418031.292881901,54997.105387193726,1,1
AST-009266,Asset_9266,Server,Sales,1,4,2,3,3103785.0404633777,214791.0578530751,17,6
AST-009267,Asset_9267,Server,Marketing,0,4,4,4,7468593.6176521415,323029.3914640108,4,2
AST-009268,Asset_9268,Server,Engineering,0,5,2,4,9672340.065019075,186373.4613957579,3,0
AST-009269,Asset_9269,Server,HR,1,2,3,2,1015704.1147815498,30631.463516889933,14,3
AST-009270,Asset_9270,Server,HR,0,1,1,1,1793722.8917796267,46134.62397856861,1,0
AST-009271,Asset_9271,Database,Finance,0,1,3,2,1907020.3612476725,115794.9139982163,2,1
AST-009272,Asset_9272,Workstation,Marketing,1,1,1,1,1288609.2073467942,90389.48683694644,7,7
AST-009273,Asset_9273,Workstation,Finance,0,3,1,1,3520052.289643034,69112.2385434006,2,0
AST-009274,Asset_9274,Database,Marketing,1,1,3,2,1878199.2444823296,147889.3586729662,18,1
AST-009275,Asset_9275,Workstation,Marketing,1,2,2,2,1022599.4702102958,56473.63118970989,11,5
AST-009276,Asset_9276,Database,Operations,0,4,2,3,7042915.017480307,224473.33857714903,1,1
AST-009277,Asset_9277,Server,Operations,0,5,2,4,4724320.495322868,220656.94851741192,3,0
AST-009278,Asset_9278,Workstation,Operations,0,1,1,1,1461743.3090648046,83837.03974617549,1,0
AST-009279,Asset_9279,Server,Sales,0,1,1,1,984797.042536711,29473.25122969313,1,0
AST-009280,Asset_9280,Server,Finance,0,3,1,1,3853251.3346762024,56337.615968361744,1,1
AST-009281,Asset_9281,Workstation,Engineering,1,2,1,1,3424951.486717189,28852.939006864657,10,2
AST-009282,Asset_9282,Cloud_Storage,Marketing,0,3,2,2,2315710.3095346736,71464.96093477207,4,0
AST-009283,Asset_9283,Workstation,Marketing,0,4,3,3,5983511.714152526,254695.1027881297,3,0
AST-009284,Asset_9284,Server,HR,0,2,1,1,3695010.5066115735,71901.48862334498,2,2
AST-009285,Asset_9285,Network_Device,Sales,0,1,1,2,1851577.562823476,151127.84751785392,1,1
AST-009286,Asset_9286,Workstation,Engineering,0,2,4,3,3682362.811026542,48505.08125069945,2,1
AST-009287,Asset_9287,Workstation,Operations,1,2,3,3,2555390.3052864186,226764.27087123017,17,2
AST-009288,Asset_9288,Network_Device,Marketing,0,1,1,1,1651551.879849495,54226.63860565492,3,0
AST-009289,Asset_9289,Workstation,HR,0,3,1,2,3510859.853820361,102645.88270256735,3,0
AST-009290,Asset_9290,Server,Finance,0,4,2,2,4760980.323062255,94272.84710770671,2,1
AST-009291,Asset_9291,Workstation,Marketing,0,1,1,1,925781.4074248591,86661.53912127741,1,0
AST-009292,Asset_9292,Workstation,HR,0,5,3,4,4639206.016118988,103887.01805036052,3,0
AST-009293,Asset_9293,Workstation,Finance,1,2,2,2,1113472.9658951913,166540.64560987803,15,0
AST-009294,Asset_9294,Workstation,Sales,0,4,5,5,5188829.743441003,467745.73237234406,4,0
AST-009295,Asset_9295,Cloud_Storage,Operations,0,1,2,1,963141.3716138216,25141.494100077565,2,2
AST-009296,Asset_9296,Cloud_Storage,Finance,0,1,1,1,781529.6494396117,99963.63987850907,2,0
AST-009297,Asset_9297,Network_Device,Marketing,0,1,1,1,682569.2281643224,99148.08179204035,0,1
AST-009298,Asset_9298,Network_Device,Engineering,0,1,2,2,1020498.2449361808,131837.40724289298,3,0
AST-009299,Asset_9299,Cloud_Storage,Finance,0,1,1,1,1848515.8430098295,34168.14121815321,7,1
AST-009300,Asset_9300,Server,Engineering,0,4,1,3,5098409.452722091,145998.77279969165,2,0
AST-009301,Asset_9301,Server,Engineering,0,2,1,2,2670807.920341306,50668.98414312962,2,1
AST-009302,Asset_9302,Workstation,Finance,0,5,2,4,2907459.1009233007,83272.78909168058,1,1
AST-009303,Asset_9303,Network_Device,Sales,0,2,2,1,2559539.0245897034,73362.66714995542,1,0
AST-009304,Asset_9304,Workstation,Finance,0,1,1,1,1501417.6114349647,62186.14228657821,4,0
AST-009305,Asset_9305,Workstation,HR,1,2,2,2,1452145.6595784677,121443.3022631812,12,2
AST-009306,Asset_9306,Server,Operations,0,5,2,4,9876653.469862841,129193.91538784924,3,0
AST-009307,Asset_9307,Server,Engineering,1,2,4,2,3745343.4633638966,62283.124065147764,12,2
AST-009308,Asset_9308,Workstation,Operations,0,1,3,2,1989653.3927354608,198152.1642623928,1,0
AST-009309,Asset_9309,Server,Marketing,0,4,4,4,4161901.8829310047,266358.5721216291,1,0
AST-009310,Asset_9310,Database,Engineering,0,1,5,3,1733448.7341821878,251253.0019948113,4,1
AST-009311,Asset_9311,Server,Marketing,1,2,2,2,1986207.1497146622,88132.14591414359,11,4
AST-009312,Asset_9312,Database,HR,0,2,2,2,3247388.7209855993,171862.5968941197,1,1
AST-009313,Asset_9313,Workstation,HR,0,1,1,2,1921744.6739675142,150028.53433511994,2,1
AST-009314,Asset_9314,Database,Operations,0,1,2,1,732530.9244397955,41511.19775515389,1,1
AST-009315,Asset_9315,Workstation,HR,0,4,1,3,2841919.233628112,223777.50101927837,6,0
AST-009316,Asset_9316,Server,Finance,0,4,2,3,2626426.962538709,279918.13645398093,1,0
AST-009317,Asset_9317,Network_Device,Engineering,0,2,1,1,3395052.2928434326,29235.83395381374,2,0
AST-009318,Asset_9318,Database,Marketing,0,1,1,2,1499950.4076504458,118573.87008412553,4,0
AST-009319,Asset_9319,Workstation,Operations,0,1,1,1,1283472.737950509,96998.5348448805,2,0
AST-009320,Asset_9320,Workstation,Operations,0,1,4,2,1660868.9809455823,167851.62920313014,4,1
AST-009321,Asset_9321,Server,HR,0,2,1,2,3549769.5333545986,131652.4127014036,2,0
AST-009322,Asset_9322,Network_Device,HR,0,1,4,3,1924292.6443693854,48836.66814721369,2,0
AST-009323,Asset_9323,Workstation,Marketing,0,1,1,1,801876.5744235625,46569.08773625706,4,0
AST-009324,Asset_9324,Workstation,Engineering,0,2,2,1,2325029.879074934,68568.89211162014,2,0
AST-009325,Asset_9325,Server,Engineering,0,3,1,2,5653560.037946972,93739.13386188385,3,1
AST-009326,Asset_9326,Cloud_Storage,Operations,0,4,1,2,4767942.250985434,199475.08415769818,0,1
AST-009327,Asset_9327,Workstation,Marketing,0,2,5,4,2462965.0720472666,311221.40801186376,3,2
AST-009328,Asset_9328,Server,Operations,0,3,1,3,5741003.538136555,80512.09107216081,1,1
AST-009329,Asset_9329,Database,Sales,0,1,1,1,1602014.443243366,54134.77145339216,1,0
AST-009330,Asset_9330,Network_Device,Engineering,0,2,2,2,2656144.4775601104,89114.99711923084,2,0
AST-009331,Asset_9331,Workstation,Marketing,0,3,3,3,3107787.8939357996,190337.65856332597,2,1
AST-009332,Asset_9332,Workstation,Marketing,0,3,5,4,5619072.6099015605,200763.2258131827,1,1
AST-009333,Asset_9333,Workstation,Operations,0,2,3,2,1026815.5098844252,62822.12884761905,4,2
AST-009334,Asset_9334,Workstation,HR,1,2,2,1,1963018.594249193,75193.41387922096,14,2
AST-009335,Asset_9335,Database,Marketing,0,4,2,2,7676438.947711169,39198.98253006298,0,0
AST-009336,Asset_9336,Server,Operations,0,2,2,1,2494611.39062441,57892.05910468991,2,1
AST-009337,Asset_9337,Workstation,Finance,0,2,2,1,2871563.899247796,37914.39842036768,2,0
AST-009338,Asset_9338,Cloud_Storage,HR,0,3,1,3,3896770.1874326766,290963.37945816433,1,0
AST-009339,Asset_9339,Database,HR,1,1,2,1,1096041.0570984592,37320.52196909472,12,4
AST-009340,Asset_9340,Workstation,Engineering,1,2,1,3,2995847.3183611995,122054.21700913156,13,3
AST-009341,Asset_9341,Workstation,Sales,1,5,2,4,8248560.451414194,294551.3814481704,18,0
AST-009342,Asset_9342,Workstation,Engineering,1,1,1,1,1046639.57275079,21562.771808149777,24,3
AST-009343,Asset_9343,Network_Device,Finance,0,1,1,1,1385782.1730580414,39216.25893049623,3,1
AST-009344,Asset_9344,Workstation,Operations,0,2,2,2,1248274.4347929945,145264.668290973,1,1
AST-009345,Asset_9345,Server,HR,1,1,1,1,1321396.8721382972,12767.836655824443,10,1
AST-009346,Asset_9346,Cloud_Storage,HR,0,2,1,1,3243248.8946100394,37990.05661579271,3,0
AST-009347,Asset_9347,Workstation,Marketing,1,1,1,1,1377865.7598764333,10743.009973421,14,2
AST-009348,Asset_9348,Network_Device,Sales,0,2,1,1,3635342.890048979,23520.62777530639,5,1
AST-009349,Asset_9349,Workstation,Sales,0,2,1,2,1858579.5616178461,128755.53093170261,2,0
AST-009350,Asset_9350,Network_Device,Marketing,1,2,3,3,2475268.20972565,153313.01235393246,13,1
AST-009351,Asset_9351,Server,Finance,0,1,2,1,631219.9292116307,24042.332304346164,1,0
AST-009352,Asset_9352,Database,Sales,1,1,2,2,1550031.3688430944,34044.57887160179,10,3
AST-009353,Asset_9353,Network_Device,HR,0,1,2,1,1164337.267407501,15069.202185455382,3,0
AST-009354,Asset_9354,Server,Finance,0,2,3,3,2591096.4234509044,53046.702740379806,2,1
AST-009355,Asset_9355,Server,Engineering,1,1,1,1,692591.9947101644,18646.911453616787,14,5
AST-009356,Asset_9356,Workstation,Engineering,0,3,4,3,5988083.216457743,53304.42483716864,5,1
AST-009357,Asset_9357,Network_Device,Finance,0,3,5,5,4973640.119722507,74786.09949639742,1,0
AST-009358,Asset_9358,Server,HR,0,1,1,1,1100944.6599514391,72732.76531871637,0,1
AST-009359,Asset_9359,Network_Device,Engineering,1,1,2,2,1354939.5760781937,189428.00742678955,11,3
AST-009360,Asset_9360,Workstation,Operations,1,1,1,2,1428075.707832799,174076.19927630055,15,4
AST-009361,Asset_9361,Workstation,HR,0,2,1,2,3882298.0924963295,67853.64154167357,2,0
AST-009362,Asset_9362,Network_Device,Marketing,0,1,1,1,1652582.9151742982,28385.150244996465,3,0
AST-009363,Asset_9363,Workstation,Sales,1,1,3,2,1024500.2286503327,28624.169396154844,12,5
AST-009364,Asset_9364,Server,Finance,1,1,2,2,1966558.562532915,48086.062405937424,13,3
AST-009365,Asset_9365,Server,Sales,0,5,2,3,4763472.3087534355,183298.24906299234,3,1
AST-009366,Asset_9366,Workstation,Marketing,0,2,2,3,2730838.195415556,299493.7099855253,0,2
AST-009367,Asset_9367,Workstation,Engineering,1,4,2,2,6204006.071271215,174626.193237202,17,2
AST-009368,Asset_9368,Network_Device,Operations,0,1,1,1,906688.6885875463,56342.937731092614,3,0
AST-009369,Asset_9369,Workstation,HR,1,1,4,2,1934541.6420144478,96221.87909954852,22,2
AST-009370,Asset_9370,Workstation,HR,0,1,2,1,824164.8533955917,23304.329561241066,2,1
AST-009371,Asset_9371,Workstation,Marketing,0,5,2,3,5813299.179254495,143019.63321783702,1,0
AST-009372,Asset_9372,Server,Finance,0,1,2,1,769809.9524703163,63537.23648376658,4,0
AST-009373,Asset_9373,Server,Sales,1,2,4,3,3624962.61631875,190778.11719108507,17,1
AST-009374,Asset_9374,Network_Device,Operations,0,1,3,3,832401.8301245926,180537.55043930723,3,0
AST-009375,Asset_9375,Server,Engineering,0,3,1,2,1656336.4494066346,168323.390577313,6,0
AST-009376,Asset_9376,Server,Finance,0,1,2,2,558410.6037955912,111815.0972513874,2,0
AST-009377,Asset_9377,Workstation,Operations,1,2,1,1,2241260.126097856,52556.46186811658,15,4
AST-009378,Asset_9378,Workstation,Operations,0,5,5,5,6420832.064659761,187598.25739995358,1,0
AST-009379,Asset_9379,Network_Device,Marketing,0,2,2,2,1124915.8951724132,52443.511844626555,4,1
AST-009380,Asset_9380,Server,Marketing,0,2,1,1,1278596.0393044548,10126.35518766171,2,0
AST-009381,Asset_9381,Server,HR,0,2,2,2,1292388.8634801984,77977.69314042566,4,0
AST-009382,Asset_9382,Database,Engineering,0,3,1,2,4508255.7817432955,133954.53777590746,2,1
AST-009383,Asset_9383,Workstation,Finance,0,1,2,2,949722.5307608128,120601.55172671362,2,1
AST-009384,Asset_9384,Database,HR,0,1,1,1,1343858.980026316,57746.49066986567,3,0
AST-009385,Asset_9385,Workstation,Engineering,1,3,1,2,1831631.8698360391,159027.81886915123,14,1
AST-009386,Asset_9386,Network_Device,Sales,1,2,1,2,3676346.6808421053,61912.42065447463,13,3
AST-009387,Asset_9387,Cloud_Storage,Sales,1,4,1,2,3826599.6105384193,142136.8408747207,12,4
AST-009388,Asset_9388,Server,HR,0,2,1,1,3334602.170611092,64644.83649733252,3,0
AST-009389,Asset_9389,Workstation,Finance,1,2,3,3,3480109.212531014,121527.68559353946,11,0
AST-009390,Asset_9390,Workstation,Engineering,0,1,1,2,1981862.9560188667,59337.84850256198,1,0
AST-009391,Asset_9391,Cloud_Storage,Sales,0,3,1,2,4834675.067395888,121284.17651969235,0,0
AST-009392,Asset_9392,Cloud_Storage,Sales,0,2,3,3,2328416.644276968,285189.97875945707,3,0
AST-009393,Asset_9393,Server,Finance,0,2,4,3,1457883.4491797213,50614.7273763062,2,1
AST-009394,Asset_9394,Workstation,HR,0,1,2,2,571808.343326176,191537.27107301902,3,0
AST-009395,Asset_9395,Database,Marketing,0,4,1,3,7317558.9034802215,155484.69884971014,2,1
AST-009396,Asset_9396,Server,Operations,0,1,3,3,1169995.0878315498,221711.7452418366,4,2
AST-009397,Asset_9397,Server,Engineering,0,1,1,1,1624945.5202330938,82288.42003314252,3,1
AST-009398,Asset_9398,Workstation,Sales,0,5,4,4,6222478.604955841,94545.32693266429,3,0
AST-009399,Asset_9399,Workstation,Operations,0,3,4,5,5458490.147211006,70231.12736655769,0,2
AST-009400,Asset_9400,Server,Operations,0,2,2,2,3248996.0274251765,43128.51077595629,0,0
AST-009401,Asset_9401,Workstation,Marketing,0,4,1,3,2512746.55608266,122057.28010840864,7,1
AST-009402,Asset_9402,Server,Operations,0,1,1,1,1628220.3584623612,96089.88066433654,3,1
AST-009403,Asset_9403,Workstation,Finance,0,1,5,3,900221.2231123772,41549.368237151124,2,0
AST-009404,Asset_9404,Database,HR,0,2,3,3,3319168.634638427,278345.48689868324,3,0
AST-009405,Asset_9405,Server,Engineering,1,1,1,1,1922772.501876176,60516.52223159098,15,3
AST-009406,Asset_9406,Workstation,Finance,0,4,1,3,7580793.253981837,57632.05960458638,2,0
AST-009407,Asset_9407,Server,HR,0,3,2,1,2062501.0460879474,23747.364205239828,3,0
AST-009408,Asset_9408,Workstation,Finance,1,1,5,3,582008.358809821,216119.41639021668,16,1
AST-009409,Asset_9409,Server,Sales,0,4,3,3,6661889.8394996505,194282.4342568159,0,0
AST-009410,Asset_9410,Workstation,Sales,0,1,1,1,1564942.5683964482,25071.082252844906,0,1
AST-009411,Asset_9411,Server,Marketing,0,2,2,1,1528517.4310605535,91389.79792063865,2,0
AST-009412,Asset_9412,Workstation,Finance,0,4,1,2,6107404.0002259575,43922.707986390815,2,1
AST-009413,Asset_9413,Workstation,Operations,0,4,4,4,2092927.195364143,224166.49097942584,2,2
AST-009414,Asset_9414,Server,Sales,1,1,1,1,1446743.1272637823,57546.49084763562,17,2
AST-009415,Asset_9415,Workstation,HR,0,1,3,2,1748458.3338517053,176690.42418910968,1,0
AST-009416,Asset_9416,Server,Marketing,0,1,1,1,1462758.5013583233,11993.519438911291,1,0
AST-009417,Asset_9417,Workstation,Operations,0,2,1,2,1196189.2622180765,44561.306163419984,1,1
AST-009418,Asset_9418,Server,Engineering,1,2,2,2,3972917.111994785,50722.162409787285,18,2
AST-009419,Asset_9419,Workstation,Finance,1,1,3,3,1034137.2186998298,46977.97733169709,21,4
AST-009420,Asset_9420,Workstation,Sales,0,2,1,1,2141434.5746662617,66833.49556818593,2,2
AST-009421,Asset_9421,Cloud_Storage,Operations,0,3,2,2,1881381.0178861683,61327.97492656663,3,0
AST-009422,Asset_9422,Workstation,HR,0,2,2,3,1501353.0449858084,185700.8553313006,4,0
AST-009423,Asset_9423,Workstation,Finance,0,1,3,2,906763.6902731161,160870.1966466379,1,0
AST-009424,Asset_9424,Workstation,HR,0,5,2,3,8494017.771474842,140302.69318810236,6,0
AST-009425,Asset_9425,Cloud_Storage,Marketing,0,1,1,1,1537623.2117291456,79196.52468970718,0,1
AST-009426,Asset_9426,Workstation,Sales,1,3,2,2,4126419.733938568,160016.3391158522,14,1
AST-009427,Asset_9427,Server,Sales,0,1,4,3,1795839.8218232587,101124.22774997757,2,0
AST-009428,Asset_9428,Network_Device,Marketing,0,2,4,4,3993415.5700391815,45668.055065103355,2,1
AST-009429,Asset_9429,Workstation,HR,0,2,2,1,2154323.3746479005,19295.36678856991,1,0
AST-009430,Asset_9430,Network_Device,Finance,0,2,5,3,2173670.2839741632,252351.4098461141,2,2
AST-009431,Asset_9431,Network_Device,HR,0,2,1,2,3208268.126598429,92955.3167025423,2,0
AST-009432,Asset_9432,Server,Finance,1,1,2,2,1466523.2415612729,171037.28290132456,14,2
AST-009433,Asset_9433,Workstation,Operations,0,2,3,2,1040180.343701192,118552.5776624254,4,0
AST-009434,Asset_9434,Server,Marketing,1,2,1,2,2966281.9142035134,55531.16978990785,11,5
AST-009435,Asset_9435,Server,Engineering,0,1,5,3,1579412.5849447842,222304.05941538085,4,0
AST-009436,Asset_9436,Server,Finance,0,5,1,3,9894524.440565225,180710.31251079857,6,0
AST-009437,Asset_9437,Workstation,Sales,0,4,1,3,5520626.015872369,124987.40727972929,2,0
AST-009438,Asset_9438,Server,Operations,0,4,1,2,6106506.866564637,35789.05918091547,2,1
AST-009439,Asset_9439,Server,Sales,0,2,1,1,3366243.11582369,19206.85205407963,4,1
AST-009440,Asset_9440,Workstation,Operations,0,1,2,2,643939.4308510928,53932.090546348176,2,0
AST-009441,Asset_9441,Server,Sales,0,2,2,2,3203956.527726543,141127.6014663679,0,1
AST-009442,Asset_9442,Server,HR,1,3,1,1,3960895.7125891503,75517.4279904548,19,6
AST-009443,Asset_9443,Server,HR,0,1,3,2,650113.3743961059,133564.85349774285,1,1
AST-009444,Asset_9444,Database,HR,0,2,1,2,3009642.529192319,80708.30978603513,3,1
AST-009445,Asset_9445,Workstation,Operations,0,1,3,1,851756.4120315245,49642.303883975095,1,0
AST-009446,Asset_9446,Server,Operations,0,1,1,1,1306846.7801015142,73860.38001517905,0,0
AST-009447,Asset_9447,Cloud_Storage,Sales,0,1,2,2,921440.3145738738,138773.91260664994,2,0
AST-009448,Asset_9448,Workstation,Finance,0,5,1,3,3284022.8272752236,238713.65334643575,1,0
AST-009449,Asset_9449,Database,Operations,0,3,2,2,2628889.8778539533,63404.759738292756,3,0
AST-009450,Asset_9450,Database,Sales,0,1,3,2,1158209.9331623872,20808.00043391886,3,0
AST-009451,Asset_9451,Workstation,Finance,1,2,5,2,2482386.576017296,67959.57814380157,16,4
AST-009452,Asset_9452,Workstation,HR,1,1,1,1,722721.3789497335,41310.2317936255,19,3
AST-009453,Asset_9453,Server,Operations,0,2,2,2,1962935.872998219,192892.42357259383,1,0
AST-009454,Asset_9454,Server,Engineering,0,4,2,3,7156343.860319529,88787.71379339014,1,2
AST-009455,Asset_9455,Network_Device,HR,1,2,5,4,3731146.3955317126,337505.5662645314,19,5
AST-009456,Asset_9456,Server,Marketing,0,3,3,3,3908319.3893881417,198078.11282544557,3,0
AST-009457,Asset_9457,Database,Finance,0,2,1,2,2471084.8242438976,50156.59662190222,3,0
AST-009458,Asset_9458,Network_Device,Engineering,1,2,2,2,2744227.373965181,92630.86592125303,15,1
AST-009459,Asset_9459,Workstation,HR,0,2,1,1,1643708.3676598275,55914.27915269751,2,0
AST-009460,Asset_9460,Database,Operations,1,3,3,4,5971070.1709032655,163894.0589144433,14,5
AST-009461,Asset_9461,Workstation,Engineering,0,2,3,3,3235818.1629170184,91060.5318818939,2,0
AST-009462,Asset_9462,Server,Sales,0,5,5,4,4290594.095796602,131026.33828313347,3,0
AST-009463,Asset_9463,Workstation,Finance,0,3,2,3,2724658.832860897,188005.55664061618,3,1
AST-009464,Asset_9464,Workstation,Marketing,1,3,2,2,4417855.744041071,143859.08946692932,7,3
AST-009465,Asset_9465,Network_Device,Sales,0,3,2,3,2952809.3813545434,156622.2398348067,3,0
AST-009466,Asset_9466,Cloud_Storage,Engineering,0,1,2,1,1032975.157969346,94756.22530717461,1,0
AST-009467,Asset_9467,Cloud_Storage,HR,1,2,1,1,3342828.010480747,75570.97835501845,15,2
AST-009468,Asset_9468,Cloud_Storage,Finance,1,2,3,3,1800781.149055846,270774.65079346235,8,3
AST-009469,Asset_9469,Workstation,Operations,1,2,1,1,3115723.5895876326,52809.719165950395,10,3
AST-009470,Asset_9470,Database,Marketing,0,3,1,2,5706981.885436699,22678.927032045445,0,1
AST-009471,Asset_9471,Workstation,HR,1,1,3,2,686202.7354973566,126572.69532929294,9,4
AST-009472,Asset_9472,Workstation,Marketing,0,1,4,3,716426.2919886409,250930.03245834587,1,0
AST-009473,Asset_9473,Network_Device,Operations,0,4,2,4,7657238.604870895,233152.62134433078,1,0
AST-009474,Asset_9474,Server,Finance,1,1,3,3,805278.885853828,183333.28300772823,13,2
AST-009475,Asset_9475,Cloud_Storage,Engineering,0,1,3,2,531351.2473981207,195494.76124969212,3,2
AST-009476,Asset_9476,Network_Device,Marketing,0,1,1,1,1802761.874030149,42952.7965937495,0,1
AST-009477,Asset_9477,Cloud_Storage,Finance,0,3,1,3,2770362.9914931194,246505.66109532298,2,2
AST-009478,Asset_9478,Network_Device,Marketing,1,2,4,4,1895061.8051853534,221826.7262115205,12,1
AST-009479,Asset_9479,Server,HR,0,5,4,5,4201908.596388413,258669.95172279468,1,1
AST-009480,Asset_9480,Server,Marketing,0,1,2,2,1876500.3472077188,46203.87135901788,0,0
AST-009481,Asset_9481,Server,HR,0,4,1,3,6646511.8820057595,232066.67256688257,0,1
AST-009482,Asset_9482,Server,HR,0,1,4,3,1395188.6839640066,252289.4939999275,1,0
AST-009483,Asset_9483,Workstation,Finance,1,1,3,2,1179887.4735136358,97557.94011384655,14,1
AST-009484,Asset_9484,Network_Device,Sales,0,2,1,2,1430590.3562808284,157435.50680730265,0,1
AST-009485,Asset_9485,Network_Device,Operations,0,1,1,1,1888980.1557757126,62300.87081198493,3,0
AST-009486,Asset_9486,Workstation,Marketing,1,1,5,3,1624495.3957387314,99539.6649524857,12,2
AST-009487,Asset_9487,Server,Engineering,0,1,1,2,918325.3069567941,186268.79501982007,3,0
AST-009488,Asset_9488,Server,HR,0,1,1,1,1921244.098161047,72709.42723273227,1,0
AST-009489,Asset_9489,Server,Sales,0,4,2,3,7611145.646989395,267150.3467732568,3,0
AST-009490,Asset_9490,Database,HR,1,1,1,1,1489278.2409693268,35331.79830694949,22,3
AST-009491,Asset_9491,Workstation,Sales,0,5,1,3,9887526.677886754,277418.0611235728,3,0
AST-009492,Asset_9492,Server,Sales,0,4,1,2,3123489.4728847607,85640.03501746639,2,0
AST-009493,Asset_9493,Database,Engineering,0,1,1,2,1597085.5393815502,21715.7394670936,1,0
AST-009494,Asset_9494,Server,Sales,0,2,3,3,1456528.3408952267,50257.6782505063,2,0
AST-009495,Asset_9495,Workstation,Engineering,1,2,2,1,3075073.6240431834,18040.463595935045,11,3
AST-009496,Asset_9496,Workstation,Finance,1,3,1,1,5639333.1886896435,28642.903138474463,16,4
AST-009497,Asset_9497,Workstation,HR,0,4,1,3,5216585.369201716,80360.93616123081,2,0
AST-009498,Asset_9498,Workstation,Engineering,0,2,1,1,3289199.9125803546,15210.459462809798,3,0
AST-009499,Asset_9499,Cloud_Storage,Operations,1,1,1,1,714682.5929156638,90585.31890996748,13,7
AST-009500,Asset_9500,Server,HR,0,2,3,2,2899583.7111693015,169095.8150659932,2,0
AST-009501,Asset_9501,Workstation,Operations,0,4,1,2,2379151.3767938865,157308.1819430291,1,0
AST-009502,Asset_9502,Workstation,Marketing,1,3,2,3,1666040.442788653,159366.01695095003,18,6
AST-009503,Asset_9503,Workstation,Operations,0,4,3,3,5804375.495816867,144790.00153201187,1,1
AST-009504,Asset_9504,Cloud_Storage,Finance,0,2,1,1,2718425.7404984697,48282.80368630042,2,0
AST-009505,Asset_9505,Database,Marketing,0,1,1,1,993876.7127814214,33559.066887956724,2,0
AST-009506,Asset_9506,Workstation,Marketing,1,5,4,5,6346972.076333146,323715.92607735563,20,5
AST-009507,Asset_9507,Server,Sales,0,4,4,5,6106040.900619062,76585.8429710184,3,1
AST-009508,Asset_9508,Workstation,Operations,1,1,4,3,1467091.7265616474,207871.6559415432,10,0
AST-009509,Asset_9509,Server,Sales,1,1,2,2,610448.7671766924,112494.34349357699,13,4
AST-009510,Asset_9510,Server,Operations,1,2,5,4,3034357.9644143847,333947.2793382818,9,2
AST-009511,Asset_9511,Workstation,Marketing,1,3,3,3,4467898.856731282,292640.3229441223,15,4
AST-009512,Asset_9512,Workstation,Sales,0,1,2,2,1504420.9875026285,177789.824817178,0,0
AST-009513,Asset_9513,Server,HR,1,1,2,2,1771029.892023528,149586.34605490812,12,4
AST-009514,Asset_9514,Workstation,Operations,0,2,1,1,2730107.928058857,48950.50713787264,2,0
AST-009515,Asset_9515,Workstation,Operations,1,1,2,2,1906851.287279554,58614.3671671911,15,3
AST-009516,Asset_9516,Server,Sales,0,1,1,1,1970013.9194451843,69838.59854859981,2,0
AST-009517,Asset_9517,Workstation,Operations,0,2,1,1,3255531.495421395,28143.919810556865,3,1
AST-009518,Asset_9518,Workstation,Marketing,0,4,1,3,4152090.522845783,35469.91648020743,1,3
AST-009519,Asset_9519,Workstation,Sales,1,2,1,2,1429295.2468288203,123181.9366153372,21,1
AST-009520,Asset_9520,Database,Sales,0,2,2,2,3460419.757084542,90943.47411863873,2,0
AST-009521,Asset_9521,Database,Engineering,0,2,2,2,1439897.0078032438,177683.35994647862,5,0
AST-009522,Asset_9522,Workstation,Engineering,1,2,1,2,1438508.2660787962,136240.4110213351,18,4
AST-009523,Asset_9523,Cloud_Storage,Marketing,0,1,3,3,1878563.8341866797,204757.5279618052,2,1
AST-009524,Asset_9524,Workstation,HR,0,1,2,1,1339809.0114543866,80910.3742872704,2,0
AST-009525,Asset_9525,Server,Operations,0,1,2,2,939999.4598952612,80417.36020462294,3,0
AST-009526,Asset_9526,Workstation,Finance,0,4,1,3,7777903.313605287,288706.4269409614,1,2
AST-009527,Asset_9527,Network_Device,Operations,0,3,3,4,4682988.082429532,119675.73692724234,2,1
AST-009528,Asset_9528,Server,Finance,1,2,2,2,2604533.5276085185,176902.38142865125,18,5
AST-009529,Asset_9529,Cloud_Storage,Marketing,0,4,4,3,3976881.528632488,275927.0704466045,1,0
AST-009530,Asset_9530,Cloud_Storage,HR,0,4,1,3,6059699.18833605,40540.9017533844,4,0
AST-009531,Asset_9531,Server,HR,0,4,1,3,6385371.005928282,200591.96797972967,0,1
AST-009532,Asset_9532,Cloud_Storage,HR,1,1,1,1,1568165.270615625,77447.87559999166,12,1
AST-009533,Asset_9533,Database,Engineering,0,3,1,2,2379019.4196705627,191689.4728325885,4,0
AST-009534,Asset_9534,Network_Device,Marketing,0,2,1,2,3091732.7108949143,65248.20184485801,4,0
AST-009535,Asset_9535,Workstation,Finance,0,3,4,3,4116510.94035818,181699.54738422824,3,1
AST-009536,Asset_9536,Workstation,HR,1,1,2,1,1775114.3628845862,79580.57209952986,17,5
AST-009537,Asset_9537,Workstation,Marketing,1,2,1,2,2874306.4030140038,46703.993497000585,14,4
AST-009538,Asset_9538,Workstation,Operations,0,2,3,2,1438830.0449257963,173536.7833201383,1,3
AST-009539,Asset_9539,Server,Finance,0,3,1,1,2933397.2225887766,46327.42282773333,3,0
AST-009540,Asset_9540,Workstation,Engineering,0,3,1,2,4847179.493729688,135155.15218404587,1,0
AST-009541,Asset_9541,Server,Sales,0,1,2,2,1609942.6722586593,27566.857813289887,1,0
AST-009542,Asset_9542,Database,Finance,0,1,2,2,834072.1841453579,60128.50497513057,3,0
AST-009543,Asset_9543,Database,Operations,0,3,2,3,3095669.9261962217,159109.94783805485,1,1
AST-009544,Asset_9544,Workstation,Finance,0,2,1,1,1045958.9246262143,36028.85882652238,3,0
AST-009545,Asset_9545,Database,Finance,1,2,1,2,1995113.6444645212,192411.78551904872,18,2
AST-009546,Asset_9546,Server,Sales,0,3,4,3,1618525.5787208865,244631.77593600028,2,0
AST-009547,Asset_9547,Server,HR,0,4,5,4,7237224.246328445,351356.7712011388,2,1
AST-009548,Asset_9548,Server,Operations,0,1,1,1,1499970.8664862646,51968.61152078303,0,0
AST-009549,Asset_9549,Workstation,Sales,0,2,2,2,3907443.311432965,105255.57218380131,2,1
AST-009550,Asset_9550,Cloud_Storage,Finance,0,3,1,2,5513659.081566163,164934.02228872784,1,2
AST-009551,Asset_9551,Server,Operations,0,4,1,3,5620851.691518841,134633.8400120621,2,0
AST-009552,Asset_9552,Cloud_Storage,Engineering,1,1,3,2,1254392.9950584262,106552.87456008283,16,3
AST-009553,Asset_9553,Workstation,Finance,1,1,2,2,1825586.736102011,115146.15178416965,20,6
AST-009554,Asset_9554,Workstation,Engineering,1,1,3,2,947622.63066021,129288.38201881183,19,1
AST-009555,Asset_9555,Workstation,Marketing,0,4,2,3,3341109.4450413985,205492.03268690972,2,2
AST-009556,Asset_9556,Network_Device,Engineering,1,2,2,2,2230063.3544778153,142535.31261677374,15,1
AST-009557,Asset_9557,Server,Finance,0,2,1,2,1159593.536128576,99921.66705633304,1,1
AST-009558,Asset_9558,Workstation,Sales,0,1,3,2,952957.7373649849,73126.43391484843,0,0
AST-009559,Asset_9559,Workstation,Finance,0,1,5,2,625520.490033561,185627.74501558076,0,0
AST-009560,Asset_9560,Workstation,Finance,0,2,2,1,1157982.811126191,84404.95279194483,3,0
AST-009561,Asset_9561,Network_Device,Marketing,1,2,1,2,2654019.4474826455,20618.730770252343,13,3
AST-009562,Asset_9562,Server,HR,0,2,5,3,3124495.6418085992,168489.32366811432,4,1
AST-009563,Asset_9563,Workstation,Finance,0,1,1,1,1305011.7806422035,34714.27412790868,1,1
AST-009564,Asset_9564,Workstation,Marketing,0,1,2,1,605866.0648486129,67845.60900370213,1,0
AST-009565,Asset_9565,Database,Sales,1,3,1,3,3277362.078588403,165712.75555118063,14,0
AST-009566,Asset_9566,Database,Marketing,1,1,1,1,666427.1530872036,11904.982188911195,16,4
AST-009567,Asset_9567,Workstation,Marketing,0,4,1,3,5900381.869740231,226498.58262503025,2,0
AST-009568,Asset_9568,Network_Device,Engineering,0,1,2,1,1739609.7033558988,34784.80920265058,2,2
AST-009569,Asset_9569,Workstation,HR,1,1,2,2,675058.583912634,66842.57344406692,16,4
AST-009570,Asset_9570,Network_Device,HR,0,2,2,2,1200558.2965165451,25746.701136352072,2,0
AST-009571,Asset_9571,Workstation,Operations,0,4,2,3,4435711.6492175665,253650.76470767893,3,1
AST-009572,Asset_9572,Server,Sales,0,1,2,1,955210.5147750458,62095.555955577074,0,2
AST-009573,Asset_9573,Server,Operations,0,2,3,3,1782069.5523949412,160907.53357665928,2,0
AST-009574,Asset_9574,Server,Marketing,0,2,4,3,1634188.4078615438,212469.45801534769,4,1
AST-009575,Asset_9575,Database,Sales,0,1,1,1,975387.524962282,41083.30779387312,3,1
AST-009576,Asset_9576,Database,Sales,0,1,1,1,1948061.6545777149,61252.703108847025,1,1
AST-009577,Asset_9577,Workstation,HR,1,4,2,2,7146025.666888858,64869.21345084612,14,1
AST-009578,Asset_9578,Workstation,HR,0,1,1,1,1402035.634029429,15665.96294748948,0,1
AST-009579,Asset_9579,Server,HR,0,2,4,3,3401423.6816897937,181562.70503834824,0,1
AST-009580,Asset_9580,Server,Finance,0,5,1,3,2610516.533147115,89721.76433836936,4,0
AST-009581,Asset_9581,Server,Marketing,0,1,2,1,667182.9780816599,77503.79628778431,2,0
AST-009582,Asset_9582,Workstation,Sales,0,1,1,1,938692.3190958162,50665.88433314498,1,2
AST-009583,Asset_9583,Server,Marketing,1,1,2,2,1465848.4997185958,65071.726318501045,15,3
AST-009584,Asset_9584,Server,Sales,0,1,1,1,1825120.9814069734,64751.1281147391,2,0
AST-009585,Asset_9585,Cloud_Storage,Sales,0,1,3,2,846710.2377305204,40991.74188269608,3,1
AST-009586,Asset_9586,Network_Device,Operations,0,2,5,3,1417607.3697535526,235584.44776833832,0,0
AST-009587,Asset_9587,Server,Sales,0,3,1,1,5315637.090453322,50696.0160663887,3,1
AST-009588,Asset_9588,Workstation,Sales,1,2,1,2,2227406.932663789,166276.2130941218,16,5
AST-009589,Asset_9589,Database,Engineering,0,4,2,3,6197050.641028616,67286.01991120359,0,0
AST-009590,Asset_9590,Workstation,Engineering,1,1,2,3,1322043.0771421753,133286.41470006976,16,2
AST-009591,Asset_9591,Workstation,Operations,1,1,1,2,763867.1042737847,52405.34349982762,9,2
AST-009592,Asset_9592,Server,Finance,0,1,3,2,1550862.9764015453,31015.202477579784,3,1
AST-009593,Asset_9593,Workstation,HR,0,1,1,1,1131167.2792161535,95981.28740170454,2,0
AST-009594,Asset_9594,Database,Sales,0,1,1,1,931622.807255943,75398.36976495096,2,0
AST-009595,Asset_9595,Server,Marketing,1,2,2,3,3708094.855222762,117913.42492182506,15,3
AST-009596,Asset_9596,Database,Engineering,0,3,1,2,1526936.200262342,64307.066615477954,0,1
AST-009597,Asset_9597,Workstation,HR,0,5,2,4,5536522.989885611,113555.89013474793,2,1
AST-009598,Asset_9598,Database,Finance,0,1,1,1,950767.9914840425,13870.940765173327,3,0
AST-009599,Asset_9599,Server,HR,0,3,3,3,1745157.7089902433,57720.72715090004,4,0
AST-009600,Asset_9600,Database,Sales,1,3,2,2,1861904.7135125252,38523.29014412609,11,5
AST-009601,Asset_9601,Server,HR,0,1,2,1,758430.3408703145,69963.84815778647,1,1
AST-009602,Asset_9602,Workstation,Sales,0,1,1,1,1257499.5900033386,63523.68621088883,1,1
AST-009603,Asset_9603,Server,Operations,0,5,1,4,4619826.65051064,244549.62050929826,0,0
AST-009604,Asset_9604,Server,Engineering,0,2,2,2,3513577.035987092,152203.3417290711,1,0
AST-009605,Asset_9605,Workstation,Engineering,0,5,1,2,4299819.254502647,65211.00607532654,0,3
AST-009606,Asset_9606,Workstation,Sales,0,2,1,2,3160663.5953677306,81645.5016283351,0,1
AST-009607,Asset_9607,Network_Device,Marketing,0,1,2,1,815565.0148494693,21403.150987343353,1,0
AST-009608,Asset_9608,Workstation,Engineering,0,1,1,1,563828.8441613666,62893.97776574306,2,0
AST-009609,Asset_9609,Server,Marketing,0,5,3,3,4484662.939556399,281884.5010120189,4,0
AST-009610,Asset_9610,Workstation,Sales,0,1,4,3,1756352.7884661646,263047.2149168376,2,1
AST-009611,Asset_9611,Workstation,Operations,1,1,2,1,623376.7149114206,59949.893025123114,17,2
AST-009612,Asset_9612,Server,Sales,1,2,4,3,2033486.9885132997,204044.0872350414,17,1
AST-009613,Asset_9613,Cloud_Storage,Operations,0,1,4,3,512025.22233061877,297923.4231144924,4,1
AST-009614,Asset_9614,Server,Engineering,0,1,1,1,1445366.8552727215,56561.92494699548,1,1
AST-009615,Asset_9615,Cloud_Storage,Marketing,1,2,1,2,3828279.354179592,176705.87817220963,11,2
AST-009616,Asset_9616,Network_Device,Sales,0,1,2,2,1076549.2644895955,110118.30723256049,3,2
AST-009617,Asset_9617,Workstation,Engineering,1,2,2,2,2730753.798324574,28616.310113658463,15,1
AST-009618,Asset_9618,Cloud_Storage,Operations,1,1,1,2,1178426.7599133234,188239.05956951831,20,4
AST-009619,Asset_9619,Workstation,Sales,0,2,1,2,3919992.21966605,40138.450078739814,1,0
AST-009620,Asset_9620,Server,Operations,0,1,2,1,1603997.992484013,73376.92082134973,2,0
AST-009621,Asset_9621,Workstation,HR,0,1,2,2,566334.502528595,62832.61137045882,3,0
AST-009622,Asset_9622,Server,Operations,0,3,1,2,1989260.9971481194,182186.60551244352,2,3
AST-009623,Asset_9623,Database,HR,1,1,3,3,1205721.248091987,84131.98557436948,17,1
AST-009624,Asset_9624,Workstation,Engineering,1,1,4,2,1447618.8939145887,45213.389530630724,14,0
AST-009625,Asset_9625,Database,Sales,0,2,3,3,1871187.6665266552,148452.4986228295,1,2
AST-009626,Asset_9626,Database,Engineering,0,1,1,1,1511967.0644724383,54701.268877273484,5,1
AST-009627,Asset_9627,Workstation,Finance,0,1,1,1,1364788.094266312,83703.47364421315,1,0
AST-009628,Asset_9628,Network_Device,Operations,0,2,2,2,2305277.733772763,157232.49615544072,1,1
AST-009629,Asset_9629,Server,Engineering,0,3,5,4,4120336.6161950147,158176.77296419104,5,0
AST-009630,Asset_9630,Database,Engineering,1,3,3,2,5624085.8829831,89290.96628693583,14,2
AST-009631,Asset_9631,Server,HR,0,2,2,2,1729612.416219017,123800.6650862875,1,1
AST-009632,Asset_9632,Workstation,Operations,0,2,1,1,3373635.8009086857,59641.84229682411,1,0
AST-009633,Asset_9633,Server,HR,0,3,3,3,1553807.2032579668,262752.58128448576,2,1
AST-009634,Asset_9634,Workstation,Sales,0,1,3,2,627197.488664286,105045.28266010803,0,1
AST-009635,Asset_9635,Server,Engineering,0,1,4,2,1924528.291731067,180831.621331692,3,0
AST-009636,Asset_9636,Server,Operations,0,2,2,1,3093185.9945273963,28456.450837601278,0,0
AST-009637,Asset_9637,Cloud_Storage,Engineering,0,2,2,2,2899951.6262426637,176172.63578552558,3,1
AST-009638,Asset_9638,Server,Sales,1,3,2,2,3003248.7049802337,74772.66903427884,15,1
AST-009639,Asset_9639,Workstation,Marketing,0,1,4,2,776505.7698751633,162066.37813935077,3,0
AST-009640,Asset_9640,Server,Sales,0,1,2,1,1069874.1087814148,60884.8649937538,3,0
AST-009641,Asset_9641,Workstation,HR,1,4,1,2,5590341.157460371,177601.1360738218,14,6
AST-009642,Asset_9642,Workstation,HR,1,2,2,2,2903145.554101173,61625.677758601014,16,2
AST-009643,Asset_9643,Database,Engineering,0,2,4,3,1508651.9945851942,219404.72827129596,4,0
AST-009644,Asset_9644,Server,HR,0,1,2,2,1168252.8803724484,172812.74520898846,3,0
AST-009645,Asset_9645,Database,Operations,1,1,2,2,1350137.7042193175,159804.2876704047,19,1
AST-009646,Asset_9646,Workstation,Sales,0,1,3,1,1939941.2141508774,60939.94038845621,1,0
AST-009647,Asset_9647,Workstation,Engineering,0,2,2,2,2648269.3137563835,141571.8569120185,2,1
AST-009648,Asset_9648,Workstation,Sales,0,5,1,3,6854495.575807444,83059.61728765695,3,0
AST-009649,Asset_9649,Workstation,Sales,0,4,3,3,6591132.108387576,88445.18871825344,6,0
AST-009650,Asset_9650,Server,Engineering,0,2,2,2,2256735.837253414,68112.29444047017,2,0
AST-009651,Asset_9651,Server,Marketing,0,4,4,4,4303207.046635052,338084.92980209005,1,0
AST-009652,Asset_9652,Server,HR,1,2,5,2,2772727.6252987236,50139.13625116298,18,2
AST-009653,Asset_9653,Server,Finance,1,1,2,2,1674961.71587687,73806.07182635814,19,4
AST-009654,Asset_9654,Server,Finance,1,1,5,3,1456372.5745245712,278517.24262260855,20,4
AST-009655,Asset_9655,Workstation,Finance,0,2,1,1,1558393.44865364,77971.18518984728,2,0
AST-009656,Asset_9656,Workstation,HR,0,1,2,1,1096550.4210526072,75981.31233042189,3,1
AST-009657,Asset_9657,Cloud_Storage,Marketing,1,2,1,2,2537790.3949875114,101925.45827879517,17,4
AST-009658,Asset_9658,Server,Sales,0,3,1,2,3856849.73107387,146425.08037529094,1,0
AST-009659,Asset_9659,Workstation,Engineering,0,1,4,3,1009392.7084231975,182746.51292280166,1,1
AST-009660,Asset_9660,Network_Device,Marketing,0,1,4,3,1283621.9633436173,49295.44705746669,3,2
AST-009661,Asset_9661,Workstation,Finance,0,1,2,2,1509463.087936018,123774.7051106059,1,0
AST-009662,Asset_9662,Server,Operations,0,2,1,1,2403918.13952584,50702.25518584898,3,2
AST-009663,Asset_9663,Server,HR,0,1,2,2,1177021.0454633362,40513.297346122854,3,0
AST-009664,Asset_9664,Server,HR,1,2,4,3,3404748.4739484503,122951.55409045753,14,0
AST-009665,Asset_9665,Database,Engineering,0,1,1,1,1635257.042314436,90531.76376920473,1,0
AST-009666,Asset_9666,Workstation,Operations,1,2,1,2,2267214.8595281765,164666.44664132595,10,1
AST-009667,Asset_9667,Server,Sales,1,1,3,2,1994020.0130676643,184502.5871614587,17,3
AST-009668,Asset_9668,Server,Marketing,0,5,4,4,2998532.405256508,298148.70970526285,2,0
AST-009669,Asset_9669,Workstation,Operations,1,2,1,1,1977987.2107211496,66929.82958878303,21,2
AST-009670,Asset_9670,Workstation,Marketing,0,3,3,3,1665737.2699500243,67594.15869176401,0,1
AST-009671,Asset_9671,Workstation,Marketing,0,3,2,3,5277612.220748832,58946.60173074128,2,0
AST-009672,Asset_9672,Workstation,Sales,0,2,1,1,3266890.678903608,32207.810127770637,0,2
AST-009673,Asset_9673,Database,Sales,0,1,3,2,1525514.9029705827,76555.49183776519,2,3
AST-009674,Asset_9674,Server,Sales,0,2,3,3,1643416.669696273,193899.5871703934,2,0
AST-009675,Asset_9675,Database,Engineering,0,2,1,2,3123156.544996057,177915.63451721377,3,1
AST-009676,Asset_9676,Workstation,HR,0,2,2,2,2065935.2723942173,180331.50808982612,2,0
AST-009677,Asset_9677,Cloud_Storage,Finance,0,1,3,2,1802854.2527189488,142824.20259215456,2,0
AST-009678,Asset_9678,Server,Sales,0,1,1,1,799252.4673408249,61652.257133690844,2,0
AST-009679,Asset_9679,Workstation,HR,0,1,2,2,826761.1431056778,63989.95140393085,1,0
AST-009680,Asset_9680,Database,Sales,0,1,1,1,1940879.4355174357,94415.00499888134,1,0
AST-009681,Asset_9681,Workstation,Finance,1,4,1,2,5102120.88655796,140800.30913484245,12,2
AST-009682,Asset_9682,Server,Operations,0,1,1,2,1169578.60974497,116022.29489840608,4,2
AST-009683,Asset_9683,Database,Sales,1,1,2,2,1027623.0558153711,38712.14843388495,12,2
AST-009684,Asset_9684,Network_Device,HR,0,3,1,2,5240456.343625857,168658.99579757688,4,0
AST-009685,Asset_9685,Workstation,Engineering,0,3,1,2,3087183.9642634187,82818.63262381303,0,2
AST-009686,Asset_9686,Workstation,Operations,0,2,1,1,2068470.9119087243,91052.80232343971,0,0
AST-009687,Asset_9687,Server,Operations,0,1,3,1,685001.226085653,25157.337626886627,8,0
AST-009688,Asset_9688,Server,Operations,1,1,2,1,1281089.5765778748,14373.553220556327,14,2
AST-009689,Asset_9689,Database,Finance,0,2,1,1,3771249.9730498265,49125.5280754451,1,0
AST-009690,Asset_9690,Network_Device,HR,0,1,5,3,1936308.8440379896,51141.86632817229,2,0
AST-009691,Asset_9691,Cloud_Storage,Marketing,0,1,3,2,1993273.3129407617,31124.53369800464,2,1
AST-009692,Asset_9692,Workstation,Marketing,0,1,2,2,1209605.8079633582,148471.80607115885,2,1
AST-009693,Asset_9693,Database,Marketing,1,4,2,3,6649688.500301632,99491.42684607423,21,3
AST-009694,Asset_9694,Network_Device,Engineering,0,1,1,2,1328802.0984280775,134993.12792306184,3,0
AST-009695,Asset_9695,Workstation,Sales,1,2,5,4,2643873.238764982,245499.75216953317,23,2
AST-009696,Asset_9696,Workstation,Sales,0,5,1,4,8546806.830358556,90670.9847205203,1,0
AST-009697,Asset_9697,Server,Sales,0,2,2,1,3506073.936091664,44720.11349403131,3,1
AST-009698,Asset_9698,Workstation,Engineering,0,1,2,2,529689.8816246125,31891.4995102318,1,0
AST-009699,Asset_9699,Workstation,Marketing,0,1,4,2,1914184.7813583051,95901.1935953492,3,1
AST-009700,Asset_9700,Network_Device,Operations,1,5,1,3,8672376.487047149,79237.76449007401,15,2
AST-009701,Asset_9701,Workstation,Sales,0,1,2,1,1581663.1464425616,18667.836801406083,2,1
AST-009702,Asset_9702,Server,Operations,0,2,3,2,3556097.1181637095,77057.341319765,0,1
AST-009703,Asset_9703,Workstation,Operations,1,4,1,3,5223579.547815243,30923.198392852857,16,1
AST-009704,Asset_9704,Network_Device,Engineering,0,1,1,1,1659895.2819846293,78199.21174918018,2,1
AST-009705,Asset_9705,Database,Engineering,0,3,1,2,4193920.519152944,48473.06802702583,3,0
AST-009706,Asset_9706,Server,HR,0,5,1,3,6571980.4298801115,198975.91669620242,4,0
AST-009707,Asset_9707,Server,Sales,0,2,1,2,1634823.1669615237,169864.80010360046,1,0
AST-009708,Asset_9708,Workstation,Marketing,0,2,2,2,3542245.0889049266,185102.8904300627,2,0
AST-009709,Asset_9709,Database,Finance,0,4,3,3,7303226.099697151,180545.18683655042,3,1
AST-009710,Asset_9710,Workstation,Engineering,1,2,5,3,3913577.873362908,242836.6329281024,22,4
AST-009711,Asset_9711,Server,Operations,0,3,2,2,2041973.9967102753,101858.91197531065,2,2
AST-009712,Asset_9712,Network_Device,HR,1,2,1,1,1874722.5833917079,54116.2698782529,13,2
AST-009713,Asset_9713,Server,Finance,0,1,4,2,1528108.519342923,118418.99416275167,2,1
AST-009714,Asset_9714,Server,Engineering,0,1,3,1,1782844.024280497,70312.33322357999,1,0
AST-009715,Asset_9715,Workstation,HR,1,1,2,1,1626956.2630066394,70292.5650115844,14,3
AST-009716,Asset_9716,Workstation,Operations,1,1,1,1,1183388.149372736,80684.01315318143,13,3
AST-009717,Asset_9717,Server,Sales,0,1,4,3,1588966.0982993823,196574.87584503955,2,1
AST-009718,Asset_9718,Server,HR,0,2,1,1,1216374.7194923032,89437.07524693597,0,0
AST-009719,Asset_9719,Server,Engineering,1,1,1,1,1493807.6711273794,73831.24639716794,12,3
AST-009720,Asset_9720,Workstation,Sales,1,4,3,3,2048077.1678550334,280817.2214407468,11,3
AST-009721,Asset_9721,Workstation,Operations,1,3,2,3,1713969.468314272,232617.9299534143,10,3
AST-009722,Asset_9722,Workstation,Marketing,0,2,1,1,3271886.6744179097,76483.39107245719,0,0
AST-009723,Asset_9723,Workstation,HR,0,2,2,2,2432881.1365258982,174871.4961923491,3,0
AST-009724,Asset_9724,Workstation,Finance,0,1,3,3,589326.476130667,207068.7457817804,2,0
AST-009725,Asset_9725,Server,Operations,1,2,3,2,2445583.5828010347,52323.557389872585,15,3
AST-009726,Asset_9726,Cloud_Storage,Sales,0,2,1,1,1188262.9914115954,17467.150167919994,1,0
AST-009727,Asset_9727,Network_Device,Operations,0,3,1,1,3057145.094452669,38424.35130724321,4,1
AST-009728,Asset_9728,Server,Sales,1,1,2,2,736058.9082966998,166590.89652646368,12,5
AST-009729,Asset_9729,Server,Operations,0,3,4,4,2487176.0942635136,47814.82828846912,1,0
AST-009730,Asset_9730,Server,Marketing,1,3,1,2,2380225.218824016,47007.130366367695,13,4
AST-009731,Asset_9731,Server,HR,0,2,2,2,2115303.7748670755,39100.844970401915,3,0
AST-009732,Asset_9732,Workstation,Finance,0,1,1,1,661862.4750997585,13345.747255333443,0,1
AST-009733,Asset_9733,Workstation,Marketing,0,2,1,2,2583209.349820056,165851.09070433018,0,0
AST-009734,Asset_9734,Workstation,HR,0,2,4,3,2221303.041261284,105488.17750233658,1,1
AST-009735,Asset_9735,Workstation,Finance,0,2,1,1,3519595.1302602026,75603.34437207466,3,0
AST-009736,Asset_9736,Workstation,Operations,0,2,3,2,3477775.27681142,45544.179966629636,2,0
AST-009737,Asset_9737,Workstation,Finance,0,1,1,2,1736416.673361084,93608.07156458797,1,1
AST-009738,Asset_9738,Server,Engineering,1,1,1,1,1204458.9142020936,20481.90409076531,16,3
AST-009739,Asset_9739,Database,Finance,0,1,4,3,936182.9131643912,30669.70994009487,2,0
AST-009740,Asset_9740,Workstation,HR,0,1,2,1,1123101.9111495009,65184.6012108391,4,1
AST-009741,Asset_9741,Server,Marketing,0,1,2,2,1531057.6080270638,106576.74718393145,0,0
AST-009742,Asset_9742,Server,Marketing,0,1,3,2,1294679.5347236225,94994.5252395906,2,0
AST-009743,Asset_9743,Network_Device,Engineering,1,1,1,1,1436456.1576021945,17079.360692654147,12,4
AST-009744,Asset_9744,Workstation,HR,0,3,2,3,4621729.823772293,188815.30208002543,1,0
AST-009745,Asset_9745,Server,Finance,0,3,1,4,5632634.827241537,320800.37297766114,3,0
AST-009746,Asset_9746,Workstation,Engineering,1,1,3,4,1915963.7494247484,64208.010381845146,24,5
AST-009747,Asset_9747,Workstation,Operations,0,1,2,2,1760704.997771017,94422.5013512326,1,3
AST-009748,Asset_9748,Database,Sales,0,3,1,3,1792776.7342994902,114120.2488362382,1,1
AST-009749,Asset_9749,Server,Operations,1,2,4,3,3938005.0139359343,270806.6937683006,16,3
AST-009750,Asset_9750,Cloud_Storage,HR,1,1,2,1,1555446.089255411,33639.02102567132,16,2
AST-009751,Asset_9751,Database,Engineering,0,3,2,2,4620264.671067202,189970.51999020283,3,0
AST-009752,Asset_9752,Server,Marketing,0,1,1,1,534658.97331405,84556.21869631307,3,0
AST-009753,Asset_9753,Workstation,Engineering,1,2,4,3,2438199.7638859116,57042.89860590652,19,3
AST-009754,Asset_9754,Workstation,Sales,0,5,5,5,7198747.6713674655,266286.9822081509,2,0
AST-009755,Asset_9755,Server,HR,1,1,2,1,917764.1057756054,68410.1330646525,13,4
AST-009756,Asset_9756,Server,Engineering,1,4,2,4,2499440.1967306565,253505.83460390443,10,2
AST-009757,Asset_9757,Server,Operations,0,1,1,1,1298667.291687523,71130.72882437424,0,0
AST-009758,Asset_9758,Cloud_Storage,Finance,0,2,1,1,2338883.674735627,48367.58223439577,2,0
AST-009759,Asset_9759,Server,Operations,0,2,2,2,1132240.9724157467,182853.6922957462,1,1
AST-009760,Asset_9760,Workstation,HR,0,3,1,3,3837381.4346618503,102997.42887223903,1,0
AST-009761,Asset_9761,Cloud_Storage,Engineering,0,1,4,2,661575.2551829047,36938.14900710971,1,0
AST-009762,Asset_9762,Server,Operations,1,2,1,2,2273652.326582186,196035.30058646903,14,3
AST-009763,Asset_9763,Cloud_Storage,Engineering,0,3,3,4,2716858.096074404,274705.17898497754,0,0
AST-009764,Asset_9764,Cloud_Storage,Operations,0,2,1,1,3911412.4341333727,69327.77895927953,2,1
AST-009765,Asset_9765,Network_Device,HR,1,1,1,1,552099.8553165775,83577.39715593957,14,3
AST-009766,Asset_9766,Server,Marketing,0,1,2,1,1340034.8541364556,47929.73020218618,1,1
AST-009767,Asset_9767,Workstation,Operations,0,2,3,3,1455760.966317871,134283.60239327623,1,0
AST-009768,Asset_9768,Workstation,Finance,0,4,3,3,3915764.669427568,286269.15200197574,0,0
AST-009769,Asset_9769,Cloud_Storage,Operations,0,2,1,2,1551702.9145923792,89620.6440464904,0,1
AST-009770,Asset_9770,Server,HR,1,2,1,1,3985440.639137066,17063.00534567455,13,3
AST-009771,Asset_9771,Workstation,Operations,0,1,4,2,548543.1006698115,75409.30837868334,2,0
AST-009772,Asset_9772,Database,Finance,0,2,3,2,2624069.3774220017,177237.43907819685,1,0
AST-009773,Asset_9773,Server,Finance,0,1,3,3,1412064.0719875805,55639.21373483859,3,0
AST-009774,Asset_9774,Workstation,HR,1,2,1,2,3316503.6870866586,149006.9515046322,15,2
AST-009775,Asset_9775,Workstation,Engineering,1,5,3,3,7194876.372488428,101928.30442867562,17,2
AST-009776,Asset_9776,Workstation,Operations,0,3,1,2,2541061.0805267855,154238.6668831039,3,1
AST-009777,Asset_9777,Workstation,Marketing,1,1,2,2,1397058.3244952862,112619.80250258664,23,3
AST-009778,Asset_9778,Cloud_Storage,Finance,0,2,1,2,3924900.6300261007,134583.62977983264,3,0
AST-009779,Asset_9779,Database,Finance,0,1,1,1,1772677.65290714,31887.66135189505,1,0
AST-009780,Asset_9780,Workstation,Operations,1,1,2,1,1180245.670782803,25130.674952997433,11,3
AST-009781,Asset_9781,Database,Engineering,0,1,1,2,1216112.3266606631,31395.529497367505,1,0
AST-009782,Asset_9782,Database,Operations,0,1,2,2,699362.5964335017,168603.82234844542,0,0
AST-009783,Asset_9783,Workstation,HR,0,2,3,3,2709775.368507889,221830.84303598088,3,1
AST-009784,Asset_9784,Cloud_Storage,Marketing,0,2,5,4,1840730.178989354,145606.77095313946,3,0
AST-009785,Asset_9785,Workstation,Operations,0,4,1,3,2648685.532548193,255966.60864254204,5,1
AST-009786,Asset_9786,Workstation,Finance,0,1,1,2,1211314.1081213844,170065.399483616,1,1
AST-009787,Asset_9787,Server,Finance,0,1,2,2,567606.9260332437,44796.6459486816,3,2
AST-009788,Asset_9788,Server,HR,0,1,1,1,680197.6151448342,74231.86904834103,4,1
AST-009789,Asset_9789,Workstation,Engineering,0,1,1,1,828565.9788109297,36305.37062719765,2,0
AST-009790,Asset_9790,Server,Operations,0,5,2,4,9929759.62659399,208188.17385042776,0,0
AST-009791,Asset_9791,Server,Sales,1,1,2,3,1712722.400405434,146139.09942790237,14,3
AST-009792,Asset_9792,Workstation,Engineering,0,4,3,2,5250550.018193921,128033.07491745973,1,0
AST-009793,Asset_9793,Server,Finance,1,1,5,3,848848.0763471101,123725.64528155918,19,4
AST-009794,Asset_9794,Server,Operations,1,1,3,2,1278379.8332747081,33185.713210109716,21,2
AST-009795,Asset_9795,Workstation,Finance,0,1,1,2,1473495.6291171075,141077.02842394437,4,1
AST-009796,Asset_9796,Workstation,Marketing,0,4,3,3,2027383.50213527,289354.1587506756,4,2
AST-009797,Asset_9797,Cloud_Storage,Engineering,0,1,2,1,1981840.4061224181,70108.09675055995,3,0
AST-009798,Asset_9798,Workstation,Sales,0,5,2,3,7200857.5039606355,175693.43213932053,1,0
AST-009799,Asset_9799,Workstation,Marketing,0,2,4,3,3964739.4237036817,74177.81731721477,0,0
AST-009800,Asset_9800,Cloud_Storage,Sales,0,1,3,2,1203598.6896471987,132532.00572962113,4,1
AST-009801,Asset_9801,Workstation,Marketing,0,2,2,2,2870522.0516868243,129995.63520969964,2,2
AST-009802,Asset_9802,Server,Engineering,1,1,1,1,1192191.1133276587,65687.78118614946,15,5
AST-009803,Asset_9803,Server,Finance,1,1,4,3,514225.4641658937,270924.52954593603,8,4
AST-009804,Asset_9804,Workstation,Sales,0,3,3,3,5324512.722428848,223406.41813068808,3,0
AST-009805,Asset_9805,Workstation,Engineering,0,2,1,1,2347004.83150718,80505.98797404354,2,0
AST-009806,Asset_9806,Workstation,Sales,0,2,1,2,2412808.5757803284,76401.00189137089,0,0
AST-009807,Asset_9807,Workstation,Engineering,0,1,1,2,1039946.2090293911,68667.50260660914,0,1
AST-009808,Asset_9808,Workstation,Marketing,1,1,1,1,1148984.7013085163,28610.282236629802,19,7
AST-009809,Asset_9809,Cloud_Storage,Engineering,1,1,2,1,1588326.0749525535,80053.38120513158,12,1
AST-009810,Asset_9810,Workstation,Marketing,0,2,1,1,3101873.444077497,72872.96392922258,2,0
AST-009811,Asset_9811,Server,Finance,0,3,4,4,5137705.300544089,163153.82875152634,3,1
AST-009812,Asset_9812,Network_Device,Marketing,0,2,3,2,3924001.2075289744,45399.09234661566,5,1
AST-009813,Asset_9813,Server,HR,1,3,1,2,3260243.546353318,172400.1150753827,17,4
AST-009814,Asset_9814,Workstation,Finance,0,1,1,1,1008439.2767937852,44585.01865786831,5,0
AST-009815,Asset_9815,Cloud_Storage,Operations,0,1,1,1,1240287.5971650817,27077.42926642324,4,0
AST-009816,Asset_9816,Workstation,Operations,1,1,1,2,731584.3437164469,45993.910164737754,14,2
AST-009817,Asset_9817,Workstation,Engineering,1,3,1,2,4911133.254128813,185542.37556782973,12,2
AST-009818,Asset_9818,Workstation,Engineering,1,3,2,3,4115120.6629190915,65144.079182267626,15,4
AST-009819,Asset_9819,Database,HR,0,1,4,3,817011.0895054364,127111.83189387941,3,0
AST-009820,Asset_9820,Database,Engineering,0,1,4,2,1796052.5780084394,133794.46998302324,2,0
AST-009821,Asset_9821,Workstation,Finance,0,2,3,2,2857187.5521691097,93453.73643543551,1,0
AST-009822,Asset_9822,Workstation,Finance,1,4,2,3,2204235.9219523356,158914.32592718315,10,1
AST-009823,Asset_9823,Workstation,Marketing,1,3,4,4,2384325.9992216434,328943.8432958819,9,4
AST-009824,Asset_9824,Server,Sales,1,1,2,1,1836640.2307889047,99931.10324528639,17,2
AST-009825,Asset_9825,Workstation,Engineering,0,2,1,1,2143136.66923495,52049.60037538142,3,0
AST-009826,Asset_9826,Workstation,HR,1,3,2,2,5929582.135774112,88188.85659939575,8,2
AST-009827,Asset_9827,Workstation,Operations,0,1,4,3,1294628.4304414087,139825.98445072657,3,0
AST-009828,Asset_9828,Workstation,Finance,0,2,1,2,1623745.440767425,86439.5421216636,2,0
AST-009829,Asset_9829,Workstation,Finance,0,1,1,1,1390841.8397848313,52639.42341112704,1,0
AST-009830,Asset_9830,Workstation,Finance,0,1,1,2,653526.4077705144,79959.46804490162,1,2
AST-009831,Asset_9831,Workstation,Sales,0,5,1,3,8556360.381250482,154906.4643332924,0,3
AST-009832,Asset_9832,Network_Device,Sales,1,4,1,3,5767041.254607705,285273.4389168862,14,1
AST-009833,Asset_9833,Server,Engineering,1,2,1,1,3891839.859384854,35759.18999787733,12,8
AST-009834,Asset_9834,Cloud_Storage,Operations,0,1,4,2,1535161.6860387446,137337.44966008235,2,0
AST-009835,Asset_9835,Server,HR,0,3,4,3,1721176.6004947084,161472.06488500477,1,0
AST-009836,Asset_9836,Server,Sales,0,1,4,3,1214642.3608028514,227747.01511069277,2,0
AST-009837,Asset_9837,Network_Device,Marketing,0,1,1,1,1296965.3635840602,52506.285222462146,2,0
AST-009838,Asset_9838,Server,Sales,0,1,1,2,1875163.9487181115,48897.618390614094,2,0
AST-009839,Asset_9839,Workstation,Finance,1,2,1,2,2297400.374669908,177035.37242429002,15,3
AST-009840,Asset_9840,Network_Device,HR,0,1,4,3,1390270.3591478893,212457.1087916948,4,0
AST-009841,Asset_9841,Network_Device,Engineering,1,2,1,1,1557868.314071117,57328.37497070129,21,3
AST-009842,Asset_9842,Cloud_Storage,Sales,1,1,2,1,866939.2111899909,84797.53478829247,12,1
AST-009843,Asset_9843,Server,Finance,0,4,1,3,5291520.587110287,293570.10992616165,2,0
AST-009844,Asset_9844,Workstation,Marketing,0,4,1,3,6181907.382609277,140537.8294803262,1,0
AST-009845,Asset_9845,Server,Marketing,1,3,1,2,3459573.1541444594,83551.01563247887,16,4
AST-009846,Asset_9846,Workstation,Engineering,0,2,3,2,2298005.694146477,155646.60320688007,1,0
AST-009847,Asset_9847,Network_Device,Engineering,1,1,1,2,883991.4305596512,101828.99516237142,15,4
AST-009848,Asset_9848,Database,Sales,1,3,1,2,4641588.445297154,35438.39704974114,23,1
AST-009849,Asset_9849,Workstation,Engineering,0,4,1,2,2032837.2542647296,83794.68625829273,2,2
AST-009850,Asset_9850,Workstation,Operations,1,1,2,2,1269152.9604621695,165553.7790941645,19,1
AST-009851,Asset_9851,Workstation,Operations,0,2,2,1,1010694.2650949566,73602.47637935387,1,1
AST-009852,Asset_9852,Cloud_Storage,Finance,1,1,4,3,1390201.8647382222,262967.80334757024,13,2
AST-009853,Asset_9853,Server,Finance,0,1,2,1,546359.7373870086,23196.387653495025,0,1
AST-009854,Asset_9854,Workstation,Finance,1,2,1,3,3820201.2396929157,95858.83569517592,14,2
AST-009855,Asset_9855,Network_Device,Operations,0,5,2,4,6084653.216658863,117304.69586099782,1,2
AST-009856,Asset_9856,Workstation,Sales,1,1,2,1,1526034.097068199,97419.954056581,17,3
AST-009857,Asset_9857,Server,Sales,0,2,3,3,3560795.4236952816,75609.59092031824,1,0
AST-009858,Asset_9858,Workstation,Engineering,0,5,4,5,4265665.856084955,319068.52504501195,3,1
AST-009859,Asset_9859,Database,Sales,0,2,3,3,2620161.7064039903,200886.67161129217,1,0
AST-009860,Asset_9860,Server,Finance,1,4,1,3,7180697.505445361,197101.2232933027,14,4
AST-009861,Asset_9861,Network_Device,HR,0,1,1,1,1306660.4120138467,72249.67360258396,5,0
AST-009862,Asset_9862,Workstation,Finance,0,5,4,4,5445793.721534487,214211.7924741194,1,2
AST-009863,Asset_9863,Cloud_Storage,Operations,1,1,1,1,1053304.7114205416,17531.945386108564,14,5
AST-009864,Asset_9864,Network_Device,HR,1,5,3,5,5380812.700691875,365556.2492383144,19,2
AST-009865,Asset_9865,Workstation,Engineering,0,1,5,2,1423146.9325017352,70598.87577935163,0,0
AST-009866,Asset_9866,Server,Marketing,1,2,2,2,1136983.4365534922,33656.94855319694,15,2
AST-009867,Asset_9867,Workstation,Sales,0,1,2,1,1123074.311873308,25280.738319094704,1,1
AST-009868,Asset_9868,Server,Sales,1,2,2,3,2681767.386240463,107549.29265118996,18,3
AST-009869,Asset_9869,Cloud_Storage,Operations,1,1,1,2,1679571.1811504823,97839.12310554105,10,3
AST-009870,Asset_9870,Server,Finance,0,5,2,3,6474953.092059715,262557.35288125614,1,0
AST-009871,Asset_9871,Server,Finance,0,1,1,2,1889259.1026717299,116570.46038715923,1,1
AST-009872,Asset_9872,Workstation,HR,0,2,1,1,2331318.977111168,52477.0529316021,1,0
AST-009873,Asset_9873,Server,Sales,0,1,2,2,1476191.226734527,54426.4041767988,4,0
AST-009874,Asset_9874,Server,Operations,1,3,2,3,1579115.0075738586,289000.9339113366,16,1
AST-009875,Asset_9875,Workstation,Engineering,0,2,3,2,1715344.2021715315,183532.86711200452,1,0
AST-009876,Asset_9876,Server,Finance,1,5,4,4,8615930.097989427,333787.8028347508,21,3
AST-009877,Asset_9877,Server,Sales,0,2,1,2,2758645.1654653028,78167.22108633514,3,0
AST-009878,Asset_9878,Database,Marketing,1,1,3,3,1919259.5915459143,181639.45856049497,18,1
AST-009879,Asset_9879,Workstation,Operations,1,1,1,1,1629314.6559744305,44996.22993422964,14,1
AST-009880,Asset_9880,Workstation,HR,1,3,2,2,3523487.3621263,92524.5462200707,11,4
AST-009881,Asset_9881,Workstation,Finance,0,2,4,3,3336133.8042350593,49475.46605623365,1,0
AST-009882,Asset_9882,Workstation,Finance,0,3,1,2,3605040.5173080517,45208.02482669705,2,1
AST-009883,Asset_9883,Database,Engineering,0,1,2,1,995253.3071323929,96505.19075580724,2,1
AST-009884,Asset_9884,Cloud_Storage,Finance,0,2,2,2,1141288.2159488935,129815.0876462299,1,1
AST-009885,Asset_9885,Server,Operations,0,4,3,3,7193740.182919241,31703.594222181935,1,0
AST-009886,Asset_9886,Workstation,Sales,1,1,2,1,1128412.603834167,82826.73619227274,19,3
AST-009887,Asset_9887,Network_Device,Sales,0,1,3,3,1527755.4275366315,53501.23719915359,2,2
AST-009888,Asset_9888,Network_Device,Sales,0,3,1,2,2188767.6838394264,147468.03645896993,1,0
AST-009889,Asset_9889,Server,Marketing,0,1,3,3,1743443.5354276265,197629.23583910783,4,0
AST-009890,Asset_9890,Server,Marketing,0,2,2,1,3472601.3381160703,15665.613454007875,5,0
AST-009891,Asset_9891,Workstation,Finance,0,2,2,1,2446442.788749379,57784.52535481324,2,1
AST-009892,Asset_9892,Server,Marketing,1,5,1,4,7541085.310807649,57076.710930245186,16,4
AST-009893,Asset_9893,Network_Device,Marketing,0,4,1,3,5128723.051296873,47385.23239769808,0,1
AST-009894,Asset_9894,Workstation,Engineering,1,2,1,1,2656797.91620712,14606.09543245126,14,0
AST-009895,Asset_9895,Workstation,Marketing,0,1,1,2,1833202.3507831302,65979.4226516473,2,0
AST-009896,Asset_9896,Server,HR,1,1,1,1,1950373.5970109117,82159.23538841835,12,0
AST-009897,Asset_9897,Workstation,HR,0,4,3,3,4204993.658619997,127862.7779919912,1,0
AST-009898,Asset_9898,Workstation,HR,1,2,4,3,1995199.3787313015,202675.3264785019,15,2
AST-009899,Asset_9899,Network_Device,Finance,0,3,3,3,2867133.462357777,63709.23343877842,2,1
AST-009900,Asset_9900,Server,Sales,0,2,3,2,3312276.381427502,187915.65393471078,3,0
AST-009901,Asset_9901,Server,Engineering,0,1,1,1,1584346.1894459156,55381.6697887953,3,0
AST-009902,Asset_9902,Database,Finance,1,1,2,2,565700.1140738879,24427.081775242223,9,0
AST-009903,Asset_9903,Server,Sales,1,1,4,3,632661.3360586336,175099.79916441563,16,4
AST-009904,Asset_9904,Workstation,Engineering,0,3,3,4,4407922.051379119,106430.84531264975,1,0
AST-009905,Asset_9905,Cloud_Storage,Engineering,0,3,1,3,2737313.8090076796,82870.43365130677,2,1
AST-009906,Asset_9906,Database,Engineering,0,1,2,1,637370.4740974254,64033.70533674332,2,0
AST-009907,Asset_9907,Network_Device,HR,0,2,1,3,2240991.1354077496,91123.54397185736,3,0
AST-009908,Asset_9908,Server,HR,0,4,1,3,7264896.975574946,87774.88928703526,1,1
AST-009909,Asset_9909,Server,HR,0,2,2,2,2098935.3505404172,117372.77088093678,3,0
AST-009910,Asset_9910,Server,Engineering,1,2,4,3,3086890.1163501516,93574.05188369122,16,3
AST-009911,Asset_9911,Database,Operations,1,1,2,1,1850862.3043641967,19946.134424034193,14,0
AST-009912,Asset_9912,Cloud_Storage,Engineering,0,4,1,2,3015878.488063413,93486.24476509084,0,0
AST-009913,Asset_9913,Server,HR,0,2,2,2,2829105.19552576,29359.71887495942,1,0
AST-009914,Asset_9914,Workstation,Engineering,0,4,3,4,7445955.452467236,365916.31203698984,2,2
AST-009915,Asset_9915,Workstation,HR,0,3,1,2,2370358.9247510084,101276.7348682624,0,0
AST-009916,Asset_9916,Cloud_Storage,HR,0,3,2,3,5949206.7620476745,33535.565429673836,4,0
AST-009917,Asset_9917,Server,HR,0,5,1,3,5238126.473851848,90656.06276210958,1,0
AST-009918,Asset_9918,Server,Operations,1,3,2,3,2478866.1459198394,288610.81887661846,19,4
AST-009919,Asset_9919,Server,Sales,1,1,1,1,1756729.1772249448,54675.1811209202,12,1
AST-009920,Asset_9920,Workstation,Engineering,0,1,4,2,1201863.4779819697,84600.14048270177,2,0
AST-009921,Asset_9921,Server,Finance,0,1,1,1,1506017.2691825526,38360.035694428385,4,1
AST-009922,Asset_9922,Network_Device,HR,1,1,1,1,1234410.821113328,47527.358651198185,14,5
AST-009923,Asset_9923,Workstation,Operations,1,1,1,1,1465291.6969065268,29058.79633956501,18,1
AST-009924,Asset_9924,Workstation,Finance,0,2,2,2,1106106.4449907015,154842.86942156844,0,0
AST-009925,Asset_9925,Workstation,Sales,1,1,3,2,1025270.3397987275,111494.93564652893,11,3
AST-009926,Asset_9926,Server,Engineering,0,2,1,2,2971935.577906123,155258.06098992866,2,0
AST-009927,Asset_9927,Workstation,Operations,0,4,1,3,4104683.4922718247,98683.06397516206,3,0
AST-009928,Asset_9928,Cloud_Storage,HR,0,3,3,3,4990895.790424322,30392.154783136684,3,1
AST-009929,Asset_9929,Network_Device,HR,1,4,3,3,7765307.053589986,290881.8304037826,15,1
AST-009930,Asset_9930,Network_Device,HR,0,1,3,2,556117.1717833296,112171.89759780576,3,0
AST-009931,Asset_9931,Network_Device,Operations,0,2,2,2,3565954.4657351407,34353.06404837355,1,0
AST-009932,Asset_9932,Server,Finance,1,1,3,2,753596.0262451461,38675.22025843633,21,1
AST-009933,Asset_9933,Server,Sales,1,2,1,1,3752011.282643684,49121.032583548724,15,0
AST-009934,Asset_9934,Server,Engineering,1,2,2,1,3840378.2382953563,72573.78014985782,19,4
AST-009935,Asset_9935,Database,Sales,0,1,3,2,1353769.406925799,91395.53178489575,3,0
AST-009936,Asset_9936,Server,HR,1,1,1,1,1218518.1822321692,83813.7247170048,11,5
AST-009937,Asset_9937,Workstation,Sales,0,3,2,2,4913249.528890967,79230.70659555632,0,2
AST-009938,Asset_9938,Workstation,Finance,0,3,3,3,5631096.803374785,42313.45764578553,1,0
AST-009939,Asset_9939,Network_Device,Marketing,0,2,2,2,1697338.2161869688,21492.409528095,3,2
AST-009940,Asset_9940,Workstation,Marketing,0,1,2,1,1073662.1627052883,87349.98639346707,3,0
AST-009941,Asset_9941,Cloud_Storage,Engineering,0,2,1,2,2252607.9847146412,197203.20966287825,2,1
AST-009942,Asset_9942,Server,Engineering,1,1,1,1,1768731.8708220797,21951.89669051148,15,1
AST-009943,Asset_9943,Server,Sales,0,5,1,2,3526877.6575321914,31167.337723843346,3,1
AST-009944,Asset_9944,Workstation,Engineering,0,4,4,3,5738265.093537166,276890.06258402526,4,0
AST-009945,Asset_9945,Server,Operations,0,1,4,2,1026411.9553067487,38136.15191824075,1,0
AST-009946,Asset_9946,Server,Finance,0,1,1,1,1828271.1880314904,30556.376870408254,3,0
AST-009947,Asset_9947,Database,HR,0,2,1,2,2019372.635357114,164296.47635952203,0,0
AST-009948,Asset_9948,Server,HR,1,1,1,1,1966919.4272401521,99818.58909875387,16,3
AST-009949,Asset_9949,Workstation,Sales,1,4,1,3,2093792.6540833807,161223.75014503693,16,3
AST-009950,Asset_9950,Workstation,HR,1,3,1,2,2577991.3021350605,57938.74202391529,15,5
AST-009951,Asset_9951,Workstation,Sales,0,1,1,1,1185981.3698650957,86294.62148648709,0,0
AST-009952,Asset_9952,Workstation,Engineering,0,1,3,2,884486.8744762954,90976.07160324547,2,1
AST-009953,Asset_9953,Database,Engineering,0,3,3,4,4818270.800131788,138151.21840746832,1,0
AST-009954,Asset_9954,Server,Operations,1,2,1,2,3443654.4072072627,108274.98028291523,13,2
AST-009955,Asset_9955,Server,Operations,0,2,2,2,3092523.98362674,174043.68864976388,0,2
AST-009956,Asset_9956,Database,Finance,0,1,2,1,1955597.7249634105,30970.073664354346,0,1
AST-009957,Asset_9957,Workstation,HR,0,1,1,1,1184057.0023040392,48145.10946700261,1,0
AST-009958,Asset_9958,Workstation,Operations,0,2,3,3,3939309.3861305756,149945.79553080344,5,1
AST-009959,Asset_9959,Workstation,Finance,0,2,1,1,1373831.8913496973,84948.78141098708,4,2
AST-009960,Asset_9960,Server,Marketing,0,1,1,1,1768916.981379529,70840.46678430556,1,0
AST-009961,Asset_9961,Workstation,Operations,1,1,1,1,557661.9332866844,80243.79566977003,14,5
AST-009962,Asset_9962,Workstation,Finance,1,2,4,3,2595749.6992850835,217214.16189137078,18,5
AST-009963,Asset_9963,Workstation,Sales,0,3,2,3,3680122.2579467758,190022.4943759376,1,0
AST-009964,Asset_9964,Workstation,Sales,0,1,2,1,1784449.4250984103,21916.829972662414,3,1
AST-009965,Asset_9965,Workstation,Finance,1,3,3,3,4653295.981030414,254896.28119600605,15,2
AST-009966,Asset_9966,Workstation,Engineering,0,1,1,1,1161584.7803699854,64655.08410255937,3,1
AST-009967,Asset_9967,Workstation,Marketing,0,1,4,1,1843507.3310220502,73105.44560630439,0,0
AST-009968,Asset_9968,Server,Finance,1,3,2,3,5486412.287213345,240261.95571405446,12,7
AST-009969,Asset_9969,Workstation,Operations,0,2,2,1,1074195.4999842858,38052.9869036407,4,1
AST-009970,Asset_9970,Server,Engineering,0,1,3,2,1806527.8688350432,98716.59474795376,2,0
AST-009971,Asset_9971,Server,Finance,0,1,2,1,1289878.0349760249,58716.160193080956,4,0
AST-009972,Asset_9972,Cloud_Storage,HR,0,1,4,1,1758441.2489967155,40854.022446433075,0,1
AST-009973,Asset_9973,Cloud_Storage,Operations,0,3,3,3,2315956.182207781,99804.94222091736,1,1
AST-009974,Asset_9974,Server,Operations,0,1,1,1,726643.2790688779,79914.94641860857,1,0
AST-009975,Asset_9975,Workstation,Sales,0,1,1,2,1583304.7185544276,155671.77321087927,0,0
AST-009976,Asset_9976,Server,HR,0,1,1,1,913036.5427851414,84861.9358542945,4,0
AST-009977,Asset_9977,Workstation,HR,0,2,1,2,2676521.654515795,145405.09922730853,2,0
AST-009978,Asset_9978,Network_Device,Operations,0,3,1,1,4599669.924574954,38055.45708834721,1,0
AST-009979,Asset_9979,Cloud_Storage,Marketing,0,1,1,1,1415611.2634594282,39430.203961713385,4,0
AST-009980,Asset_9980,Workstation,Engineering,0,2,1,2,3096896.4202322937,115002.9521713961,1,0
AST-009981,Asset_9981,Database,Sales,0,1,3,2,1430535.924162576,170407.1823058112,2,0
AST-009982,Asset_9982,Workstation,HR,0,2,3,2,2137384.093494281,82332.76951247347,2,0
AST-009983,Asset_9983,Database,Sales,0,1,1,1,635741.6235090683,78934.51011928517,1,0
AST-009984,Asset_9984,Cloud_Storage,Operations,0,1,1,1,1783017.7219349036,37512.33315455013,2,0
AST-009985,Asset_9985,Network_Device,Engineering,0,1,1,1,1769012.3298321706,40467.28445952643,0,0
AST-009986,Asset_9986,Workstation,Finance,0,3,4,3,1525555.7814081188,233138.78926608473,0,0
AST-009987,Asset_9987,Database,HR,1,3,2,2,5283894.739290082,142143.56200612301,13,1
AST-009988,Asset_9988,Server,Engineering,0,2,5,4,1452966.418224057,114962.21719550347,2,2
AST-009989,Asset_9989,Server,Sales,0,1,4,3,999293.904595905,253295.73254554014,1,2
AST-009990,Asset_9990,Network_Device,Operations,0,1,4,2,1120022.9625547254,161229.87337480648,0,0
AST-009991,Asset_9991,Workstation,Engineering,1,2,1,1,3038892.5466346145,81767.62813223687,15,2
AST-009992,Asset_9992,Database,Finance,0,4,2,3,2554492.9116383106,156994.8182962748,4,1
AST-009993,Asset_9993,Workstation,Engineering,0,5,5,4,8699841.919100959,158310.26431440044,5,0
AST-009994,Asset_9994,Network_Device,Operations,0,2,1,2,3828243.3588610133,172960.72497767818,2,0
AST-009995,Asset_9995,Server,Sales,0,1,2,1,1929043.8029470097,62939.166941358126,1,0
AST-009996,Asset_9996,Network_Device,HR,1,2,1,1,1275514.0045568536,93788.1458289932,11,1
AST-009997,Asset_9997,Network_Device,HR,1,1,1,1,1879070.3803553712,32844.4329774698,25,5
AST-009998,Asset_9998,Cloud_Storage,Marketing,0,2,4,3,2703486.691124523,293419.1864259681,0,0
AST-009999,Asset_9999,Database,Sales,0,1,2,2,1590392.8438750303,88259.24767881489,0,1
AST-010000,Asset_10000,Server,Marketing,1,1,3,3,1895895.0597488682,133807.38800756526,25,0
