asset_id,mfa_coverage,edr_coverage,backup_coverage,control_effectiveness
AST-000001,0.7133807022468344,0.5930209234739019,0.6560667783063311,0.6541561346756891
AST-000002,0.732944789571186,0.3346777766709051,0.6701157701343944,0.5792461121254951
AST-000003,0.8068147348585252,0.600580417230365,0.8449601880731746,0.750785113387355
AST-000004,0.7839105877427335,0.30655624492236194,0.5726265257429397,0.5543644528026784
AST-000005,0.9170374919175114,0.908887899321853,0.9853953614679917,0.9371069175691186
AST-000006,0.8722350134606462,0.7731060531145065,0.6855885262425375,0.7769765309392301
AST-000007,0.9328220108468399,0.7013918591523376,0.998920152504152,0.8777113408344431
AST-000008,0.40482902517396696,0.4891760731637581,0.3700464092301185,0.4213505025226145
AST-000009,0.777904940616419,0.5942839342917963,0.9149909938923019,0.7623932896001723
AST-000010,0.43876779216952505,0.8481784078950615,0.9209341727518914,0.7359601242721593
AST-000011,0.4177558399239321,0.7074813546248385,0.8821202607831651,0.6691191517773118
AST-000012,0.932952873058458,0.9294702408185698,0.9248127009448913,0.9290786049406398
AST-000013,0.5407087910924957,0.6700082499644545,0.9749128241807208,0.728543288412557
AST-000014,0.40177923686138933,0.2933601269534934,0.9814904547359936,0.5588766061836254
AST-000015,0.670154820157017,0.4325392506021681,0.9128106545571368,0.6718349084387739
AST-000016,0.7831772497837438,0.9264260882334389,0.955831306273976,0.8884782147637195
AST-000017,0.41254031736046853,0.8520720879861285,0.9281553827831818,0.7309225960432596
AST-000018,0.0,0.5534704655079635,0.4157661537764186,0.32307887309479405
AST-000019,0.8283329770964749,0.6671309865075842,0.7500567935178514,0.7485069190406368
AST-000020,0.6659763064476435,0.4436151824986123,0.5774837972968578,0.5623584287477046
AST-000021,0.5810125752887003,0.5318612773390823,0.9212903323741743,0.6780547283339856
AST-000022,0.3073045996401152,0.6552408476896195,0.8840217000932235,0.6155223824743193
AST-000023,0.9291545298838754,0.9239110547044923,0.930142415826128,0.9277360001381653
AST-000024,0.23330805509797006,0.08742923885750939,0.9677567155707096,0.4294980031753964
AST-000025,0.9466891714637844,0.2977763832030368,0.9000588983318772,0.7148414843328995
AST-000026,0.8375730237805481,0.7581471101474484,0.6390884784028982,0.7449362041102982
AST-000027,0.7078986099899042,0.9188940614282534,0.9288048549110922,0.8518658421097499
AST-000028,0.5514081789226659,0.5173157892448493,0.13907765740640912,0.40260054185797484
AST-000029,0.25265464927408404,0.2670423924383042,0.9094694817837439,0.4763888411653774
AST-000030,0.4318960876310227,0.5951038341629948,0.996176216016963,0.6743920459369935
AST-000031,0.37707617955238426,0.9769312284716312,0.757372583110443,0.7037933303781528
AST-000032,0.6200490202570413,0.7068632189952184,0.7140499704305755,0.6803207365609452
AST-000033,0.8997481438243031,0.6073045044208368,0.38942703137986523,0.6321598932083351
AST-000034,0.612115736399444,0.8219069091095654,0.8966884777829277,0.776903707763979
AST-000035,0.917748870007873,0.44095479264933324,0.5575946884191146,0.6387661170254403
AST-000036,0.0,0.6682776816142958,0.8303994806432026,0.4995590540858328
AST-000037,0.8724574595989397,0.3346310826983782,0.9890947675051747,0.7320611032674975
AST-000038,0.8036391702550119,0.4859100137503536,0.898300550677223,0.7292832448941962
AST-000039,0.6190698412265649,0.8415773819718982,0.8056452322194508,0.755430818472638
AST-000040,0.4071828881169235,0.37472131444620965,0.9088879063848602,0.5635973696493312
AST-000041,0.9206659201783645,0.4937408439072611,0.4786633958703879,0.6310233866520044
AST-000042,0.41215209424331245,0.5149289621000205,0.9444642114474571,0.62384842259693
AST-000043,0.0,0.722544791093711,0.5749794819031356,0.4325080909989489
AST-000044,0.22281739074179704,0.28836979967206705,0.7894965325930347,0.43356124100229954
AST-000045,0.6143106366275926,0.7058331235379158,0.9482527237427008,0.7561321613027364
AST-000046,0.44624363129124,0.5735571592939772,0.7825601375341233,0.6007869760397803
AST-000047,0.7217051374563205,0.9923956203900538,0.9322317716900427,0.8821108431788057
AST-000048,0.9259948780300602,0.5232951633568869,0.7926807662986559,0.7473236025618677
AST-000049,0.0,0.7784020825079581,0.7087352361584914,0.4957124395554831
AST-000050,0.23443064874991343,0.18101671092463986,0.5122684500015917,0.30923860322538166
AST-000051,0.41462291423935155,0.3552727329906685,0.28266808730025406,0.350854578176758
AST-000052,0.9165120506047937,0.5271408499296981,0.9436789033445996,0.7957772679596972
AST-000053,0.9462245911433359,0.37110584979392586,0.864514726199452,0.7272817223789046
AST-000054,0.3815074897636287,0.7198653667370687,0.9838588243845721,0.6950772269617564
AST-000055,0.7382838854811862,0.33131122672341834,0.5387800179913854,0.5361250433986634
AST-000056,0.792644494120173,0.4253797796229559,0.9721334822518805,0.7300525853316698
AST-000057,0.3956047369266713,0.7082767146162567,0.9550767037444593,0.6863193850957958
AST-000058,0.4576581358877615,0.8552577268816886,0.7018401268634062,0.6715853298776188
AST-000059,0.5370666018304164,0.9854976971071497,0.42734905973610726,0.6499711195578911
AST-000060,0.8693497181726244,0.46175063453264387,0.12727779296711392,0.4861260485574607
AST-000061,0.9282331962571575,0.45931185648116984,0.4796429120304965,0.6223959882562746
AST-000062,0.3854320826338081,0.3535452099394297,0.5484839446382301,0.429153745737156
AST-000063,0.4000946235546911,0.7201052366324652,0.7404658273000978,0.6202218958290847
AST-000064,0.25959339023944705,0.28668820126136,0.45622040802181696,0.33416733317420794
AST-000065,0.5696893511235855,0.6617629394538854,0.9144526497485856,0.7153016467753522
AST-000066,0.0,0.5773920982223887,0.89430299157589,0.4905650299327595
AST-000067,0.8587138267866372,0.7894642797719609,0.7343939514860345,0.7941906860148776
AST-000068,0.47701290871094293,0.6681907379728014,0.9816204896236397,0.708941378769128
AST-000069,0.5345384702927743,0.5358767705639271,0.8658712863249819,0.6454288423938944
AST-000070,0.3768194723062023,0.1579837078208743,0.34374483036885595,0.2928493368319775
AST-000071,0.42939614141195404,0.14818581138169323,0.33186113432816927,0.3031476957072721
AST-000072,0.4271688212675176,0.6796465303353727,0.7655906397804508,0.6241353304611137
AST-000073,0.5866503861299328,0.30693056118215706,0.8343421856441846,0.5759743776520915
AST-000074,0.8563378050771918,0.8779732200645136,0.9917553089558867,0.9086887780325307
AST-000075,0.7498862579375023,0.6359485905030279,0.7664330801147949,0.717422642851775
AST-000076,0.46198016870147923,0.34673028456375354,0.6673899003677468,0.4920334512109932
AST-000077,0.7528504909472975,0.6988574424526693,0.8372373224146569,0.7629817519382079
AST-000078,0.7205611759196895,0.4580800419293555,0.886468155772733,0.6883697912072592
AST-000079,0.525210129731566,0.4483044849778775,0.9348014879533848,0.6361053675542762
AST-000080,0.6252229826290597,0.6723663428155601,0.8917035315055682,0.7297642856500627
AST-000081,0.0,0.6047658577313756,0.9895368708149532,0.5314342428487763
AST-000082,0.7724985854085927,0.7609476736973801,0.5855291963013367,0.7063251518024365
AST-000083,0.7041664371559292,0.17738367170768507,0.8432304190945255,0.5749268426527133
AST-000084,0.5108328446197751,0.14642061189267974,0.9300290055708674,0.5290941540277742
AST-000085,0.44459371981670737,0.6423962269651982,0.9887212067836036,0.6919037178551698
AST-000086,0.5065766113502116,0.9274062707753158,0.6632687803370404,0.6990838874875226
AST-000087,0.14004647419290664,0.5052261256456033,0.5249746469546334,0.39008241559771445
AST-000088,0.5037452545187903,0.6808948274480906,0.979250074090232,0.7212967186857043
AST-000089,0.057716189590068676,0.6996203666322085,0.7889718236461055,0.5154361266227943
AST-000090,0.43634642676207913,0.6862731379577657,0.8360943146822221,0.6529046264673557
AST-000091,0.7495555452464023,0.1418778388807349,0.9314250668732104,0.6076194836667825
AST-000092,0.0,0.5061357224336435,0.9877271472998003,0.49795428991114793
AST-000093,0.3128704507739417,0.0871886710852744,0.9715207632618568,0.45719329504035766
AST-000094,0.93741918850373,0.20779814229050655,0.5257084637093727,0.5569752648345364
AST-000095,0.5321351222006867,0.8579630113618314,0.8399440789875479,0.7433474041833552
AST-000096,0.5411688715495597,0.36993544268606626,0.5140967982845077,0.4750670375067112
AST-000097,0.6197528878781956,0.774835007857058,0.8923991808805015,0.762329025538585
AST-000098,0.37508155953738914,0.6349028952314155,0.8821250722559072,0.630703175674904
AST-000099,0.44826405036268163,0.5983454908438297,0.5100729976355177,0.5188941796140097
AST-000100,0.7933580450935954,0.580660139142851,0.8834988602681142,0.7525056815015203
AST-000101,0.23722194857853152,0.6516700546680111,0.35834947393210786,0.4157471590595501
AST-000102,0.09261758834501611,0.3605643301789546,0.34379875518508085,0.26566022456968386
AST-000103,0.843716313433884,0.4940542784021457,0.6314067024068162,0.6563924314142819
AST-000104,0.8412296244085753,0.8342676719105966,0.892248735937343,0.855915344085505
AST-000105,0.5954689948317065,0.5315877621479536,0.88900363690345,0.6720201312943699
AST-000106,0.8050341995478357,0.4179980645776821,0.748439059681921,0.657157107935813
AST-000107,0.5990046802085409,0.8675434406914497,0.9632652215472735,0.8099377808157547
AST-000108,0.37121606761614445,0.35405085159276856,0.9354840739405907,0.5535836643831679
AST-000109,0.19527509858123623,0.8330717462335399,0.9507976591694849,0.6597148346614203
AST-000110,0.4951353738630892,0.6097087764704834,0.6171181574559853,0.5739874359298526
AST-000111,0.8750481535599892,0.7729006369360186,0.9728844232072643,0.873611071234424
AST-000112,0.0,0.8209862550146745,0.7693313643515977,0.5301058731220908
AST-000113,0.7100123937052084,0.5940873050464327,0.7986602750410218,0.7009199912642209
AST-000114,0.8685544426846438,0.5802435046873764,0.5143618820940485,0.6543866098220229
AST-000115,0.6459923275705375,0.43972964385845453,0.85258087052134,0.6461009473167774
AST-000116,0.8659881926255013,0.5385990875174508,0.5762295541730381,0.6602722781053302
AST-000117,0.3606160412080969,0.6022144156805106,0.7503706114253774,0.5710670227713283
AST-000118,0.0,0.6830288611887186,0.5952016607256418,0.4260768406381201
AST-000119,0.5459143916853093,0.840964136809365,0.88526266920299,0.7573803992325548
AST-000120,0.5150649218049704,0.3582055301637279,0.9713371705729202,0.6148692075138729
AST-000121,0.4947788261456265,0.06264854745333932,0.6762776808833035,0.41123501816075647
AST-000122,0.7728240306227411,0.4248349788648998,0.7538042394360148,0.6504877496412186
AST-000123,0.7489322885804488,0.760586985724172,0.645153385266368,0.7182242198569962
AST-000124,0.4290861755418187,0.819379080376319,0.7018628666002125,0.6501093741727834
AST-000125,0.7479746532479887,0.7106619511237128,0.5288248276202038,0.6624871439973017
AST-000126,0.4307943471385276,0.6476265116930312,0.8993629439036708,0.6592612675784099
AST-000127,0.2772944362712228,0.7663845833153768,0.7922565276874304,0.6119785157580101
AST-000128,0.5248193796375634,0.7746927494484857,0.9331289249823445,0.7442136846894645
AST-000129,0.719160689374765,0.31100545221152154,0.9610910295601509,0.6637523903821458
AST-000130,0.8428202139120164,0.6577583227287213,0.7664540680326654,0.7556775348911343
AST-000131,0.8841567793180481,0.28394757207406446,0.9840502584512186,0.7173848699477771
AST-000132,0.6599937244302174,0.7645530871173057,0.9746278720967332,0.7997248945480854
AST-000133,0.7792483553827207,0.5731083867727286,0.7972305080273259,0.7165290833942585
AST-000134,0.0,0.49062024761580947,0.768634759317636,0.41975166897781513
AST-000135,0.28293632191171153,0.0940946694395488,0.9737991074702824,0.4502766996071809
AST-000136,0.0,0.5614008089131051,0.7539992981182488,0.43846670234378465
AST-000137,0.6519844435255655,0.8585762257467723,0.9935904540854382,0.8347170411192587
AST-000138,0.476280278108732,0.3457022614433135,0.7290089603448265,0.5169971666322907
AST-000139,0.4582636611303693,0.4808996034166944,0.2655532062763004,0.4015721569411214
AST-000140,0.28976944120705006,0.9250405084678374,0.9666558516073828,0.7271552670940901
AST-000141,0.7742192096216627,0.7587247407023192,0.7606599465771429,0.764534632300375
AST-000142,0.3041309191638309,0.6258577335473591,0.7459303767405193,0.5586396764839031
AST-000143,0.6861297369152682,0.3386685783318839,0.4902005374501059,0.5049996175657526
AST-000144,0.4533221630368803,0.7671232986408009,0.78510708934081,0.6685175170061637
AST-000145,0.6972716705303077,0.8524892408091946,0.6499744305609618,0.7332451139668213
AST-000146,0.5249258719659761,0.4915437885417533,0.7175512442860836,0.5780069682646043
AST-000147,0.21775000737471617,0.058291759244702084,0.4195321278896226,0.23185796483634694
AST-000148,0.3831811163776343,0.726516756151935,0.8787461478781067,0.6628146734692253
AST-000149,0.6893028183102836,0.8036708720457771,0.4545958516524756,0.6491898473361788
AST-000150,0.7175301983261247,0.6019524371876447,0.2398142125574486,0.5197656160237393
AST-000151,0.1734068526154026,0.5063035598841692,0.6775896089574166,0.4524333404856628
AST-000152,0.43266383785704243,0.6484216073337672,0.8747503039733893,0.6519452497213997
AST-000153,0.45921188107280114,0.44384143873144355,0.656628747723027,0.5198940225090906
AST-000154,0.45222511363375323,0.6251969016482767,0.8566788836373622,0.6447002996397974
AST-000155,0.7566984244012428,0.4721126444920982,0.5909121406991277,0.6065744031974897
AST-000156,0.7063491678729767,0.8672361458215556,0.7696638248266197,0.7810830461737174
AST-000157,0.4429349698231477,0.8280755524842554,0.7431653714365513,0.6713919645813181
AST-000158,0.9800093864299977,0.5228481365508737,0.3339511889467131,0.6122695706425282
AST-000159,0.3905108059119352,0.7649861430451773,0.9772379358306317,0.7109116282625814
AST-000160,0.6006013135365682,0.3897812301584398,0.901607565871902,0.6306633698556366
AST-000161,0.8535039449708521,0.8096337083088975,0.995295911890127,0.8861445217232923
AST-000162,0.33624830707049824,0.3831486485856227,0.951490004681665,0.5569623201125954
AST-000163,0.7699114611321194,0.9226452702582656,0.9906109017704048,0.8943892110535966
AST-000164,0.7228436546519699,0.9052310629245589,0.8902802223301863,0.8394516466355717
AST-000165,0.45073890794002336,0.6370076043969773,0.7085117589523671,0.5987527570964559
AST-000166,0.4090819486717582,0.7322930348746013,0.6578559550077785,0.5997436461847127
AST-000167,0.7889478416435274,0.5355453958302823,0.6305622370502127,0.6516851581746742
AST-000168,0.8495077271452869,0.8270340767760361,0.4456850277185927,0.707408943879972
AST-000169,0.8129873916587135,0.48119792922718674,0.9722050597226634,0.7554634602028546
AST-000170,0.1819786116633505,0.508447256073477,0.8233454951662186,0.5045904543010153
AST-000171,0.3237819945689243,0.8274017909928908,0.9919067946298463,0.7143635267305539
AST-000172,0.7527553865883028,0.38951845395916057,0.9775267965589672,0.7066002123688101
AST-000173,0.7528374763047382,0.5470884685766871,0.6949620623388666,0.6649626690734306
AST-000174,0.22244397307163002,0.5875227774422308,0.5155619210947281,0.44184289053619635
AST-000175,0.18209981899939082,0.6191103068110478,0.8857764257499291,0.5623288505201226
AST-000176,0.6229084158351782,0.8608094934085583,0.3262774004905894,0.603331769911442
AST-000177,0.27713283942368444,0.01849949235910575,0.8013180970414568,0.3656501429414157
AST-000178,0.2450981593188664,0.3281656909454744,0.8484182335806876,0.4738940279483428
AST-000179,0.8100981625417606,0.7961153763217094,0.4294862574342626,0.678566598765911
AST-000180,0.7428442654791074,0.4364937438872829,0.7770452272572598,0.6521277455412168
AST-000181,0.7028707242711397,0.5782169848493969,0.7723703241206726,0.6844860110804031
AST-000182,0.7600286492000282,0.507255357185838,0.9408142650893822,0.7360327571584161
AST-000183,0.24502542092683544,0.5862440208728673,0.5295390787727525,0.4536028401908185
AST-000184,0.0,0.6353173701362451,0.7192988391984065,0.4515387364448839
AST-000185,0.0,0.8861199235918559,0.8954382258572526,0.5938527164830362
AST-000186,0.5468679429299608,0.7153107390987744,0.8855140506501402,0.7158975775596251
AST-000187,0.8227590255276157,0.8128306969605227,0.9646433346624104,0.8667443523835162
AST-000188,0.5630752581280432,0.9273203809783486,0.7683096112388603,0.752901750115084
AST-000189,0.5843836328639216,0.5623203178909166,0.6182897884135815,0.5883312463894733
AST-000190,0.2567359492455035,0.38588098100060175,0.7427538790251489,0.46179026975708476
AST-000191,0.43624016900478174,0.9865202726517277,0.8232790070114656,0.7486798162226583
AST-000192,0.8502434876701832,0.8333460883233185,0.8180664892296984,0.8338853550744001
AST-000193,0.643557020367239,0.25629961475901974,0.6909706185674116,0.5302757512312235
AST-000194,0.6637947234272469,0.7709013785905376,0.909840221780657,0.7815121079328139
AST-000195,0.5780585157115428,0.7609499077127471,0.9854013757228125,0.7748032663823675
AST-000196,0.576687193243922,0.1016285292652417,0.9826581166739518,0.5536579463943718
AST-000197,0.49454242705464796,0.21910129341855475,0.9453118239303926,0.5529851814678651
AST-000198,0.39903945662937734,0.3053736560476164,0.5724345372463467,0.42561588330778016
AST-000199,0.7820208158598537,0.4264174341524325,0.38783973319936793,0.5320926610705513
AST-000200,0.40241367703085706,0.4441775479863531,0.9108725445346161,0.5858212565172755
AST-000201,0.3757384565588352,0.871272872513258,0.7703351903291173,0.6724488398004036
AST-000202,0.4804284545874471,0.6043890348206482,0.2006108468856284,0.4284761120979079
AST-000203,0.767371044930602,0.33606253194667857,0.7581992879270965,0.6205442882681257
AST-000204,0.5796238832703209,0.42910660910304765,0.7246932561681192,0.577807916180496
AST-000205,0.5715773039446099,0.8144366353978266,0.7706952637839906,0.718903067708809
AST-000206,0.8173385180437694,0.7769783887086655,0.8536352146744779,0.8159840404756377
AST-000207,0.23783261818769982,0.2039837995976317,0.9262886518922752,0.4560350232258689
AST-000208,0.4827357823274749,0.6087898630215257,0.975253921752373,0.6889265223671245
AST-000209,0.747312683276307,0.4596051185868377,0.5759319804724803,0.5942832607785417
AST-000210,0.7219281626422446,0.4473514141948554,0.9653806778346682,0.7115534182239228
AST-000211,0.7570993675981926,0.6764850737197924,0.9749049417783913,0.8028297943654588
AST-000212,0.7151998509795712,0.6717896807913296,0.7923470556797378,0.7264455291502129
AST-000213,0.40289397650292064,0.545336417980488,0.8595134729836876,0.6025812891556988
AST-000214,0.6887651669674764,0.6910808516798517,0.8394778120843804,0.7397746102439028
AST-000215,0.9643442785888832,0.8962464477762996,0.9075233689300938,0.922704698431759
AST-000216,0.3800503337687894,0.7074162834962707,0.40304181955811147,0.4968361456077239
AST-000217,0.20150158370502028,0.5199332519253245,0.5704446675875867,0.43062650107264383
AST-000218,0.23369345545085565,0.6123347354502338,0.9949211733332549,0.6136497880781148
AST-000219,0.5253743935066163,0.7971167479084125,0.6395552156163975,0.6540154523438088
AST-000220,0.22480547381754265,0.39007103737524024,0.7276561990029454,0.4475109033985761
AST-000221,0.4340022279100163,0.6638364270214329,0.5703184090621634,0.5560523546645375
AST-000222,0.0,0.8491972997893754,0.9864950681244427,0.6118974559712727
AST-000223,0.6537439380561936,0.5342897576671055,0.6340463691846091,0.6073600216359694
AST-000224,0.8652203694640859,0.6426040042411945,0.14575678279348836,0.5511937188329229
AST-000225,0.5731309704033057,0.19685777099225654,0.8929522247711861,0.5543136553889161
AST-000226,0.3232955910855865,0.1570095977052867,0.7894984728392067,0.4232678872100266
AST-000227,0.0,0.640718513095079,0.9129264327059528,0.5178816486003439
AST-000228,0.9073187372208068,0.45146852827170586,0.4262259689020906,0.5950044114648677
AST-000229,0.6425479954848645,0.5780937121581898,0.7828934815112736,0.6678450630514426
AST-000230,0.0,0.3712924033468111,0.7687982068062924,0.3800302033843678
AST-000231,0.4003676748380779,0.9721487462946389,0.6414117078966994,0.6713093763431388
AST-000232,0.7685761891371898,0.45994687252419686,0.5404502336978165,0.5896577651197344
AST-000233,0.27815805325870524,0.7124852033851727,0.41889047358190934,0.4698445767419291
AST-000234,0.39586096184672087,0.7413667825086665,0.9124936649456704,0.6832404697670192
AST-000235,0.6431582038095642,0.22185002009620353,0.7203905883971727,0.5284662707676469
AST-000236,0.0,0.4949864884730903,0.6415872346141696,0.3788579076957533
AST-000237,0.17915791847487605,0.41556706535314797,0.6759594163208124,0.4235614667162788
AST-000238,0.4328366086016115,0.06456407710633706,0.269262053177604,0.25555424629518414
AST-000239,0.0,0.7284356848712353,0.975529104475047,0.5679882631154275
AST-000240,0.0,0.4841140068138546,0.7041572721561791,0.3960904263233445
AST-000241,0.38957402212472714,0.8971845204583352,0.7450002847510011,0.6772529424446878
AST-000242,0.0,0.3539749531929186,0.930892328477845,0.42828909389025455
AST-000243,0.48269510110346797,0.5939166876314982,0.9524092389903756,0.6763403425751139
AST-000244,0.0,0.0741055222579712,0.40729641533823924,0.16046731253207014
AST-000245,0.6305484682655347,0.6138437789779952,0.7403340531001161,0.661575433447882
AST-000246,0.6370250801970988,0.8065902260219298,0.8686470144607467,0.7707541068932584
AST-000247,0.2981706266681053,0.1931862327108151,0.6056437547997655,0.3656668713928953
AST-000248,0.10898802504629294,0.32714447053247975,0.902484925525435,0.4462058070347359
AST-000249,0.6237401796015397,0.5929666243009101,0.8645564554414461,0.6937544197812987
AST-000250,0.40440418976479564,0.4211695495447866,0.5700510906297527,0.46520827664644493
AST-000251,0.661889545724842,0.9508758263401204,0.955121342721604,0.8559622382621889
AST-000252,0.9284907497829463,0.8802849380009238,0.6307683228174636,0.8131813368671112
AST-000253,0.9708808030249761,0.39916714930509056,0.8991871625559977,0.7564117049620215
AST-000254,0.7433449034254571,0.5991299854211991,0.5812373181425107,0.6412374023297223
AST-000255,0.9328398193632174,0.6931010149904137,0.9691547614472437,0.8650318652669582
AST-000256,0.13181870456405964,0.7913562952891073,0.6761100845388579,0.533095028130675
AST-000257,0.8715455950773218,0.73352219541862,0.28691300950623455,0.630660266667392
AST-000258,0.24535119226989763,0.31102400567833016,0.6901790719676143,0.41551808997194734
AST-000259,0.0,0.5967070685702007,0.818190891950584,0.47163265350692823
AST-000260,0.6725335405450906,0.17017288071524103,0.6402554355400726,0.4943206189334681
AST-000261,0.542524358978323,0.8737195694642276,0.8823142469060857,0.7661860584495455
AST-000262,0.5938299838896707,0.5249450265960813,0.6350571025195897,0.584610704335114
AST-000263,0.29743886486383114,0.12725727080605045,0.5973079680196052,0.34066803456316225
AST-000264,0.6584532048537555,0.511380942166611,0.6498518074815892,0.6065619848339852
AST-000265,0.7116002776201004,0.8586377513596113,0.9611163170393652,0.843784782006359
AST-000266,0.48149459936881867,0.7430268638282178,0.6370951249310386,0.6205388627093583
AST-000267,0.27833322509031255,0.989580175441835,0.9189430641422528,0.7289521548914668
AST-000268,0.8833818762238509,0.9156262526061503,0.8960331662416385,0.8983470983572133
AST-000269,0.822984276362679,0.3631153913095255,0.8948936788827114,0.6936644488516387
AST-000270,0.37080080992654174,0.5788705575333307,0.41908703368205164,0.45625280038064137
AST-000271,0.5112681746121651,0.5473156702902088,0.5539615927118721,0.5375151458714154
AST-000272,0.6223283927076281,0.3880077889927872,0.49942869619002006,0.5032549592968117
AST-000273,0.4652118184707194,0.4894763984201623,0.9477283614241494,0.6341388594383437
AST-000274,0.26807412360894733,0.23984588003326796,0.8177981820813385,0.44190606190785126
AST-000275,0.3199688109118762,0.5275340201901069,0.6933861562839596,0.5136296624619808
AST-000276,0.6590203139847308,0.571694154968875,0.9825588779234208,0.7377577822923422
AST-000277,0.0,0.4779969973115955,0.5761873087979933,0.35139476870319625
AST-000278,0.0,0.5998248466929612,0.7983964328773956,0.4660737598567856
AST-000279,0.6594997904871169,0.32853312739376644,0.3201443675911363,0.4360590951573398
AST-000280,0.6484640347573352,0.18724603730424388,0.7323241296525205,0.5226780672380332
AST-000281,0.8828030341127483,0.4751780244738334,0.9933625000728864,0.7837811862198226
AST-000282,0.0,0.7714296608614281,0.9117518239980663,0.5610604949531648
AST-000283,0.7511810573495655,0.5835215036758904,0.9610585560516589,0.7652537056923716
AST-000284,0.0,0.8074584361310754,0.7850201045992027,0.5308261802434261
AST-000285,0.2227412669642023,0.5933742909204687,0.6617907182840107,0.49263542538956057
AST-000286,0.0,0.4149093722899969,0.9726425450196641,0.462517305769887
AST-000287,0.632335799446066,0.49894996378999634,0.7657733031342846,0.632353022123449
AST-000288,0.8758603115120496,0.796304029140573,0.9508527424076763,0.8743390276867663
AST-000289,0.897714721434151,0.7043673096219585,0.34389288796066886,0.6486583063389261
AST-000290,0.0,0.5704101422784412,0.9863285344779488,0.51891289225213
AST-000291,0.07718311729778045,0.710014592057588,0.7923242551723343,0.5265073215092343
AST-000292,0.8608874906639592,0.532036057126762,0.6371031584001581,0.6766755687302931
AST-000293,0.30109066382348076,0.8805537346907873,0.9274386455080278,0.7030276813407653
AST-000294,0.35616411875707504,0.43826411379903774,0.8539547126594337,0.5494609817385155
AST-000295,0.7351329997386528,0.9225645328984117,0.9859299850639811,0.8812091725670151
AST-000296,0.4396824704938164,0.6829306005572178,0.9634101791757667,0.6953410834089336
AST-000297,0.5997243465035885,0.9351725941341794,0.9406434756464973,0.8251801387614218
AST-000298,0.6607161541511267,0.6503311549520442,0.4677886597983065,0.5929453229671592
AST-000299,0.5461845843259449,0.83778470100608,0.5611111888946413,0.6483601580755555
AST-000300,0.6148216492952244,0.459249676741381,0.6877861764045594,0.5872858341470549
AST-000301,0.7101310842047958,0.7101008817016671,0.9917371911912222,0.8039897190325617
AST-000302,0.7146192258647176,0.2642519404207677,0.9614692436054877,0.6467801366303244
AST-000303,0.6139994803926029,0.9022944118895618,0.7688647923097236,0.7617195615306294
AST-000304,0.5610606368417428,0.5559850548118672,0.9432860042049748,0.6867772319528616
AST-000305,0.20383739850470123,0.5858945159672503,0.969389985092213,0.5863739665213882
AST-000306,0.6590474951097081,0.9260839084781177,0.941030949668226,0.8420541177520172
AST-000307,0.4186499525574844,0.24177937500065985,0.793176444478968,0.484535257345704
AST-000308,0.0,0.5955735635618143,0.22437222121867817,0.2733152615934975
AST-000309,0.7006750532459755,0.11728968313165847,0.8268723585868182,0.5482790316548174
AST-000310,0.11802652925402081,0.31420149087324234,0.5484354695383656,0.3268878298885429
AST-000311,0.0,0.84813051442136,0.8487090379241323,0.565613184115164
AST-000312,0.4109245660244482,0.8716236515995335,0.6998920390102876,0.6608134188780898
AST-000313,0.5326779748008944,0.4541975049348869,0.5708699626792275,0.519248480805003
AST-000314,0.17457239566884236,0.6240981149072614,0.8876995874352628,0.5621233660037889
AST-000315,0.0,0.5791001614780755,0.9061545843267317,0.49508491526826903
AST-000316,0.7563617069483235,0.1611000406114376,0.13405149377577727,0.35050441377851277
AST-000317,0.64881270159041,0.4364890100600273,0.9909784895380128,0.69209340039615
AST-000318,0.17436767697530237,0.7625733805044976,0.7571783230235072,0.564706460167769
AST-000319,0.3251769607814316,0.46611986211884304,0.782080745083845,0.5244591893280398
AST-000320,0.7655352263759814,0.6706267082809437,0.9756572761125992,0.8039397369231747
AST-000321,0.5380041174625325,0.3723203262113472,0.847621065094484,0.5859818362561212
AST-000322,0.331898650490964,0.38646499367140236,0.5092055335126866,0.40918972589168434
AST-000323,0.33240091015183515,0.4724763064114236,0.699319414212968,0.5013988769254089
AST-000324,0.7570762829139438,0.6178988630625568,0.995846431915499,0.7902738592973333
AST-000325,0.5448386330740381,0.5443074555572905,0.6537464511957654,0.5809641799423647
AST-000326,0.6149255683455818,0.7037322782387707,0.6340420959249169,0.6508999808364231
AST-000327,0.3633594879750986,0.4013974945656979,0.6976578918971653,0.487471624812654
AST-000328,0.513430328307553,0.891558963284154,0.9982754856118435,0.8010882590678502
AST-000329,0.44059479565327236,0.6070102632081983,0.9188252590546178,0.6554767726386962
AST-000330,0.0,0.47975787407579806,0.9744542753604782,0.4847373831454254
AST-000331,0.35227261178654806,0.09535797545120388,0.5813377531924078,0.3429894468100532
AST-000332,0.8563219709148326,0.3061632164162061,0.8284205164726963,0.663635234601245
AST-000333,0.807473868071933,0.502645612293627,0.8187857835121357,0.7096350879592319
AST-000334,0.14728582865091974,0.8685559586708194,0.518530508546231,0.51145743195599
AST-000335,0.7914245359535812,0.4678925892237639,0.7401383992649394,0.6664851748140949
AST-000336,0.6696308084957492,0.4305972489880589,0.9908263849013949,0.6970181474617343
AST-000337,0.5801349597145028,0.586729808088634,0.8761643832823984,0.6810097170285117
AST-000338,0.8345333056226901,0.5936625528815244,0.36771526753353917,0.5986370420125845
AST-000339,0.1760866659492481,0.5074016259644966,0.7827630966957829,0.4887504628698425
AST-000340,0.66382183038953,0.3139615343799015,0.4087248611854095,0.4621694086516137
AST-000341,0.5150353541835516,0.2606000648894636,0.7356438589329175,0.5037597593353109
AST-000342,0.4927694869638595,0.612701406842237,0.9824702521275458,0.6959803819778808
AST-000343,0.0,0.5128478048999336,0.8908181446642555,0.4678886498547297
AST-000344,0.9707216002071066,0.4873650406032855,0.9043231266019788,0.7874699224707903
AST-000345,0.310103093403592,0.45445800088750615,0.8757856918358045,0.5467822620423008
AST-000346,0.394498045374539,0.7771886080078205,0.8341676792253557,0.6686181108692385
AST-000347,0.8102660731421736,0.5702553327881636,0.7899116204779764,0.723477675469438
AST-000348,0.525541518329361,0.7991058421690422,0.7217848469906354,0.6821440691630128
AST-000349,0.1622782820552027,0.6390713702125633,0.9206922575634832,0.5740139699437498
AST-000350,0.4265295479683833,0.7050977462125403,0.6694355867664556,0.6003542936491264
AST-000351,0.644239186858654,0.17589798274752402,0.7417380383420193,0.5206250693160658
AST-000352,0.31494997707159317,0.34381204785941255,0.535128912275945,0.3979636457356503
AST-000353,0.613663557513055,0.6772031620214287,0.9522995180174887,0.7477220791839908
AST-000354,0.4418622183138251,0.3355314933729676,0.9367715216247391,0.571388411103844
AST-000355,0.5702125033796221,0.555944228572731,0.7206235309058581,0.6155934209527371
AST-000356,0.8940177753325431,0.3723508593612549,0.7793537988145884,0.6819074778361287
AST-000357,0.8632139967126274,0.5721361553777495,0.7794900412706112,0.7382800644536628
AST-000358,0.46491112512071797,0.576654495480506,0.9183574914270805,0.6533077040094348
AST-000359,0.9254689630173434,0.6406437588774903,0.340475608049356,0.6355294433147299
AST-000360,0.390166125775831,0.4637080413034481,0.9780534175826674,0.6106425282206488
AST-000361,0.26261775280709687,0.5643426315092087,0.6318567065768773,0.486272363631061
AST-000362,0.7397489698076053,0.3246113608995572,0.8372781895405688,0.6338795067492438
AST-000363,0.4832178386073717,0.5807487649855041,0.6991847396921296,0.5877171144283352
AST-000364,0.7537268225017706,0.38313224750837954,0.5613074195643628,0.5660554965248377
AST-000365,0.8450568423596709,0.9915252278356537,0.4399126668301335,0.758831579008486
AST-000366,0.4570494271472215,0.7693897908309901,0.9423476963244319,0.7229289714342144
AST-000367,0.5709228195304364,0.7904975934390979,0.9873882191279043,0.7829362106991463
AST-000368,0.8284402662546708,0.4566612132516583,0.6166320246728995,0.6339111680597429
AST-000369,0.6911771409816817,0.18773809963382923,0.6975198808178616,0.5254783738111243
AST-000370,0.0,0.7151798925287239,0.9722408440348056,0.5624735788545099
AST-000371,0.4678173219015405,0.9284852541310673,0.4762163774811333,0.6241729845045804
AST-000372,0.8053075504404378,0.5392705646393363,0.7660377153455902,0.7035386101417881
AST-000373,0.556378320225764,0.6683216960230087,0.9484801938532836,0.724393403367352
AST-000374,0.7739042210060643,0.4209343409947168,0.7290303165763551,0.6412896261923787
AST-000375,0.43163447168494584,0.5185972093732594,0.26360921132755616,0.40461363079525375
AST-000376,0.0,0.3098173637135646,0.5135959220846006,0.27447109526605507
AST-000377,0.8954544616825644,0.7521067365917546,0.9860710662508667,0.8778774215083952
AST-000378,0.4082603770826216,0.46486111189915846,0.8469854118409886,0.5733689669409229
AST-000379,0.6640995428220817,0.4047215549123637,0.9292404610455631,0.6660205195933362
AST-000380,0.14247277030440123,0.6723353085246823,0.9066324265256809,0.5738135017849214
AST-000381,0.061736853674762115,0.3981230327278088,0.42923152267628445,0.2963638030262851
AST-000382,0.30596418889561666,0.424931013618037,0.9908466185861269,0.5739139403665935
AST-000383,0.5364199625558059,0.7002063567230981,0.9242606298107546,0.7202956496965528
AST-000384,0.4859710600170597,0.6992373825540817,0.7552993810432619,0.646835941204801
AST-000385,0.8196235573501086,0.4233017648973986,0.7835246962298098,0.675483339492439
AST-000386,0.8223510358163484,0.47926182223568453,0.917664430872444,0.7397590963081591
AST-000387,0.6868479713945429,0.8127239637618748,0.5615144438295687,0.6870287929953287
AST-000388,0.7186287077124273,0.9458149588420924,0.9869323700041022,0.8837920121862073
AST-000389,0.5151887027842191,0.21584115391044267,0.8723846303343913,0.534471495676351
AST-000390,0.0,0.9546426384208664,0.8085588392634704,0.587733825894779
AST-000391,0.8516070850329175,0.18116671700922235,0.9519529969875703,0.6615755996765701
AST-000392,0.720170739305565,0.9705803376918389,0.6676569326315233,0.7861360032096424
AST-000393,0.6264061385186463,0.527826129724951,0.9909101791157485,0.7150474824531153
AST-000394,0.8235106112571747,0.732782026619261,0.8839867390039724,0.813426458960136
AST-000395,0.8837602434296852,0.532162643996741,0.6889060028347047,0.7016096300870437
AST-000396,0.9271465958470337,0.8468596124931921,0.4939945366418634,0.756000248327363
AST-000397,0.35319000457913086,0.9483850319718791,0.7364515664409246,0.6793422009973115
AST-000398,0.2403079333941158,0.41822941165058347,0.9867781308222696,0.5484384919556563
AST-000399,0.8695450848370792,0.883888903743811,0.758939810756371,0.8374579331124204
AST-000400,0.550819556389472,0.3378189015219336,0.6122074917449486,0.5002819832187847
AST-000401,0.587754658686986,0.3814025842008248,0.6929985357811048,0.5540519262229718
AST-000402,0.6095424014659412,0.25902484349560395,0.6562524743901389,0.5082732397838946
AST-000403,0.6489873697156247,0.2332882509985911,0.402678042741144,0.42831788781845326
AST-000404,0.6612764255300049,0.791090384058593,0.9539015520464941,0.802089453878364
AST-000405,0.0,0.9314904197744435,0.8924373271105124,0.6079759156283187
AST-000406,0.9636077038070545,0.1894930673916889,0.9030917664705725,0.6853975125564387
AST-000407,0.7855331760099551,0.2824557809679481,0.922926243756402,0.6636384002447685
AST-000408,0.9038737044755616,0.5201710766407355,0.7941010556338223,0.7393819455833731
AST-000409,0.7195206662040671,0.7982734355086892,0.5728223009939394,0.6968721342355653
AST-000410,0.6202049144405103,0.564851662211612,0.87558389105873,0.6868801559036175
AST-000411,0.8802065289275672,0.7415946045792966,0.9880110656008263,0.8699373997025633
AST-000412,0.0,0.9664166813949862,0.5501115161770707,0.5055093991906856
AST-000413,0.0,0.5869636111332361,0.5847849951628072,0.3905828687653478
AST-000414,0.26223077794613414,0.4005899028038558,0.9505629181184361,0.537794532956142
AST-000415,0.6572124175352743,0.6767038376446972,0.9895530169818102,0.7744897573872606
AST-000416,0.4597026539321527,0.29934969343788764,0.828409230811007,0.5291538593936824
AST-000417,0.24134163057117933,0.7498965168266487,0.9515301807315144,0.6475894427097808
AST-000418,0.6884812085821671,0.8149620189978455,0.7345604831692885,0.7460012369164337
AST-000419,0.6666389071176553,0.717013415634757,0.6216666669794733,0.6684396632439619
AST-000420,0.6797735053279557,0.40353955790010165,0.8538808362144102,0.6457312998141559
AST-000421,0.2550598823082993,0.6153363851269468,0.753359400495176,0.5412518893101407
AST-000422,0.47591595796004865,0.6786714031447038,0.9161089956888124,0.6902321189311883
AST-000423,0.4829801947792927,0.7112714811780003,0.6565914973998322,0.6169477244523751
AST-000424,0.7082872070203071,0.7287186642163008,0.8087743797462039,0.7485934169942706
AST-000425,0.48858459622485184,0.29330704922440254,0.8191620560647389,0.5336845671713312
AST-000426,0.6338205260102917,0.12402830559626274,0.9892062109066211,0.5823516808377253
AST-000427,0.48162896636197006,0.6405489740195535,0.5746123688642113,0.5655967697485783
AST-000428,0.7687276990828417,0.3962989439485105,0.24978501588637256,0.47160388630590827
AST-000429,0.3278093349030499,0.3182773650023837,0.9484952972973305,0.5315273324009214
AST-000430,0.38345840244324886,0.6309704272367737,0.917000467352357,0.6438097656774598
AST-000431,0.8427056146419479,0.2721301847363362,0.9649399698800882,0.6932585897527908
AST-000432,0.2655524199136927,0.4104953983719496,0.9643531574721114,0.5468003252525846
AST-000433,0.5189147320345014,0.7561005520832168,0.9224003419242569,0.732471875347325
AST-000434,0.0,0.9333431739968108,0.8497902062975168,0.5943777934314425
AST-000435,0.24323645357928145,0.7815049297973291,0.7244651490898286,0.5830688441554798
AST-000436,0.32940742620501323,0.7478558399535092,0.8221721476856259,0.6331451379480494
AST-000437,0.0,0.6417681149826602,0.5504582112327516,0.39740877540513725
AST-000438,0.08531032586619139,0.16265949205571564,0.29419961861069327,0.18072314551086677
AST-000439,0.23932206992110586,0.5567384134999853,0.7857987821871013,0.5272864218693974
AST-000440,0.7836487843499199,0.6601077378973628,0.9511278259062862,0.7982947827178563
AST-000441,0.8594723112484431,0.8750533152135512,0.8819786933217638,0.872168106594586
AST-000442,0.7971735961183475,0.7382130414752206,0.8765910193589153,0.8039925523174944
AST-000443,0.5964655101424855,0.4538286666159146,0.21137978231825946,0.42055798635888647
AST-000444,0.29642176458165675,0.2459775678491358,0.9554128059290187,0.4992707127866038
AST-000445,0.8172850071541754,0.21395683789666559,0.4903663071963633,0.5072027174157347
AST-000446,0.09491478907899997,0.5253500722829937,0.9014576113969832,0.5072408242529923
AST-000447,0.7336487992239706,0.38380488122547063,0.44452586194744825,0.5206598474656299
AST-000448,0.5761041664371365,0.3302652800316648,0.8126231653536641,0.572997537274155
AST-000449,0.34671543091715684,0.837892208669075,0.8268625265944096,0.6704900553935471
AST-000450,0.32076696341817906,0.7445723606558814,0.8375887500233724,0.6343093580324776
AST-000451,0.37824530992000843,0.2764777654991238,0.9413515641807663,0.5320248798666328
AST-000452,0.6180082948414094,0.7295460954329849,0.8402795376534352,0.7292779759759432
AST-000453,0.6721833726988358,0.7826740195496739,0.33814098810354704,0.597666126784019
AST-000454,0.6672919961673469,0.2816581436810724,0.4163744979103118,0.4551082125862436
AST-000455,0.7611575492489244,0.629247137795567,0.9083537447389689,0.7662528105944867
AST-000456,0.9025760375157383,0.7280291694680482,0.995153457103029,0.8752528880289385
AST-000457,0.7076183097862828,0.6752150480754068,0.7205183943570492,0.7011172507395796
AST-000458,0.20919270517477145,0.6686842511734319,0.7763245086648197,0.5514004883376744
AST-000459,0.7039106245165213,0.5723229558314423,0.9686351159660643,0.7482895654380094
AST-000460,0.4702039131758058,0.2605307339958112,0.27849231076944064,0.3364089859803525
AST-000461,0.5542349462324295,0.7174051914962373,0.9975921866361833,0.7564107747882834
AST-000462,0.5550423829881462,0.9528069098329868,0.745328329446741,0.7510592074226246
AST-000463,0.0,0.9139129857706876,0.9876604753295019,0.6338578203667299
AST-000464,0.4746328282703118,0.27462533760383867,0.9027812031421562,0.5506797896721022
AST-000465,0.5451603250864944,0.7734510852648464,0.9594951085214656,0.7593688396242687
AST-000466,0.2417998256702064,0.2173256550352127,0.9918997835983129,0.483675088101244
AST-000467,0.2624170988844179,0.05898320805775821,0.94216565206607,0.42118865300274866
AST-000468,0.6571032020715146,0.8687862938630968,0.9053166275131451,0.8104020411492522
AST-000469,0.4735757994148818,0.5222410361515443,0.49613053922243316,0.4973157915962864
AST-000470,0.5129120720590681,0.7852648515110285,0.7421661985113746,0.680114374027157
AST-000471,0.09439441692519121,0.7655371175261422,0.8200471828938783,0.5599929057817373
AST-000472,0.6172049099554932,0.8441697422793489,0.5729402727015431,0.6781049749787952
AST-000473,0.46098335102784366,0.7273407820497118,0.9138078983844468,0.7007106771540007
AST-000474,0.6053679523089449,0.48079325847329335,0.8472332460861315,0.6444648189561232
AST-000475,0.7800327020749933,0.23029752371030532,0.5082832728697656,0.506204499551688
AST-000476,0.4673729047199361,0.4272118459055317,0.5870862834935034,0.4938903447063237
AST-000477,0.40927944037807246,0.10075205532163022,0.6743913506299207,0.3948076154432078
AST-000478,0.9015736284907291,0.5756759829464353,0.7940635085780635,0.7571043733384094
AST-000479,0.60898921194014,0.5879920502044098,0.9921458113936369,0.7297090245127289
AST-000480,0.16095816985318356,0.9128586607446163,0.6906249529904905,0.5881472611960968
AST-000481,0.3416486805960766,0.6518853874043997,0.9938410045345596,0.6624583575116786
AST-000482,0.7092947230127636,0.723724364083929,0.9347856624230706,0.789268249839921
AST-000483,0.5219660197526825,0.43160354874779566,0.5845440857316614,0.5127045514107132
AST-000484,0.4195845108822431,0.9767505847068019,0.7239939396631234,0.7067763450840561
AST-000485,0.419232809781874,0.9161206854497591,0.9866749044237846,0.7740094665518059
AST-000486,0.399342865065334,0.8046645428889205,0.28597197240301014,0.49665979345242156
AST-000487,0.3484132868943337,0.3903840064871747,0.9541604256921922,0.5643192396912334
AST-000488,0.6633125401679942,0.22782654312002779,0.9388783869546709,0.610005823414231
AST-000489,0.660944758779588,0.935221157686906,0.7732743173165278,0.7898134112610072
AST-000490,0.0,0.23127028435075841,0.6561580617023204,0.2958094486843596
AST-000491,0.8239929435295231,0.8890128863352095,0.6703208079956613,0.7944422126201314
AST-000492,0.7708571285776892,0.8445946379290259,0.48753551970967923,0.7009957620721314
AST-000493,0.8145896161441596,0.2876729059131342,0.8882295864424468,0.6634973694999136
AST-000494,0.395521870019108,0.15167244534525434,0.5442237484102397,0.36380602125820066
AST-000495,0.7231897844106949,0.8366244976446607,0.9612916757365685,0.8403686525973081
AST-000496,0.5981750897104269,0.19266993586580103,0.1609799323024313,0.3172749859595531
AST-000497,0.2817887878285185,0.30426712206332657,0.605244940210143,0.39710028336732933
AST-000498,0.0,0.38434680715388597,0.7683950131646528,0.38424727343951287
AST-000499,0.513411855962757,0.5602182955737129,0.1845787880261261,0.41940297985419867
AST-000500,0.3725631033758619,0.7590248491919881,0.7613274007578442,0.6309717844418982
AST-000501,0.7861092793806167,0.5658441441679593,0.7914716378349786,0.7144750204611849
AST-000502,0.6308896967591292,0.7038345280439453,0.7916212983283749,0.7087818410438165
AST-000503,0.3261039221066245,0.6128920125537435,0.7788653496673347,0.5726204281092343
AST-000504,0.9571247894713903,0.6030069281336637,0.8526180148848609,0.8042499108299718
AST-000505,0.6286272979144605,0.507745667401557,0.9157712310104306,0.6840480654421494
AST-000506,0.5177363392367802,0.2485232873837821,0.14013956747845552,0.30213306469967266
AST-000507,0.7097570608602792,0.8138245905853749,0.9955858708741878,0.8397225074399474
AST-000508,0.6412941659088136,0.8715232579535843,0.5678079189587754,0.6935417809403911
AST-000509,0.37597785316549415,0.36597632479384234,0.4339670356464854,0.3919737378686073
AST-000510,0.1488888837971635,0.665756422377109,0.6147656204991345,0.4764703088911357
AST-000511,0.6669517744584964,0.7990917163401893,0.3052904843865064,0.590444658395064
AST-000512,0.7121581643943438,0.442000317580555,0.5652572117407845,0.5731385645718944
AST-000513,0.7680398377167763,0.6343454219477673,0.9930413659834694,0.798475541882671
AST-000514,0.43946263094926247,0.3664867946657979,0.9064642205666503,0.5708045487272368
AST-000515,0.7583813448715955,0.3630751199014391,0.24641118849734986,0.45595588442346147
AST-000516,0.33184634662184986,0.04008826067210147,0.4039221889834212,0.2586189320924575
AST-000517,0.7565279308859896,0.7789550760289067,0.9077886724523092,0.8144238931224018
AST-000518,0.6095674118481427,0.6198179156976714,0.14156578292137453,0.4569837034890629
AST-000519,0.0,0.7262664441421579,0.8387696572779563,0.5216787004733714
AST-000520,0.40451764988550626,0.40448035352030776,0.6264705163326403,0.47848950657948475
AST-000521,0.598914938423719,0.15942536458718734,0.8805814947420255,0.546307265917644
AST-000522,0.5099640841662336,0.7642530840436688,0.9684136273730263,0.7475435985276428
AST-000523,0.14583205698174145,0.7449521721135137,0.3210451489957874,0.4039431260303476
AST-000524,0.3467425602879428,0.908152829431548,0.43633877989564507,0.5637447232050453
AST-000525,0.5857860192852414,0.7756042358396279,0.7363465977234386,0.6992456176161026
AST-000526,0.5911986129468897,0.7061568923962049,0.4912138746913205,0.5961897933448049
AST-000527,0.42067620263640204,0.3223668133772924,0.9456193093676823,0.5628874417937922
AST-000528,0.4874736791064627,0.24743036968494667,0.9459429643134196,0.5602823377016096
AST-000529,0.5258382838326169,0.7526065778494353,0.28947459191525154,0.522639817865768
AST-000530,0.07458631683191809,0.2515248613252485,0.9125422557703725,0.4128844779758463
AST-000531,0.612411769124172,0.7086160052782658,0.8046846709417393,0.7085708151147257
AST-000532,0.9077741646052119,0.5087694476042482,0.9744677830361158,0.797003798415192
AST-000533,0.19799046350870278,0.5376583607841946,0.9748850930259267,0.570177972439608
AST-000534,0.45354517945045786,0.5049514334175662,0.44093321691076265,0.4664766099262623
AST-000535,0.0,0.6587636758321147,0.9919734065605386,0.5502456941308844
AST-000536,0.5732146296988828,0.23820742748891172,0.7603283884551653,0.52391681521432
AST-000537,0.27867121295720254,0.45508889154032817,0.9272080107438175,0.5536560384137827
AST-000538,0.3879946186804909,0.8565671284847515,0.5952529117478991,0.6132715529710472
AST-000539,0.8028963215627495,0.8355209434016911,0.9208386805827413,0.853085315182394
AST-000540,0.4770558042580583,0.32556288185872856,0.9624312126972079,0.5883499662713315
AST-000541,0.5465546462468021,0.7223424478971923,0.5480199889070473,0.6056390276836806
AST-000542,0.5141502429498248,0.43679838271052174,0.45136416745306346,0.46743759770447
AST-000543,0.7259174027500321,0.612250391984844,0.6087597263652584,0.6489758403667115
AST-000544,0.42825181472915064,0.8155562134849437,0.20271467464185408,0.4821742342853161
AST-000545,0.32433690244020963,0.14463610176135452,0.9693140161142995,0.4794290067719545
AST-000546,0.783978027181284,0.3809885771141065,0.6303525690312881,0.5984397244422262
AST-000547,0.30161086319701846,0.7770234251005426,0.7805843867824914,0.6197395583600175
AST-000548,0.46699982309726795,0.7867308667803592,0.8420556736665274,0.698595454514718
AST-000549,0.05341194924240261,0.6303128053240259,0.6577278340030208,0.4471508628564831
AST-000550,0.7367390690928235,0.7256629030259792,0.6601056467793404,0.7075025396327144
AST-000551,0.2972298683094998,0.5416691525651595,0.4505899872581053,0.4298296693775882
AST-000552,0.6758825082783202,0.3900302105653307,0.5228794586133334,0.5295973924856614
AST-000553,0.6615373738877883,0.9170236851262791,0.8640761112940863,0.814212390102718
AST-000554,0.9098106960939727,0.7910803238164237,0.6060098178083447,0.768966945906247
AST-000555,0.0,0.2576615141324232,0.676670446615581,0.3114439869160014
AST-000556,0.6221222278162043,0.7179918483083166,0.7270067663001645,0.6890402808082285
AST-000557,0.6770500359804592,0.22206242242134355,0.9477708146834644,0.615627757695089
AST-000558,0.8373627778348854,0.7509029351275375,0.6130878034000692,0.733784505454164
AST-000559,0.8787245879484727,0.18466778242475573,0.6321643678169162,0.5651855793967149
AST-000560,0.0,0.7007178295170325,0.8839374745334628,0.5282184346834985
AST-000561,0.9435009365756569,0.8140404232610607,0.9455515944281008,0.9010309847549394
AST-000562,0.568705709564255,0.6754227119407755,0.9588220864647217,0.7343168359899174
AST-000563,0.8450099707974124,0.27759247016510724,0.8216474177486867,0.6480832862370688
AST-000564,0.903303953991652,0.7346097011383877,0.7432130153054545,0.7937088901451648
AST-000565,0.4337684749919699,0.6867015941446578,0.9887041453360395,0.7030580714908891
AST-000566,0.6327033219579676,0.29403727823360687,0.49244494894338775,0.4730618497116541
AST-000567,0.35917572216280946,0.6993312000905377,0.959704706976584,0.6727372097433104
AST-000568,0.833011778568247,0.7225252428164216,0.869540233971044,0.8083590851185708
AST-000569,0.547827285046411,0.7282701056331097,0.7715308516144418,0.6825427474313209
AST-000570,0.7440974873618074,0.5759077064117012,0.7026434854597501,0.6742162264110861
AST-000571,0.7045487054132059,0.6652620363423429,0.9875979573252253,0.7858028996935914
AST-000572,0.3652229575234794,0.5620166868290822,0.9343418508509519,0.6205271650678378
AST-000573,0.6089811379591349,0.2650096514462746,0.2094079910740148,0.36113292682647474
AST-000574,0.5089258258530178,0.648075733382713,0.9730233791556345,0.7100083127971217
AST-000575,0.0,0.5145498214810782,0.7913656535479903,0.4353051583430228
AST-000576,0.25664910642060507,0.5280534928090171,0.7450390324513293,0.5099138772269839
AST-000577,0.8695776950424441,0.7823083522398647,0.9245970167522451,0.8588276880115181
AST-000578,0.0,0.8764853620182835,0.7430879627623914,0.5398577749268917
AST-000579,0.20824083046860045,0.44938552852873326,0.8839958088988679,0.5138740559654006
AST-000580,0.8080892169315567,0.5497996019328385,0.7807991879022762,0.7128960022555572
AST-000581,0.8522694836160334,0.7645579548820549,0.8579524134624983,0.8249266173201955
AST-000582,0.3619625090051288,0.6090625355982429,0.5089556608827153,0.49332690182869565
AST-000583,0.5852615521342461,0.7356907302635356,0.6805565088468015,0.6671695970815277
AST-000584,0.7608006198435736,0.5136601192510893,0.9676389813465021,0.7473665734803884
AST-000585,0.7431390808050006,0.860399106050831,0.9638135340226927,0.8557839069595081
AST-000586,0.9610840500018613,0.36372146890392,0.9501171902771312,0.7583075697276375
AST-000587,0.7706514414121896,0.6181513259745577,0.5442303454716128,0.6443443709527866
AST-000588,0.4796489963427611,0.48189857986502943,0.9616365930389704,0.6410613897489204
AST-000589,0.4234534816827336,0.7036120823792557,0.7811544255303556,0.6360733298641149
AST-000590,0.20456016206689076,0.2975009780634861,0.7557072113105973,0.41925611714699135
AST-000591,0.2661919717508508,0.7608352672864245,0.6763180019430133,0.5677817469934295
AST-000592,0.4847898948163288,0.89049944482149,0.9806855364829156,0.7853249587069114
AST-000593,0.37039568718375654,0.28383164674170375,0.7733923610738653,0.47587323166644185
AST-000594,0.6353838225205378,0.24499262927754595,0.3505344790014968,0.4103036435998602
AST-000595,0.30609356606502564,0.5136241378203557,0.9639790062740531,0.5945655700531448
AST-000596,0.5081873901005347,0.5115126184098735,0.42596102425978355,0.48188701092339725
AST-000597,0.7500947995145403,0.4407350448045619,0.26433555442851425,0.4850551329158721
AST-000598,0.8812967574396011,0.7000713994756234,0.9000727708599039,0.8271469759250428
AST-000599,0.8426691473501242,0.17226130152790708,0.7118315395230878,0.5755873294670396
AST-000600,0.5989327460324004,0.8660836697199418,0.9317930605992955,0.7989364921172125
AST-000601,0.1487771935405188,0.9307511471736404,0.17893179692932437,0.4194867125478279
AST-000602,0.4725351852032411,0.8556898637740517,0.9810298922687621,0.7697516470820182
AST-000603,0.6323956020745015,0.3198018243654408,0.9942892411120839,0.6488288891840087
AST-000604,0.679134887087543,0.5197725649644898,0.8563156880459222,0.6850743800326518
AST-000605,0.859443782863765,0.9546103681233935,0.9395068203948488,0.9178536571273357
AST-000606,0.765664044743033,0.5084084270346381,0.6433105318965828,0.639127667891418
AST-000607,0.7186839375547386,0.5663276680710599,0.5883266634068157,0.6244460896775381
AST-000608,0.7246505349766483,0.380679843823887,0.8015570153219169,0.6356291313741508
AST-000609,0.0,0.6757470356246015,0.9948849724547394,0.556877336026447
AST-000610,0.27017995061983086,0.45533337813625574,0.7921984680593976,0.5059039322718281
AST-000611,0.44140583784925336,0.47251606157854625,0.9753410832086242,0.6297543275454746
AST-000612,0.3745971936612912,0.9558337647709454,0.8830883145374742,0.7378397576565702
AST-000613,0.5921584392272241,0.14814235202374368,0.9480365999952324,0.5627791304154001
AST-000614,0.8471808819506607,0.30083885611605926,0.9377475390713957,0.6952557590460385
AST-000615,0.6327782979131735,0.6964405250181434,0.8990692807095719,0.7427627012136296
AST-000616,0.18591860029036855,0.7221021754557163,0.7701622838279656,0.5593943531913501
AST-000617,0.20603130168559086,0.4702753738004387,0.14831111993747198,0.2748725984745006
AST-000618,0.921505362463032,0.2905486070557781,0.44518009644609147,0.5524113553216339
AST-000619,0.890096764054903,0.9264901807882745,0.9411421093290063,0.9192430180573946
AST-000620,0.8918209779478282,0.8211576971119033,0.5992185199315265,0.7707323983304194
AST-000621,0.907241502051407,0.5080304271967918,0.9611281329162619,0.7921333540548202
AST-000622,0.5556295596682412,0.9020643856154348,0.6659534247507377,0.707882456678138
AST-000623,0.3813316544842527,0.43867966292482163,0.9926604838287724,0.6042239337459488
AST-000624,0.3126337511208989,0.6424425857739351,0.7073385143897324,0.5541382837615222
AST-000625,0.44169265489493736,0.6988423738953239,0.5202018563535746,0.553578961714612
AST-000626,0.0926698021724571,0.3282289373510409,0.6606823931758925,0.36052704423313015
AST-000627,0.0,0.6096101238354843,0.35897314988315354,0.3228610912395459
AST-000628,0.7490185124108871,0.7081483695030981,0.9504286588586913,0.8025318469242255
AST-000629,0.8396230229346224,0.3080206048714866,0.8754388639089056,0.6743608305716715
AST-000630,0.0,0.5587692593768513,0.8881752090245263,0.4823148228004592
AST-000631,0.8426025331646958,0.8599572392060936,0.9086124478241993,0.8703907400649963
AST-000632,0.6225323618452929,0.32524604359488524,0.6853195965815279,0.544366000673902
AST-000633,0.5815335306013805,0.21510489004946584,0.5354387559075999,0.4440257255194821
AST-000634,0.6644622212032177,0.39244198234149197,0.6747728103589512,0.5772256713012204
AST-000635,0.4478854286776418,0.662441325927484,0.5378094846443998,0.5493787464165085
AST-000636,0.31884662858595025,0.8211973279450587,0.7435051255383048,0.6278496940231046
AST-000637,0.8034693086202341,0.006386323126650057,0.9997180721173036,0.6031912346213959
AST-000638,0.0,0.6902120935384221,0.9927787872687834,0.5609969602690685
AST-000639,0.5591642423805554,0.48221979738280507,0.5391067010684506,0.5268302469439371
AST-000640,0.7748931738771517,0.4152949607732894,0.9445957399569345,0.7115946248691252
AST-000641,0.41302140322453346,0.4781385912146783,0.46563752854570084,0.45226584099497086
AST-000642,0.0,0.38103761587826296,0.9625672959459687,0.4478683039414106
AST-000643,0.9088916929068428,0.8575810408179384,0.8663850918589867,0.8776192751945894
AST-000644,0.575265009397793,0.5144750266081873,0.6406404622828862,0.5767934994296221
AST-000645,0.7958529515881702,0.5949452870869992,0.8743886302874917,0.7550622896542203
AST-000646,0.0,0.317193737197357,0.9680967935879972,0.42843017692845137
AST-000647,0.97005720171773,0.3507176569809177,0.4531925883814013,0.5913224823600164
AST-000648,0.6580477339949484,0.6895116256366006,0.9066122691271865,0.7513905429195784
AST-000649,0.35897001626182484,0.8789388977174459,0.9724036130969513,0.7367708423587406
AST-000650,0.7778849046217555,0.46167737189826874,0.3931487252981698,0.5442370006060647
AST-000651,0.801813170392329,0.3876041971272243,0.5035234448044464,0.5643136041079999
AST-000652,0.16553346391211082,0.6677965628610533,0.837961714361503,0.557097247044889
AST-000653,0.0,0.4534742854280674,0.360959105766984,0.2714777970650171
AST-000654,0.620048295958224,0.31435161906876374,0.5535713016641717,0.4959904055637198
AST-000655,0.5939116011635914,0.42605941140862125,0.637524812243163,0.5524986082717919
AST-000656,0.7442792210773005,0.5772065383558982,0.5202468198241852,0.6139108597524613
AST-000657,0.6201690832692047,0.7213561273898053,0.7876271223748637,0.7097174443446246
AST-000658,0.527723032847182,0.5207651412011027,0.99893496305066,0.6824743790329816
AST-000659,0.4068086560409422,0.5083521219671033,0.42570911395021893,0.4469566306527548
AST-000660,0.945758088292567,0.35730789529560797,0.8566554468807535,0.7199071434896428
AST-000661,0.31313311508127717,0.8422278279275405,0.9832663736853525,0.71287577223139
AST-000662,0.33171536886122543,0.7273560521139578,0.797162804676094,0.6187447418837592
AST-000663,0.0,0.7457091448972964,0.8602597778173335,0.53532297423821
AST-000664,0.8095627234364248,0.34044086755539893,0.538690422365841,0.5628980044525549
AST-000665,0.6519286373000583,0.5833120455677377,0.51511520031635,0.5834519610613821
AST-000666,0.592473575938802,0.38506507707208315,0.8113093010200919,0.596282651343659
AST-000667,0.35799466838859023,0.9099126312443572,0.9643134823965596,0.7440735940098356
AST-000668,0.32509762394780817,0.5123381346992274,0.9965792600992592,0.6113383395820983
AST-000669,0.0,0.8930535748261331,0.5809524345613785,0.4913353364625039
AST-000670,0.09770352882121687,0.41361590570888407,0.6331075339087513,0.38147565614628415
AST-000671,0.17203130430907443,0.5473298639258345,0.5788839799738748,0.4327483827362612
AST-000672,0.6678442897094656,0.477186546345663,0.9477812706883051,0.6976040355811447
AST-000673,0.8775296791852499,0.7224804466188768,0.7550157769710167,0.7850086342583812
AST-000674,0.0,0.8842970771440741,0.5853836835666467,0.48989358690357365
AST-000675,0.3960815243790556,0.5370345278316201,0.6490063766368092,0.5273741429491615
AST-000676,0.8383474149563827,0.7574719408143703,0.8366900761678985,0.8108364773128839
AST-000677,0.0,0.6666878732819157,0.763627559518102,0.47677181093333926
AST-000678,0.9711128010245147,0.43978880208897325,0.579871103683966,0.6635909022658181
AST-000679,0.4212936908491948,0.34305609520381974,0.7441492395400437,0.5028330085310194
AST-000680,0.0,0.17300824944826207,0.9783050192556806,0.3837710895679809
AST-000681,0.9120920807939498,0.7404937681521834,0.9605888912545467,0.8710582467335599
AST-000682,0.7874075656125356,0.6904812202701149,0.6859074543092232,0.7212654133972913
AST-000683,0.45364970259455145,0.19460017972095708,0.6530468484890917,0.4337655769348667
AST-000684,0.185810955914758,0.07264020131218092,0.8602605723786725,0.3729039098685371
AST-000685,0.5571838786922326,0.5575393459871023,0.6409535776304247,0.5852256007699198
AST-000686,0.8959997527902176,0.7928937197318676,0.9925433398691147,0.8938122707970666
AST-000687,0.15272732292156355,0.5289084945746556,0.9880835513720941,0.5565731229561045
AST-000688,0.6467420554538931,0.4000927467967058,0.7904360481963838,0.6124236168156609
AST-000689,0.2614698560738712,0.8449869383102133,0.7294575697290971,0.6119714547043938
AST-000690,0.20946181539042583,0.6704353321857169,0.7196822534345606,0.5331931336702345
AST-000691,0.18983201108242503,0.6477906229485734,0.8573228748223756,0.564981836284458
AST-000692,0.6845471872123987,0.6816874182741903,0.527900023643368,0.6313782097099857
AST-000693,0.512582335981724,0.799989182578104,0.661460350150116,0.6580106229033147
AST-000694,0.6185791919552739,0.7020613344953257,0.4559841238259243,0.5922082167588413
AST-000695,0.9358783878500783,0.7689910093342107,0.9357805695171717,0.8802166555671537
AST-000696,0.5631180511992419,0.6963021570703408,0.4910254390473258,0.5834818824389695
AST-000697,0.7410275102961528,0.4763999989552005,0.9523467104818745,0.7232580732444093
AST-000698,0.5646296976685223,0.48138190668305664,0.8765806537916773,0.6408640860477521
AST-000699,0.6543089624005375,0.3393107343849529,0.9220995963900751,0.6385730977251886
AST-000700,0.5922987166359255,0.43842628503499237,0.9570423082232339,0.6625891032980507
AST-000701,0.8709842540625818,0.2915499090496735,0.30783127969971863,0.490121814270658
AST-000702,0.2470147350845398,0.9147626806981981,0.8040960928744999,0.6552911695524126
AST-000703,0.49587485952876315,0.6068958751441249,0.7681835268975108,0.6236514205234663
AST-000704,0.5469393822736858,0.6927344767239934,0.987035980454229,0.742236613150636
AST-000705,0.8804352519717832,0.5490111129155822,0.6578138435943859,0.6957534028272505
AST-000706,0.6357562079385569,0.7002972280809194,0.5396052431957815,0.6252195597384193
AST-000707,0.32146053796325036,0.4104201797606862,0.8348006619329789,0.5222271265523052
AST-000708,0.3711723327057646,0.4999296383126042,0.2171704580357828,0.36275747635138383
AST-000709,0.6069190375870432,0.8350026759371236,0.4561017137685468,0.6326744757642379
AST-000710,0.24987045966219323,0.4814183327705539,0.735720737068624,0.48900317650045705
AST-000711,0.47527511362207464,0.3729828822858382,0.3253183454780487,0.3911921137953205
AST-000712,0.7122213486122104,0.8300472114162086,0.7048499211121968,0.7490394937135386
AST-000713,0.0,0.7921211876865359,0.7834136961378886,0.5251782946081415
AST-000714,0.37976305129492516,0.7040906017801527,0.9146566360003155,0.6661700963584645
AST-000715,0.8837314121610736,0.8318800967750798,0.8480716838011874,0.8545610642457803
AST-000716,0.5820667826576714,0.64688667395168,0.9714069176275848,0.7334534580789788
AST-000717,0.5213908409056768,0.8713137662436566,0.770456325853024,0.7210536443341192
AST-000718,0.8457290989881062,0.7251751783087512,0.9345627561871771,0.8351556778280115
AST-000719,0.7375075190363305,0.8483584103477867,0.9625190850184067,0.8494616714675081
AST-000720,0.6146379821164139,0.7471625533123235,0.9863123254042465,0.782704286944328
AST-000721,0.0,0.6195515794089178,0.829411995020949,0.48298785814328893
AST-000722,0.8978265748170555,0.7882389313212617,0.9192109285310581,0.868425478223125
AST-000723,0.4610977467311345,0.5293365039737346,0.9094737989449642,0.6333026832166111
AST-000724,0.7819908781885999,0.8562201479873618,0.7321278965581234,0.790112974244695
AST-000725,0.6022804737682809,0.6028774303508716,0.9033426105834305,0.702833504900861
AST-000726,0.22646853801340558,0.8012188531164341,0.44802542200805884,0.4919042710459662
AST-000727,0.3205241366200443,0.787777933137473,0.8113474986222325,0.6398831894599165
AST-000728,0.9515588314888513,0.7608413775249379,0.8346234700032548,0.8490078930056812
AST-000729,0.0,0.6156374971769712,0.9313780846578024,0.5156718606115912
AST-000730,0.37488614272900084,0.17067083115880302,0.9310765120843592,0.492211161990721
AST-000731,0.26969513597796096,0.634992058621782,0.6693538613072855,0.5246803519690095
AST-000732,0.6966105682573522,0.5551220449818515,0.9270547156527643,0.7262624429639893
AST-000733,0.5022335403739175,0.424919958315548,0.4370953612713284,0.45474961998693136
AST-000734,0.7055505605292476,0.9076074892491504,0.9823587587745853,0.865172269517661
AST-000735,0.8359988370607669,0.6984838925734687,0.9871240126615053,0.8405355807652469
AST-000736,0.8738963254663696,0.35148174616396355,0.9335660089285187,0.7196480268529507
AST-000737,0.24797566423536596,0.8778270054935631,0.8682046021114191,0.6646690906134494
AST-000738,0.16439754754149744,0.11803913913094734,0.5868246977016983,0.289753794791381
AST-000739,0.48579104526779604,0.48296215293016986,0.9773226734738516,0.6486919572239391
AST-000740,0.8955645059295053,0.475640633641508,0.9654683821241175,0.7788911738983769
AST-000741,0.4640180155394191,0.7733711546295217,0.9543776220839004,0.7305889307509471
AST-000742,0.8232209730951434,0.46855725548585025,0.9802517746200581,0.7573433344003506
AST-000743,0.6416624232637411,0.474047814223821,0.36908523453917197,0.49493182400891134
AST-000744,0.7501200456738116,0.6255990268278959,0.5838214496031209,0.6531801740349428
AST-000745,0.4025355118621834,0.6973397749419344,0.7552304777215362,0.618368588175218
AST-000746,0.9059660503808298,0.5177170968106164,0.7167508548531014,0.7134780006815159
AST-000747,0.8236902031752552,0.621371950123591,0.9001439521720377,0.7817353684902946
AST-000748,0.2582750974536204,0.416278275621462,0.5744430093092735,0.41633212746145193
AST-000749,0.7218110969679568,0.14782810166003085,0.970685613166939,0.6134416039316423
AST-000750,0.6969644129475647,0.8623401273301413,0.7378389001780096,0.7657144801519052
AST-000751,0.7391784773656617,0.2677283381533924,0.7230306812049488,0.5766458322413343
AST-000752,0.47436326731295186,0.374074325982713,0.9436403489147357,0.5973593140701335
AST-000753,0.0,0.37799842415507895,0.5823024103179147,0.32010027815766456
AST-000754,0.8662453839136296,0.7492443615728148,0.8605099998367353,0.8253332484410598
AST-000755,0.0,0.6968661718779547,0.8862179472280852,0.52769470636868
AST-000756,0.5570836244518352,0.8708051100367142,0.6083318318720026,0.6787401887868506
AST-000757,0.0,0.49483357127178484,0.5751620128225149,0.3566651946980999
AST-000758,0.7242664301275625,0.22561955852487559,0.26501471917152664,0.4049669026079883
AST-000759,0.6742025970350666,0.37519541971283266,0.6928316720006016,0.5807432295828335
AST-000760,0.8585440243692999,0.41301491877785584,0.5568592659063379,0.6094727363511646
AST-000761,0.6444654621607445,0.4402077688092452,0.8359454681361657,0.6402062330353852
AST-000762,0.48339621103859665,0.8048301981065477,0.8465890719748146,0.7116051603733196
AST-000763,0.38230118836247734,0.6552055819376807,0.921604440784292,0.6530370703614834
AST-000764,0.40169287206633186,0.7376867968982543,0.633442812556178,0.5909408271735881
AST-000765,0.0,0.5433300765945767,0.8432957791907517,0.4622086185951095
AST-000766,0.20587635708593227,0.34666645151643766,0.8751496625916633,0.47589749039801105
AST-000767,0.8293848109829859,0.3252641283878537,0.8665556540759706,0.6737348644822702
AST-000768,0.2865805370571872,0.5639929566335141,0.8144514832363233,0.5550083256423416
AST-000769,0.9014108450596398,0.5431058285872558,0.9033863043985108,0.7826343260151355
AST-000770,0.485437599000839,0.16083904493390705,0.557801212383358,0.401359285439368
AST-000771,0.4929837731430323,0.8292949964509658,0.7736813150117252,0.698653361535241
AST-000772,0.6589174574870373,0.7055010180832595,0.4722347058403286,0.6122177271368752
AST-000773,0.4702298452850925,0.7530832962491524,0.7190288256372858,0.6474473223905103
AST-000774,0.7997670623243366,0.8752383390685806,0.6107020977258691,0.7619024997062621
AST-000775,0.8533875891020435,0.5269986783057707,0.9571013476944744,0.7791625383674295
AST-000776,0.6037069741148079,0.7559119436012633,0.896504759693946,0.7520412258033392
AST-000777,0.35803715490571303,0.8536947712755649,0.17198099006819537,0.4612376387498245
AST-000778,0.6061787236633516,0.7708190381203465,0.9371449529835323,0.7713809049224102
AST-000779,0.48423342037509487,0.3839432501027396,0.6077772753342325,0.4919846486040223
AST-000780,0.8990753569365375,0.31963254528397234,0.21338505729272705,0.4773643198377456
AST-000781,0.8487541620730463,0.4686073258417078,0.8938253671808537,0.7370622850318692
AST-000782,0.0,0.1343778849427721,0.9799725444661295,0.3714501431363005
AST-000783,0.333342085245633,0.23711092897827302,0.896714983484245,0.48905599923605036
AST-000784,0.6062589095113858,0.530896175935711,0.6802154173089214,0.6057901675853394
AST-000785,0.7031447374484108,0.3951643298657326,0.8809281749283083,0.6597457474141506
AST-000786,0.5191899043825058,0.48321407152990464,0.9611069474351759,0.6545036411158621
AST-000787,0.39381402933987797,0.5228260915558453,0.6463630369902691,0.5210010526286641
AST-000788,0.7450145087258382,0.3704253671192005,0.5055755021050294,0.5403384593166893
AST-000789,0.2036028241736853,0.7499385267872021,0.796139077704083,0.5832268095549901
AST-000790,0.0,0.7541902814382893,0.7550591278868537,0.5030831364417143
AST-000791,0.2566627659643224,0.36450542261525465,0.7019004583560369,0.4410228823118713
AST-000792,0.1415687499558301,0.21386090600075067,0.09397945650918756,0.14980303748858945
AST-000793,0.7197524475019397,0.8963270910611205,0.7752667834495122,0.7971154406708575
AST-000794,0.1562456653514044,0.2991078493133671,0.6898563646148732,0.3817366264265482
AST-000795,0.26409732875294756,0.2823659711232638,0.8352277085438905,0.4605636694733673
AST-000796,0.6175073119060187,0.3881252615945858,0.915394012092788,0.6403421951977976
AST-000797,0.6005089551754649,0.8475921201824874,0.9962003843761921,0.8147671532447148
AST-000798,0.44349283838960646,0.6381776784519131,0.8469948584217037,0.6428884584210744
AST-000799,0.6504196961503476,0.652813984060289,0.5270654783423141,0.6100997195176502
AST-000800,0.0,0.5272563168855531,0.5338439995882924,0.35370010549128184
AST-000801,0.5738975804421032,0.9182011349967727,0.8644971046874063,0.785531940042094
AST-000802,0.8708561238680996,0.6840743135982258,0.8481749237798042,0.8010351204153766
AST-000803,0.0,0.5860368837113359,0.9952410764626662,0.527092653391334
AST-000804,0.7505157478394767,0.5741958693529751,0.5283078227071052,0.6176731466331856
AST-000805,0.20480868413936054,0.7520426013491975,0.8072946443690919,0.5880486432858834
AST-000806,0.6234590246722306,0.2515092701201977,0.7842110311132215,0.5530597753018832
AST-000807,0.0,0.5973821752803151,0.663983102001722,0.42045509242734563
AST-000808,0.9624704688649149,0.6319219335286098,0.878789873609242,0.8243940920009223
AST-000809,0.5105701453619745,0.3002721356237882,0.706191709899546,0.5056779969617696
AST-000810,0.7669772715311337,0.5556224760584867,0.7443829559967436,0.6889942345287879
AST-000811,0.18211028151072348,0.4202234145687626,0.9555367624202444,0.5192901528332435
AST-000812,0.0,0.7442061621581261,0.9781815530484843,0.5741292384022034
AST-000813,0.724115174681618,0.1737693461199685,0.7553713428298812,0.5510852878771559
AST-000814,0.2193313287244862,0.42987831186707587,0.5173701605124587,0.38885993370134025
AST-000815,0.9341403344615891,0.9061027796708699,0.8611802986152286,0.9004744709158959
AST-000816,0.8687967848830529,0.6080527272733329,0.9449255321950698,0.8072583481171519
AST-000817,0.6265341046848762,0.6110046574835533,0.9232780882553863,0.7202722834746053
AST-000818,0.8359580865132983,0.8269359370509328,0.9238135285212551,0.8622358506951621
AST-000819,0.8421012273979247,0.4872358660403475,0.9863099698429226,0.7718823544270649
AST-000820,0.0,0.19358757476215824,0.09245734640391019,0.09534830705535614
AST-000821,0.22809665952492042,0.16023290537496268,0.44477347256258015,0.27770101248748774
AST-000822,0.0,0.2864594208301273,0.9528303825150541,0.41309660111506047
AST-000823,0.7339014759426767,0.4796549480515748,0.5136330408583061,0.5757298216175192
AST-000824,0.36494814059122227,0.7214633833112533,0.9688578955343744,0.68508980647895
AST-000825,0.6390334775874685,0.8567578253438746,0.8025944709571259,0.7661285912961563
AST-000826,0.64779785822923,0.5232052917992973,0.946701783796704,0.7059016446084104
AST-000827,0.0,0.599754666351655,0.38596613430299603,0.32857360021821697
AST-000828,0.2683648957610107,0.7430751232634122,0.9822912774396737,0.6645770988213655
AST-000829,0.7881820807568479,0.936928814495585,0.7990981911626939,0.8414030288050424
AST-000830,0.5790366297424191,0.8315957636343299,0.907782051152557,0.772804814843102
AST-000831,0.727691372277664,0.8169796257461347,0.9215750760977023,0.822082024707167
AST-000832,0.5809145330787029,0.5142004306422382,0.4216933472901605,0.5056027703370338
AST-000833,0.7782351751780873,0.19489299013321593,0.9998714336149599,0.657666532975421
AST-000834,0.5931934218526038,0.585486046447296,0.9300353162624291,0.702904928187443
AST-000835,0.6311142549807859,0.5006495079600395,0.5634173240375452,0.5650603623261236
AST-000836,0.19862402519176883,0.27902956119111366,0.5614097658164491,0.3463544507331105
AST-000837,0.23923244774442373,0.3996260710656522,0.7560765269088124,0.46497834857296283
AST-000838,0.8028571950095601,0.6230959277352954,0.907881453168447,0.7779448586377674
AST-000839,0.7488315565340228,0.47427168802421726,0.924842273155591,0.7159818392379437
AST-000840,0.3124792694890452,0.3260747987365265,0.6809499001711443,0.43983465613223865
AST-000841,0.7657488841544562,0.45442164467304713,0.45397985031191335,0.5580501263798056
AST-000842,0.40023611357512145,0.5779081588809158,0.6624331608484479,0.5468591444348284
AST-000843,0.2989622634552009,0.49080514232559797,0.5821941320585924,0.4573205126131304
AST-000844,0.7691289133028505,0.782416529226061,0.9014379470262115,0.8176611298517077
AST-000845,0.7857417474797034,0.5889279692396939,0.8008037674148369,0.7251578280447447
AST-000846,0.5278841900946029,0.4111398619844228,0.8222590734440349,0.5870943751743535
AST-000847,0.3336552888733974,0.6071855324528191,0.6230079808011105,0.5212829340424423
AST-000848,0.39224441352834843,0.7672396322422913,0.328319817697538,0.4959346211560592
AST-000849,0.8530298711480423,0.09395471826533779,0.6955481223571998,0.5475109039235266
AST-000850,0.424929094204895,0.668783470065938,0.7951083317042301,0.629606965325021
AST-000851,0.4405739154704898,0.48640685680698653,0.8444287417336075,0.5904698380036946
AST-000852,0.7350252618257538,0.39211022238138554,0.9305269873171955,0.6858874905081116
AST-000853,0.4370806970746006,0.4614388196908938,0.9326672340710229,0.6103955836121725
AST-000854,0.4531922772352214,0.1862462850887292,0.7722529872889714,0.47056384987097405
AST-000855,0.6872571063774952,0.6650727306865176,0.6654165039989964,0.6725821136876697
AST-000856,0.5135416123996122,0.6089979558171335,0.938533471174323,0.6870243464636895
AST-000857,0.7566876256906337,0.6910655135622874,0.6137547886382134,0.6871693092970449
AST-000858,0.6934922335308668,0.7253903366829759,0.745958107962691,0.721613559392178
AST-000859,0.813033314379488,0.3033800613602729,0.9511752458470557,0.6891962071956055
AST-000860,0.9434474106091768,0.6313358482945951,0.4276252725517298,0.6674695104851672
AST-000861,0.5913027042355515,0.7884867335573627,0.4088242218814612,0.5962045532247918
AST-000862,0.7718663270048678,0.5117095365490233,0.6790690686687595,0.6542149774075502
AST-000863,0.4407471254989589,0.9378757985151044,0.5786172347629597,0.6524133862590077
AST-000864,0.8134995756146952,0.6497221484748065,0.9821110219123118,0.8151109153339378
AST-000865,0.7554157491813085,0.9064623933310693,0.8873916262933622,0.8497565896019132
AST-000866,0.8895602132293191,0.49307677041006803,0.7216277923369023,0.7014215919920964
AST-000867,0.5613368287452415,0.6638940786713633,0.29017824470071646,0.5051363840391071
AST-000868,0.4093336469848673,0.7471744325595161,0.6079687032033779,0.5881589275825871
AST-000869,0.7263252492639748,0.8846069553276417,0.8170347143643872,0.809322306318668
AST-000870,0.39615930057789295,0.7380270888873277,0.9054401430127081,0.6798755108259762
AST-000871,0.7459394199791795,0.5748810697798458,0.4303957818864765,0.5837387572151672
AST-000872,0.31494340174767865,0.37912650899809386,0.8424940972095448,0.5121880026517724
AST-000873,0.35960120033733894,0.38976983813283017,0.9405931812819583,0.5633214065840425
AST-000874,0.5164585695811112,0.9439604371718386,0.9416713262754282,0.800696777676126
AST-000875,0.3846558112303749,0.4488369529928807,0.8959922769406,0.5764950137212852
AST-000876,0.817540840927217,0.5222202695676734,0.8922734874025904,0.7440115326324935
AST-000877,0.733258566839331,0.15524908267957596,0.9784755822726555,0.6223277439305208
AST-000878,0.735962017491063,0.4384266516081242,0.7089183764680345,0.6277690151890739
AST-000879,0.4423062036903001,0.497806742696758,0.8691165025341944,0.6030764829737508
AST-000880,0.8653015170292112,0.7084977224410813,0.9838100878062387,0.8525364424255105
AST-000881,0.12181881929687331,0.8544314440916486,0.8475698602949959,0.6079400412278393
AST-000882,0.8028437503712813,0.8169129926074724,0.82585109857906,0.8152026138526046
AST-000883,0.7505738029416076,0.5267168706686356,0.9903649035774934,0.7558851923959122
AST-000884,0.0,0.30246396726648506,0.6980187248389856,0.33349423070182355
AST-000885,0.5940128732607931,0.20438786438018183,0.6693065023855913,0.4892357466755221
AST-000886,0.665272808918446,0.6192803015329466,0.9185149816665634,0.7343560307059853
AST-000887,0.0,0.6717659505397903,0.9673150888436759,0.5463603464611554
AST-000888,0.6568449236363885,0.43179277959596096,0.8864525824537415,0.6583634285620303
AST-000889,0.6292805855068674,0.4077649171171776,0.9997170301915143,0.6789208442718531
AST-000890,0.6412417852520197,0.7021980556569472,0.17584448544199635,0.5064281087836544
AST-000891,0.31215397057046573,0.5705495867604915,0.19515633890998813,0.35928663208031514
AST-000892,0.3594593658403096,0.764323666553596,0.3138633813858351,0.47921547125991354
AST-000893,0.8117963147595572,0.6371531104945384,0.8721841070648063,0.773711177439634
AST-000894,0.0,0.38769514446354947,0.869903136532026,0.41919942699852514
AST-000895,0.7166107491103111,0.7800402098459592,0.1831395140891965,0.5599301576818222
AST-000896,0.2687025588669226,0.4930988908869736,0.7312397385050882,0.49768039608632814
AST-000897,0.5868640105437901,0.345446675957415,0.9605739297416103,0.6309615387476052
AST-000898,0.594291648986769,0.29713913262922215,0.6146372419770212,0.5020226745310041
AST-000899,0.3135285004949567,0.2803396138937627,0.9809964745603621,0.5249548629830272
AST-000900,0.6882733741918864,0.8192794706894349,0.5683392827539633,0.6919640425450949
AST-000901,0.3990662196752064,0.8123442781570066,0.9195604086281439,0.7103236354867857
AST-000902,0.6867734887914088,0.10982170606665802,0.6869930104979846,0.4945294017853505
AST-000903,0.5207990252443465,0.7654031655902515,0.8476203041901875,0.7112741650082618
AST-000904,0.3120054613563166,0.5032405880992952,0.7309119744052727,0.5153860079536282
AST-000905,0.4724139899440966,0.18306760214371373,0.7273777248361151,0.4609531056413085
AST-000906,0.451120638138673,0.7051004495470862,0.1357204264037901,0.43064717136318303
AST-000907,0.49263258518143094,0.41933640791505267,0.46526570338196527,0.4590782321594829
AST-000908,0.9171022064435507,0.6754679612143233,0.9336493364002377,0.8420731680193706
AST-000909,0.5089294635099598,0.5747010177540969,0.784651478304268,0.6227606531894415
AST-000910,0.0,0.3644570606484713,0.4738525008214083,0.27943652048995987
AST-000911,0.33610327148706365,0.879413156401096,0.8666544989230238,0.6940569756037278
AST-000912,0.6438958154952309,0.915329282341323,0.9595547825519377,0.8395932934628306
AST-000913,0.8013426982012729,0.48839104653067505,0.8660172142783368,0.7185836530034283
AST-000914,0.0,0.6521669328463993,0.8524454069007245,0.5015374465823745
AST-000915,0.6321250277745384,0.7056781837172944,0.5291681648176919,0.6223237921031749
AST-000916,0.6905546674078276,0.9538897983344757,0.7226429378319751,0.7890291345247595
AST-000917,0.45616640314307655,0.19414837126945014,0.5674767392103962,0.4059305045409743
AST-000918,0.475239469544199,0.5960413560367323,0.77593048341284,0.6157371029979237
AST-000919,0.0,0.8104661259634112,0.5327011730028193,0.4477224329887435
AST-000920,0.15806156086015558,0.20099022857491894,0.2832252795593967,0.2140923563314904
AST-000921,0.07307923236425178,0.2123748174982135,0.7090663105764334,0.33150678681296625
AST-000922,0.14992778435274565,0.18004063925403066,0.48072912300054876,0.27023251553577504
AST-000923,0.0,0.21964998928432644,0.9418824981553553,0.38717749581322725
AST-000924,0.4818484234874,0.6544023890180827,0.8997549654712926,0.6786685926589251
AST-000925,0.5928820291745265,0.9075569598590745,0.8851421142427868,0.7951937010921292
AST-000926,0.5718277072553781,0.42106562062998704,0.8524199317278401,0.6151044198710683
AST-000927,0.0,0.5994406825307844,0.6346769274804237,0.4113725366704027
AST-000928,0.7892329557809775,0.640654265847554,0.7162230885425391,0.7153701033903568
AST-000929,0.39473003186146427,0.2711532184794313,0.7991863457163467,0.4883565320190808
AST-000930,0.0,0.22097006115816784,0.6988042964353252,0.3065914525311643
AST-000931,0.26224575710384135,0.19807861722266404,0.1481744683461939,0.20283294755756645
AST-000932,0.34868245023028466,0.7449452698581115,0.5470687784109005,0.5468988328330989
AST-000933,0.4787944033559039,0.23337670343858113,0.8205519853243297,0.5109076973729382
AST-000934,0.5996828502325954,0.6492386261336082,0.9744454806688608,0.7411223190116881
AST-000935,0.43789325568185156,0.4070496170576843,0.9264495007842782,0.5904641245079381
AST-000936,0.48223583070609666,0.21176093071596186,0.7577056405525803,0.483900800658213
AST-000937,0.8337968521170398,0.8225192746049056,0.9457478337046289,0.8673546534755247
AST-000938,0.6820746308967018,0.7213553178361989,0.9123491166563039,0.771926355129735
AST-000939,0.22679886583739406,0.5298793483016214,0.7509686698165495,0.5025489613185217
AST-000940,0.5869800842350833,0.4467153820667363,0.980412407976842,0.6713692914262205
AST-000941,0.4256241388756465,0.5047835532879559,0.802834499009708,0.5777473970577701
AST-000942,0.5959139644555101,0.5382449719778367,0.6635679877258839,0.599242308053077
AST-000943,0.2684368837407793,0.2017422604339445,0.6298941177383425,0.3666910873043554
AST-000944,0.25916940902523566,0.2484196983146138,0.9978842938495858,0.5018244670631451
AST-000945,0.4789083432886667,0.5444445835350994,0.9579656229523608,0.6604395165920424
AST-000946,0.48916690968845156,0.7674627110796448,0.7297696229314674,0.6621330812331879
AST-000947,0.8715781202144419,0.5401018145998964,0.9314846215547542,0.7810548521230308
AST-000948,0.6328620246834499,0.8559403990447939,0.7275665757954592,0.738789666507901
AST-000949,0.30522396212189584,0.8021450620369237,0.9668854661834299,0.6914181634474165
AST-000950,0.0,0.8497863707006534,0.8914702724364559,0.580418881045703
AST-000951,0.3693505592032565,0.2078685426237852,0.9162421540619559,0.4978204186296658
AST-000952,0.7183669144201278,0.40676481383614155,0.7148004771315801,0.6133107351292831
AST-000953,0.5393404876957267,0.7102437153577775,0.9353894747096346,0.7283245592543796
AST-000954,0.7193513484161163,0.11776629433857722,0.7754639759579665,0.5375272062375532
AST-000955,0.7557655821485121,0.3448553987420309,0.9166341020948301,0.6724183609951243
AST-000956,0.48627096171300405,0.38817048628193307,0.7209653278894408,0.531802258628126
AST-000957,0.0,0.064438049317221,0.49739596940765574,0.18727800624162558
AST-000958,0.0,0.31829583122230565,0.5251890198692768,0.2811616170305275
AST-000959,0.6457381104886635,0.624608599857745,0.9328255263507553,0.7343907455657211
AST-000960,0.8792517573105945,0.18792667610409186,0.3916095029647754,0.4862626454598206
AST-000961,0.24890147595056725,0.41373069143402336,0.8123755675725831,0.49166924498572456
AST-000962,0.6338415360322421,0.3526340712234367,0.704435142878055,0.5636369167112446
AST-000963,0.40299227460682696,0.3274312218577783,0.9458099427560066,0.5587444797402039
AST-000964,0.8387603746441559,0.3111644188313391,0.5037477244891372,0.5512241726548774
AST-000965,0.067712615105439,0.743770877370775,0.8239829471589722,0.5451554798783954
AST-000966,0.7385535682183088,0.38940060932057446,0.7839793817613414,0.6373111864334082
AST-000967,0.40009433298042874,0.5689579970604881,0.5067336213648533,0.4919286504685901
AST-000968,0.6034494505202032,0.6518082805489456,0.926633542975289,0.7272970913481459
AST-000969,0.3000770907464342,0.5017662685329943,0.3829701625239647,0.3949378406011311
AST-000970,0.8522389847342797,0.680928047283019,0.45882064532943584,0.6639958924489116
AST-000971,0.24792613430045557,0.8103243900208006,0.7922537944350602,0.6168347729187721
AST-000972,0.8280530604655639,0.7595016597137643,0.9466842056665842,0.8447463086153041
AST-000973,0.8624069176171583,0.30169276365817466,0.6929277624457427,0.6190091479070251
AST-000974,0.3467219524403394,0.6147491251322142,0.9783634287460322,0.6466115021061953
AST-000975,0.3995755005498803,0.28857954265501873,0.8242416305110395,0.5041322245719795
AST-000976,0.3567244981507724,0.4261571553456956,0.7776173103782544,0.5201663212915741
AST-000977,0.3743263771872214,0.18812119695366583,0.9659661634187273,0.5094712458532048
AST-000978,0.9104226439755486,0.41227681822120765,0.94107821781847,0.7545925600050755
AST-000979,0.7804772748494707,0.5093809639087482,0.8623317834160306,0.7173966740580832
AST-000980,0.537409789279254,0.5327504284615145,0.8335687458713136,0.6345763212040274
AST-000981,0.3470303568447073,0.3881616235543699,0.9618652564786928,0.5656857456259233
AST-000982,0.27726811830072756,0.1283726462169744,0.5056664006541428,0.3037690550572816
AST-000983,0.45893252634694204,0.8502976706496882,0.47898687163579245,0.5960723562108076
AST-000984,0.0,0.7409965582859506,0.7912193085291473,0.5107386222716993
AST-000985,0.6405793366111309,0.8528305621051226,0.8402208458415383,0.7778769148525972
AST-000986,0.7337007731664498,0.4229903122627502,0.6026641540108795,0.5864517464800265
AST-000987,0.5767375626097287,0.7499787809339953,0.6062432166475622,0.6443198533970954
AST-000988,0.7334152422393138,0.7655988461950708,0.34912054617518173,0.6160448782031888
AST-000989,0.06081226764291239,0.6225014793216241,0.9915836486132641,0.5582991318592668
AST-000990,0.0,0.6371504104958146,0.9056721419807159,0.5142741841588435
AST-000991,0.8968518532364912,0.511332910629132,0.11002496362392575,0.506069909163183
AST-000992,0.8009607515166188,0.1586747476230977,0.8571737489723092,0.6056030827040085
AST-000993,0.34733452463133424,0.34191202529653775,0.970369821565765,0.5532054571645456
AST-000994,0.16628504357371876,0.6220817666828535,0.8230025962850162,0.5371231355138628
AST-000995,0.8234721736639316,0.8770503277118781,0.7640385500762825,0.8215203504840307
AST-000996,0.5201618048237255,0.7895942297339141,0.430423289145784,0.5800597745678079
AST-000997,0.4652582242464264,0.21993066324613628,0.9376176343072851,0.5409355072666159
AST-000998,0.7775824045855436,0.7453489138140188,0.9189002176519628,0.8139438453505085
AST-000999,0.05241039975476188,0.618774926757836,0.5180144192984106,0.39639991527033613
AST-001000,0.6093351092095272,0.8285262561235462,0.44080079034948944,0.6262207185608543
AST-001001,0.5833437936647226,0.7909028629825288,0.20083772408393563,0.5250281269103957
AST-001002,0.11471550475173524,0.6347368671626288,0.9202738633273159,0.5565754117472266
AST-001003,0.789797217831803,0.651421128089121,0.9891485966453847,0.8101223141887696
AST-001004,0.6907538803075689,0.6035834977657887,0.907480737102572,0.7339393717253099
AST-001005,0.16649560546506706,0.4145979365297019,0.4130060562148152,0.33136653273652805
AST-001006,0.36900983406411514,0.18606286074324588,0.9057478165966923,0.4869401704680178
AST-001007,0.45051176870643406,0.3827734741581094,0.7323594654386937,0.5218815694344124
AST-001008,0.5046177542492215,0.4605773297403944,0.8641874996853582,0.6097941945583247
AST-001009,0.5612504335717674,0.38225553871536744,0.7665148032837529,0.5700069251902958
AST-001010,0.44906710977300923,0.49583922780496203,0.9002294810840324,0.6150452728873346
AST-001011,0.0,0.44070589163554813,0.3693394740574957,0.27001512189768123
AST-001012,0.18999239733694073,0.5339768447009005,0.1971389223895324,0.3070360548091245
AST-001013,0.3467901382134215,0.6743131210253934,0.38111062207216834,0.4674046271036611
AST-001014,0.7677817621414375,0.8388782533995994,0.6868075724467076,0.7644891959959148
AST-001015,0.7705220635953685,0.46212568329626175,0.7557040575100259,0.6627839348005521
AST-001016,0.8783561610110765,0.9368653019955195,0.9299756699179573,0.9150657109748511
AST-001017,0.7019873933396962,0.7631787855955943,0.9392921023524528,0.8014860937625811
AST-001018,0.897513210262191,0.4129550188274533,0.8104619358189475,0.7069767216361974
AST-001019,0.6511976379218686,0.12404407229459401,0.7212425669513142,0.49882809238925896
AST-001020,0.5623981491799526,0.49580710464124866,0.9672970660406801,0.6751674399539604
AST-001021,0.3029441961019579,0.7365175550581311,0.8769447257379038,0.6388021589659977
AST-001022,0.3635494841145761,0.5315014897211913,0.6571151399572986,0.5173887045976887
AST-001023,0.7954846860312551,0.6509314850271068,0.988405908290912,0.8116073597830913
AST-001024,0.6490226386608907,0.5745483512542533,0.9739706094727553,0.7325138664626332
AST-001025,0.5349182909395545,0.7106178487563174,0.8860111032829464,0.7105157476596061
AST-001026,0.2739564137477136,0.5720251955668392,0.6686797547579069,0.5048871213574865
AST-001027,0.2634938330567656,0.5434460062154656,0.6370735825809034,0.4813378072843782
AST-001028,0.7996040923627766,0.49912335051031104,0.9386017439643193,0.7457763956124689
AST-001029,0.0,0.35324830731234474,0.4557800137290612,0.269676107013802
AST-001030,0.5570662177431098,0.8400946993911511,0.9388083063758296,0.7786564078366968
AST-001031,0.0,0.602367916159713,0.7697578560206351,0.45737525739344936
AST-001032,0.6750500307020726,0.7020256959835625,0.556584356279221,0.6445533609882853
AST-001033,0.44814488282214915,0.7610944198207331,0.3219017307956456,0.5103803444795093
AST-001034,0.8343198271733198,0.8957725348621944,0.8183876563920021,0.8494933394758387
AST-001035,0.32152959320506824,0.6640412201326011,0.6148298939068233,0.533466902414831
AST-001036,0.4721062385018686,0.548922148916326,0.7496758363272997,0.5902347412484982
AST-001037,0.0,0.6700210404237099,0.9506819178420789,0.5402343194219296
AST-001038,0.35645597260696404,0.1218044024178881,0.8827080121289907,0.453656129051281
AST-001039,0.2527309270767324,0.8343613639633822,0.8705442742777929,0.6525455217726358
AST-001040,0.8122651528246009,0.5629258836239889,0.9185475242982566,0.7645795202489488
AST-001041,0.65879536772736,0.6455314272942663,0.5152880967649708,0.606538297262199
AST-001042,0.5758622412287304,0.7841800578842398,0.4514102941869059,0.6038175310999588
AST-001043,0.4443196748259559,0.7042839524594232,0.8297849969868427,0.6594628747574073
AST-001044,0.5341203207109986,0.05814917854784112,0.6036361427070509,0.39863521398863017
AST-001045,0.47388754564503427,0.47062362319560797,0.5747254904171991,0.5064122197526139
AST-001046,0.4728931505196911,0.5865341547138846,0.924484260957441,0.6613038553970055
AST-001047,0.0,0.18544565270318886,0.3994465300037142,0.19496406090230103
AST-001048,0.8776377261901264,0.3780738486722674,0.9385629181277191,0.7314248309967043
AST-001049,0.8713965776803392,0.9055228087483724,0.9896327533473958,0.9221840465920358
AST-001050,0.21916303525960076,0.6774076813603731,0.8158701361148193,0.5708136175782644
AST-001051,0.6555463795422907,0.6108850768368613,0.8286248651275084,0.6983521071688868
AST-001052,0.877097504681831,0.8573582384583487,0.3441389858363433,0.692864909658841
AST-001053,0.5333147536144428,0.9104838236533509,0.5379861412081045,0.6605949061586327
AST-001054,0.7742297224155985,0.8569219137656787,0.8746663874635614,0.8352726745482796
AST-001055,0.7631356955454508,0.5811280380600214,0.854540877065687,0.7329348702237196
AST-001056,0.660983187367325,0.043186315139254285,0.7498421859667868,0.48467056282445536
AST-001057,0.6620260861559847,0.925389420140219,0.9166093473615899,0.8346749512192645
AST-001058,0.8995251391577416,0.5230502546240394,0.8909560539652902,0.7711771492490237
AST-001059,0.7217912363154663,0.3662781858245381,0.9578489436595646,0.6819727885998562
AST-001060,0.9168093325857077,0.5471592472847088,0.8958792250638132,0.7866159349780766
AST-001061,0.8388416383966317,0.7665458105913375,0.8997859671277131,0.8350578053718941
AST-001062,0.4072381004930182,0.5040346081486493,0.8465942702522183,0.5859556596312953
AST-001063,0.6671542069837731,0.3879639612002242,0.9737755481592255,0.676297905447741
AST-001064,0.46911011710191813,0.6707389036311449,0.808579180384404,0.6494760670391556
AST-001065,0.48201776442202754,0.20235960960112,0.9060992326136325,0.5301588688789267
AST-001066,0.5170430997315041,0.7475281732005126,0.665464555861551,0.6433452762645225
AST-001067,0.5134669787992534,0.5725787865771705,0.9354539963731551,0.6738332539165263
AST-001068,0.23879536063790635,0.10678385440072934,0.9285373668046673,0.42470552728110095
AST-001069,0.4479442472443616,0.6036213064595949,0.4713744623472301,0.5076466720170623
AST-001070,0.796720608037783,0.4118857275374653,0.6540965711168298,0.6209009688973594
AST-001071,0.7579494685731898,0.723039899700514,0.8274037974862344,0.769464388586646
AST-001072,0.9942869909002107,0.4464161457208389,0.832148334924552,0.7576171571818673
AST-001073,0.3957554126209655,0.6543766172131116,0.7614197676709058,0.6038505991683276
AST-001074,0.9310274189523104,0.22795886109164562,0.5582318583876779,0.572406046143878
AST-001075,0.6226766673432304,0.7422551886753695,0.8624868686785694,0.7424729082323897
AST-001076,0.7348585853655327,0.08509625530663846,0.7587878355800638,0.526247558750745
AST-001077,0.5648411635893112,0.6060904578678552,0.891578884620971,0.6875035020260459
AST-001078,0.5124299129146335,0.45222397003615816,0.8781405681335188,0.6142648170281034
AST-001079,0.42656702426949966,0.24713896091336915,0.9120044618941645,0.5285701490256778
AST-001080,0.2886336535368213,0.7794147155527813,0.9532329459606645,0.6737604383500889
AST-001081,0.6720552952772552,0.4079245862404408,0.596006908230892,0.5586622632495293
AST-001082,0.7603922203433545,0.26426728824024814,0.6157381890250267,0.5467992325362098
AST-001083,0.5732429628330801,0.45645852229344763,0.9400077144708295,0.656569733199119
AST-001084,0.42688940648659784,0.670309636395481,0.5577757058409949,0.5516582495743579
AST-001085,0.5901356136062912,0.24386018550391028,0.6077156833170544,0.48057049414241865
AST-001086,0.582387020606494,0.8287282438861032,0.9211700064354427,0.7774284236426799
AST-001087,0.0,0.2693264908058284,0.815911906679317,0.36174613249504844
AST-001088,0.8884133507746431,0.9575296437985101,0.702066628036239,0.8493365408697974
AST-001089,0.31572251844725974,0.8165248594261655,0.9675105613794268,0.6999193130842839
AST-001090,0.8158342329891677,0.8993610138574716,0.7936683947749656,0.8362878805405348
AST-001091,0.646677799950738,0.6116576681765533,0.8761861567822753,0.7115072083031889
AST-001092,0.30049100856540345,0.33432638488305566,0.8079980389418168,0.48093847746342533
AST-001093,0.0,0.4220650268121114,0.7360712773359982,0.38604543471603653
AST-001094,0.7874237016162144,0.7985028613564062,0.5751758497353266,0.7203674709026492
AST-001095,0.6070363706432964,0.22767946644657316,0.6223089423588938,0.48567492648292115
AST-001096,0.8294281560575482,0.46979948936020216,0.8777899351434515,0.725672526853734
AST-001097,0.3058836183195672,0.6612705641068842,0.9547235178231095,0.640625900083187
AST-001098,0.35096202628279005,0.20143874077658383,0.4944782073206762,0.3489596581266834
AST-001099,0.8199265286625864,0.7976592063822961,0.5464458254287472,0.7213438534912099
AST-001100,0.555024102269255,0.5752613780872715,0.7507230250694729,0.6270028351419997
AST-001101,0.5483687106042258,0.43126842639929724,0.5999594304713941,0.5265321891583058
AST-001102,0.5235930114225985,0.5757585010835093,0.7119630236611433,0.6037715120557503
AST-001103,0.8708365164509769,0.5036798512969042,0.8601254863556919,0.7448806180345243
AST-001104,0.5012741916633419,0.397222067239921,0.04092547631423133,0.31314057840583137
AST-001105,0.7701633680662028,0.3873701748414697,0.909958881099553,0.6891641413357418
AST-001106,0.37098749054482694,0.14411759608040994,0.687567415721376,0.40089083411553766
AST-001107,0.2248537240919301,0.17034027874546692,0.7555128676411396,0.38356895682617886
AST-001108,0.4522001816160894,0.5603929796629119,0.9417270436277457,0.6514400683022491
AST-001109,0.548903334346244,0.32604733760820453,0.9868616928473762,0.6206041216006083
AST-001110,0.5430215358059073,0.9334861291513733,0.6827277355815168,0.7197451335129325
AST-001111,0.0,0.8129902001454705,0.6585334333372781,0.49050787782758287
AST-001112,0.3785875170273365,0.36252640163033706,0.9677987961473573,0.5696375716016769
AST-001113,0.2852270707671355,0.23393060793898734,0.19210520987285515,0.237087629526326
AST-001114,0.7334919961477665,0.5451425281457677,0.5512312312061112,0.6099552518332151
AST-001115,0.639782582808548,0.6026131585844391,0.5003872315318931,0.5809276576416268
AST-001116,0.701987676272279,0.6420501896020807,0.9405654800029233,0.761534448625761
AST-001117,0.5515785093964658,0.859041061650667,0.9715270148426948,0.7940488619632758
AST-001118,0.753059932716938,0.5256928781575553,0.5160760926674013,0.5982763011806315
AST-001119,0.7997656501775999,0.8356442349766253,0.5074538073809577,0.7142878975117276
AST-001120,0.2656785605758663,0.7933771522519592,0.9334717994519346,0.6641758374265867
AST-001121,0.7257956698273884,0.14760710602710603,0.617634494898033,0.4970124235841758
AST-001122,0.5566309428492853,0.5962292173563492,0.6371653777053631,0.5966751793036659
AST-001123,0.5672944768885373,0.4952717272022672,0.976717982102681,0.6797613953978286
AST-001124,0.9088432106315262,0.4911465737865752,0.9491702329242507,0.7830533391141173
AST-001125,0.0,0.7136430553411858,0.9819925158845304,0.5652118570752388
AST-001126,0.7473632767466971,0.8562104225986125,0.6145447850590142,0.7393728281347746
AST-001127,0.865107979272712,0.7888380213115334,0.9292683641958787,0.8610714549267081
AST-001128,0.8895289034279714,0.8225945099475058,0.5895392393969057,0.767220884257461
AST-001129,0.8433722134206145,0.6026374588635152,0.674389677987889,0.7067997834240063
AST-001130,0.8644533613432595,0.41644261481103373,0.8340333936031397,0.7049764565858109
AST-001131,0.6537272028193235,0.5284984015780305,0.9453387393748585,0.7091881145907375
AST-001132,0.0,0.4811522799406063,0.7334849467710235,0.4048790755705432
AST-001133,0.8765833089496285,0.3147953695138922,0.8969291844723705,0.6961026209786304
AST-001134,0.5376274703361068,0.7203638534442371,0.6555144089741717,0.6378352442515052
AST-001135,0.5085517090794377,0.2866310266756685,0.8415057177767208,0.5455628178439423
AST-001136,0.6520829986830432,0.2741912099155216,0.800866553762863,0.5757135874538092
AST-001137,0.6488993734736069,0.5358505723505529,0.9509873787637575,0.7119124415293058
AST-001138,0.5391422380181844,0.6825638926729611,0.8515644439452125,0.6910901915454527
AST-001139,0.0,0.5228165850850809,0.579963892717751,0.3675934926009439
AST-001140,0.5446793784433106,0.4140584031326014,0.5999952163577846,0.5195776659778989
AST-001141,0.426831024407037,0.5926879372109375,0.8328757130899876,0.6174648915693207
AST-001142,0.09512686142478549,0.20682773283214537,0.7525348629419618,0.35149648573296427
AST-001143,0.5076541715866787,0.6238972301057358,0.8941875065263054,0.6752463027395733
AST-001144,0.7662459014217328,0.5357860154570367,0.8779832168267975,0.726671711235189
AST-001145,0.6530717769770469,0.6072948459890546,0.9097216627975115,0.7233627619212043
AST-001146,0.24397916602143488,0.701636667694756,0.8817115454590712,0.609109126391754
AST-001147,0.4134428776519105,0.3842190230595733,0.8891056218718738,0.5622558408611192
AST-001148,0.807989859825782,0.39621217682572646,0.4893107430074765,0.5645042598863284
AST-001149,0.549127815423773,0.5418780501054776,0.8929586026505275,0.6613214893932593
AST-001150,0.7102715634778624,0.6369503805603223,0.7666683077573072,0.7046300839318307
AST-001151,0.0,0.5216564367491345,0.7283982478212019,0.4166848948567788
AST-001152,0.9452203535563969,0.7967000374438272,0.9844309619560047,0.908783784318743
AST-001153,0.5032468981533318,0.22976482802606277,0.9284690259554234,0.5538269173782727
AST-001154,0.4140471690806934,0.4734075367646284,0.46441525881129736,0.45062332155220636
AST-001155,0.5369574618272094,0.844687535575721,0.9512779367742973,0.7776409780590758
AST-001156,0.6883610293800511,0.8641924122780497,0.6124850271887974,0.7216794896156328
AST-001157,0.0,0.6803869034121616,0.7345791641070626,0.4716553558397414
AST-001158,0.7957893412751759,0.7210105851079017,0.9553680143402362,0.8240559802411046
AST-001159,0.577962276717046,0.47238548269814007,0.6456529433817868,0.565333567598991
AST-001160,0.4727530432651418,0.6043572989740131,0.7385208533392017,0.6052103985261189
AST-001161,0.0,0.10830846180557512,0.9537422388385556,0.3540169002147102
AST-001162,0.0,0.5738108238141252,0.5163973606948029,0.36340272816964275
AST-001163,0.8538009685771326,0.10375633417470388,0.09304893933428014,0.35020208069537223
AST-001164,0.15771618766337442,0.6551517588064341,0.9841424194512972,0.5990034553070352
AST-001165,0.5480486608196126,0.2799141336106175,0.7038104610782168,0.5105910851694823
AST-001166,0.8247660326313607,0.6566224692886872,0.8200796478578836,0.7671560499259771
AST-001167,0.8774061968373243,0.3512576563015815,0.8911751841388105,0.7066130124259055
AST-001168,0.03651660413880917,0.10219770712090251,0.31005336673274997,0.14958922599748722
AST-001169,0.5676790966437538,0.8686558593657953,0.165115290286822,0.533816748765457
AST-001170,0.1806809527216642,0.4395792959630013,0.8775626061784939,0.4992742849543865
AST-001171,0.0686538045866481,0.3822610542747537,0.9418467665348716,0.4642538751320912
AST-001172,0.09759027706549815,0.07386726409534294,0.8455580653484981,0.33900520216977975
AST-001173,0.3527280442972429,0.18625329870127574,0.5234654632441671,0.3541489354142286
AST-001174,0.43915603683008414,0.3101990494629233,0.6333555545384393,0.4609035469438156
AST-001175,0.4834974448435952,0.8378606709890111,0.6171047325550261,0.6461542827958774
AST-001176,0.0,0.827851507727025,0.9999356654491951,0.60926239105874
AST-001177,0.7504690239131729,0.8317631189638582,0.9923849132444025,0.8582056853738113
AST-001178,0.7238558973922052,0.5183192673054834,0.9723000385313999,0.7381584010763628
AST-001179,0.7761750240146877,0.9714373271242283,0.9282267865236566,0.8919463792208576
AST-001180,0.7070896060221242,0.30567498950227917,0.8506059246151644,0.6211235067131892
AST-001181,0.26435975054815697,0.6218591712237326,0.6429040154735102,0.5097076457484665
AST-001182,0.12388041074671732,0.0731517646483441,0.5419048689831357,0.2463123481260657
AST-001183,0.2535051031947964,0.4137103397124088,0.5781410307304814,0.4151188245458955
AST-001184,0.38657065509275096,0.8822674172189521,0.9875648659836189,0.7521343127651073
AST-001185,0.9356914426384949,0.7624787705191921,0.8461621593223027,0.8481107908266633
AST-001186,0.0,0.9156408354947037,0.925320607591945,0.6136538143622162
AST-001187,0.6660318131721932,0.39175949377198643,0.894776289274776,0.6508558654063186
AST-001188,0.7127755315730976,0.5131182514523565,0.9744347550270133,0.7334428460174891
AST-001189,0.7523724001087649,0.5845122102169082,0.8649728526544738,0.7339524876600491
AST-001190,0.9119210893667931,0.7841293783891042,0.6498730542899523,0.7819745073486165
AST-001191,0.9326917929641652,0.8949348898449749,0.7617554577003827,0.8631273801698409
AST-001192,0.7125893481329517,0.8547316630112214,0.6739160291908994,0.7470790134450241
AST-001193,0.35945210871970995,0.4879887016749499,0.9339109067592066,0.5937839057179555
AST-001194,0.8646930008289521,0.1690787145765215,0.9335947525321208,0.6557888226458647
AST-001195,0.28593397829513684,0.22645083126797833,0.7107806143788183,0.40772180798064445
AST-001196,0.3343827804240723,0.8961136170194131,0.6497712898651634,0.6267558957695495
AST-001197,0.5227016354189951,0.17603188985375748,0.955671940396953,0.5514684885565685
AST-001198,0.5895364576552431,0.8246719365679371,0.7091001800986797,0.7077695247739534
AST-001199,0.17019824152371638,0.6467559957103539,0.9257736806037699,0.5809093059459468
AST-001200,0.7763437880288543,0.8289008854751376,0.7030909479220329,0.7694452071420083
AST-001201,0.0,0.2993713331009414,0.5732066829496688,0.29085933868353675
AST-001202,0.5920179952364224,0.5845699261709084,0.9757192607724704,0.7174357273932671
AST-001203,0.3991192478271504,0.5520085412238673,0.8004303288136259,0.5838527059548811
AST-001204,0.7372070121030724,0.9185152883891646,0.864371104314272,0.840031134935503
AST-001205,0.2927369639855256,0.5903036036025229,0.3987559448740944,0.4272655041540476
AST-001206,0.3911276790716041,0.4209082163966181,0.7711745524130377,0.52773681596042
AST-001207,0.5678611946090415,0.669838780226261,0.574902094467237,0.6042006897675131
AST-001208,0.7133170944739524,0.6056466623452393,0.8557744114917095,0.7249127227703004
AST-001209,0.7380051773065681,0.18675159314461695,0.7003020404976413,0.5416862703162755
AST-001210,0.5273316145328119,0.42739648501695854,0.5102757139118386,0.488334604487203
AST-001211,0.5725136433219165,0.5050314616455397,0.9949946079499682,0.6908465709724748
AST-001212,0.7110723215378089,0.6488362763736459,0.941281456402495,0.7670633514379833
AST-001213,0.47700507936123004,0.5727291899571185,0.9256300158462056,0.6584547617215181
AST-001214,0.5720769669483132,0.6302619242948219,0.7236826733233718,0.6420071881888356
AST-001215,0.5751044495608422,0.018912489588962595,0.9617511766760162,0.5185893719419403
AST-001216,0.20794260281137586,0.6388766638304487,0.7653616562252098,0.5373936409556781
AST-001217,0.519682442391484,0.5665924922476665,0.6881562688592815,0.5914770678328106
AST-001218,0.7191697940982045,0.7129025038046265,0.9156822935408404,0.7825848638145572
AST-001219,0.057777353429392296,0.8659372015365358,0.6167391978707758,0.5134845842789013
AST-001220,0.530021537051537,0.4352267521475046,0.7411015797948601,0.5687832896646339
AST-001221,0.612932835493422,0.5483114287363194,0.9397728453722728,0.7003390365340048
AST-001222,0.5882969314368571,0.8059518151816059,0.7677887363633171,0.7206791609939267
AST-001223,0.0,0.5833371824343087,0.645565089124171,0.40963409051949323
AST-001224,0.5591660701074919,0.9451540891762842,0.8163512376265482,0.7735571323034414
AST-001225,0.6220071647430213,0.6519113012797703,0.9723839095433837,0.7487674585220585
AST-001226,0.7910890026305523,0.37894360742340083,0.9615717321194169,0.7105347807244566
AST-001227,0.870944267507052,0.22685755212712877,0.52492029929126,0.5409073729751469
AST-001228,0.9043991174057163,0.6266166001389751,0.8975810908750734,0.8095322694732549
AST-001229,0.6696152564643195,0.6917330827584893,0.9564230546501007,0.7725904646243033
AST-001230,0.8872140810825506,0.5398598313005615,0.8763205967411462,0.7677981697080861
AST-001231,0.0,0.848238384524526,0.769736304419895,0.5393248963148071
AST-001232,0.3716426446230353,0.48052730539257954,0.6861590743412262,0.5127763414522803
AST-001233,0.789947800411965,0.6522668090362491,0.830564776064519,0.7575931285042442
AST-001234,0.0,0.5410870235685015,0.8601772524143337,0.46708809199427836
AST-001235,0.5975066023764806,0.3320269146812335,0.8748117554581177,0.6014484241719439
AST-001236,0.5550648327450567,0.5399658362385077,0.8707536550558344,0.6552614413464662
AST-001237,0.9258650024209878,0.797616902507036,0.7079068996266255,0.8104629348515497
AST-001238,0.606708550437502,0.3145980085629142,0.51091939553679,0.4774086515124021
AST-001239,0.24155874348491393,0.4516632512808121,0.9609169664373034,0.5513796537343431
AST-001240,0.7544380572295852,0.6462332905394766,0.720064870813487,0.7069120728608497
AST-001241,0.6179801151879206,0.16333453244050317,0.7897908699657294,0.5237018391980511
AST-001242,0.7958180719786274,0.1762584245853145,0.8866321069898018,0.6195695345179145
AST-001243,0.0,0.6952237380876315,0.7019120603579524,0.46571193281519463
AST-001244,0.7358899867461919,0.642748105130018,0.5250385386572243,0.634558876844478
AST-001245,0.8252199070327134,0.7495448656670853,0.8180473553870852,0.797604042695628
AST-001246,0.5024345590580712,0.7686170949620429,0.8617565660602837,0.7109360733601325
AST-001247,0.0,0.5631374038569664,0.9504961385890436,0.50454451414867
AST-001248,0.5438973929759578,0.6990084466658271,0.3984142301593407,0.5471066899337086
AST-001249,0.8293876326325806,0.5769029592076109,0.7815876521254375,0.729292747988543
AST-001250,0.29009744988528363,0.5354937374998138,0.9981151648858203,0.6079021174236393
AST-001251,0.7345627051987415,0.6623892098451065,0.8558701114354612,0.7509406754931031
AST-001252,0.5609031572502526,0.7592915099300888,0.8776632778840131,0.7326193150214516
AST-001253,0.782508279256017,0.7799131538272013,0.9521543234568957,0.8381919188467046
AST-001254,0.0,0.2910885886673574,0.4968157297636295,0.26263477281032893
AST-001255,0.7905223464083091,0.8780294576147745,0.8965499651772055,0.8550339230667631
AST-001256,0.49761932250459096,0.4059862975930901,0.9134160360261491,0.60567388537461
AST-001257,0.0,0.6446770871673991,0.9930961115616146,0.545924399576338
AST-001258,0.7820426386622302,0.4414392924270823,0.9089573813612684,0.7108131041501936
AST-001259,0.3251210115083808,0.489823495062507,0.4438623490011277,0.41960228519067183
AST-001260,0.6052395933246093,0.5245102293448356,0.6801537394507723,0.6033011873734058
AST-001261,0.6962576273841483,0.41554010363682786,0.5957851529310119,0.5691942946506626
AST-001262,0.5148729715706918,0.45332467809723415,0.9228511810047738,0.6303496102242332
AST-001263,0.7382717834206397,0.7479770727025032,0.7319142139731204,0.7393876900320877
AST-001264,0.9352245809127889,0.08737410616850054,0.9508487940957708,0.6578158270590201
AST-001265,0.713517083874847,0.6105892281297026,0.8142966731002137,0.7128009950349211
AST-001266,0.4382800086652031,0.08815463250073637,0.6226330506643843,0.38302256394344125
AST-001267,0.6671333134697967,0.3780137998464388,0.7579281522768657,0.6010250885310338
AST-001268,0.7029241848957976,0.7941109517617408,0.991326410299167,0.8294538489855685
AST-001269,0.6444174880752112,0.6754939077009551,0.6665890674698515,0.662166821082006
AST-001270,0.5816232945594171,0.6613811448871726,0.984797204558941,0.7426005480018437
AST-001271,0.7802638535670422,0.27812188207725497,0.33219120957306386,0.463525648405787
AST-001272,0.21304814801247982,0.5532471384106339,0.4447071570796808,0.4036674811675982
AST-001273,0.630345507203266,0.5974491933481441,0.9360707924190574,0.7212884976568225
AST-001274,0.6056722010648425,0.6278698411914344,0.8409319385921955,0.6914913269494908
AST-001275,0.5011185373652456,0.734086040242041,0.7808289849598151,0.6720111875223672
AST-001276,0.30360949121271025,0.6247644283659414,0.87416061715765,0.6008448455787673
AST-001277,0.394812400935717,0.5255696247846466,0.7221622898543318,0.5475147718582318
AST-001278,0.553091909140027,0.5659388981805086,0.6580826608505571,0.592371156057031
AST-001279,0.4719358871499131,0.530593380538963,0.7503653273728614,0.5842981983539125
AST-001280,0.34482213025923136,0.9405169754339125,0.6733528013872448,0.6528973023601297
AST-001281,0.3563076772741488,0.5686109477545574,0.6103488806401467,0.511755835222951
AST-001282,0.8930509914557644,0.5484924750087115,0.7386802751949176,0.7267412472197977
AST-001283,0.8352384457746238,0.9879089445645406,0.9518012851362349,0.9249828918251332
AST-001284,0.0,0.749037842023766,0.47334844638865303,0.40746209613747303
AST-001285,0.6457943379788752,0.7327742060313863,0.9722055255807742,0.7835913565303452
AST-001286,0.29455825452887147,0.24968167760055832,0.5941244164174249,0.37945478284895157
AST-001287,0.6891890314099519,0.408665656493465,0.5191385704721284,0.5389977527918485
AST-001288,0.7845918916117944,0.6319732172221993,0.6976597876737197,0.7047416321692378
AST-001289,0.4678173978899309,0.7930927695087682,0.9639768754432493,0.7416290142806495
AST-001290,0.8864775232603299,0.810302738536066,0.7235521778839096,0.8067774798934352
AST-001291,0.6838117781474652,0.8666557006346723,0.6074147552614799,0.719294078014539
AST-001292,0.7399630954156275,0.30358609567308,0.9704278163908515,0.6713256691598529
AST-001293,0.9041193699852237,0.8068428013363589,0.6457455844968542,0.7855692519394789
AST-001294,0.5202525190645784,0.7735950284569313,0.7549279946478468,0.6829251807231188
AST-001295,0.0,0.31669558452680613,0.7490791722995773,0.3552582522754612
AST-001296,0.39195945178905944,0.737822569335446,0.9194061059989759,0.6830627090411604
AST-001297,0.7859013971349599,0.6285375095236171,0.9271690685502134,0.7805359917362634
AST-001298,0.6211144773658347,0.6559910541434947,0.7158554595665554,0.6643203303586283
AST-001299,0.48279708220754447,0.5345493809911934,0.9970213922053873,0.6714559518013751
AST-001300,0.6010074788177152,0.6498505209105073,0.9814049179931662,0.7440876392404628
AST-001301,0.0,0.6113642740807292,0.9414855427807368,0.5176166056204887
AST-001302,0.776199452471256,0.8241481666520439,0.5131160313752288,0.7044878834995095
AST-001303,0.4254782644230356,0.757405204153451,0.9459378269638363,0.7096070985134411
AST-001304,0.29743780265715797,0.21770461212057685,0.6501357633149348,0.38842605936422325
AST-001305,0.5925562038165482,0.8352956134340944,0.6371885674595947,0.6883467949034126
AST-001306,0.0,0.3784172891091952,0.8941545571296279,0.42419061541294106
AST-001307,0.8714889660989421,0.32895576607672466,0.998245609392616,0.732896780522761
AST-001308,0.6434772603636623,0.4790133684613015,0.4536565363667219,0.5253823883972285
AST-001309,0.4099735763103561,0.5730731113869352,0.9971892092845396,0.6600786323272769
AST-001310,0.3245598627277572,0.1313059070248458,0.7705537223265261,0.4088064973597097
AST-001311,0.5110891909326465,0.23101094170713418,0.6251816017567936,0.45576057813219145
AST-001312,0.8844614349567155,0.3151302255148437,0.3608300743702324,0.5201405782805971
AST-001313,0.6934927199557042,0.5508812170822099,0.6281839667937398,0.6241859679438847
AST-001314,0.9037681803579255,0.7848240494732213,0.2446206006164688,0.6444042768158719
AST-001315,0.7830492737603763,0.6925063534907696,0.9806464448604149,0.8187340240371869
AST-001316,0.5474386480399177,0.4177707598648771,0.8453639673185777,0.6035244584077909
AST-001317,0.0,0.8062543603227623,0.8715684305713589,0.5592742636313738
AST-001318,0.0,0.6063982651425275,0.8712468822815899,0.4925483824747057
AST-001319,0.0,0.3909009155028322,0.8207016220586778,0.40386751252050335
AST-001320,0.716466174590178,0.6140502676007545,0.6023176076489581,0.6442780166132969
AST-001321,0.5484047722908899,0.7127815636407062,0.830850094278081,0.697345476736559
AST-001322,0.15227788869150483,0.3235971582542427,0.2678788429922645,0.24791796331267069
AST-001323,0.5888859118673954,0.3686659143714564,0.6919755988581344,0.5498424750323287
AST-001324,0.0,0.263336601122726,0.8335362025143943,0.36562426787904007
AST-001325,0.8721308814384305,0.3837577088925906,0.8275386090166966,0.6944757331159059
AST-001326,0.3605614496334163,0.2829855354128127,0.3474146174492914,0.33032053416517343
AST-001327,0.6563589625882695,0.7911402304718801,0.9607951067861304,0.8027647666154266
AST-001328,0.8517872042051073,0.5272147105039218,0.9383227709923547,0.7724415619004613
AST-001329,0.49909751741026853,0.984447117457504,0.8799029224181859,0.7878158524286528
AST-001330,0.0,0.4565334074051089,0.8307921336851948,0.4291085136967679
AST-001331,0.5717227596558629,0.18980952855494845,0.5614848988817394,0.4410057290308503
AST-001332,0.6187252817357004,0.6806873235952043,0.8746912360779057,0.7247012804696035
AST-001333,0.0,0.1859071696820557,0.7050157132220404,0.29697429430136535
AST-001334,0.5309471881404458,0.3326043048526988,0.8308051590965402,0.5647855506965617
AST-001335,0.6483788071734073,0.7111612956357976,0.9365259624817971,0.7653553550970007
AST-001336,0.28760852547840765,0.5438363173748927,0.9528233674773215,0.5947560701102073
AST-001337,0.4846406894413173,0.27845868730286605,0.9180684370465678,0.5603892712635837
AST-001338,0.8754039329691811,0.8358721672939865,0.7879537963803565,0.833076632214508
AST-001339,0.2133195894529546,0.34219990390504645,0.2569054756770368,0.2708083230116793
AST-001340,0.9084595258581477,0.3852346351636305,0.9305169925527341,0.7414037178581708
AST-001341,0.8258276777846895,0.18520538683328197,0.6216647180178624,0.5442325942119446
AST-001342,0.38905136565536613,0.15544675579881775,0.7719433397468783,0.43881382040035405
AST-001343,0.6884686286738331,0.47530219599808204,0.9406660496768623,0.7014789581162592
AST-001344,0.919465684548293,0.4110105220390777,0.852813177523143,0.727763128036838
AST-001345,0.5620106689879449,0.6457072012533571,0.9234163019241877,0.7103780573884966
AST-001346,0.7635346030644816,0.20773313156224257,0.825983167654059,0.5990836340935944
AST-001347,0.7781132348973132,0.6040468744513446,0.9410111897255511,0.7743904330247364
AST-001348,0.5743111562115423,0.7691579637416867,0.9952876100802583,0.779585576677829
AST-001349,0.4876857610445572,0.9448787210172673,0.872435479216433,0.7683333204260858
AST-001350,0.5586372968419662,0.9239733359839201,0.7954501770644747,0.759353603296787
AST-001351,0.6200575845943683,0.8466672831934696,0.8417237699109461,0.7694828792329279
AST-001352,0.38975447203858876,0.703762733844335,0.4240013580561155,0.505839521313013
AST-001353,0.39265170028009216,0.4834803911283125,0.5851240434351459,0.48708537828118353
AST-001354,0.6441023891313435,0.7041077505108808,0.4527256335442499,0.6003119243954914
AST-001355,0.5121918599929364,0.5495556136990247,0.9167981722244858,0.6595152153054823
AST-001356,0.28733525355681355,0.8862643795007734,0.8179539965194493,0.6638512098590121
AST-001357,0.9311627936435019,0.4279970080918172,0.4362059433870241,0.5984552483741145
AST-001358,0.34481898793917587,0.2507350934596375,0.9810733429694114,0.5255424747894083
AST-001359,0.5554312710443918,0.6681340719845931,0.9962483637970159,0.7399379022753335
AST-001360,0.3060746543188772,0.514336081773977,0.761937384895729,0.527449373662861
AST-001361,0.6250506737467508,0.5064871423032062,0.998232823151497,0.7099235464004847
AST-001362,0.0,0.41197419756127956,0.9121335120216512,0.4413692365276436
AST-001363,0.7911120300789155,0.6617623794616155,0.8972855528433683,0.7833866541279665
AST-001364,0.4520035826706863,0.44156683808369235,0.7174592916153132,0.5370099041232307
AST-001365,0.6792648855777346,0.719482040426255,0.9793647901861556,0.792703905396715
AST-001366,0.7454370409730303,0.44864495884226513,0.59128561927474,0.5951225396966785
AST-001367,0.5458048097835936,0.6106261622314337,0.7081609510583227,0.62153064102445
AST-001368,0.7336959881626447,0.7834872509972087,0.9403523553310418,0.8191785314969651
AST-001369,0.782898083105098,0.3324147744004965,0.25081147460164543,0.45537477736907994
AST-001370,0.5779434934382207,0.8279266406699013,0.9734938657551123,0.7931213332877448
AST-001371,0.5721631206003831,0.46680664617358986,0.858999370125445,0.6326563789664726
AST-001372,0.0,0.6436680137146739,0.945181208051063,0.5296164072552456
AST-001373,0.28561595487115876,0.7908126999405989,0.9405407438978823,0.6723231329032133
AST-001374,0.6860359565185257,0.5638254266036266,0.9903252443469964,0.7467288758230496
AST-001375,0.520470051636372,0.6602028331865373,0.8892087958629336,0.6899605602286143
AST-001376,0.4908266905816856,0.4554556357622992,0.5586695815435614,0.5016506359625154
AST-001377,0.8318239593539992,0.5740333740392061,0.7525306883449039,0.719462673912703
AST-001378,0.7702688222366366,0.6398220172290057,0.4259819372605368,0.6120242589087264
AST-001379,0.2823807551563756,0.45526465289656926,0.9433724993001081,0.5603393024510176
AST-001380,0.5763441216583371,0.06066479331622877,0.7518869616875898,0.4629652922207186
AST-001381,0.6458995265818779,0.5975526418371779,0.8409047514096963,0.6947856399429174
AST-001382,0.0,0.29588100616974494,0.9783152849358618,0.42473209703520226
AST-001383,0.4561764080873589,0.8115155209018352,0.758436057725829,0.6753759955716744
AST-001384,0.5766738864460784,0.18660124095611913,0.6143310613377154,0.4592020629133044
AST-001385,0.6369594055782238,0.5058906315710306,0.886753415427572,0.6765344841922755
AST-001386,0.668074289639967,0.3292608831170782,0.9527295336797564,0.6500215688122672
AST-001387,0.09598550576336497,0.14331505408887946,0.9297025209020141,0.3896676935847528
AST-001388,0.682555731237457,0.5692498675640255,0.7559125533604731,0.6692393840539852
AST-001389,0.5588541024071205,0.8008776811351609,0.8899295360339116,0.7498871065253976
AST-001390,0.0,0.7055050835458403,0.9636851117947444,0.5563967317801949
AST-001391,0.0,0.6317942387392925,0.9792720104431167,0.5370220830608031
AST-001392,0.599905347934372,0.4730264765023737,0.8533619428787615,0.6420979224385024
AST-001393,0.0,0.839368339755474,0.9554850376989629,0.598284459151479
AST-001394,0.6587291525683676,0.5805834857933686,0.999866096831184,0.7463929117309734
AST-001395,0.6578224655298557,0.6405938507500369,0.8517081830192454,0.716708166433046
AST-001396,0.6175920795513858,0.27399204671696875,0.8989578790794425,0.5968473351159324
AST-001397,0.6396997084828723,0.8012719812282372,0.9422135001343289,0.7943950632818128
AST-001398,0.5964500526026578,0.5835783262360428,0.9591470451550139,0.7130584746645715
AST-001399,0.20849767997866786,0.7891658896982475,0.6175797097023894,0.5384144264597682
AST-001400,0.8409969708128275,0.14251042452915977,0.8811725845440559,0.6215599932953477
AST-001401,0.5343996724678242,0.3544922465519485,0.5098576515612514,0.4662498568603413
AST-001402,0.06638204728992826,0.5517513777617801,0.9389033556146593,0.5190122602221225
AST-001403,0.7398645982847378,0.8229773095693766,0.9617885521021298,0.8415434866520815
AST-001404,0.07293786720276199,0.6898208271034539,0.9148774498719902,0.559212048059402
AST-001405,0.0,0.327750179288006,0.6974130334993971,0.34172107092913434
AST-001406,0.25184005126904774,0.5215141398493014,0.808243287124819,0.5271991594143893
AST-001407,0.8497013458064568,0.2529549420169992,0.5887614657248086,0.5638059178494216
AST-001408,0.2349565439730682,0.7678317788712257,0.9539630151760636,0.6522504460067858
AST-001409,0.8654985543973716,0.33812119525589607,0.7987540887383038,0.6674579461305239
AST-001410,0.702205558563948,0.8596112152978727,0.48412177971029846,0.6819795178573731
AST-001411,0.8210519040814165,0.48935978479269543,0.7662960777771957,0.6922359222171025
AST-001412,0.4740792814750895,0.26024430084715733,0.30165149061156765,0.3453250243112715
AST-001413,0.254411121081945,0.3367731131088595,0.929748735803546,0.5069776566647834
AST-001414,0.5764244544361241,0.5904968590093039,0.5979911624334713,0.5883041586262998
AST-001415,0.5235552275677057,0.1067119953766681,0.7467113593704265,0.45899286077160006
AST-001416,0.30856368984058175,0.14880704624465396,0.6198874482532878,0.35908606144617455
AST-001417,0.0,0.2808966710149018,0.7520851023122034,0.3443272577757017
AST-001418,0.3098005477335126,0.7720405847950979,0.7933345265512324,0.6250585530266143
AST-001419,0.0,0.4682290335718158,0.6407735681342572,0.36966753390202434
AST-001420,0.8920035237637962,0.6275332527106992,0.5734392943513597,0.697658690275285
AST-001421,0.9923470913573199,0.6538582283065705,0.9301966989143304,0.8588006728594069
AST-001422,0.5481948356144993,0.8238698158256661,0.9590395981444605,0.7770347498615419
AST-001423,0.6243311670936055,0.7164911621733279,0.7931746306026823,0.7113323199565386
AST-001424,0.544880712709803,0.568149583971212,0.9540471536006305,0.6890258167605485
AST-001425,0.8927947635141397,0.9046078469602562,0.9659405998479181,0.9211144034407713
AST-001426,0.0,0.8831037165463737,0.749757331320423,0.5442870159555989
AST-001427,0.5711532367121375,0.5465898040624488,0.7321047552774683,0.6166159320173515
AST-001428,0.5132511583659074,0.23123149932340836,0.9041603225820483,0.5495476600904546
AST-001429,0.6929371363301976,0.4073459988595958,0.9176139661951027,0.6726323671282987
AST-001430,0.43939436225451056,0.8748333102345996,0.945917018470846,0.7533815636533188
AST-001431,0.5267372533236918,0.22555044581004652,0.631679982920979,0.4613225606849058
AST-001432,0.307107357995388,0.5206366242381635,0.4425088994624229,0.42341762723199144
AST-001433,0.0,0.8775271180944675,0.8361096340243137,0.5712122507062604
AST-001434,0.0,0.8370085089809995,0.5339885160507564,0.4569990083439186
AST-001435,0.6833382228284908,0.7428142369437343,0.7739289161737293,0.7333604586486514
AST-001436,0.19899590468821374,0.5766909719232562,0.7236144348693648,0.49976710382694495
AST-001437,0.9072999836825749,0.6009048477380972,0.8516303691052113,0.7866117335086278
AST-001438,0.30388958052004555,0.7841634933548536,0.8033133588872791,0.6304554775873927
AST-001439,0.03825007769467913,0.32965309614094773,0.43166284576632924,0.26652200653398533
AST-001440,0.6315924764245321,0.8400938186762881,0.9860864032600221,0.8192575661202808
AST-001441,0.12184385807962125,0.7988408045142191,0.6237241488702819,0.5148029371547075
AST-001442,0.2837236845823066,0.3938539010226908,0.9429202874685177,0.5401659576911717
AST-001443,0.6780016151581525,0.547362186721576,0.7522738509102198,0.6592125509299828
AST-001444,0.04815403437054167,0.559601449172,0.7538788887613392,0.4538781241012937
AST-001445,0.7098263567856546,0.44042145733025806,0.4478990721136201,0.5327156287431776
AST-001446,0.4855541964194581,0.7590104575273341,0.6697222373162443,0.6380956304210121
AST-001447,0.27726096600053635,0.5913845733953399,0.5428061879840544,0.47048390912664356
AST-001448,0.0,0.5467088487627555,0.9786258280130256,0.5084448922585937
AST-001449,0.70852117400646,0.8577635109863562,0.7556600467375995,0.7739815772434718
AST-001450,0.357142478936757,0.26806565915035,0.9697388497883845,0.5316489959584972
AST-001451,0.6135628046722442,0.8347116779985033,0.6820123305460059,0.7100956044055845
AST-001452,0.641843478227537,0.48848269195804467,0.8977796325324533,0.6760352675726783
AST-001453,0.33565036729736614,0.65695698924176,0.9944894524787279,0.6623656030059514
AST-001454,0.41578066509943346,0.33899501913120633,0.6954473075129671,0.48340766391453566
AST-001455,0.14436586121757086,0.5976803668161861,0.47366339147430125,0.40523653983601937
AST-001456,0.0,0.6605652507749816,0.7930680800988509,0.48454444362461085
AST-001457,0.8308353243782969,0.5915098572428406,0.9271980288202147,0.7831810701471174
AST-001458,0.755605051774151,0.656020584904945,0.5608512473866155,0.6574922946885705
AST-001459,0.46228899239266824,0.479981190050616,0.42758948173026706,0.4566198880578504
AST-001460,0.522068810146112,0.2848325347085973,0.9508212136908646,0.5859075195151914
AST-001461,0.0,0.8076353158057814,0.5174028843293882,0.4416794000450565
AST-001462,0.9363748690381264,0.8553399450552557,0.9126334369692831,0.9014494170208884
AST-001463,0.5246355137816751,0.9345548434715021,0.948791171157979,0.8026605094703854
AST-001464,0.5553211041913003,0.39768203991514034,0.33822040296724787,0.43040784902456286
AST-001465,0.339472707599039,0.6297148643309936,0.6344661977506393,0.534551256560224
AST-001466,0.08666295097784245,0.28092010304291554,0.6698521994452066,0.34581175115532153
AST-001467,0.46497929964673707,0.49301821460691647,0.7832611698611418,0.5804195613715984
AST-001468,0.8843087630392904,0.9624762277431499,0.6524786835549501,0.8330878914457968
AST-001469,0.18960366082131952,0.6696326144093625,0.2796783407236681,0.3796382053181167
AST-001470,0.6915078819804645,0.6214855015691702,0.8967385550681835,0.7365773128726061
AST-001471,0.5002429329864383,0.2535241164505976,0.7060066861827778,0.4865912452066046
AST-001472,0.3412076224815672,0.21870502535711553,0.3042816319622213,0.28806475993363473
AST-001473,0.4486461586526002,0.3445367278327567,0.5545177748531995,0.44923355377951885
AST-001474,0.6097279838586148,0.7974315884765966,0.9535311429900147,0.7868969051084087
AST-001475,0.7316330491288349,0.8177146723349402,0.9767578593663846,0.8420351936100531
AST-001476,0.0,0.44528364258309217,0.6588097905463755,0.3680311443764892
AST-001477,0.6457635412061066,0.9304228905301873,0.9576316746350795,0.8446060354571244
AST-001478,0.5504828706719942,0.27762797448927284,0.905735592654867,0.5779488126053781
AST-001479,0.216229719764698,0.8280093604172639,0.9578779627505012,0.6673723476441543
AST-001480,0.0,0.062374042495496065,0.9694001307385328,0.343924724411343
AST-001481,0.7383788352107401,0.6482002174017322,0.9483218323708972,0.7783002949944565
AST-001482,0.5430104219327315,0.14827067965623178,0.43190037086866145,0.3743938241525416
AST-001483,0.0,0.956353500828127,0.06419180919959638,0.3401817700092411
AST-001484,0.47342222356729347,0.578771896066647,0.8751049080987199,0.6424330092442202
AST-001485,0.7644232198349272,0.739729966916049,0.9989754903665511,0.8343762257058424
AST-001486,0.27462684115953645,0.6993664502340317,0.18536390277820122,0.38645239805725645
AST-001487,0.6241052497219077,0.8358784109689598,0.35366752272091145,0.604550394470593
AST-001488,0.7442650978030171,0.4469940442214433,0.42372616686077347,0.5383284362950779
AST-001489,0.421155924939956,0.6825712460809411,0.8936624010934389,0.665796524038112
AST-001490,0.659315919271357,0.3234004248428043,0.8734439319085191,0.6187200920075601
AST-001491,0.8006192467843963,0.5899995444710772,0.6032511068666576,0.6646232993740436
AST-001492,0.44716377659756557,0.8612559670674474,0.4665339316880081,0.5916512251176737
AST-001493,0.4241924484435706,0.5527967782065288,0.9948492689986466,0.657279498549582
AST-001494,0.7283740689501876,0.3824513411012218,0.5460733667852226,0.5522995922788773
AST-001495,0.6855863014016892,0.711603893037983,0.8517013047437068,0.7496304997277928
AST-001496,0.0,0.3785116196937726,0.869036245939288,0.4158492885443535
AST-001497,0.300676872275147,0.848653450704208,0.5138210152903061,0.5543837794232204
AST-001498,0.0,0.4441081897618665,0.4975197879197308,0.3138759925605324
AST-001499,0.6199776261211303,0.3938257254476657,0.7331115538085875,0.5823049684591278
AST-001500,0.6687057667408581,0.3864611939728384,0.8640403845734553,0.639735781762384
AST-001501,0.8013715380023289,0.5112757803290455,0.9541166923826325,0.7555880035713356
AST-001502,0.8544362439499646,0.6541791527300881,0.7923627090742891,0.766992701918114
AST-001503,0.0,0.5453842247788124,0.780948388727807,0.4421108711688732
AST-001504,0.5562095879586637,0.28401650669043216,0.8497807323993252,0.5633356090161403
AST-001505,0.3156419669944014,0.7281433884592386,0.5197469436938423,0.5211774330491608
AST-001506,0.8184704542011879,0.5827080897642479,0.8336770024238677,0.7449518487964345
AST-001507,0.7781206865946584,0.7071130844475323,0.528756295014533,0.6713300220189078
AST-001508,0.707402935611818,0.7942479804643336,0.8572313543206008,0.7862940901322508
AST-001509,0.0,0.32900350629288555,0.26028959163504556,0.19643103264264372
AST-001510,0.6107249125900178,0.6063219567844542,0.41421945132535515,0.5437554402332757
AST-001511,0.7823387254391836,0.6165976821799782,0.4222834130309254,0.6070732735500292
AST-001512,0.0,0.6621235618236572,0.8431769012216872,0.5017668210151148
AST-001513,0.8668715528014389,0.6305994193060959,0.583060129662221,0.6935103672565853
AST-001514,0.8561988246965571,0.6595372871754777,0.8250403715546981,0.780258827808911
AST-001515,0.6926901966723497,0.19749466134458274,0.6819967403857395,0.5240605328008906
AST-001516,0.8636629939763628,0.6270067042743297,0.9642756110849356,0.818315103111876
AST-001517,0.4716917253630852,0.5626859352145173,0.8796496829201595,0.638009114499254
AST-001518,0.0,0.3200522247975749,0.8511037963504187,0.3903853403826645
AST-001519,0.2789931679596807,0.21900806680742074,0.6873979681768931,0.3951330676479982
AST-001520,0.8003013870619988,0.5885761441216514,0.9818552627439788,0.790244264642543
AST-001521,0.0,0.8810712365177307,0.9839216156396925,0.6216642840524744
AST-001522,0.6390661384526531,0.8315623413439462,0.8099055351505244,0.7601780049823746
AST-001523,0.2574070275639247,0.3171504686392314,0.8467176414003558,0.4737583792011706
AST-001524,0.2894478393277063,0.26046166757522277,0.7714732074819154,0.44046090479494815
AST-001525,0.5734558305041685,0.5102967548853026,0.9215058948605277,0.6684194934166663
AST-001526,0.6850937959799388,0.557480848219744,0.7440791845285666,0.6622179429094165
AST-001527,0.7279465793682687,0.8439989133637043,0.7228560623436189,0.7649338516918639
AST-001528,0.6136706819678734,0.40457950911032575,0.9508409402148816,0.6563637104310269
AST-001529,0.4095513262994231,0.19880546339443914,0.5195627066386719,0.375973165444178
AST-001530,0.0,0.35337035641919856,0.6686895067781016,0.3406866210657667
AST-001531,0.7277146708432652,0.30100531689909593,0.8497467075771367,0.6261555651064993
AST-001532,0.8068013196504269,0.6731503061896057,0.8699435452163609,0.783298390352131
AST-001533,0.5750940249985949,0.6595433726162232,0.39818667042787886,0.5442746893475657
AST-001534,0.647881576394363,0.8360699571954769,0.9203097501219398,0.8014204279039266
AST-001535,0.0,0.5851093286907227,0.8278122719052841,0.4709738668653356
AST-001536,0.11016249628135545,0.29724477585782283,0.6866514847986428,0.36468625231260704
AST-001537,0.3626376567739305,0.4774043506237725,0.6419067134757872,0.4939829069578301
AST-001538,0.6018868267364372,0.7875682908617397,0.9877543531318984,0.792403156910025
AST-001539,0.20668164757804083,0.06379873814253131,0.09249204194373625,0.12099080922143612
AST-001540,0.586260045117043,0.8289086032513495,0.491958127270887,0.6357089252130932
AST-001541,0.674070133839777,0.04956465315699713,0.8304491799410938,0.5180279889792893
AST-001542,0.5254966870518147,0.9319930613257562,0.9685838459603354,0.8086911981126353
AST-001543,0.37152789836977135,0.4140520926293097,0.8610897030364261,0.5488898980118356
AST-001544,0.5814607058052375,0.42428581908534807,0.9559965045252211,0.6539143431386022
AST-001545,0.4548112631913524,0.7151878948181406,0.8729223226989161,0.6809738269028031
AST-001546,0.4152522552447167,0.2634887700969823,0.7253708198138702,0.46803728171852305
AST-001547,0.4968941154837809,0.3415007968061254,0.48367349685202926,0.4406894697139785
AST-001548,0.5362117776596638,0.3712148968363362,0.8703836855043274,0.5926034533334424
AST-001549,0.7110713988075995,0.7053552471165677,0.9631286635000044,0.7931851031413905
AST-001550,0.8476727944566119,0.2184112192821359,0.7945023536680219,0.6201954558022565
AST-001551,0.7259078231006503,0.07370074072828899,0.7323270519801741,0.5106452052697045
AST-001552,0.0,0.6274668756171845,0.3032778121421505,0.3102482292531117
AST-001553,0.27267699312410204,0.3899082743046939,0.6868911238896895,0.4498254637728285
AST-001554,0.46321861404401116,0.8119438716548211,0.8811832231762861,0.7187819029583727
AST-001555,0.4420311727346653,0.7387757666575998,0.8862270160075956,0.6890113184666203
AST-001556,0.0,0.6610611254822439,0.6190823453847029,0.4267144902889823
AST-001557,0.7641187393681983,0.7379175979480703,0.7678577940960573,0.7566313771374419
AST-001558,0.6509333768638744,0.9238271755967044,0.9968513717224795,0.8572039747276862
AST-001559,0.706491743260668,0.5295260112884207,0.17744520415963094,0.47115431956957315
AST-001560,0.04569119750982844,0.35834359091256474,0.47942865204533625,0.29448781348924313
AST-001561,0.7885835440718483,0.5233956872103577,0.9851585065627825,0.7657125792816628
AST-001562,0.4291398067465008,0.6947839522765896,0.9202317244354585,0.6813851611528495
AST-001563,0.9564478004759037,0.7266529270477707,0.9618678567251061,0.8816561947495934
AST-001564,0.7219670673028016,0.7743070926925565,0.8246932922239412,0.773655817406433
AST-001565,0.7355614732065346,0.4159083860931256,0.7389389590598809,0.6301362727865137
AST-001566,0.0,0.4434074429711721,0.595742658116235,0.3463833670291357
AST-001567,0.5889853877901359,0.20157179732804464,0.34463851093250353,0.37839856535022803
AST-001568,0.7108031997591809,0.5208350001566052,0.9394668567080813,0.7237016855412891
AST-001569,0.0,0.6943187020748119,0.449180563152845,0.38116642174255233
AST-001570,0.98071702040796,0.407793499798851,0.664402680200344,0.6843044001357184
AST-001571,0.7843982320636307,0.5409011141840683,0.8400225683455699,0.7217739715310896
AST-001572,0.19162286686444127,0.22101348291721204,0.9088061065669051,0.4404808187828528
AST-001573,0.6137439666034318,0.6045664808434893,0.5378266846226366,0.585379044023186
AST-001574,0.6722153694575651,0.23184220436496,0.5737979321472552,0.49261850198992674
AST-001575,0.551011681684142,0.5287166985156533,0.3741084929948843,0.4846122910648933
AST-001576,0.3558387168881633,0.7131090723437766,0.6970416899722788,0.5886631597347396
AST-001577,0.6110351596679713,0.8510012449334584,0.5515910356264447,0.6712091467426248
AST-001578,0.6800591796153413,0.16727175391842372,0.39274867408265585,0.41335986920547363
AST-001579,0.09221422898784441,0.5647980424811757,0.75184075969362,0.46961767705421337
AST-001580,0.7802580366105203,0.8103140863057569,0.9132283293538339,0.8346001507567037
AST-001581,0.7490490291976281,0.5813700805383941,0.9173717092276167,0.7492636063212129
AST-001582,0.6711593442633046,0.6345788693162142,0.6505182920679824,0.6520855018825004
AST-001583,0.0,0.5623372096212248,0.9197915202725152,0.49404290996458
AST-001584,0.36231938755778353,0.7485897237508584,0.8351696129011547,0.6486929080699322
AST-001585,0.6398540743029867,0.5540147596995901,0.9298122111080492,0.707893681703542
AST-001586,0.0,0.8326030699775457,0.42463890483486155,0.41908065827080243
AST-001587,0.9053711179365346,0.3362623077635273,0.5698713519991538,0.6038349258997385
AST-001588,0.8128745264247977,0.3714109486494372,0.6010809835880083,0.5951221528874143
AST-001589,0.2698815691961724,0.0860455882998297,0.6307126375163523,0.32887993167078483
AST-001590,0.4846185973594238,0.6275068835605853,0.6898517068457218,0.6006590625885769
AST-001591,0.6208577130236727,0.6123685968139084,0.8832531716732124,0.7054931605035978
AST-001592,0.5752938330201199,0.8484645237953343,0.9806275551170768,0.8014619706441771
AST-001593,0.6586952102869119,0.2978781063733851,0.7638038635156026,0.5734590600586332
AST-001594,0.14244821717303585,0.47188312160706763,0.4562092399111123,0.35684685956373857
AST-001595,0.5758070166281817,0.6783363656460019,0.843913334754956,0.6993522390097131
AST-001596,0.7361789616535356,0.6624378062228689,0.9751620835143162,0.7912596171302401
AST-001597,0.0,0.7985804613668314,0.9279477569459873,0.5755094061042728
AST-001598,0.2712459110527876,0.7567509594800725,0.8695133339055685,0.6325034014794763
AST-001599,0.7397645431807495,0.25582719561848244,0.6517181459436402,0.5491032949142908
AST-001600,0.7418020666115163,0.5726141790062707,0.9179502055549463,0.7441221503909111
AST-001601,0.7543789766712443,0.3037633125850457,0.7378173240576675,0.5986532044379859
AST-001602,0.9110478041262163,0.14524803729358055,0.8134693625537408,0.6232550679911792
AST-001603,0.7619678553781412,0.12032413109306885,0.9931837619188537,0.6251585827966879
AST-001604,0.5449954285349111,0.3026869209298809,0.16702596855296845,0.3382361060059202
AST-001605,0.0,0.607135673063168,0.9825954354790551,0.5299103695140744
AST-001606,0.6054079896002706,0.5823318954087525,0.8285396000718575,0.6720931616936268
AST-001607,0.5086687676280118,0.4319170260995643,0.9489411799241164,0.6298423245505642
AST-001608,0.4249684752150914,0.9413163900273532,0.9934858490758057,0.7865902381060835
AST-001609,0.6401385810116165,0.7399212549715112,0.6597435024940195,0.6799344461590491
AST-001610,0.36243881615538737,0.20345239140007004,0.8244269342540238,0.4634393806031604
AST-001611,0.8925816625263966,0.8569128498721565,0.8616011249656124,0.8703652124547219
AST-001612,0.8471851672530999,0.34362784562476234,0.6486418398314924,0.6131516175697849
AST-001613,0.6382639178681239,0.3437900580263627,0.9076500978137292,0.6299013579027386
AST-001614,0.8497358127250128,0.5328504982259967,0.30370443013666637,0.5620969136958919
AST-001615,0.6650479143053813,0.7230716445803863,0.9532487876884284,0.780456115524732
AST-001616,0.1988932777392431,0.24957588816904255,0.9297947063712957,0.4594212907598605
AST-001617,0.5652866772006206,0.9012497002245873,0.9764121434394354,0.8143161736215477
AST-001618,0.42338072715099856,0.3709106916273822,0.7624720776538118,0.5189211654773974
AST-001619,0.8681684334358087,0.8020810644988746,0.9791012997694666,0.88311693256805
AST-001620,0.36336221128605384,0.3938515264930957,0.7586706487746161,0.5052947955179219
AST-001621,0.5334436216799427,0.594253151784115,0.8866340225732471,0.6714435986791015
AST-001622,0.7430497351033573,0.6029282134817516,0.9692306232320236,0.7717361906057109
AST-001623,0.7079406863837985,0.586149478522611,0.8291795551665353,0.7077565733576483
AST-001624,0.4150442155525372,0.5909654466731556,0.6060409079584773,0.5373501900613901
AST-001625,0.0,0.5033020382400677,0.790465855299728,0.43125596451326526
AST-001626,0.7210643444928511,0.4787757940457196,0.9362205257637187,0.7120202214340964
AST-001627,0.5923024373317451,0.6036887126399137,0.5580233468940777,0.5846714989552456
AST-001628,0.4115850814072698,0.3548279503812853,0.7373580685535152,0.5012570334473567
AST-001629,0.9269328776681722,0.617364492593018,0.8620673928153118,0.8021215876921673
AST-001630,0.7532152918151255,0.775513556947411,0.9926614126335555,0.8404634204653639
AST-001631,0.0,0.30667514594854,0.937433976448241,0.414703040798927
AST-001632,0.7337856073780608,0.6754394980582162,0.9130496247015267,0.7740915767126012
AST-001633,0.2117045129048244,0.8827051901016078,0.7246760458137997,0.6063619162734106
AST-001634,0.5850939584071064,0.4841119777721738,0.13840026905394429,0.4025354017444082
AST-001635,0.6405416169953979,0.7985474792767145,0.9255330722557746,0.7882073895092958
AST-001636,0.563023485567265,0.8012232821880217,0.8531014600076319,0.7391160759209728
AST-001637,0.4887891092836707,0.431389714863106,0.8432425311432065,0.5878071184299944
AST-001638,0.6360623097282657,0.7946299921836025,0.9809049813754924,0.8038657610957869
AST-001639,0.7955111047233361,0.4993335490833757,0.6727011348290346,0.6558485962119155
AST-001640,0.6069673439997753,0.7711897262033681,0.982671363473299,0.7869428112254808
AST-001641,0.8229659948330005,0.6959778836598772,0.6591936992954602,0.7260458592627793
AST-001642,0.7255871931383417,0.5101848991498084,0.9140937771307205,0.7166219564729568
AST-001643,0.5882341228150283,0.9522993445858088,0.953404244233607,0.8313125705448147
AST-001644,0.38995826572298214,0.4915866827233786,0.7345678999856429,0.5387042828106678
AST-001645,0.549343982055569,0.35773751265077863,0.7137142018776926,0.5402652321946801
AST-001646,0.0,0.38250577015643594,0.278557450711377,0.22035440695593764
AST-001647,0.05071971342355031,0.7484272156836269,0.9663765839955372,0.5885078377009049
AST-001648,0.6592572406801345,0.8702212456469424,0.3935976761585867,0.6410253874952212
AST-001649,0.6022696762284,0.6755854007329232,0.982873947782312,0.7535763415812117
AST-001650,0.7814048227681735,0.9678183094913081,0.4571355734054077,0.7354529018882965
AST-001651,0.3062742099937427,0.3558742648189008,0.20089346791878646,0.28768064757714334
AST-001652,0.0,0.7473150905511197,0.9962998693385827,0.5812049866299008
AST-001653,0.7997697443330065,0.5824417617723957,0.9915106245470066,0.7912407102174696
AST-001654,0.5529905742450054,0.3831576007640654,0.8715837423000725,0.6025773057697145
AST-001655,0.9095463648385312,0.37426558063653376,0.8904085507006105,0.7247401653918919
AST-001656,0.517050230951872,0.8174298140548474,0.9486457288988288,0.7610419246351827
AST-001657,0.6080875960372197,0.4920588964360817,0.6503445472089159,0.5834970132274058
AST-001658,0.5600445407720821,0.8111511415224039,0.6084312669046539,0.6598756497330466
AST-001659,0.8856451160200489,0.5656410198046776,0.8521942636326844,0.767826799819137
AST-001660,0.3242004752868716,0.28427240683828686,0.7721717009502437,0.46021486102513404
AST-001661,0.8924625527205376,0.325485486633721,0.6391531398395768,0.6190337263979452
AST-001662,0.637545515917872,0.615237082260647,0.9108585782187848,0.721213725465768
AST-001663,0.4692528253279413,0.3956066740163503,0.801390429908754,0.5554166430843486
AST-001664,0.16850253235851667,0.6448073260086673,0.5265636368634959,0.4466244984102266
AST-001665,0.2270492134708873,0.5445094213144035,0.8925823475920486,0.5547136607924464
AST-001666,0.6200240711473113,0.30885434282578694,0.42310665614636733,0.45066169003982187
AST-001667,0.0,0.4630388420885016,0.8419743888402166,0.4350044103095727
AST-001668,0.6261948332885381,0.6435501380293146,0.9675233708134918,0.7457561140437815
AST-001669,0.7414986799513846,0.7309555905994128,0.8299684030278051,0.7674742245262008
AST-001670,0.8709469986000595,0.6023410831958033,0.8578683255748077,0.7770521357902235
AST-001671,0.8504282447365312,0.6908640407225746,0.5256528975902125,0.6889817276831062
AST-001672,0.8001113221747335,0.6758344695971042,0.7782966751320785,0.7514141556346386
AST-001673,0.5036620883639085,0.47768070582507227,0.9092217911388892,0.63018819510929
AST-001674,0.1279101874945102,0.279692418472029,0.9031573399106985,0.4369199819590792
AST-001675,0.40044332449084014,0.21345490550372156,0.5738205865745661,0.39590627218970925
AST-001676,0.6536543250412064,0.8483979972919321,0.8360581182871988,0.7793701468734456
AST-001677,0.9435549411875666,0.49670763259893946,0.8553377870921619,0.7652001202928892
AST-001678,0.26400346935749985,0.6572872210040492,0.9958951742394369,0.6390619548669952
AST-001679,0.2488562262673343,0.3493564036849328,0.5649814992066224,0.38773137638629657
AST-001680,0.8629511418971485,0.7240575207093516,0.9133254816101256,0.8334447147388753
AST-001681,0.33854696125004263,0.3448140158983365,0.11311834565843079,0.26549310760226996
AST-001682,0.2641490732637089,0.9462007844067514,0.9585311219796258,0.7229603265500287
AST-001683,0.0,0.8349510449761104,0.26296049081036127,0.3659705119288239
AST-001684,0.43381250423978635,0.9142537699863613,0.7068442101357827,0.6849701614539768
AST-001685,0.0,0.8152456113613241,0.7654443734730262,0.5268966616114501
AST-001686,0.6208006387459739,0.6879781574256838,0.9418520507441376,0.7502102823052651
AST-001687,0.48270079674112804,0.07089304005170177,0.9131486443429713,0.4889141603786003
AST-001688,0.7369324385884296,0.6800020718984598,0.9821654044124598,0.7996999716331165
AST-001689,0.6727962082631436,0.49583444629948,0.8984945353674314,0.6890417299766849
AST-001690,0.2461265967133292,0.2297038061103776,0.7285729261498959,0.40146777632453423
AST-001691,0.47991581094595825,0.4533975013309576,0.8788269804354977,0.6040467642374712
AST-001692,0.14603390164915991,0.6024742752349118,0.6571610739261443,0.4685564169367387
AST-001693,0.6012558731502058,0.44271736161452974,0.8446531909162351,0.6295421418936569
AST-001694,0.09953202463394897,0.875156066584923,0.302789044006553,0.4258257117418083
AST-001695,0.4084973857174775,0.47230257537185516,0.613643062938656,0.49814767467599624
AST-001696,0.6485586495408424,0.7545164516385026,0.8500434763198356,0.7510395258330602
AST-001697,0.9640384308737793,0.470173889227665,0.9969477650390149,0.8103866950468198
AST-001698,0.23245036373102326,0.7426240498715488,0.9625238241531618,0.6458660792519113
AST-001699,0.5476974393566005,0.8199944295401955,0.6441514194596171,0.6706144294521378
AST-001700,0.5089399335596039,0.4057113170306858,0.8162622665955527,0.5769711723952807
AST-001701,0.8112325562650586,0.45087546352840346,0.8063813208165214,0.6894964468699945
AST-001702,0.5120935096988786,0.6078216397592098,0.994163931167221,0.7046930268751032
AST-001703,0.42400864896129065,0.4386289467018909,0.2825710119590111,0.3817362025407309
AST-001704,0.3602445135287321,0.3524295469556307,0.6310681619549293,0.4479140741464307
AST-001705,0.0,0.5695653948029114,0.4842062556602496,0.35125721682105365
AST-001706,0.8624076658426912,0.5254350787863467,0.7726202319305671,0.7201543255198684
AST-001707,0.7016711976019198,0.05252223308159214,0.2723993720785539,0.34219760092068857
AST-001708,0.0,0.717114201420465,0.807921484679395,0.5083452286999534
AST-001709,0.7570423817683697,0.540477143507776,0.9371978390318535,0.7449057881026664
AST-001710,0.2963284895462708,0.3299439608379763,0.9383274311338752,0.5215332938393741
AST-001711,0.932019459022354,0.8061999920870639,0.9742972947867056,0.9041722486320412
AST-001712,0.24012609116160322,0.6888847784297774,0.7085267100437271,0.5458458598783692
AST-001713,0.5424017437313468,0.25126479001052526,0.8572373607044912,0.5503012981487877
AST-001714,0.2722753590440998,0.4866268727877327,0.6740393004605512,0.4776471774307945
AST-001715,0.0,0.6799749140707669,0.5705380012034201,0.41683763842472904
AST-001716,0.7584816085626545,0.4735682207546851,0.7677579008171957,0.6666025767115118
AST-001717,0.7605048874893888,0.8535620946320128,0.720622918356019,0.7782299668258069
AST-001718,0.7856267619970408,0.49936699451834965,0.7316596923582336,0.6722178162912079
AST-001719,0.21249930783787496,0.8152216866229717,0.7848103969934406,0.6041771304847624
AST-001720,0.8923937991224915,0.904806105317214,0.7399705033463804,0.8457234692620285
AST-001721,0.1430588162108256,0.77707910158663,0.7753334630958204,0.5651571269644253
AST-001722,0.0,0.7907521382505618,0.9523960639819541,0.5810494007441719
AST-001723,0.0,0.4104647298946591,0.9893100258260441,0.4665915852402344
AST-001724,0.8444684549543023,0.7079236164766263,0.8756944827407097,0.8093621847238794
AST-001725,0.9019002012200175,0.47184399597171384,0.6738902691739805,0.6825448221219039
AST-001726,0.8876306583623359,0.6959288047820165,0.8919223566952805,0.825160606613211
AST-001727,0.7289271942261782,0.803077807538255,0.9827231972438858,0.838242733002773
AST-001728,0.705471398157459,0.3893474824587784,0.8396351623731125,0.6448180143297834
AST-001729,0.527839199089582,0.2628849277868007,0.49469016361833734,0.4284714301649067
AST-001730,0.4485549073270276,0.6250212788504376,0.8248097973876131,0.632795327855026
AST-001731,0.7785036949364901,0.7116248005201199,0.8177596688265021,0.7692960547610372
AST-001732,0.2550296316452758,0.47434193685465764,0.602400289811009,0.4439239527703142
AST-001733,0.0,0.29516535992387727,0.8659574091187039,0.38704092301419374
AST-001734,0.46467966879857087,0.615722233086493,0.6678591483995745,0.5827536834282129
AST-001735,0.6614548316041933,0.15636380216308235,0.47088922569550856,0.4295692864875947
AST-001736,0.7700958365645875,0.34896963725481195,0.9054383273579186,0.6748346003924394
AST-001737,0.6321420927191718,0.6993293203719635,0.9156812222287676,0.7490508784399675
AST-001738,0.14429037532653916,0.4768922453645532,0.3348083979876051,0.31866367289289915
AST-001739,0.6870366652982243,0.452453140129893,0.6439484345958272,0.5944794133413148
AST-001740,0.9680173997527576,0.6232459010908137,0.9919504054817341,0.8610712354417686
AST-001741,0.5492161045893228,0.4505302130373441,0.49853853259693987,0.49942828340786893
AST-001742,0.7892658965805214,0.7619880476777807,0.687658956721149,0.7463043003264836
AST-001743,0.9435556297116422,0.9452060097787849,0.8850595790634183,0.9246070728512817
AST-001744,0.6176227872338352,0.5340741500746902,0.9070505654106965,0.6862491675730739
AST-001745,0.5535563783526077,0.747611942863855,0.24446006077221102,0.5152094606628913
AST-001746,0.6993011894370657,0.3185388749979875,0.9625973623712788,0.660145808935444
AST-001747,0.5522440616462514,0.7459315366995444,0.8305412813645819,0.7095722932367926
AST-001748,0.9224565850538635,0.6016039121862298,0.9199772056140854,0.8146792342847262
AST-001749,0.5637539195781532,0.649178780048314,0.9825765814196066,0.731836427015358
AST-001750,0.8693741602046242,0.9219474373475292,0.8020272117442147,0.8644496030987895
AST-001751,0.5659836344790838,0.5109428405793072,0.7019198198359107,0.5929487649647672
AST-001752,0.9229018808132561,0.8997197461390719,0.6294902592662042,0.8173706287395107
AST-001753,0.48704126845313345,0.6139406011982375,0.9700526664042266,0.6903448453518658
AST-001754,0.345798960583739,0.717946296582546,0.741642360492165,0.6017958725528167
AST-001755,0.8498224556166545,0.4078669597126522,0.37115087269355523,0.5429467626742873
AST-001756,0.6417577557781011,0.05213015457016003,0.7537450085090746,0.48254430628577855
AST-001757,0.6835076963467023,0.7387931542320008,0.7864668717642102,0.7362559074476377
AST-001758,0.0,0.49069837646294023,0.9796299871970983,0.49010945455334615
AST-001759,0.6846594945822898,0.5036316300218081,0.7722626421290436,0.6535179222443804
AST-001760,0.7760733897798024,0.49079085213474427,0.9808390326159907,0.7492344248435124
AST-001761,0.5555093569216638,0.296347836135594,0.8991999373201125,0.5836857101257901
AST-001762,0.4346911629494202,0.5842664588691033,0.887412285619373,0.6354566358126322
AST-001763,0.2564131761204333,0.4786164741783341,0.9251880144311198,0.5534058882432957
AST-001764,0.9035813898813942,0.7977113863616716,0.573248128687641,0.758180301643569
AST-001765,0.7820072361013604,0.22673745058628716,0.9636766128350565,0.657473766507568
AST-001766,0.8439777665981302,0.6900871019315298,0.9902455076027251,0.8414367920441284
AST-001767,0.28597326858856315,0.504516320743125,0.3907676887635414,0.39375242603174315
AST-001768,0.0,0.46554942097095786,0.7157949281526266,0.3937814497078615
AST-001769,0.24618094589459433,0.30527031036505364,0.7980850768503716,0.44984544437000656
AST-001770,0.2940731534670133,0.28385771295757894,0.7365785724277779,0.43816981295079005
AST-001771,0.6518448848942275,0.9378679887522645,0.31315965912755683,0.6342908442580163
AST-001772,0.3996290243559032,0.530315662171063,0.604826566014766,0.5115904175139107
AST-001773,0.3969494573727358,0.7065901947201824,0.8836440347231991,0.6623945622720391
AST-001774,0.7592773365104537,0.5190585475796728,0.7399581009179321,0.672764661669353
AST-001775,0.7765985133468504,0.4501145717782457,0.9330429805730375,0.7199186885660445
AST-001776,0.1938756351854422,0.8928015451197047,0.960546689002746,0.6824079564359643
AST-001777,0.726421740455005,0.4597554875880112,0.21865458038391758,0.4682772694756446
AST-001778,0.6563105012959164,0.18950066178328423,0.512230789739634,0.4526806509396115
AST-001779,0.8712022713298407,0.7826917585539285,0.9590409940785366,0.8709783413207686
AST-001780,0.2662032788056092,0.4790770426315266,0.769406434287998,0.5048955852417113
AST-001781,0.36230635935003813,0.4551710806071571,0.859185003770207,0.5588874812424675
AST-001782,0.867681093077041,0.6836574050363262,0.7376047817126415,0.7629810932753363
AST-001783,0.0,0.11500092743098987,0.3974495156927069,0.1708168143745656
AST-001784,0.33814273363261166,0.08265590267455643,0.8994750860185321,0.44009124077523337
AST-001785,0.8370889919028699,0.8899603162620623,0.9069302196775029,0.8779931759474784
AST-001786,0.5624120481724031,0.7726801269658724,0.46225463418820706,0.5991156031088275
AST-001787,0.5811058485741092,0.7361878989426714,0.20308818564072464,0.5067939777191685
AST-001788,0.90855840038908,0.5204289803970287,0.8610086845974833,0.7633320217945306
AST-001789,0.9383595569575106,0.5229258821501256,0.7514117630199636,0.7375657340425333
AST-001790,0.6604926029376759,0.58187922248313,0.6976167985516896,0.6466628746574985
AST-001791,0.29378319120271856,0.3498690254075018,0.9283752525293354,0.5240091563798519
AST-001792,0.658274118604464,0.8734655173030501,0.7075811298194433,0.7464402552423192
AST-001793,0.32549545151385006,0.4861948937891457,0.5678274216593311,0.45983925565410894
AST-001794,0.6874405270293152,0.6949162371476706,0.5845489725742489,0.655635245583745
AST-001795,0.2869354768831371,0.5241956600313515,0.8959460508261236,0.5690257292468708
AST-001796,0.7424835896592606,0.5256937876910461,0.8493672387468109,0.7058482053657058
AST-001797,0.5457156627532253,0.5112035172768428,0.7841058168363161,0.6136749989554614
AST-001798,0.7863922128280876,0.8052354804555778,0.9765083212761083,0.8560453381865912
AST-001799,0.173857065518578,0.4076940968689826,0.24829680061636603,0.27661598766797557
AST-001800,0.7572828380010955,0.6094339466814284,0.39367164506074603,0.5867961432477566
AST-001801,0.5095477435456283,0.5577649535978644,0.710204468297927,0.5925057218138066
AST-001802,0.3612329959563078,0.7863621039188139,0.550608227551924,0.5660677758090152
AST-001803,0.865417870329378,0.9021598261071242,0.8973240831205576,0.8883005931856865
AST-001804,0.8248985384491705,0.599743501718678,0.9304327022776482,0.785024914148499
AST-001805,0.16547259314146145,0.46062626484044455,0.7523429816931089,0.45948061322500494
AST-001806,0.5732192570552714,0.6458313506966907,0.4328861433477794,0.5506455836999139
AST-001807,0.0,0.6292103257323424,0.18212018654516365,0.270443504092502
AST-001808,0.7129265834428966,0.7273103768740813,0.8091156673579434,0.7497842092249738
AST-001809,0.0,0.4731667982808688,0.8678818001408077,0.44701619947389215
AST-001810,0.42015725119071706,0.6744142811555361,0.8294922001912609,0.6413545775125047
AST-001811,0.2384695055061579,0.4221621644741556,0.5358971557192237,0.39884294189984576
AST-001812,0.3067973350782123,0.6109825155749778,0.7823934025968228,0.5667244177500043
AST-001813,0.0,0.8730655545866913,0.8024776784798295,0.5585144110221737
AST-001814,0.779386292317928,0.5511117387618589,0.6782130805900265,0.6695703705566044
AST-001815,0.34980693574897825,0.36223730914444335,0.8689788800363902,0.5270077083099373
AST-001816,0.2718250313726858,0.4221504875728741,0.820782646645176,0.5049193885302453
AST-001817,0.03969133467778417,0.8113544610138638,0.8888081741039324,0.5799513232651935
AST-001818,0.9357366246831107,0.8257076003512153,0.8745173525953165,0.8786538592098808
AST-001819,0.769359166289751,0.6717911257219223,0.7733362240741614,0.7381621720286117
AST-001820,0.0,0.5316363725615243,0.7014676069320623,0.4110346598311955
AST-001821,0.5458467001260905,0.5172020588886078,0.9099962319511157,0.6576816636552714
AST-001822,0.633483903705815,0.8542464536741847,0.866390172707272,0.7847068433624239
AST-001823,0.9060369412856477,0.5222089997295477,0.3833788183109337,0.6038749197753764
AST-001824,0.8179930741085802,0.7156703194589835,0.9477401672184503,0.8271345202620046
AST-001825,0.8256772877044973,0.3685182331056934,0.9980903582113629,0.7307619596738512
AST-001826,0.946210253229501,0.15462570036443227,0.743419536102704,0.6147518298988791
AST-001827,0.25873013982344434,0.7319499920238072,0.6883702454429642,0.5596834590967386
AST-001828,0.4667391068758439,0.3899095510493919,0.691063432166887,0.5159040300307076
AST-001829,0.2515804186106597,0.2489687097992407,0.2613846315762049,0.25397791999536845
AST-001830,0.0,0.8480414377061474,0.3565113231102802,0.40151758693880923
AST-001831,0.5949648791641526,0.4645659960946529,0.38464755338347206,0.48139280954742586
AST-001832,0.7714568880532113,0.2774937176536518,0.8307159886500589,0.6265555314523074
AST-001833,0.6598488177508717,0.6736765201095019,0.8177513860863943,0.7170922413155892
AST-001834,0.0,0.7916684303474006,0.9904330192507164,0.5940338165327056
AST-001835,0.6517025488200952,0.34507616134397856,0.7471600429807088,0.5813129177149275
AST-001836,0.48236400857424105,0.7697905245865483,0.7194667090423406,0.6572070807343766
AST-001837,0.7143242791789953,0.5203822998680763,0.9948047443314654,0.7431704411261789
AST-001838,0.7230389910660152,0.3965254859221996,0.9253161460800895,0.6816268743561014
AST-001839,0.7550299489463695,0.19165012424005412,0.7922686586043758,0.5796495772635998
AST-001840,0.4020665908281512,0.9180885066743304,0.9808350963658898,0.7669967312894572
AST-001841,0.8931488615960337,0.832681441528048,0.9971487412732588,0.9076596814657801
AST-001842,0.6160763138479053,0.4350773335268188,0.897151486264432,0.6494350445463853
AST-001843,0.41650350691484933,0.8899091979286011,0.8641205996428607,0.7235111014954371
AST-001844,0.7133128871566201,0.7317049538001165,0.6620825623910205,0.702366801115919
AST-001845,0.5295912314962662,0.7303605753123085,0.8110324595046,0.6903280887710582
AST-001846,0.6545164372065797,0.5737362078297911,0.9950217283211984,0.7410914577858564
AST-001847,0.0,0.7724677858647384,0.9677672400335057,0.5800783419660814
AST-001848,0.39932636700052704,0.26979595254171335,0.9948975352998499,0.5546732849473635
AST-001849,0.55518038005372,0.8076062615170514,0.731073148020609,0.6979532631971268
AST-001850,0.43953742425333825,0.8981279919757109,0.8882940738865083,0.7419864967051858
AST-001851,0.0,0.575085018956686,0.5727897563230469,0.38262492509324425
AST-001852,0.8009847278917269,0.6277571877690039,0.8373822062967717,0.7553747073191674
AST-001853,0.8181614312958665,0.6022853691841927,0.6597906317818993,0.6934124774206528
AST-001854,0.4738162122254003,0.596129434518647,0.21827219768096828,0.4294059481416719
AST-001855,0.725966100284055,0.24789182398047285,0.6800194651839295,0.5512924631494858
AST-001856,0.1556201470479417,0.5224392386008139,0.9177568874952622,0.5319387577146726
AST-001857,0.34748576518717084,0.21708410780743218,0.8901963788883276,0.4849220839609769
AST-001858,0.8443688708097636,0.5639786199080645,0.8524195109835281,0.7535890005671187
AST-001859,0.916634314063646,0.581517225079005,0.6895647570111549,0.729238765384602
AST-001860,0.2522973325722589,0.14732477746221048,0.9953120051889998,0.46497803840782304
AST-001861,0.04895742551189324,0.7220868822566371,0.9717224541842738,0.580922253984268
AST-001862,0.29179044276928984,0.9742167304422679,0.9839482334018815,0.7499851355378131
AST-001863,0.4228818755437181,0.5553015185210318,0.7168067534801531,0.564996715848301
AST-001864,0.5997502886693079,0.9357364308390784,0.6754663091606055,0.7369843428896639
AST-001865,0.2712426712149387,0.2424148926039887,0.8694335929989191,0.46103038560594883
AST-001866,0.9348668681743354,0.6142422025045675,0.9280838844116295,0.8257309850301775
AST-001867,0.43742075776487754,0.6555681648399234,0.7600719503618548,0.617686957655552
AST-001868,0.6111221040482518,0.56629137007174,0.439774336280346,0.5390626034667793
AST-001869,0.7398075491336289,0.30755623406399735,0.7263656962333933,0.5912431598103398
AST-001870,0.4826230826500678,0.30707582443946363,0.665167442116063,0.4849554497351982
AST-001871,0.33340597348208656,0.9217473805205117,0.5570382099660076,0.6040638546562019
AST-001872,0.5857547755531411,0.7019767545175729,0.5960999378580476,0.6279438226429205
AST-001873,0.5618211014641493,0.9502825222624786,0.9938671441319514,0.8353235892861931
AST-001874,0.7125652599945426,0.6922690390943701,0.8550552967748746,0.7532965319545957
AST-001875,0.41539477736637315,0.8439360643433508,0.8880566352636442,0.7157958256577893
AST-001876,0.37887429620087554,0.22951753635480687,0.8687960399108446,0.49239595748884235
AST-001877,0.7605601788496361,0.5133730063742714,0.7428444780481205,0.6722592210906759
AST-001878,0.7088631669738078,0.6112941467076652,0.8246028364339476,0.7149200500384736
AST-001879,0.317044230465206,0.7133368127948972,0.8969413608784045,0.6424408013795025
AST-001880,0.8540564357384903,0.5878369801302479,0.6588665513318531,0.7002533224001971
AST-001881,0.9411343665748919,0.6298419910653189,0.8715381057213902,0.8141714877872003
AST-001882,0.7039211811642395,0.7983933114004101,0.5503811728644113,0.6842318884763537
AST-001883,0.3769072237364577,0.6417916024886964,0.9651563550512585,0.6612850604254709
AST-001884,0.6191824054237671,0.38541371846839484,0.5433742943512714,0.5159901394144778
AST-001885,0.38512161943129253,0.0283521882264016,0.9301170363731514,0.4478636146769485
AST-001886,0.5264822581173716,0.4697644304061075,0.9479186311066842,0.6480551065433877
AST-001887,0.0,0.6846340846672403,0.8881721249299854,0.5242687365324086
AST-001888,0.4367859500667503,0.5033184914210708,0.9393141496100411,0.6264728636992873
AST-001889,0.7438632412230313,0.46877147322785473,0.5716002197311133,0.5947449780606665
AST-001890,0.340966874584188,0.11434537530010036,0.6238311912080303,0.3597144803641062
AST-001891,0.36115566359358625,0.05045411941399533,0.8080488298627504,0.40655287095677733
AST-001892,0.12107661767146602,0.533920950431237,0.7350097895117472,0.46333578587148344
AST-001893,0.9278754362503819,0.7251719708780188,0.44466669864992153,0.6992380352594408
AST-001894,0.6028336840702381,0.6801239196255494,0.5786027220728277,0.6205201085895383
AST-001895,0.8620623972038687,0.6310221766967709,0.9045588623127908,0.79921447873781
AST-001896,0.1674986282136551,0.8672246671943957,0.5944770076825653,0.543066767696872
AST-001897,0.476585361274394,0.6542718905272769,0.9706561650398142,0.7005044722804951
AST-001898,0.8811532269630072,0.4503457080316242,0.9844753103783734,0.7719914151243349
AST-001899,0.9614460668720497,0.5987408458526988,0.6996491877020024,0.7532787001422503
AST-001900,0.41084027173911686,0.8861953201508439,0.9580914167788417,0.7517090028896009
AST-001901,0.12706658948422825,0.37932312496758097,0.6634253123609385,0.38993834227091595
AST-001902,0.5730992508095909,0.5117079743612049,0.7890008559242986,0.6246026936983649
AST-001903,0.4407327600255521,0.6425975270030576,0.7302208067422421,0.6045170312569507
AST-001904,0.7780498817623671,0.4585181782065719,0.5483768317852673,0.5949816305847354
AST-001905,0.12981467930399507,0.637534874935856,0.22172133191716292,0.32969029538567135
AST-001906,0.8690231914537753,0.4065935660186514,0.7151525257614975,0.6635897610779747
AST-001907,0.557778956871665,0.5626768059073045,0.3418148503747733,0.4874235377179143
AST-001908,0.7674223882457601,0.4594654755380333,0.13426023646224589,0.45371603341534644
AST-001909,0.29752999525367796,0.49904770793629694,0.5388119936029312,0.4451298989309687
AST-001910,0.04287391467058177,0.7091114167473691,0.7822766026932871,0.511420644703746
AST-001911,0.7071968658338079,0.4334795630622967,0.7314895827237128,0.6240553372066059
AST-001912,0.3895874367718557,0.7819137739192531,0.9612753127745194,0.710925507821876
AST-001913,0.5647632384504612,0.08718360081058331,0.9019602979363227,0.5179690457324557
AST-001914,0.5180534822742151,0.8953380509925318,0.5516940893272979,0.6550285408646817
AST-001915,0.21069719900399322,0.4645508993301632,0.9947731824764694,0.5566737602702087
AST-001916,0.0,0.3286026052885775,0.8075960242530826,0.3787328765138867
AST-001917,0.7014466096748205,0.6412761768864992,0.9709175530934713,0.771213446551597
AST-001918,0.7543819543750905,0.7551690971630294,0.8598836198575752,0.7898115571318983
AST-001919,0.29639321072656405,0.8723783723167254,0.9248794937718219,0.6978836922717037
AST-001920,0.7848772912274576,0.2977625620256631,0.8085010713990267,0.6303803082173824
AST-001921,0.707103788589822,0.7610501593285899,0.16575378198897933,0.5446359099691304
AST-001922,0.7614518417122074,0.382327686439636,0.9279795537484312,0.6905863606334249
AST-001923,0.5698307416939628,0.6804240239710366,0.8171692747595648,0.6891413468081881
AST-001924,0.6501914012168787,0.781580827032068,0.7176350132798153,0.7164690805095874
AST-001925,0.1937753008322003,0.8557569826169885,0.45449635110401687,0.5013428781844018
AST-001926,0.0,0.5913242742700625,0.7184382457123892,0.4365875066608173
AST-001927,0.38936356014760537,0.4864715054183647,0.7249254095706452,0.5335868250455384
AST-001928,0.6746398901004148,0.23526198744256635,0.9736765423978864,0.6278594733136225
AST-001929,0.6101793888563876,0.686181596325366,0.8946869974844904,0.7303493275554146
AST-001930,0.8100486693503967,0.437527509030837,0.9694721710412081,0.7390161164741472
AST-001931,0.8948158442220929,0.361829916412143,0.8457132753650507,0.7007863453330955
AST-001932,0.5009772724330719,0.48374580269022205,0.8371810285841883,0.607301367902494
AST-001933,0.7863729446031056,0.6395617716492962,0.6005100257354858,0.6754815806626292
AST-001934,0.1718197312942649,0.3164329833254043,0.9786491730071303,0.4889672958755999
AST-001935,0.6706382762627074,0.4445788140525139,0.8341700888895001,0.6497957264015738
AST-001936,0.45711729008483915,0.6682917075576955,0.8161319268628789,0.6471803081684712
AST-001937,0.45400629777800966,0.34186935842400673,0.6958871995639262,0.4972542852553142
AST-001938,0.4718196903122874,0.8939622192217781,0.999362622063338,0.7883815105324677
AST-001939,0.8561443399730456,0.8017962587924073,0.9913268353914374,0.8830891447189635
AST-001940,0.43006866215077577,0.27338571067629486,0.5967766892111056,0.4334103540127254
AST-001941,0.5272966995060928,0.3670131846236209,0.26419707317158375,0.3861689857670991
AST-001942,0.7433385352430271,0.2074525462835186,0.9772680752503233,0.6426863855922896
AST-001943,0.517816974216481,0.9106193417498545,0.9900261505971873,0.8061541555211743
AST-001944,0.21169061654235982,0.46964336535535645,0.6912232868526926,0.4575190895834696
AST-001945,0.5762783078114849,0.6304110711705333,0.30042670830770224,0.5023720290965734
AST-001946,0.5927420503013515,0.14385217920403254,0.9592383472008337,0.5652775255687392
AST-001947,0.0,0.4637885244980836,0.9225635472883155,0.46211735726213304
AST-001948,0.7774464984801857,0.6561426953647389,0.9499080371941833,0.794499077013036
AST-001949,0.30391876538872425,0.3690652252335631,0.9571261958601281,0.5433700621608052
AST-001950,0.9496878281268011,0.7352732455450995,0.789471706835272,0.8248109268357241
AST-001951,0.19882009423143782,0.72278529202872,0.7996981913505538,0.5737678592035705
AST-001952,0.0,0.5114566383656047,0.98148730024509,0.49764797953689827
AST-001953,0.7876772367542055,0.22482642694975932,0.4192754970698022,0.47725972025792235
AST-001954,0.6858198546055613,0.6977569079444595,0.955129136849872,0.7795686331332976
AST-001955,0.5733348188270002,0.3488927146652226,0.8006111504966833,0.5742795613296353
AST-001956,0.4445316329997899,0.29915361320430756,0.5831471916976632,0.44227747930058686
AST-001957,0.48274725618034053,0.5130840900041828,0.46931462937759916,0.4883819918540408
AST-001958,0.43188669814595076,0.565778893748444,0.9832077390185406,0.6602911103043119
AST-001959,0.7917774231289576,0.9583492853884482,0.4884769612977819,0.7462012232717292
AST-001960,0.6145573024982885,0.5764413841223436,0.9651683158087382,0.7187223341431235
AST-001961,0.21417071516191688,0.9251022496804469,0.166893482441711,0.4353888157613583
AST-001962,0.6601776866323905,0.5313442391822846,0.9594139137234464,0.7169786131793737
AST-001963,0.5042682096768089,0.5404751053088585,0.5467928713498055,0.5305120621118243
AST-001964,0.7432516350279552,0.7691957313908033,0.8754141337420918,0.7959538333869501
AST-001965,0.0,0.4541491984911714,0.8046378252599145,0.4195956745836953
AST-001966,0.5444167930212669,0.4357477513211947,0.9893985536533788,0.6565210326652801
AST-001967,0.5938804940791881,0.6986098720395939,0.34871900717989374,0.5470697910995586
AST-001968,0.5429812206345855,0.48976517923470453,0.8807042294596056,0.6378168764429653
AST-001969,0.8460080130072953,0.4216020170197501,0.5477352276098382,0.6051150858789612
AST-001970,0.0,0.9093727984557245,0.9037710649029754,0.6043812877862332
AST-001971,0.9450633119903151,0.3487212176155946,0.7911592502060631,0.6949812599373244
AST-001972,0.6529165929398519,0.9325784132403656,0.6930367688845525,0.7595105916882566
AST-001973,0.34626647961152673,0.6405634510777303,0.6887616959730745,0.5585305422207771
AST-001974,0.6985134070578949,0.7982583610047925,0.7520126372568283,0.749594801773172
AST-001975,0.7949136500028201,0.33741265571591267,0.9622795529480147,0.6982019528889158
AST-001976,0.4598886515202814,0.06453517146353384,0.995373740541654,0.5065991878418231
AST-001977,0.6260137130286076,0.8003883980801634,0.8429828794338684,0.7564616635142132
AST-001978,0.0,0.6366794549393477,0.9664704069284206,0.5343832872892561
AST-001979,0.46575080387360673,0.8300807663859687,0.10344347310828575,0.4664250144559538
AST-001980,0.5893219480893491,0.6439890628909892,0.6431637923811628,0.6254916011205004
AST-001981,0.7344499049099918,0.9204284091268338,0.8069418719930007,0.8206067286766087
AST-001982,0.16354213764307152,0.522202262688221,0.7451603567064147,0.4769682523459024
AST-001983,0.45778043780840244,0.47363674416796114,0.9178062272243148,0.6164078030668928
AST-001984,0.6868206070747135,0.16444996205228454,0.7884569613203689,0.5465758434824557
AST-001985,0.6650071670028737,0.4339309498749507,0.9672720661496648,0.6887367276758297
AST-001986,0.8494702823925377,0.7607014347107182,0.9354437918202394,0.8485385029744984
AST-001987,0.5965675652987862,0.1355360668363563,0.6555270064300446,0.4625435461883957
AST-001988,0.9120148218983957,0.8856329623823046,0.82912371615107,0.8755905001439235
AST-001989,0.0,0.8019713898540851,0.48536776194135317,0.42911305059847943
AST-001990,0.6682773295098141,0.5951895317033201,0.9689254362291672,0.7441307658141004
AST-001991,0.6660332705625506,0.16509466152001903,0.9233732793146214,0.5848337371323971
AST-001992,0.5398987016817375,0.9871827509041945,0.8950644962717176,0.8073819829525499
AST-001993,0.7160331482344949,0.4318206148100559,0.9220369819345241,0.6899635816596916
AST-001994,0.7811834561404299,0.3978698790521356,0.8581327068459927,0.6790620140128528
AST-001995,0.41786197430156585,0.6637263844788328,0.896644439602358,0.6594109327942522
AST-001996,0.6394818946926069,0.21877869920067092,0.6921888347201005,0.5168164762044595
AST-001997,0.6018508009581349,0.22588813618465267,0.991826112080766,0.6065216830745178
AST-001998,0.8183818339272508,0.5030405241994179,0.9085631401370917,0.7433284994212536
AST-001999,0.34906240502456454,0.2851971394270628,0.9725641610167836,0.5356079018228036
AST-002000,0.5207685085565272,0.757405462718742,0.3787658226807134,0.5523132646519943
AST-002001,0.0,0.3161626066736949,0.8644963915322357,0.39355299940197686
AST-002002,0.9823710366035621,0.3575282315962202,0.6665136028262292,0.6688042903420038
AST-002003,0.8612349872672039,0.6770932842414347,0.18497445778386007,0.5744342430974996
AST-002004,0.20061410310379582,0.18562331050011494,0.9078031724951974,0.43134686203303607
AST-002005,0.6445075302721628,0.39993032855608257,0.8818019931985147,0.6420799506755867
AST-002006,0.6631415180343878,0.6079732801360793,0.5329499843263183,0.6013549274989285
AST-002007,0.7975601337184207,0.7806255620024148,0.7669060326536097,0.7816972427914818
AST-002008,0.16793144777114946,0.31646773466405076,0.5824769645797073,0.3556253823383025
AST-002009,0.8491850930807747,0.13947911333600096,0.5372076993800956,0.5086239685989571
AST-002010,0.45912513525978643,0.2450651106963642,0.6718564769347801,0.4586822409636436
AST-002011,0.26910180814161083,0.5506438413332256,0.7091686165836779,0.5096380886861714
AST-002012,0.5122640894932171,0.682005963412317,0.9673620931697693,0.7205440486917678
AST-002013,0.30865787797084077,0.7093438244125786,0.8194475123573576,0.612483071580259
AST-002014,0.058639666581127396,0.08173311018165054,0.9468492185991021,0.36240733178729334
AST-002015,0.5466480233099341,0.8942042971745231,0.6552264141456005,0.6986929115433526
AST-002016,0.4130327446490648,0.7910419974277765,0.8620386322155643,0.6887044580974685
AST-002017,0.29224276970123675,0.18888478267430467,0.9590363091765014,0.48005462051734754
AST-002018,0.9092287433360201,0.7055788893009585,0.8943191296458073,0.8363755874275953
AST-002019,0.0,0.8233689628320425,0.8863819247140196,0.5699169625153541
AST-002020,0.32126347121146176,0.15989364949584953,0.2599892218484693,0.24704878085192686
AST-002021,0.0,0.3808884070984867,0.36928157647208554,0.2500566611901907
AST-002022,0.4418471643068312,0.5432981437523219,0.27696099395713253,0.4207021006720952
AST-002023,0.24140208220278916,0.35584493283301527,0.43358329514890587,0.34361010339490344
AST-002024,0.40431740724782284,0.43335685015646763,0.3252677243755842,0.38764732725995826
AST-002025,0.08442378226234398,0.11434394615243607,0.9896605842013934,0.3961427708720578
AST-002026,0.8387600838365737,0.47932967484913797,0.7075878436390491,0.6752258674415869
AST-002027,0.0,0.5655623685617992,0.9103479998218849,0.49197012279456137
AST-002028,0.8334241047940386,0.616446500756364,0.9790684691648244,0.8096463582384089
AST-002029,0.8024055142304518,0.4202072607893315,0.9228046347164937,0.715139136578759
AST-002030,0.4836789971998285,0.5547863496096488,0.6436926681003207,0.560719338303266
AST-002031,0.6225367322368485,0.34215887208369555,0.9408038819019159,0.6351664954074866
AST-002032,0.9601603715433243,0.21020656449883882,0.5975805111063749,0.5893158157161794
AST-002033,0.21482802272291648,0.5987565622155699,0.6553892531513952,0.48965794602996054
AST-002034,0.4574683976650691,0.501339230110093,0.8688543661009978,0.6092206646253866
AST-002035,0.0,0.5717175531124651,0.5700954387987166,0.38060433063706056
AST-002036,0.6122021288439478,0.5509770786739013,0.9825986722940452,0.7152592932706314
AST-002037,0.17333701109211347,0.2800200359488368,0.5617927659320422,0.3383832709909975
AST-002038,0.8394278826637647,0.6916727679632407,0.827946633722699,0.7863490947832349
AST-002039,0.9550000801176446,0.607669574809455,0.838905042880842,0.8005248992693139
AST-002040,0.038190075344064385,0.3555870357638034,0.9158219397852485,0.43653301696437213
AST-002041,0.6873136170513973,0.8281874954156451,0.6542774044118344,0.7232595056262922
AST-002042,0.4865614002399524,0.5823001337141885,0.4836715214617341,0.5175110184719584
AST-002043,0.4178881180896456,0.6941400353441681,0.9168963034788048,0.6763081523042062
AST-002044,0.33790078016302677,0.442064821411707,0.7796695921840548,0.5198783979195962
AST-002045,0.3273679208818859,0.5437731542449762,0.9415262468736088,0.6042224406668236
AST-002046,0.7103624771887015,0.738616014037376,0.769643412187501,0.7395406344711928
AST-002047,0.0,0.2561365114668786,0.9787323288325509,0.4116229467664765
AST-002048,0.7118812901334257,0.5048125500499143,0.8222159192365428,0.6796365864732943
AST-002049,0.4759809750446179,0.2895206024053243,0.4166604748042661,0.3940540174180694
AST-002050,0.5398916435408705,0.6166006362912567,0.4013763080720384,0.5192895293013886
AST-002051,0.6763202401638657,0.8483968324380758,0.9121971719044105,0.8123047481687841
AST-002052,0.3279799178405463,0.4816819792354772,0.7401076151826149,0.5165898374195461
AST-002053,0.31357831733841146,0.34952835462970594,0.6653001036276482,0.44280225853192184
AST-002054,0.5942860326608884,0.7212110089100003,0.28496309013339427,0.5334867105680944
AST-002055,0.0,0.9203908257405561,0.6464598489473976,0.5222835582293178
AST-002056,0.6672032115866182,0.4485545878551704,0.9760033610793883,0.6972537201737256
AST-002057,0.2985793615169611,0.562931719399983,0.9980008376372419,0.6198373061847287
AST-002058,0.8719472014194265,0.5026535530399331,0.7635764075552283,0.7127257206715293
AST-002059,0.4509010214210635,0.3148332225420063,0.3983651625528821,0.38803313550531726
AST-002060,0.6921759035732694,0.6050981627337827,0.9717865742057287,0.7563535468375936
AST-002061,0.6055662689547814,0.42109401890003034,0.816071928604838,0.6142440721532165
AST-002062,0.3808685696749228,0.8782198237469033,0.8280811662784012,0.6957231865667425
AST-002063,0.6437254044464601,0.777738007072213,0.949234113637771,0.7902325083854813
AST-002064,0.6108460821670704,0.653176534689943,0.9715705828947034,0.7451977332505723
AST-002065,0.7401153451477258,0.6032548742871247,0.8677174729275391,0.7370292307874632
AST-002066,0.0,0.44290915743416687,0.801741124768779,0.414883427400982
AST-002067,0.7980562317720775,0.5001511736253746,0.6823229371708512,0.6601767808561011
AST-002068,0.1643514245475947,0.798495772278792,0.9954959932081111,0.6527810633448325
AST-002069,0.9385658075010865,0.572107954694228,0.9229214680571719,0.8111984100841622
AST-002070,0.33856709611793856,0.5437492968420355,0.9139646251801267,0.5987603393800336
AST-002071,0.2415524741087608,0.5818463328827806,0.3726227051031111,0.39867383736488415
AST-002072,0.9244099350443792,0.5321830635523265,0.8079052257400626,0.7548327414455894
AST-002073,0.6102564055665688,0.6651401751844173,0.8365565878479452,0.7039843895329772
AST-002074,0.3686857935532633,0.5588159788021141,0.7228490128130429,0.5501169283894735
AST-002075,0.6400226501455407,0.6476715609492139,0.8446779303755184,0.7107907138234243
AST-002076,0.1541485848530761,0.5136410011807331,0.9769655416267788,0.5482517092201961
AST-002077,0.14599044653428844,0.3674158847617867,0.6770530776474597,0.39681980298117825
AST-002078,0.9056314055242916,0.519231589833153,0.9387130109640304,0.787858668773825
AST-002079,0.6491845245065958,0.33467172940834655,0.9148704543878231,0.6329089027675885
AST-002080,0.0,0.40944249949702577,0.9040323056729406,0.43782493505665543
AST-002081,0.5588958636157403,0.45172868273158906,0.8871048925794977,0.6325764796422756
AST-002082,0.33642092047138905,0.6467153177484071,0.7833357449971042,0.5888239944056335
AST-002083,0.0,0.9152868094008262,0.8864044902974522,0.6005637665660928
AST-002084,0.7904748574011605,0.8667249027777426,0.9791659204106915,0.8787885601965316
AST-002085,0.5636124804307739,0.9245584365346282,0.8995843161197666,0.7959184110283896
AST-002086,0.8272782350029764,0.5903191444314748,0.9512623579812345,0.7896199124718951
AST-002087,0.3945994021621828,0.8304550290741105,0.345129717679856,0.5233947163053831
AST-002088,0.8613432269930457,0.6289618215441996,0.7966493524752963,0.7623181336708472
AST-002089,0.5680444316459724,0.43432613707628404,0.6966912208818223,0.5663539298680262
AST-002090,0.7852142064676415,0.6980935812787905,0.5653632756610507,0.6828903544691608
AST-002091,0.8039937620247624,0.5286502041605117,0.8994434694863797,0.7440291452238846
AST-002092,0.3609683009507733,0.7580537790934484,0.935133810834114,0.6847186302927786
AST-002093,0.2975220408130334,0.4885175746651229,0.9101802083799981,0.5654066079527181
AST-002094,0.43985335791693914,0.037097977556923734,0.871836303433447,0.44959587963576997
AST-002095,0.794998650436952,0.21218746137148106,0.8870162970346795,0.6314008029477042
AST-002096,0.28442672237632294,0.21688580818504377,0.8964347848011093,0.465915771787492
AST-002097,0.798981930392994,0.9079551056783449,0.7747192532462286,0.8272187631058557
AST-002098,0.538962529944647,0.32640239750357325,0.9523669478226487,0.6059106250902896
AST-002099,0.33438756032493727,0.4340608506574237,0.4009323363504121,0.3897935824442577
AST-002100,0.4526022427719452,0.8734599341439259,0.752185185116627,0.6927491206774995
AST-002101,0.765049751489587,0.649696548703269,0.9929454089634099,0.8025639030520887
AST-002102,0.7980172295279384,0.7600875753548323,0.6770647642963606,0.7450565230597105
AST-002103,0.7868271309005227,0.8473956956917289,0.9487455402489928,0.8609894556137482
AST-002104,0.5428544245355083,0.024266889632034022,0.7129944707468561,0.42670526163813277
AST-002105,0.3254110401523275,0.44295815348301537,0.6886180222584991,0.4856624052979474
AST-002106,0.7725299101468518,0.6752711497425662,0.8292381400947534,0.7590130666613905
AST-002107,0.8208428543937079,0.16069261142951866,0.9537645922989114,0.645100019374046
AST-002108,0.0,0.5637192239900102,0.8935364040374765,0.4857518760091622
AST-002109,0.0,0.938706942945449,0.7003290750284188,0.5463453393246226
AST-002110,0.31012553115476343,0.6629015379993293,0.9120387937871665,0.6283552876470865
AST-002111,0.5104852180873091,0.5331259218676192,0.3361814953651899,0.4599308784400394
AST-002112,0.5800432806032039,0.5592712753447441,0.6019883017738497,0.5804342859072659
AST-002113,0.40231227122383606,0.46043465068362066,0.6273543662523792,0.49670042938661196
AST-002114,0.9153287891439691,0.7708402342071964,0.993067588323228,0.8930788705581311
AST-002115,0.0,0.32811159598947265,0.380464951353369,0.23619218244761386
AST-002116,0.0,0.5921961003286479,0.9250717170479837,0.5057559391255438
AST-002117,0.7510007219309263,0.4700377892653724,0.9446928229571272,0.7219104447178086
AST-002118,0.3313297532568903,0.6257336041655087,0.8548303340751165,0.6039645638325052
AST-002119,0.8128344028466249,0.7975052110758124,0.9877650534276523,0.8660348891166966
AST-002120,0.8213638012813003,0.7227821133663129,0.9441501898300872,0.8294320348259001
AST-002121,0.7147024614086186,0.5731844640683232,0.4473597715853772,0.5784155656874397
AST-002122,0.6553612505443414,0.40116919721559946,0.4226143670790656,0.4930482716130022
AST-002123,0.0,0.6368324795615781,0.4603704576027126,0.3657343123880969
AST-002124,0.2677493033698211,0.38663963651624905,0.7987326592271452,0.48437386637107177
AST-002125,0.6030522180870435,0.7400569836216576,0.998255570443394,0.7804549240506983
AST-002126,0.8228669413721647,0.7200756193879251,0.9201462634107821,0.8210296080569573
AST-002127,0.07952212230827685,0.15588281872658682,0.5285471733999627,0.2546507048116088
AST-002128,0.7235399767590333,0.15894239391215947,0.6275175400511764,0.5033333035741231
AST-002129,0.7211956981174146,0.4823656229964602,0.7264819731243641,0.6433477647460796
AST-002130,0.4749096018040461,0.7091413070585828,0.5510196049083667,0.5783568379236652
AST-002131,0.6574243311623801,0.6804251832296948,0.7815259757114187,0.7064584967011646
AST-002132,0.14145153524976448,0.5614821102807821,0.6174709920172508,0.44013487918259914
AST-002133,0.8672460939638458,0.4162105278550316,0.910248540128508,0.7312350539824618
AST-002134,0.8677028316781784,0.5373842348211045,0.5020157843492232,0.6357009502828354
AST-002135,0.6763501084247608,0.15606890517237956,0.9470624158565861,0.5931604764845755
AST-002136,0.15707273629361349,0.8160939389490077,0.5688509718513812,0.5140058823646675
AST-002137,0.5926589757983853,0.4226956062204776,0.6675751900414235,0.5609765906867622
AST-002138,0.6617279192796868,0.4794143834571172,0.5208418150361369,0.5539947059243137
AST-002139,0.5669202673443454,0.6589030426521137,0.8952654385061503,0.7070295828342031
AST-002140,0.0,0.6225120067407739,0.7566051133114666,0.4597057066840802
AST-002141,0.7381357107506158,0.4331093744261322,0.7666487864877954,0.6459646238881812
AST-002142,0.64237030443061,0.18348286128628885,0.7302130558117512,0.51868874050955
AST-002143,0.8987990359461067,0.609700864542475,0.9657034846417489,0.8247344617101101
AST-002144,0.7206361173960243,0.2790396123937922,0.9413439145149729,0.6470065481015964
AST-002145,0.7122789196063214,0.6485990550670999,0.7244362581649058,0.6951047442794424
AST-002146,0.49857064363596193,0.7135201479296547,0.7927438075332915,0.668278199699636
AST-002147,0.6333427771848806,0.6502621589256101,0.7953887267507047,0.6929978876203986
AST-002148,0.7096349217456498,0.4131513971508097,0.9679553740750098,0.6969138976571564
AST-002149,0.44370401173837587,0.9800959721942148,0.5324611867520183,0.6520870568948697
AST-002150,0.5683908655186305,0.42651329523959225,0.9076848985879878,0.6341963531154035
AST-002151,0.0,0.5635174798901358,0.9385974918768931,0.5007049905890096
AST-002152,0.0,0.47846725426033787,0.8954818830178103,0.4579830457593827
AST-002153,0.5471853990534066,0.5849942973101171,0.4095538259255468,0.5139111740963568
AST-002154,0.37930773017331765,0.7804692648769498,0.9063996290379508,0.6887255413627393
AST-002155,0.0,0.5837629892170064,0.41680668204713434,0.3335232237547136
AST-002156,0.5208311769911653,0.46560638119551195,0.25982767790901373,0.4154217453652304
AST-002157,0.6824863564616724,0.46696971303383294,0.8163565159669318,0.6552708618208124
AST-002158,0.2921499838534605,0.8642184340081688,0.9330897292906889,0.6964860490507728
AST-002159,0.0,0.46326268220512096,0.8557476111976804,0.4396700978009338
AST-002160,0.6118585058689618,0.3204305623289414,0.82998585911973,0.5874249757725444
AST-002161,0.5763842375642045,0.547391942159168,0.9788181300429558,0.7008647699221094
AST-002162,0.7246479090743217,0.9468396598207734,0.9861118966220188,0.8858664885057047
AST-002163,0.6267929560622025,0.9040849577133588,0.9935613690133158,0.8414797609296256
AST-002164,0.9502252687079297,0.8380818043807073,0.8779213408161617,0.8887428046349329
AST-002165,0.4761211577611532,0.6438294134730921,0.9526319966192035,0.6908608559511497
AST-002166,0.39025457167357824,0.869308152746961,0.4415432771595472,0.5670353338600288
AST-002167,0.0,0.3475101119226349,0.7714711781570086,0.3729937633598812
AST-002168,0.5948151555119162,0.43096567002231206,0.6413882799327748,0.5557230351556677
AST-002169,0.45805235984940307,0.5548044530703313,0.42102676621997764,0.47796119304657064
AST-002170,0.8042293552654372,0.2930522232062259,0.5369589496312668,0.5447468427009766
AST-002171,0.8492063026505511,0.6078350683547931,0.9890750854830923,0.8153721521628121
AST-002172,0.0,0.39382731150371625,0.4779517121283843,0.29059300787736686
AST-002173,0.4887134337309265,0.6775133417080328,0.9681903394504214,0.7114723716297936
AST-002174,0.2699058532755841,0.619556856075275,0.86090172549184,0.583454811614233
AST-002175,0.2557418036387189,0.29358159388692945,0.7901592792299008,0.4464942255851831
AST-002176,0.6249525638053467,0.3695050901361157,0.9557260288939343,0.6500612276117989
AST-002177,0.7731552837087579,0.7895934090537983,0.915233639718556,0.8259941108270374
AST-002178,0.8170229310612831,0.7727367550162965,0.6251042812355163,0.7382879891043652
AST-002179,0.15846555257418873,0.26742411605454797,0.5887139604746605,0.3382012097011324
AST-002180,0.445980380735694,0.6349511678462518,0.8522685256229885,0.644400024734978
AST-002181,0.0,0.2671290437958293,0.969957282612885,0.4123621088029048
AST-002182,0.7406433465216914,0.8584311519455611,0.9944961245780694,0.8645235410151072
AST-002183,0.5065558236698007,0.8363086563045311,0.9999988937836298,0.7809544579193206
AST-002184,0.4501378289444965,0.49994968654855204,0.9446494607891037,0.6315789920940508
AST-002185,0.5385801580827823,0.4986345891179808,0.9399208616604782,0.6590452029537471
AST-002186,0.6035238773661332,0.16603603755098553,0.8355177244462111,0.5350258797877766
AST-002187,0.7269232753114516,0.32422664826857744,0.486478612348189,0.512542845309406
AST-002188,0.2689628993246179,0.21500821964764882,0.4129803108171897,0.2989838099298188
AST-002189,0.7564664944782515,0.8633891565175658,0.4115397822849188,0.6771318110935787
AST-002190,0.0,0.7360935355090783,0.2508967741087959,0.3289967698726248
AST-002191,0.0,0.6912782794869571,0.8666915702844266,0.5193232832571278
AST-002192,0.23884921950205362,0.44473321887213796,0.7868381839321335,0.4901402074354417
AST-002193,0.4646953979689718,0.8071488387521011,0.3549640642913246,0.5422694336707992
AST-002194,0.0,0.457177216801945,0.8597430326899198,0.43897341649728827
AST-002195,0.7783158527818466,0.6746447811034397,0.7531523700304165,0.7353710013052343
AST-002196,0.5630658750585192,0.5982750252016361,0.9385518413737968,0.6999642472113173
AST-002197,0.7193073677642106,0.914974520889332,0.7670260352861796,0.800435974646574
AST-002198,0.5237842827439605,0.14933258391882187,0.9332249952575771,0.5354472873067865
AST-002199,0.5324045424236249,0.6293150939167323,0.9685970847792714,0.7101055737065428
AST-002200,0.0,0.5939972260453377,0.9923219057324046,0.5287730439259141
AST-002201,0.0,0.3829771095385063,0.906217659885751,0.4297315898080858
AST-002202,0.7433423444100501,0.5486231473819438,0.9940378738522553,0.7620011218814163
AST-002203,0.5483611155549606,0.47730842098563003,0.21213496867622286,0.4126015017389378
AST-002204,0.934952598621861,0.7514848424017606,0.845905620781889,0.8441143539351702
AST-002205,0.6596636168650992,0.48414556335814996,0.8812210416764971,0.6750100739665821
AST-002206,0.7352296083673726,0.6878794507870896,0.9347415461166753,0.7859502017570458
AST-002207,0.5284997044966682,0.626163773104274,0.7365745876585158,0.6304126884198192
AST-002208,0.7496938133153762,0.716895098465109,0.8431366988439666,0.7699085368748172
AST-002209,0.6044172483169261,0.5921601773411782,0.6164795092002255,0.6043523116194432
AST-002210,0.7705230180546155,0.6494331051591645,0.7913711425184947,0.7371090885774249
AST-002211,0.5090928900399109,0.556024968538483,0.5279731369872682,0.5310303318552207
AST-002212,0.43895487136934636,0.7618402542647028,0.9053329398711482,0.7020426885017325
AST-002213,0.0,0.6793643236783612,0.9693549344890969,0.5495730860558193
AST-002214,0.2770603297743855,0.4792670613886534,0.42710162510930594,0.3944763387574482
AST-002215,0.7056409080259134,0.47679237397383695,0.4547306992809829,0.5457213270935778
AST-002216,0.43914847963346,0.22616854856640864,0.7978038895396216,0.48770697257983003
AST-002217,0.0,0.5750418991720131,0.8413633403826832,0.4721350798515654
AST-002218,0.5987512797878638,0.19746378951704852,0.9874322709767072,0.5945491134272065
AST-002219,0.7554124409165356,0.6243145373107505,0.5542813967219818,0.6446694583164226
AST-002220,0.5555500627727369,0.3347790022867534,0.9629442105759823,0.6177577585451576
AST-002221,0.5361685153218122,0.7844807150983828,0.8224632853407599,0.7143708385869849
AST-002222,0.41611551866697516,0.25089894254104894,0.3589817739964179,0.34199874506814737
AST-002223,0.3606690226007551,0.341800722080763,0.19702033545752226,0.29983002671301345
AST-002224,0.0,0.4563743382742852,0.9380195042800725,0.46479794751811926
AST-002225,0.8581085820372465,0.7013414612181595,0.9927534651571771,0.8507345028041944
AST-002226,0.9574305178603885,0.4315635189947851,0.9696484654163294,0.7862141674238344
AST-002227,0.6147520507790009,0.9403708077485937,0.7926536876317488,0.7825921820531145
AST-002228,0.7751275121952728,0.19371511560107693,0.9422385730178826,0.6370270669380774
AST-002229,0.5657433369340675,0.5913503704825841,0.8773567935676172,0.6781501669947563
AST-002230,0.3635363376649041,0.5459709845996459,0.438908666299313,0.4494719961879543
AST-002231,0.15701856205208684,0.3329733613224861,0.8539233372451258,0.44797175353989954
AST-002232,0.4616565168455695,0.8880385400032212,0.8413638400321485,0.7303529656269797
AST-002233,0.6561428344396341,0.16845528679156105,0.9234727616560723,0.5826902942957558
AST-002234,0.12417817262206644,0.4363590905926622,0.5226658449031509,0.3610677027059599
AST-002235,0.10975497949457266,0.5695686612246905,0.3806396245433245,0.3533210884208626
AST-002236,0.8816196525920683,0.6542337370693522,0.9179459841596254,0.8179331246070153
AST-002237,0.5966512878948727,0.5168577897635231,0.5926875431135258,0.5687322069239739
AST-002238,0.6135442125796045,0.7681654497405873,0.6606264663413562,0.6807787095538494
AST-002239,0.8647018326480116,0.7670303720253255,0.7116667234396964,0.7811329760376778
AST-002240,0.2997156367873165,0.15870479477903704,0.38777214892456185,0.2820641934969718
AST-002241,0.29906330304136747,0.3169240494350262,0.9866499692081152,0.534212440561503
AST-002242,0.0,0.6890146731931458,0.850769633276388,0.5132614354898446
AST-002243,0.8908024341556838,0.6377513025062916,0.9646310825089865,0.8310616063903207
AST-002244,0.5913955191356607,0.3096949043146787,0.9760761853113897,0.6257222029205763
AST-002245,0.4469566830546968,0.6646294905351341,0.6791812748180774,0.5969224828026362
AST-002246,0.5617859997143957,0.2044177566544074,0.8557937487291226,0.5406658350326419
AST-002247,0.0,0.5554089462131495,0.6944622035119659,0.41662371657503844
AST-002248,0.10172171338731546,0.8742064595202297,0.9353587169531666,0.6370956299535706
AST-002249,0.0,0.2838703856128809,0.654559545704231,0.31280997710570396
AST-002250,0.301898094498371,0.6220750249119396,0.928663812497289,0.6175456439691999
AST-002251,0.786870821004414,0.46705915461291186,0.8666796008978044,0.7068698588383767
AST-002252,0.27651620671732763,0.027429337804323623,0.837508392374164,0.3804846456319384
AST-002253,0.45030656790818924,0.569197316122549,0.9196230142904609,0.646375632773733
AST-002254,0.0,0.6881491966412904,0.645698102127779,0.4446157662563565
AST-002255,0.4620175772554387,0.5341470955179987,0.7450588036123316,0.5804078254619229
AST-002256,0.6889807858490117,0.4250568388658732,0.3937983012359218,0.5026119753169356
AST-002257,0.5560405605095445,0.24096349935123595,0.2041981189904781,0.3337340596170862
AST-002258,0.757171663101386,0.2846699662677674,0.9195192763259953,0.6537869685650496
AST-002259,0.5177183674863605,0.18305499866120023,0.7263382163919809,0.47570386084651384
AST-002260,0.6870234522381489,0.5610123360528714,0.9595552353097311,0.7358636745335838
AST-002261,0.7028578493720516,0.7768180700119248,0.6233979044823387,0.7010246079554383
AST-002262,0.804560688401269,0.6817476306524969,0.8512956492281158,0.7792013227606273
AST-002263,0.7353506207932691,0.1297968735683923,0.8159784433117828,0.5603753125578147
AST-002264,0.5547475717098458,0.7196472290117479,0.8704049350658928,0.7149332452624955
AST-002265,0.41037240054878804,0.5399133463003688,0.6629950478691496,0.5377602649061021
AST-002266,0.5322927556846451,0.8418543169164652,0.9141137973319947,0.7627536233110349
AST-002267,0.8899957882514669,0.9400478733615474,0.8969887174007998,0.9090107930046046
AST-002268,0.45391394309653094,0.4385631383059211,0.5354388230556132,0.47597196815268844
AST-002269,0.5442695375850082,0.41395166213648454,0.8964604748637126,0.6182272248617351
AST-002270,0.729019739023244,0.6387979263989303,0.918305693714255,0.7620411197121432
AST-002271,0.7422017139508218,0.8022204058382831,0.6240229643538308,0.7228150280476452
AST-002272,0.3566337566072626,0.4729644781346066,0.5121830762544838,0.4472604369987843
AST-002273,0.6492754664267725,0.665813882978534,0.9656723810681667,0.7602539101578243
AST-002274,0.7214237387053608,0.34341978865065503,0.8364094755283836,0.6337510009614665
AST-002275,0.3358076094678891,0.6728436518747408,0.8571576355652506,0.6219362989692935
AST-002276,0.5470010627383828,0.7442744726069496,0.7930880146869429,0.6947878500107584
AST-002277,0.8338087429945941,0.36531465201678,0.6452985511409178,0.6148073153840973
AST-002278,0.5120751618978611,0.5207746764494738,0.4858633477384474,0.5062377286952607
AST-002279,0.6604989464691094,0.7992028883406349,0.4743178726308312,0.6446732358135252
AST-002280,0.6557320758748427,0.41347763511904484,0.8444274744965512,0.6378790618301463
AST-002281,0.0,0.9094342292945702,0.18941110348112175,0.36628177759189734
AST-002282,0.3323900814859863,0.40403169769751884,0.293928932821534,0.34345023733501306
AST-002283,0.5776199004778096,0.6549981880363616,0.7954519827936805,0.6760233571026172
AST-002284,0.6667237048724247,0.15058855549383646,0.7331062281395622,0.5168061628352745
AST-002285,0.5652975303706202,0.546316091301285,0.9680198643429105,0.6932111620049386
AST-002286,0.7642307593021813,0.8887953408468517,0.846360062868002,0.8331287210056785
AST-002287,0.8782671662623903,0.719959638140519,0.9592077199905386,0.852478174797816
AST-002288,0.6675363171980939,0.16310808758781808,0.6359977257891809,0.48888071019169765
AST-002289,0.6687418055890955,0.6675699286528187,0.9565403244917541,0.7642840195778895
AST-002290,0.7421706871522171,0.27223145470754045,0.8881955962207457,0.6341992460268344
AST-002291,0.6176677573050671,0.25995629318016983,0.9237928298072228,0.6004722934308199
AST-002292,0.6843134022047596,0.48973118618106104,0.8570348756726952,0.6770264880195053
AST-002293,0.38407354313455244,0.5068600904443176,0.8792315542252669,0.590055062601379
AST-002294,0.36959242508195267,0.75896360132852,0.6165723543432073,0.5817094602512266
AST-002295,0.5953267094199095,0.562801775947704,0.6530178138683377,0.6037154330786504
AST-002296,0.7260189058992365,0.32573621311678297,0.7523937411151599,0.6013829533770597
AST-002297,0.7039370363544756,0.662967702464671,0.8654218888200942,0.7441088758797468
AST-002298,0.39035446398424495,0.4956074730575793,0.9334826266146927,0.6064815212188389
AST-002299,0.6237010235204333,0.4136550201809339,0.872482156848903,0.6366127335167567
AST-002300,0.0,0.8417650920567136,0.9246452004361237,0.5888034308309458
AST-002301,0.0,0.8288533686664056,0.8142621252240125,0.5477051646301394
AST-002302,0.4725548833197351,0.8097661891530478,0.9485158517307536,0.7436123080678455
AST-002303,0.4454118262792287,0.3535580427616287,0.7250853743487289,0.5080184144631955
AST-002304,0.5345629506322724,0.4939812855079938,0.9430359142371686,0.6571933834591449
AST-002305,0.6845009135347507,0.48265264233978733,0.8558296996188851,0.6743277518311411
AST-002306,0.6776758605204899,0.8804554592049897,0.404239174972107,0.6541234982325289
AST-002307,0.22711304739650331,0.7726330431775844,0.6181962341313308,0.5393141082351395
AST-002308,0.0,0.32530791867167,0.8977305772440249,0.407679498638565
AST-002309,0.37843212787988667,0.9129024793609719,0.8742540603951195,0.7218628892119927
AST-002310,0.25225283341227656,0.623585759318292,0.8010987832171486,0.5589791253159057
AST-002311,0.6202901504065099,0.4847721019237199,0.9557924283034247,0.6869515602112181
AST-002312,0.4896162803107746,0.44605200293848174,0.30786882038018637,0.4145123678764809
AST-002313,0.9580301583448843,0.2988535199161754,0.9952873120270727,0.7507236634293775
AST-002314,0.0,0.2868419558526184,0.6159094241805365,0.3009171266777183
AST-002315,0.479776012248159,0.5574347451149337,0.7109234849734517,0.5827114141121815
AST-002316,0.7925191767403579,0.7710956765201774,0.7756846041939726,0.7797664858181693
AST-002317,0.9307856530384027,0.4829173248404918,0.688981282537832,0.7008947534722422
AST-002318,0.42797122076056326,0.8760911665915792,0.3351550868179239,0.5464058247233554
AST-002319,0.9269972546461985,0.7277576202483754,0.7036623609638346,0.7861390786194695
AST-002320,0.7404790051135548,0.5536516165868461,0.7960764678343369,0.6967356965115793
AST-002321,0.4952651629592533,0.38094452320566635,0.5492876723616199,0.4751657861755132
AST-002322,0.378176912612899,0.11688855525800278,0.6435129609730394,0.37952614294798037
AST-002323,0.4537999907355686,0.591238564066422,0.8812952890764646,0.6421112812928184
AST-002324,0.43211831302535925,0.6556653476902985,0.8243645861877321,0.6373827489677967
AST-002325,0.6184039181675386,0.3470667265115452,0.8173367802672195,0.5942691416487677
AST-002326,0.5950776658074677,0.4905950553019289,0.6312295384354635,0.57230075318162
AST-002327,0.5562388729821514,0.7321211090052491,0.5805276818447946,0.6229625546107317
AST-002328,0.6422825075522262,0.5726325212078797,0.8676775741138945,0.6941975342913335
AST-002329,0.4931512750684304,0.5464586023094931,0.8115663262888929,0.6170587345556054
AST-002330,0.6571521824491972,0.8824313321636907,0.9938191643509474,0.8444675596546117
AST-002331,0.44202322172143804,0.2092252248538962,0.5704389390824782,0.4072291285526042
AST-002332,0.6102929451911653,0.8867813220506889,0.2295718665091487,0.5755487112503342
AST-002333,0.0,0.25153512546299317,0.8151375074380944,0.3555575443003625
AST-002334,0.6200656774644635,0.5425720667888893,0.6245757690930622,0.5957378377821384
AST-002335,0.625482506020348,0.8732242339289995,0.8540195896471436,0.784242109865497
AST-002336,0.5133656826578695,0.7329344265950759,0.9322036458082584,0.7261679183537346
AST-002337,0.8940983526584325,0.4248178338281105,0.5405529748602869,0.6198230537822766
AST-002338,0.0,0.5361141637758362,0.42549859153796027,0.32053758510459884
AST-002339,0.0,0.24925038958377396,0.8840153207470739,0.3777552367769493
AST-002340,0.5504480087827623,0.6551700555185017,0.6884051511719774,0.6313410718244139
AST-002341,0.7473873334531013,0.18044965226865967,0.35685747288970754,0.42823148620382284
AST-002342,0.6957690530850997,0.4904176788542899,0.4896259376667452,0.5586042232020451
AST-002343,0.8895762356731566,0.755312889964181,0.9404419835125226,0.8617770363832866
AST-002344,0.5860890281635495,0.8501900718114555,0.6450908215105637,0.6937899738285229
AST-002345,0.6239930022585477,0.45136122074947055,0.9760194528916353,0.6837912252998845
AST-002346,0.5408175727815961,0.5821370140175082,0.939903698316226,0.6876194283717768
AST-002347,0.24240349299128217,0.5513242142406324,0.9804417760149133,0.5913898277489427
AST-002348,0.6243082120481731,0.6956180242564902,0.4215271926929195,0.5804844763325275
AST-002349,0.779133376822751,0.1376392228430374,0.9217384519712392,0.6128370172123425
AST-002350,0.8124115097445391,0.6640288637110996,0.883237856598964,0.7865594100182008
AST-002351,0.0,0.5397917352590832,0.4611181341037564,0.3336366231209465
AST-002352,0.5706535059351143,0.2633774175577707,0.8778218676682509,0.5706175970537121
AST-002353,0.5222636896081948,0.45715039334563956,0.926322360396422,0.6352454811167522
AST-002354,0.8257631906591258,0.7324309589940026,0.8510025820939012,0.80306557724901
AST-002355,0.834553399996694,0.944653175124461,0.960565470801024,0.9132573486407263
AST-002356,0.6260873849075043,0.6911075429142235,0.9120196763180027,0.7430715347132435
AST-002357,0.6299348899303935,0.4277114769424443,0.7656471968317518,0.6077645212348631
AST-002358,0.9269142494491409,0.6501832365783353,0.8405078068531177,0.805868430960198
AST-002359,0.15872750241870334,0.5245853680284239,0.8350450038204171,0.5061192914225149
AST-002360,0.0,0.8475471791557443,0.9293690609985785,0.5923054133847743
AST-002361,0.7742588413514377,0.22647756683123738,0.97553459698858,0.6587570017237517
AST-002362,0.5985657741567859,0.607522418595401,0.8191570016018144,0.6750817314513338
AST-002363,0.4139339680492416,0.31322389212646434,0.2005384073435845,0.3092320891730968
AST-002364,0.447064791633979,0.40322517562277704,0.7613755807844549,0.5372218493470703
AST-002365,0.9818776029278075,0.16758252664937445,0.9186712186666731,0.6893771160812849
AST-002366,0.6627543584100544,0.6368197871178116,0.8424254120084894,0.7139998525121185
AST-002367,0.5415514628722787,0.9477485922687457,0.9831213259033448,0.824140460348123
AST-002368,0.653096288552049,0.24599152021091583,0.8389802139956263,0.5793560075861971
AST-002369,0.7454982460817566,0.7334091492925887,0.9486176269083242,0.8091750074275564
AST-002370,0.673188780226083,0.2655923161726525,0.5104776917992235,0.48308626273265304
AST-002371,0.5240244116453086,0.35598114078700727,0.729533858702207,0.5365131370448409
AST-002372,0.6508968657833584,0.548375740341656,0.7303782574359224,0.6432169545203122
AST-002373,0.4600492267231789,0.1461880009456617,0.8400619589378571,0.48209972886889924
AST-002374,0.6790643950070196,0.33755247778375674,0.8793914505202881,0.6320027744370216
AST-002375,0.2043917450850683,0.20841883557870144,0.8706818576646725,0.42783081277614743
AST-002376,0.0,0.8181612552726133,0.3796063532269749,0.39925586949986275
AST-002377,0.7599614906770688,0.7626675665407129,0.8498309812442194,0.7908200128206669
AST-002378,0.6670767286743775,0.8494260304771534,0.9481914081733372,0.8215647224416228
AST-002379,0.7715681339576129,0.4651517486512211,0.633116245344309,0.6232787093177143
AST-002380,0.0,0.4279763597096113,0.9580994251326841,0.46202526161409846
AST-002381,0.4897594956234134,0.40392661693229487,0.6916172323293022,0.5284344482950035
AST-002382,0.23219500272846322,0.5792495139241829,0.640044118085095,0.4838295449125803
AST-002383,0.5234838866828871,0.2715103985375573,0.9950809633017915,0.596691749507412
AST-002384,0.6951003758354661,0.6605692738479737,0.8628726061755122,0.7395140852863173
AST-002385,0.4768760716202233,0.24026971530038324,0.4545607026236978,0.39056882984810143
AST-002386,0.6415423179101026,0.4020534425827521,0.9804799993395228,0.6746919199441258
AST-002387,0.7377388291012639,0.43139338596994,0.9355245745970984,0.7015522632227674
AST-002388,0.16252402310644218,0.4423818213312894,0.6151878082762227,0.40669788423798475
AST-002389,0.66840986687345,0.21631540026141527,0.7646956741436878,0.5498069804261844
AST-002390,0.5455257532485919,0.3065844431397712,0.335317437369483,0.3958092112526153
AST-002391,0.41363453851580523,0.39905842422440496,0.9270114705396325,0.5799014777599476
AST-002392,0.0,0.7396358378614589,0.6575537952098727,0.4657298776904439
AST-002393,0.28930802050863924,0.1980846975603414,0.6610351821032261,0.38280930005740227
AST-002394,0.5711408416382283,0.33439696101739286,0.9758272910650172,0.6271216979068794
AST-002395,0.3360883167925023,0.4788000658242466,0.9953207974214072,0.6034030600127187
AST-002396,0.9014281236503349,0.5652419052341601,0.8027440003629273,0.756471343082474
AST-002397,0.5504786973079301,0.2936482193686971,0.7149259140094848,0.5196842768953707
AST-002398,0.07793257878245372,0.26086298130509594,0.4630079592979581,0.26726783979516927
AST-002399,0.9846382683597357,0.5518151384357629,0.86781489440853,0.8014227670680095
AST-002400,0.3933934750415528,0.16178183187046852,0.716168524045959,0.42378127698599344
AST-002401,0.7928587651692066,0.6281280622364421,0.6498148901530689,0.6902672391862392
AST-002402,0.4119760228946941,0.7519224192429032,0.8499214421961888,0.6712732947779286
AST-002403,0.5275073527860705,0.2376180244399093,0.5080217668889477,0.4243823813716425
AST-002404,0.3946748164548022,0.5867579398421429,0.2122092768264199,0.39788067770778834
AST-002405,0.14216892458072858,0.4382561050312652,0.48956090677933095,0.3566619787971083
AST-002406,0.0,0.8444518094272129,0.7513815882464118,0.5319444658912081
AST-002407,0.5261043798582856,0.5534926792422957,0.8497684399371369,0.6431218330125729
AST-002408,0.0,0.4425580919684817,0.96851152469127,0.47035653888658385
AST-002409,0.0,0.7755174065790806,0.9850549167531653,0.5868574411107487
AST-002410,0.8920599601316695,0.693569258413039,0.5280274361623845,0.7045522182356976
AST-002411,0.6629150341645287,0.2326968455310644,0.4114300936199749,0.435680657771856
AST-002412,0.701119962752685,0.9015775606282046,0.983987582700826,0.8622283686939052
AST-002413,0.5446760262742861,0.549783104179329,0.6811026690143261,0.5918539331559804
AST-002414,0.0,0.4029564650544303,0.3156008326329141,0.23951909922911482
AST-002415,0.6930986347248306,0.45431495762279167,0.6182701059786037,0.5885612327754086
AST-002416,0.6169309815204423,0.7284762285313614,0.9186764338157634,0.7546945479558557
AST-002417,0.7471325812961392,0.3029391382019605,0.39050902475846544,0.4801935814188551
AST-002418,0.7116480811683225,0.31157148659464357,0.4894588419132455,0.5042261365587372
AST-002419,0.4955560410110981,0.4069254481107054,0.9945598839866711,0.6323471243694915
AST-002420,0.5925210480909758,0.6086262173326901,0.8328605422280961,0.6780026025505874
AST-002421,0.7133916041186896,0.7712736854597444,0.6504331240735339,0.7116994712173227
AST-002422,0.5925704548350624,0.19687339899507417,0.8422231710600623,0.543889008296733
AST-002423,0.8941962922965887,0.5613851428393893,0.4567075236021801,0.6374296529127194
AST-002424,0.9741192614331514,0.6076161460441961,0.9251148354517438,0.8356167476430304
AST-002425,0.39319621124335435,0.5131301303275234,0.8716973976857075,0.5926745797521952
AST-002426,0.7653625559580689,0.4854966925046283,0.9337572483890879,0.728205498950595
AST-002427,0.8033544730109182,0.17788707388432315,0.9562859671323437,0.6458425046758617
AST-002428,0.46127608971603,0.33068741261320167,0.3803960509780079,0.3907865177690799
AST-002429,0.3455258242571541,0.6798784567064434,0.6565783188056158,0.5606608665897378
AST-002430,0.0,0.5910645458029526,0.7755268150798311,0.4555304536275946
AST-002431,0.47281279286757205,0.36859211444301515,0.5667435729995627,0.46938282677004994
AST-002432,0.6044358703372128,0.7256888613698614,0.9533801486870974,0.7611682934647238
AST-002433,0.47844447043513577,0.4636793377135035,0.9455120347093271,0.6292119476193222
AST-002434,0.48666529890692617,0.712407405656884,0.7378929998399015,0.6456552348012372
AST-002435,0.4499871874771976,0.5656552630606869,0.805048421847032,0.6068969574616389
AST-002436,0.9643200199260131,0.8554327984843522,0.9223984647176582,0.9140504277093412
AST-002437,0.8100696515551564,0.832828067883827,0.9635663171827473,0.868821345540577
AST-002438,0.0,0.4998059001134914,0.8848850745828847,0.46156365823212536
AST-002439,0.7029202178077996,0.7680915568802968,0.7109222462769035,0.7273113403216667
AST-002440,0.8569671035685803,0.3226790360950712,0.8416885389345646,0.6737782261994054
AST-002441,0.0,0.279868132766428,0.22300883839410998,0.16762565705351265
AST-002442,0.36474147810262136,0.5489771451793867,0.5239476286781469,0.47922208398671834
AST-002443,0.8142375716039112,0.3888587836604373,0.8542301808087379,0.6857755120243622
AST-002444,0.9683500764183713,0.703697363834658,0.19708431222857792,0.623043917493869
AST-002445,0.7962149922365274,0.44952878389258,0.8490286505698373,0.6982574755663148
AST-002446,0.4944262437390242,0.596511446903518,0.2979660631830449,0.4629679179418624
AST-002447,0.8534085640007565,0.4096584187021525,0.33275002895284833,0.5319390038852525
AST-002448,0.796695733049909,0.6260102481630365,0.8325683000593153,0.7517580937574203
AST-002449,0.8510841044890876,0.5887298150972564,0.6132568438366908,0.6843569211410117
AST-002450,0.34153565190083557,0.8248615624608601,0.8728219811779405,0.6797397318465453
AST-002451,0.6736108888952979,0.19784630214655868,0.7659113161070519,0.5457895023829694
AST-002452,0.6454001422404807,0.6392026614547504,0.9187079873621926,0.7344369303524746
AST-002453,0.6255762034696456,0.8239076892731048,0.5784570331283522,0.6759803086237008
AST-002454,0.0,0.2827368785974261,0.7598181132558157,0.34751833061774723
AST-002455,0.9590766367456752,0.8342036276410644,0.9040299699650188,0.8991034114505861
AST-002456,0.2244189242210379,0.26714046124196184,0.902842330657581,0.4648005720401936
AST-002457,0.7987392598162145,0.7642107401884504,0.7460586707995458,0.7696695569347369
AST-002458,0.9000543643328602,0.1483128339294667,0.6348739694385929,0.5610803892336399
AST-002459,0.0,0.35163673380467825,0.5988336854678552,0.3168234730908445
AST-002460,0.7584632719148289,0.43304640960272606,0.23863626719982045,0.4767153162391251
AST-002461,0.6078408978768477,0.7412830174525955,0.8620204626987826,0.7370481260094085
AST-002462,0.8052000708273093,0.8284774093694822,0.9278061338003419,0.8538278713323778
AST-002463,0.7087223636990075,0.6132715104189218,0.9794139289842118,0.7671359343673804
AST-002464,0.7783667947953513,0.6076306037431444,0.9154386476623211,0.7671453487336056
AST-002465,0.9150362265619087,0.1497114468121063,0.8802022347052804,0.6483166360264319
AST-002466,0.8049482914650699,0.38887411329585975,0.32594718929659655,0.5065898646858421
AST-002467,0.9070167493700847,0.6314939519482919,0.8039521496606582,0.780820950326345
AST-002468,0.6849653707928873,0.631721668398213,0.5954037162963357,0.6373635851624787
AST-002469,0.8890510404503809,0.6976402869400365,0.7178390536049535,0.7681767936651237
AST-002470,0.2619347336029619,0.12697771385702114,0.2445934611960485,0.21116863621867718
AST-002471,0.5531494964455623,0.41124069452137646,0.8164027464500336,0.5935976458056574
AST-002472,0.7721980845284395,0.6483214280150691,0.9093879381886311,0.7766358169107132
AST-002473,0.821224653065327,0.18657636461694738,0.8908821372381818,0.6328943849734854
AST-002474,0.2547207173075258,0.7820693626128388,0.8215220854994171,0.6194373884732606
AST-002475,0.6716317890910113,0.6337905708338235,0.9672042962748162,0.7575422187332169
AST-002476,0.39537674808114814,0.5540558566319539,0.8447894535126367,0.5980740194085796
AST-002477,0.6051288180418879,0.16274123340414118,0.9307910150865818,0.5662203555108704
AST-002478,0.0,0.3358578049833318,0.6712579125846428,0.3357052391893249
AST-002479,0.30981236798310646,0.2622460338613612,0.9739095375979223,0.5153226464807966
AST-002480,0.5882410279301895,0.24423601816440166,0.5243610608731175,0.4522793689892362
AST-002481,0.7730990866362202,0.6728655605429821,0.9730927708182895,0.8063524726658305
AST-002482,0.8061272615146101,0.8674612936430217,0.5490288244655619,0.740872459874398
AST-002483,0.35249442462266595,0.47907572485100164,0.722012788654032,0.5178609793758998
AST-002484,0.9136794903303288,0.47675190465224504,0.9597070229630531,0.7833794726485422
AST-002485,0.22352968294868675,0.8295827683720737,0.9058905549318286,0.6530010020841963
AST-002486,0.0,0.48665550981844036,0.7659770790743088,0.41754419629758305
AST-002487,0.7236937104861572,0.7307720680970303,0.8134224781990613,0.7559627522607496
AST-002488,0.0,0.1365127734690654,0.953384663294158,0.3632991455877412
AST-002489,0.7973525566933428,0.9004924015139407,0.9988709616860322,0.8989053066311053
AST-002490,0.4919578434767696,0.6819596414547514,0.908466080589257,0.6941278551735927
AST-002491,0.6210568846141887,0.3097328775194007,0.5105393312662079,0.48044303113326575
AST-002492,0.0,0.24910457299046523,0.9741206409133153,0.40774173796792684
AST-002493,0.0,0.7036118079468046,0.8328682209514278,0.5121600096327441
AST-002494,0.48509869623090895,0.35458896241318294,0.8179265122812623,0.552538056975118
AST-002495,0.3546728319002264,0.713109370466003,0.9117368230676883,0.6598396751446393
AST-002496,0.6096224916912257,0.289735085253071,0.3113859238581477,0.4035811669341481
AST-002497,0.6773473468708421,0.5473649772909044,0.6015407253845706,0.6087510165154391
AST-002498,0.0,0.298318202128344,0.4011880817346238,0.23316876128765593
AST-002499,0.2429325838715332,0.4445080178183299,0.928881343610807,0.5387739817668901
AST-002500,0.16525019999687457,0.7131129894324578,0.7457540851643917,0.5413724248645747
AST-002501,0.2241155029369983,0.1388596718648808,0.6176646700138275,0.3268799482719022
AST-002502,0.3240917030725064,0.7136007185909561,0.7782379272604756,0.6053101163079794
AST-002503,0.5956040936729237,0.7593373649672103,0.8694684786527124,0.7414699790976155
AST-002504,0.6730627385483483,0.3002337230557377,0.7840085602977391,0.5857683406339417
AST-002505,0.5835417490099655,0.5914810875738401,0.9008577631932636,0.6919601999256897
AST-002506,0.3763747770878489,0.3305377471444866,0.2577500794058815,0.32155420121273903
AST-002507,0.540537048694242,0.503876639454189,0.7441531057964728,0.596188931314968
AST-002508,0.46284946287327844,0.6776169275194087,0.6935711571245188,0.6113458491724019
AST-002509,0.9556648130458719,0.4100801817771292,0.9031090091785392,0.7562846680005135
AST-002510,0.0,0.6598097990652189,0.8937172742544802,0.5178423577732331
AST-002511,0.43043985667248835,0.5244774225623036,0.9929426682438341,0.649286649159542
AST-002512,0.3838403068522662,0.5217630646735413,0.8790554636947921,0.5948862784068666
AST-002513,0.34978243770356576,0.32876036558834226,0.6451549505486794,0.44123258461352916
AST-002514,0.9413666315507812,0.4251063352620844,0.8770594411472299,0.7478441359866985
AST-002515,0.768239477653645,0.7630829817575656,0.8079324148628857,0.7797516247580321
AST-002516,0.643912831478405,0.7996814737036907,0.7649001888884882,0.7361648313568613
AST-002517,0.37492049411451234,0.40891072159775044,0.13275251385260478,0.30552790985495587
AST-002518,0.7676182843597247,0.24211672061708633,0.7175865333558309,0.5757738461108807
AST-002519,0.4708824877378059,0.6058927655969121,0.7546988284524552,0.6104913605957244
AST-002520,0.6125092707776588,0.462783149131886,0.8631870042907454,0.6461598080667633
AST-002521,0.0,0.561189601698719,0.9745687411450333,0.5119194476145842
AST-002522,0.0,0.6928101232922839,0.8880503188282242,0.526953480706836
AST-002523,0.32992889098302647,0.5334980953524674,0.7818208151824687,0.5484159338393209
AST-002524,0.0,0.22450743810504176,0.5175348777541012,0.2473474386197143
AST-002525,0.6274577084717564,0.5442826361731973,0.5813767029839799,0.5843723492096445
AST-002526,0.40744628085977846,0.488259927515164,0.8656526564580085,0.5871196216109836
AST-002527,0.5320500608578924,0.8112996372373421,0.4559265735487561,0.5997587572146635
AST-002528,0.49794692383893224,0.5839434911690335,0.8106455932989602,0.6308453361023086
AST-002529,0.10100276304448115,0.35289963316092166,0.9400291014389428,0.4646438325481152
AST-002530,0.6901751215476463,0.6917592469443169,0.9302449195254369,0.7707264293391334
AST-002531,0.0,0.5655557630140057,0.7564699577351315,0.44067524024971244
AST-002532,0.38873107021378406,0.2369760199830289,0.7373507413001129,0.4543526104989753
AST-002533,0.6514120166760794,0.5647184423172981,0.8381488129038179,0.6847597572990652
AST-002534,0.34382507738448304,0.2416537714470066,0.42895870427762195,0.33814585103637046
AST-002535,0.4768888874435992,0.9070240849203655,0.5884497852808468,0.6574542525482705
AST-002536,0.0,0.6783951417949055,0.9566716564308138,0.5450222660752397
AST-002537,0.6958019594056205,0.6993772360593173,0.7062501693078621,0.7004764549242667
AST-002538,0.0,0.5148124907536504,0.7843807026527613,0.4330643978021372
AST-002539,0.5293405277547807,0.4064374356439221,0.8167443980781586,0.5841741204922871
AST-002540,0.9505411932032541,0.6640739070104796,0.9707280167855595,0.8617810389997644
AST-002541,0.5561547646731413,0.43512793856035803,0.8010718159143223,0.5974515063826072
AST-002542,0.7270758195833846,0.6491736627679522,0.8036962123058153,0.7266485648857174
AST-002543,0.3944981210693279,0.40490460599600425,0.9720424075115718,0.5904817115256346
AST-002544,0.77416348447568,0.750533410172043,0.9342625780816262,0.8196531575764497
AST-002545,0.8572272136314618,0.8710163214409279,0.5961861308638661,0.7748098886454186
AST-002546,0.7117218310825895,0.7423307696694905,0.9542832011203938,0.802778600624158
AST-002547,0.4575106094599121,0.3762071456234692,0.9558480658979094,0.5965219403270968
AST-002548,0.4295769580103276,0.3563799038305687,0.9548554818582528,0.5802707812330498
AST-002549,0.7865818501499113,0.19953527188686843,0.887466336093027,0.6245278193766023
AST-002550,0.35965453959050175,0.1628884678404868,0.8713746755737777,0.4646392276682554
AST-002551,0.6657920884757538,0.6318760828715705,0.8938624897137117,0.7305102203536786
AST-002552,0.0,0.59238497215453,0.5697990644384421,0.38739467886432405
AST-002553,0.9188891254457422,0.6471210131663231,0.9486260941193254,0.8382120775771303
AST-002554,0.8184367467807,0.8353575559822601,0.6899392867038026,0.7812445298222542
AST-002555,0.0,0.7975935073158682,0.6669868449685752,0.48819345076148113
AST-002556,0.4797131777797291,0.18725785891821836,0.6951955847192002,0.45405554047238256
AST-002557,0.3221301272425939,0.2143248363775942,0.557884825918576,0.3647799298462547
AST-002558,0.6156355538079806,0.8117174337752568,0.9693347252624698,0.7988959042819023
AST-002559,0.6454680180964526,0.5802509118193065,0.2632710356590401,0.4963299885249331
AST-002560,0.40364183436184947,0.5990876004753481,0.8776797421576324,0.6268030589982767
AST-002561,0.5238981926350408,0.45142411392096315,0.7009040203629241,0.558742108972976
AST-002562,0.5827581413003338,0.6015450397249815,0.4217767836098503,0.5353599882117218
AST-002563,0.4971543550805711,0.16048010551009692,0.9230050689547297,0.5268798431817993
AST-002564,0.0,0.7633891134532872,0.5653299840860853,0.44290636584645754
AST-002565,0.9148338933090562,0.2828436323977686,0.9288988337915227,0.7088587864994492
AST-002566,0.2930425401182354,0.15909549998901937,0.3509037608202003,0.2676806003091517
AST-002567,0.396770807539886,0.1243970296276596,0.9066632122206008,0.4759436831293821
AST-002568,0.8310033761671829,0.512952268660282,0.8928110349580844,0.7455888932618498
AST-002569,0.8432869530304702,0.5891679701069248,0.978662978393033,0.8037059671768093
AST-002570,0.8906580512753747,0.9125205687943118,0.9902005476138913,0.9311263892278593
AST-002571,0.7074239887766015,0.564218725376164,0.4656946208582031,0.5791124450036562
AST-002572,0.5034825220329611,0.8088071886162777,0.8648756613264404,0.7257217906585597
AST-002573,0.9430283799050557,0.3714138857313337,0.9660507163913243,0.7601643273425713
AST-002574,0.6349009873475273,0.42124969668324164,0.9569698849041933,0.6710401896449875
AST-002575,0.38728786921217245,0.620115049615975,0.27157228191101457,0.42632506691305405
AST-002576,0.5437319105738717,0.8013557869496977,0.8608785014689024,0.735322066330824
AST-002577,0.609193304288982,0.17858050843347023,0.9566659670542956,0.5814799265922493
AST-002578,0.5281883571460552,0.07872417536830047,0.7083763469122105,0.438429626475522
AST-002579,0.0,0.3984062483398823,0.7861630324663241,0.3948564269354022
AST-002580,0.0,0.6226437680545709,0.8911110369720933,0.504584935008888
AST-002581,0.6204299271119348,0.8033988416225016,0.8572416687806368,0.7603568125050244
AST-002582,0.1142422593607202,0.34245319751383396,0.8901930241879016,0.4489628270208186
AST-002583,0.6127533694962399,0.35184657228714095,0.7307158596682238,0.5651052671505349
AST-002584,0.8218691994757025,0.8046693520847307,0.7962412784115123,0.8075932766573152
AST-002585,0.7205449776862334,0.4677205637169233,0.3956619777708061,0.5279758397246542
AST-002586,0.3959495366004366,0.6898354520160773,0.7257797220707661,0.6038549035624267
AST-002587,0.0,0.2846465719666925,0.9728329560378334,0.4191598426681753
AST-002588,0.17684491715456133,0.3110641314332711,0.28467906854224595,0.25752937237669277
AST-002589,0.7729137748136692,0.6900046527558034,0.9043774202607787,0.7890986159434171
AST-002590,0.2583440784988191,0.7774283099722401,0.5396180994592961,0.5251301626434518
AST-002591,0.5090361713875148,0.3769726466362705,0.34290911092729703,0.4096393096503608
AST-002592,0.470531964979165,0.47161308841561184,0.5963979709842255,0.5128476747930008
AST-002593,0.8140559826686009,0.737647717632278,0.5704180771747145,0.7073739258251978
AST-002594,0.3358670006191834,0.5738877833094063,0.6976979559833728,0.5358175799706542
AST-002595,0.35806533641116517,0.8080380787553181,0.8567106680783522,0.6742713610816118
AST-002596,0.8041775896648401,0.6732492986113668,0.43136373651511234,0.6362635415971064
AST-002597,0.4794090955157441,0.7819657171038459,0.9907101804355315,0.7506949976850406
AST-002598,0.7834005810646654,0.6644017293639433,0.9804395062209559,0.8094139388831882
AST-002599,0.8241190970854916,0.838535144931907,0.9873499341153661,0.8833347253775882
AST-002600,0.0,0.38173106542245333,0.7337996752725218,0.37184358023165837
AST-002601,0.36079308640654917,0.3927073193003014,0.37898550058784075,0.3774953020982304
AST-002602,0.3776322119314579,0.1531831206679916,0.9311521565845042,0.48732249639465125
AST-002603,0.6095130328151632,0.7505244340294973,0.6194411401068843,0.6598262023171816
AST-002604,0.7538412747047138,0.4003959691122802,0.9958632642882381,0.7167001693684107
AST-002605,0.7110642669541901,0.6955457732233469,0.9683078642963403,0.7916393014912924
AST-002606,0.057552842270095744,0.5947820596408041,0.49629473563691395,0.3828765458492713
AST-002607,0.22410896565534988,0.3971637132937304,0.9410499217832474,0.5207742002441093
AST-002608,0.257489977497206,0.459134860336734,0.434721338772426,0.38378205886878863
AST-002609,0.23585439713306006,0.5471297217511283,0.3447540666859052,0.37591272852336455
AST-002610,0.5154585027080801,0.6438725564114336,0.8069932660407344,0.6554414417200827
AST-002611,0.73678325999693,0.4644998918610988,0.7040791951608273,0.6351207823396187
AST-002612,0.9409392316109753,0.6358026661309863,0.264544009896082,0.6137619692126812
AST-002613,0.9540953946104939,0.730196109739233,0.5842005255614097,0.7561640099703788
AST-002614,0.6088767585362344,0.7931280647167076,0.8950858575978539,0.765696893616932
AST-002615,0.0,0.7515293926064575,0.47529329846978324,0.4089408970254136
AST-002616,0.4251296315834014,0.7404166209845151,0.5059654772796094,0.557170576615842
AST-002617,0.6563706547606648,0.9268619333304366,0.9707818486577054,0.8513381455829356
AST-002618,0.6892765340861816,0.9552273149217237,0.6027670419521881,0.7490902969866978
AST-002619,0.21939456294958504,0.23458056533750435,0.5085764111898139,0.3208505131589678
AST-002620,0.8016229514538994,0.6136125948083314,0.9172339437420841,0.7774898300014383
AST-002621,0.1693363901710072,0.4579544252478265,0.3010565887643362,0.3094491347277233
AST-002622,0.27971853731701285,0.43687521125884055,0.9883510790763962,0.5683149425507499
AST-002623,0.0,0.5136351313024993,0.8601001795276957,0.45791177027673163
AST-002624,0.7108746589735434,0.9592485400942776,0.8127101110724931,0.8276111033801047
AST-002625,0.4458340928883279,0.7823911199094262,0.8606178909367952,0.6962810345781832
AST-002626,0.8230801570053673,0.6333444894441762,0.9341806540079705,0.7968684334858379
AST-002627,0.0,0.3164351308893764,0.9811849949507148,0.4325400419466971
AST-002628,0.6165002358767585,0.28336639250076323,0.35074924347838266,0.41687195728530146
AST-002629,0.5308905278488315,0.5028884412456499,0.9936891077127004,0.6758226922690606
AST-002630,0.6319272385264769,0.5784991680534951,0.5752263007391941,0.5952175691063887
AST-002631,0.7032460351052319,0.8912833883417369,0.878184608429258,0.8242380106254089
AST-002632,0.6862021760858183,0.6218382210489855,0.8584382951221863,0.7221595640856634
AST-002633,0.5567449630594467,0.5832246077628166,0.4256985096710077,0.5218893601644237
AST-002634,0.425215500142075,0.5211687458475212,0.661482866518414,0.5359557041693367
AST-002635,0.5611715222369903,0.5185402798212018,0.9961314102657906,0.6919477374413274
AST-002636,0.5280166218918203,0.3371825455066949,0.5385124084137085,0.4679038586040745
AST-002637,0.5784339526066913,0.45913118456059515,0.6710508761317648,0.5695386710996838
AST-002638,0.555324202987664,0.28146738945116606,0.4127753491069535,0.4165223138485945
AST-002639,0.9669889463210101,0.9126301480486656,0.870238668817216,0.9166192543956305
AST-002640,0.23890486728694046,0.5905257163938415,0.9650891969270264,0.5981732602026028
AST-002641,0.10251892402179669,0.6507991051849092,0.5344163582473678,0.42924479581802455
AST-002642,0.25765453361103224,0.4476936712748382,0.359519001731871,0.3549557355392472
AST-002643,0.5491764347210271,0.45877606516514124,0.6048277443851365,0.5375934147571017
AST-002644,0.5700653404147213,0.11558518026777388,0.8052659722163135,0.49697216429960295
AST-002645,0.739050651085151,0.8526873310979123,0.8448212147072972,0.8121863989634535
AST-002646,0.40953491575876044,0.6949567080008809,0.9230741160831346,0.6758552466142587
AST-002647,0.17990082696665577,0.5157340091899512,0.4350796955464672,0.37690484390102474
AST-002648,0.21580987037361582,0.8058717652605842,0.9080025897809054,0.6432280751383684
AST-002649,0.768294999543024,0.541240789854374,0.9269896390336531,0.7455084761436837
AST-002650,0.864396183395731,0.4462064863063212,0.918845816067898,0.7431494952566501
AST-002651,0.36515709246088696,0.48739696875751537,0.5787501963116215,0.47710141917667465
AST-002652,0.424623351810567,0.2705058092513085,0.9985722575849663,0.5645671395489472
AST-002653,0.04045587960559887,0.6317659946379534,0.7857004738315241,0.48597411602502544
AST-002654,0.39585095130098874,0.40502665388187814,0.538815560109759,0.44656438843087526
AST-002655,0.7493820457217155,0.5982938850915817,0.6359758137924784,0.6612172482019253
AST-002656,0.6962409436190016,0.22733132219739255,0.7577514710369614,0.5604412456177852
AST-002657,0.7906614967897416,0.7636757974347199,0.800028395635203,0.7847885632865549
AST-002658,0.43253688050021727,0.9094020400954463,0.9363541017423778,0.7594310074460138
AST-002659,0.749089645026353,0.7422395369095683,0.7769264995124932,0.7560852271494715
AST-002660,0.6142167467002234,0.6040791538395064,0.75667152617745,0.6583224755723932
AST-002661,0.5983402538322872,0.5316581221015032,0.6121121313385918,0.5807035024241274
AST-002662,0.0,0.288333264705338,0.7623145098791609,0.3502159248614996
AST-002663,0.6792212178135941,0.5601168952786704,0.8018899369269876,0.6804093500064173
AST-002664,0.9476305164492739,0.400887459019785,0.9881062403737796,0.7788747386142795
AST-002665,0.8455163597029485,0.9121083386555877,0.9494523148644037,0.9023590044076467
AST-002666,0.869631435280718,0.5380090605657268,0.6340497303897475,0.6805634087453974
AST-002667,0.0,0.905793876333456,0.5789841629645681,0.49492601309934137
AST-002668,0.0,0.4929308979969986,0.8423638898762953,0.4450982626244313
AST-002669,0.30857790617062314,0.6837153091500302,0.871057642851493,0.6211169527240488
AST-002670,0.35739307763419165,0.26077457175922036,0.907409234094662,0.5085256278293581
AST-002671,0.7964260756399197,0.518937768069592,0.9469070286734882,0.7540902907943332
AST-002672,0.3965356544990866,0.5631892806820264,0.401325909629538,0.4536836149368837
AST-002673,0.8905026643093943,0.3993223531221245,0.8425551861999923,0.7107934012105037
AST-002674,0.5445923608181691,0.5743991393686321,0.9660719273716768,0.6950211425194927
AST-002675,0.9263970786404987,0.6083441884813477,0.9847376255427304,0.8398262975548589
AST-002676,0.8405652844607668,0.311520020960763,0.34710466477746,0.49972999006632995
AST-002677,0.5702813775291821,0.5089479121827523,0.6434149032476262,0.5742147309865201
AST-002678,0.9434982352046379,0.9173995919109289,0.7431055575974183,0.8680011282376617
AST-002679,0.8827485528296382,0.7642783885324551,0.9492723091371651,0.8654330834997528
AST-002680,0.6387395818641479,0.8089895718946846,0.5686886504223129,0.6721392680603818
AST-002681,0.6456203809228778,0.8881424479619664,0.9220010719346783,0.8185879669398407
AST-002682,0.5757763653804703,0.24751907471303222,0.9427449993063092,0.5886801464666039
AST-002683,0.0,0.8267654000395562,0.9820829639040298,0.6029494546478621
AST-002684,0.6268471011389997,0.708939023941673,0.8956476037740828,0.7438112429515851
AST-002685,0.4810850120715264,0.6227499570581349,0.7224647547363356,0.6087665746219989
AST-002686,0.0,0.5173662422496443,0.44468762276738005,0.32068462167234146
AST-002687,0.7649059880598428,0.22457666966436984,0.610028579383434,0.5331704123692155
AST-002688,0.41552449275006026,0.4537400502825209,0.9282653492215409,0.5991766307513741
AST-002689,0.7005898741743877,0.7167876638820136,0.9691312520032754,0.7955029300198923
AST-002690,0.8479745914357917,0.5259237870939679,0.7350639789348593,0.7029874524882063
AST-002691,0.5104386384377206,0.8412583095518946,0.6893611985149679,0.6803527155015278
AST-002692,0.0,0.49805212440106483,0.362718006834489,0.28692337707851795
AST-002693,0.7855319387568381,0.4436830465100124,0.7450478559738934,0.6580876137469147
AST-002694,0.7015721169987423,0.2988860087242813,0.6917768745600198,0.5640783334276812
AST-002695,0.7086423979218454,0.6708089446208022,0.5871953611454485,0.6555489012293654
AST-002696,0.7971927990004152,0.3651303257216836,0.9269036000436665,0.696408908255255
AST-002697,0.7222824656454239,0.6418352591145569,0.9532596564955416,0.7724591270851741
AST-002698,0.34106469178386384,0.15389884335780574,0.6994177063744976,0.3981270805053891
AST-002699,0.7671488098260346,0.13834809769369913,0.843183193693861,0.5828933670711982
AST-002700,0.5988814415425442,0.4385208809252786,0.9768561701507839,0.6714194975395356
AST-002701,0.8207673197893985,0.557553972083405,0.8934554944822,0.7572589287850011
AST-002702,0.788301111028107,0.4032954166142176,0.6579246714673741,0.6165070663698996
AST-002703,0.42544892694326036,0.3365445016213634,0.5939057296558079,0.4519663860734772
AST-002704,0.337415406187263,0.5065904847880988,0.9290476845723399,0.5910178585159006
AST-002705,0.5826142925186413,0.7684941493389964,0.6672762447454896,0.6727948955343758
AST-002706,0.5127376707594692,0.15310498312114296,0.41527052951160914,0.3603710611307404
AST-002707,0.7038891826451672,0.443263797968273,0.9844985930004684,0.7105505245379695
AST-002708,0.2818296816606088,0.4435463572782657,0.8715323281504135,0.5323027890297626
AST-002709,0.8456865680290849,0.49745560392870686,0.9393385320565609,0.7608269013381176
AST-002710,0.0,0.7806240977696242,0.7926514491412433,0.5244251823036225
AST-002711,0.602391560223189,0.8556220443744774,0.9171215256456529,0.7917117100811065
AST-002712,0.6264637348555625,0.3087048294810053,0.9422061076404022,0.6257915573256567
AST-002713,0.6830921507220998,0.7496147784272779,0.8873289788939704,0.773345302681116
AST-002714,0.49389843897193775,0.29794431643840436,0.7856840849813274,0.5258422801305564
AST-002715,0.45661967032543666,0.5896743293461705,0.8270314510828236,0.6244418169181436
AST-002716,0.5457589839454228,0.40986359441091164,0.6958210053820462,0.5504811945794602
AST-002717,0.44669487802983937,0.6308233861098057,0.7377729348516658,0.6050970663304369
AST-002718,0.4075416658185527,0.8586510260583454,0.8191765261698734,0.6951230726822573
AST-002719,0.8042729877264363,0.4475235282692348,0.8548974923323921,0.7022313361093544
AST-002720,0.8996406764368106,0.8068035726229024,0.9422937811525921,0.882912676737435
AST-002721,0.9341490261851431,0.19333421915588325,0.9044329299339524,0.6773053917583263
AST-002722,0.9057173475367905,0.4744650660473524,0.8340489720300387,0.7380771285380606
AST-002723,0.5762809941729525,0.9186058456667373,0.6650946342802461,0.7199938247066453
AST-002724,0.0,0.8161741240765312,0.8156761782339672,0.5439501007701661
AST-002725,0.8982261270361285,0.2731890639395937,0.9239530814969467,0.698456090824223
AST-002726,0.3052848386012421,0.26160678318996516,0.9341921512376861,0.5003612576762978
AST-002727,0.6860822784313405,0.7560101533287669,0.8511589225196498,0.7644171180932524
AST-002728,0.6814648525737698,0.820592210732621,0.2801469571457158,0.5940680068173688
AST-002729,0.9037290316805942,0.42547461836078704,0.9000214897378972,0.7430750465930928
AST-002730,0.0,0.4991487690640476,0.8111370856242411,0.43676195156276293
AST-002731,0.2803011370920276,0.7317922643862453,0.8542819258735326,0.6221251091172685
AST-002732,0.2937196408414076,0.6981538329784541,0.3711350026075085,0.4543361588091234
AST-002733,0.0,0.7249453238708663,0.9573710822024148,0.5607721353577604
AST-002734,0.614075232093294,0.30498600876588594,0.8966650718767233,0.605242104245301
AST-002735,0.32899341722110914,0.2107628233267571,0.8967305919562644,0.4788289441680435
AST-002736,0.7709402785265058,0.5858032006331907,0.792221352312864,0.7163216104908535
AST-002737,0.39891674818037265,0.6624615695329795,0.24586899649453223,0.43574910473596146
AST-002738,0.6542287491453153,0.8268924724472172,0.9967962181461202,0.8259724799128842
AST-002739,0.0,0.2998797009435743,0.9152016889784771,0.40502712997401713
AST-002740,0.7846867279838733,0.6755260274417226,0.47000120012926766,0.6434046518516212
AST-002741,0.4279545199257115,0.7761346509248869,0.3384477513787559,0.5141789740764514
AST-002742,0.41576267388368954,0.46089136520049206,0.6985830322302703,0.525079023771484
AST-002743,0.7001639384385485,0.5824469672895735,0.9710192507962488,0.7512100521747902
AST-002744,0.8768315094253821,0.5842987262793398,0.8510358943469527,0.7707220433505583
AST-002745,0.8691951021717869,0.1928570393297921,0.8412237222810053,0.6344252879275281
AST-002746,0.5191786764939736,0.2398356664669779,0.23944952162613323,0.3328212881956949
AST-002747,0.7652340975032428,0.6617679828855884,0.9256089245277809,0.7842036683055373
AST-002748,0.6320717309339403,0.2815195076187946,0.8006907957703667,0.5714273447743672
AST-002749,0.0,0.19034607370382714,0.7699199892562968,0.32008868765337467
AST-002750,0.2994520149390297,0.44833305315938576,0.9049578733441321,0.5509143138141825
AST-002751,0.4948736078150188,0.6416140395697285,0.6300985832199251,0.5888620768682241
AST-002752,0.6050313387161542,0.09441884011850857,0.6629913786483805,0.4541471858276811
AST-002753,0.6977111348480156,0.5499620872783416,0.830308356740752,0.6926605262890364
AST-002754,0.4789983320607336,0.3810670729007988,0.47126508066983247,0.44377682854378825
AST-002755,0.6032865078037176,0.33863533647324867,0.9423082545539172,0.6280766996102946
AST-002756,0.30053385475532557,0.5956855246778014,0.9228050829886185,0.6063414874739151
AST-002757,0.20474545315906273,0.7731789257554917,0.2842034006897004,0.420709259868085
AST-002758,0.8110136546927479,0.8474570629514746,0.8477323601577225,0.8354010259339817
AST-002759,0.307151608340817,0.5516911544577245,0.8585393511561382,0.5724607046515598
AST-002760,0.5201507838135135,0.3070696038816539,0.9197136372085581,0.5823113416345752
AST-002761,0.8308326702929356,0.7572260826102046,0.3995295946278381,0.6625294491769927
AST-002762,0.5607784966468391,0.5382067577483486,0.6303441330504703,0.5764431291485527
AST-002763,0.0,0.692035002716815,0.8261792492414818,0.5060714173194323
AST-002764,0.6589150477033665,0.32840224361796133,0.5086386135090623,0.4986519682767967
AST-002765,0.4708113438333532,0.7905660037744267,0.8325702175413467,0.6979825217163755
AST-002766,0.8112022653099862,0.6411289869587663,0.748328226648486,0.7335531596390795
AST-002767,0.7775384825263727,0.7005314507255219,0.8996385054154807,0.7925694795557918
AST-002768,0.7014466339173324,0.46503090628091465,0.7857376292204801,0.6507383898062423
AST-002769,0.3207220321613987,0.28520152357311135,0.9591784644681656,0.5217006734008919
AST-002770,0.7239404355949488,0.053138399094699924,0.6631686829945644,0.4800825058947377
AST-002771,0.9237312816598562,0.588628461341673,0.7419940812319402,0.7514512747444898
AST-002772,0.5716298648976617,0.48459452128603303,0.5439127905329635,0.5333790589055527
AST-002773,0.12781802283061486,0.10790943475454919,0.5644674011337398,0.2667316195729679
AST-002774,0.831544048392753,0.4665985970467717,0.7346018703760562,0.6775815052718602
AST-002775,0.36994526005126827,0.435373125554999,0.9030241288364654,0.5694475048142443
AST-002776,0.43798061871359345,0.8651190900141359,0.5724222706673098,0.6251739931316798
AST-002777,0.5490258129799871,0.6006301875399979,0.7362078214641965,0.6286212739947271
AST-002778,0.722237605070489,0.4052655696586189,0.6575017840976594,0.5950016529422557
AST-002779,0.9795624470110423,0.7412644193711099,0.7845094556214249,0.8351121073345258
AST-002780,0.27211947718878404,0.8708137034879458,0.6433320155657273,0.595421732080819
AST-002781,0.7468357006463008,0.41483101570089853,0.9485942130641563,0.7034203098037851
AST-002782,0.4053697373800394,0.3758106354125805,0.6601568919369202,0.48044575490984665
AST-002783,0.5745996659554048,0.3358434152193137,0.927289673122429,0.6125775847657159
AST-002784,0.0,0.7280057222075138,0.9863781205126314,0.5714612809067151
AST-002785,0.4290346983039962,0.960317550011516,0.8555248246570342,0.7482923576575155
AST-002786,0.0,0.6147241572884481,0.9848222961393112,0.5331821511425864
AST-002787,0.501671036979743,0.3020121198341417,0.3180537266852871,0.37391229449972396
AST-002788,0.8138499890305633,0.8245777652276673,0.7757832918873527,0.804737015381861
AST-002789,0.8006333396644997,0.6613174122215173,0.913070615021664,0.791673788969227
AST-002790,0.635557546138056,0.7735970946920566,0.757436245307476,0.7221969620458628
AST-002791,0.6852226441082462,0.6376601223705454,0.6225515448066473,0.6484781037618129
AST-002792,0.8203274026441478,0.5824484780691559,0.8146891909057244,0.7391550238730095
AST-002793,0.7542372420594894,0.16616457021277026,0.9167400505448501,0.6123806209390366
AST-002794,0.823932214142242,0.9310465547182251,0.804074488740958,0.8530177525338084
AST-002795,0.46395512108948034,0.4371108172238808,0.9579782589430668,0.619681399085476
AST-002796,0.6571261912026902,0.8491678655509872,0.6452288781719254,0.7171743116418675
AST-002797,0.0,0.6349027221176672,0.6113902693537836,0.4154309971571502
AST-002798,0.8026938329682244,0.797021209339784,0.9016245739477439,0.8337798720852508
AST-002799,0.4663504999228183,0.8673799075642323,0.67569380167074,0.6698080697192635
AST-002800,0.4462734266179536,0.5211339827508774,0.8243095863804998,0.5972389985831102
AST-002801,0.8122320270995996,0.7726803463664018,0.7173665494671561,0.7674263076443858
AST-002802,0.8070041132790575,0.6192338825149831,0.9908588072461645,0.805698934346735
AST-002803,0.6632729007876209,0.6586306055035939,0.6687459761990036,0.6635498274967394
AST-002804,0.5487713455377878,0.7782199843034762,0.5895808634467651,0.6388573977626764
AST-002805,0.3807038397299611,0.7852952151773062,0.6761144086420542,0.6140378211831071
AST-002806,0.49192208541240484,0.861564724228837,0.8493048757298681,0.7342638951237034
AST-002807,0.9278749228968082,0.7247324994530212,0.33661221872511127,0.663073213691647
AST-002808,0.6337893905837221,0.7027828836412704,0.6407379360001451,0.6591034034083791
AST-002809,0.3580417484799027,0.6949828616745399,0.6553315227030378,0.5694520442858269
AST-002810,0.4719995241665856,0.8779009603459528,0.8011606552166409,0.7170203799097264
AST-002811,0.676614836402564,0.4542161716733892,0.989801337946723,0.7068774486742253
AST-002812,0.4090476813214864,0.6709548671606957,0.9878292139494309,0.689277254143871
AST-002813,0.5672588109446579,0.3865662335791884,0.7512682486481231,0.5683644310573231
AST-002814,0.8131140601949789,0.547302958884487,0.8565697931644252,0.738995604081297
AST-002815,0.533217149335472,0.9625029982707444,0.2722139340081394,0.5893113605381187
AST-002816,0.48642220113678375,0.4832742039971456,0.9425603412295315,0.637418915454487
AST-002817,0.7474795516253668,0.5724691862414787,0.6616469673358303,0.6605319017342253
AST-002818,0.7954706420364408,0.48642334400534915,0.899760702804563,0.7272182296154509
AST-002819,0.36181716748136816,0.18977551053821123,0.977407735270501,0.5096668044300268
AST-002820,0.9803803930879917,0.8143092103593573,0.8904051051905435,0.8950315695459642
AST-002821,0.9612977821530801,0.4556617508603798,0.9352129754852486,0.7840575028329028
AST-002822,0.9170412151169525,0.83972800057903,0.7505774724254624,0.835782229373815
AST-002823,0.5749946357273589,0.5538838143027355,0.8289215598479402,0.6526000032926782
AST-002824,0.697170449092736,0.510870870320043,0.7465341481009269,0.6515251558379019
AST-002825,0.7652846316711588,0.5766145693031616,0.9742445987109414,0.7720479332284206
AST-002826,0.8593918401225541,0.5990002175046741,0.5416735609530493,0.6666885395267591
AST-002827,0.6051989875946241,0.5263314033599472,0.6668345523047171,0.5994549810864295
AST-002828,0.9265074988154579,0.5397157729697886,0.982243775242332,0.8161556823425262
AST-002829,0.4728205226901519,0.9450496942432565,0.691414630377267,0.7030949491035585
AST-002830,0.8137733357462176,0.863671519744325,0.15888985087050894,0.6121115687870172
AST-002831,0.6729398152529091,0.2896017533126101,0.8512149497942589,0.604585506119926
AST-002832,0.4551500096961151,0.7684713798922028,0.8319231492526772,0.6851815129469984
AST-002833,0.7155613357716772,0.4478060900783442,0.8760678309330937,0.6798117522610384
AST-002834,0.6036285600833178,0.7192735600033894,0.7912457677616425,0.7047159626161165
AST-002835,0.7138965796522767,0.7891733417198559,0.7149169570892699,0.7393289594871342
AST-002836,0.6874695973744541,0.505119726776665,0.6012048612515158,0.5979313951342117
AST-002837,0.6204448033314667,0.07399921683027498,0.42564967372151646,0.37336456462775275
AST-002838,0.8772136774087159,0.7882573691467039,0.8237860524391764,0.8297523663315319
AST-002839,0.7234939184522798,0.6295554607303159,0.9194474228847838,0.7574989340224598
AST-002840,0.38485133297557633,0.5341075921609573,0.9635616775699414,0.627506867568825
AST-002841,0.3097408279052173,0.6948128826091056,0.7128275964436378,0.5724604356526536
AST-002842,0.8664203298141949,0.5888861126538846,0.6868899086398921,0.7140654503693238
AST-002843,0.474615905985272,0.49969563947115125,0.9238666425563743,0.6327260626709325
AST-002844,0.0,0.1877872101031691,0.9357436002532036,0.37451027011879084
AST-002845,0.3477904877558475,0.4307399247390871,0.9551217151553902,0.5778840425501083
AST-002846,0.5238306326164566,0.42301555826340503,0.9053343240305383,0.6173935049701332
AST-002847,0.9177259338389606,0.7809292775214942,0.48622409515056136,0.7282931021703387
AST-002848,0.0,0.40796255187182046,0.9528585485826722,0.45360703348483083
AST-002849,0.7727117266980886,0.3074565703623588,0.7611922235853432,0.6137868402152635
AST-002850,0.521018660570908,0.8405456978238989,0.8777179509533889,0.7464274364493986
AST-002851,0.8137338529834852,0.47360253241655637,0.9745943557436872,0.7539769137145762
AST-002852,0.6361942641226734,0.8306656762470175,0.7483111281858151,0.7383903561851687
AST-002853,0.6859463172726904,0.20282874059631983,0.6651336984450239,0.5179695854380114
AST-002854,0.6163398169356739,0.1209474394797442,0.7728074497530522,0.5033649020561567
AST-002855,0.0,0.792880218607494,0.7477842305097134,0.5135548163724025
AST-002856,0.8089225947537804,0.7917521100410785,0.7841913775177244,0.794955360770861
AST-002857,0.18415192115421958,0.5281996968903588,0.5809572278735543,0.43110294863937754
AST-002858,0.6541169719175299,0.3829120305874024,0.905391797821532,0.6474736001088214
AST-002859,0.34797828180467055,0.8130727058243011,0.8344305742254338,0.6651605206181351
AST-002860,0.4544119649174908,0.7026230122612938,0.7881132134803286,0.6483827302197044
AST-002861,0.8534088742286361,0.5875432574605965,0.9463713844628127,0.7957745053840152
AST-002862,0.7223623358995517,0.8679025836105793,0.5299991726944231,0.706754697401518
AST-002863,0.1972737986715633,0.1316221971377366,0.6277942727557726,0.3188967561883575
AST-002864,0.5824997632728455,0.4152054269905077,0.6401277907082527,0.5459443269905352
AST-002865,0.0,0.6565875461112156,0.9594825561335109,0.5386900340815756
AST-002866,0.5786975003631016,0.4161060986222448,0.8453025917053842,0.6133687302302436
AST-002867,0.7383670762911999,0.4298035522417602,0.9499976996558871,0.7060561093962824
AST-002868,0.9585679904809306,0.5106341195544961,0.9561855414782071,0.8084625505045446
AST-002869,0.0,0.2631116896918337,0.26751041023086325,0.17687403330756565
AST-002870,0.5858982860532905,0.6188872913090376,0.8998963491314317,0.7015606421645866
AST-002871,0.9797403897802176,0.5811820332591137,0.9925040533125762,0.851142158783969
AST-002872,0.5329761303196786,0.4973701671824736,0.5382721753409465,0.5228728242810329
AST-002873,0.0,0.30438621457006365,0.29012567015355084,0.19817062824120482
AST-002874,0.6281868967432298,0.8651965035397046,0.772478829737624,0.7552874100068528
AST-002875,0.5668442446967943,0.5508857804860361,0.8682455564589147,0.6619918605472483
AST-002876,0.0,0.3836910192297181,0.8761982478079976,0.4199630890125719
AST-002877,0.23876286619734582,0.5952692402932586,0.3869771133309805,0.40700307327386165
AST-002878,0.22784198533040553,0.4491211917810963,0.9410764016044382,0.5393465262386467
AST-002879,0.7247153846798693,0.05320486454873011,0.3436650971378854,0.37386178212216165
AST-002880,0.4107487747600686,0.8215693069311167,0.9103127601927573,0.7142102806279809
AST-002881,0.7952748322573661,0.7912500622090524,0.3334052280331168,0.6399767074998451
AST-002882,0.3847088047791149,0.8419758581460798,0.8861614346364077,0.7042820325205342
AST-002883,0.5853883767048735,0.27408201885958156,0.65569241631189,0.5050542706254484
AST-002884,0.48802194958994494,0.8464357793493616,0.9272771757303279,0.7539116348898781
AST-002885,0.6222272870274963,0.8641217028701715,0.9761643098441153,0.8208377665805943
AST-002886,0.8242524875844047,0.7488658565214081,0.918374624330458,0.8304976561454236
AST-002887,0.6339316457428785,0.6176705191351414,0.8882906203434762,0.713297595073832
AST-002888,0.0,0.5383044885007596,0.7027750564741452,0.4136931816583016
AST-002889,0.9137249038628826,0.7192884618140795,0.5918251304221911,0.741612832033051
AST-002890,0.343322276650436,0.5990139972101721,0.9542317741846416,0.6321893493484166
AST-002891,0.12074479108534042,0.3648455095060819,0.5877410990946719,0.3577771332286981
AST-002892,0.367540151246522,0.415016628969042,0.13906000663771959,0.3072055956177612
AST-002893,0.5021634314403359,0.15684315661354375,0.6690990999557965,0.4427018960032254
AST-002894,0.48366611739166643,0.604440245400423,0.9472121371960976,0.6784394999960623
AST-002895,0.0,0.49971630273180967,0.7165193769232425,0.40541189321835075
AST-002896,0.9647207707129828,0.8492258668995732,0.9505799024321296,0.921508846681562
AST-002897,0.9421029539663958,0.5071381868811253,0.7160307165202899,0.7217572857892703
AST-002898,0.17293105217551633,0.4321501830986712,0.5673771287140927,0.3908194546627601
AST-002899,0.7599037323160126,0.5751645280058955,0.7779868634336342,0.7043517079185141
AST-002900,0.5910528968900538,0.3212817352766701,0.6513326403862406,0.5212224241843214
AST-002901,0.6704033732407997,0.5264214288749611,0.9631698625964483,0.7199982215707363
AST-002902,0.6470236117006798,0.22606688238455308,0.9656574055747447,0.6129159665533258
AST-002903,0.875481184340364,0.7252470511040343,0.9635640811196557,0.8547641055213514
AST-002904,0.45516558143079816,0.6459815443593274,0.8544728193270656,0.6518733150390638
AST-002905,0.9406890563517284,0.857551857774139,0.46491745417524216,0.7543861227670364
AST-002906,0.39323000903902383,0.5271423282822018,0.8051082664592188,0.5751602012601481
AST-002907,0.5855846233398033,0.32891113979032355,0.8661785737972543,0.593558112309127
AST-002908,0.431824734820989,0.8286463618088984,0.8812159884902966,0.7138956950400613
AST-002909,0.32530444628261934,0.1991917318100597,0.9406331771491845,0.4883764517472879
AST-002910,0.3777397481323345,0.44181486896150357,0.6363177982453936,0.48529080511307726
AST-002911,0.8540189788928972,0.7827116310817666,0.834356396061183,0.8236956686786155
AST-002912,0.28356754600853845,0.6060249089086298,0.7654186878510146,0.5516703809227277
AST-002913,0.7993309058659166,0.5699135580710929,0.9813327241036153,0.7835257293468749
AST-002914,0.6418119086988278,0.1004822022785253,0.844877839091816,0.5290573166897231
AST-002915,0.733839340697383,0.4597141460472512,0.7612800507007956,0.6516111791484765
AST-002916,0.25295585194021564,0.38537833479598793,0.9459942319367256,0.5281094728909764
AST-002917,0.6820597058506096,0.28100543921691307,0.9385563650549762,0.6338738367074996
AST-002918,0.45795723979255515,0.3322461130340792,0.6096286487239778,0.46661066718353733
AST-002919,0.9517516967302786,0.8615038250828311,0.944043544906085,0.9190996889063983
AST-002920,0.3027297755994109,0.2314014201936685,0.8493186103554329,0.46114993538283744
AST-002921,0.0,0.4945349232034842,0.6386548477837726,0.3777299236624189
AST-002922,0.27538036774282415,0.07080900377519111,0.6198365815393727,0.32200865101912934
AST-002923,0.6058794665626067,0.7985887235848292,0.9453105830298966,0.7832595910591108
AST-002924,0.3446734797591605,0.46486581967681584,0.7552049470352665,0.5215814154904143
AST-002925,0.8740263341615523,0.7955756028338117,0.73811518200404,0.8025723729998013
AST-002926,0.4187998567627379,0.283276776865109,0.13829833151018323,0.28012498837934335
AST-002927,0.6255649779170475,0.3453849350139465,0.9908640115695846,0.6539379748335262
AST-002928,0.5523603277166649,0.4762001429113972,0.6131001905000686,0.5472202203760436
AST-002929,0.3049518837455107,0.4291330198927789,0.8124417729300499,0.5155088921894465
AST-002930,0.11296574698916152,0.9050196935507927,0.47913268875996845,0.4990393764333076
AST-002931,0.19531608866562775,0.3563244626881668,0.6529578390338423,0.4015327967958789
AST-002932,0.6799890028881841,0.4625615434598715,0.7403975145488033,0.6276493536322864
AST-002933,0.8472415841542428,0.6572724812477676,0.9116897874760462,0.8054012842926855
AST-002934,0.32764164343579816,0.6320026738243387,0.6795570233424069,0.5464004468675147
AST-002935,0.732182686238093,0.3567238093020643,0.9884941296042835,0.692466875048147
AST-002936,0.35020538512286,0.8258770428121636,0.9422171732530195,0.7060998670626809
AST-002937,0.30306446531506653,0.5240051287029349,0.9862397147174246,0.604436436245142
AST-002938,0.587139333711867,0.4722941094358695,0.9141164827946371,0.6578499753141246
AST-002939,0.7714510674853311,0.6173593861700634,0.765477857914947,0.7180961038567805
AST-002940,0.26776147429611125,0.6657732396920255,0.7347415777630193,0.5560920972503853
AST-002941,0.0,0.2862411004764031,0.976313820824508,0.42085164043363704
AST-002942,0.0,0.5361890616960785,0.2348031306855967,0.2569973974605584
AST-002943,0.750617141084731,0.742269376906377,0.8044762881631705,0.7657876020514262
AST-002944,0.8915693240836428,0.8237375252210004,0.8848669151666382,0.8667245881570937
AST-002945,0.5679610306392359,0.37140507466912853,0.7947321540483809,0.5780327531189151
AST-002946,0.7435323183894227,0.5929578407808658,0.8228852491405132,0.7197918027702673
AST-002947,0.8550423588952651,0.6810539156187275,0.8132159414935987,0.7831040720025304
AST-002948,0.8295838692048715,0.7050788455327224,0.7495479726424978,0.7614035624600306
AST-002949,0.7445772315100102,0.7858563491428897,0.9189298681767615,0.8164544829432204
AST-002950,0.5984815225784135,0.23826272350229286,0.6478293663094887,0.4948578707967317
AST-002951,0.31184510966343876,0.12616756669623588,0.9009871022257999,0.4463332595284915
AST-002952,0.27790444744278997,0.6415502342174845,0.20152055861650367,0.3736584134255927
AST-002953,0.9316794761574054,0.578447128225913,0.8848471125950289,0.7983245723261159
AST-002954,0.2820555990072271,0.6410851165673414,0.8535802810786235,0.5922403322177306
AST-002955,0.6078937287262914,0.2666848050290313,0.5612475974410733,0.47860871039879865
AST-002956,0.12694184783278298,0.41626447499735736,0.2059372337990799,0.24971451887640675
AST-002957,0.4349441962948683,0.6172450670007422,0.2090684026788561,0.42041922199148885
AST-002958,0.7140265435717097,0.6222152123301715,0.8408838756405188,0.7257085438474666
AST-002959,0.42423907111763415,0.7931780003582158,0.5241888151097873,0.5805352955285458
AST-002960,0.5251019703755998,0.8264563784932707,0.5790814745284701,0.6435466077991135
AST-002961,0.0,0.38653923044853084,0.8275588231548031,0.4046993512011113
AST-002962,0.7913635759050792,0.34876079956152783,0.815903736871814,0.6520093707794737
AST-002963,0.5207325943952367,0.5101643354880853,0.642511961559051,0.5578029638141243
AST-002964,0.9251957099719295,0.45493474518872395,0.9243193389497478,0.7681499313701338
AST-002965,0.8006487060744303,0.3894167655043493,0.9546379671746543,0.7149011462511446
AST-002966,0.7062550996516642,0.6200433648003377,0.9883919243142582,0.7715634629220868
AST-002967,0.48216750588655516,0.895349161221558,0.7743597729859907,0.7172921466980346
AST-002968,0.520948460531229,0.40373262051368425,0.7342015846290907,0.5529608885580014
AST-002969,0.9248567483636188,0.6645046848812348,0.9177731026622966,0.8357115119690501
AST-002970,0.3980210027533479,0.47432310124190163,0.3090963277869192,0.3938134772607229
AST-002971,0.5274286800994801,0.99273513794757,0.9065009841452819,0.8088882673974439
AST-002972,0.6557198382024303,0.4828865350569849,0.8117478551390208,0.650118076132812
AST-002973,0.6629253016893942,0.6609379829836,0.6417775107814452,0.6552135984848132
AST-002974,0.6403733395179012,0.4672831641057896,0.9817678481936789,0.6964747839391232
AST-002975,0.0,0.4686693383378447,0.934052396612949,0.4675739116502646
AST-002976,0.7966989516557871,0.9054048739782439,0.9610971380437829,0.8877336545592712
AST-002977,0.5296790906588856,0.9252879533633142,0.8750830215436606,0.7766833551886201
AST-002978,0.9336506408438313,0.7453685994515354,0.6729264779460495,0.7839819060804721
AST-002979,0.7740940342877085,0.3308011833137519,0.7030288799123238,0.602641365837928
AST-002980,0.659329608480069,0.733900986094607,0.8392008449711502,0.7441438131819421
AST-002981,0.7576561952698968,0.44665694854904836,0.9393390680854612,0.7145507373014688
AST-002982,0.36057165984983797,0.7186491816652147,0.8376569951371424,0.638959278884065
AST-002983,0.5363718289149438,0.754141971254179,0.8542941745818623,0.7149359915836616
AST-002984,0.48834338237510816,0.9352920116997981,0.9982032021291103,0.8072795320680055
AST-002985,0.373615368657225,0.3940049882280408,0.449012957906583,0.40554443826394965
AST-002986,0.7209564867107621,0.6974566873628981,0.8238197553743267,0.7474109764826622
AST-002987,0.0,0.47633977972518965,0.5851792222000471,0.35383966730841226
AST-002988,0.8400831568909073,0.7660046669014073,0.6415941608946422,0.7492273282289856
AST-002989,0.6394682441477682,0.23552780792228484,0.6612534651848834,0.5120831724183121
AST-002990,0.0,0.7346717728922488,0.9569189559694041,0.5638635762872176
AST-002991,0.6572401565117921,0.4963746664442504,0.9024133859325729,0.6853427362962051
AST-002992,0.7513774921304618,0.21022137654609654,0.095415407215657,0.3523380919640718
AST-002993,0.7844465253987278,0.778705754200225,0.9738643548036796,0.8456722114675442
AST-002994,0.32595652740911013,0.6797820250322468,0.7902656545246284,0.5986680689886618
AST-002995,0.7722676048827538,0.07304995837302769,0.9766784589570249,0.6073320074042687
AST-002996,0.4383366013607861,0.5334659158030062,0.6505827682534336,0.5407950951390753
AST-002997,0.2295880273197495,0.4564366793101652,0.6147465510358302,0.43359041922191494
AST-002998,0.6424075547542692,0.4053853088087398,0.7187492313676656,0.5888473649768915
AST-002999,0.809018673776483,0.669709329731059,0.9644462237134246,0.8143914090736555
AST-003000,0.0,0.9673193151546962,0.9563946416116205,0.6412379855887722
AST-003001,0.6186118982808277,0.3062571647340906,0.6573504974550604,0.5274065201566596
AST-003002,0.7385109441402083,0.7779857356413251,0.8013056556840608,0.7726007784885315
AST-003003,0.2965976075686199,0.5494960998799429,0.6767810032222112,0.5076249035569247
AST-003004,0.5539643979714242,0.6889877671349875,0.9258751086338998,0.7229424245801038
AST-003005,0.45674512047848714,0.8495659234772843,0.8459077627701873,0.717406268908653
AST-003006,0.6684130660546441,0.87522356966026,0.5850758323164746,0.7095708226771262
AST-003007,0.43729105561468046,0.5068936187447072,0.513639357736425,0.48594134403193756
AST-003008,0.26684014042189486,0.572711758825062,0.7006580947522051,0.513403331333054
AST-003009,0.3281151707482889,0.2673063538814914,0.9016988106899912,0.4990401117732572
AST-003010,0.6154420305087464,0.5692929360506418,0.38441990079482424,0.5230516224514042
AST-003011,0.4666336122888098,0.7019958518761504,0.7713921168959709,0.6466738603536437
AST-003012,0.0,0.31070363942676477,0.3294097471397067,0.21337112885549048
AST-003013,0.14909228611602446,0.39299201288187485,0.9045125745388181,0.4821989578455725
AST-003014,0.771150430485569,0.5196711703923943,0.8282517956081934,0.7063577988287189
AST-003015,0.4064365097668624,0.556493639867981,0.7942257513354524,0.5857186336567652
AST-003016,0.639703561694618,0.5674155376857013,0.5298717811384713,0.5789969601729301
AST-003017,0.7476184457848262,0.3256979194027758,0.8048500429917533,0.6260554693931185
AST-003018,0.7263863705172541,0.6544540697633139,0.7854734978688268,0.7221046460497983
AST-003019,0.18593851568750247,0.5789258444691117,0.9668048186771452,0.5772230596112531
AST-003020,0.29819342150297595,0.5896946598427495,0.6706449706259769,0.5195110173239008
AST-003021,0.3859803193611165,0.777519870230004,0.6549994026291049,0.6061665307400751
AST-003022,0.40162152302564447,0.38457457977843673,0.8404786989367813,0.5422249339136208
AST-003023,0.36927161389543284,0.7193943948312415,0.9607092104183232,0.6831250730483326
AST-003024,0.5126310790030119,0.5533182891781664,0.9690795625092248,0.678342976896801
AST-003025,0.4267126163900254,0.27812479305145393,0.9446853631983484,0.5498409242132759
AST-003026,0.5138695876702885,0.6514625917913607,0.9714935613192129,0.712275246926954
AST-003027,0.8709227350337118,0.21112217133012895,0.5019598808451923,0.5280015957363443
AST-003028,0.6884005447979141,0.7263427553788222,0.6750603703962164,0.6966012235243175
AST-003029,0.40097870437864497,0.8920209143763704,0.895041013897703,0.7293468775509062
AST-003030,0.7304552174066895,0.7245052893988038,0.7708987187239489,0.7419530751764807
AST-003031,0.411690355292821,0.35705935518299586,0.8752377989520999,0.5479958364759723
AST-003032,0.8018766208881823,0.9218846429105396,0.9975756490589063,0.9071123042858762
AST-003033,0.3317478355326721,0.29733218513858856,0.770093410877208,0.4663911438494896
AST-003034,0.3773806605526272,0.3694297647060057,0.6923943608731009,0.47973492871057793
AST-003035,0.4837072875895492,0.351742119579099,0.5679443872061481,0.4677979314582655
AST-003036,0.6298695171435269,0.48423252795773475,0.9624668102842683,0.6921896184618433
AST-003037,0.5134103861532218,0.4746548622769965,0.8021425226017422,0.5967359236773202
AST-003038,0.6366194905312496,0.4238956281239093,0.7093819516560875,0.5899656901037488
AST-003039,0.540728733965306,0.16506262116060952,0.9655999523403601,0.5571304358220919
AST-003040,0.787391887954934,0.6179395203445529,0.9526406689835291,0.785990692427672
AST-003041,0.5375624791399073,0.20867172893055286,0.6602528795602819,0.46882902921024733
AST-003042,0.3019791917894073,0.39108790452196945,0.7428803387457285,0.47864914501903505
AST-003043,0.0,0.8977286684805352,0.9807469210404478,0.6261585298403277
AST-003044,0.5824813603772986,0.5493664771028198,0.8146674130632132,0.6488384168477772
AST-003045,0.6352584351691106,0.17907120714319308,0.9223192177594763,0.57888295335726
AST-003046,0.8521164239156788,0.6037068797331648,0.8298844923168925,0.7619025986552453
AST-003047,0.789150632456505,0.042361647539206404,0.8381096302532864,0.5565406367496659
AST-003048,0.756781112667758,0.3798220665434597,0.7124818593661503,0.6163616795257894
AST-003049,0.3654568221992739,0.26216696946830276,0.9252021521879136,0.51760864795183
AST-003050,0.5885476447326452,0.32488035672085025,0.5360943055441768,0.48317410233255736
AST-003051,0.7143910907755615,0.7280400982565419,0.9895206865549132,0.8106506251956721
AST-003052,0.22501278937868957,0.6958331369434895,0.8362534851628955,0.5856998038283582
AST-003053,0.6607367317481008,0.9108584566901831,0.9365910314791497,0.8360620733058113
AST-003054,0.0,0.6502878683885926,0.9480877397465989,0.5327918693783972
AST-003055,0.0,0.3540882749960696,0.8626599937963715,0.405582756264147
AST-003056,0.7537194749852881,0.48941843368641197,0.8018519724720485,0.6816632937145828
AST-003057,0.8831043915683122,0.9808466889368005,0.8930698712088151,0.9190069839046426
AST-003058,0.7326468930407002,0.9212376394044459,0.6058353833360183,0.7532399719270547
AST-003059,0.6086971508613289,0.6801747833726135,0.9293020741684614,0.7393913361341347
AST-003060,0.7781021147752392,0.5450831256895919,0.756604510556169,0.6932632503403333
AST-003061,0.28531465784203464,0.7838061552864357,0.3338029225000707,0.4676412452095137
AST-003062,0.6317506422433585,0.32838607905803247,0.5432987223076929,0.5011451478696946
AST-003063,0.8704349833798612,0.657904637545511,0.5948005465520614,0.7077133891591446
AST-003064,0.23442294397218771,0.8611260997120853,0.7886789212512915,0.6280759883118548
AST-003065,0.0,0.7705119565946331,0.8826060370046293,0.5510393311997541
AST-003066,0.7475404785353752,0.7827746276663554,0.8983659879593583,0.809560364720363
AST-003067,0.28947546321849027,0.38719150046500056,0.32036126551411526,0.3323427430658687
AST-003068,0.8508413953614715,0.5631100309977514,0.8600371007869647,0.7579961757153959
AST-003069,0.6475233256075485,0.6040372180683276,0.8235420682779198,0.6917008706512653
AST-003070,0.7312023740615395,0.8532678913462898,0.5115642293981625,0.6986781649353305
AST-003071,0.0,0.7470952161692959,0.9190329350717912,0.5553760504136956
AST-003072,0.8694924741710628,0.5552905876010091,0.8051264383338224,0.7433031667019648
AST-003073,0.13747816035374033,0.041712202001750964,0.7620540391735504,0.3137481338430139
AST-003074,0.24146746146354717,0.31519621446577956,0.3886695655885646,0.31511108050596376
AST-003075,0.8174240518635559,0.47244281027688373,0.8429566511044322,0.7109411710816239
AST-003076,0.8492640209308313,0.6055104066739057,0.5763884496658015,0.6770542924235129
AST-003077,0.6868470982507171,0.21148472146390251,0.8075807281378818,0.5686375159508338
AST-003078,0.7716418515227876,0.5233292395738285,0.5023430680596697,0.5991047197187619
AST-003079,0.8904933563489797,0.6630716659894766,0.8723321243781882,0.8086323822388816
AST-003080,0.33108008130687694,0.6886882676230641,0.4325400710281014,0.48410280665268074
AST-003081,0.7097857790488659,0.8719955816977198,0.892885162510158,0.8248888410855812
AST-003082,0.5986275953523001,0.4916067574282573,0.9018249161182982,0.6640197562996185
AST-003083,0.5252569635211592,0.3864748832182891,0.5450976852411192,0.4856098439935225
AST-003084,0.9307208416766789,0.8144442241622802,0.9119796452702387,0.8857149037030659
AST-003085,0.8669981028853211,0.510574294559886,0.38401422552750786,0.587195540990905
AST-003086,0.744952352339447,0.841759269641248,0.786280531662237,0.790997384547644
AST-003087,0.5817076177355088,0.41112781510376656,0.592772531122317,0.5285359879871975
AST-003088,0.7212485457796172,0.620532119291369,0.9830051623374731,0.7749286091361531
AST-003089,0.7408087718983316,0.8468844620225088,0.9320455174389962,0.8399129171199454
AST-003090,0.30151719106245933,0.44024076597475315,0.43729759141917507,0.3930185161521292
AST-003091,0.0,0.607226212449476,0.9479408005370747,0.5183890043288503
AST-003092,0.5179472227177524,0.25551356202060027,0.7438141881180433,0.5057583242854653
AST-003093,0.8526080715609914,0.7772158932797181,0.9610326099140609,0.8636188582515901
AST-003094,0.5788084622677886,0.330672765151363,0.8830284296826111,0.5975032190339209
AST-003095,0.7208732043887466,0.26356973491085867,0.35259925215685656,0.4456807304854873
AST-003096,0.7112229740057441,0.7634573202027076,0.6583141658192251,0.7109981533425588
AST-003097,0.5657204316690858,0.7424974148749738,0.8693337401263787,0.7258505288901461
AST-003098,0.06822651948975804,0.19489317616012794,0.6068541243636144,0.2899912733378334
AST-003099,0.8243324686592682,0.7513158289673459,0.9042687613866602,0.8266390196710915
AST-003100,0.138894404626547,0.5515765316960121,0.7964611334387234,0.49564402325376083
AST-003101,0.4474915906108769,0.3831466257335219,0.8729280613949267,0.5678554259131086
AST-003102,0.34759366989970497,0.5411020701657663,0.8351678723247411,0.5746212041300708
AST-003103,0.8995217379237838,0.1303918017391301,0.8440313210679348,0.6246482869102828
AST-003104,0.9471801510667269,0.603352456041807,0.9747572695894586,0.8417632922326641
AST-003105,0.6896783005658824,0.8984142995817186,0.9297340370575351,0.8392755457350454
AST-003106,0.41310213192443296,0.4924269466303254,0.7733634522212678,0.5596308435920087
AST-003107,0.878249535156433,0.808546655487908,0.9698084266758858,0.8855348724400756
AST-003108,0.543882053520311,0.0541035768076429,0.6052564021409998,0.4010806774896512
AST-003109,0.3325509631774395,0.7370613334293471,0.926270565949221,0.6652942875186691
AST-003110,0.0,0.3623098286778719,0.42750504202912354,0.26327162356899847
AST-003111,0.0,0.6398974739885435,0.6912090498138046,0.4437021746007827
AST-003112,0.8248125457837736,0.2977656789210938,0.940733306157419,0.6877705102874287
AST-003113,0.8001252220069427,0.8234306956587567,0.8061457896534086,0.8099005691063693
AST-003114,0.8861330976901228,0.8516304578891162,0.8205031295386734,0.8527555617059708
AST-003115,0.896034803215734,0.4768979278641733,0.823012892002568,0.7319818743608252
AST-003116,0.42515246885730623,0.6315837485959951,0.6966766746372446,0.584470964030182
AST-003117,0.2707820866288748,0.6548956101597526,0.9668916034258418,0.6308564334048231
AST-003118,0.399840574343765,0.5526961217454276,0.9269649146055843,0.6265005368982589
AST-003119,0.0,0.22017870865076425,0.9872864844349362,0.4024883976952334
AST-003120,0.758629733349871,0.7173009545443948,0.6224558404124331,0.6994621761022329
AST-003121,0.6025023878671973,0.30979586948207827,0.8558568351813421,0.5893850308435392
AST-003122,0.7012032846203411,0.7362297871122186,0.8390744366889793,0.7588358361405131
AST-003123,0.23325013942048828,0.3039404640675678,0.9765582261601335,0.5045829432160632
AST-003124,0.949434277174846,0.2817294703221587,0.7923798327686067,0.6745145267552038
AST-003125,0.16020511270124396,0.7532618470193654,0.4707108837737505,0.46139261449811997
AST-003126,0.6928206988131966,0.39008447821895176,0.8590512894008585,0.6473188221443356
AST-003127,0.2499191716746225,0.7110105741244038,0.8352981491341223,0.5987426316443828
AST-003128,0.49336465639103133,0.25250340716960656,0.9058263233100101,0.5505647956235493
AST-003129,0.0,0.677125298749781,0.8660700672717905,0.5143984553405239
AST-003130,0.8305522878278344,0.3676550845834976,0.6941240474761887,0.630777139962507
AST-003131,0.747680679988575,0.24126166648280695,0.6566373455951309,0.5485265640221709
AST-003132,0.3257067730219008,0.5612202788856476,0.839164477668284,0.5753638431919441
AST-003133,0.6067789430615106,0.6881804410933248,0.6778924708121109,0.6576172849889822
AST-003134,0.6080448218432243,0.8225086059769807,0.9682154068675138,0.799589611562573
AST-003135,0.0,0.5259425112649457,0.3733027643653617,0.2997484252101025
AST-003136,0.5259009048134983,0.7021704844069183,0.8357725453918455,0.6879479782040874
AST-003137,0.3759758032466362,0.5687981715636387,0.4548055312893586,0.46652650203321117
AST-003138,0.6257147559135976,0.30822964229750105,0.7950816366091542,0.5763420116067509
AST-003139,0.3039599526188904,0.10934663362144191,0.4505455561171866,0.287950714119173
AST-003140,0.7069669224079272,0.678398646018921,0.8227503587596899,0.7360386423955126
AST-003141,0.7391405867754189,0.8852967667147145,0.6376453734167055,0.7540275756356131
AST-003142,0.21496372732014588,0.2604622127023098,0.9762062564537536,0.48387739882540304
AST-003143,0.0,0.5408424716502943,0.663253105449686,0.40136519236666013
AST-003144,0.5954772539280527,0.3803767732737287,0.9736138342492385,0.6498226204836733
AST-003145,0.24224675375666513,0.2971965521016367,0.9494893126847244,0.49631087284767544
AST-003146,0.785987566448836,0.8537575737429379,0.9902110337547383,0.8766520579821707
AST-003147,0.7981256222348293,0.1524085578620959,0.9068245337914494,0.6191195712961249
AST-003148,0.7545455514453632,0.36735587075175186,0.9628902629954088,0.6949305617308413
AST-003149,0.8717956326110998,0.735057857586088,0.6305455602697779,0.7457996834889885
AST-003150,0.0,0.4640790970873635,0.985744135137949,0.48327441074177085
AST-003151,0.6581350211727849,0.4560436551145742,0.9688952249849222,0.6943579670907605
AST-003152,0.4644105201351444,0.5491194605634141,0.9442664131298898,0.6525987979428161
AST-003153,0.7512029024301479,0.43978950691186086,0.6426906553807974,0.6112276882409354
AST-003154,0.2720180201156431,0.10520850274750689,0.564106476653433,0.3137776665055277
AST-003155,0.6966493830551789,0.12523344010701343,0.6875092049473779,0.5031306760365234
AST-003156,0.0,0.40862495667780746,0.7608789517898695,0.38983463615589237
AST-003157,0.8378884819502651,0.6754911567908876,0.9328085649766457,0.8153960679059328
AST-003158,0.9607473637882238,0.14055211540168577,0.9800876038197676,0.6937956943365591
AST-003159,0.5657753042417369,0.8803559366312064,0.8004581816533538,0.7488631408420989
AST-003160,0.5211663596323067,0.199358965164965,0.8629279931321484,0.52781777264314
AST-003161,0.3906530894379326,0.4614313027151972,0.9960039077054781,0.6160294332862026
AST-003162,0.5975551092891417,0.6296733160313417,0.899719555856698,0.7089826603923939
AST-003163,0.4900256103698375,0.6920045981265781,0.8389768613315808,0.6736690232759988
AST-003164,0.8445674436164191,0.8034280739702476,0.9673983845496682,0.8717979673787783
AST-003165,0.27282350743035766,0.6530855510885551,0.726135358804004,0.5506814724409722
AST-003166,0.3806328797241607,0.7560421021182528,0.9680702633806114,0.701581748407675
AST-003167,0.8181704391875452,0.4373371524043737,0.8227280859968,0.6927452258629062
AST-003168,0.8514800059561831,0.5719413572703778,0.639549188552184,0.6876568505929149
AST-003169,0.0,0.6896442090091041,0.7086466284039326,0.4660969458043455
AST-003170,0.7865580219925503,0.41504188862873154,0.2704137228522985,0.4906712111578601
AST-003171,0.0,0.45110556533720164,0.9704905319376425,0.47386536575828136
AST-003172,0.5716530103357137,0.6068785851824666,0.8896577113430412,0.6893964356204072
AST-003173,0.32012319109568027,0.7186367602691067,0.545785925957361,0.5281819591073826
AST-003174,0.4426082511604243,0.9582898457806687,0.9546614464341555,0.7851865144584161
AST-003175,0.0,0.875976417103505,0.9021405376814028,0.5927056515949692
AST-003176,0.8513396931062877,0.359024577504653,0.8933373534591567,0.7012338746900323
AST-003177,0.783112731850761,0.5334482209653425,0.8920807401054524,0.7362138976405186
AST-003178,0.613629358329075,0.19149377083777977,0.5840404419020278,0.46305452368962746
AST-003179,0.6799819392823762,0.19889389019975062,0.9530517231072696,0.6106425175297988
AST-003180,0.8992609794389846,0.6515597224003041,0.6883869543115211,0.7464025520502698
AST-003181,0.6145425044184826,0.4551774529123737,0.5992076848252992,0.5563092140520518
AST-003182,0.4465211188006396,0.40411227463615146,0.1779580228424032,0.3428638054263981
AST-003183,0.34683728527431457,0.9322756818565312,0.5696501405102756,0.6162543692137071
AST-003184,0.9414820757532308,0.13653952836987637,0.7128754967687922,0.5969657002972998
AST-003185,0.4420474840366157,0.10037774737264,0.9059921883731006,0.48280580659411876
AST-003186,0.22292036135420115,0.34906370682063553,0.6741009539755124,0.4153616740501163
AST-003187,0.7388833120511111,0.4043511421274874,0.2718898366292098,0.4717080969359361
AST-003188,0.9730452255584058,0.9430448576306317,0.7122044282359319,0.8760981704749898
AST-003189,0.8296442722190296,0.4030411552930641,0.6824414287487839,0.6383756187536259
AST-003190,0.3097051893814612,0.4759475714567064,0.8862170963496617,0.557289952395943
AST-003191,0.20018737186120678,0.4341108750321634,0.8430176151379488,0.49243862067710636
AST-003192,0.362397533141227,0.6621040632453639,0.9760137075859548,0.6668384346575152
AST-003193,0.0,0.26301181180347677,0.7921694291446485,0.3517270803160417
AST-003194,0.428161065760398,0.8097668343434579,0.7528967854480713,0.663608228517309
AST-003195,0.2067918489677757,0.2859389789187198,0.8339590364635444,0.44222995478334665
AST-003196,0.43973826032705354,0.43705426393759206,0.7417480489965803,0.5395135244204087
AST-003197,0.575911453386121,0.4223892384275237,0.6722069133422811,0.5568358683853086
AST-003198,0.8347936492320247,0.4880154916194235,0.9829833850940844,0.768597508648511
AST-003199,0.7657902531343499,0.697910252437966,0.894188829402342,0.7859631116582193
AST-003200,0.7613892196344842,0.5238749475311408,0.967520125184381,0.750928097450002
AST-003201,0.784161821138402,0.5276008665066461,0.6862241477451777,0.6659956117967419
AST-003202,0.3619881323785938,0.5925122380711182,0.7089825833061262,0.5544943179186127
AST-003203,0.9337712141888618,0.5859304413503289,0.9550119899461206,0.8249045484951038
AST-003204,0.955015512789815,0.7280958206499742,0.8182519647681304,0.8337877660693066
AST-003205,0.7221656808008978,0.41876233310706723,0.8567944078686524,0.6659074739255392
AST-003206,0.6471092885955713,0.6959235345054389,0.9627185911813396,0.7685838047607833
AST-003207,0.8475256429033158,0.9533407455355658,0.8962042275138264,0.8990235386509027
AST-003208,0.9149010299780211,0.7067405948820227,0.7815439853650821,0.801061870075042
AST-003209,0.816623239136753,0.8414207804920155,0.7905650044840619,0.8162030080376103
AST-003210,0.3543918230108381,0.11380055619562669,0.950138364098112,0.472776914434859
AST-003211,0.868595183197918,0.610331649152503,0.9370442527422739,0.8053236950308983
AST-003212,0.0,0.7321711605333907,0.6015418402661479,0.44457100026651286
AST-003213,0.7218313024610672,0.46477506778685196,0.8816163439992691,0.6894075714157295
AST-003214,0.7266228288694894,0.28674608592709355,0.5798902117936802,0.5310863755300878
AST-003215,0.04916642822585545,0.37045221752709623,0.9806800872708289,0.4667662443412602
AST-003216,0.6825384472656322,0.8423176339895809,0.6265044101959181,0.7171201638170436
AST-003217,0.6951562377270828,0.41092466375328857,0.5325542904301761,0.5462117306368491
AST-003218,0.5123428105783306,0.45499436269643,0.9980028163992561,0.6551133298913389
AST-003219,0.6619327187577675,0.44328844448342547,0.9263138690508705,0.6771783440973546
AST-003220,0.6221034958874483,0.754711883560922,0.7660224884202531,0.7142792892895411
AST-003221,0.38987729009395333,0.4617590524738645,0.5800593624603939,0.4772319016760706
AST-003222,0.46012352561650005,0.3110584715316974,0.8305784719265035,0.5339201563582336
AST-003223,0.9312646427359592,0.472645472265879,0.5815871186525611,0.6618324112181332
AST-003224,0.5778067499280563,0.6695743053804973,0.8548811706782589,0.7007540753289375
AST-003225,0.29111459825626657,0.6621643003454767,0.7882853366441704,0.5805214117486379
AST-003226,0.5367699402701376,0.23435979258056366,0.6883882077609298,0.486505980203877
AST-003227,0.4303600371678854,0.8199793201938445,0.9718857482806571,0.7407417018807957
AST-003228,0.7161049996036765,0.395135536791638,0.39285854934833975,0.5013663619145513
AST-003229,0.47225041595474954,0.4352780753360381,0.626097234326146,0.5112085752056444
AST-003230,0.8071200730035939,0.8097252047453214,0.9672709219346175,0.8613720665611776
AST-003231,0.567364074030701,0.41139034982918143,0.7461185715720253,0.5749576651439693
AST-003232,0.7835222807913507,0.6752513188467206,0.64753234080528,0.7021019801477838
AST-003233,0.9503623377543564,0.7620740506536673,0.9403880190130882,0.8842748024737039
AST-003234,0.7122532407716249,0.7390701512513619,0.7542927531586627,0.7352053817272166
AST-003235,0.8930739448273545,0.2783510696036211,0.7076781938119135,0.6263677360809631
AST-003236,0.7221763596401924,0.5316376908172632,0.5663752426152259,0.6067297643575605
AST-003237,0.35489115533587523,0.21187849883578844,0.8811640798567091,0.48264457800945754
AST-003238,0.47686565098299,0.6614802093975433,0.8697862845626401,0.6693773816477244
AST-003239,0.5195990173908672,0.30138718495783523,0.8376403354230343,0.552875512590579
AST-003240,0.7814318145350431,0.5750568607336618,0.8742142271935983,0.743567634154101
AST-003241,0.7751342814035674,0.5649018881155463,0.5123955094059693,0.6174772263083611
AST-003242,0.855251096223951,0.7319117610734776,0.6117588277746535,0.7329738950240273
AST-003243,0.6544700138150192,0.6342803852649761,0.8403930348503074,0.7097144779767676
AST-003244,0.3497386625757424,0.25156895401330476,0.9243270546347536,0.5085448904079336
AST-003245,0.6744711633952205,0.4286191152134179,0.23244877215840026,0.4451796835890129
AST-003246,0.7807682289722856,0.6418200689994593,0.8380701201402989,0.753552806037348
AST-003247,0.7256196862867719,0.5685258077035655,0.6660456756648112,0.6533970565517162
AST-003248,0.56223756551318,0.8406016196423097,0.7875797633844348,0.7301396495133082
AST-003249,0.8075260083529808,0.6903599864487368,0.924548985953249,0.8074783269183222
AST-003250,0.7293701748292865,0.7914216299132055,0.7351946217248451,0.7519954754891124
AST-003251,0.5979172779092246,0.2685181460178151,0.2140166355742848,0.3601506865004415
AST-003252,0.602633880593544,0.5228470491614328,0.7405838057861436,0.6220215785137068
AST-003253,0.7929460274732502,0.5118848066635239,0.7511427309248079,0.6853245216871939
AST-003254,0.35842082066584097,0.05793401329740269,0.8533138184638793,0.42322288414237436
AST-003255,0.8314625710404328,0.7419151717212242,0.3804877507384171,0.6512884978333581
AST-003256,0.30603685238187806,0.7708447740496874,0.6634382328786229,0.5801066197700627
AST-003257,0.0,0.1281744268193426,0.5978646600093354,0.24201302894289264
AST-003258,0.8708703530914628,0.4280304977447966,0.7280265604750471,0.6756424704371021
AST-003259,0.6165808117043899,0.8416641024105196,0.8539419753403246,0.7707289631517448
AST-003260,0.3305612520434561,0.3389800614692449,0.8977701613285368,0.5224371582804127
AST-003261,0.6658662301552323,0.11519618712521229,0.9525085728356839,0.5778569967053762
AST-003262,0.593164942787008,0.14143797982705736,0.4033559341056565,0.37931961890657395
AST-003263,0.0,0.5622076501140242,0.7391327035563484,0.4337801178901242
AST-003264,0.3679470949787825,0.7213677792204187,0.8005715845674446,0.6299621529222152
AST-003265,0.4309363666697377,0.13266500168739112,0.7672945192655014,0.4436319625408767
AST-003266,0.4114696382838392,0.2943938900545111,0.5614209078504322,0.42242814539626083
AST-003267,0.7257606209644525,0.4454091231950487,0.6549701322511409,0.6087132921368807
AST-003268,0.32268491695479823,0.18770484909125618,0.9088649076791698,0.47308489124174136
AST-003269,0.5958885824730202,0.44827729868428146,0.7647269483510519,0.6029642765027846
AST-003270,0.3070409891874922,0.328774807821785,0.5023228679463739,0.379379554985217
AST-003271,0.7666846073762873,0.75829510764594,0.8873553731903454,0.8041116960708576
AST-003272,0.7657841245321475,0.5522968057583566,0.9591666177042757,0.7590825159982599
AST-003273,0.6286421825474767,0.781708470363664,0.41552955160527716,0.6086267348388059
AST-003274,0.3500306917740565,0.6450602216629437,0.8813296567430051,0.6254735233933352
AST-003275,0.42244749606070364,0.4594380256237464,0.6580922456413939,0.5133259224419481
AST-003276,0.546007117816067,0.569661937183585,0.590066083588686,0.568578379529446
AST-003277,0.30285246547674777,0.6615129616577142,0.7739384252807666,0.5794346174717429
AST-003278,0.7020625675075486,0.7570161836329606,0.874515740209563,0.7778648304500241
AST-003279,0.0,0.45746001133659897,0.8919910690058371,0.449817026780812
AST-003280,0.0,0.2968290431958287,0.7906996875807116,0.3625095769255135
AST-003281,0.7187520071462195,0.6961629037468319,0.7807538698626322,0.7318895935852279
AST-003282,0.8176006032840756,0.9626074599508535,0.60369356914475,0.794633877459893
AST-003283,0.6501994238420332,0.5629112207486926,0.27683628950031447,0.49664897803034674
AST-003284,0.46910324801203357,0.7636222397625653,0.6133561713805425,0.6153605530517138
AST-003285,0.40208981007171307,0.46973618234061104,0.43476492376873366,0.4355303053936859
AST-003286,0.7951175528373282,0.7219262201879648,0.567142468698871,0.694728747241388
AST-003287,0.8303271271068905,0.8621141457495615,0.8948949294116602,0.8624454007560374
AST-003288,0.933107158961197,0.7256559283161531,0.9397135158702223,0.8661588677158575
AST-003289,0.2592939454460868,0.7835954746225422,0.8240916980792141,0.6223270393826144
AST-003290,0.681317711831388,0.6914212113291505,0.8329538881802718,0.7352309371136035
AST-003291,0.7208214303105511,0.7225134421736227,0.89346414357339,0.7789330053525213
AST-003292,0.8478631737146922,0.7550093516005196,0.7540387114471372,0.785637078920783
AST-003293,0.45909258947313514,0.46318295000349263,0.8191051191844899,0.5804602195537059
AST-003294,0.8419308240844029,0.5178571987022265,0.9998850762063275,0.786557699664319
AST-003295,0.8244575176819205,0.24426633580406482,0.7636192838178686,0.6107810457679513
AST-003296,0.49809782434744937,0.7437001581963113,0.9446090060316951,0.7288023295251519
AST-003297,0.2492977639230766,0.31178000918712545,0.8856356615428531,0.4822378115510184
AST-003298,0.628698206265616,0.6741155246733543,0.8069618739094034,0.7032585349494579
AST-003299,0.717782782757564,0.38849302671962144,0.8642797192547382,0.6568518429106412
AST-003300,0.7133279225287021,0.8985556339711247,0.6678765032074176,0.7599200199024149
AST-003301,0.3320996744119007,0.8818053779973238,0.6586146255769597,0.6241732259953947
AST-003302,0.7327779330981335,0.572998510259735,0.21223785604304132,0.5060047664669699
AST-003303,0.7492583628157348,0.8194790962793975,0.9446709259719902,0.8378027950223741
AST-003304,0.0,0.21358239464795511,0.6268592581208485,0.2801472175896012
AST-003305,0.2897857402286358,0.4355415598784917,0.8431963159622068,0.5228412053564447
AST-003306,0.7526140116590049,0.5336198095727135,0.7974017983376301,0.6945452065231161
AST-003307,0.4394020887602927,0.618904143879573,0.8339637856000984,0.6307566727466547
AST-003308,0.47995570160374285,0.7739096342713536,0.8883480435141581,0.7140711264630849
AST-003309,0.44191095010113934,0.7359349079753471,0.8723319650302407,0.6833926077022423
AST-003310,0.7602145746251504,0.5048179449064831,0.9446043460854733,0.7365456218723688
AST-003311,0.8211249129520113,0.7687729249658982,0.7290060930392458,0.7729679769857184
AST-003312,0.7727874230259929,0.471688726109511,0.8974935923180196,0.7139899138178412
AST-003313,0.0,0.2565997360180191,0.8074274538303902,0.3546757299494698
AST-003314,0.5820252346135832,0.7135870127193156,0.888544989191482,0.7280524121747937
AST-003315,0.20475642829150467,0.36164140961047225,0.3191533218471985,0.2951837199163918
AST-003316,0.6664505177636911,0.10836548960093391,0.5698749999719781,0.44823033577886773
AST-003317,0.23190205789452106,0.22661429790189694,0.7045178135519756,0.38767805644946457
AST-003318,0.0,0.5741992480982406,0.4496578131888098,0.3412856870956835
AST-003319,0.380401553501073,0.5580886411171582,0.997644142564813,0.6453781123943481
AST-003320,0.08950122404047241,0.9441964815832934,0.7017766219414897,0.5784914425217518
AST-003321,0.4046551389693968,0.4162652527170412,0.8611300113916078,0.560683467692682
AST-003322,0.0,0.5473589191512157,0.8905801692996383,0.47931302948361804
AST-003323,0.8395055559231307,0.6032648165809845,0.6970797673125622,0.7132833799388925
AST-003324,0.8640839055824704,0.1668815117113564,0.3024082584599875,0.44445789191793805
AST-003325,0.6120751720530618,0.6947438472029743,0.9740334972632642,0.7602841721731002
AST-003326,0.21434011385982948,0.6511097537228873,0.7862354866661659,0.5505617847496276
AST-003327,0.9012678232017891,0.7269061366636157,0.9407688862434005,0.8563142820362684
AST-003328,0.8841309388908918,0.33957117900533473,0.736838080021373,0.6535133993058665
AST-003329,0.5229587869523605,0.7995755495852227,0.9562434519993607,0.7595925961789813
AST-003330,0.20757731587614442,0.3914116981518308,0.8773047276115766,0.49209791387985063
AST-003331,0.7832873885199074,0.5300741169726699,0.8389262921720334,0.7174292658882035
AST-003332,0.0,0.8795915539339527,0.6033112229179943,0.49430092561731565
AST-003333,0.39894175186031633,0.15961716959816014,0.7499503494357352,0.4361697569647373
AST-003334,0.6912100361487595,0.34627555705228885,0.7784961356884228,0.6053272429631571
AST-003335,0.7510502044336995,0.3713929818099754,0.9506750756013559,0.6910394206150102
AST-003336,0.2924246871620145,0.7407081692007633,0.8662113475809395,0.6331147346479057
AST-003337,0.15004187073277814,0.060119693297680535,0.769067751779119,0.3264097719365259
AST-003338,0.5783953951109758,0.3040810708036879,0.9637539113338532,0.6154101257495057
AST-003339,0.48599033962947463,0.38428956582989415,0.9093319805790366,0.5932039620128018
AST-003340,0.5124404225921274,0.7020296326428889,0.9459495716074138,0.7201398756141434
AST-003341,0.7384099447696707,0.43032709492986565,0.7598504084118983,0.6428624827038115
AST-003342,0.8049585223244766,0.3871804646552962,0.8890792433844453,0.693739410121406
AST-003343,0.7829656641030496,0.08935686100813484,0.7443680789806261,0.5388968680306035
AST-003344,0.4845659108908283,0.446759590994978,0.8979924341597053,0.6097726453485038
AST-003345,0.918525740675126,0.8987854817499471,0.753410238326401,0.8569071535838247
AST-003346,0.0,0.2800184949149142,0.6226599504180986,0.30089281511100424
AST-003347,0.13696242814993334,0.7737724843193349,0.5356867574515686,0.48214055664027894
AST-003348,0.7311075900132255,0.6355363930647903,0.3652928258879697,0.5773122696553284
AST-003349,0.955310076952885,0.6672702238220652,0.7802523925107097,0.8009442310952201
AST-003350,0.8362757741342448,0.8865108158379039,0.5576923315443907,0.760159640505513
AST-003351,0.032781311857710875,0.5380912114418496,0.9309071787885095,0.5005932340293566
AST-003352,0.8581125845455824,0.7477341678975464,0.7159667087414199,0.7739378203948496
AST-003353,0.3507584197250569,0.19917281899191389,0.8169123460343868,0.4556145282504525
AST-003354,0.9703573216858938,0.2717525327361864,0.6542189219880092,0.6321095921366965
AST-003355,0.7782123270101311,0.39094081303095496,0.6724797529258092,0.6138776309889651
AST-003356,0.9201641770252005,0.34614188554713377,0.6464081735575017,0.6375714120432786
AST-003357,0.9472480210753568,0.33113333663009514,0.7756645199637591,0.6846819592230703
AST-003358,0.69897876148539,0.7150981357919468,0.8920725500386681,0.7687164824386684
AST-003359,0.0,0.8400981533461732,0.9041232955885059,0.581407149644893
AST-003360,0.35754827410189455,0.7304884446143951,0.999310575734234,0.6957824314835079
AST-003361,0.6832639808804215,0.36785239120620816,0.5558780430258032,0.5356648050374776
AST-003362,0.542637886846706,0.5198952902681779,0.6100739583896343,0.5575357118348393
AST-003363,0.460492374130106,0.38290838424118645,0.9532165286861692,0.5988724290191539
AST-003364,0.7545282852906188,0.9072658033183597,0.7940602376591374,0.8186181087560386
AST-003365,0.17975115609089592,0.5953670190564487,0.5996237779015972,0.4582473176829806
AST-003366,0.7650604767401628,0.887028757197366,0.9937329144297391,0.8819407161224225
AST-003367,0.7346920013776608,0.5120639376583368,0.8554690262627274,0.700741655099575
AST-003368,0.443515184248817,0.8496056804366205,0.9924301783017065,0.7618503476623814
AST-003369,0.0,0.808804819747126,0.9306923758410391,0.5798323985293884
AST-003370,0.8559174124982265,0.45504285508057446,0.9700583535171631,0.7603395403653214
AST-003371,0.8593059649716384,0.9486669119390952,0.8971901436032571,0.9017210068379969
AST-003372,0.8980435310059356,0.5722259002647636,0.6137580149498622,0.6946758154068537
AST-003373,0.7629705778535709,0.8930042190375914,0.971450889460557,0.8758085621172399
AST-003374,0.7169277525018656,0.7592778327044193,0.8875532816950721,0.7879196223004524
AST-003375,0.7798474370446803,0.5419794023314145,0.5361520865330986,0.6193263086363978
AST-003376,0.6755393488381243,0.6211595430164896,0.4694960530983888,0.5887316483176676
AST-003377,0.6575805292311576,0.5743216934565363,0.9620454753263155,0.7313158993380031
AST-003378,0.6095252829539477,0.33115944198135855,0.8918755960471434,0.6108534403274832
AST-003379,0.2686753079720822,0.37618652983301315,0.8267516806273252,0.49053783947747354
AST-003380,0.1580220093728717,0.9339276299187483,0.9943551339397793,0.6954349244104665
AST-003381,0.37642757020447964,0.20775902560867204,0.49405184885423975,0.35941281488913046
AST-003382,0.6973000149203378,0.11864455140260624,0.7882872449994875,0.5347439371074771
AST-003383,0.6610838795530852,0.6853512673937003,0.9154542847602609,0.7539631439023488
AST-003384,0.5797736987710905,0.43472619968327403,0.8392241085750852,0.6179080023431499
AST-003385,0.5130471192602212,0.25773639270697085,0.7246149483458052,0.49846615343766576
AST-003386,0.6089296139346468,0.5084820009646416,0.7512434354853235,0.6228850167948706
AST-003387,0.466584900825605,0.24845122377512344,0.5231789677169224,0.41273836410588355
AST-003388,0.6696538533568042,0.790432259010367,0.9619292483057365,0.8073384535576359
AST-003389,0.615869579548521,0.3998907859740243,0.882957931199761,0.6329060989074354
AST-003390,0.4111950314425387,0.9666947641545903,0.775004978954486,0.7176315915172049
AST-003391,0.33338869098050267,0.6805067741768298,0.6413617504325029,0.5517524051966117
AST-003392,0.6484602912377856,0.30153599413469034,0.38150956901972954,0.4438352847974018
AST-003393,0.3219830373639448,0.34380505324000815,0.8470907076434127,0.5042929327491219
AST-003394,0.5628081348086104,0.4656075274890219,0.6040877808744582,0.5441678143906968
AST-003395,0.36087392355443537,0.1824462082326802,0.7372565054505043,0.42685887907920667
AST-003396,0.3829335687080481,0.48184659144939107,0.7513677747513843,0.5387159783029412
AST-003397,0.40142832852491855,0.9032906187192835,0.44775275287495153,0.5841572333730513
AST-003398,0.7688481800816561,0.6375914262470623,0.8710179714354732,0.7591525259213973
AST-003399,0.3944834057545905,0.7257332762838254,0.6713103535216796,0.5971756785200318
AST-003400,0.7369862835035589,0.7128178344795337,0.6216523509015167,0.6904854896282031
AST-003401,0.31147553901856334,0.40789674800864484,0.6927823214418605,0.47071820282302285
AST-003402,0.0,0.8268539649609183,0.9033866395555663,0.5767468681721616
AST-003403,0.5695709299627875,0.16869544806486744,0.2926814410195262,0.343649273015727
AST-003404,0.7665962414263431,0.6739009222955392,0.9473039712708697,0.7959337116642508
AST-003405,0.7055844800222745,0.13637377972462625,0.3162637659819563,0.3860740085762857
AST-003406,0.6534083320156746,0.8347112755764794,0.5862818714175866,0.6914671596699136
AST-003407,0.6498620468224678,0.43487666597231034,0.48002635259738285,0.5215883551307203
AST-003408,0.9042168474709736,0.551680389529229,0.8317915379631443,0.7625629249877823
AST-003409,0.24931164020010504,0.8619909336426513,0.8905766773515577,0.667293083731438
AST-003410,0.8056591902481848,0.869181288523743,0.9806860432909594,0.8851755073542957
AST-003411,0.3304659110549563,0.4118546921565172,0.7844737725819794,0.5089314585978176
AST-003412,0.8719927672127327,0.8174830642269126,0.9496469187120048,0.8797075833838833
AST-003413,0.609527865835026,0.6543158696726209,0.9537946357624147,0.739212790423354
AST-003414,0.0,0.5752107150824795,0.6909271004914027,0.4220459385246274
AST-003415,0.5421613500509517,0.7283746498880882,0.78446388869715,0.68499996287873
AST-003416,0.7798307311748512,0.7793459481569153,0.6921926697237332,0.7504564496851666
AST-003417,0.7985922864952055,0.4428676557037933,0.9330356303907749,0.7248318575299245
AST-003418,0.8614868866382435,0.2561593620774138,0.859036548524665,0.6588942657467741
AST-003419,0.7944520324124984,0.7373475844245393,0.7908031762635803,0.7742009310335393
AST-003420,0.8304423495046552,0.7124038141554007,0.8536451145088616,0.7988304260563058
AST-003421,0.5729787672994874,0.31618374903257584,0.08340673925721073,0.32418975186309135
AST-003422,0.9510752870830402,0.3652791496341666,0.9357364974419702,0.750696978053059
AST-003423,0.21434659095774966,0.3116474714481452,0.6475595335304111,0.3911845319787686
AST-003424,0.0,0.7847881747362796,0.6691708300216256,0.4846530015859684
AST-003425,0.07574685370721373,0.6917196539671566,0.9867438748561217,0.5847367941768307
AST-003426,0.37664541603953317,0.20289039754524724,0.7510916934949518,0.4435425023599107
AST-003427,0.0,0.12024905576306028,0.9920151527571816,0.370754736173414
AST-003428,0.8841845030315736,0.48392347651601064,0.8250811109826893,0.7310630301767578
AST-003429,0.21487000134906142,0.31217239397590063,0.7336581143483246,0.4202335032244289
AST-003430,0.38058143644667913,0.5930043985199414,0.8494429314713711,0.6076762554793306
AST-003431,0.741134283905149,0.504978700315739,0.7931231889143303,0.6797453910450728
AST-003432,0.5851264926367326,0.29483046947978,0.9407503768610566,0.6069024463258564
AST-003433,0.8613333854940642,0.36671872381639953,0.1743218696082121,0.4674579929728919
AST-003434,0.6054652298055818,0.4718498221879238,0.9073604112356567,0.6615584877430541
AST-003435,0.5839347357975837,0.6736791175801908,0.8984105100829997,0.7186747878202581
AST-003436,0.0,0.4347360440758761,0.19814758716619257,0.2109612104140229
AST-003437,0.4518079868340244,0.3772187025593307,0.9309414360394616,0.5866560418109389
AST-003438,0.844364314882541,0.7997624318080813,0.9147680428488941,0.8529649298465055
AST-003439,0.08160787882188815,0.5384585080763704,0.9565068627377487,0.5255244165453358
AST-003440,0.5418406158947259,0.3346185577814393,0.27348757838946475,0.38331558402187665
AST-003441,0.7320420901169139,0.8252704003329965,0.9191749278507173,0.8254958061002092
AST-003442,0.5200830713809973,0.6822110825557045,0.9750022490948198,0.7257654676771739
AST-003443,0.7528802850842965,0.8533928154864956,0.8635424628958382,0.8232718544888767
AST-003444,0.7092540493743029,0.3684016824431156,0.8480110824612997,0.6418889380929061
AST-003445,0.5327850585561515,0.30825343055372006,0.30132650402135397,0.3807883310437419
AST-003446,0.7277157432743658,0.4475525221283658,0.9234138298264948,0.6995606984097421
AST-003447,0.741532518175805,0.8333720765389219,0.9994472027981622,0.8581172658376297
AST-003448,0.5339162546267094,0.48636008157053084,0.8660289458900915,0.628768427362444
AST-003449,0.4059305521742463,0.35062922458062945,0.8009824145893156,0.5191807304480638
AST-003450,0.628427673880045,0.8828801405720585,0.6925529106298542,0.7346202416939859
AST-003451,0.3113575358016566,0.6009126127901797,0.5528019362780608,0.488357361623299
AST-003452,0.28280049927731943,0.6586023751662575,0.9462074964586217,0.6292034569673995
AST-003453,0.40642762898692747,0.6587796436607303,0.8874743746248495,0.6508938824241691
AST-003454,0.664603643236341,0.8274326561106504,0.8821408651881303,0.7913923881783739
AST-003455,0.7383188950391444,0.7093607564409032,0.8926348115635214,0.780104821014523
AST-003456,0.10058786479758526,0.12568082369140632,0.9662532646790295,0.3975073177226737
AST-003457,0.6722498764427532,0.504660276681647,0.8061579693937811,0.6610227075060604
AST-003458,0.4283808103565705,0.46886055045865155,0.4321229941259061,0.44312145164704275
AST-003459,0.5203091718003462,0.3091605782443259,0.6936334519859261,0.5077010673435328
AST-003460,0.2380862853113446,0.7306946549909655,0.9700989114124223,0.6462932839049108
AST-003461,0.8267800659544224,0.3126426194937325,0.9569954651102036,0.6988060501861195
AST-003462,0.7899100515652387,0.7334049560392432,0.7237596844723172,0.749024897358933
AST-003463,0.3366807806777564,0.5347743287817968,0.42905127866275267,0.43350212937410193
AST-003464,0.706271297355224,0.7958867610499519,0.6801412390748905,0.7274330991600221
AST-003465,0.2286766714038788,0.67515623529731,0.6073230040695218,0.5037186369235701
AST-003466,0.0,0.10500736197574848,0.7152393859628605,0.27341558264620297
AST-003467,0.09312820479690757,0.7266672523113006,0.5533025309405488,0.4576993293495857
AST-003468,0.8478674273357687,0.78744644972508,0.8331635757108264,0.8228258175905584
AST-003469,0.6861200214012736,0.8794131270137693,0.7916597012382781,0.7857309498844404
AST-003470,0.46202329872717524,0.687179287390872,0.8164321584336306,0.6552115815172259
AST-003471,0.7997334358505522,0.7296972630979398,0.6012291814052332,0.7102199601179083
AST-003472,0.8348912233694811,0.2800094365129429,0.959904868323494,0.691601842735306
AST-003473,0.5834969385158582,0.27390276302372224,0.810986989100211,0.5561288968799305
AST-003474,0.8694010856733927,0.15979813427128037,0.905601065016033,0.6449334283202354
AST-003475,0.0,0.8178570037279476,0.903634330595202,0.5738304447743832
AST-003476,0.9165912302204396,0.6620513894468634,0.9761063186548858,0.8515829794407296
AST-003477,0.7515549334616162,0.2858679155755731,0.9353083721244337,0.657577073720541
AST-003478,0.9216814373521228,0.7271588437360108,0.9854442442770726,0.878094841788402
AST-003479,0.3573593055608347,0.4152803836622455,0.8372608708770773,0.5366335200333858
AST-003480,0.6572587513697142,0.522036639567128,0.8802069971000626,0.6865007960123016
AST-003481,0.0,0.35784147159473484,0.867741758022863,0.408527743205866
AST-003482,0.8544781467611204,0.9237329693275268,0.912124937826538,0.8967786846383952
AST-003483,0.7613908901021171,0.6584833655496675,0.9191963047857924,0.7796901868125258
AST-003484,0.8082780156628431,0.6920086907305547,0.9241942050471489,0.8081603038135156
AST-003485,0.564579376858663,0.7769194638639167,0.9153850643848579,0.7522946350358125
AST-003486,0.6389562862991515,0.8176725582255564,0.8456288130085119,0.7674192191777399
AST-003487,0.4317850406945574,0.5982235130247485,0.42768466318836706,0.48589773896922434
AST-003488,0.4236053573003231,0.405640464652435,0.8686695519621284,0.5659717913049621
AST-003489,0.6914819572299941,0.26037952110377055,0.943498118696629,0.6317865323434645
AST-003490,0.8305006551002702,0.39940915409945793,0.9106220376321769,0.7135106156106349
AST-003491,0.2263382447165426,0.33407835707474365,0.4575688598915842,0.3393284872276235
AST-003492,0.6512214436848316,0.5390032612523054,0.257739332558636,0.48265467916525767
AST-003493,0.28170444317190696,0.5484655422012227,0.7109651781273133,0.5137117211668144
AST-003494,0.7034187077746994,0.3295822279919805,0.6132652958999205,0.5487554105555335
AST-003495,0.0,0.21953379245976914,0.45242375359876574,0.2239858486861783
AST-003496,0.7842827628653573,0.9323571910177869,0.9991448535436607,0.9052616024756016
AST-003497,0.7000060270833055,0.32093488005243026,0.42989041701437836,0.48361044138337145
AST-003498,0.6876923578117802,0.7187938479568863,0.6926859483405826,0.6997240513697497
AST-003499,0.0,0.47103939624706104,0.4198227868468044,0.29695406103128846
AST-003500,0.8218551466104865,0.543336208497491,0.7050253897518559,0.6900722482866112
AST-003501,0.4475374642884181,0.5202660996310436,0.05653787384064877,0.34144714592003683
AST-003502,0.9185114316500124,0.9341112809432831,0.9523510093077169,0.9349912406336708
AST-003503,0.7355329687229414,0.9765106076067658,0.7799372421473278,0.8306602728256783
AST-003504,0.9060601863738547,0.7009880022693865,0.9895237873327245,0.8655239919919886
AST-003505,0.0,0.09750470699689738,0.5062824310813707,0.2012623793594227
AST-003506,0.8207270278503044,0.7559703270342957,0.9226865030217358,0.8331279526354454
AST-003507,0.456350857932758,0.36024807894316074,0.993534550294429,0.6033778290567826
AST-003508,0.8395818541913042,0.5449228274247108,0.9025991071878411,0.7623679296012854
AST-003509,0.20120917482070366,0.6870565969342197,0.39068488726317724,0.4263168863393669
AST-003510,0.0,0.6833112569694835,0.7287843178360645,0.47069852493518266
AST-003511,0.2292100913702902,0.34727881992241316,0.7253587253263551,0.43394921220635285
AST-003512,0.4183659242148016,0.5829745349582814,0.8408258745025539,0.6140554445585457
AST-003513,0.0,0.7594631149675136,0.8950222690678445,0.551495128011786
AST-003514,0.31680501359210705,0.4167033863745144,0.5014121416900562,0.41164018055222584
AST-003515,0.12406783582237936,0.12221002671397911,0.7906210331829795,0.3456329652397793
AST-003516,0.6699838559752298,0.7857939757848416,0.8542557310517871,0.7700111876039527
AST-003517,0.7785374484927713,0.4708234576917191,0.9940360048691662,0.7477989703512189
AST-003518,0.472420400687617,0.6769322223957662,0.8895938227073318,0.6796488152635717
AST-003519,0.9127418536616448,0.8329904012425309,0.7710485654586905,0.8389269401209555
AST-003520,0.6228110880370933,0.8525413079878528,0.6296433885102994,0.7016652615117485
AST-003521,0.8773020194259329,0.8693917873609729,0.8653320465732464,0.8706752844533842
AST-003522,0.5445996877550805,0.5808754416839477,0.8793578167866919,0.6682776487419066
AST-003523,0.8225442533149783,0.04979196491232369,0.13599676070957503,0.336110992978959
AST-003524,0.7071192606750087,0.8146920596874648,0.3885159444433262,0.6367757549352665
AST-003525,0.5372269179656765,0.5281833352694418,0.936373484454078,0.6672612458963987
AST-003526,0.0,0.6531843656079861,0.5474692558392023,0.40021787381572943
AST-003527,0.0,0.5532338787050454,0.5143181936250276,0.355850690776691
AST-003528,0.7048619420702598,0.3413993903670978,0.988558218477139,0.6782731836381655
AST-003529,0.9373980329859094,0.7666726343635385,0.8755274295593055,0.8598660323029178
AST-003530,0.7158784588472363,0.909849733812685,0.6320496638214804,0.7525926188271339
AST-003531,0.7995078665656481,0.6506469140071465,0.9321215759055674,0.7940921188261206
AST-003532,0.6755041181902621,0.5449829990523116,0.7186513722457044,0.6463794964960927
AST-003533,0.8216133029696907,0.6234604564227765,0.8130554308775143,0.7527097300899938
AST-003534,0.2574709176468537,0.4192402219197636,0.7248775349521002,0.4671962248395725
AST-003535,0.8625102449072427,0.6512835656364067,0.9609855132752446,0.8249264412729646
AST-003536,0.656267154646953,0.07554551633418613,0.730815847134883,0.4875428393720074
AST-003537,0.6283939847503224,0.5793278961754138,0.8705012889792023,0.6927410566349795
AST-003538,0.5505332642201785,0.22269221919981783,0.7134383245738114,0.49555460266460255
AST-003539,0.601447567047398,0.6292749661605979,0.9067375155322035,0.7124866829133998
AST-003540,0.5912042923217676,0.6427604354826736,0.37373421558307396,0.5358996477958384
AST-003541,0.15811970764142982,0.7285812751872449,0.42152243478232043,0.4360744725369983
AST-003542,0.6784351219595486,0.5365744651809223,0.44830394948730345,0.5544378455425915
AST-003543,0.5956460387900558,0.4050905689435694,0.5994614025026571,0.5333993367454274
AST-003544,0.5371718719978316,0.7160831972168017,0.771578340379949,0.6749444698648608
AST-003545,0.3259994952062321,0.4969776499287713,0.8654705737192587,0.5628159062847541
AST-003546,0.6722927216784826,0.9482562589918283,0.6517662149042869,0.757438398524866
AST-003547,0.0,0.8146682286999779,0.7563781094174913,0.523682112705823
AST-003548,0.2719199109077315,0.2145583867471459,0.8612467398553437,0.44924167917007374
AST-003549,0.9208019563500485,0.6040230583724114,0.9199669232433474,0.8149306459886025
AST-003550,0.1623282832905115,0.29719948665530244,0.9672669931528897,0.4755982543662345
AST-003551,0.42459876601016533,0.7812009177326472,0.8849899877394806,0.6969298904940976
AST-003552,0.4936571654956503,0.4700900269371441,0.9143356243160269,0.6260276055829405
AST-003553,0.9598183822095961,0.3927544625502535,0.6683730551408636,0.6736486333002377
AST-003554,0.40543986773875523,0.4399885572155121,0.9145388203314037,0.586655748428557
AST-003555,0.15402701570245747,0.3711411457847748,0.9256596414726631,0.4836092676532984
AST-003556,0.16318298107114612,0.4633854161187423,0.4957500592276903,0.3741061521391929
AST-003557,0.450862319500467,0.6223589958300842,0.7818430787655186,0.6183547980320233
AST-003558,0.0,0.23591079915397192,0.7186552111485962,0.31818867010085605
AST-003559,0.8252939900277023,0.44796765747201917,0.6933991270473964,0.655553591515706
AST-003560,0.8847741643272227,0.6432347694416286,0.9843868785666378,0.8374652707784964
AST-003561,0.3367092630265907,0.44902544035506103,0.29754190775273376,0.36109220371146183
AST-003562,0.24982462865500216,0.57794103158427,0.868439330623832,0.5654016636210347
AST-003563,0.8979582127212254,0.7406872165185936,0.9497835782653328,0.8628096691683839
AST-003564,0.45441467068226593,0.9239425210189361,0.745237094807149,0.7078647621694504
AST-003565,0.0,0.9296222548260201,0.9314669410317028,0.6203630652859077
AST-003566,0.603218655651663,0.12014257949972348,0.5174865231271403,0.41361591942617554
AST-003567,0.8013584344110005,0.15339976724910168,0.8119344404424954,0.5888975473675325
AST-003568,0.5312645963981084,0.6925650627284708,0.9612052286532747,0.7283449625932846
AST-003569,0.7178189289847017,0.844073556894449,0.8283703128736578,0.796754266250936
AST-003570,0.39651883003506055,0.5670257489948333,0.8221097634630582,0.5952181141643172
AST-003571,0.9171960257599377,0.6025287973597847,0.9376070080764809,0.8191106103987345
AST-003572,0.738404001129526,0.5409037769480094,0.5929680540315646,0.6240919440363667
AST-003573,0.5113979804775544,0.6604818507815231,0.9535562318916843,0.7084786877169206
AST-003574,0.5290581649057317,0.1815034600405359,0.8872451075547425,0.5326022441670034
AST-003575,0.5245509242273747,0.5412501503995542,0.8174600734510116,0.6277537160259802
AST-003576,0.7631283183315388,0.5437048127945487,0.9446107767504117,0.7504813026254998
AST-003577,0.0,0.8257988771785308,0.48473800407071216,0.436845627083081
AST-003578,0.7399705104233266,0.5992715183314843,0.634002020137745,0.6577480162975187
AST-003579,0.3774785343925684,0.7813136301452835,0.5822695358998141,0.5803539001458886
AST-003580,0.8893078179131496,0.8649742378125822,0.940993745360409,0.8984252670287137
AST-003581,0.31088580395716425,0.7430810652760275,0.893154794379602,0.6490405545375979
AST-003582,0.8354419675384096,0.2844011851728838,0.7340320892355627,0.6179584139822853
AST-003583,0.9691328296681665,0.5926075482346312,0.8460203137099932,0.8025868972042637
AST-003584,0.43196487570530445,0.8287803328468837,0.9498373601873199,0.7368608562465027
AST-003585,0.5969940482320281,0.09497503884251773,0.9305062476493425,0.5408251115746294
AST-003586,0.8060547360170202,0.803975236337347,0.883681261928648,0.8312370780943384
AST-003587,0.5877829014348943,0.7908136867650227,0.904717727575024,0.7611047719249804
AST-003588,0.0,0.7252842687922133,0.7694442393571889,0.49824283604980074
AST-003589,0.46215163007727206,0.5619519480005074,0.516451507414962,0.5135183618309138
AST-003590,0.3990783983560599,0.634334308354349,0.964256131390516,0.6658896127003083
AST-003591,0.3262412804714828,0.894864248723077,0.7933834699994317,0.6714963330646638
AST-003592,0.8255781762692094,0.5254943500366146,0.6262519811350916,0.6591081691469719
AST-003593,0.09423036840272,0.1349294404932802,0.9354161636883168,0.388191990861439
AST-003594,0.30742287223067677,0.3876641566664699,0.904704400545642,0.5332638098142629
AST-003595,0.8019876464757173,0.8634680683737386,0.9077325353966361,0.8577294167486973
AST-003596,0.625543605110508,0.6462222870629383,0.6522089297823458,0.6413249406519307
AST-003597,0.0,0.5403961811830733,0.8594770891814311,0.46662442345483485
AST-003598,0.7013803717956034,0.37342089935840844,0.9257505284604661,0.6668505998714926
AST-003599,0.6572362743061106,0.11997523050306168,0.7062395039178675,0.49448366957567996
AST-003600,0.7804090611973957,0.18792224126977555,0.1374151273076177,0.368582143258263
AST-003601,0.7462873499045115,0.7677715943420449,0.93211429787753,0.8153910807080288
AST-003602,0.5347204993547722,0.5734086951308348,0.8113084137518117,0.6398125360791397
AST-003603,0.909617201822656,0.43638957150227164,0.989609556703874,0.7785387766762671
AST-003604,0.4215979218371518,0.16431233988001667,0.9935683527146768,0.5264928714772817
AST-003605,0.586526889096871,0.5295731694053829,0.9001584616067929,0.6720861733696823
AST-003606,0.0,0.6360659954428632,0.33217337707076505,0.3227464575045427
AST-003607,0.0,0.09145231690732879,0.967540866199216,0.3529977277021816
AST-003608,0.07211471479676654,0.5146868134166244,0.11374035240741041,0.2335139602069338
AST-003609,0.5636148421623337,0.526533931905475,0.9974928469795333,0.6958805403491141
AST-003610,0.8015309315150501,0.8702083923997966,0.8128291042826897,0.8281894760658455
AST-003611,0.5350594067815173,0.9390756247822114,0.9597977374966581,0.811310923020129
AST-003612,0.49383305034401603,0.35973192252743014,0.6781893218460526,0.5105847649058329
AST-003613,0.6688598724510165,0.3465838531865558,0.7125467680295426,0.5759968312223717
AST-003614,0.6366785891454875,0.27477219775614203,0.9823263520316443,0.6312590463110913
AST-003615,0.31887881209579866,0.6393573919805995,0.8388989993904817,0.5990450678222933
AST-003616,0.5057168553304904,0.23827610789091885,0.6712184502068984,0.47173713780943594
AST-003617,0.6346181993830622,0.5799034035888833,0.8347183115021122,0.6830799714913525
AST-003618,0.8147598019227773,0.44626744294202747,0.42563302894587013,0.562220091270225
AST-003619,0.6818653717180567,0.590585085448102,0.7455139310544711,0.6726547960735433
AST-003620,0.5498206138967445,0.6121004195633802,0.842354004626594,0.6680916793622397
AST-003621,0.5246998447597813,0.45833567980554063,0.5257492303370119,0.5029282516341113
AST-003622,0.6283426636699071,0.6944005462193601,0.8768529047016475,0.7331987048636383
AST-003623,0.6273615915553246,0.6327935720951194,0.7170473279385207,0.6590674971963216
AST-003624,0.7723999059625901,0.5876846792033473,0.9661005119651626,0.7753950323770334
AST-003625,0.3835400316107985,0.5325049762506828,0.8164721003992729,0.5775057027535847
AST-003626,0.4404935736112881,0.13546059340982927,0.8466317774490526,0.47419531482338995
AST-003627,0.25946272158805617,0.4191446270857301,0.6215456267116831,0.43338432512848984
AST-003628,0.749106189464544,0.567299546407934,0.8898514940610212,0.7354190766444998
AST-003629,0.8366833702713996,0.30609219229631496,0.7235995651984484,0.6221250425887209
AST-003630,0.5320839592258564,0.5762256505835343,0.48205942714574773,0.5301230123183794
AST-003631,0.7031514214697192,0.49202550519796595,0.9140044069616625,0.7030604445431159
AST-003632,0.6247699657300609,0.6225466610070074,0.8266367133631108,0.6913177800333931
AST-003633,0.7083042659270116,0.6704868425207363,0.7733844492373889,0.7173918525617123
AST-003634,0.0,0.6598221257874671,0.846440533632368,0.502087553139945
AST-003635,0.2757628546745157,0.25845526854450485,0.17503789347197748,0.23641867223033272
AST-003636,0.5911563051419544,0.7848665168054417,0.873878120903746,0.7499669809503807
AST-003637,0.2680749172483399,0.7023974330205687,0.7979158569411434,0.5894627357366841
AST-003638,0.6592521999934557,0.6369148549457575,0.5708264442818085,0.6223311664070073
AST-003639,0.5494439342994204,0.5125442962078961,0.9795890254833585,0.6805257519968917
AST-003640,0.21342739783738113,0.5681652552507935,0.8398825724389047,0.5404917418423598
AST-003641,0.6938403749155743,0.4817006465216877,0.49814934122011584,0.5578967875524593
AST-003642,0.20284348967620947,0.7291613670875738,0.7003622420543697,0.5441223662727177
AST-003643,0.8705586303046776,0.5601230315206673,0.9352720164261044,0.7886512260838164
AST-003644,0.6306074903112855,0.7927457832971796,0.589056799716892,0.670803357775119
AST-003645,0.7672335074129908,0.4598938202449952,0.5782855830997687,0.6018043035859182
AST-003646,0.7319775444161064,0.9428869978592903,0.5152726165137105,0.7300457195963691
AST-003647,0.8555703849410343,0.22611910695980275,0.6518961509823682,0.5778618809610684
AST-003648,0.6699303310653433,0.6242410982384872,0.8244987469745749,0.7062233920928018
AST-003649,0.7320279546567776,0.6894933453700668,0.7672290409407416,0.7295834469891954
AST-003650,0.7620676455237201,0.23292999173563828,0.5896860520403926,0.5282278964332503
AST-003651,0.8423574987547607,0.20223308718299682,0.9393396513992576,0.6613100791123384
AST-003652,0.8282096165011333,0.4545555652634863,0.8595024915272365,0.7140892244306188
AST-003653,0.9156255819364774,0.3860837367718736,0.9405581097843199,0.7474224761642235
AST-003654,0.8238285690607583,0.6720474495766372,0.860687938020002,0.7855213188857992
AST-003655,0.5858615754093875,0.3399261952754399,0.8141640974362084,0.5799839560403454
AST-003656,0.0,0.6993623566335658,0.2660725409804382,0.3218116325380013
AST-003657,0.25852318328254603,0.19466657761971382,0.6975917493727966,0.38359383675835207
AST-003658,0.982645208610182,0.8007697992521009,0.6414391125518181,0.8082847068047004
AST-003659,0.7305524941946739,0.8802013852230957,0.9108326906935416,0.8405288567037704
AST-003660,0.7558585831845379,0.39425064886018474,0.5802322635722867,0.5767804985390032
AST-003661,0.3644164685952192,0.09966358069106411,0.8504524110729916,0.438177486786425
AST-003662,0.8268527692384939,0.21984783137812036,0.438764446363704,0.49515501566010606
AST-003663,0.8848340247720287,0.9051661429191499,0.8999311335955412,0.8966437670955733
AST-003664,0.6631493165269075,0.8152182929672899,0.9387327867539688,0.8057001320827221
AST-003665,0.8586150124965298,0.6663374594687391,0.7357271129861811,0.7535598616504834
AST-003666,0.7593892191293392,0.7529947439263097,0.6733620159631682,0.7285819930062724
AST-003667,0.608374854716575,0.719814222676887,0.7245795736697433,0.6842562170210685
AST-003668,0.6284836107647404,0.8863878862286833,0.7645345526327528,0.7598020165420588
AST-003669,0.49521634797099917,0.6729874944536148,0.807253220147778,0.6584856875241306
AST-003670,0.6801324057877461,0.7322336083968431,0.29604964903418207,0.5694718877395905
AST-003671,0.8514722297914324,0.3607083377207562,0.8705269279144703,0.6942358318088863
AST-003672,0.5881850217914496,0.7221791158358924,0.871740596791817,0.7273682448063864
AST-003673,0.5315598295513576,0.7762735817141452,0.5597108256984322,0.622514745654645
AST-003674,0.0,0.47623401424804523,0.8936054901439734,0.4566131681306729
AST-003675,0.8801916521900359,0.6499466311487848,0.9833312698792301,0.837823184406017
AST-003676,0.6848165336691561,0.6832070239304122,0.9854643263357842,0.7844959613117841
AST-003677,0.7859983702327603,0.6230537170381669,0.7267767388597313,0.7119429420435529
AST-003678,0.28935927145764234,0.3286211052521669,0.32891295650060764,0.315631111070139
AST-003679,0.612968193030462,0.5061950232440215,0.3871050949978258,0.5020894370907698
AST-003680,0.895053732623868,0.5391027517920711,0.4110612313222717,0.6150725719127369
AST-003681,0.6084279593943508,0.5827957967602084,0.810765600668798,0.6673297856077859
AST-003682,0.9331644997190246,0.5481031029624472,0.43224166836732153,0.6378364236829311
AST-003683,0.5546511926742701,0.43684797856263935,0.40510138917557653,0.4655335201374953
AST-003684,0.6643778897739229,0.8186655621335026,0.4702605652901579,0.6511013390658612
AST-003685,0.6871110676372435,0.6186951227157116,0.8557990136753976,0.7205350680094509
AST-003686,0.1256042586853444,0.9210915007276718,0.8711545116932468,0.6392834237020876
AST-003687,0.5534921671272571,0.5350585906306248,0.9397808528000463,0.6761105368526428
AST-003688,0.8881441195713087,0.8744484622498527,0.8833190219680133,0.8819705345963915
AST-003689,0.616671497235729,0.6983740856951652,0.7928973022180236,0.7026476283829726
AST-003690,0.4593557635841643,0.24478648746276066,0.5179320828460539,0.4073581112976596
AST-003691,0.10554659770497711,0.30050159528940834,0.5444139606540157,0.31682071788280036
AST-003692,0.9305387179524336,0.8659175883231601,0.7649305883705336,0.8537956315487092
AST-003693,0.45634207980714503,0.48041876333988537,0.9231445989690492,0.6199684807053599
AST-003694,0.7690031418527996,0.44344565396394153,0.8519121657093551,0.6881203205086988
AST-003695,0.5325858674551676,0.30238367567872976,0.9503137203010441,0.5950944211449805
AST-003696,0.0,0.8311549165737409,0.968710934704673,0.5999552837594713
AST-003697,0.356947114668213,0.31623454598356826,0.9192146019778262,0.5307987542098692
AST-003698,0.7984708903514655,0.34854754052124637,0.5011674472939412,0.5493952927222177
AST-003699,0.5104216385398449,0.2989805676430712,0.32673113126462894,0.37871111248251504
AST-003700,0.4399651814593653,0.685720484565938,0.8255241092417235,0.6504032584223424
AST-003701,0.6483163710490496,0.9178219603538013,0.9802241821456796,0.8487875045161769
AST-003702,0.7455975232148977,0.6647842917487431,0.9159074736482339,0.7754297628706248
AST-003703,0.763520370340966,0.9099320196980301,0.9605590857184123,0.8780038252524694
AST-003704,0.7173832534367837,0.6501765257386279,0.4086426703031474,0.5920674831595197
AST-003705,0.5446930112920568,0.4723487762329108,0.7137594462551642,0.5769337445933773
AST-003706,0.9434054577601149,0.36573742295090583,0.8483497304941234,0.719164203735048
AST-003707,0.7632784821930643,0.2346488249708888,0.9992874622528248,0.6657382564722593
AST-003708,0.8017188960591893,0.4662527689722211,0.38038674379406284,0.5494528029418245
AST-003709,0.2208184964135393,0.5256409189828573,0.786248351456761,0.5109025889510526
AST-003710,0.47672334876361194,0.8031135937096341,0.9654929188062786,0.748443287093175
AST-003711,0.630407035663581,0.7199119078007504,0.9181287252754451,0.7561492229132588
AST-003712,0.8264762456585488,0.9083172825614083,0.7271491574753295,0.8206475618984289
AST-003713,0.8439710277260314,0.6711306871243956,0.9474040783415776,0.8208352643973349
AST-003714,0.7819699123766322,0.3177501213766678,0.9594214537458033,0.6863804958330344
AST-003715,0.6821795235589629,0.16143835655441466,0.9896144032220062,0.6110774277784613
AST-003716,0.39856984663043016,0.4333770366651489,0.7723520603436901,0.534766314546423
AST-003717,0.8662110500477468,0.7484185468727313,0.9644809157840684,0.8597035042348488
AST-003718,0.40320961816244466,0.8122959548735686,0.38234657850485537,0.5326173838469562
AST-003719,0.0,0.3710622234951956,0.5609424268395715,0.3106682167782557
AST-003720,0.6226450727792953,0.6119960069470503,0.7184973461546945,0.6510461419603466
AST-003721,0.0,0.747096308323122,0.8389666212144943,0.5286876431792055
AST-003722,0.3124548974102695,0.49640011966332587,0.5630300604939085,0.4572950258558346
AST-003723,0.7122260175709785,0.48046515197038764,0.8576294262385977,0.6834401985933214
AST-003724,0.5827238780027684,0.8380407384096221,0.6878463431649738,0.7028703198591214
AST-003725,0.6840647022694885,0.20773908644283579,0.9376408943300345,0.609814894347453
AST-003726,0.0,0.581649142632656,0.45626123997727513,0.34597012753664375
AST-003727,0.7293551659211425,0.5836281642880751,0.599369618048959,0.6374509827527256
AST-003728,0.44750483624782583,0.3268313467248528,0.6688624614034459,0.48106621479204154
AST-003729,0.8938466531026539,0.5835689593406117,0.8599379465534241,0.7791178529988966
AST-003730,0.610014771343524,0.8258011682019479,0.48961332462971996,0.641809754725064
AST-003731,0.0,0.4777632414238504,0.5027622141017354,0.3268418185085286
AST-003732,0.23438181980749112,0.6436120426567202,0.9550769828574265,0.6110236151072126
AST-003733,0.7178848622656523,0.7135922035279381,0.9444154839331192,0.7919641832422365
AST-003734,0.8325365582928823,0.6259125838558204,0.8159356503529536,0.7581282641672188
AST-003735,0.6569617724893873,0.5583515821765016,0.8833985276835836,0.6995706274498241
AST-003736,0.7918504196435994,0.7721150786963844,0.7950995025547848,0.7863550002982561
AST-003737,0.5391811215834426,0.41870000480401,0.03432764592168946,0.33073625743638063
AST-003738,0.7372562683693129,0.3706053919374365,0.9124709207883661,0.6734441936983719
AST-003739,0.0,0.37010874188954906,0.8142371321464842,0.3947819580120111
AST-003740,0.7513927263056324,0.40113539443850754,0.7531650569114736,0.6352310592185378
AST-003741,0.34207769107252894,0.5462359794482395,0.4297154933973247,0.4393430546393644
AST-003742,0.5982781693372069,0.24466799403770095,0.6022611995291252,0.48173578763467767
AST-003743,0.5879133168166173,0.7981470564167946,0.9595370405888876,0.781865804607433
AST-003744,0.660557914180775,0.819759132999803,0.42303637902357377,0.6344511420680506
AST-003745,0.6600843228409107,0.7421598638735418,0.7159652530731072,0.7060698132625198
AST-003746,0.0,0.8030697805067293,0.8342485288800027,0.5457727697955773
AST-003747,0.3262925790234785,0.4352485893630715,0.9378898755943053,0.5664770146602851
AST-003748,0.5487314168562513,0.910456624157392,0.9425399013731441,0.8005759807955958
AST-003749,0.25221160937038256,0.33366154841281837,0.9523568784494151,0.512743345410872
AST-003750,0.6845490470660195,0.5856915729494215,0.8807180639662229,0.716986227993888
AST-003751,0.8757070455339142,0.7954103576697301,0.3754709607944582,0.6821961213327009
AST-003752,0.8513175289520389,0.7363771236970212,0.9816532886057818,0.8564493137516139
AST-003753,0.5064841684078338,0.3335226419983888,0.80252738852067,0.5475113996422976
AST-003754,0.7084411710238827,0.8621053391439224,0.6360895420942141,0.7355453507540064
AST-003755,0.9690011276582638,0.43021051692425294,0.6565642263600219,0.6852586236475129
AST-003756,0.0,0.3730085775602994,0.7462776811438092,0.3730954195680362
AST-003757,0.3468702990315603,0.5194090503475992,0.7633796207920308,0.5432196567237301
AST-003758,0.6958511297716282,0.646834029836687,0.6217359366097498,0.6548070320726884
AST-003759,0.0,0.7198406704944003,0.959800834893094,0.5598805017958314
AST-003760,0.7214885778934348,0.49357684656396966,0.8794922645234915,0.6981858963269653
AST-003761,0.0,0.9293035324108612,0.5697991291771761,0.49970088719601247
AST-003762,0.6895988740664015,0.8689859648102575,0.9407539168768922,0.8331129185845171
AST-003763,0.9003420385763515,0.7567798735116132,0.7926238278466637,0.8165819133115427
AST-003764,0.6765409922730453,0.3473424215276182,0.9178018135759614,0.6472284091255417
AST-003765,0.7185137274847233,0.3340744863245405,0.5641773018468055,0.538921838552023
AST-003766,0.5139901395502499,0.20823943696203062,0.7425461753539895,0.4882585839554234
AST-003767,0.7631234301963623,0.5613165308337179,0.738296660571721,0.6875788738672671
AST-003768,0.9137312134767486,0.3730641778790323,0.9750681771309656,0.7539545228289155
AST-003769,0.0,0.5001900297837272,0.9997283544723269,0.49997279475201806
AST-003770,0.17601686804891553,0.7986215887960788,0.7767491887761612,0.5837958818737184
AST-003771,0.631482083393563,0.09215536372494468,0.9958326947478813,0.5731567139554631
AST-003772,0.5108332728153181,0.36850730942909693,0.9651590633748819,0.6148332152064323
AST-003773,0.5069027242833856,0.4479302109640526,0.9464454269990552,0.6337594540821644
AST-003774,0.48203672292103156,0.7566663587828903,0.9252011102939475,0.7213013973326232
AST-003775,0.29016622404934383,0.44894776422394617,0.9285559763126797,0.5558899881953233
AST-003776,0.965511928171778,0.6557491342262592,0.7339391812725476,0.785066747890195
AST-003777,0.3256617281771481,0.5571541410178397,0.7276339845488902,0.536816617914626
AST-003778,0.35127364312906695,0.6905302616259688,0.6127477135585786,0.551517206104538
AST-003779,0.696695141935347,0.5127291063933815,0.9937620824213405,0.7343954435833563
AST-003780,0.9015537804528663,0.46447079641904315,0.900994315378942,0.7556729640836172
AST-003781,0.7699991750504588,0.8472571475424989,0.5376888437444644,0.7183150554458074
AST-003782,0.32613233929191787,0.30729080419785065,0.923721935230976,0.5190483595735815
AST-003783,0.5032230682564114,0.3575193687759556,0.6939601971589455,0.5182342113971042
AST-003784,0.7651419480382842,0.5472133409449643,0.9154495385582189,0.7426016091804891
AST-003785,0.8384762575897741,0.8975617631578001,0.7184246898103708,0.8181542368526483
AST-003786,0.0,0.9385305305627949,0.07871945726312031,0.33908332927530505
AST-003787,0.47072331960880276,0.23651293368997742,0.9497166456933281,0.5523176329973695
AST-003788,0.747098837187815,0.7601119328910243,0.45271351421558326,0.6533080947648076
AST-003789,0.4723593046066476,0.5231769552956755,0.7228662733941387,0.572800844432154
AST-003790,0.24727103545086954,0.4256667572675514,0.9212399264913744,0.5313925730699318
AST-003791,0.6361467208429883,0.19012441993707307,0.595399469864286,0.4738902035481158
AST-003792,0.48300532500543175,0.275041081506846,0.1981432198236097,0.3187298754452958
AST-003793,0.7731479086144663,0.6160811992884515,0.9664074737127921,0.7852121938719033
AST-003794,0.0,0.26409566464679834,0.7683598444203934,0.34415183635573054
AST-003795,0.3244987689109775,0.5036003725930245,0.8771481257956741,0.5684157557665587
AST-003796,0.0,0.42971954114874944,0.826788510021818,0.41883601705685586
AST-003797,0.5822152767111193,0.853369710193321,0.9123255522013478,0.7826368463685961
AST-003798,0.20852196481877824,0.631172683345356,0.9390404965744553,0.5929117149128632
AST-003799,0.7422063419876878,0.7835461141341306,0.9899879433249518,0.8385801331489233
AST-003800,0.9304892232518109,0.6975869801915243,0.7654664276164752,0.7978475436866034
AST-003801,0.4062671675230314,0.93767907435949,0.19240513713880478,0.512117126340442
AST-003802,0.35130374657588337,0.22094395642981815,0.911687065124145,0.4946449227099488
AST-003803,0.6132746254768259,0.3735234939277818,0.6615871670935147,0.5494617621660408
AST-003804,0.8161623491124029,0.9549538790025386,0.9605110086632239,0.9105424122593885
AST-003805,0.57012788386823,0.4673129754163669,0.18858683991228348,0.40867589973229346
AST-003806,0.3992570266415274,0.3394782074469738,0.9465623660296134,0.5617658667060382
AST-003807,0.05829665571665461,0.7467141886280427,0.5262320385405433,0.4437476276284136
AST-003808,0.7766671226702762,0.5687274139939975,0.19109142067626264,0.5121619857801788
AST-003809,0.0,0.29773691365379046,0.5409462266674642,0.27956104677375154
AST-003810,0.839872319624465,0.6466218768117368,0.8817130918045423,0.7894024294135814
AST-003811,0.30798991544835136,0.4724938613889234,0.740683484044721,0.5070557536273319
AST-003812,0.21777738414050987,0.5525318514037382,0.7517629914986788,0.5073574090143089
AST-003813,0.8038825282419815,0.8213243481626565,0.6799794404282091,0.7683954389442823
AST-003814,0.776552381920605,0.31173622170881654,0.8474211764291,0.6452365933528404
AST-003815,0.7955822213654026,0.7627329702650152,0.9582113828971042,0.8388421915091739
AST-003816,0.8058954538864733,0.9641047967598019,0.49530930172611026,0.7551031841241285
AST-003817,0.2428001965317787,0.38317374915830055,0.7202813084257573,0.4487517513719455
AST-003818,0.4639535890140148,0.938555864226405,0.9686100436403557,0.7903731656269253
AST-003819,0.36987017072058187,0.5354976442097453,0.932200466002752,0.6125227603110264
AST-003820,0.41211979954171973,0.7365529736478353,0.3140143650934215,0.48756237942765884
AST-003821,0.10677452862642944,0.21234279685415225,0.23701509544214877,0.18537747364091017
AST-003822,0.7296615329360866,0.46070198294350695,0.7479173602059069,0.6460936253618335
AST-003823,0.6974110845298112,0.4467199771408311,0.6534784766105528,0.599203179427065
AST-003824,0.7191424583970876,0.2896678959747924,0.4784390206550864,0.49574979167565547
AST-003825,0.7246609909437239,0.705270661449561,0.9611542386217153,0.7970286303383335
AST-003826,0.9621387736777973,0.5841599715081826,0.602492516942451,0.7162637540428102
AST-003827,0.0,0.41428575331694484,0.8312181824003291,0.41516797857242466
AST-003828,0.6429244250052939,0.5285906387293261,0.9034788355905029,0.6916646331083743
AST-003829,0.861301113753872,0.8724287648392337,0.8953831041498824,0.8763709942476626
AST-003830,0.2198430109630893,0.8452428228917591,0.9041425050249495,0.6564094462932659
AST-003831,0.7166973966135689,0.36602100092432044,0.691103621681709,0.5912740064065328
AST-003832,0.7262434918602872,0.9354812479093313,0.8717221314508516,0.8444822904068233
AST-003833,0.9268349464122293,0.8518289798781362,0.900656544607213,0.8931068236325261
AST-003834,0.7368333095821842,0.544938999265775,0.9891286214884343,0.756966976778798
AST-003835,0.6307525152915099,0.2906324818603313,0.6767064176732549,0.5326971382750321
AST-003836,0.8951510592644388,0.5605990010834372,0.9718177886000524,0.8091892829826429
AST-003837,0.4501888622290997,0.7158608752500506,0.7069896496492528,0.6243464623761343
AST-003838,0.9332910562147757,0.7412324019056086,0.6261409124318503,0.7668881235174115
AST-003839,0.7966573005810723,0.30250450645215016,0.9000642161372208,0.6664086743901477
AST-003840,0.0,0.7795015436428872,0.5739443537708175,0.4511486324712349
AST-003841,0.5177517743592157,0.3929095034981809,0.9225996194668513,0.6110869657747493
AST-003842,0.8016284041450983,0.5081407745839939,0.8889312483178885,0.7329001423489935
AST-003843,0.2692222884318409,0.6078504970187105,0.7654114415158987,0.54749474232215
AST-003844,0.6342229154649449,0.691001142535836,0.6517003101065023,0.6589747893690944
AST-003845,0.0,0.4578397239046807,0.992504763197054,0.4834481623672449
AST-003846,0.6786379198697905,0.6898654594250981,0.9323800089623188,0.7669611294190691
AST-003847,0.35412600118816673,0.6488106688806535,0.9862823012440766,0.6630729904376323
AST-003848,0.39224664709540447,0.5392238777886125,0.794083236023847,0.575184586969288
AST-003849,0.4460264919272722,0.5080870817889798,0.729766175078931,0.5612932495983943
AST-003850,0.0,0.4788707078900621,0.9707049706303459,0.483191892840136
AST-003851,0.953259503312625,0.2255730403102367,0.8234600611774815,0.6674308682667811
AST-003852,0.23790801420244967,0.6818281718240194,0.8670774933472218,0.5956045597912304
AST-003853,0.8909254245624819,0.785490559093684,0.9746080764418398,0.8836746866993352
AST-003854,0.5583935800121466,0.6856871665766472,0.9443423600527762,0.7294743688805233
AST-003855,0.6338767469248493,0.3630687659753664,0.9216224072098855,0.6395226400367005
AST-003856,0.5336850206317034,0.5209985951407404,0.5925023956512987,0.5490620038079143
AST-003857,0.741258551151823,0.3998428753297162,0.6853666857171714,0.608822704066237
AST-003858,0.36824879980778485,0.7268631256902716,0.7500475177276814,0.6150531477419126
AST-003859,0.45044959164182347,0.7351505161369583,0.8061094384090147,0.6639031820625988
AST-003860,0.6264629513799558,0.8331616173957564,0.9899461424765211,0.8165235704174111
AST-003861,0.6755463959263779,0.9279095262140404,0.4377180994303916,0.6803913405236033
AST-003862,0.629683613449176,0.6249230460242488,0.9769530713596049,0.7438532436110098
AST-003863,0.8351436891609536,0.4645145172566043,0.952754948737942,0.7508043850518332
AST-003864,0.7397183820472822,0.8809695990324115,0.9940713840495056,0.8715864550430664
AST-003865,0.8890476108076126,0.9124355806098708,0.470985294213056,0.7574894952101797
AST-003866,0.0,0.10081713226404904,0.40277100283093786,0.16786271169832898
AST-003867,0.4470331152072396,0.7240420440795791,0.5090107694005074,0.5600286428957754
AST-003868,0.25931159706043744,0.19472109730626716,0.27786237345760667,0.24396502260810374
AST-003869,0.9863325640382341,0.7723783264324187,0.8812716065230998,0.8799941656645842
AST-003870,0.7888326645562221,0.5869286610501888,0.9310282805071395,0.7689298687045169
AST-003871,0.642437151069747,0.6665457231443128,0.636351811995174,0.6484448954030779
AST-003872,0.838692897998077,0.4768940396824297,0.45464874664844,0.5900785614429823
AST-003873,0.9785808056811445,0.3803452065636946,0.8553794463887031,0.738101819544514
AST-003874,0.5378843796511128,0.3456392442754694,0.8181080726665264,0.5672105655310362
AST-003875,0.26351735664234843,0.6893571833815038,0.8675528470393223,0.6068091290210581
AST-003876,0.682185525556373,0.41361093201208504,0.928948850797419,0.6749151027886257
AST-003877,0.5311699119401364,0.9154290427339973,0.9666223261873752,0.8044070936205031
AST-003878,0.9085035370589717,0.877378639939009,0.962663221912445,0.9161817996368086
AST-003879,0.84207179860483,0.49885415283584766,0.8620735415450911,0.7343331643285896
AST-003880,0.24302405283300527,0.856124032779093,0.585698885113932,0.5616156569086768
AST-003881,0.7783983634458899,0.6948629492313653,0.9103031732015076,0.7945214952929209
AST-003882,0.6300966162382691,0.3716290158747741,0.6637316462284166,0.55515242611382
AST-003883,0.3300129504657793,0.6721554748649488,0.9783516391942604,0.6601733548416628
AST-003884,0.6321289999328372,0.7767304679891871,0.9851898529410028,0.7980164402876757
AST-003885,0.12893326351377746,0.9216461962634412,0.12962188798974594,0.39340044925565487
AST-003886,0.8847439529275506,0.5815560363616901,0.7924141574278692,0.7529047155723699
AST-003887,0.7273422669475474,0.35505628292878716,0.8832495428643596,0.6552160309135647
AST-003888,0.6840311612521494,0.7860372730566876,0.7293437140996136,0.7331373828028168
AST-003889,0.8966950999564126,0.8896549700696542,0.8759335757911807,0.8874278819390825
AST-003890,0.7834540559052684,0.643429841264221,0.935930086151457,0.7876046611069821
AST-003891,0.7690858555277121,0.8867644917005373,0.929310862043935,0.8617204030907281
AST-003892,0.40125077139715765,0.35754406690556634,0.9235344947493506,0.5607764443506915
AST-003893,0.1816597048441921,0.7103012431652925,0.8211038921540111,0.571021613387832
AST-003894,0.37281227247724735,0.6378052520042113,0.4473984232630461,0.4860053159148349
AST-003895,0.252777331384814,0.7304316384749767,0.6446531427314007,0.5426207041970638
AST-003896,0.8379631342605707,0.42844407733949164,0.4379444307876002,0.5681172141292209
AST-003897,0.45557025382274846,0.26648574607048553,0.4492595967679741,0.3904385322204027
AST-003898,0.0,0.6897750137036435,0.9825817298525311,0.5574522478520582
AST-003899,0.40364209910834353,0.8696285836614227,0.2657181633489498,0.512996282039572
AST-003900,0.2607302569507088,0.6407141218447101,0.9727523401549951,0.624732239650138
AST-003901,0.321946744401753,0.4191573343174498,0.9107143788500937,0.5506061525230989
AST-003902,0.4130252617969642,0.8510047663389436,0.9102089963754294,0.724746341503779
AST-003903,0.7596570005814477,0.9296818306244807,0.7880287477533027,0.8257891929864103
AST-003904,0.0,0.6989731828499532,0.8606210864868601,0.5198647564456045
AST-003905,0.0,0.8860153468794307,0.7491750577211579,0.5450634682001962
AST-003906,0.655114589100065,0.9344903535675781,0.9631893519379154,0.8509314315351862
AST-003907,0.7833429100704528,0.6548711232637949,0.6157134315925296,0.6846424883089258
AST-003908,0.7875635354306845,0.6095615147291051,0.8184217575084305,0.7385156025560734
AST-003909,0.5232326456993115,0.651813165671776,0.8167303938917141,0.6639254017542672
AST-003910,0.8794727233690287,0.6345420938254023,0.856418119021907,0.7901443120721127
AST-003911,0.4243411113797398,0.7607163521870188,0.8139506519914983,0.6663360385194189
AST-003912,0.7700016679819168,0.6641980308880574,0.930244049405571,0.7881479160918484
AST-003913,0.28805691863747457,0.6495722595043885,0.6074899117129224,0.5150396966182619
AST-003914,0.20511853655444173,0.7898912738317659,0.39827638190339265,0.4644287307632002
AST-003915,0.25896711291568475,0.922598719332345,0.7324606348463917,0.6380088223648072
AST-003916,0.5837585301174975,0.8997202910171271,0.7575980609322218,0.7470256273556154
AST-003917,0.08642218599902497,0.5924767005116719,0.42109878164200015,0.36666588938423234
AST-003918,0.5818402923886957,0.5844321721903313,0.9745435863671897,0.7136053503154055
AST-003919,0.10750325164989141,0.8695529534135684,0.6606585962537443,0.5459049337724013
AST-003920,0.32537888653765057,0.7836121992194488,0.945030917657255,0.6846740011381182
AST-003921,0.06655970817781497,0.20008690960179734,0.8322906035850597,0.3663124071215573
AST-003922,0.21102621251657117,0.2699785755678772,0.885746697879274,0.45558382865457414
AST-003923,0.6765959918515919,0.8552742618904814,0.6283815285575755,0.7200839274332163
AST-003924,0.7604055724337695,0.09217912353022466,0.754977454264227,0.5358540500760737
AST-003925,0.7986412154929184,0.3359063906262988,0.8143154875332331,0.6496210312174835
AST-003926,0.444241760842172,0.36517218347517805,0.6455550337014931,0.4849896593396144
AST-003927,0.0,0.6790944606938392,0.8414612485412258,0.506851903078355
AST-003928,0.7127341546939104,0.19619106639108777,0.974648242309693,0.6278578211315637
AST-003929,0.45301432748690074,0.8667886260143699,0.6495821068126418,0.6564616867713041
AST-003930,0.7739183136373912,0.2818618908841645,0.5697092320549143,0.5418298121921566
AST-003931,0.27548679831405753,0.56475143920311,0.8263816152621305,0.5555399509264327
AST-003932,0.4622237914601767,0.5781302457010158,0.4385834596047666,0.49297916558865307
AST-003933,0.3491075309564502,0.6335224371834131,0.8173987160410301,0.6000095613936312
AST-003934,0.4644419802556817,0.20458212943919268,0.39739290658367554,0.35547233875951667
AST-003935,0.6594937196682378,0.14038707295886033,0.678886857318203,0.49292254998176704
AST-003936,0.763893060431463,0.8594240388946272,0.820221978057393,0.8145130257944944
AST-003937,0.30317371480223604,0.7098498516598671,0.9949013880458637,0.6693083181693223
AST-003938,0.5654666519215406,0.9108822556927054,0.940161466256613,0.805503457956953
AST-003939,0.0,0.220466838921456,0.8235052446179557,0.34799069451313724
AST-003940,0.0,0.30299080977573195,0.6611839685161645,0.32139159276396545
AST-003941,0.9218032243748118,0.7660432906578113,0.5942362878925747,0.7606942676417326
AST-003942,0.2791745105932614,0.4318443622820976,0.8440368096945681,0.5183518941899757
AST-003943,0.5273417964619138,0.15018170244009496,0.9655021260827933,0.5476752083282673
AST-003944,0.0,0.8055634931841873,0.925188262365941,0.5769172518500428
AST-003945,0.44360187959489206,0.6475255443331578,0.18253432157351604,0.4245539151671886
AST-003946,0.7804918247814963,0.5644558096984231,0.6489988032101244,0.664648812563348
AST-003947,0.9511678544838631,0.4278027618668954,0.9755120471477592,0.7848275544995058
AST-003948,0.3719370147459888,0.9169924666857259,0.9910373103822321,0.7599889306046489
AST-003949,0.5383245533374262,0.38067112388397206,0.5862116083078116,0.50173576184307
AST-003950,0.451622953753813,0.4719594271759737,0.9565110237230722,0.6266978015509529
AST-003951,0.4386763913484528,0.5002747855626997,0.9128746323663828,0.6172752697591785
AST-003952,0.9318378438371889,0.6893240266307118,0.9137778213974622,0.8449798972884542
AST-003953,0.9159510090220875,0.48265752030455017,0.7696969758529847,0.7227685017265407
AST-003954,0.41784804011816934,0.6673004123015848,0.7826687282494205,0.6226057268897248
AST-003955,0.1517521380859004,0.8610698866961168,0.3277657603659009,0.446862595049306
AST-003956,0.6610491677544331,0.6345520643002486,0.8438024164260531,0.7131345494935782
AST-003957,0.5359035636618402,0.6881616625595833,0.45671981019693253,0.5602616788061187
AST-003958,0.46414847152068656,0.6097421863200692,0.8825245324056652,0.6521383967488069
AST-003959,0.6755661449960051,0.5484628160513773,0.7361009314542156,0.6533766308338659
AST-003960,0.0,0.38600805070297795,0.6033512041715187,0.32978641829149885
AST-003961,0.6356564834410211,0.9050194554326324,0.9524663430537755,0.831047427309143
AST-003962,0.5327445348752144,0.4303649165678381,0.8374303585093218,0.6001799366507914
AST-003963,0.0,0.5180759918804416,0.7654091475770842,0.42782837981917526
AST-003964,0.6679890123683877,0.2554990604194973,0.5880165427569923,0.5038348718482925
AST-003965,0.49575520041793586,0.6748232221982651,0.6780562506317389,0.6162115577493134
AST-003966,0.587623705231221,0.3262793282466238,0.5739809120915453,0.49596131518979675
AST-003967,0.6881666695302152,0.37424603349428676,0.7285461232855686,0.5969862754366901
AST-003968,0.34382616606727295,0.5130731721061793,0.6279026804175826,0.49493400619701156
AST-003969,0.39246064061756514,0.46360744273260057,0.9663553352320412,0.6074744728607356
AST-003970,0.8619166289097282,0.7344930597946036,0.23453382414645965,0.6103145042835971
AST-003971,0.38493925409273316,0.31161816943853005,0.9906469460355882,0.5624014565222838
AST-003972,0.0,0.6983909935109635,0.9024836359651951,0.5336248764920528
AST-003973,0.07310146776638057,0.5685919929369914,0.9286059771892164,0.5234331459641961
AST-003974,0.37161158044331816,0.4860534473917181,0.8337761094973531,0.5638137124441297
AST-003975,0.5876810933777705,0.2108189600234373,0.85758275756902,0.5520276036567426
AST-003976,0.370627118991273,0.8819885326921748,0.7777858778637879,0.6768005098490786
AST-003977,0.8943429016114924,0.6632217656039648,0.9667965722167823,0.8414537464774132
AST-003978,0.7610107801785483,0.43626423190966607,0.9764117479021321,0.7245622533301154
AST-003979,0.5901276130551384,0.3629550471631729,0.49958831296205214,0.4842236577267878
AST-003980,0.7752930138622874,0.8688041611244022,0.9846084563690484,0.8762352104519127
AST-003981,0.8691342918601642,0.5448336709922702,0.8479200994519366,0.7539626874347903
AST-003982,0.4424169727266754,0.6145037133070933,0.5968879087876545,0.5512695316071411
AST-003983,0.5169727419720853,0.1599780985122085,0.7714500654655267,0.48280030198327356
AST-003984,0.6508101122681286,0.1914570160431547,0.5234778326203677,0.45524832031055035
AST-003985,0.9356781915200749,0.5829800649632125,0.9873190818003406,0.835325779427876
AST-003986,0.9255565524327571,0.6610647237642586,0.9038108472261415,0.8301440411410524
AST-003987,0.6579719466548151,0.46283009865994085,0.5082774171889474,0.5430264875012344
AST-003988,0.3523726560024184,0.5046335985030886,0.6036828215285397,0.48689635867801556
AST-003989,0.5168665917721679,0.6612840255113143,0.8435621190703015,0.6739042454512613
AST-003990,0.789866215395416,0.470169806494609,0.7181696336468487,0.6594018851789579
AST-003991,0.5260588673243793,0.33018802419597065,0.9155941716810096,0.5906136877337865
AST-003992,0.28893019899946165,0.30227739480794175,0.5478406282045859,0.3796827406706631
AST-003993,0.17028136428331683,0.4530592216440469,0.8395027478833833,0.48761444460358233
AST-003994,0.5621767433186718,0.8537778447118087,0.946704931790269,0.7875531732735831
AST-003995,0.7091875557082952,0.6557186756699488,0.7912266718049723,0.7187109677277389
AST-003996,0.06806919816479193,0.5067523816388266,0.8426943709736883,0.47250531692576897
AST-003997,0.3208897731824804,0.2925084314902161,0.926845823780558,0.5134146761510848
AST-003998,0.6184679981580715,0.5629649878798451,0.9203630692714241,0.7005986851031136
AST-003999,0.7796081310398089,0.807943430207661,0.6974420786185046,0.7616645466219915
AST-004000,0.8742326693238408,0.34584457904583615,0.9031350431150182,0.7077374304948983
AST-004001,0.2158699984190427,0.28832162794129107,0.8659434266896818,0.4567116843500052
AST-004002,0.31979388836316197,0.5813632536302598,0.8359649476005858,0.5790406965313358
AST-004003,0.5710861217059916,0.4664780732235998,0.5018709370597212,0.5131450439964375
AST-004004,0.20612529420585682,0.6318385599850107,0.8189741787273488,0.5523126776394055
AST-004005,0.6883684982717623,0.2671602413107854,0.7430503016835098,0.5661930137553525
AST-004006,0.41175847339557337,0.5221414060357068,0.7057631211244815,0.5465543335185873
AST-004007,0.6014344033788978,0.4183307948584114,0.9081803343207232,0.6426485108526775
AST-004008,0.6922328571451714,0.8381056828084211,0.9694098596830121,0.8332494665455349
AST-004009,0.592588542681231,0.4194728646672834,0.8809192716859711,0.6309935596781618
AST-004010,0.4344211330063687,0.7493635722850706,0.8790320130989064,0.6876055727967819
AST-004011,0.0,0.5328562678549854,0.9548023228399549,0.4958861968983134
AST-004012,0.4539013588500363,0.7504546020631494,0.9228598330688553,0.709071931327347
AST-004013,0.41310777942704224,0.6736695091341208,0.7106879171904082,0.599155068583857
AST-004014,0.6487255986732761,0.6150818664189441,0.9588879535201807,0.7408984728708004
AST-004015,0.0,0.539542887943421,0.9258106962433615,0.48845119472892745
AST-004016,0.03014277063198259,0.5925643850864182,0.7521344495363318,0.45828053508491085
AST-004017,0.7441495694649832,0.515023595595614,0.9824095238573128,0.7471942296393034
AST-004018,0.06373327610911368,0.34030957793130695,0.7088814960639461,0.3709747833681223
AST-004019,0.1793915061509921,0.6796109784391008,0.35595458106572775,0.4049856885519402
AST-004020,0.7569135868003064,0.21482524843493994,0.6821311082506859,0.5512899811619775
AST-004021,0.880593419037509,0.7378241518201697,0.9261907817767298,0.8482027842114696
AST-004022,0.5123688643167558,0.06571125456739015,0.19363504085277675,0.2572383865789742
AST-004023,0.2962991954950009,0.7491578954634032,0.7432687248541466,0.5962419386041836
AST-004024,0.8608094504677448,0.49524840531327124,0.9816705701210275,0.7792428086340145
AST-004025,0.7005226550216624,0.38408608418515383,0.9757303686390508,0.6867797026152891
AST-004026,0.541554076349196,0.47030368370354286,0.5520026578097357,0.5212868059541581
AST-004027,0.8071407608665836,0.34496518017930855,0.3382631374192035,0.49678969282169855
AST-004028,0.4880119740639211,0.6153519743869232,0.8172844249655977,0.6402161244721474
AST-004029,0.440817779918103,0.6517364118784118,0.894564734817164,0.662372975537893
AST-004030,0.500239045564556,0.2508692319363725,0.6911281997720289,0.48074549242431913
AST-004031,0.6278397301061232,0.5996435967473254,0.7985604486786201,0.6753479251773563
AST-004032,0.8534295750667386,0.6347472560575893,0.8763351108474787,0.7881706473239355
AST-004033,0.7573399135665309,0.7097413259887074,0.9405950223425976,0.8025587539659452
AST-004034,0.5145832688963053,0.5157775550071522,0.9098716832403206,0.646744169047926
AST-004035,0.6230597447057212,0.2576342038002633,0.3034271278931638,0.39470702546638275
AST-004036,0.5237909703726196,0.5921741479194534,0.895493440844873,0.670486186378982
AST-004037,0.5231068718413905,0.42221409897366546,0.9699558402798741,0.63842560369831
AST-004038,0.7353358494588323,0.7230070437549894,0.7235238849129917,0.727288926042271
AST-004039,0.8773287195255958,0.12569482387212647,0.7762584394335377,0.5930939942770866
AST-004040,0.0,0.2692628369222028,0.8629625423859503,0.37740845976938436
AST-004041,0.6417196914647744,0.7286351199207318,0.9855245344128198,0.7852931152661086
AST-004042,0.9474098083074336,0.3819875764592146,0.8152124922522342,0.7148699590062941
AST-004043,0.3644328791678601,0.7504745819066996,0.8991380038291698,0.6713484883012432
AST-004044,0.7765476025794396,0.4675166875584128,0.9540585539064785,0.7327076146814436
AST-004045,0.34918980597209404,0.4935600206164371,0.8693374475391582,0.5706957580425631
AST-004046,0.31142022979064976,0.6553862078805365,0.46555543743537436,0.4774539583688535
AST-004047,0.5846360401022717,0.6432191890110861,0.7514951654097106,0.6597834648410228
AST-004048,0.821334552435622,0.2083414814037277,0.7922647347241224,0.6073135895211573
AST-004049,0.6121133121860531,0.10649875540661083,0.9497245534427775,0.5561122070118137
AST-004050,0.6013358608706738,0.7036875198014523,0.8774625274763406,0.7274953027161555
AST-004051,0.5538890558748968,0.597357301256779,0.9144464860033807,0.6885642810450188
AST-004052,0.0,0.6485632106930788,0.6291635823596579,0.42590893101757893
AST-004053,0.44565760833516094,0.5385601677774717,0.933593199170248,0.6392703250942936
AST-004054,0.7100021673362131,0.8540443385602184,0.7219901630471375,0.7620122229811898
AST-004055,0.48711987629628184,0.5624805901685931,0.2728585712403418,0.44081967923507226
AST-004056,0.6029853968740752,0.2951516715626907,0.5313817927220956,0.4765062870529538
AST-004057,0.6649531154475006,0.8271964111474449,0.5591197737752779,0.6837564334567411
AST-004058,0.6689131561604149,0.4545273851808449,0.4776752652828771,0.5337052688747123
AST-004059,0.3997112337480763,0.8507866372638546,0.812087759066799,0.6875285433595767
AST-004060,0.151968642690161,0.6033395087476968,0.9482938897135047,0.5678673470504542
AST-004061,0.5053524623067466,0.7210737110203768,0.8479967490042822,0.6914743074438019
AST-004062,0.43474528225323233,0.2343829679196751,0.7641984716587393,0.47777557394388226
AST-004063,0.8120626347613412,0.8528830441691303,0.6469003301956181,0.7706153363753633
AST-004064,0.5576202886388093,0.8062563866370178,0.8776041524418597,0.7471602759058956
AST-004065,0.6108406703053135,0.8211270231536735,0.7516932174143001,0.7278869702910956
AST-004066,0.45550296299945137,0.6299481870471102,0.6536937984009809,0.5797149828158474
AST-004067,0.0,0.9375206205740346,0.6610907865111342,0.5328704690283895
AST-004068,0.9007569620357182,0.8371512496757293,0.5919882934447451,0.7766321683853975
AST-004069,0.7666762838772412,0.2869499511217931,0.8362302723148638,0.6299521691046327
AST-004070,0.7341042906081773,0.6408821249509318,0.6056798350446726,0.6602220835345939
AST-004071,0.9533906699901616,0.7516892528794559,0.8220721201220403,0.8423840143305527
AST-004072,0.5080168905078317,0.47348372360045904,0.9947948686551505,0.658765160921147
AST-004073,0.6082790937760693,0.7397636439969922,0.7168025669931356,0.6882817682553991
AST-004074,0.5498885853228056,0.3380508195165116,0.774755750112851,0.5542317183173894
AST-004075,0.8114548634508219,0.7986892181208046,0.9471329625064364,0.8524256813593544
AST-004076,0.4687365794882987,0.8959565970165417,0.6777998284626485,0.6808310016558297
AST-004077,0.7766610449671167,0.22463899606993498,0.9201680278063638,0.6404893562811385
AST-004078,0.0,0.894523204159839,0.8247016230609537,0.5730749424069309
AST-004079,0.0,0.4688267397667443,0.5632739368320808,0.34403355886627507
AST-004080,0.7858828838664416,0.5510816656015075,0.8570384684324038,0.7313343393001176
AST-004081,0.0,0.5933418438714952,0.952821230451068,0.5153876914408544
AST-004082,0.5946798868702728,0.9900277049166638,0.5253682708733094,0.7033586208867487
AST-004083,0.31965201659270664,0.7118605224723771,0.28786471100188493,0.43979241668898955
AST-004084,0.7347167854639627,0.48856846860753383,0.6373302729556012,0.6202051756756992
AST-004085,0.7923807515214765,0.8037693701570349,0.7864425589233899,0.7941975602006338
AST-004086,0.678172851021795,0.32704059347067066,0.9821757641797927,0.6624630695574195
AST-004087,0.6349368290518254,0.8894079584584197,0.962557445777355,0.8289674110958667
AST-004088,0.9194661962536415,0.6102827745166575,0.42189110935812874,0.6505466933761426
AST-004089,0.8599769755553444,0.8050018332264869,0.9305663024962625,0.8651817037593647
AST-004090,0.0,0.6666556737525187,0.7094183769554289,0.45869135023598256
AST-004091,0.9688591575595004,0.7343436314287322,0.5342525864190857,0.7458184584691061
AST-004092,0.38050598446061856,0.7374318815810552,0.8353368209846163,0.6510915623420966
AST-004093,0.8241767632405186,0.39643749400042205,0.5836693150799697,0.6014278574403035
AST-004094,0.95695900539272,0.3051448737398714,0.7504960297675934,0.6708666363000616
AST-004095,0.44496772144089797,0.2708263567590796,0.6298412309371213,0.44854510304569967
AST-004096,0.48046354618540466,0.6457315804047521,0.6754639089888393,0.6005530118596654
AST-004097,0.5239954929142465,0.26145777556732563,0.2733803283576358,0.352944532279736
AST-004098,0.1620022074872071,0.4758436805669269,0.9958302066663254,0.5445586982401531
AST-004099,0.0,0.7282361313491078,0.914074975696127,0.547437035681745
AST-004100,0.543025630977752,0.8541908713672636,0.9479936784031026,0.7817367269160393
AST-004101,0.6416878969359378,0.17943570694080857,0.5629125161575055,0.4613453733447506
AST-004102,0.18403617782389725,0.44484673298575156,0.9593825018228361,0.5294218042108283
AST-004103,0.7990420143510395,0.7958491212460607,0.9965316077928942,0.8638075811299982
AST-004104,0.24007440665947988,0.3121866085586185,0.9452314699459288,0.4991641617213424
AST-004105,0.18066033961960257,0.8381706410083727,0.7357296173702471,0.5848535326660741
AST-004106,0.5808025562079902,0.7206710063506849,0.9893823727281396,0.763618645095605
AST-004107,0.0,0.6258038540515308,0.7635372206990497,0.46311369158352683
AST-004108,0.8351898507485166,0.8668473067093296,0.9600090701522431,0.8873487425366964
AST-004109,0.6326188816408526,0.24468689669053942,0.7518056475912198,0.5430371419742039
AST-004110,0.48051370997926646,0.7186454855828642,0.9872352623792324,0.728798152647121
AST-004111,0.8119745625484442,0.32016450064301116,0.8999702295006683,0.6773697642307078
AST-004112,0.7947398442094615,0.450818770161199,0.9441694874700592,0.7299093672802398
AST-004113,0.47057122576546934,0.6423894078515202,0.8562598603698364,0.656406831328942
AST-004114,0.0,0.026220199654984153,0.6110999425055886,0.2124400473868576
AST-004115,0.0,0.9079901728168839,0.8293768319340116,0.5791223349169652
AST-004116,0.6408145968451299,0.7434127455048382,0.7655762118514327,0.7166011847338002
AST-004117,0.3040169004151654,0.07495839199238537,0.5535230911931032,0.31083279453355134
AST-004118,0.7531215848402912,0.7039352399875232,0.7222423166116332,0.7264330471464825
AST-004119,0.8944134686308729,0.621057832760337,0.6104899505962305,0.7086537506624802
AST-004120,0.425811055307946,0.4601582732707872,0.9591540282289764,0.6150411189359032
AST-004121,0.5496369999180212,0.700771797357072,0.408250744437406,0.5528865139041664
AST-004122,0.0,0.9018959621167588,0.7075040410676865,0.5364666677281484
AST-004123,0.0,0.3168283356656015,0.5826942520604703,0.29984086257535725
AST-004124,0.8422959090591375,0.6027662387960488,0.8222916927538901,0.7557846135363588
AST-004125,0.0,0.32408824645554396,0.8229973384191805,0.3823618616249082
AST-004126,0.49839958833120673,0.5324531695883935,0.9180158706745636,0.6496228761980546
AST-004127,0.5516397391030605,0.5803327390947083,0.3811373913069214,0.5043699565015634
AST-004128,0.9054786569237481,0.8302110886546704,0.8655155081069864,0.867068417895135
AST-004129,0.6122684838154994,0.5455845014884999,0.8965238075398784,0.6847922642812926
AST-004130,0.0,0.5255615574545497,0.8673297918293122,0.46429711642795396
AST-004131,0.5831891830689752,0.6144132709423015,0.9719973231409409,0.7231999257174059
AST-004132,0.4752524276941517,0.7979592226132094,0.5541340246412773,0.6091152249828795
AST-004133,0.12785006007378225,0.4427218170307655,0.746858587605343,0.4391434882366303
AST-004134,0.5591542476956052,0.29757768581156485,0.8024546507275669,0.5530621947449124
AST-004135,0.12709512643595922,0.38239957377561473,0.5622986785773972,0.35726445959632375
AST-004136,0.4971682249831737,0.20667582263022902,0.9031615334678639,0.5356685270270889
AST-004137,0.10416090734043472,0.34244873902653766,0.8169273481221854,0.42117899816305254
AST-004138,0.698843671156904,0.6082024478953717,0.6501714488244997,0.6524058559589251
AST-004139,0.0,0.5187766826178478,0.917079438771485,0.4786187071297776
AST-004140,0.48861680344983377,0.17243970935423325,0.3534984840013024,0.33818499893512316
AST-004141,0.34519393452793984,0.42620368871664766,0.3908883351684901,0.3874286528043592
AST-004142,0.8123076380576097,0.4569844038258725,0.35647215574401203,0.5419213992091648
AST-004143,0.377577128103412,0.58432757900492,0.20643107305098174,0.3894452600531046
AST-004144,0.6250549631114726,0.14139456912208617,0.07345924907921202,0.27996959377092356
AST-004145,0.0,0.0658303188659141,0.967804072479731,0.3445447971152151
AST-004146,0.5398142199039851,0.4622151489139221,0.6641546435539973,0.5553946707906349
AST-004147,0.7750347213932965,0.361823605829537,0.8883225838148681,0.6750603036792339
AST-004148,0.6353720420318488,0.8980645430265182,0.5771287085780856,0.7035217645454842
AST-004149,0.6320882099314088,0.859569077665354,0.9879099709713477,0.8265224195227034
AST-004150,0.0,0.71036955170995,0.664704466145135,0.458358005951695
AST-004151,0.7416050530102802,0.879622896559595,0.3837434871787597,0.668323812249545
AST-004152,0.5165128614795337,0.7274488284792039,0.6904241678848207,0.6447952859478527
AST-004153,0.1368284540017395,0.30875838990200577,0.759169034195048,0.40158529269959775
AST-004154,0.5295539859444326,0.6143658033387807,0.9973935569825592,0.7137711154219243
AST-004155,0.48899617931984657,0.5404763837964817,0.9372464246544354,0.6555729959235879
AST-004156,0.419571340210289,0.2433995068867921,0.9659481039282568,0.5429729836751126
AST-004157,0.7099755487507866,0.7878370734523232,0.8961987320325262,0.798003784745212
AST-004158,0.6283469280506084,0.6721787137637142,0.9781801766261057,0.7595686061468094
AST-004159,0.5305097904288184,0.2239597210874696,0.9182794032523826,0.5575829715895568
AST-004160,0.4429699327219223,0.0681699869868525,0.933986026052209,0.4817086485869946
AST-004161,0.5786397497255643,0.6510771817398633,0.6491693654893372,0.6262954323182549
AST-004162,0.6873158425088978,0.8377329907816182,0.9459769658129739,0.8236752663678301
AST-004163,0.0,0.8836376084962057,0.9521367933739188,0.6119248006233748
AST-004164,0.5882470007251291,0.7334684330039554,0.9706792663424281,0.7641315666905042
AST-004165,0.5439525865232331,0.17773518892504178,0.6731787004951066,0.4649554919811272
AST-004166,0.7028209614197308,0.08037997718471855,0.37152954648560593,0.38491016169668507
AST-004167,0.6630799823098706,0.5116654642394697,0.7610154897882233,0.6452536454458545
AST-004168,0.9035688193270889,0.4575084884951325,0.8407841501297652,0.7339538193173288
AST-004169,0.7295598649430858,0.4995191213987509,0.4269387646514901,0.5520059169977756
AST-004170,0.0,0.6658653436969796,0.8416151350451891,0.5024934929140562
AST-004171,0.5007421502812718,0.7754579956747397,0.9635755770950132,0.7465919076836749
AST-004172,0.5075588136106641,0.7783831762303701,0.4461632032189686,0.5773683976866676
AST-004173,0.0,0.5152094941852516,0.6242903640732609,0.37983328608617084
AST-004174,0.6414437061620482,0.6596785227475673,0.9139262125150956,0.7383494804749038
AST-004175,0.5488305233836157,0.8912231910355997,0.5052769195942822,0.6484435446711658
AST-004176,0.7810390294036029,0.7648678419539762,0.7091757248299364,0.7516941987291718
AST-004177,0.5611101194337804,0.468627243035199,0.8259719232823204,0.6185697619170999
AST-004178,0.5289948297046815,0.6305619228631384,0.7500542388685911,0.6365369971454703
AST-004179,0.7943811333271953,0.6792097708005066,0.9758719392215887,0.8164876144497635
AST-004180,0.7826041441614056,0.17974478786056852,0.711598783783697,0.5579825719352237
AST-004181,0.8341292320609898,0.6930178967126637,0.6561149589052456,0.7277540292262996
AST-004182,0.5788920769757067,0.0741435918561903,0.5235917528794252,0.3922091405704407
AST-004183,0.40089487208030183,0.5912479079880925,0.9329181463744339,0.6416869754809428
AST-004184,0.6468775946920634,0.30614688980858823,0.8630049810065485,0.6053431551690668
AST-004185,0.8396698242704493,0.924446929339068,0.9346388185497938,0.8995851907197704
AST-004186,0.43257843360747844,0.8026196848626036,0.2855543352430074,0.5069174845710298
AST-004187,0.5195741730145118,0.6149925093057687,0.9912536026252208,0.7086067616485003
AST-004188,0.5955865173917351,0.6339043127918347,0.987401020909775,0.7389639503644482
AST-004189,0.8585255116484416,0.9562669712280533,0.908178757557716,0.907657080144737
AST-004190,0.2904750993569307,0.5385322388166541,0.8955867737424279,0.5748647039720042
AST-004191,0.4031778073393805,0.6963299590987285,0.3506194438528248,0.4833757367636446
AST-004192,0.6048429430035368,0.36770504256545794,0.4985135116361045,0.4903538324016998
AST-004193,0.11590344018716532,0.7069616871260085,0.9959530556619575,0.6062727276583771
AST-004194,0.0,0.431519027890993,0.7538303613013381,0.39511646306411036
AST-004195,0.8116254839273623,0.6171800068595805,0.7466316586005503,0.7251457164624977
AST-004196,0.9019826620910967,0.7773919622360741,0.9012984839428835,0.8602243694233515
AST-004197,0.6447529737269994,0.43211582284592326,0.8551448650060238,0.6440045538596488
AST-004198,0.8390542373445483,0.6408006474353979,0.9645615074345185,0.8148054640714882
AST-004199,0.6560903047006545,0.6953200972430966,0.9887409399831513,0.7800504473089674
AST-004200,0.8357544734999903,0.6024318154379268,0.9524549490890268,0.796880412675648
AST-004201,0.2491944523311155,0.7247533891395771,0.9055078017701425,0.6264852144136116
AST-004202,0.8922187465771091,0.6196761557231804,0.7935443455130063,0.7684797492710986
AST-004203,0.6780981764695979,0.7777764676210254,0.8926134109720684,0.7828293516875638
AST-004204,0.5588129681249406,0.8735244210165204,0.882010930450574,0.7714494398640116
AST-004205,0.6671378587826676,0.7156459936686643,0.9404765558804327,0.7744201361105882
AST-004206,0.5602315559373684,0.22392495907686746,0.9180073831371972,0.5673879660504777
AST-004207,0.0,0.5615469374120464,0.26441284234222423,0.27531992658475685
AST-004208,0.5883526653912133,0.9420034325700206,0.9830579047209826,0.8378046675607389
AST-004209,0.6059855985278501,0.40019902113252087,0.6648169051078494,0.5570005082560735
AST-004210,0.5881552925995667,0.7318211265927654,0.7181921675332369,0.6793895289085229
AST-004211,0.2346648706993575,0.2602557111098852,0.7158542652109547,0.40359161567339913
AST-004212,0.38741851678008254,0.1341465001569271,0.9255187345894085,0.482361250508806
AST-004213,0.6831294105612683,0.7039074917131561,0.8450840592531733,0.7440403205091992
AST-004214,0.34275354334718733,0.5726455063270606,0.9451206502147286,0.6201732332963256
AST-004215,0.3084291980225874,0.6828868952994405,0.2748750172704083,0.4220637035308121
AST-004216,0.9508890710271618,0.6660194349462444,0.7918703935254429,0.8029262998329497
AST-004217,0.0,0.305393205651307,0.6491674609014167,0.3181868888509079
AST-004218,0.8750734846424352,0.5543039817549442,0.9542854808836017,0.794554315760327
AST-004219,0.8522332579104214,0.8274139383857009,0.6308622139747444,0.7701698034236223
AST-004220,0.566671810791134,0.6791633102219659,0.8417936646206935,0.6958762618779312
AST-004221,0.5663895023547608,0.8886926191161723,0.8406077225450309,0.7652299480053214
AST-004222,0.7927138517588973,0.44850238068322157,0.8680690252528974,0.7030950858983388
AST-004223,0.5015121400219154,0.43326309357416665,0.8103134931262087,0.5816962422407636
AST-004224,0.9100432660508682,0.2585944412466678,0.9911542759060534,0.7199306610678632
AST-004225,0.12015941691515979,0.8418109440122253,0.9430067990856384,0.6349923866710078
AST-004226,0.6702498557722639,0.47461833206941645,0.7835396260449787,0.6428026046288864
AST-004227,0.5483513327846089,0.8340947725380752,0.6434230016547678,0.6752897023258173
AST-004228,0.3595535828969494,0.4525403554929354,0.8460493940435257,0.5527144441444701
AST-004229,0.8982153305683568,0.3187576783325138,0.3643201811108891,0.5270977300039199
AST-004230,0.6207605090519884,0.19944926818908237,0.746109242619469,0.5221063399535133
AST-004231,0.0,0.22502358097602473,0.5924968663362272,0.27250681577075064
AST-004232,0.16197932760504016,0.464694320398767,0.4225731954815833,0.3497489478284635
AST-004233,0.5920685456261918,0.6874037403167609,0.7539943824064465,0.6778222227831331
AST-004234,0.5233895643261749,0.7707654260494533,0.9418088457076048,0.7453212786944109
AST-004235,0.6913823667627707,0.7327340315831754,0.8152444322107002,0.7464536101855487
AST-004236,0.7873714604603881,0.7820300610285691,0.6985302621694587,0.755977261219472
AST-004237,0.5439401801604105,0.5818783009958332,0.9334428016526591,0.6864204276029676
AST-004238,0.42902686365928455,0.31128885133720025,0.5365232728140035,0.4256129959368294
AST-004239,0.08209529994712632,0.4386894886935621,0.6981689420936544,0.4063179102447809
AST-004240,0.41680340623331513,0.21662573614752453,0.6729044165820318,0.4354445196542905
AST-004241,0.6264183647010052,0.6418730511553172,0.9892993145489086,0.7525302434684104
AST-004242,0.515282791805356,0.8501472993380085,0.5768849223583471,0.6474383378339038
AST-004243,0.5999057373981986,0.6475830334173964,0.48838541948281183,0.578624730099469
AST-004244,0.59377340293713,0.711828372898725,0.4647902789059965,0.5901306849139505
AST-004245,0.31236353690950963,0.4261193781160753,0.549857836166328,0.429446917063971
AST-004246,0.5748513217614206,0.7504879220467993,0.9151290260586206,0.7468227566222801
AST-004247,0.8134367850183396,0.8022109228737915,0.9332986412566725,0.8496487830496012
AST-004248,0.603043472352372,0.5068813846038864,0.8738971676383035,0.6612740081981873
AST-004249,0.44646556620305267,0.2328742285949347,0.828870266416604,0.5027366870715304
AST-004250,0.7264786284445013,0.6948761636392718,0.8643129511121198,0.7618892477319643
AST-004251,0.0,0.1360869589616846,0.6731253010855234,0.26973742001573603
AST-004252,0.13506135579214998,0.8569053800823511,0.461586333924321,0.4845176899329407
AST-004253,0.7056952748602372,0.48377053010492177,0.6841380171818827,0.6245346073823472
AST-004254,0.40303769393970623,0.25396814223706277,0.8128415000883348,0.48994911208836794
AST-004255,0.8700423843083158,0.5544514492892675,0.8462050076953707,0.7568996137643179
AST-004256,0.5353127369270365,0.6376803116434928,0.9860974235666083,0.7196968240457126
AST-004257,0.8607673126933522,0.8217335239819494,0.8236956658334108,0.8353988341695708
AST-004258,0.36853400782774476,0.7425035886207025,0.7816364047450329,0.6308913337311601
AST-004259,0.32692815188784563,0.2146287737429783,0.7734737371870711,0.43834355427263166
AST-004260,0.37613543200485094,0.6164745044819944,0.8630441331357426,0.6185513565408626
AST-004261,0.5086470955214142,0.13939672679672171,0.6932074323103725,0.44708375154283614
AST-004262,0.0,0.5467326031234736,0.811149030982,0.4526272113684912
AST-004263,0.44495089066988425,0.7816154989483486,0.8132317448074016,0.6799327114752115
AST-004264,0.0,0.5662405934899549,0.9912420356360538,0.5191608763753363
AST-004265,0.9769228132837504,0.6317488031192959,0.9645788317466965,0.8577501493832477
AST-004266,0.6213705357391046,0.4325869177614484,0.6328511072096847,0.5622695202367459
AST-004267,0.49102632563379334,0.6870529026076868,0.9287061952944202,0.7022618078453001
AST-004268,0.727338760424515,0.5144497592795044,0.767224139505265,0.6696708864030949
AST-004269,0.6139148211363962,0.7323602104813532,0.8562598634374766,0.734178298351742
AST-004270,0.0,0.48960861127371724,0.8980832391802862,0.4625639501513345
AST-004271,0.9553381866095957,0.9328665591778249,0.7839052527534683,0.890703332846963
AST-004272,0.0,0.5187289884290364,0.8803941083878046,0.4663743656056137
AST-004273,0.3743902523674798,0.759045581467507,0.8217970319134706,0.6517442885828192
AST-004274,0.7882278374839623,0.17959180660923396,0.9879381244484183,0.6519192561805381
AST-004275,0.0,0.4207975620412769,0.859639232388347,0.42681226480987466
AST-004276,0.695515336461216,0.36335204432101464,0.5360845390094243,0.5316506399305516
AST-004277,0.3293640601125586,0.3564668802244924,0.8155456354773877,0.500458858604813
AST-004278,0.6314625359174958,0.6023567880077929,0.9698303556072557,0.7345498931775148
AST-004279,0.7435900485196347,0.5144176442216657,0.9959099026981592,0.7513058651464865
AST-004280,0.6167772043736434,0.32858849223330633,0.9403010680771,0.6285555882280166
AST-004281,0.8315029276535744,0.6186694981267078,0.7777458295209517,0.7426394184337446
AST-004282,0.6616953238503034,0.47738047197779787,0.35593338444891026,0.49833639342567054
AST-004283,0.4767680783106212,0.5152300890283014,0.7970066562900913,0.5963349412096712
AST-004284,0.6559100245749756,0.8053288663406251,0.8495492927590138,0.7702627278915383
AST-004285,0.530457170174858,0.527446055406415,0.8547062305335577,0.6375364853716102
AST-004286,0.5728646529106163,0.5715891136611648,0.9018225742383239,0.6820921136033684
AST-004287,0.3549640961479789,0.1848707796858576,0.5139072246910826,0.35124736684163976
AST-004288,0.9507418063515489,0.3362898026963284,0.45774557567926855,0.5815923949090486
AST-004289,0.7002369497346824,0.20137181775279664,0.5504705613784296,0.4840264429553029
AST-004290,0.0,0.44953547097017826,0.4489863512583612,0.29950727407617983
AST-004291,0.2526971060735735,0.43084358008191437,0.45220631613925266,0.3785823340982468
AST-004292,0.2562393351080572,0.8511644264584043,0.5899097303818481,0.5657711639827699
AST-004293,0.2801945242712264,0.3384979629365471,0.6650880089778399,0.42792683206187115
AST-004294,0.060776863334584534,0.41906489679977776,0.3593317347583939,0.27972449829758544
AST-004295,0.8890298034300209,0.4755613939213824,0.7433319241448574,0.7026410404987535
AST-004296,0.6306159746176097,0.5033400484327368,0.1704996737978325,0.4348185656160597
AST-004297,0.3766250653951842,0.7324580998367703,0.6373977569860224,0.5821603074059923
AST-004298,0.7157035414405829,0.26853104102310016,0.9587779942204312,0.6476708588947048
AST-004299,0.6601033263307428,0.879586532183293,0.9084239379505484,0.8160379321548614
AST-004300,0.0,0.7054344151302158,0.9368251949004431,0.5474198700102196
AST-004301,0.0,0.5897330577698419,0.7266155454416218,0.4387828677371545
AST-004302,0.3213704349969001,0.6315985670672005,0.3360987594760202,0.429689253846707
AST-004303,0.5609571722160971,0.830127892943764,0.7362373471226328,0.7091074707608312
AST-004304,0.7150772216876932,0.40099948468152724,0.34869252443123583,0.48825641026681876
AST-004305,0.0,0.87917033436763,0.9871281791305077,0.6220995044993792
AST-004306,0.7594932559414753,0.7805281174761624,0.4825049654644655,0.6741754462940343
AST-004307,0.6493215758875506,0.6266167238744044,0.7066361975943853,0.6608581657854468
AST-004308,0.9849142487440945,0.40547905557163816,0.5972547990591996,0.6625493677916441
AST-004309,0.9330651671180394,0.8751099858691663,0.6473893728864525,0.8185215086245528
AST-004310,0.8751993668325756,0.5458768366816283,0.900557314415397,0.773877839309867
AST-004311,0.7214301147984453,0.8547955351617179,0.9844497174839544,0.8535584558147059
AST-004312,0.36976001127509833,0.3543837037601054,0.9273398289780093,0.550494514671071
AST-004313,0.2690805398355904,0.5916395679616409,0.6402449817243895,0.5003216965072069
AST-004314,0.6646220470480928,0.8485029520780055,0.6501883721244276,0.7211044570835087
AST-004315,0.546424000136602,0.831970220873661,0.9911714124919155,0.7898552111673928
AST-004316,0.9097076171384961,0.5476566220123908,0.882165790925411,0.7798433433587659
AST-004317,0.7947848045112209,0.7597651144959523,0.6731958213428051,0.7425819134499928
AST-004318,0.6492354563832701,0.549535017927977,0.6654916232193745,0.6214206991768738
AST-004319,0.7023560444020531,0.5619319530415304,0.7580901400532909,0.6741260458322915
AST-004320,0.9049230704197594,0.37012101581675144,0.9077821015397204,0.7276087292587438
AST-004321,0.47926100442645886,0.8680161274060482,0.983107888472913,0.7767950067684734
AST-004322,0.785479368324191,0.5246325151709396,0.6655373952856167,0.6585497595935824
AST-004323,0.0,0.5219277599344173,0.40824990370099623,0.3100592212118045
AST-004324,0.7713938598458967,0.9680664633532847,0.928991562596089,0.8894839619317567
AST-004325,0.8019977538101071,0.8029919878262911,0.8945292207276604,0.8331729874546863
AST-004326,0.5036176483403147,0.36918732596500864,0.3264720179472955,0.3997589974175397
AST-004327,0.07527228976475507,0.7626286703637913,0.7772989154650978,0.5383999585312148
AST-004328,0.6515142574348556,0.465908839829871,0.9656250035928969,0.6943493669525411
AST-004329,0.5273212307262359,0.7652582848061484,0.9708946330811882,0.7544913828711909
AST-004330,0.09306300109742387,0.14534542234998324,0.8998477434377207,0.37941872229504253
AST-004331,0.6129103993587393,0.6610683661891953,0.944747346047258,0.7395753705317308
AST-004332,0.5150905421219448,0.31693672440140896,0.4831061442496295,0.43837780359099443
AST-004333,0.6774475072620274,0.32291708296191185,0.6884448195007672,0.5629364699082355
AST-004334,0.0,0.7026917576419988,0.8463421817145433,0.5163446464521807
AST-004335,0.6659186479175566,0.4651780929790507,0.9731721788410688,0.701422973245892
AST-004336,0.5341970689454008,0.2862898590405033,0.6765444541992301,0.49901046072837807
AST-004337,0.0,0.8087863642905767,0.9145442449688954,0.574443536419824
AST-004338,0.5715893312839847,0.611893284595192,0.7884107695402642,0.6572977951398137
AST-004339,0.7592984412966756,0.5641751153129125,0.928689643018595,0.7507210665427277
AST-004340,0.7059873194677382,0.5592834491478221,0.978601658532617,0.7479574757160591
AST-004341,0.5301479335014849,0.7320691953671288,0.913979549680205,0.7253988928496063
AST-004342,0.6399931614108332,0.7448122737939973,0.751140198262603,0.7119818778224779
AST-004343,0.0,0.7641464307042738,0.9227716383158449,0.5623060230067062
AST-004344,0.4987073319686995,0.5802680003731076,0.6573289456046499,0.578768092648819
AST-004345,0.6292369572708355,0.29008572047703357,0.9041147706772509,0.6078124828083733
AST-004346,0.6338829561461936,0.35109433618136604,0.9555798271155054,0.6468523731476884
AST-004347,0.0,0.6963306561579005,0.5037658121158073,0.4000321560912359
AST-004348,0.5519563129389693,0.239416861348433,0.582331553066313,0.45790157578457175
AST-004349,0.6823772087588574,0.6121167778900174,0.8200193490488618,0.7048377785659121
AST-004350,0.821269249517306,0.3074888187918627,0.17617911842245015,0.43497906224387295
AST-004351,0.6050390029930297,0.43290002332156857,0.6843628786732079,0.5741006349959353
AST-004352,0.0,0.4132856491592439,0.9543562727970382,0.45588064065209405
AST-004353,0.7612137972154773,0.6442734399526018,0.9149963939889134,0.7734945437189976
AST-004354,0.8336464153465389,0.25547878730347356,0.8545833611070455,0.647902854585686
AST-004355,0.7707220900283657,0.8877629825623009,0.8693911136681313,0.8426253954195992
AST-004356,0.42493988292050655,0.7162304577865801,0.726114305100255,0.622428215269114
AST-004357,0.34709736162557425,0.2077376792232828,0.7674837668062959,0.440772935885051
AST-004358,0.8175345833242312,0.1683532377339373,0.5415854666622322,0.5091577625734669
AST-004359,0.7568000145195063,0.4506797214664226,0.4840532614268506,0.5638443324709265
AST-004360,0.14314102157517244,0.1672989126996654,0.7807432621676935,0.3637277321475105
AST-004361,0.7746423045927533,0.7952890590793135,0.39553319595949127,0.6551548532105193
AST-004362,0.6654371528158739,0.7437425032843892,0.959995794935882,0.7897251503453817
AST-004363,0.3729902643051204,0.2631297469584679,0.6300096883095132,0.4220432331910338
AST-004364,0.19030832848838078,0.5630744852881303,0.26137092469372014,0.33825124615674373
AST-004365,0.23476589483923255,0.5066764716337896,0.9100734668474815,0.5505052777735012
AST-004366,0.40292693846280475,0.3811484174571216,0.5504603727769724,0.4448452428989662
AST-004367,0.4015545450518045,0.5946446883131089,0.6839324250662343,0.5600438861437159
AST-004368,0.40879067419241316,0.512264677864017,0.5648027242411156,0.49528602543251526
AST-004369,0.44312244014955066,0.3356984701480645,0.4706813781712007,0.41650076282293863
AST-004370,0.703044197355398,0.8823477089621333,0.8357527810952776,0.807048229137603
AST-004371,0.3142559797929784,0.5386050187983157,0.2538741267852895,0.3689117084588612
AST-004372,0.7900841643135157,0.8471448687130174,0.8241385382466999,0.8204558570910777
AST-004373,0.0,0.7293825374138833,0.9210211667423714,0.5501345680520849
AST-004374,0.7731397034001896,0.5127402601535765,0.4840017891000225,0.5899605842179295
AST-004375,0.6484885591749229,0.5859131364672145,0.5204898728984576,0.5849638561801983
AST-004376,0.5801543723254675,0.36580760045684185,0.9798637150878399,0.6419418959567165
AST-004377,0.5603424075611253,0.6973068273605899,0.9259416659326459,0.7278636336181203
AST-004378,0.8929470019162784,0.9225612722593628,0.9806059323064545,0.9320380688273652
AST-004379,0.7234148526936708,0.505360419450115,0.6485688278447963,0.6257813666628608
AST-004380,0.4760842737506944,0.5369823065685623,0.9901978396083906,0.667754806642549
AST-004381,0.49834578990431067,0.5744390223589205,0.48939890121161844,0.5207279044916165
AST-004382,0.9632170613918948,0.9293357109927909,0.9890790959324228,0.9605439561057029
AST-004383,0.2351280830343591,0.37526927954957034,0.6066350078786557,0.4056774568208617
AST-004384,0.5108806432059733,0.8871225192827069,0.8543524709894647,0.7507852111593816
AST-004385,0.8390121954148543,0.2404427650687512,0.836495930339799,0.6386502969411348
AST-004386,0.6969330313890839,0.1319935135916691,0.8801971426255044,0.5697078958687525
AST-004387,0.8032189877454133,0.7348649337837367,0.8467529204476615,0.7949456139922706
AST-004388,0.0,0.5561010553963172,0.8294024127132932,0.4618344893698701
AST-004389,0.4394307872109237,0.7055091670693647,0.46682513780797436,0.5372550306960876
AST-004390,0.0,0.7426627767559573,0.5386283773943298,0.42709705138342907
AST-004391,0.7423908411153298,0.2798903801700671,0.9563553032145216,0.6595455081666395
AST-004392,0.41338560332045654,0.6361161348599695,0.4318904558312115,0.49379739800387923
AST-004393,0.6144150445470801,0.3421932466568711,0.96055610918703,0.6390548001303271
AST-004394,0.29603738671052926,0.5732848094337953,0.9046299171198335,0.5913173710880527
AST-004395,0.6270448600837086,0.4935046741853209,0.9990807877932079,0.7065434406874124
AST-004396,0.5202414127469115,0.825170929871858,0.9515158365772477,0.7656427263986724
AST-004397,0.9203325820293112,0.5310861345353163,0.7504664192191295,0.733961711927919
AST-004398,0.7720229125515733,0.7096471692203492,0.8321147991430636,0.771261626971662
AST-004399,0.0,0.5182605102407698,0.8968096506531169,0.47169005363129557
AST-004400,0.6590344341329109,0.1734546614522768,0.6164606939883212,0.48298326319116963
AST-004401,0.2781685169887753,0.7639325579711201,0.6076503989444536,0.5499171579681162
AST-004402,0.5277608899002629,0.3427227490487963,0.9123211795600089,0.5942682728363561
AST-004403,0.7130151533633033,0.5687415826557444,0.9921560864884268,0.7579709408358247
AST-004404,0.4335767055897032,0.14152976132244194,0.9269590151412828,0.5006884940178092
AST-004405,0.6308552092702819,0.9308054208313012,0.842540430068751,0.8014003533901114
AST-004406,0.8154691093795919,0.8015318930781896,0.8768896862280738,0.8312968962286185
AST-004407,0.8945267365441555,0.8094211583249347,0.9659300387603607,0.8899593112098169
AST-004408,0.2915565759180297,0.40221593359379965,0.31237243945675874,0.33538164965619605
AST-004409,0.9245394827365758,0.7544595061104123,0.9607338114319172,0.8799109334263018
AST-004410,0.36959007637206864,0.7958772562314363,0.9866463240725797,0.7173712188920282
AST-004411,0.3558070513685489,0.784267139194274,0.9106016207970945,0.6835586037866391
AST-004412,0.0,0.7924782720942796,0.6675691133028577,0.48668246179904573
AST-004413,0.6979645525548609,0.36945409979897875,0.9534914346407394,0.6736366956648596
AST-004414,0.0,0.7355894458444501,0.7032755295492662,0.47962165846457205
AST-004415,0.8382675705486621,0.8092621782963441,0.9283499681556637,0.8586265723335567
AST-004416,0.4661989547489331,0.49760681706128174,0.5967420652087251,0.5201826123396467
AST-004417,0.17535491233526662,0.6901543600338624,0.8632143221896438,0.5762411981862576
AST-004418,0.7663296944555824,0.4063218453007592,0.9477946589138874,0.706815399556743
AST-004419,0.5202866014583957,0.5595351753864977,0.3103560848149103,0.46339262055326785
AST-004420,0.0,0.7822579570312649,0.9957967620566106,0.5926849063626252
AST-004421,0.691052993254023,0.47682552742564704,0.6047139836115739,0.5908641680970813
AST-004422,0.8703835386349765,0.9037758056301101,0.8879191034462107,0.8873594825704325
AST-004423,0.8758713540413571,0.7162046064354826,0.9597153514719995,0.8505971039829464
AST-004424,0.4713385998623713,0.08337520043967511,0.643627766099304,0.3994471888004501
AST-004425,0.4374073213088891,0.3442438037685663,0.9133224136590732,0.5649911795788428
AST-004426,0.7859293893054019,0.5259135215371228,0.8566301477403132,0.7228243528609459
AST-004427,0.39519939075070154,0.27445757099997853,0.7769223885033877,0.48219311675135595
AST-004428,0.5270239574642291,0.6209495617805495,0.7932732349373964,0.6470822513940583
AST-004429,0.44031741398643587,0.6338515061930755,0.7508511617586886,0.6083400273127334
AST-004430,0.4121336001789663,0.32565350271364574,0.6925046457847562,0.47676391622578934
AST-004431,0.0,0.5257729186646029,0.8816497209281545,0.46914087986425246
AST-004432,0.3765550816484647,0.3857839480244989,0.2903049137367687,0.3508813144699108
AST-004433,0.4258923162039855,0.17414136431426652,0.09018550742672148,0.2300730626483245
AST-004434,0.784425969097882,0.6918244247394207,0.9712421070712728,0.8158308336361918
AST-004435,0.5835310394011,0.31933156584851574,0.9370638652659372,0.6133088235051843
AST-004436,0.3376239358241605,0.6327306273926923,0.7752976851411035,0.5818840827859854
AST-004437,0.38592581119154146,0.486072189866466,0.8426146842187724,0.5715375617589267
AST-004438,0.7674658704974913,0.8059450101856105,0.8761188649617438,0.8165099152149485
AST-004439,0.7981332651441939,0.6169486117407513,0.773277426922377,0.7294531012691076
AST-004440,0.6201791810486013,0.9421220840345294,0.9372932412643136,0.8331981687824813
AST-004441,0.43494474052668913,0.6826568145296955,0.6817460092266273,0.5997825214276706
AST-004442,0.9205268326327659,0.8546819105961098,0.7140514108711499,0.8297533847000085
AST-004443,0.18630322687533407,0.01122540396188211,0.6699853636130152,0.28917133148341045
AST-004444,0.7138135308460813,0.39393601818943447,0.9436538401852141,0.6838011297402433
AST-004445,0.7158216238970923,0.39304012620505363,0.9958504916808073,0.7015707472609843
AST-004446,0.19844060539446037,0.417513832692604,0.9639153300359019,0.5266232560409888
AST-004447,0.6429331950409033,0.6701627108828895,0.9936844686451893,0.7689267915229939
AST-004448,0.8441242546852669,0.7081792798297194,0.6845110374212653,0.7456048573120838
AST-004449,0.0,0.44959680236243266,0.8668719176243898,0.43882290666227414
AST-004450,0.43226630412986705,0.3203462035456891,0.9879942109849569,0.5802022395535044
AST-004451,0.45540747203249976,0.7144059488712775,0.5897811314601816,0.5865315174546529
AST-004452,0.7796636290433409,0.5281472207280257,0.9138651174889059,0.740558655753424
AST-004453,0.6356954947036108,0.38915401214698553,0.6310322454604866,0.5519605841036943
AST-004454,0.816277510200524,0.5889076027027589,0.7917161910570275,0.7323004346534367
AST-004455,0.4172805308469436,0.8410338123146422,0.8558438935468399,0.7047194122361419
AST-004456,0.6188205406147117,0.3497882389477585,0.8790938496537886,0.6159008764054196
AST-004457,0.5928674838457906,0.6910450914074633,0.41355076337381874,0.5658211128756908
AST-004458,0.6325841470863318,0.7481499857294306,0.8046895026368144,0.728474545150859
AST-004459,0.5873447925966576,0.5609772499060212,0.33147061854000176,0.4932642203475602
AST-004460,0.7861473500529901,0.5399427664642797,0.8314714566138943,0.7191871910437214
AST-004461,0.4949453330408138,0.6970804458902553,0.8961232363890848,0.6960496717733845
AST-004462,0.6669948265134074,0.8806325781470201,0.7258857050257086,0.757837703228712
AST-004463,0.768015179071482,0.6425627279287527,0.8971712856095786,0.7692497308699378
AST-004464,0.5184222155744279,0.29636079703771223,0.7591562233515103,0.5246464119878835
AST-004465,0.5250633764999464,0.6694370297514974,0.965146594525337,0.7198823335922603
AST-004466,0.34002319642380807,0.4926949664325128,0.9645448280854626,0.5990876636472612
AST-004467,0.8636469896925109,0.2841992230233804,0.5636796970098248,0.5705086365752386
AST-004468,0.6568240395393045,0.5416125913758332,0.89694094683656,0.6984591925838992
AST-004469,0.8130695031657847,0.5578650906999011,0.8438873558818284,0.7382739832491714
AST-004470,0.8084990088256424,0.7109597126048157,0.8333053624478375,0.7842546946260986
AST-004471,0.5245202088876585,0.8353675268362735,0.9607192771124937,0.7735356709454754
AST-004472,0.6259098392005458,0.32044642381033883,0.6341161042107615,0.5268241224072153
AST-004473,0.5736419091299709,0.7762961490357533,0.9788730453882589,0.7762703678513277
AST-004474,0.7102478124701536,0.8817535346765129,0.9316135118917177,0.8412049530127946
AST-004475,0.0,0.8409026584792265,0.8854907519480155,0.575464470142414
AST-004476,0.8467510111955338,0.4862558319688293,0.6665553503012881,0.666520731155217
AST-004477,0.40278423881588543,0.7232974358045247,0.8185098555964622,0.6481971767389574
AST-004478,0.9729396135211721,0.2809249414911254,0.9474234299455404,0.7337626616526126
AST-004479,0.8002604102497194,0.8160001648289225,0.9450180987229195,0.8537595579338538
AST-004480,0.8006900352616548,0.5771962354497534,0.5853202243608177,0.6544021650240753
AST-004481,0.6976251821933304,0.5828310274959382,0.8595633483905273,0.7133398526932653
AST-004482,0.0,0.3200378510141056,0.3318199139036987,0.2172859216392681
AST-004483,0.7277198371531721,0.6642521057417758,0.9934847568474843,0.7951522332474775
AST-004484,0.4576972161782022,0.4499357547865617,0.872575198835935,0.5934027232668996
AST-004485,0.23539603449510846,0.2964658158441813,0.6401219590229772,0.3906612697874223
AST-004486,0.44018281252440383,0.750990083636543,0.9924554412444545,0.7278761124684671
AST-004487,0.7092407387688779,0.4887710242233556,0.9710934422201363,0.7230350684041232
AST-004488,0.7076208495391207,0.7091425898056821,0.9801024792389038,0.7989553061945688
AST-004489,0.6561356532652808,0.2823920093110471,0.3264088950765941,0.4216455192176407
AST-004490,0.5753606339646178,0.25048058990617444,0.8817503944014742,0.5691972060907554
AST-004491,0.7129981915680479,0.6501575017148961,0.551386692281204,0.6381807951880493
AST-004492,0.5523164231689792,0.43159178616023125,0.8130035048827452,0.5989705714039851
AST-004493,0.0,0.8280286177842016,0.36220574305723446,0.3967447869471454
AST-004494,0.4239377847030105,0.71157733489723,0.7218477989797482,0.6191209728599962
AST-004495,0.459443503740638,0.32522098664919735,0.8062818562577018,0.5303154488825124
AST-004496,0.39264615564050265,0.30684035828597667,0.42083121488677033,0.37343924293774994
AST-004497,0.7296300861229219,0.3156286990349918,0.8053153667684378,0.6168580506421172
AST-004498,0.3511537677116502,0.8550020708854413,0.8619249105382437,0.6893602497117784
AST-004499,0.7221376796159894,0.28121536988161855,0.9977817375959182,0.6670449290311753
AST-004500,0.0,0.4183765979838207,0.5037896033621332,0.30738873378198467
AST-004501,0.40981866094519126,0.33128008331944425,0.9434971694460915,0.561531971236909
AST-004502,0.0,0.840784473664296,0.722272210105768,0.5210188945900214
AST-004503,0.08187559747885605,0.8609934632980386,0.7438067239532448,0.5622252615767132
AST-004504,0.6717859555327194,0.9040925376098282,0.9311063419556639,0.8356616116994039
AST-004505,0.6653972984582888,0.3940780699676153,0.52275115115741,0.5274088398611047
AST-004506,0.6486019881978805,0.6957439483449034,0.9906881756063873,0.7783447040497237
AST-004507,0.6010924349579555,0.8636465160123566,0.9935728965837558,0.8194372825180226
AST-004508,0.18815368663530946,0.6214340593744826,0.5958581080072256,0.4684819513390059
AST-004509,0.7600699082863254,0.6102189153441459,0.8584496374693017,0.742912820366591
AST-004510,0.5751819630685264,0.6584437535516685,0.4964845378107379,0.5767034181436442
AST-004511,0.4942870879688563,0.7771300080185543,0.24989445676806993,0.5071038509184934
AST-004512,0.215306996076263,0.5816567802299649,0.9760465713956918,0.5910034492339733
AST-004513,0.9059602154445627,0.37577723269000163,0.7920822146887961,0.6912732209411202
AST-004514,0.13015931184053503,0.4338214209477574,0.9820840466874587,0.515354926491917
AST-004515,0.359753184157448,0.7067480804061407,0.7500920577071565,0.6055311074235817
AST-004516,0.2782778799523763,0.2602342807796392,0.27775271719543865,0.27208829264248474
AST-004517,0.6996291492958712,0.48815878046795697,0.9195038605499498,0.7024305967712593
AST-004518,0.4457509268694453,0.37713578547361304,0.7507292735182952,0.5245386619537845
AST-004519,0.0,0.7700026339246208,0.9028436556705508,0.5576154298650572
AST-004520,0.7054326706986956,0.7972421086153351,0.8699971697527035,0.7908906496889113
AST-004521,0.5705253123199701,0.20156710836841557,0.9201148876198203,0.5640691027694019
AST-004522,0.5790242709974751,0.6296401699725043,0.6611797686492525,0.6232814032064106
AST-004523,0.2680749104880855,0.28187881837501394,0.8994410593737023,0.48313159607893397
AST-004524,0.8328324421570209,0.5953475006653326,0.9082583999801189,0.7788127809341575
AST-004525,0.17538229163027133,0.9030558748880861,0.6480967687487009,0.5755116450890195
AST-004526,0.0,0.819285427287707,0.9990527086270022,0.6061127119715698
AST-004527,0.6287207289248633,0.1286077352592631,0.6150062283804337,0.4574448975215201
AST-004528,0.5611301243550149,0.4319314938446621,0.971883792600082,0.6549818035999196
AST-004529,0.917049940362699,0.4908303965936546,0.8306750040108135,0.7461851136557224
AST-004530,0.0,0.5521916631000625,0.9894613637467009,0.5138843422822544
AST-004531,0.11736821394581476,0.19952267065803256,0.9421523925706161,0.4196810923914878
AST-004532,0.860930663464561,0.6301316169383323,0.8714429392112994,0.7875017398713976
AST-004533,0.3622873744558977,0.4011253847507571,0.9876124140852032,0.5836750577639527
AST-004534,0.6632110690575562,0.4838733939918081,0.8400549224186971,0.6623797951560205
AST-004535,0.2623274296204991,0.7246758080669689,0.9159119870594692,0.6343050749156457
AST-004536,0.6156167425062911,0.23681638209806738,0.8191474586703624,0.5571935277582403
AST-004537,0.28624509719704705,0.26250148302441434,0.8438140152508457,0.4641868651574357
AST-004538,0.24889531786053237,0.5318356772642551,0.8235808748767441,0.5347706233338438
AST-004539,0.702930315764681,0.28917856914570483,0.7900768788814416,0.5940619212639425
AST-004540,0.17040054023511486,0.6830853388863736,0.7758270656835974,0.5431043149350286
AST-004541,0.0,0.32715376324729134,0.8024905642240544,0.37654810915711523
AST-004542,0.43755693588534356,0.45374705923523617,0.3583654050780517,0.41655646673287716
AST-004543,0.5442676630656598,0.6736032176697335,0.8852915824742588,0.7010541544032174
AST-004544,0.12816065938163504,0.5055814105222938,0.521812439597017,0.38518483650031526
AST-004545,0.8290110512332692,0.3814185417277246,0.691025553368314,0.6338183821097693
AST-004546,0.8309608993556927,0.7154728590423544,0.9675162732469645,0.8379833438816705
AST-004547,0.6422424241408924,0.8557478359147028,0.5334210734480668,0.6771371111678873
AST-004548,0.7339168447369722,0.5334368811083754,0.48655115532346566,0.5846349603896044
AST-004549,0.75709789824562,0.5193025693782254,0.7330440499427825,0.669814839188876
AST-004550,0.6844683104335361,0.7199441975601616,0.5650406677565812,0.6564843919167597
AST-004551,0.6177705465630969,0.8362595349049888,0.8275901598484731,0.760540080438853
AST-004552,0.7654835360553484,0.11755738755606632,0.84837369514588,0.5771382062524316
AST-004553,0.0,0.7179718765062186,0.8677325711170735,0.528568149207764
AST-004554,0.8540458053020856,0.658486146846921,0.9679650007753194,0.826832317641442
AST-004555,0.0,0.5586134323155264,0.7297050868090844,0.4294395063748702
AST-004556,0.8310812001713442,0.5295802340420854,0.4527507544040825,0.6044707295391707
AST-004557,0.649893255522728,0.49511146176418663,0.8688343604978027,0.6712796925949057
AST-004558,0.07360585934670974,0.25389492483167964,0.8684154636659707,0.3986387492814534
AST-004559,0.0,0.5831383332005392,0.44413724514543845,0.34242519278199257
AST-004560,0.8148387267165601,0.7289931046805342,0.7282472468072814,0.7573596927347919
AST-004561,0.7962224810020968,0.585713085323239,0.8464426147193946,0.7427927270149102
AST-004562,0.08608346012975875,0.7084349159206982,0.9253483267294502,0.5732889009266358
AST-004563,0.0,0.7403136525935352,0.9985819486324424,0.5796318670753259
AST-004564,0.5871973514629752,0.7378861462250266,0.8925137722255658,0.7391990899711892
AST-004565,0.6436376404640262,0.26280313669521427,0.3955487012135903,0.4339964927909436
AST-004566,0.9439707081222094,0.3686052709034818,0.6543403359763782,0.6556387716673565
AST-004567,0.41619745107162126,0.751563319480755,0.913058186518838,0.693606319023738
AST-004568,0.5794188527789302,0.8626738907686036,0.9749168629934638,0.8056698688469992
AST-004569,0.8411147085657689,0.8013314953388139,0.8238278724297129,0.8220913587780986
AST-004570,0.8653248465974843,0.3478598050566392,0.794741935374549,0.6693088623428909
AST-004571,0.6263362663310025,0.6799468402117487,0.920853807742764,0.7423789714285051
AST-004572,0.0,0.10291240739887918,0.5350378935856549,0.21265010032817802
AST-004573,0.33034855459194484,0.5600999628406311,0.9594713182048964,0.6166399452124908
AST-004574,0.609599136942618,0.5781520797288358,0.5751394768327824,0.5876302311680787
AST-004575,0.6060614956097135,0.6451124689619709,0.16427117832817592,0.47181504763328674
AST-004576,0.35068282749262397,0.41018789553169266,0.7275102779976373,0.4961270003406513
AST-004577,0.6424813043735237,0.9720367584607589,0.8127610608216977,0.80909304121866
AST-004578,0.6403678191807214,0.9145785268719663,0.8536402310943003,0.8028621923823293
AST-004579,0.6430507310095098,0.6737237651088703,0.9061959369708442,0.7409901443630749
AST-004580,0.27935606382838835,0.38376394580090145,0.457852800777353,0.37365760346888094
AST-004581,0.680520863901587,0.46040104117630914,0.8581310229948289,0.6663509760242416
AST-004582,0.0,0.737116132591866,0.46227855442347404,0.39979822900511336
AST-004583,0.7225200217913743,0.4022354780879299,0.8205389389632678,0.6484314796141907
AST-004584,0.7190675023254249,0.7673346599743842,0.9218042045859094,0.8027354556285728
AST-004585,0.8928248238895642,0.7847846411039827,0.7076451329373423,0.7950848659769632
AST-004586,0.659257784212903,0.6065974289314388,0.6218188186875556,0.6292246772772992
AST-004587,0.8839264348028223,0.5896274144399964,0.980686558451006,0.8180801358979416
AST-004588,0.5148695557264396,0.5377024648461574,0.9946586214555353,0.6824102140093774
AST-004589,0.09722781830213116,0.3588719278560038,0.6349630847872014,0.36368761031511215
AST-004590,0.0,0.3464649142465424,0.7118873960628069,0.3527841034364498
AST-004591,0.3446760371156851,0.6257748499805389,0.8713831462677064,0.6139446777879768
AST-004592,0.6213781802450837,0.8496317055304228,0.8391505611694589,0.7700534823149884
AST-004593,0.6391527815345917,0.5738096166311956,0.7895337503878479,0.667498716184545
AST-004594,0.345294410577196,0.7883671261539347,0.5651917601425592,0.5662844322912299
AST-004595,0.0,0.8865073530746035,0.42199183043514843,0.4361663945032506
AST-004596,0.5640679118339696,0.43304800167510427,0.7901540426572604,0.5957566520554448
AST-004597,0.0,0.33071469860834857,0.6721160867294943,0.33427692844594764
AST-004598,0.3257255730514587,0.3592549957268573,0.821794961595504,0.5022585101246068
AST-004599,0.133658888792214,0.30178134149620917,0.8672271332663588,0.43422245451826064
AST-004600,0.552441574527636,0.41094171733283796,0.9412987310378179,0.6348940076327639
AST-004601,0.6356734345532422,0.5093128230394484,0.7410527074769644,0.6286796550232183
AST-004602,0.49947987364120133,0.34188154366210893,0.6749203123923736,0.5054272432318946
AST-004603,0.7968272255996801,0.4641330570139178,0.8946887308522217,0.7185496711552731
AST-004604,0.24764887964933235,0.6649531694410576,0.9670264728755631,0.6265428406553176
AST-004605,0.7504423070593228,0.21201493739503482,0.7040627083761878,0.5555066509435151
AST-004606,0.9625470069982583,0.678862296297137,0.8483894225475545,0.8299329086143166
AST-004607,0.5925921623529841,0.30927329518642843,0.7187968847160507,0.5402207807518211
AST-004608,0.13320371424157618,0.40769239976613814,0.7999662470049297,0.446954120337548
AST-004609,0.2811466189656764,0.7405687099222766,0.5196962108813444,0.5138038465897657
AST-004610,0.7804544392313603,0.40600477159300247,0.7972271377114938,0.6612287828452855
AST-004611,0.3129412317677747,0.8407743617481039,0.3558380078992451,0.5031845338050412
AST-004612,0.4838698543969154,0.7566658695403724,0.7863979332077035,0.6756445523816638
AST-004613,0.7790478102073036,0.36077795942090857,0.7539117290389383,0.6312458328890501
AST-004614,0.6682701524252876,0.26039618933011544,0.9122634154566894,0.6136432524040308
AST-004615,0.14390316181376292,0.7902365886034454,0.3721906235208278,0.43544345797934536
AST-004616,0.5580863880139688,0.5508760239997758,0.9177371378726488,0.6755665166287977
AST-004617,0.0,0.512703894199663,0.4131422678259099,0.3086153873418576
AST-004618,0.5293338923664294,0.42053119398166294,0.498764808079866,0.4828766314759861
AST-004619,0.8013309684370894,0.6878602379898394,0.9798697577199617,0.8230203213822969
AST-004620,0.0,0.5138462532190708,0.41750121116436856,0.3104491547944798
AST-004621,0.535892386406867,0.6226920853475689,0.7004364235952064,0.619673631783214
AST-004622,0.22530530688630737,0.23413303357441934,0.9387821722541477,0.46607350423829147
AST-004623,0.7222901728409198,0.570797775732324,0.9204075269535611,0.7378318251756016
AST-004624,0.7168752338330552,0.8521237467695775,0.06321850157690877,0.544072494059847
AST-004625,0.6206159451662377,0.7601875358651972,0.9168037006841413,0.7658690605718587
AST-004626,0.0,0.3381150677931165,0.864468138565306,0.40086106878614086
AST-004627,0.6738072226735297,0.8705458601011308,0.9766615748479168,0.8403382192075258
AST-004628,0.0,0.3246856702411407,0.8867678402520176,0.40381783683105277
AST-004629,0.6379532515282363,0.5920109273636281,0.5858960981310178,0.6052867590076274
AST-004630,0.7766069752566686,0.4911080642788525,0.6708530006626836,0.6461893467327349
AST-004631,0.8331795911066951,0.751322330521515,0.9724452835462013,0.8523157350581371
AST-004632,0.29728553804572205,0.5085330221005223,0.07696431238159977,0.2942609575092814
AST-004633,0.694928669966312,0.40266120103140157,0.32429374350035983,0.47396120483269116
AST-004634,0.7548940864171853,0.7196700514018801,0.5952128267880754,0.689925654869047
AST-004635,0.21361605088460658,0.31409046086482684,0.8087084069761692,0.4454716395752009
AST-004636,0.9089292181512366,0.7080123754827078,0.8744745245195688,0.8304720393845044
AST-004637,0.5001303279273669,0.38390728279888686,0.7313402534140306,0.5384592880467615
AST-004638,0.20414010678369846,0.2706326713805226,0.9356012361569331,0.47012467144038467
AST-004639,0.9120358407854274,0.6929931876154148,0.8664737102256053,0.8238342462088157
AST-004640,0.6475780591709716,0.2515035371202058,0.06677780013543126,0.32195313214220284
AST-004641,0.9140585906350767,0.25876440356142666,0.882906799793252,0.6852432646632517
AST-004642,0.7133164633834823,0.9147163077172776,0.9441221545557505,0.8573849752188368
AST-004643,0.6507874546374952,0.6102417511284772,0.8591329046181228,0.7067207034613651
AST-004644,0.544876822174258,0.30637489928197725,0.479832429675195,0.4436947170438101
AST-004645,0.7447812593455836,0.6613267508946753,0.8322590882596183,0.7461223661666258
AST-004646,0.7386094386881468,0.7829937250012122,0.5419534332034509,0.68785219896427
AST-004647,0.0,0.9940072666743461,0.8082950377381143,0.6007674348041535
AST-004648,0.13002876668294486,0.607486596792215,0.9799137722386745,0.5724763785712781
AST-004649,0.40234092338669913,0.7850691479433635,0.5801621510792034,0.5891907408030886
AST-004650,0.3156918513289096,0.34988309451049376,0.903437870414186,0.5230042720845298
AST-004651,0.20277866497738362,0.7990744887274819,0.9391867852535372,0.6470133129861342
AST-004652,0.7261692119975374,0.8923457511538958,0.9919887968555228,0.8701679200023186
AST-004653,0.7350464573102277,0.531099448365143,0.39360051637399557,0.5532488073497887
AST-004654,0.7821541218442812,0.8699163730441246,0.8863690737128067,0.8461465228670709
AST-004655,0.6597843504763619,0.4776756835742377,0.24275522869438818,0.46007175424832925
AST-004656,0.7032535287571012,0.5426354468627466,0.827181971547489,0.691023649055779
AST-004657,0.5121193796507706,0.24897092765414827,0.7315645639205014,0.4975516237418067
AST-004658,0.8102605324372121,0.6118386599594666,0.6056915028469989,0.6759302317478926
AST-004659,0.4431516706165498,0.43611078226251243,0.7684308734158424,0.5492311087649683
AST-004660,0.20015623153226583,0.2979381171962185,0.40574345932004463,0.30127926934950966
AST-004661,0.5945612246497876,0.9582377072436651,0.9800882669166349,0.8442957329366959
AST-004662,0.8057625923136191,0.40159107248594916,0.945345219484998,0.717566294761522
AST-004663,0.7579512138764211,0.7313955995152668,0.7388195523718918,0.7427221219211932
AST-004664,0.6482438109783356,0.4882297381420675,0.8187318141753667,0.6517351210985899
AST-004665,0.4590747005873601,0.5104837513609478,0.45535443480640936,0.47497096225157237
AST-004666,0.7537263108620016,0.46346905429022345,0.6127954456635807,0.6099969369386019
AST-004667,0.2789025796284954,0.689127133429223,0.8061765988745991,0.5914021039774392
AST-004668,0.3618349198330674,0.6722346767967176,0.8724206137018966,0.6354967367772272
AST-004669,0.8748024270282551,0.6194253027755642,0.9615824389905083,0.8186033895981092
AST-004670,0.7688281005452965,0.6589743081406833,0.615977635414746,0.6812600147002419
AST-004671,0.5620158021618462,0.45796209663079346,0.9608782070167755,0.6602853686031384
AST-004672,0.6032879755513824,0.6895620905590102,0.40720482358150545,0.5666849632306327
AST-004673,0.7350376281409734,0.3213734968462882,0.3540641593370543,0.4701584281081053
AST-004674,0.7141288948775031,0.2627701036307421,0.5562233879054406,0.5110407954712286
AST-004675,0.9160946786948906,0.6048701761213348,0.8997674394988365,0.8069107647716872
AST-004676,0.2160462101190051,0.750798055272358,0.9806323928678359,0.6491588860863997
AST-004677,0.0,0.5326660970030138,0.6529334497371876,0.3951998489134005
AST-004678,0.0,0.8226852594992403,0.9739389939598194,0.5988747511530199
AST-004679,0.7029325815245862,0.4546577477894052,0.7889808415841584,0.6488570569660499
AST-004680,0.5556474707469958,0.6648880512497694,0.9311841700457023,0.7172398973474893
AST-004681,0.5495407101712313,0.4232658494903492,0.9581099491185623,0.6436388362600476
AST-004682,0.20289753635876645,0.38535037736810057,0.8261620267094707,0.4714699801454459
AST-004683,0.6851399396788646,0.5081400392007897,0.9519922868178045,0.7150907552324862
AST-004684,0.9056191866470338,0.652055257819651,0.9466898183265611,0.8347880875977486
AST-004685,0.5802542335382489,0.1594315446964594,0.9248969711521757,0.5548609164622946
AST-004686,0.9558301335706753,0.9310585829460992,0.6025748260298166,0.8298211808488637
AST-004687,0.20454767835063165,0.07209817198389319,0.7668391632470324,0.3478283378605191
AST-004688,0.0,0.637936823904041,0.5505662101980933,0.3961676780340448
AST-004689,0.6425582845751308,0.6602655163669112,0.39954856074535594,0.5674574538957994
AST-004690,0.8940808283924935,0.4327393586223706,0.9578228040717489,0.7615476636955377
AST-004691,0.5197436677241877,0.4531807527905322,0.7901980683816209,0.5877074962987803
AST-004692,0.5774403970426485,0.840150710475506,0.982805598094513,0.8001322352042225
AST-004693,0.6621928240791924,0.5523634761383646,0.6084449813068612,0.6076670938414727
AST-004694,0.8810295221097737,0.23150679547735217,0.6919805478293211,0.6015056218054823
AST-004695,0.6767726562443291,0.17971580132456957,0.3559122750526722,0.40413357754052365
AST-004696,0.11860981993455515,0.1679009531722961,0.5409929453181871,0.2758345728083461
AST-004697,0.6011534959979029,0.8672211765593681,0.6278913210011334,0.6987553311861348
AST-004698,0.46250419830769274,0.6211236622126446,0.9510516854613845,0.6782265153272405
AST-004699,0.9359044839992547,0.7596910058708286,0.9370014948478116,0.8775323282392984
AST-004700,0.9167679920769543,0.38659839654858535,0.7645989004475258,0.689321763024355
AST-004701,0.7529364971278057,0.31423783303943964,0.8710923033377806,0.6460888778350087
AST-004702,0.7248298732865988,0.3176681564812809,0.7565305920889375,0.5996762072856057
AST-004703,0.8514236618377229,0.7150111632188024,0.6478715463832704,0.7381021238132653
AST-004704,0.5350583245326443,0.8126623471045329,0.9877328873840767,0.7784845196737513
AST-004705,0.0,0.5953564341525903,0.9840006154654634,0.5264523498726845
AST-004706,0.757959257883156,0.47103261140848307,0.703511856804494,0.644167908698711
AST-004707,0.7440767279667341,0.8828512158718976,0.5328111059972249,0.7199130166119522
AST-004708,0.20317094459179513,0.7185230400709898,0.3424598863218061,0.42138462366153034
AST-004709,0.0,0.4141360786224379,0.7056248188410101,0.373253632487816
AST-004710,0.7285691679954355,0.4780061824299065,0.894646486656488,0.7004072790272767
AST-004711,0.9590948940176447,0.633874968711374,0.9936428884540255,0.8622042503943481
AST-004712,0.6655414327963468,0.7645907776650632,0.7143904388904797,0.7148408831172967
AST-004713,0.7387228570892159,0.2514257338275315,0.913834310985557,0.6346609673007682
AST-004714,0.6608367263819686,0.8036178751143795,0.9067267942243121,0.7903937985735534
AST-004715,0.7719752425487704,0.22998343415955783,0.9164046231320637,0.6394544332801306
AST-004716,0.19026608241268045,0.6865498483266832,0.8025353855387773,0.5597837720927137
AST-004717,0.5323525940383019,0.2035104303169839,0.9588038616064966,0.5648889619872608
AST-004718,0.8756833630544634,0.600366063510456,0.938765259396283,0.8049382286537341
AST-004719,0.0,0.8436570359571319,0.6300015339003032,0.4912195232858117
AST-004720,0.4373760334359134,0.5765862329820128,0.910272862049296,0.641411709489074
AST-004721,0.0,0.5585093793898818,0.7213497062718827,0.4266196952205881
AST-004722,0.5986776821017078,0.6180248401904715,0.6208904710251163,0.6125309977724319
AST-004723,0.7467821490231992,0.8587309811404874,0.9627178947060497,0.8560770082899122
AST-004724,0.47715993983760235,0.4767166722640757,0.9337999767048443,0.6292255296021741
AST-004725,0.0,0.6792466204428784,0.8422614358854559,0.5071693521094448
AST-004726,0.5585694967371222,0.19518001866965637,0.47658163496877554,0.410110383458518
AST-004727,0.8006479455782752,0.6133115151080519,0.8713067914572463,0.7617554173811912
AST-004728,0.6384848364024069,0.39910371127649463,0.8260715849945398,0.6212200442244805
AST-004729,0.28923086987493907,0.09700364548571114,0.9999015753833946,0.46204536358134823
AST-004730,0.03517110954520225,0.10387249695485876,0.6738907140346142,0.2709781068448917
AST-004731,0.7336298312258096,0.6766556499425753,0.8056900435758306,0.7386585082480718
AST-004732,0.3941988403813758,0.7451708299509249,0.8149432882322658,0.6514376528548554
AST-004733,0.0,0.4750270243397441,0.9933053446260507,0.48944412298859824
AST-004734,0.6813263503180064,0.8940487949886158,0.42279028157965726,0.6660551422954265
AST-004735,0.38336050827413654,0.49287148936197334,0.8870279135765841,0.5877533037375646
AST-004736,0.8812874848992219,0.8270011949682943,0.7512150490287565,0.8198345762987574
AST-004737,0.3318749289206542,0.9093356173648095,0.9211525646542084,0.7207877036465574
AST-004738,0.5314430923961796,0.7032624692969877,0.8893289236222677,0.7080114951051449
AST-004739,0.6791900967350005,0.9670014732078593,0.9853028360419079,0.8771648019949226
AST-004740,0.32940106719416784,0.6933239638679426,0.6962166567666365,0.5729805626095823
AST-004741,0.5418707543891965,0.3760962964356577,0.8484718131275839,0.5888129546508126
AST-004742,0.5361149384458878,0.5073771439601843,0.9463973813024456,0.6632964879028392
AST-004743,0.678840437412007,0.37305744110402167,0.9265035280607821,0.6594671355256035
AST-004744,0.39358738826442086,0.6584986161266339,0.6732596034127007,0.5751152026012518
AST-004745,0.7306557927930138,0.44646139675870455,0.5605862341355519,0.5792344745624234
AST-004746,0.63004411057074,0.285420056844969,0.969709993667349,0.6283913870276859
AST-004747,0.7948319793922125,0.35165202106252225,0.9315753197738097,0.6926864400761815
AST-004748,0.8357487975547102,0.30731348240215894,0.8989678891994216,0.6806767230520969
AST-004749,0.8437685249961815,0.7288736214253587,0.8593226307581743,0.8106549257265715
AST-004750,0.41322936225933676,0.6179537247053186,0.8165760892602503,0.6159197254083019
AST-004751,0.0,0.6945378435283299,0.47133845353735343,0.3886254323552278
AST-004752,0.7184453961034811,0.5231504818975229,0.5710921838738822,0.6042293539582954
AST-004753,0.5852200788664923,0.11324226840684584,0.8456885274853249,0.5147169582528877
AST-004754,0.5926542082725671,0.5994720936367907,0.8001384532323763,0.6640882517139114
AST-004755,0.6127568832521036,0.42318261832997406,0.9576243085153693,0.6645212700324823
AST-004756,0.5473267624598469,0.7145479137244671,0.9936061913919642,0.7518269558587595
AST-004757,0.0,0.9278389440986665,0.9519591931636585,0.6265993790874417
AST-004758,0.8093823839638516,0.5507345932052332,0.8147128308141138,0.7249432693277328
AST-004759,0.4727954735116873,0.6473834575745017,0.9145998461204704,0.6782595924022198
AST-004760,0.3386059177459778,0.6292365623667557,0.9125826984236546,0.6268083928454627
AST-004761,0.3538706699542031,0.43439186699690996,0.9667649593428946,0.585009165431336
AST-004762,0.6711581265305976,0.5214828182073675,0.7737365937894753,0.6554591795091468
AST-004763,0.20477880870074228,0.43595848397236564,0.9946252673978433,0.5451208533569837
AST-004764,0.0,0.5739523714610971,0.8701307395123568,0.48136103699115135
AST-004765,0.7935403148744031,0.3665811793566163,0.40513361582036816,0.5217517033504625
AST-004766,0.5757425093323846,0.33702438684287606,0.542424165252444,0.4850636871425682
AST-004767,0.9216734527917635,0.3690854687201902,0.5701167823537787,0.6202919012885775
AST-004768,0.9788732207560117,0.5344132139546541,0.8215909433637336,0.7782924593581332
AST-004769,0.8925262635381167,0.5493740052150299,0.7039912827657651,0.7152971838396373
AST-004770,0.4323655353650495,0.23018811299501835,0.7991105349434704,0.48722139443451273
AST-004771,0.675912748339548,0.7520267214536449,0.9084488763435693,0.7787961153789208
AST-004772,0.43461187426857045,0.8068414286579462,0.8142714090649891,0.6852415706638353
AST-004773,0.09994159645396872,0.2217367725514191,0.9933455426548887,0.4383413038867589
AST-004774,0.0,0.35230011806201617,0.6324112170533709,0.32823711170512904
AST-004775,0.7107197877536143,0.8264393379774334,0.5138714431078739,0.6836768562796406
AST-004776,0.4184982627632935,0.6156706508933079,0.8079434749513438,0.614037462869315
AST-004777,0.8735261189129899,0.8021525444810772,0.7625603956674084,0.8127463530204918
AST-004778,0.5460993883737781,0.4542077684505963,0.6314859902534417,0.5439310490259387
AST-004779,0.2541340590005128,0.6611138415214226,0.7832851120440208,0.5661776708553187
AST-004780,0.368884222352456,0.6172453456747832,0.9140602402780154,0.6333966027684181
AST-004781,0.0,0.49520327790448326,0.9637884576783009,0.4863305785275947
AST-004782,0.5383328028953335,0.49462715842237964,0.37490274901388904,0.46928757011053407
AST-004783,0.2298868343339443,0.5858362975198054,0.9299486704669916,0.5818906007735803
AST-004784,0.7196888608932499,0.940321915144038,0.7573098253781623,0.80577353380515
AST-004785,0.5596919273436175,0.7540674219839959,0.9695535335800561,0.7611042943025565
AST-004786,0.1378859585153517,0.7822763764038195,0.8697247284996544,0.5966290211396085
AST-004787,0.6887925688085836,0.8560326294216423,0.7787454551201682,0.7745235511167982
AST-004788,0.3760935238562211,0.7498427957808566,0.833844107504901,0.6532601423806595
AST-004789,0.77830236147938,0.1643333278986801,0.6581082034867518,0.533581297621604
AST-004790,0.9719055384416203,0.6437433697136257,0.8712627832096725,0.8289705637883061
AST-004791,0.4120746410151283,0.640360552587274,0.3506447491831885,0.4676933142618636
AST-004792,0.5101738264518413,0.7654263287253604,0.8784825088170151,0.7180275546647389
AST-004793,0.40805647378581633,0.44291077784957267,0.653186806355504,0.5013846859969643
AST-004794,0.7727390724635601,0.5010640007251285,0.9260097828571838,0.7332709520152907
AST-004795,0.8161404623337398,0.4952656719929996,0.2777749756162769,0.5297270366476721
AST-004796,0.7500436506971577,0.5726753523348798,0.6839219201159688,0.668880307716002
AST-004797,0.7039585396264119,0.5939938871052408,0.6788651166340685,0.6589391811219071
AST-004798,0.9509339961015956,0.3273376850150129,0.948148552613526,0.742140077910045
AST-004799,0.4833996034880097,0.2597903681242355,0.6286449011648498,0.4572782909256983
AST-004800,0.43609997433916997,0.7387133994553663,0.9353941563922665,0.7034025100622676
AST-004801,0.8567175773847902,0.3711472632418167,0.6177576905514555,0.6152075103926874
AST-004802,0.9735311834610099,0.5900411213593061,0.5272214271095008,0.6969312439766057
AST-004803,0.7453933382032282,0.6801750449476051,0.46113422868259724,0.6289008706111435
AST-004804,0.0,0.8336543111022828,0.5516042538553161,0.46175285498586627
AST-004805,0.8330407202366041,0.7942132432249218,0.8558015602305687,0.8276851745640316
AST-004806,0.5845188780497115,0.68406218912656,0.8013611754853017,0.6899807475538577
AST-004807,0.9011858449927891,0.8319978736853236,0.7074436795850938,0.8135424660877355
AST-004808,0.18380184932015442,0.8755578296279102,0.4364602127952273,0.4986066305810973
AST-004809,0.8394541410476751,0.6954703699906993,0.9657742980043635,0.8335662696809126
AST-004810,0.0,0.5743237702345508,0.9104153371151319,0.4949130357832276
AST-004811,0.3085000695455878,0.26185706133934344,0.5863893672402188,0.3855821660417167
AST-004812,0.29637966222544393,0.5684926198618386,0.8379794460485069,0.5676172427119298
AST-004813,0.8031128681753812,0.6373050577342128,0.5324717176185285,0.6576298811760408
AST-004814,0.6158791584126521,0.37986965259300826,0.6966727652226834,0.5641405254094479
AST-004815,0.8467003865774709,0.8729109569728891,0.5268200566473105,0.7488104667325569
AST-004816,0.7203332978852841,0.3846578960844257,0.9304400629664905,0.6784770856454001
AST-004817,0.1941804031186204,0.731315978822629,0.36499018817163276,0.4301621900376274
AST-004818,0.0,0.402709382567109,0.8639534837067436,0.4222209554246175
AST-004819,0.6568419994364929,0.8588438387360798,0.9570137590746212,0.824233199082398
AST-004820,0.38256156555036264,0.3859953381116131,0.3042764258476669,0.35761110983654754
AST-004821,0.9370614996929153,0.7208898813190318,0.8391805520683158,0.8323773110267543
AST-004822,0.4164049513235706,0.3470404882563978,0.9499992623608167,0.5711482339802617
AST-004823,0.0,0.5369418171038921,0.9656881444971562,0.5008766538670161
AST-004824,0.0,0.3805414333455601,0.9319490182048598,0.4374968171834733
AST-004825,0.5653226661533977,0.07414161769869285,0.8130143393125792,0.48415954105488995
AST-004826,0.7737205103436644,0.7373244928254714,0.5634466550499387,0.6914972194063581
AST-004827,0.8251358838774979,0.2677579211909148,0.26455300226283934,0.45248226911041733
AST-004828,0.24075410379974826,0.42673030770034975,0.6979219318434449,0.4551354477811809
AST-004829,0.8800723449860982,0.3545524465358674,0.8820585073122715,0.7055610996114124
AST-004830,0.8338706273623706,0.5590799446677587,0.1841038595144136,0.5256848105148476
AST-004831,0.42926467828588044,0.5296014896622006,0.6556806958298187,0.5381822879259666
AST-004832,0.8983713810817723,0.2231932952645089,0.727031412676167,0.616198696340816
AST-004833,0.7406488780362002,0.6670257374906434,0.7825921284821057,0.7300889146696498
AST-004834,0.4645929112950404,0.5920559701079889,0.9837191387650366,0.6801226733893553
AST-004835,0.8319061671740439,0.9084461988627783,0.9717709543343288,0.9040411067903836
AST-004836,0.41766742071902224,0.2218946741002473,0.6201196207119248,0.41989390517706476
AST-004837,0.6539463372565869,0.5427757582865873,0.7828947369783648,0.6598722775071796
AST-004838,0.4005594200150189,0.9022844547391428,0.8392265706029982,0.71402348178572
AST-004839,0.5915712716235833,0.6853351736321028,0.5906593830935674,0.6225219427830845
AST-004840,0.0,0.8214900595126347,0.9504065698409708,0.5906322097845352
AST-004841,0.0809664315610016,0.4114322732111448,0.6378133799770478,0.3767373615830647
AST-004842,0.39643388831149096,0.4815177072571213,0.8297247735341516,0.5692254563675879
AST-004843,0.46127416845820807,0.49650971607169064,0.3244543526422482,0.4274127457240489
AST-004844,0.7868799849601421,0.6468143701269261,0.9825129185030248,0.805402424530031
AST-004845,0.7557428373425062,0.8448324076177041,0.6131166328517518,0.7378972926039874
AST-004846,0.7656228491358006,0.8898216143393506,0.7447478377797127,0.8000641004182879
AST-004847,0.5924264358455742,0.43197391518820405,0.9154572901068844,0.6466192137135542
AST-004848,0.3952724820121265,0.7546035204881768,0.9879824736624897,0.7126194920542644
AST-004849,0.46427294749195364,0.7340820708790783,0.9622478301401284,0.7202009495037202
AST-004850,0.9385536161804954,0.541313225583479,0.9319070119604995,0.803924617908158
AST-004851,0.6706851842822842,0.28085635108929363,0.7884419805749017,0.5799945053154931
AST-004852,0.9098226901451377,0.8301584268580182,0.5912295089812465,0.7770702086614675
AST-004853,0.7612812619538134,0.7155465516374727,0.6764133510880115,0.7177470548930991
AST-004854,0.8707032914289687,0.9143596632228705,0.9017935843227934,0.8956188463248775
AST-004855,0.6345356630359643,0.6411248268927507,0.9832626464950539,0.752974378807923
AST-004856,0.4801949901856248,0.8639324149017847,0.8930965448058952,0.7457413166311015
AST-004857,0.4407716184371009,0.6821236688681152,0.9616389488645054,0.6948447453899073
AST-004858,0.41884936588940835,0.7041594899049405,0.5076073682964941,0.5435387413636142
AST-004859,0.6765414509636243,0.7009738735382874,0.9308159975637753,0.7694437740218957
AST-004860,0.6039836933038368,0.8125461713562819,0.9059761625480685,0.7741686757360625
AST-004861,0.082846165599578,0.45842643715855924,0.7097544685033108,0.417009023753816
AST-004862,0.7766354839488917,0.6704195665164387,0.56785653732132,0.6716371959288834
AST-004863,0.7671735658228028,0.458224619748251,0.77351037743921,0.6663028543367546
AST-004864,0.45745100911345654,0.8670202314112997,0.9536369477000564,0.7593693960749376
AST-004865,0.0,0.9761771242587297,0.7060283235648775,0.5607351492745357
AST-004866,0.8390158175066244,0.8817136996240315,0.9605145460314172,0.8937480210540243
AST-004867,0.6607873657593134,0.6113685985974932,0.7509460543532942,0.6743673395700336
AST-004868,0.6321411424451981,0.7450290549138582,0.5438222471907226,0.6403308148499263
AST-004869,0.7394274303277462,0.6224811433726851,0.9921047510218741,0.7846711082407684
AST-004870,0.5915363725066523,0.6872209075044352,0.8451814633916256,0.7079795811342376
AST-004871,0.9545892900260947,0.6855177154561212,0.6925566727224625,0.7775545594015595
AST-004872,0.8722749990589507,0.6603896548486176,0.9669858261107591,0.8332168266727757
AST-004873,0.751113907381492,0.7933351648314733,0.8386754790531367,0.7943748504220339
AST-004874,0.735109920419468,0.8637565168714885,0.8876027281041418,0.8288230551316994
AST-004875,0.7095699725404807,0.3113621568616403,0.897690947983107,0.639541025795076
AST-004876,0.6944739743153383,0.13806205497397736,0.5366707863451825,0.4564022718781661
AST-004877,0.3624927937289479,0.8362718804143275,0.8973556716961055,0.6987067819464604
AST-004878,0.13906746258213312,0.47577332819901796,0.8085605749095122,0.4744671218968877
AST-004879,0.590077053917201,0.7679761576218496,0.8927699583600314,0.7502743899663606
AST-004880,0.5795826552406814,0.9511708446612359,0.7996245276054417,0.7767926758357864
AST-004881,0.8639758832418325,0.452518363765541,0.7235015334615778,0.6799985934896503
AST-004882,0.8338357627074001,0.5301966350472364,0.4172420790747002,0.5937581589431122
AST-004883,0.4495860223197403,0.6294435517330059,0.9000263217306915,0.6596852985944793
AST-004884,0.6033836523287001,0.4833745333712565,0.7656734435891513,0.617477209763036
AST-004885,0.07706568972078792,0.2911637928888582,0.7754291925075446,0.3812195583723969
AST-004886,0.0,0.4022874620220758,0.6358323319990666,0.3460399313403808
AST-004887,0.0,0.17465113450670594,0.7405128825069868,0.30505467233789757
AST-004888,0.10815249249191806,0.29464945325256875,0.9830653525426223,0.461955766095703
AST-004889,0.8123192031249106,0.49101069754190435,0.893818333224962,0.7323827446305923
AST-004890,0.7385730520922135,0.28418680796726997,0.7523444858791591,0.5917014486462141
AST-004891,0.35458981442351956,0.5612545399656852,0.6724288792845556,0.5294244112245868
AST-004892,0.9832341621158155,0.5446363500776106,0.9808756581290821,0.836248723440836
AST-004893,0.31629370633661363,0.2039053616806888,0.7456302680848825,0.4219431120340616
AST-004894,0.3383203016666987,0.7795121318602174,0.8705545389566921,0.6627956574945361
AST-004895,0.4433815135144441,0.3460478272088563,0.7330722937672896,0.5075005448301967
AST-004896,0.49287291953983026,0.7347855080897169,0.8825936591080239,0.7034173622458569
AST-004897,0.8389067968853391,0.5061068609075653,0.9601175097669458,0.7683770558532834
AST-004898,0.30283727516580927,0.5424204091012326,0.8382087485224762,0.5611554775965061
AST-004899,0.8337532437610827,0.8135660014016953,0.661077399820352,0.7694655483277101
AST-004900,0.6661337815181431,0.6930360868545364,0.3013441739901103,0.5535046807875966
AST-004901,0.5113792949214464,0.5470648468532472,0.4220540432905792,0.4934993950217576
AST-004902,0.0,0.32468913301807634,0.18583267530382686,0.17017393610730105
AST-004903,0.40550874685126775,0.7822613180995382,0.5079234688573737,0.5652311779360599
AST-004904,0.35702091498656535,0.3834542993823606,0.8740089761950867,0.5381613968546709
AST-004905,0.4055813158761916,0.47726762523746147,0.957417635175852,0.6134221920965017
AST-004906,0.40736948279577334,0.09305031623366102,0.6431397929452792,0.3811865306582378
AST-004907,0.456648939226607,0.5440524068003196,0.7938989208389559,0.5982000889552941
AST-004908,0.4402164630857037,0.46164976632640964,0.19560878482676536,0.3658250047462929
AST-004909,0.8830755393019393,0.8337288794755274,0.9802260644078146,0.8990101610617605
AST-004910,0.7573807031684161,0.7396393259290266,0.7649271705166144,0.7539823998713523
AST-004911,0.7136212150842294,0.6325307660368881,0.7645930931896217,0.7035816914369132
AST-004912,0.0,0.7261816914458796,0.7334438770603656,0.4865418561687484
AST-004913,0.10518748822164256,0.4454469281677246,0.7393226840143946,0.42998570013458726
AST-004914,0.0,0.9216886280095054,0.9472767612899867,0.6229884630998307
AST-004915,0.0,0.27886743831995303,0.7474557189018303,0.34210771907392773
AST-004916,0.762147401412635,0.7036977363074534,0.6539282842785951,0.7065911406662279
AST-004917,0.6439251860028508,0.33005484863845796,0.7232066548669982,0.565728896502769
AST-004918,0.10496260012748086,0.5626507863688907,0.6251907612858664,0.4309347159274126
AST-004919,0.8604723144493965,0.7636002476408681,0.8766720777432513,0.833581546611172
AST-004920,0.0,0.536164780817754,0.8469640910801164,0.4610429572992902
AST-004921,0.2600925605484155,0.6067120063249468,0.8523637735834614,0.5730561134856079
AST-004922,0.7073473026612834,0.4003345325973104,0.9586192569315183,0.6887670307300374
AST-004923,0.49841693638141465,0.31756644920024035,0.8606463417880791,0.5588765757899113
AST-004924,0.5802273810891243,0.402162545664333,0.8852785380216107,0.6225561549250226
AST-004925,0.3166609292962548,0.5853237077633721,0.7023447442002153,0.5347764604199474
AST-004926,0.611109205744751,0.8910797800538127,0.9685604044390644,0.8235831300792094
AST-004927,0.0,0.44451996698112667,0.3272242968835872,0.2572480879549046
AST-004928,0.6358996947992059,0.7372081248080059,0.7870677625513779,0.7200585273861967
AST-004929,0.5590817010408666,0.4432097716574932,0.6579450634529866,0.5534121787171155
AST-004930,0.5912838770165768,0.6310572641350309,0.5891429702485472,0.603828037133385
AST-004931,0.4167962798058929,0.7356738431832585,0.8657258456185831,0.6727319895359115
AST-004932,0.7035245907375134,0.07172156332707443,0.9712221249463572,0.5821560930036483
AST-004933,0.6760264860097923,0.256111414039573,0.5652030682874664,0.49911365611227715
AST-004934,0.33050379234099575,0.2760016657801162,0.8463547838513346,0.48428674732414884
AST-004935,0.4027745874418057,0.5031916766189954,0.92921704970314,0.6117277712546471
AST-004936,0.9120726693959115,0.10615726417687557,0.4945218823410585,0.5042506053046152
AST-004937,0.6557927180504243,0.528928517305105,0.7763235736437752,0.6536816029997682
AST-004938,0.6998277725729716,0.3806956202783037,0.878100123060179,0.6528745053038182
AST-004939,0.8829824012266142,0.8528446485915137,0.9379482366882181,0.8912584288354486
AST-004940,0.6676352186186654,0.8207546935216646,0.8233446143284625,0.7705781754895975
AST-004941,0.3969684182592072,0.4341256418025614,0.7733659753361758,0.5348200117993148
AST-004942,0.3577699019022804,0.5824896456527546,0.8835492062889085,0.6079362512813146
AST-004943,0.7187021095365158,0.7266588281662962,0.7732926799725218,0.7395512058917779
AST-004944,0.8246478855258192,0.36870438987542925,0.7623164202055932,0.6518895652022806
AST-004945,0.9489974582523695,0.455024010393137,0.9199443280641535,0.7746552655698867
AST-004946,0.4073015719043911,0.006477404035261797,0.9354435456067031,0.449740840515452
AST-004947,0.6072139223499196,0.8838106417565604,0.7954763995826322,0.7621669878963707
AST-004948,0.5070483807959925,0.6066403622767339,0.8274296784136701,0.6470394738287988
AST-004949,0.23299397339871228,0.9005310868235762,0.5211408508085559,0.551555303676948
AST-004950,0.9223883344344765,0.7183675010412804,0.9183995637147148,0.8530517997301573
AST-004951,0.5823114248544635,0.6976595661733219,0.8502050169335365,0.7100586693204406
AST-004952,0.9814736996929475,0.05808483521169169,0.7998906062704481,0.6131497137250291
AST-004953,0.0,0.8934705358666116,0.9864419986335433,0.6266375115000516
AST-004954,0.7447875454283852,0.5255371023499371,0.8626248860278228,0.7109831779353817
AST-004955,0.863107054766107,0.3534652711034951,0.990961414191327,0.7358445800203097
AST-004956,0.2532908556875509,0.6418816243638434,0.703732100015785,0.5329681933557264
AST-004957,0.37077512876899266,0.649641629638259,0.9606924205565344,0.660369726321262
AST-004958,0.0,0.40715448056858256,0.7800703036280042,0.3957415947321956
AST-004959,0.7001975316347241,0.01611165299491635,0.4547290122908132,0.3903460656401512
AST-004960,0.28333880796453503,0.782210645070826,0.7367493460796262,0.6007662663716624
AST-004961,0.5980301216913765,0.57632719727735,0.6168204828265783,0.5970592672651017
AST-004962,0.8734974055781577,0.3442148064104975,0.8789310747174364,0.6988810955686972
AST-004963,0.6546928309732318,0.5202232221412164,0.7946202571713653,0.6565121034286046
AST-004964,0.9292805976063158,0.7367812167957872,0.9362984525341866,0.8674534223120967
AST-004965,0.69605828163354,0.3618802896754526,0.8284758588780607,0.6288048100623511
AST-004966,0.6988143023071571,0.4547708677726484,0.2888852122496862,0.48082346077649724
AST-004967,0.0,0.6761681746646954,0.7766313647789423,0.4842665131478792
AST-004968,0.5805664536000253,0.35481641644304485,0.9308860573266108,0.6220896424565603
AST-004969,0.0,0.4916517979440666,0.5869071573244619,0.3595196517561761
AST-004970,0.8130173474125233,0.40435192025775446,0.9028716113759565,0.706746959682078
AST-004971,0.0,0.5294725147322598,0.951838925306694,0.49377048001298457
AST-004972,0.8726197970086975,0.44080133555512163,0.914073481532337,0.7424982046987187
AST-004973,0.8786761661789032,0.38709329995095226,0.874317399489032,0.7133622885396291
AST-004974,0.782780665878147,0.48553354962729467,0.9003732180940613,0.7228958111998344
AST-004975,0.5563628351368897,0.7792700076783259,0.6293135452036264,0.654982129339614
AST-004976,0.23819097101226144,0.4734856865793275,0.4715757650419847,0.3944174742111912
AST-004977,0.5857375599595084,0.6166647221192086,0.7722050594553732,0.65820244717803
AST-004978,0.5945893938358938,0.5968211271331637,0.5585298210529348,0.5833134473406641
AST-004979,0.7512540669453268,0.7091633411421154,0.49326523691913476,0.6512275483355257
AST-004980,0.7110788009948887,0.5530864608367242,0.839691496168166,0.7012855859999263
AST-004981,0.5676442222479722,0.6582187458430352,0.684632881933488,0.6368319500081651
AST-004982,0.3088870334723161,0.38728366437035183,0.9627098695093234,0.5529601891173305
AST-004983,0.7438283022509216,0.7562679794944203,0.5563405194735491,0.6854789337396303
AST-004984,0.3795214241715507,0.5792058278318188,0.7989441467403298,0.5858904662478998
AST-004985,0.32194794240533625,0.4109524880890436,0.5045195007308534,0.41247331040841106
AST-004986,0.4164950260546468,0.35363480445064865,0.7107235368489419,0.49361778911807913
AST-004987,0.8655614947637034,0.8114275468234903,0.9506575933867868,0.8758822116579935
AST-004988,0.669790707347043,0.8003981729311368,0.7615789407112845,0.7439226069964882
AST-004989,0.703939494769153,0.3902499338475769,0.9502125336418731,0.6814673207528675
AST-004990,0.12747895010680121,0.32779366028441914,0.8398774563705443,0.4317166889205882
AST-004991,0.5186606700065217,0.7824447032891182,0.5753675159220909,0.6254909630725769
AST-004992,0.27185536147755446,0.7818404334425725,0.8457817929350189,0.6331591959517152
AST-004993,0.0,0.1992543311900729,0.22587649247112723,0.1417102745537334
AST-004994,0.4526661721423341,0.18834998125583516,0.5519923776929168,0.39766951036369536
AST-004995,0.49823086447565995,0.8646112367864435,0.7772810582728985,0.7133743865116674
AST-004996,0.2239580362591686,0.07487177650401805,0.6970082049944666,0.33194600591921775
AST-004997,0.3725716848428487,0.716932201388149,0.46316598826750743,0.517556624832835
AST-004998,0.41486204450132425,0.34054843088083986,0.8694383033977099,0.5416162595932913
AST-004999,0.7844612935173937,0.6303166576765044,0.8308109327438958,0.7485296279792646
AST-005000,0.8122536081484626,0.7091938472594366,0.9314367000017717,0.8176280518032236
AST-005001,0.0,0.599063443068179,0.7272209035602308,0.4420947822094699
AST-005002,0.8925324187506293,0.859496514818363,0.747241951343582,0.8330902949708582
AST-005003,0.6081607127442682,0.9281979893997155,0.3888205987767501,0.6417264336402446
AST-005004,0.9079792419356497,0.49526942613156827,0.9979186575956299,0.8003891085542826
AST-005005,0.2532664738376378,0.27493293732678215,0.7317780718431112,0.4199924943358437
AST-005006,0.591188741235418,0.6754589256901794,0.8451180522929741,0.7039219064061905
AST-005007,0.409168879190507,0.9746424363656143,0.9878853244041128,0.7905655466534114
AST-005008,0.8369264329782167,0.4846298827730994,0.5165882217466959,0.6127148458326707
AST-005009,0.9499166586122506,0.7415155185067166,0.9930158818668273,0.8948160196619316
AST-005010,0.8540523642181148,0.5016362824230153,0.7988604829250555,0.7181830431887285
AST-005011,0.23025259855824015,0.40246165240615955,0.9642323150800165,0.5323155220148054
AST-005012,0.0,0.23533012430141123,0.9142758691010011,0.3832019978008041
AST-005013,0.35412012872291343,0.7824234652139377,0.9642044508572207,0.7002493482646907
AST-005014,0.47573057968982607,0.05331802463315649,0.3748472452118178,0.3012986165116001
AST-005015,0.41649872302144203,0.5587914788118702,0.8206820850329998,0.5986574289554373
AST-005016,0.6387935185050168,0.2904008560609658,0.7551882638711334,0.5614608794790387
AST-005017,0.6033382103416455,0.7499821557263185,0.8422940480026866,0.7318714713568836
AST-005018,0.6835588138543184,0.7611107232510835,0.8385464225331234,0.7610719865461751
AST-005019,0.0,0.7711237993023137,0.6561987288244886,0.4757741760422674
AST-005020,0.0,0.7814661701202221,0.843613165317779,0.541693111812667
AST-005021,0.6317258866336481,0.2814840915922882,0.8215020453717582,0.5782373411992315
AST-005022,0.542695139022627,0.8174788927127725,0.9986204714458108,0.7862648343937367
AST-005023,0.883266201809272,0.7891123211878573,0.5098076666254336,0.7273953965408543
AST-005024,0.7930513498291161,0.6643617831700547,0.6085139202524452,0.688642351083872
AST-005025,0.5582337076472617,0.8521161456202221,0.7518455155632318,0.7207317896102386
AST-005026,0.4829356003663827,0.20011699493170979,0.3146223725150236,0.332558322604372
AST-005027,0.730149317397866,0.8645803267593298,0.5807779661060452,0.7251692034210803
AST-005028,0.21335560859171673,0.7010309868513271,0.8107454240502396,0.5750440064977612
AST-005029,0.5774296231149787,0.7814156371460473,0.8780899890073043,0.7456450830894434
AST-005030,0.5927891287507657,0.43954579067109767,0.8546671625101535,0.629000693977339
AST-005031,0.3137996502276569,0.34839479665170653,0.2496970786713289,0.3039638418502308
AST-005032,0.30739500445597406,0.6094619996982108,0.9008109963925037,0.6058893335155628
AST-005033,0.33960545626569627,0.44497676160771077,0.9484653840754718,0.5776825339829595
AST-005034,0.14184663450875376,0.539845114181315,0.4575107695152113,0.37973417273509336
AST-005035,0.48093240487761024,0.5259634640252501,0.6557239026853248,0.554206590529395
AST-005036,0.9705794012816699,0.6677075189158611,0.9469032812952736,0.8617300671642681
AST-005037,0.8244894012464844,0.7639456714863793,0.9074457074566862,0.8319602600631834
AST-005038,0.4443475307158564,0.2914949760331956,0.5651084529852995,0.4336503199114505
AST-005039,0.9029298151972981,0.7757009917582937,0.595891915911968,0.7581742409558533
AST-005040,0.6638520875369939,0.8293598055567069,0.9726359612016446,0.8219492847651152
AST-005041,0.416389880650437,0.6853894279248098,0.9701483651770193,0.690642557917422
AST-005042,0.5988389248043883,0.5697030314500111,0.7510383941549886,0.6398601168031294
AST-005043,0.6396899388199632,0.34128335578371144,0.9052195582008167,0.6287309509348304
AST-005044,0.4723313507105064,0.652907665253233,0.9066883671995184,0.6773091277210859
AST-005045,0.45521118704210023,0.5840624494862499,0.5709785511637626,0.5367507292307042
AST-005046,0.9285510321815934,0.6553655768601317,0.9702887205182466,0.8514017765199906
AST-005047,0.4724972481687099,0.7787274407983864,0.9123172745123352,0.721180654493144
AST-005048,0.7038360907339909,0.6493395554627704,0.7583592144206918,0.703844953539151
AST-005049,0.40966304030386264,0.596376973462219,0.7420128419667678,0.5826842852442832
AST-005050,0.6223219992795154,0.28700273811513816,0.8997138407243687,0.6030128593730074
AST-005051,0.9556495759238484,0.6846512998471015,0.7013709143576773,0.7805572633762091
AST-005052,0.0,0.3640394768200645,0.6800256185445654,0.3480216984548767
AST-005053,0.7500875722603072,0.8307336801415001,0.8620337404991333,0.8142849976336469
AST-005054,0.6303052521007212,0.5334274472130597,0.9448275707449224,0.702853423352901
AST-005055,0.6806710522277785,0.8428096614909352,0.9645697632600594,0.8293501589929244
AST-005056,0.747634103936925,0.592843556531961,0.7035846559545582,0.6813541054744814
AST-005057,0.20942055116581929,0.8554016709987515,0.17757296589386085,0.41413172935281056
AST-005058,0.6676521063750982,0.6461487922042339,0.9806468097318778,0.7648159027704033
AST-005059,0.0,0.29808314871426145,0.7415471885179581,0.3465434457440732
AST-005060,0.44531212697159234,0.787625371073138,0.9671000489291952,0.7333458489913086
AST-005061,0.0,0.974508777074576,0.862437398922998,0.6123153919991914
AST-005062,0.5278586848134428,0.3076885883862054,0.8929463890504683,0.5761645540833721
AST-005063,0.48373052907699976,0.3857230888735773,0.5639024626794178,0.47778536020999834
AST-005064,0.0,0.7941648544816766,0.9742167982241903,0.5894605509019556
AST-005065,0.6557710600579204,0.4825718528549172,0.7057546178484718,0.6146991769204364
AST-005066,0.7408197867526511,0.2519996752034041,0.8482674857132573,0.6136956492231042
AST-005067,0.418100878639908,0.7580124842671596,0.9202168125610344,0.6987767251560341
AST-005068,0.4664400850717032,0.7348587761699406,0.5592637984821063,0.5868542199079166
AST-005069,0.24919805415703575,0.3441109575477659,0.9030027439365822,0.49877058521379464
AST-005070,0.0,0.39282596803240677,0.8080264134506933,0.40028412716103334
AST-005071,0.6943806295467561,0.7930066044157167,0.919286384951854,0.8022245396381088
AST-005072,0.7505122544952918,0.4047007963657919,0.9742135669300118,0.7098088725970317
AST-005073,0.9297519540125871,0.50763748356029,0.9537343488969495,0.7970412621566089
AST-005074,0.4183182485282172,0.5334430011927345,0.9529327753876135,0.6348980083695217
AST-005075,0.7561131892809815,0.7024408557531624,0.921190708997745,0.793248251343963
AST-005076,0.45056257238228603,0.5721411818333002,0.835442587701523,0.6193821139723698
AST-005077,0.6654860434417723,0.9605555481933261,0.9854263137718474,0.8704893018023153
AST-005078,0.7282145200845728,0.5780470475526589,0.9942299002960346,0.7668304893110888
AST-005079,0.38360160311498337,0.45425989533520444,0.5687672069232829,0.4688762351244902
AST-005080,0.6086417293877717,0.3841148416083816,0.9453865302839917,0.646047700426715
AST-005081,0.7765739761040578,0.1974668368423431,0.9470555152308122,0.6403654427257377
AST-005082,0.507325197136971,0.4436144342371229,0.40955306987958273,0.4534975670845589
AST-005083,0.8621440698797046,0.37531733926742944,0.9053622469266045,0.7142745520245795
AST-005084,0.4304724573913877,0.5243850567462129,0.9534718086664007,0.6361097742680004
AST-005085,0.6120626685178062,0.36963226850666897,0.9531170325377554,0.6449373231874101
AST-005086,0.0,0.22376226900305177,0.20262378445027676,0.14212868448444285
AST-005087,0.3502467692708504,0.29913818004244,0.844610926890641,0.49799862540131046
AST-005088,0.5259403605386584,0.5385287062910862,0.4787038120333416,0.5143909596210288
AST-005089,0.9125033639695939,0.3529563523901071,0.22387000999704565,0.49644324211891555
AST-005090,0.740837927391071,0.4387787905924413,0.9090184240081205,0.6962117139972109
AST-005091,0.4400162166726744,0.6601393958416122,0.7518307890667804,0.6173288005270223
AST-005092,0.6415845300260696,0.36494571698392164,0.7738124002000688,0.5934475490700201
AST-005093,0.5556691023536106,0.4974361018165496,0.9893250910116946,0.6808100983939517
AST-005094,0.3215595601529626,0.2989698082600485,0.8019425568529784,0.4741573084219965
AST-005095,0.8720303074917052,0.5570882731603638,0.6436562795112146,0.6909249533877612
AST-005096,0.6062575689897394,0.5810323743196114,0.46688581438825566,0.5513919192325355
AST-005097,0.9180792231848514,0.602337957761099,0.9705406159199653,0.8303192656219719
AST-005098,0.7455005071461975,0.4506883144306622,0.3106277675338238,0.5022721963702278
AST-005099,0.7086561236253767,0.3458116381480693,0.4907294311025507,0.5150657309586656
AST-005100,0.6600364809773822,0.7630088773188778,0.893219650572975,0.7720883362897449
AST-005101,0.15916627903916067,0.35811910340762093,0.6553278320371448,0.3908710714946421
AST-005102,0.8248002032601601,0.8521005697806986,0.7044105954778116,0.7937704561728901
AST-005103,0.0,0.39498438618613607,0.8532337187329855,0.41607270163970717
AST-005104,0.4539467478835525,0.6329976848494714,0.547956719954934,0.544967050895986
AST-005105,0.5793061017772028,0.28546571364955475,0.5500806421278551,0.47161748585153757
AST-005106,0.3676040319352734,0.06212862192342977,0.8285278528873752,0.41942016891535944
AST-005107,0.051114382489446414,0.6731649431342898,0.6752766446939938,0.4665186567725767
AST-005108,0.4399111260709032,0.31943172334066705,0.7770413317687085,0.5121280603934263
AST-005109,0.3769304641748002,0.565202063090777,0.8952639667413301,0.6124654980023024
AST-005110,0.7288668492184569,0.2892996407897475,0.5405508998847233,0.5195724632976425
AST-005111,0.7220578894672806,0.9792648819525859,0.5445323711590951,0.7486183808596539
AST-005112,0.5714266461583759,0.26814057790795326,0.6335552501518198,0.491040824739383
AST-005113,0.740686840895165,0.7670232483593097,0.7418197348871605,0.7498432747138785
AST-005114,0.8887611174854779,0.881274086823984,0.9069027280230665,0.8923126441108428
AST-005115,0.34691863078271323,0.784237145283812,0.8622675862174884,0.6644744540946713
AST-005116,0.5214485134341839,0.3492966583040204,0.654875561291954,0.5085402443433861
AST-005117,0.0,0.8787630224205139,0.7355986107768958,0.5381205443991366
AST-005118,0.8109835974633249,0.41084209590564735,0.5168566659834956,0.5795607864508227
AST-005119,0.20672052793844956,0.7936629629601359,0.45941492743921797,0.4865994727792679
AST-005120,0.8307597827195351,0.3993303920222784,0.5003105079241946,0.576800227555336
AST-005121,0.634285487516762,0.5452968219584018,0.4284004037068681,0.5359942377273439
AST-005122,0.3428882504049973,0.1276117304427135,0.6228182234128989,0.36443940142020326
AST-005123,0.4688596051196779,0.7841234329170949,0.6296728882777499,0.6275519754381742
AST-005124,0.34088664687478093,0.47383385548328183,0.5259897341324538,0.44690341216350554
AST-005125,0.715674984888801,0.4548258133496766,0.9408599454987584,0.7037869145790787
AST-005126,0.8996575823194364,0.3669412905794128,0.9801658467743495,0.7489215732243997
AST-005127,0.7509934568274381,0.6035670255174747,0.87472303951994,0.7430945072882843
AST-005128,0.7647960579851961,0.47564996373367474,0.5961025242124115,0.6121828486437608
AST-005129,0.8125394955544616,0.49305629851805166,0.9279060558205587,0.744500616631024
AST-005130,0.8453612236538268,0.8526332823744172,0.8632285859551236,0.8537410306611225
AST-005131,0.5414444283832534,0.267593498659811,0.9183149288599077,0.5757842853009907
AST-005132,0.8643827354259548,0.455558975105464,0.9574655418179588,0.7591357507831259
AST-005133,0.0,0.6430418467530784,0.47634812655130526,0.3731299911014612
AST-005134,0.22836217623487493,0.20059319398104758,0.854541113300779,0.4278321611722338
AST-005135,0.5357053041705264,0.6774107460329406,0.988537710683392,0.7338845869622864
AST-005136,0.3754880206352337,0.42519813398319917,0.9799904687159232,0.5935588744447854
AST-005137,0.7843703061253244,0.691335029051193,0.8607047860116093,0.7788033737293757
AST-005138,0.5202122521385774,0.9493085317760701,0.6228469782830746,0.697455920732574
AST-005139,0.20233406159944595,0.4217048050751372,0.910783820631745,0.5116075624354427
AST-005140,0.6986558876814978,0.5872399333068702,0.8490535029072522,0.7116497746318734
AST-005141,0.9352277915498726,0.7587726479398449,0.8707700210748851,0.8549234868548675
AST-005142,0.6721206762232119,0.5135803085882757,0.9036642942974316,0.6964550930363064
AST-005143,0.34209167210177344,0.5454090956361204,0.9516849052737348,0.6130618910038762
AST-005144,0.39593409911778416,0.32685594661515893,0.9677559769001898,0.5635153408777109
AST-005145,0.0,0.5855227194096705,0.7084771123901685,0.431333277266613
AST-005146,0.8358885342814848,0.5844668817453035,0.763028298658783,0.7277945715618571
AST-005147,0.31625401220722854,0.9264361415001003,0.7066971102156299,0.6497957546409863
AST-005148,0.7441893284597488,0.7033825780734163,0.9842386818363325,0.8106035294564992
AST-005149,0.5317803197174168,0.0921271529420796,0.913027860585289,0.5123117777482618
AST-005150,0.6371570674154121,0.5307285938067737,0.8411973603878371,0.6696943405366743
AST-005151,0.8554875037892613,0.8615510045535695,0.9225334189423912,0.879857309095074
AST-005152,0.7345633925182296,0.842555960188512,0.9454856445107316,0.8408683324058245
AST-005153,0.3262053685728721,0.8018674602932995,0.9741349362273343,0.7007359216978353
AST-005154,0.36912991362200287,0.2708578417613697,0.921916738128616,0.5206348311706629
AST-005155,0.5976644173111042,0.11188693005794453,0.6417172866099786,0.45042287799300906
AST-005156,0.6266457230668228,0.6468988663037682,0.3945551670099175,0.5560332521268362
AST-005157,0.3589534613181304,0.5720933401178587,0.7710452785220647,0.5673640266526846
AST-005158,0.3421364703374692,0.2740752474304713,0.6563538066112113,0.4241885081263839
AST-005159,0.822591538246236,0.5501488105471853,0.9021074128701869,0.7582825872212027
AST-005160,0.399574269226429,0.6372200719982084,0.7645637744166789,0.6004527052137721
AST-005161,0.8743267227265896,0.041191814588515153,0.6917352217753249,0.5357512530301433
AST-005162,0.7478939209726843,0.6086180388190491,0.9310110883008671,0.7625076826975334
AST-005163,0.2491948429843368,0.1300357785550776,0.8881636834326946,0.42246476832403634
AST-005164,0.8835366684206744,0.7514070180795575,0.41626521164908986,0.6837362993831072
AST-005165,0.8488616240085471,0.8364200650756684,0.6375488194745924,0.7742768361862694
AST-005166,0.893686442997049,0.7412134343957812,0.6021529718631058,0.745684283085312
AST-005167,0.47779739766334545,0.8110011805089916,0.5065380066639386,0.5984455282787585
AST-005168,0.41782099393670435,0.10001829847081242,0.5997877345451218,0.3725423423175462
AST-005169,0.5708095656457888,0.7320905721193574,0.4832019757434557,0.5953673711695339
AST-005170,0.8917573891335305,0.8830053234941823,0.924223064081438,0.8996619255697169
AST-005171,0.4218045794316494,0.7993818761546536,0.5810939182487768,0.6007601246116933
AST-005172,0.6473419697855033,0.5385506902857843,0.8148150829230463,0.6669025809981113
AST-005173,0.6533317369431741,0.3615831025929016,0.560004203007449,0.5249730141811749
AST-005174,0.0,0.4418755835134918,0.6625122720388297,0.36812928518410715
AST-005175,0.7928178867414115,0.396479423540265,0.9338407628340502,0.7077126910385756
AST-005176,0.5173492539735007,0.32936337496288026,0.7219054175119954,0.5228726821494588
AST-005177,0.6631963508684997,0.4629417727967162,0.809304987384247,0.6451477036831543
AST-005178,0.8213119620197078,0.65383444996016,0.5718682150324131,0.6823382090040937
AST-005179,0.7116856659067246,0.8022169009785117,0.9859207632595066,0.833274443381581
AST-005180,0.5064582444910362,0.34090698118452784,0.3794652366916445,0.4089434874557361
AST-005181,0.5210661536361788,0.4296242097954676,0.7293496267772516,0.5600133300696326
AST-005182,0.843348346852981,0.7880509476857116,0.8000981438426003,0.8104991461270976
AST-005183,0.47342765497731026,0.7030132827864898,0.228676940771107,0.4683726261783024
AST-005184,0.564647959844388,0.4131079850094134,0.8421782165132831,0.6066447204556948
AST-005185,0.8159876699674034,0.74363542858395,0.7214835706512901,0.7603688897342146
AST-005186,0.6366762549557495,0.6376195590040802,0.9571647103701559,0.743820174776662
AST-005187,0.49471487828620114,0.8572493885893053,0.9705964598665356,0.7741869089140141
AST-005188,0.9542861623550764,0.1395176519653783,0.9557603557215825,0.6831880566806791
AST-005189,0.39757229484595247,0.1544765327772962,0.6031146576865959,0.38505449510328155
AST-005190,0.40732174607082244,0.39850879689701935,0.941153449390286,0.5823279974527092
AST-005191,0.1967128316875522,0.3831141515359739,0.8970917613402072,0.4923062481879111
AST-005192,0.1727184306650467,0.383753173283625,0.8012386012320372,0.4525700683935696
AST-005193,0.2673844866200131,0.9497632605540972,0.15445275512480025,0.4572001674329702
AST-005194,0.8247863154184899,0.9074513712230609,0.842647754252695,0.8582951469647485
AST-005195,0.46358513207490337,0.8766474063556339,0.8928734477771355,0.7443686620692244
AST-005196,0.0,0.25696939994561524,0.9392144307901501,0.39872794357858843
AST-005197,0.788864977273181,0.8812093045684176,0.5965360964398073,0.7555367927604686
AST-005198,0.30867572115894687,0.32050008952022835,0.6264517901299216,0.41854253360303223
AST-005199,0.7816495198653906,0.3767303329908211,0.8738464292350773,0.6774087606970963
AST-005200,0.4427459204173861,0.18941815156957575,0.7531323869866079,0.46176548632452324
AST-005201,0.4799436888222819,0.9496266311402075,0.7234206843221545,0.7176636680948812
AST-005202,0.9298262422189187,0.8675286060937579,0.8031954529685962,0.866850100427091
AST-005203,0.707252877346152,0.7239163945168896,0.9048108095094868,0.7786600271241761
AST-005204,0.5100816330119136,0.5983953521576325,0.6724474104008338,0.5936414651901266
AST-005205,0.48230688441997227,0.5071918644419676,0.9117314594796652,0.633743402780535
AST-005206,0.6348884112989087,0.11037596073748424,0.0754042601662532,0.2735562107342154
AST-005207,0.8782450284823774,0.20610133272366293,0.9225978186159155,0.6689813932739853
AST-005208,0.8679190295272206,0.559685473827852,0.8394364796948617,0.7556803276833115
AST-005209,0.6757883108233066,0.5716681002386264,0.42363621610537683,0.5570308757224366
AST-005210,0.9490629862327868,0.8468363412205043,0.9919770821533529,0.929292136535548
AST-005211,0.4214751226409592,0.9171772239019855,0.9705792841542418,0.7697438768990622
AST-005212,0.7917606121105303,0.4428428188366201,0.8697947092353813,0.7014660467275106
AST-005213,0.9795509394995383,0.4760726183028812,0.6863325202604007,0.7139853593542734
AST-005214,0.5131957020140224,0.1704877370530646,0.5507067673224469,0.41146340212984467
AST-005215,0.4836045691463207,0.6811026289452389,0.769027387736274,0.6445781952759445
AST-005216,0.704809714259982,0.6079615694220513,0.5429270785296425,0.6185661207372252
AST-005217,0.8439906799009554,0.9796241686544865,0.9956303333234221,0.9397483939596213
AST-005218,0.6752137011350307,0.37493602764247286,0.18362977158800142,0.41125983345516826
AST-005219,0.6587483200758523,0.7321343166845623,0.6879049027848957,0.6929291798484368
AST-005220,0.0,0.24944814251804137,0.843349291662083,0.36426581139337477
AST-005221,0.5774598665428022,0.5990820116644279,0.6168701159542685,0.5978039980538329
AST-005222,0.0,0.4764263660028862,0.9788467173019387,0.48509102776827495
AST-005223,0.26242082202701833,0.1541884118625055,0.8013176135582916,0.40597561581593844
AST-005224,0.548823821005221,0.6689134053750828,0.949852204570574,0.7225298103169594
AST-005225,0.35231984906814795,0.7309132625960454,0.7063242579569441,0.5965191232070458
AST-005226,0.7335876138952737,0.5692198740315653,0.5177085349847729,0.6068386743038706
AST-005227,0.7645834029949573,0.20472418630888756,0.5753570986577817,0.5148882293205422
AST-005228,0.48030755953139204,0.5104175278054962,0.9427980226004714,0.6445077033124532
AST-005229,0.9820382730389373,0.8371309533532337,0.62201008181437,0.8137264360688471
AST-005230,0.4743668352133472,0.6672852746672877,0.6943660615936603,0.6120060571580984
AST-005231,0.9515476397709935,0.5917045727513269,0.9880505634441877,0.843767591988836
AST-005232,0.42556183616242027,0.6685786520832242,0.9685076722211756,0.6875493868222734
AST-005233,0.0,0.8698631899433074,0.8643765379711714,0.5780799093048262
AST-005234,0.5991747892384938,0.8352324567910456,0.7451335931400124,0.7265136130565173
AST-005235,0.27379396318233035,0.2271842010970276,0.3236927532024529,0.27489030582727025
AST-005236,0.7110457461746224,0.6505168711774187,0.7399793500498468,0.7005139891339627
AST-005237,0.72102689421925,0.7574842052877307,0.9599901518405021,0.812833750449161
AST-005238,0.8338800826601512,0.7671222043138248,0.9595679191688222,0.8535234020475994
AST-005239,0.5362658665869574,0.6271466758833129,0.9788585794071646,0.714090373959145
AST-005240,0.48145580069220495,0.7873921661480997,0.8119714693790778,0.6936064787397941
AST-005241,0.8431166858872294,0.7806446692006981,0.2623359472614485,0.6286991007831254
AST-005242,0.6013644958777288,0.6474096190036769,0.8464160513340514,0.698396722071819
AST-005243,0.8669758875206859,0.825336038626697,0.6822073489429508,0.7915064250301113
AST-005244,0.8018267297625784,0.6806431142290756,0.9331868274220851,0.8052188904712464
AST-005245,0.691458446513954,0.33175488880130133,0.70027607789835,0.5744964710712018
AST-005246,0.629081763328444,0.7490063107431503,0.873957423335397,0.750681832468997
AST-005247,0.24209186007540695,0.5674987648995204,0.8671059505893141,0.5588988585214137
AST-005248,0.2755924614532375,0.8187193646945807,0.3464794909878249,0.48026377237854767
AST-005249,0.0,0.7502788840842256,0.6511406979832257,0.4671398606891504
AST-005250,0.0,0.2066602713983197,0.8434557099805875,0.3500386604596357
AST-005251,0.0,0.32869854673556403,0.46277159253101513,0.2638233797555264
AST-005252,0.7204533799411481,0.7893729463180483,0.9698938354720865,0.826573387243761
AST-005253,0.3711413631621881,0.6624592863823844,0.7472327848921433,0.5936111448122386
AST-005254,0.0,0.20823089776997566,0.8421459300054777,0.3501256092584844
AST-005255,0.7697293342226894,0.6988986405013997,0.9883254605406213,0.8189844784215702
AST-005256,0.6267457326083832,0.310923460684826,0.7518956077723743,0.5631882670218612
AST-005257,0.23116995972184423,0.8576146171188046,0.7720798566078413,0.62028814448283
AST-005258,0.0,0.6799578663211804,0.6874185786920775,0.45579214833775267
AST-005259,0.7042329906563063,0.48682267766575316,0.619615423657563,0.6035570306598741
AST-005260,0.6689123699950231,0.3769453459976801,0.7478865259016386,0.5979147472981139
AST-005261,0.7863031885769824,0.311826014254995,0.709341037208393,0.6024900800134568
AST-005262,0.0,0.8767650905412753,0.8245361209112764,0.5671004038175173
AST-005263,0.0,0.38893718071582795,0.6044051478218753,0.33111410951256776
AST-005264,0.5884860774717597,0.7320768205653397,0.9984206213405203,0.7729945064592066
AST-005265,0.3685283482959757,0.9237465224187617,0.4251312956370437,0.5724687221172603
AST-005266,0.5255469097158193,0.8709686431114607,0.7024755936904532,0.699663715505911
AST-005267,0.5645614095630893,0.6568860588965181,0.8250428257995815,0.6821634314197297
AST-005268,0.42543187026847645,0.22114933873518702,0.9917101164723858,0.5460971084920164
AST-005269,0.46694646401340817,0.7802125143006453,0.8548036607749829,0.7006542130296788
AST-005270,0.7881574980876964,0.570364549694824,0.7873696457131806,0.7152972311652337
AST-005271,0.8242409499858363,0.6507718592932872,0.9167997806582651,0.7972708633124629
AST-005272,0.4234005073008645,0.6276978529008599,0.6641840490365751,0.5717608030794331
AST-005273,0.371784280003595,0.8233279881344623,0.6960486717811435,0.6303869799730669
AST-005274,0.364825651613242,0.719262518764847,0.8465337565101984,0.6435406422960958
AST-005275,0.0,0.16543752946449788,0.8646833974135331,0.343373642292677
AST-005276,0.6869150241568093,0.5514484222891733,0.5799918157846468,0.606118420743543
AST-005277,0.4017619969582319,0.6099650825736509,0.3842442121106526,0.4653237638808452
AST-005278,0.6570499190929335,0.35153946917333984,0.16260322591767598,0.39039753806131644
AST-005279,0.6974307947843926,0.7968579037817856,0.9805488706135502,0.8249458563932429
AST-005280,0.7435702135753083,0.6658794994999481,0.6906248934182082,0.7000248688311549
AST-005281,0.9075582732328683,0.6895965690205713,0.9985120167212534,0.8652222863248977
AST-005282,0.8328007541252315,0.7029255372422035,0.9703312959156759,0.8353525290943703
AST-005283,0.8769505525028752,0.5150870827165929,0.6123463418415876,0.6681279923536853
AST-005284,0.16748463681976442,0.5759204674155779,0.9554887515432884,0.5662979519262102
AST-005285,0.7560039509080112,0.9769645893337433,0.8301239957287,0.8543641786568181
AST-005286,0.4165354427389206,0.27054272805693325,0.8471584431482398,0.5114122046480313
AST-005287,0.787089118208019,0.4847568539823943,0.773359265753718,0.6817350793147104
AST-005288,0.47827646025550796,0.5438755017785416,0.7567334035428326,0.5929617885256274
AST-005289,0.3463383053496185,0.8110842370911386,0.5295449148291019,0.5623224857566197
AST-005290,0.5209763149234413,0.6969424144007578,0.6931837086326025,0.6370341459856005
AST-005291,0.8507721587803653,0.2878878728480856,0.6480792616672384,0.5955797644318964
AST-005292,0.7363190852931548,0.7014676239761105,0.9723522599158397,0.803379656395035
AST-005293,0.0,0.3662975258136639,0.8354200192950428,0.4005725150362356
AST-005294,0.580740442973633,0.7869738223146461,0.9281413225046989,0.7652851959309928
AST-005295,0.3854363792880767,0.22509770547437902,0.415570931560868,0.34203500544110793
AST-005296,0.7155245758673472,0.26318137151446175,0.7619450893810054,0.5802170122542715
AST-005297,0.7001803083589953,0.6481602917224616,0.33799735934350816,0.562112653141655
AST-005298,0.0,0.31931220014721917,0.9549118956154865,0.42474136525423517
AST-005299,0.6228273986055233,0.7830699512428422,0.6731982878720519,0.6930318792401392
AST-005300,0.26803869163104427,0.6514122530231252,0.689442144057996,0.5362976962373884
AST-005301,0.7593193097867533,0.285748106583547,0.6906619878589495,0.5785764680764166
AST-005302,0.5273271519706907,0.6702278740393933,0.41566873714899544,0.5377412543863599
AST-005303,0.2847070758606255,0.49843428796910993,0.8490679539249185,0.5440697725848846
AST-005304,0.4875580353549495,0.44879118743244006,0.846035387564527,0.5941282034506389
AST-005305,0.0,0.5853556929606961,0.7644283428738636,0.44992801194485327
AST-005306,0.5204548674298105,0.6842023279335573,0.79780439677371,0.667487197379026
AST-005307,0.9476584713021741,0.9093430718976225,0.9432149762164949,0.9334055064720972
AST-005308,0.761232471262549,0.8885832034322816,0.5730143326659419,0.7409433357869242
AST-005309,0.48083656209409287,0.5390870286531493,0.9677670480748393,0.6625635462740271
AST-005310,0.872070735967934,0.3145642684493572,0.7219586922416347,0.6361978988863086
AST-005311,0.37879013276401174,0.3280802143076511,0.4767899777545909,0.3945534416087513
AST-005312,0.3977945180734212,0.35107545328063666,0.3910930572475612,0.3799876762005397
AST-005313,0.6817522051433292,0.79140996146483,0.5757215777424487,0.6829612481168693
AST-005314,0.8410641624532141,0.3305549631530553,0.3958573826612806,0.5224921694225168
AST-005315,0.9513375986685153,0.6536463030443014,0.9697116561675008,0.8582318526267724
AST-005316,0.5553760592543241,0.7129701390944226,0.9621542887849959,0.7435001623779142
AST-005317,0.7392087674051845,0.7693848548725672,0.9634491542535192,0.824014258843757
AST-005318,0.40322576743742383,0.4583306944669535,0.9137009610678201,0.5917524743240659
AST-005319,0.5710005641989669,0.6933938742572268,0.6487321071094541,0.6377088485218826
AST-005320,0.8458131152563138,0.8560805403259217,0.9771777544237861,0.8930238033353405
AST-005321,0.715207601248585,0.4202625196519023,0.9459052784692215,0.6937917997899028
AST-005322,0.7072233112222445,0.40177379470105024,0.6492462073646414,0.586081104429312
AST-005323,0.572224073836722,0.5816733612614836,0.6168037556346729,0.5902337302442929
AST-005324,0.6883201488719519,0.3337092078838159,0.8813965523128459,0.6344753030228713
AST-005325,0.7297431984478986,0.48106733349794556,0.8231721108015111,0.6779942142491184
AST-005326,0.0,0.82923486812151,0.6717015430378965,0.5003121370531355
AST-005327,0.8809877008410201,0.883702181550619,0.9121120968723394,0.8922673264213262
AST-005328,0.11634981745613508,0.4680012962227949,0.9608103136887307,0.5150538091225535
AST-005329,0.9176124070251377,0.623035726514518,0.5364075498373305,0.6923518944589954
AST-005330,0.592774091140568,0.5325557969554704,0.48156681441543187,0.5356322341704901
AST-005331,0.34659330631063767,0.4176176121927652,0.25063676681556163,0.33828256177298816
AST-005332,0.6537138126226744,0.45687666912854447,0.6457180993812728,0.5854361937108306
AST-005333,0.6167780899264126,0.5729872418199512,0.7066414974097319,0.6321356097186985
AST-005334,0.7912390643294919,0.6893815412219242,0.9641091965808445,0.814909934044087
AST-005335,0.0,0.272178059503569,0.9824608406996663,0.41821296673441183
AST-005336,0.12838772715072164,0.3749207618931815,0.799521790454786,0.43427675983289643
AST-005337,0.6390564981547745,0.3370596603546209,0.8959425025446763,0.6240195536846905
AST-005338,0.7843903202441515,0.3586204590009744,0.706783714342525,0.616598164529217
AST-005339,0.0,0.4913352034358685,0.6945558406950039,0.3952970147102908
AST-005340,0.18131332737957556,0.5889129845234151,0.8950174480844988,0.5550812533291631
AST-005341,0.6798450674705561,0.4345362309344053,0.9517896655937268,0.6887236546662295
AST-005342,0.678382154224323,0.7817870105705741,0.9632439558675658,0.8078043735541544
AST-005343,0.4293379108164711,0.4080153746132343,0.696468370804221,0.5112738854113088
AST-005344,0.4120004954460678,0.7203525323636739,0.3895273116317089,0.5072934464804836
AST-005345,0.5233218689931418,0.41535649090290483,0.9953387235659468,0.6446723611539978
AST-005346,0.11214619946041618,0.649008012324342,0.8320494849149956,0.5310678988999179
AST-005347,0.4210523336468997,0.2587039532143015,0.8771537010197251,0.5189699959603088
AST-005348,0.2929487451392642,0.8682774209674892,0.8776044803217126,0.6796102154761553
AST-005349,0.7900553180975597,0.8529922340780809,0.801180734043997,0.8147427620732125
AST-005350,0.5048978782353832,0.4248170771217001,0.5225073193606612,0.48407409157258147
AST-005351,0.6294083021969029,0.6075723297518895,0.25901025511069975,0.4986636290198307
AST-005352,0.48211907094904743,0.1234478537518103,0.47459042818555147,0.3600524509621364
AST-005353,0.9766713875981516,0.40794934474169064,0.6430038315178841,0.675874854619242
AST-005354,0.3436961871529882,0.6138764227756601,0.769972680023858,0.5758484299841687
AST-005355,0.16453401411070495,0.5522113500474976,0.4299032937041533,0.3822162192874519
AST-005356,0.5377650300549862,0.5184037688493686,0.8771414950390718,0.6444367646478089
AST-005357,0.862485284386029,0.8602719324626152,0.9817361836513001,0.9014978001666482
AST-005358,0.0,0.46924392970322426,0.9573954344094058,0.47554645470421003
AST-005359,0.0,0.4483849760299414,0.38232107489181966,0.2769020169739203
AST-005360,0.9274499175170298,0.4550112713969112,0.9233238095730906,0.7685949994956772
AST-005361,0.24070460243745495,0.38595525709080153,0.9699016331094272,0.5321871642125612
AST-005362,0.6723386388120594,0.33681761546757205,0.7852825140832103,0.5981462561209473
AST-005363,0.8052167459325786,0.736323864354339,0.9232001338610039,0.8215802480493073
AST-005364,0.0,0.9136629899838346,0.9138379145152112,0.6091669681663486
AST-005365,0.850520305029801,0.6466569283751537,0.8905769737280735,0.7959180690443427
AST-005366,0.8335736851525121,0.45150257389880855,0.453051452823058,0.5793759039581262
AST-005367,0.7832325672887008,0.6080104531044345,0.5190732118742616,0.6367720774224657
AST-005368,0.9070387908719493,0.5453207280081087,0.9640001895708504,0.8054532361503028
AST-005369,0.35232630436625106,0.4626882155670483,0.8363081859510231,0.5504409019614408
AST-005370,0.6843927362522909,0.7338228290109869,0.9389423983362882,0.7857193211998554
AST-005371,0.8170739036761011,0.37486350214858694,0.44070143868778444,0.5442129481708241
AST-005372,0.5622552864355316,0.8610924412725608,0.9858730626888838,0.803073596798992
AST-005373,0.6152989368842388,0.7456753540683401,0.4680840820353398,0.6096861243293062
AST-005374,0.6401606381087719,0.5272439813517333,0.651459574536272,0.6062880646655925
AST-005375,0.11612084941502897,0.5167104221198408,0.9708668531273058,0.5345660415540585
AST-005376,0.83427518242086,0.6472998496904483,0.8310087939805384,0.7708612753639489
AST-005377,0.6342215491093001,0.46073909419373,0.5367542680652737,0.5439049704561013
AST-005378,0.8119034522946809,0.6015618358435318,0.48873333345755776,0.6340662071985902
AST-005379,0.6986251587931781,0.4998466434898554,0.7077422770446931,0.6354046931092422
AST-005380,0.6921837640666021,0.6066012051515339,0.9237454656396378,0.7408434782859246
AST-005381,0.5372888258388123,0.618608320992395,0.5976220104833211,0.5845063857715095
AST-005382,0.17417354853137076,0.6525986760359489,0.6773224142412629,0.5013648796028609
AST-005383,0.0,0.6646051091029165,0.9156911755669,0.5267654282232722
AST-005384,0.5349727569578306,0.3409323685545312,0.7195582055611469,0.5318211103578362
AST-005385,0.3809408507446799,0.22068896251396522,0.31263382148740076,0.30475454491534865
AST-005386,0.6246875801516009,0.5087344864210257,0.9446421839442044,0.6926880835056103
AST-005387,0.840071222180055,0.8148582108665906,0.8847600910611255,0.8465631747025905
AST-005388,0.0,0.886115411866438,0.8405421478610925,0.5755525199091768
AST-005389,0.7093828973365077,0.12021178701647327,0.5198139952084345,0.4498028931871385
AST-005390,0.5988799338617624,0.9109532648896547,0.7630233138574155,0.7576188375362776
AST-005391,0.22458672548889522,0.8042486574913913,0.8732138696750142,0.634016417551767
AST-005392,0.7830439806896603,0.18423881175436518,0.9015199602079615,0.6229342508839957
AST-005393,0.28961595911909666,0.5090920296283036,0.8121454293911332,0.5369511393795111
AST-005394,0.357930934040319,0.6969599074199032,0.8505697035384665,0.635153514999563
AST-005395,0.6171758657663236,0.5602397127672334,0.8446110038595024,0.6740088607976865
AST-005396,0.5226217044317657,0.8298153819013191,0.3960380366657539,0.5828250409996129
AST-005397,0.5371003992414357,0.6407433706378166,0.7333040686846254,0.6370492795212925
AST-005398,0.7066512398085292,0.8023067026231917,0.22851735467028186,0.5791584323673342
AST-005399,0.6700721274942473,0.18414541726932745,0.9230409901445725,0.5924195116360491
AST-005400,0.6362235248873254,0.402394291043996,0.49314275582918565,0.5105868572535023
AST-005401,0.8450794772311898,0.5115561584255883,0.8179879470152596,0.7248745275573459
AST-005402,0.0,0.27266281789023367,0.5931915358131923,0.288618117901142
AST-005403,0.5913216857614547,0.42047510129155563,0.8747382359307126,0.628845007661241
AST-005404,0.6437371123630724,0.35508657800045385,0.6485823419162321,0.5491353440932528
AST-005405,0.0,0.445876473699984,0.5004648173957986,0.3154470970319276
AST-005406,0.3551919142129763,0.23197008727297402,0.5569587042683934,0.3813735685847813
AST-005407,0.6422672316855197,0.9091867029787929,0.8083106430087884,0.7865881925577004
AST-005408,0.0,0.8056219183309509,0.45039673356890075,0.41867288396661717
AST-005409,0.3294579084913601,0.563706316189667,0.9685295865749812,0.6205646037520028
AST-005410,0.8136543018164925,0.8818081635864287,0.7696662770438769,0.8217095808155994
AST-005411,0.381404983960766,0.9369640910483501,0.9879621951395318,0.7687770900495493
AST-005412,0.7485564950596115,0.7509901392889932,0.6986873111844387,0.7327446485110145
AST-005413,0.29972342206695113,0.4231621788968853,0.5093971475451415,0.4107609161696593
AST-005414,0.6604837137053139,0.9376530777105138,0.9484592835484246,0.8488653583214174
AST-005415,0.09759354257958996,0.023914411910057703,0.8964880395878123,0.33933199802582
AST-005416,0.8653581249711982,0.35135286749020667,0.5639814721994122,0.593564154886939
AST-005417,0.988859771396448,0.5191368666077616,0.9316938055364227,0.8132301478468774
AST-005418,0.4528574360176967,0.3306790325200051,0.362945391663126,0.38216062006694257
AST-005419,0.6294106712363371,0.6300353570676903,0.6328844367879733,0.6307768216973336
AST-005420,0.4618833486271793,0.6745568468475268,0.6318440207906076,0.5894280720884378
AST-005421,0.0,0.5578057136441168,0.7094166628452364,0.4224074588297844
AST-005422,0.7058902202069012,0.9279602739703958,0.9387891792602722,0.8575465578125231
AST-005423,0.6402197263768308,0.25641809973200563,0.9652886581619611,0.6206421614235992
AST-005424,0.0,0.7148575222076343,0.9245044089853661,0.5464539770643335
AST-005425,0.6382655980182771,0.828500905696432,0.9705804981225681,0.8124490006124256
AST-005426,0.24397117321812978,0.4208450059970996,0.5091879748170771,0.39133471801076886
AST-005427,0.24065966871074274,0.408634663087906,0.39393579315987715,0.34774337498617536
AST-005428,0.5267762472899252,0.9179885081924042,0.9701440297120737,0.8049695950648009
AST-005429,0.7708812568474108,0.325841196325908,0.7489479788769714,0.6152234773500967
AST-005430,0.5091377585156966,0.8150881832495454,0.7680984456674056,0.6974414624775491
AST-005431,0.7939398413113157,0.6421524479930699,0.9146034192504386,0.7835652361849416
AST-005432,0.0,0.6764252639568652,0.8846242928892047,0.5203498522820232
AST-005433,0.6391602722929483,0.4065634930299229,0.5894481217444154,0.5450572956890954
AST-005434,0.6737771619955948,0.7276876218337127,0.773574580946743,0.7250131215920169
AST-005435,0.12479921153688965,0.6438402083960048,0.9957975699497191,0.5881456632942045
AST-005436,0.32124327271657405,0.36784640913869987,0.5595041306787403,0.41619793751133805
AST-005437,0.8638919048062141,0.6851205673749394,0.6218787347197788,0.7236304023003108
AST-005438,0.6107746116618206,0.7369744274943962,0.8647307863300676,0.7374932751620947
AST-005439,0.5207250001851684,0.8371837037711829,0.8474738782185687,0.73512752739164
AST-005440,0.745783043694543,0.6605317115161781,0.8923742088226793,0.7662296546778001
AST-005441,0.6494577685471261,0.5470624094520041,0.9322887961875853,0.7096029913955718
AST-005442,0.5146090967253372,0.656760876025547,0.8405225020953476,0.6706308249487439
AST-005443,0.5216781819717164,0.7676282517135669,0.8993559776788054,0.7295541371213629
AST-005444,0.6314721322832154,0.4471392928616269,0.7382801850756878,0.6056305367401768
AST-005445,0.7962788762202916,0.6575967018844471,0.8129635608264209,0.7556130463103865
AST-005446,0.4849316716241266,0.38849252841323645,0.7659253576173822,0.5464498525515817
AST-005447,0.18224541643761843,0.19791627613025445,0.9948893615371687,0.4583503513683472
AST-005448,0.5506669168073435,0.21064428318002848,0.0868203123075161,0.282710504098296
AST-005449,0.46289900572460646,0.2554119193223778,0.5090708996104626,0.40912727488581563
AST-005450,0.5332134012106686,0.7993002674019933,0.6569523190726543,0.6631553292284388
AST-005451,0.3269365461643669,0.11765612835349884,0.8410190814039945,0.4285372519739534
AST-005452,0.8767571077631703,0.6620469995459376,0.8600181478190396,0.7996074183760492
AST-005453,0.49084758363743686,0.29217547189881526,0.6958994426824984,0.49297416607291683
AST-005454,0.3654606782011771,0.33319777954010005,0.46894195850877896,0.38920013875001863
AST-005455,0.5191830818213173,0.6223021872986472,0.42375060794144187,0.5217452923538021
AST-005456,0.8646119456359728,0.8604365222639279,0.4966816660595621,0.7405767113198211
AST-005457,0.3114365995545315,0.38853996800529333,0.4238665758154235,0.3746143811250828
AST-005458,0.5199108904361809,0.6207375672120437,0.8963387010337358,0.6789957195606534
AST-005459,0.7735306446159941,0.15492434039574865,0.9292208563804092,0.6192252804640507
AST-005460,0.8297673436519682,0.5205268200869074,0.7963703608890617,0.7155548415426458
AST-005461,0.6710654375451459,0.3304108167467752,0.7399099297373577,0.580462061343093
AST-005462,0.7322931412048532,0.5016816752033019,0.5212761916312227,0.5850836693464593
AST-005463,0.6973221751891727,0.5663961195951773,0.7286718189440629,0.664130037909471
AST-005464,0.6986746948431648,0.7353927036535108,0.39439607077860367,0.6094878230917598
AST-005465,0.7901142259373432,0.5720506796878485,0.546249741261062,0.6361382156287512
AST-005466,0.5386838016442547,0.1385235666247024,0.7573015614386837,0.47816964323588024
AST-005467,0.492645350754599,0.3403797933848364,0.3800172397772192,0.40434746130555155
AST-005468,0.640876081110312,0.22307331624115442,0.9480429130624254,0.6039974368046307
AST-005469,0.40185624129036823,0.15513273311398484,0.7990860447348561,0.45202500637973636
AST-005470,0.7593925020463249,0.7535745763429443,0.8333070203404359,0.782091366243235
AST-005471,0.7038826800084974,0.6297575964356771,0.9656755799562006,0.766438618800125
AST-005472,0.4702163363240297,0.6255116505501431,0.7682427996305463,0.621323595501573
AST-005473,0.733231687687058,0.7419927342042693,0.8599930862103274,0.7784058360338849
AST-005474,0.5104633613957815,0.8535927400919568,0.23308120864948975,0.532379103379076
AST-005475,0.8789715324248463,0.5441258495108445,0.8168232927715948,0.7466402249024285
AST-005476,0.6822334740156738,0.4657182918617731,0.927757613138288,0.6919031263385783
AST-005477,0.4203585047990446,0.5580234497997968,0.8350270221534573,0.6044696589174329
AST-005478,0.8020874873008036,0.8555251341860811,0.7779292181440537,0.8118472798769795
AST-005479,0.6419677296686271,0.6291221884805219,0.835861352443866,0.7023170901976717
AST-005480,0.3663908458584086,0.8831851673039919,0.9676355109072278,0.7390705080232095
AST-005481,0.6340478013081583,0.5608683811754283,0.9688438986240088,0.7212533603691984
AST-005482,0.6083184069412718,0.836530560190419,0.9371227576473192,0.7939905749263367
AST-005483,0.8852826393009952,0.3176002907848288,0.6053527185754091,0.602745216220411
AST-005484,0.07130180881066586,0.7413463647168288,0.8420358422699107,0.551561338599135
AST-005485,0.33634844319360535,0.5711069758841023,0.18424290150998082,0.36389944019589615
AST-005486,0.5264863462044772,0.6297691774628851,0.5085364442399793,0.5549306559691138
AST-005487,0.41756681043162874,0.7711533784915261,0.9924858537156335,0.7270686808795962
AST-005488,0.31904871026634807,0.7088952020497753,0.585346909865904,0.5377636073940092
AST-005489,0.8904675296668418,0.25239394180433544,0.8202439434148169,0.6543684716286647
AST-005490,0.2042434413113389,0.8095583344375049,0.634989738840132,0.5495971715296586
AST-005491,0.36479246712059366,0.4431367280967024,0.8497217476924387,0.5525503143032449
AST-005492,0.8245934558151964,0.38202185546074113,0.310369231281078,0.5056615141856718
AST-005493,0.6977203405303879,0.6995254263695078,0.7617587938763072,0.7196681869254009
AST-005494,0.0,0.7512464857599385,0.8446501568806114,0.53196554754685
AST-005495,0.6788916670094834,0.6978963190182284,0.9459763243661499,0.7742547701312872
AST-005496,0.0,0.4060502835770219,0.6560882554400458,0.3540461796723559
AST-005497,0.9054382588774633,0.4523666478787657,0.7019317400771345,0.686578882277788
AST-005498,0.6584754133948137,0.5212105280290114,0.9532990187891077,0.7109949867376443
AST-005499,0.7468678741342955,0.3308983093688488,0.5491439081308243,0.5423033638779895
AST-005500,0.5904144403996237,0.710037620750279,0.6833385574611861,0.6612635395370295
AST-005501,0.20875046138193962,0.24259850917370215,0.8866936821844859,0.44601421758004256
AST-005502,0.5043999660215411,0.30361373189523355,0.9126579832175512,0.5735572270447753
AST-005503,0.5589898316954084,0.37784768131169966,0.718726399005316,0.5518546373374748
AST-005504,0.7174726525019504,0.4974974929598314,0.9924582720248242,0.7358094724955353
AST-005505,0.21665472218378512,0.12253105376533767,0.9725067461525407,0.4372308407005545
AST-005506,0.0,0.5880512733847545,0.6070936430638187,0.3983816388161911
AST-005507,0.5245455806648528,0.704528122677299,0.6327033317396513,0.6205923450272677
AST-005508,0.49252010420215275,0.5447122480335675,0.3911867519247017,0.47613970138680733
AST-005509,0.552689012211693,0.833917599270686,0.9032173928664223,0.7632746681162671
AST-005510,0.11016297966555977,0.5049794040136766,0.2620491255720255,0.2923971697504206
AST-005511,0.0,0.4398882020764964,0.7683588320725243,0.40274901138300695
AST-005512,0.8298816359881318,0.4789720903396559,0.37428296791781873,0.5610455647485355
AST-005513,0.7896999855731224,0.3576996782063582,0.9913499165071963,0.7129165267622256
AST-005514,0.7901731313593243,0.6629050185463248,0.683677726254036,0.7122519587198951
AST-005515,0.5464252800447338,0.7466248813932629,0.85500132423906,0.7160171618923522
AST-005516,0.7611957654672203,0.4431786483643659,0.8501748844952686,0.6848497661089515
AST-005517,0.5435051914289134,0.5857045537646134,0.5687701055969506,0.5659932835968258
AST-005518,0.540315880122006,0.5592916309733381,0.9148881008567973,0.6714985373173805
AST-005519,0.4383875487759428,0.7610940475671912,0.9857232253599947,0.7284016072343763
AST-005520,0.6911603362353,0.3936387297390422,0.943876205663385,0.6762250905459091
AST-005521,0.09762123969904955,0.6481384871246753,0.9424046186273066,0.5627214484836771
AST-005522,0.5722734413884892,0.8509783217378499,0.7562903499119933,0.726514037679444
AST-005523,0.28967507804939535,0.5783679937290651,0.8274175874187896,0.56515355306575
AST-005524,0.42819718944350776,0.25433233250227555,0.8934169407725914,0.5253154875727916
AST-005525,0.39988356418213283,0.6777689670050635,0.46603595120830904,0.5145628274651685
AST-005526,0.5935313835485859,0.5269914521209724,0.1192389478391281,0.4132539278362288
AST-005527,0.9613626384854121,0.6812475558888038,0.7170746797892555,0.7865616247211572
AST-005528,0.8050745880264477,0.8666436714287188,0.8290351039800365,0.8335844544784011
AST-005529,0.5941847331490151,0.8491596288569085,0.8096254371701437,0.7509899330586891
AST-005530,0.6097094204860682,0.3118526235211859,0.8459072619424245,0.5891564353165596
AST-005531,0.7908878738310708,0.8455976775298338,0.9777195802516992,0.8714017105375347
AST-005532,0.7452089866683541,0.587566789471546,0.6558095904265457,0.662861788855482
AST-005533,0.6773086928668807,0.6348938419183103,0.9533433830326096,0.7551819726059334
AST-005534,0.6781232711917698,0.5402781602710578,0.9123162508662311,0.7102392274430196
AST-005535,0.45713058417375635,0.6542407292850665,0.6521839505749469,0.5878517546779233
AST-005536,0.7138713502541505,0.31165145091597357,0.8695296383459067,0.6316841465053437
AST-005537,0.25997368246769,0.37644396745725056,0.4072977624104597,0.3479051374451334
AST-005538,0.8100860049108727,0.610609763260239,0.966329373314667,0.7956750471619262
AST-005539,0.5317896021507101,0.36301555003760494,0.7870068851540787,0.5606040124474646
AST-005540,0.0,0.10329686982903198,0.3136150630828965,0.13897064430397615
AST-005541,0.6030202805595941,0.6588904129164758,0.9029708321144196,0.7216271751968298
AST-005542,0.4718904263440033,0.6599352046549409,0.9425132335274533,0.6914462881754658
AST-005543,0.7828676293256234,0.8797436303235029,0.9415091337236866,0.868040131124271
AST-005544,0.7036560241805774,0.5857134224973911,0.2489604776585263,0.5127766414454983
AST-005545,0.0,0.43199573232299343,0.2701987399581515,0.23406482409371498
AST-005546,0.6164011429379173,0.47943740876092883,0.8393574589733719,0.6450653368907393
AST-005547,0.46685170524931846,0.8890363374727851,0.8417780433077778,0.7325553620099604
AST-005548,0.6775977322684532,0.8555926617870344,0.9671997876496854,0.8334633939017243
AST-005549,0.37923660949634397,0.6713233529529118,0.9729607521325656,0.674506904860607
AST-005550,0.9178399598863362,0.7861226077954234,0.4691431956259406,0.7243685877692334
AST-005551,0.34277018705295026,0.9024446645622773,0.7136746928580977,0.6529631814911084
AST-005552,0.8142482207069883,0.22653512456450717,0.5776847716321059,0.5394893723012004
AST-005553,0.8226784093604104,0.5710587500391986,0.44263477105893206,0.6121239768195136
AST-005554,0.5541574954911649,0.6315551944388541,0.7337050074742346,0.6398058991347512
AST-005555,0.3103390421461235,0.46454055436628117,0.4149184789412707,0.39659935848455846
AST-005556,0.21888509230343578,0.5711067971107258,0.8304548348571589,0.5401489080904401
AST-005557,0.6931835445509594,0.7677500814381585,0.6256916633277442,0.6955417631056208
AST-005558,0.6963640963554663,0.6296363569783484,0.7959392720306641,0.7073132417881595
AST-005559,0.6727622354381373,0.5115267885255492,0.5042359356810441,0.5628416532149102
AST-005560,0.12263849980186023,0.44507457776368503,0.41981037962113854,0.3291744857288946
AST-005561,0.36309925272848687,0.7206267343621895,0.7956244546356291,0.6264501472421018
AST-005562,0.6483376879318155,0.6464731914002066,0.5452645867855577,0.61335848870586
AST-005563,0.8016858612697714,0.6948555013805814,0.9456087583281796,0.8140500403261774
AST-005564,0.0,0.4508978626106338,0.9199516618240019,0.4569498414782119
AST-005565,0.8114797314204606,0.9703559757325528,0.826488098163724,0.8694412684389126
AST-005566,0.46521637085004414,0.7776792329112788,0.9644218513883,0.7357724850498744
AST-005567,0.5501097854839321,0.9788789504175767,0.7071985807603173,0.7453957722206086
AST-005568,0.0,0.56471345185978,0.5693200388915612,0.3780111635837804
AST-005569,0.49713671769521034,0.5645583185499166,0.9713184744272858,0.6776711702241376
AST-005570,0.3676503287786187,0.5871206312316142,0.9794205455626513,0.644730501857628
AST-005571,0.5105003002717496,0.843591939960576,0.7001436707507551,0.6847453036610269
AST-005572,0.7792192232829935,0.7226852067563588,0.9494462559093572,0.8171168953162365
AST-005573,0.7619982865913206,0.7586215637659985,0.9879964846716173,0.8362054450096456
AST-005574,0.5261739855974329,0.10301663082074645,0.5283992690742749,0.3858632951641514
AST-005575,0.0,0.159307943318765,0.8550427595834458,0.3381169009674036
AST-005576,0.40609950934763644,0.7671199824524811,0.7795320252028853,0.6509171723343342
AST-005577,0.4644949249679135,0.7414784475189778,0.8831824835149151,0.6963852853339354
AST-005578,0.6643684748343639,0.8239048976491832,0.8862641190287563,0.7915124971707678
AST-005579,0.5384408363432995,0.3278365989640594,0.9872683632701195,0.6178485995258262
AST-005580,0.5411779935403139,0.9336584462805091,0.7181464117004841,0.7309942838404359
AST-005581,0.6760515571973809,0.5415629039248157,0.6126703609138682,0.6100949406786883
AST-005582,0.554442952048833,0.5350483524915116,0.8909933228111504,0.6601615424504984
AST-005583,0.7836727984328976,0.9508441595971169,0.9799872555650702,0.9048347378650282
AST-005584,0.6930963223077691,0.3241782334607685,0.44288626601324277,0.4867202739272602
AST-005585,0.5411090297971789,0.7025699709029795,0.7977740591943688,0.6804843532981758
AST-005586,0.6128960678183308,0.21595812400420394,0.7640876708992306,0.5309806209072551
AST-005587,0.5519414501575723,0.9847151345629938,0.8678956009495085,0.8015173952233582
AST-005588,0.7198872428181675,0.9605113229876782,0.7232810691010337,0.8012265449689598
AST-005589,0.5930212678805946,0.8469967451891829,0.37163699619186963,0.6038850030872157
AST-005590,0.4264391782123313,0.8081729693081973,0.7577171513104549,0.6641097662769945
AST-005591,0.523194744903186,0.5796733997451952,0.5387579496680489,0.5472086981054768
AST-005592,0.7914557947879983,0.31128249634039323,0.5865122095576476,0.5630835002286797
AST-005593,0.6214980731305718,0.7446931399265045,0.9202220491554121,0.7621377540708295
AST-005594,0.21138541403291355,0.30627574647785677,0.9645164514021226,0.4940592039709643
AST-005595,0.7705861869221774,0.21791516416242793,0.335526740771277,0.44134269728529407
AST-005596,0.0,0.6370495690859704,0.8506780506486704,0.49590920657821363
AST-005597,0.36979130497898194,0.9002232994335556,0.42176807738201916,0.5639275605981856
AST-005598,0.0,0.7323265079244494,0.6336882266170754,0.45533824484717494
AST-005599,0.6458919763383193,0.8750157875876217,0.45638683276189373,0.6590981988959449
AST-005600,0.0,0.41336653082143093,0.5371036850726356,0.31682340529802216
AST-005601,0.0,0.5770866817620539,0.8674566045006935,0.48151442875424916
AST-005602,0.4787996895679381,0.3963549120059428,0.6996032572619405,0.5249192862786072
AST-005603,0.7004432141879843,0.4457105638177464,0.12193208551896244,0.4226952878415644
AST-005604,0.4956795128030841,0.5854921692249401,0.481023545896644,0.520731742641556
AST-005605,0.5067912430163312,0.6569041320622053,0.2922285532663463,0.48530797611496085
AST-005606,0.6790734363836097,0.8009079661378812,0.8633665257738179,0.7811159760984362
AST-005607,0.8295007267557463,0.584055882080808,0.8394920153931186,0.7510162080765577
AST-005608,0.7224679738922762,0.527339806018402,0.6805701133342364,0.643459297748305
AST-005609,0.7214256361547768,0.382591221863772,0.969013101040475,0.6910099863530079
AST-005610,0.6789569251950008,0.657213511052703,0.6934709453149981,0.6765471271875674
AST-005611,0.6623530903886726,0.7448569015369625,0.9911887271483657,0.7994662396913336
AST-005612,0.9066377243685121,0.9826321968285423,0.8996190689378084,0.9296296633782876
AST-005613,0.6061544801391775,0.46214327399074684,0.799329473848488,0.6225424093261375
AST-005614,0.5415066635490058,0.5781827415926594,0.8515188601544031,0.6570694217653562
AST-005615,0.7296269001296708,0.4323477482835817,0.6466415515150318,0.6028720666427615
AST-005616,0.7653628000061117,0.7268630693255782,0.9567854720120456,0.8163371137812452
AST-005617,0.8352954559050543,0.9885322209004195,0.9561945610677598,0.9266740792910779
AST-005618,0.42884417110739964,0.8324575201306847,0.5144539714489178,0.5919185542290007
AST-005619,0.5538331560518613,0.22865490331914887,0.19980688506174904,0.3274316481442531
AST-005620,0.6190225712238345,0.9385519875369613,0.8048691008613231,0.7874812198740396
AST-005621,0.9039982535121894,0.7250675350953596,0.9172334502194192,0.8487664129423228
AST-005622,0.41974748033632797,0.7615731141894181,0.9031499198092183,0.6948235047783214
AST-005623,0.5170084658457776,0.22906181011520937,0.5844547086604532,0.44350832820714675
AST-005624,0.35877742112796185,0.647988509802136,0.6673821359361959,0.5580493556220979
AST-005625,0.7247698170956499,0.11108658392842242,0.7713755333081368,0.5357439781107364
AST-005626,0.8450962440881932,0.8622984055755051,0.5053631666066307,0.7375859387567764
AST-005627,0.8290157363513295,0.7263805377386505,0.9912094903110504,0.8488685881336768
AST-005628,0.355718295044279,0.6481907086429848,0.7909487408587194,0.598285914848661
AST-005629,0.22092282834640634,0.4122033009128994,0.1401793846710061,0.2577685046434373
AST-005630,0.4570675010446614,0.8339565824715447,0.8150273261967719,0.7020171365709927
AST-005631,0.6516707741630766,0.19089917634203293,0.7432656058020408,0.5286118521023835
AST-005632,0.8367058343145104,0.6146449657524474,0.751084914868197,0.7341452383117182
AST-005633,0.5382057066967798,0.5747753299548863,0.9189439816154977,0.677308339422388
AST-005634,0.6342052389889915,0.2540954176227858,0.5761926986417417,0.488164451751173
AST-005635,0.7887951331699127,0.6815770653260206,0.954909930796156,0.8084273764306964
AST-005636,0.903282752448651,0.6446159620481255,0.9392722273437843,0.8290569806135203
AST-005637,0.32265949850215286,0.2578425806127055,0.3695604629859249,0.31668751403359435
AST-005638,0.0,0.46758022581089403,0.19620354799935427,0.22126125793674944
AST-005639,0.31220998294256297,0.45367973832674163,0.6416446081547134,0.46917810980800595
AST-005640,0.3938153258273534,0.24738438306179425,0.28906028780455856,0.3100866655645687
AST-005641,0.3658125605883501,0.6613495235106767,0.9800931124948268,0.6690850655312844
AST-005642,0.4390144926310006,0.5006137735107294,0.4307184716745883,0.45678224593877276
AST-005643,0.38952750166296257,0.5360718198111879,0.6863588366260444,0.5373193860333982
AST-005644,0.8577018283249968,0.321686011252258,0.7102185529043842,0.6298687974938796
AST-005645,0.0,0.5531084664113521,0.945352496569281,0.49948698766021105
AST-005646,0.6232672348834694,0.3937335964914491,0.6462137117667973,0.5544048477139053
AST-005647,0.864212963216032,0.7602267775990115,0.5916335143594709,0.7386910850581714
AST-005648,0.6516344402131063,0.9422279627887548,0.989201916779604,0.8610214399271551
AST-005649,0.7320373428312589,0.8616364741210052,0.3185488039026463,0.63740754028497
AST-005650,0.9582678048456086,0.580335327270922,0.9181908458627286,0.8189313259930864
AST-005651,0.3535935058942848,0.512879504945162,0.7127961847084828,0.5264230651826431
AST-005652,0.0,0.22868236446420298,0.9963217511871679,0.4083347052171236
AST-005653,0.8648114174892426,0.772337409109089,0.9633609004859119,0.8668365756947479
AST-005654,0.7433722391977963,0.6025469802834923,0.5919300350457142,0.6459497515090009
AST-005655,0.2593818198281052,0.6056178789305582,0.7021976126489077,0.5223991038025236
AST-005656,0.7563899116569855,0.4510110676625991,0.8848080335588427,0.6974030042928091
AST-005657,0.7719327089333353,0.5217576131396348,0.9082942461334671,0.7339948560688123
AST-005658,0.6714337774430577,0.6214174465064561,0.7324297916221265,0.6750936718572135
AST-005659,0.0,0.1353532860438636,0.9410267609799763,0.3587933490079466
AST-005660,0.7060840552617028,0.8189227488046744,0.771848727339928,0.7656185104687685
AST-005661,0.5261474227083356,0.4937392642219413,0.9797313309397264,0.6665393392900011
AST-005662,0.9868081970158871,0.8369448894401169,0.9043742943777457,0.90937579361125
AST-005663,0.9645789029322103,0.5333369385978752,0.8346591656607486,0.7775250023969447
AST-005664,0.0,0.9036075314109335,0.9656781730399224,0.623095234816952
AST-005665,0.7848721897185686,0.3791101930598283,0.5761583916845983,0.5800469248209984
AST-005666,0.7021544045496118,0.4539985649824883,0.5418335708365138,0.5659955134562046
AST-005667,0.6449254606500064,0.9613995462015221,0.8705687464421543,0.8256312510978944
AST-005668,0.3449822499953631,0.80804062302592,0.9537363580079334,0.7022530770097388
AST-005669,0.5749315541527171,0.7117156932457113,0.9124483938801662,0.7330318804261982
AST-005670,0.757060805868149,0.9887975515051936,0.9927756039878232,0.9128779871203886
AST-005671,0.6915455757591951,0.7282648608269422,0.8828279450500008,0.7675461272120461
AST-005672,0.0,0.42555308800740915,0.9713655036963331,0.46563953056791413
AST-005673,0.8081225548885379,0.24110670215983232,0.7783804140822246,0.6092032237101982
AST-005674,0.0,0.30730593893042296,0.7658352132822973,0.35771371740424013
AST-005675,0.0,0.4866128343218223,0.9639565141462824,0.4835231161560349
AST-005676,0.5548906119682037,0.8583935967328371,0.6987362815052941,0.7040068300687783
AST-005677,0.5297947853142141,0.7290666991985227,0.7780633389562068,0.6789749411563145
AST-005678,0.6758847911789011,0.8169070146729396,0.5497007222846075,0.6808308427121496
AST-005679,0.0,0.48771506116360847,0.7875308215017854,0.4250819608884646
AST-005680,0.836910252789862,0.44197310294380243,0.9162112979634006,0.7316982178990217
AST-005681,0.6453248102045744,0.8350238057121143,0.9876734637613064,0.8226740265593318
AST-005682,0.8680228928505526,0.8301183532662132,0.9962427553849628,0.8981280005005762
AST-005683,0.503171988103048,0.9303608150682117,0.5897105458495344,0.6744144496735981
AST-005684,0.0,0.6856683903599216,0.5701197795928528,0.4185960566509248
AST-005685,0.7785487331382149,0.4072925050014256,0.9624100167502196,0.7160837516299535
AST-005686,0.9635522089200498,0.5008867601452126,0.7847536337644103,0.7497308676098909
AST-005687,0.7030088055464032,0.20769533679269808,0.9902731235665293,0.6336590886352101
AST-005688,0.0,0.4848792089287408,0.602752645726974,0.3625439515519049
AST-005689,0.0,0.5390880076328689,0.7322004478861468,0.4237628185063385
AST-005690,0.8619485100738248,0.7488463407806937,0.8976865164618589,0.8361604557721258
AST-005691,0.23415233405129435,0.5368002040677646,0.9239970771090299,0.5649832050760296
AST-005692,0.18692388033442017,0.39796036055646794,0.7612449714036635,0.4487097374315172
AST-005693,0.8382126579452026,0.3051563435592531,0.7606382874223837,0.6346690963089464
AST-005694,0.0,0.30064871416420935,0.877116981206202,0.39258856512347046
AST-005695,0.6557526729497896,0.4253578579996911,0.9209857745886844,0.6673654351793883
AST-005696,0.24788897862070247,0.3544654239124253,0.9573543797893821,0.5199029274408367
AST-005697,0.2960307451963013,0.16248475970177856,0.878542126179557,0.4456858770258789
AST-005698,0.7604047097655854,0.2246328513900149,0.8273561230161834,0.6041312280572613
AST-005699,0.7848264190496564,0.5563296903468254,0.9571359000415967,0.7660973364793596
AST-005700,0.4441898526362302,0.4208059224153878,0.7609675370233708,0.5419877706916629
AST-005701,0.8616394739245367,0.9044994601960136,0.9765196203046702,0.9142195181417402
AST-005702,0.9327331768631364,0.6392338348358177,0.9812047017209035,0.8510572378066192
AST-005703,0.9259590762350436,0.2775759308383506,0.9326083417112347,0.7120477829282096
AST-005704,0.0,0.6354040129410011,0.6858171838100977,0.44040706558369963
AST-005705,0.6823619521827945,0.27233476913749743,0.29027934108247766,0.4149920208009232
AST-005706,0.3131764895331374,0.9201445625146373,0.9578068944272737,0.7303759821583494
AST-005707,0.3555541273888463,0.3314809002942122,0.995554423786177,0.5608631504897451
AST-005708,0.7105141866646315,0.17921652066805557,0.8110131657463469,0.566914624359678
AST-005709,0.45315513027593035,0.6369207454983427,0.8043109522098616,0.6314622759947115
AST-005710,0.33480690318077116,0.6423057821344083,0.700041816119213,0.5590515004781308
AST-005711,0.4611149273945519,0.28042671586213824,0.9683874563992411,0.5699763665519771
AST-005712,0.6288293608465783,0.5113475973155419,0.9136101129334472,0.6845956903651892
AST-005713,0.6422251716403281,0.7509209664637037,0.5743484246600944,0.6558315209213754
AST-005714,0.7350663803776087,0.8625498939725533,0.7510519168003387,0.7828893970501669
AST-005715,0.6690710406733215,0.8244242823480238,0.866762254474419,0.7867525258319215
AST-005716,0.2568629647112812,0.7774555906276945,0.36190738809252626,0.4654086478105007
AST-005717,0.4914271635837129,0.156847668529576,0.9786869972102898,0.5423206097745262
AST-005718,0.6538568367620973,0.08290456700950383,0.8452890339466483,0.5273501459060831
AST-005719,0.7876551550343808,0.25715720286329335,0.8829763869889432,0.6425962482955391
AST-005720,0.8525032771359244,0.409023729975557,0.896615325082125,0.7193807773978689
AST-005721,0.7117287358492606,0.038095859661313944,0.9471320012561096,0.5656521989222281
AST-005722,0.509595830739613,0.22602715740900994,0.6329855533705013,0.45620284717304144
AST-005723,0.32407963131159756,0.09726723454006003,0.9807067992658682,0.467351221705842
AST-005724,0.645530456569713,0.20846634522454555,0.6685440081027931,0.5075136032990172
AST-005725,0.6907393639972933,0.6214414537176539,0.9340551167413189,0.748745311485422
AST-005726,0.8002984374375569,0.7905734158300669,0.5507063695816524,0.7138594076164254
AST-005727,0.0,0.6348886590879365,0.7636917256251258,0.46619346157102076
AST-005728,0.6240169156535214,0.620802686777976,0.8909826167109666,0.7119340730474879
AST-005729,0.0,0.8934512635385444,0.9530638377315371,0.6155050337566939
AST-005730,0.25485950377310146,0.664191856694401,0.6727224621817094,0.530591274216404
AST-005731,0.265404184252839,0.5291303608987781,0.9101076471602354,0.5682140641039508
AST-005732,0.2129213674838786,0.8835376199710714,0.5942596860048805,0.5635728911532768
AST-005733,0.8851066640269729,0.9649907260518839,0.5752541749740272,0.8084505216842945
AST-005734,0.9258477261462758,0.5087445204264702,0.8357202194081312,0.7567708219936259
AST-005735,0.0,0.07734725565905574,0.8634126242515465,0.3135866266368674
AST-005736,0.0,0.5772440945128383,0.9433295438470305,0.5068578794532895
AST-005737,0.04381134829021088,0.4722754931691306,0.8325023140782443,0.4495297185125286
AST-005738,0.6681103495263636,0.311741993309864,0.8637135939719562,0.6145219789360613
AST-005739,0.7991087548173524,0.6826877641694675,0.8782557721629527,0.7866840970499241
AST-005740,0.992560689024086,0.4556009221122049,0.9847596034002017,0.810973738178831
AST-005741,0.6459408131525184,0.4375158638167172,0.9030985767236718,0.6621850845643024
AST-005742,0.5584788351377369,0.3009797588199803,0.9115212044982683,0.5903265994853285
AST-005743,0.6767016222963427,0.5276150752205084,0.782068712119963,0.662128469878938
AST-005744,0.0,0.39561692322703074,0.9658237385387247,0.4538135539219185
AST-005745,0.416229224806074,0.8821472780219108,0.4655862298925666,0.5879875775735172
AST-005746,0.18821707351223427,0.532226637657872,0.8638969757408772,0.5281135623036611
AST-005747,0.9417104969379998,0.8919935400290104,0.990098444918022,0.9412674939616775
AST-005748,0.8577281538720772,0.5724710118143631,0.8808085897853002,0.7703359184905801
AST-005749,0.2898990672682925,0.7559118956092119,0.1064283235453907,0.384079762140965
AST-005750,0.0,0.5830361284608462,0.6300866541662129,0.40437426087568634
AST-005751,0.7771541730179813,0.6613673516295554,0.8526711154180274,0.7637308800218547
AST-005752,0.0,0.24071322097291373,0.5776201897953094,0.2727778035894077
AST-005753,0.7175588304414326,0.6865494700176223,0.6685617970193176,0.6908900324927908
AST-005754,0.0,0.8074620346324826,0.9238908314121155,0.577117622014866
AST-005755,0.0,0.53091362116509,0.8507940491827934,0.46056922344929446
AST-005756,0.6277530720936663,0.11483255931849545,0.5868009133545636,0.44312884825557514
AST-005757,0.8229201460144325,0.8241322400384409,0.8147069371513013,0.8205864410680582
AST-005758,0.0,0.3443763766510457,0.31973184259489523,0.22136940641531364
AST-005759,0.3567640120411044,0.6094227820229859,0.8319760172539604,0.5993876037726836
AST-005760,0.6513741328545241,0.3850039331924515,0.9147021024445573,0.6503600561638443
AST-005761,0.916464478078865,0.6692494257530455,0.9931093028795426,0.8596077355704844
AST-005762,0.9346603332337514,0.5305484298542188,0.7324371022679549,0.7325486217853084
AST-005763,0.7591914492448227,0.3323920565730496,0.713609578808655,0.6017310282088425
AST-005764,0.22880651128162163,0.2839721817037387,0.7624832422118891,0.4250873117324165
AST-005765,0.4919998578906533,0.3195227758711707,0.8228387162565116,0.5447871166727786
AST-005766,0.0,0.8875455022419038,0.7002417391967091,0.5292624138128709
AST-005767,0.6224647171073585,0.7199104004900319,0.9524446074484576,0.7649399083486159
AST-005768,0.5779958345451638,0.7299426718195468,0.9857672389826349,0.7645685817824486
AST-005769,0.15630134988541677,0.6682184439529134,0.5816138366508818,0.46871121016307066
AST-005770,0.8122753949041899,0.5413516997484579,0.6632787940968773,0.6723019629165083
AST-005771,0.5528653384840654,0.5667595037747594,0.5233625077625385,0.5476624500071211
AST-005772,0.6891602396491052,0.84165856056602,0.9543224931372734,0.8283804311174663
AST-005773,0.8064306196443612,0.1882839027821569,0.8654040529047391,0.620039525110419
AST-005774,0.728780435483132,0.7432999110938862,0.7806402735508284,0.750906873375949
AST-005775,0.8889335011791414,0.8047423767261391,0.8038469902430704,0.832507622716117
AST-005776,0.3272122770293482,0.3173922671463739,0.5725280408259443,0.4057108616672222
AST-005777,0.882386829245638,0.0993941334005479,0.78620900713356,0.5893299899265819
AST-005778,0.27989751712748867,0.27417408157130146,0.8896772239292515,0.4812496075426805
AST-005779,0.4942369496198129,0.1434349674921692,0.7904578079886847,0.4760432417002223
AST-005780,0.6065017087448525,0.5645295554682974,0.8633303099793741,0.6781205247308414
AST-005781,0.6229754323948908,0.877702074652875,0.8301177400062738,0.7769317490180132
AST-005782,0.6297573199841043,0.8118101051874568,0.8963651222591053,0.7793108491435555
AST-005783,0.7370586931879182,0.7590306738478836,0.7664081233585278,0.7541658301314431
AST-005784,0.7139315073098341,0.6329777952933153,0.6196607619130258,0.655523354838725
AST-005785,0.0,0.1831684908882213,0.6499445559105906,0.27770434893293733
AST-005786,0.7161901182081978,0.31972765931133595,0.8210253526594644,0.6189810433929993
AST-005787,0.0,0.6122970285702989,0.4931504549238861,0.36848249449806164
AST-005788,0.5170098460987528,0.6936041763633388,0.6516886561541333,0.6207675595387416
AST-005789,0.6834269153886652,0.6559740764419293,0.5416878514017229,0.6270296144107724
AST-005790,0.7380873161978392,0.6977531277224933,0.9479909974121454,0.7946104804441593
AST-005791,0.0,0.933975029405537,0.965760842736797,0.6332452907141114
AST-005792,0.58679249356399,0.32835382306173244,0.6900529266600779,0.5350664144286
AST-005793,0.6374237692057817,0.9087330962799738,0.7821032355505091,0.7760867003454215
AST-005794,0.35908268803221066,0.4581342650557776,0.9114557765846879,0.5762242432242254
AST-005795,0.6423157902451732,0.4797744125414243,0.5882942860839315,0.570128162956843
AST-005796,0.5286819840310174,0.756679842644032,0.9906882805383428,0.7586833690711307
AST-005797,0.12492575175219797,0.554951299985573,0.9659015697115294,0.5485928738164335
AST-005798,0.5662280097397377,0.5900384295423986,0.8855618470969915,0.6806094287930428
AST-005799,0.6484263562539472,0.37871781621197836,0.7506333667708941,0.5925925130789399
AST-005800,0.5447736643029237,0.1635597792102648,0.8164766450788157,0.508270029530668
AST-005801,0.7931025350202258,0.2348919778875444,0.7282458137174675,0.5854134422084125
AST-005802,0.5917188707504006,0.76969838643348,0.8594263436002944,0.7402812002613918
AST-005803,0.0,0.378541847211206,0.743917515629384,0.37415312094686337
AST-005804,0.676224556539441,0.28105035374956683,0.6678846287777706,0.5417198463555928
AST-005805,0.6039746748166461,0.6998355881171633,0.8071947313886784,0.7036683314408293
AST-005806,0.5055394651681856,0.4919490556499518,0.7837855931557557,0.5937580379912978
AST-005807,0.5370987184653262,0.7576841822728331,0.4504019193292323,0.5817282733557972
AST-005808,0.23021622571375072,0.5488116072963495,0.8261953760225047,0.5350744030108683
AST-005809,0.44934820683775095,0.7748297521471301,0.855494956911185,0.6932243052986887
AST-005810,0.8374349816516082,0.8647136683384524,0.9125219600889095,0.8715568700263234
AST-005811,0.17626750117642476,0.32878854006637526,0.6060268369242734,0.37036095938902447
AST-005812,0.41229652880666023,0.3789203270278865,0.8247842950193593,0.5386670502846354
AST-005813,0.0,0.6246392192109284,0.9756226978350611,0.5334206390153299
AST-005814,0.7452679982839603,0.6954394851049689,0.9208582383978116,0.7871885739289136
AST-005815,0.8137433031431069,0.851503347895476,0.9629026783448125,0.8760497764611318
AST-005816,0.8681003595646463,0.5633917924299702,0.7033682179471756,0.7116201233139307
AST-005817,0.4153248609892016,0.1457322365806463,0.4480632480137743,0.33637344852787404
AST-005818,0.37137406749816265,0.6568174405377538,0.2795069314773943,0.4358994798377703
AST-005819,0.0,0.15383658273856696,0.6161995792917633,0.2566787206767767
AST-005820,0.9020206522424408,0.5448223099052872,0.9258257201530382,0.7908895607669221
AST-005821,0.4460097283312338,0.11941383648941374,0.43907966445064617,0.3348344097570979
AST-005822,0.907997465524676,0.6188351468605006,0.8019451677354645,0.7762592600402137
AST-005823,0.859888163091246,0.3369332398290778,0.9159539242600643,0.7042584423934627
AST-005824,0.878953395594131,0.5996651149546703,0.8463092092474697,0.774975906598757
AST-005825,0.741337203065605,0.3140461491396981,0.9795348232091671,0.6783060584714901
AST-005826,0.5698093752245372,0.5975169681776789,0.9333349665939342,0.7002204366653834
AST-005827,0.0,0.5701166483988869,0.9004992217659867,0.49020529005495783
AST-005828,0.47361488137112756,0.3532562878513225,0.9558081969366625,0.5942264553863709
AST-005829,0.0,0.4543063590781755,0.9367147030274121,0.4636736873685292
AST-005830,0.08280292818607608,0.12745279677852783,0.6365290405005631,0.282261588488389
AST-005831,0.7675389147664421,0.7781169671280979,0.9215340343687102,0.8223966387544168
AST-005832,0.27187967403369057,0.25578291691442634,0.6365497262110624,0.38807077238639315
AST-005833,0.6039133341850031,0.4635688042726696,0.9635101984283415,0.6769974456286714
AST-005834,0.4998091706378954,0.7317932186542324,0.950316064823902,0.7273061513720099
AST-005835,0.7942578322345843,0.44821494790997646,0.213648282454755,0.4853736875331052
AST-005836,0.6917556551892339,0.3382668251403246,0.8090192703850706,0.6130139169048764
AST-005837,0.3772974007418612,0.7050724599737563,0.8904531799673429,0.6576076802276535
AST-005838,0.772853211291184,0.9162598422308236,0.9323498061899633,0.8738209532373237
AST-005839,0.0,0.8459715846604499,0.8940322936562107,0.5800012927722201
AST-005840,0.6721466074980083,0.687057105592904,0.9592811564422522,0.7728282898443881
AST-005841,0.4332443324183134,0.9261693657478406,0.980919226686097,0.7801109749507503
AST-005842,0.7073026248396517,0.7410667857238352,0.9795637035643932,0.8093110380426266
AST-005843,0.5870181247340837,0.26052773083263114,0.9405108905121101,0.5960189153596084
AST-005844,0.0,0.46748154647998097,0.7019047551428498,0.3897954338742769
AST-005845,0.5833115033776309,0.8411116776734048,0.9812191665589559,0.801880782536664
AST-005846,0.2982779502429506,0.31749988192079653,0.8472971129758645,0.48769164837987056
AST-005847,0.0,0.8579773938905115,0.9114193836594467,0.589798925849986
AST-005848,0.828945555963416,0.21401555833245586,0.6357173960222807,0.5595595034393842
AST-005849,0.635724299957712,0.5702632669047132,0.8671430389004819,0.6910435352543024
AST-005850,0.7088568915326342,0.4403999226401817,0.9802642495944025,0.7098403545890729
AST-005851,0.4183167485621759,0.5277688033462639,0.7243177386769647,0.5568010968618015
AST-005852,0.4475822100955867,0.5855029357051086,0.9246460983454989,0.6525770813820647
AST-005853,0.318606336393339,0.5245013565303152,0.9769951664148308,0.6067009531128283
AST-005854,0.6867176510505639,0.7087389636227798,0.8207482533315241,0.7387349560016226
AST-005855,0.3313455302697319,0.9225058322426015,0.74965792222452,0.6678364282456178
AST-005856,0.8920162125456639,0.5423283902048078,0.8078080644619429,0.7473842224041382
AST-005857,0.37441048339469124,0.45288015611910926,0.790928131520997,0.5394062570115992
AST-005858,0.29039533293852954,0.10697253965594941,0.6640441205703241,0.353803997721601
AST-005859,0.652789762125881,0.4737943897384853,0.9277590395519529,0.6847810638054397
AST-005860,0.5754847213408846,0.5702248697934217,0.9876599253229758,0.7111231721524273
AST-005861,0.22025330662388432,0.5538186948953044,0.1969533921608232,0.32367513122667063
AST-005862,0.8036184362756018,0.3136054212300084,0.9359790874664247,0.6844009816573449
AST-005863,0.46110157477180874,0.7953006089437966,0.6735255072408503,0.6433092303188186
AST-005864,0.9410158931538201,0.7088001974186453,0.9881815143216003,0.8793325349646887
AST-005865,0.2009203241985369,0.13845755129796983,0.7444986156059178,0.3612921637008082
AST-005866,0.5056474680710538,0.4084613567500014,0.7774860759550466,0.5638649669253673
AST-005867,0.5501980546188856,0.5294436321060502,0.8046949145947075,0.628112200439881
AST-005868,0.9215166719028266,0.6672776100806155,0.9494097134557437,0.8460679984797285
AST-005869,0.5905668420897644,0.19892622589458872,0.8020722575893315,0.5305217751912282
AST-005870,0.0,0.0675961546426468,0.7178204353335932,0.26180552999208
AST-005871,0.6804111729063361,0.6409847290734176,0.99686188607907,0.772752596019608
AST-005872,0.9118128394911909,0.9179223307099234,0.986079785752371,0.9386049853178284
AST-005873,0.3643761359974419,0.4233193084705299,0.8751520358888099,0.5542824934522605
AST-005874,0.0917109083054253,0.4981794754280295,0.8375225274155292,0.47580430371632804
AST-005875,0.6410974215911928,0.7039874192587974,0.6460445843699194,0.6637098084066365
AST-005876,0.4615761846243249,0.7070890302231604,0.8512748526952915,0.6733133558475922
AST-005877,0.3508183987988986,0.6968807789063567,0.7354295271000486,0.5943762349351013
AST-005878,0.14432672246645087,0.4023242972793098,0.8310173915217439,0.45922280375583485
AST-005879,0.88974144518381,0.7790592302810981,0.6865490514849776,0.7851165756499618
AST-005880,0.8232138777241206,0.8540532978284516,0.8085912023474077,0.8286194592999933
AST-005881,0.44242071878969297,0.29740810718465466,0.649818487207046,0.4632157710604646
AST-005882,0.3209994387042838,0.8208003761076058,0.9027511424405941,0.6815169857508279
AST-005883,0.46917384474663,0.6986272770878394,0.8992783881572297,0.6890265033305664
AST-005884,0.7768268220408708,0.9048160309216325,0.7551415500009525,0.8122614676544853
AST-005885,0.9385042464467013,0.5265216429655153,0.9966888631459182,0.8205715841860449
AST-005886,0.35471303077862515,0.6470567852177767,0.529144682370826,0.510304832789076
AST-005887,0.8246907931616729,0.4321694851877924,0.9539536468530739,0.7369379750675131
AST-005888,0.9159855930629582,0.30160997652732524,0.8264564155622655,0.6813506617175163
AST-005889,0.2876554554169702,0.5509327677218055,0.8560458478852967,0.5648780236746909
AST-005890,0.6473730626695584,0.49725507193562757,0.8423653794634246,0.6623311713562036
AST-005891,0.5551868472597722,0.5735663577631595,0.9249237182884046,0.684558974437112
AST-005892,0.0,0.5466975582134591,0.9772345921487038,0.5079773834540543
AST-005893,0.4347832475465866,0.7506185115861365,0.8850129154393788,0.6901382248573672
AST-005894,0.18548896289895556,0.7957182951583481,0.6361138933729716,0.5391070504767584
AST-005895,0.8691161551191515,0.5777516647345399,0.8857533494318913,0.7775403897618608
AST-005896,0.10101306761148496,0.42307806327416253,0.8709674754922959,0.4650195354593145
AST-005897,0.7635065428546661,0.25142492314231624,0.9316553786636579,0.6488622815535467
AST-005898,0.7971583929899696,0.5189226473413739,0.6897034789231987,0.6685948397515141
AST-005899,0.6302767426521154,0.7896341888294625,0.9370167760238972,0.7856425691684917
AST-005900,0.5939664915041466,0.6039951394059737,0.7172732672777123,0.6384116327292776
AST-005901,0.4617943995299835,0.11040342292120901,0.45279485042767537,0.34166422429295595
AST-005902,0.3932629931047465,0.6866823974399469,0.8129479702809155,0.6309644536085363
AST-005903,0.6265065588202915,0.4572167806793412,0.9030784200070509,0.6622672531688946
AST-005904,0.391980415851502,0.2788116789922326,0.6340871323414107,0.4349597423950484
AST-005905,0.6703657503376395,0.25481211726254877,0.8831492784031116,0.6027757153344333
AST-005906,0.7481762739513756,0.7150217533495216,0.719400722784942,0.7275329166952798
AST-005907,0.5794943222496699,0.21517294504035087,0.8482061823890596,0.5476244832263601
AST-005908,0.9683934119084048,0.5093805634654276,0.34171714345329485,0.6064970396090424
AST-005909,0.9694833078669355,0.060373818447874296,0.7724464102466599,0.6007678455204899
AST-005910,0.6386404467641067,0.11152666265778738,0.49288059866361755,0.4143492360285039
AST-005911,0.4179020255673616,0.7221374016555538,0.9966014590011706,0.712213628741362
AST-005912,0.0,0.6642246369826204,0.8179940972901615,0.4940729114242606
AST-005913,0.8141910574463083,0.27939320650555133,0.9990985932931656,0.6975609524150084
AST-005914,0.3463968382688697,0.42737700391920325,0.9833338004184281,0.5857025475355003
AST-005915,0.7888934471320918,0.6414406774858339,0.7938073121294277,0.7413804789157844
AST-005916,0.533437187655001,0.7222778412372205,0.8418692280651352,0.6991947523191189
AST-005917,0.0,0.07713415289949974,0.9410419744415385,0.3393920424470127
AST-005918,0.40816838351101925,0.26683030232805277,0.9896920674989788,0.5548969177793502
AST-005919,0.9676420323289672,0.5484647021190691,0.9339583831322728,0.8166883725267696
AST-005920,0.6001381323054339,0.7153948415155291,0.3970779589134441,0.5708703109114691
AST-005921,0.0,0.8258810621594286,0.8942237415477241,0.5733682679023843
AST-005922,0.5768621634200636,0.17863183767537097,0.513445137457089,0.4229797128508412
AST-005923,0.4816894503770244,0.5435632727657591,0.40376053998051903,0.4763377543744342
AST-005924,0.7021699514680309,0.46630932191325264,0.8667106066917136,0.678396626690999
AST-005925,0.2468155114344349,0.7929225354570228,0.6585381714022549,0.5660920727645709
AST-005926,0.6598806923936474,0.6024860573377598,0.7679014292961793,0.6767560596758622
AST-005927,0.6872693897694254,0.5383769414571159,0.9384276973349427,0.7213580095204947
AST-005928,0.8168073726702579,0.5530036475768815,0.9703978496997924,0.780069623315644
AST-005929,0.7824664190612627,0.4840036199767404,0.8097182052309886,0.692062748089664
AST-005930,0.0,0.07328131043284622,0.9871053277315212,0.3534622127214558
AST-005931,0.880541910270869,0.8118243084345842,0.9162402552427716,0.8695354913160749
AST-005932,0.6914367486265777,0.17924549763359687,0.6773892271033418,0.5160238244545055
AST-005933,0.9222928348115523,0.7664332046718871,0.8329201870987963,0.8405487421940787
AST-005934,0.29105565867394984,0.44299184386658924,0.7153737190745227,0.48314040720502066
AST-005935,0.6772793969564442,0.28509090493605005,0.5082329805426086,0.4902010941450343
AST-005936,0.41851106549527556,0.2503495179150546,0.49224023755371854,0.38703360698801625
AST-005937,0.5270112006489647,0.4399093744958131,0.7287006625197137,0.5652070792214972
AST-005938,0.648199766469689,0.11045089532568965,0.8653608854616911,0.5413371824190233
AST-005939,0.33395036346593354,0.5786087576029065,0.9856364199697228,0.6327318470128543
AST-005940,0.41439478375089633,0.7185132674011061,0.8516861432702071,0.6615313981407365
AST-005941,0.4199842683813848,0.31920107605840614,0.6810044775561471,0.47339660733197936
AST-005942,0.48349447429285686,0.546544900136683,0.7140046617824066,0.5813480120706488
AST-005943,0.940285882392467,0.5410039653075795,0.9453356570094456,0.8088751682364973
AST-005944,0.40866428277029987,0.8185194238017692,0.6992422894540165,0.6421419986753618
AST-005945,0.4462181644125312,0.6283070919798692,0.978988533793905,0.6845045967287685
AST-005946,0.8927564903496286,0.328390209763035,0.5013545422280978,0.5741670807802538
AST-005947,0.3441035067505879,0.659405467170344,0.8726311203780123,0.6253800314329814
AST-005948,0.4710311515833533,0.5050291697767183,0.7571863450881225,0.5777488888160648
AST-005949,0.5478508635509393,0.5847668037089636,0.7011383131429498,0.6112519934676176
AST-005950,0.8160989252980922,0.19887013194511682,0.7856276715079425,0.6001989095837171
AST-005951,0.6000385901360664,0.5600073517378494,0.5754281285913805,0.5784913568217654
AST-005952,0.59269008066384,0.5636348657253676,0.6382234367728997,0.5981827943873691
AST-005953,0.0,0.7064599454787456,0.8495370473894398,0.5186656642893951
AST-005954,0.7583483084447117,0.4588268835108306,0.7585385611916396,0.6585712510490606
AST-005955,0.6973160170265379,0.896038681124442,0.7001997385218403,0.7645181455576067
AST-005956,0.5024561517878676,0.8943587466304771,0.5436759069043475,0.6468302684408974
AST-005957,0.0,0.4122682268361754,0.6655476922144887,0.35927197301688807
AST-005958,0.6935545744868794,0.5712554564205294,0.7101976413965903,0.6583358907679997
AST-005959,0.0,0.5568407417759027,0.5994774711853802,0.38543940432042767
AST-005960,0.1500065385425769,0.6371492263226126,0.6472482628271939,0.4781346758974611
AST-005961,0.4937081808846964,0.7939099962637124,0.878398339513576,0.7220055055539949
AST-005962,0.4159395388019661,0.6705391198873479,0.8950318575994534,0.6605035054295891
AST-005963,0.4891844203014657,0.16399021350038143,0.8093960385412043,0.4875235574476838
AST-005964,0.5805454667037547,0.9426232433773909,0.6545850372294851,0.7259179157702103
AST-005965,0.0,0.41704234829402526,0.7811165030120459,0.3993862837686904
AST-005966,0.0,0.4704482010399938,0.5886622960612352,0.35303683236707634
AST-005967,0.8646543567716711,0.9208465117695872,0.5554777558389272,0.7803262081267285
AST-005968,0.8049457076009114,0.598475673273187,0.9811758703753952,0.7948657504164979
AST-005969,0.6154710416315902,0.7704165603641859,0.9088868758270119,0.7649248259409293
AST-005970,0.4941518730149162,0.5400565015869213,0.9141204060622671,0.6494429268880348
AST-005971,0.12623812175340618,0.5135403066656822,0.9542662706128132,0.5313482330106338
AST-005972,0.6043697185841174,0.14908683818781918,0.8811328702725955,0.5448631423481773
AST-005973,0.702464861997094,0.6965218784355388,0.5936983059362377,0.6642283487896236
AST-005974,0.5928006393589543,0.5245005915526764,0.611313315233734,0.5762048487151216
AST-005975,0.3854663325917109,0.2687956961759052,0.7705077959433926,0.4749232749036696
AST-005976,0.6123660730676403,0.38742841947773354,0.8557552784753952,0.6185165903402564
AST-005977,0.5894021253038618,0.9062353212807678,0.6782454156282821,0.7246276207376372
AST-005978,0.6581120659104093,0.530982332314122,0.9299282107459254,0.7063408696568189
AST-005979,0.7496783066001392,0.24224722546131533,0.7734708496439465,0.588465460568467
AST-005980,0.42835098896658264,0.4445666800863831,0.8468216856945431,0.573246451582503
AST-005981,0.750427600011885,0.7293286036551003,0.9566197296240041,0.8121253110969965
AST-005982,0.0,0.45654553901899975,0.9847679308297391,0.48043782328291296
AST-005983,0.693940209512043,0.6191665459207447,0.6139560118661926,0.6423542557663268
AST-005984,0.5631831273357825,0.568345164026781,0.40437471406690695,0.5119676684764901
AST-005985,0.26862105065372527,0.5993672090576134,0.5115880637599056,0.45985877449041473
AST-005986,0.0,0.6905593630781877,0.7787408459964551,0.48976673635821427
AST-005987,0.5028373655655608,0.5489119778652324,0.8126983733866823,0.6214825722724918
AST-005988,0.0,0.7050200682192985,0.5488497004580006,0.4179565895590997
AST-005989,0.7017075622167467,0.2191393857064574,0.8008329420376652,0.5738932966536231
AST-005990,0.9721358451992997,0.5829905709985259,0.8502916188535231,0.8018060116837828
AST-005991,0.850724255849304,0.7844700568457306,0.951058016314752,0.8620841096699289
AST-005992,0.4899116931423768,0.6466873497489,0.9996514773560123,0.7120835067490964
AST-005993,0.4621695290225078,0.38137493504194697,0.5817283039067863,0.4750909226570803
AST-005994,0.08135319279810171,0.7015662886627084,0.49765988856062465,0.4268597900071449
AST-005995,0.6560879680273292,0.396019181639238,0.6711067193030383,0.5744046229898685
AST-005996,0.3795339319762864,0.8740911737296606,0.545120850374773,0.5995819853602401
AST-005997,0.44544169530651084,0.8641553104309294,0.7020882483647534,0.6705617513673978
AST-005998,0.40396399541658207,0.2796357943498641,0.757925977136019,0.4805085889674883
AST-005999,0.0,0.7245937462961879,0.9540649206329855,0.5595528889763911
AST-006000,0.5620810389700176,0.5914620904894149,0.9942463488020419,0.7159298260871582
AST-006001,0.6706680677374397,0.5188571265278574,0.8941736207167602,0.6945662716606859
AST-006002,0.9299159349217245,0.9091119832890148,0.831186877410909,0.8900715985405494
AST-006003,0.6154778897965634,0.33901875860644787,0.5265191121796412,0.4936719201942175
AST-006004,0.2918573233531799,0.7068813727017137,0.9537439892613383,0.6508275617720773
AST-006005,0.43849426336063246,0.12573101605616244,0.6959455745091628,0.42005695130865256
AST-006006,0.35839573215799986,0.10136657146607497,0.9180787904187098,0.4592803646809282
AST-006007,0.7418609793141845,0.5853014289630076,0.9529441676284651,0.7600355253018858
AST-006008,0.8446580973086234,0.4754771031226194,0.7918195386083677,0.7039849130132035
AST-006009,0.0,0.6451409506764966,0.9768909356189733,0.5406772954318233
AST-006010,0.4257363726206087,0.18316813140198837,0.9401488798883701,0.5163511279703225
AST-006011,0.7855539989544397,0.8373607973962602,0.9994538702304476,0.8741228888603825
AST-006012,0.5706068739320795,0.7272247857059007,0.5482488536252127,0.615360171087731
AST-006013,0.6375377963807356,0.5223958985025469,0.9810319534772809,0.7136552161201878
AST-006014,0.3716386694769682,0.4466367670420488,0.6156779978661483,0.47798447812838846
AST-006015,0.6071591602268073,0.5125517915600752,0.9598658732863155,0.6931922750243994
AST-006016,0.8083031870159683,0.6158644496608779,0.9432560994463574,0.7891412453744011
AST-006017,0.6761387517576101,0.0571019494088658,0.9129007170786605,0.5487138060817122
AST-006018,0.7704824257766136,0.8843671708830245,0.5808038108852417,0.74521780251496
AST-006019,0.0,0.9080403117572992,0.7318283975661395,0.5466229031078128
AST-006020,0.6747536139599458,0.5269412733033583,0.7543608154044918,0.6520185675559319
AST-006021,0.6265452238982878,0.5694234229506493,0.820904054386882,0.6722909004119396
AST-006022,0.7755883319847069,0.7316632331899294,0.2931337101220702,0.6001284250989022
AST-006023,0.6394592562032655,0.6630267830734357,0.7031105512298161,0.6685321968355057
AST-006024,0.0,0.5691342823970679,0.7606800629131844,0.44327144843675076
AST-006025,0.6343953468616615,0.40910165520451797,0.5192798814228359,0.5209256278296718
AST-006026,0.38650542272607036,0.5669560551938889,0.9793499765764139,0.6442704848321243
AST-006027,0.5876796986006331,0.8086066553827075,0.9146523686509836,0.7703129075447747
AST-006028,0.39986584298124295,0.7495319141470536,0.9243557202827448,0.6912511591370137
AST-006029,0.5308305800186791,0.9595463897089163,0.923120604868228,0.8044991915319412
AST-006030,0.40470834177239257,0.6333244985937463,0.5029152189534146,0.5136493531065178
AST-006031,0.4272076356082197,0.44102825818268365,0.8181319810733105,0.562122624954738
AST-006032,0.7872653019676176,0.5278852921510551,0.9993105642223928,0.7714870527803551
AST-006033,0.7074911690149733,0.6559406491270052,0.4008085179398247,0.5880801120272677
AST-006034,0.0,0.7378326019058231,0.7617388858892448,0.49985716259835594
AST-006035,0.4177632565676846,0.0778824067158546,0.6680634766707438,0.3879030466514277
AST-006036,0.6052984095212823,0.1800232097590282,0.3236381898388213,0.36965326970637724
AST-006037,0.0,0.16791196210577633,0.5401869450738759,0.23603296905988405
AST-006038,0.8942439957958662,0.7322767703261631,0.8953456122528254,0.8406221261249516
AST-006039,0.8266969785695306,0.7812747100422532,0.8458261078460909,0.8179325988192915
AST-006040,0.8280164865871555,0.4601579364825127,0.5453895719608897,0.6111879983435193
AST-006041,0.36279742827993977,0.28307873080182594,0.8210584232570942,0.48897819411295335
AST-006042,0.7696037657934516,0.7443346521630526,0.9551013105255064,0.8230132428273368
AST-006043,0.8087599187503698,0.7493469356692685,0.8394226686096324,0.7991765076764236
AST-006044,0.5033775470130438,0.8929666702949146,0.773078230842682,0.7231408160502134
AST-006045,0.5053785577953106,0.8896074756217643,0.9126956756523198,0.769227236356465
AST-006046,0.36818204713029046,0.6353688922627436,0.5123471942849627,0.5052993778926657
AST-006047,0.7527005366242193,0.45774659972458154,0.9405946745293088,0.7170139369593699
AST-006048,0.742372097552287,0.9116725507209489,0.692534747232802,0.782193131835346
AST-006049,0.6140603532778108,0.40519683655479605,0.8957171376935897,0.6383247758420655
AST-006050,0.9265327979517389,0.7197912357063692,0.9710376173527852,0.8724538836702979
AST-006051,0.0,0.7890861847492429,0.7792751335731023,0.5227871061074484
AST-006052,0.6351299596454675,0.8264737449376682,0.9413753617793035,0.8009930221208131
AST-006053,0.8046814478992239,0.2501406688300851,0.5691600827507658,0.5413273998266916
AST-006054,0.8275046014858598,0.579491392991259,0.9733847392048283,0.793460244560649
AST-006055,0.6531508239494936,0.9267834178153006,0.5365658208114216,0.7055000208587385
AST-006056,0.8263757272337614,0.6887858470389092,0.48599325240374025,0.667051608892137
AST-006057,0.5355614925313584,0.7503391418718032,0.8187262209958515,0.7015422851330043
AST-006058,0.5394076171432244,0.15693466649444257,0.8537706846328683,0.5167043227568451
AST-006059,0.2674924961956738,0.2181788140614688,0.8791698646126533,0.454947058289932
AST-006060,0.7958569629576353,0.5558656639794552,0.8930222636607567,0.7482482968659491
AST-006061,0.7953139788362018,0.20644651193611926,0.5223953884929334,0.5080519597550848
AST-006062,0.7659069742570236,0.4411194427243747,0.7196675166436788,0.642231311208359
AST-006063,0.434361320265951,0.3801586753316777,0.2049330892906216,0.33981769496275005
AST-006064,0.3070148761521694,0.8615136943325201,0.9788704989716791,0.7157996898187896
AST-006065,0.697497250164189,0.621905512493766,0.9589423436243315,0.7594483687607622
AST-006066,0.28478925846065845,0.3315299987871893,0.8984140371209004,0.504911098122916
AST-006067,0.9234042977579612,0.5707821668447448,0.8921683212253604,0.7954515952760222
AST-006068,0.6946610183541696,0.33769624180650826,0.3849587352381265,0.4724386651329348
AST-006069,0.8935123947297385,0.7321645420346602,0.9063992294057699,0.8440253887233896
AST-006070,0.0,0.8201855422598646,0.9138971794614087,0.5780275739070911
AST-006071,0.957518407018338,0.6238411357389029,0.8289225160483608,0.8034273529352006
AST-006072,0.6249474990827623,0.3027317839939191,0.7677699112369397,0.5651497314378737
AST-006073,0.41130720891675204,0.9063904189230217,0.835473692740425,0.7177237735267329
AST-006074,0.6265628187446682,0.22910526113970056,0.6064003701961261,0.4873561500268317
AST-006075,0.37153454031694017,0.7873995277237151,0.7964848794303102,0.6518063158236552
AST-006076,0.0,0.5769157395427466,0.8424587787494118,0.4731248394307195
AST-006077,0.756573422072217,0.8909265691526183,0.8143641255780472,0.8206213722676274
AST-006078,0.4513732238317824,0.15400085133222052,0.9008456495792985,0.5020732415811004
AST-006079,0.8376447716782174,0.12342624127589598,0.6606177152782409,0.5405629094107848
AST-006080,0.17719040541248354,0.4258463524523495,0.4007548177749995,0.3345971918799442
AST-006081,0.47236961644139525,0.2984814340376179,0.20721442399378165,0.32602182482426495
AST-006082,0.5293963463825379,0.4439557200647051,0.5336961691928279,0.5023494118800236
AST-006083,0.4904387913147714,0.7582346255455786,0.7326699010294911,0.660447772629947
AST-006084,0.8634652505851746,0.17631033923748166,0.4227433263312282,0.4875063053846282
AST-006085,0.27782927791890233,0.8122785584649901,0.7359948276176145,0.6087008880005024
AST-006086,0.850113112693796,0.8303103056404332,0.9745087020150971,0.8849773734497756
AST-006087,0.7408984835939999,0.7810512942728882,0.9007136184239055,0.8075544654302645
AST-006088,0.6731613259912346,0.3648174823710376,0.8913346294039828,0.6431044792554182
AST-006089,0.0,0.8527926979914427,0.9947870475075896,0.6158599151663441
AST-006090,0.0,0.46947849943108505,0.9709210060898029,0.4801331685069627
AST-006091,0.6658346110918693,0.25209267073225256,0.4124111439444707,0.44344614192286413
AST-006092,0.8788857602336482,0.7217598869931068,0.5379966332488676,0.7128807601585408
AST-006093,0.65065470361137,0.3440526582858735,0.5960015542178562,0.5302363053716999
AST-006094,0.77532944698066,0.38252164579728315,0.8391433778430967,0.6656648235403466
AST-006095,0.7599487699719728,0.7210434073875814,0.8353095779394963,0.7721005850996835
AST-006096,0.5230972916461366,0.7017555039775908,0.9698371516189916,0.731563315747573
AST-006097,0.03861049767516981,0.07802341390649478,0.7610471869236238,0.29256036616842945
AST-006098,0.43794761909882834,0.44222769877090445,0.70549192748297,0.5285557484509009
AST-006099,0.48548878799181405,0.36938000708414015,0.8523015405626151,0.5690567785461897
AST-006100,0.7775425178564226,0.715612344746169,0.9568773925536272,0.8166774183854063
AST-006101,0.23419677084900176,0.5691064106052941,0.4444463829379514,0.4159165214640825
AST-006102,0.7144866565823479,0.39363152127316725,0.3727108586956132,0.4936096788503761
AST-006103,0.9212731452795394,0.7140895737388566,0.7542829510688704,0.7965485566957554
AST-006104,0.17693992848636395,0.421850095169117,0.835346317090185,0.478045446915222
AST-006105,0.32923560201206725,0.622412307637577,0.9187553212484498,0.623467743632698
AST-006106,0.6400057429447973,0.7446549870421338,0.5121141775308407,0.632258302505924
AST-006107,0.7042886528414518,0.641899951837662,0.5177885221294406,0.6213257089361849
AST-006108,0.4004726926821904,0.6326459602260631,0.9200317973338963,0.6510501500807165
AST-006109,0.7595655310824588,0.5934673146944723,0.8968612296988565,0.7499646918252626
AST-006110,0.6682333641607086,0.3478105784760709,0.9592791231494994,0.6584410219287596
AST-006111,0.3403333298416695,0.49943803671174775,0.8863224833907695,0.5753646166480623
AST-006112,0.7085624468028723,0.3215203523456056,0.791716438620048,0.6072664125895085
AST-006113,0.619442034027656,0.4593941239989593,0.9280631239207491,0.6689664273157881
AST-006114,0.09319886131981718,0.46320188926097583,0.6564768224983641,0.4042925243597191
AST-006115,0.6568575242671143,0.7551323516624164,0.3876892944757409,0.5998930568017572
AST-006116,0.16798835350419036,0.7829317759548399,0.9980556647160767,0.649658598058369
AST-006117,0.0,0.6661794698246394,0.6171953988803132,0.4277916229016509
AST-006118,0.7740256027762777,0.704303754382966,0.6219349063234889,0.7000880878275776
AST-006119,0.5967611010294656,0.3672112055098002,0.9388441149365758,0.6342721404919472
AST-006120,0.0,0.6365190670938157,0.9061349406839402,0.5142180025925853
AST-006121,0.6598193989885942,0.7054752217903317,0.8498800388742274,0.7383915532177179
AST-006122,0.0,0.7082278662326345,0.8378495126516319,0.5153591262947554
AST-006123,0.7872548169527713,0.3782753826035703,0.6593347469728407,0.6082883155097275
AST-006124,0.0,0.44331299587752354,0.9153100838823913,0.4528743599199716
AST-006125,0.2601554667612669,0.26827239116603113,0.7725725347356047,0.43366679755430093
AST-006126,0.0,0.3827874005242954,0.8150614224897004,0.3992829410046652
AST-006127,0.6918071158069206,0.4163485132552709,0.47466003285004904,0.5276052206374134
AST-006128,0.5120599683769312,0.3983434932811873,0.8609483034956822,0.5904505883846002
AST-006129,0.7771329317955795,0.9067802226544903,0.9790404781366309,0.8876512108622335
AST-006130,0.8308835645850318,0.769730441679731,0.921732408215261,0.8407821381600079
AST-006131,0.7043021277403922,0.6532578670139547,0.8355883767232005,0.7310494571591826
AST-006132,0.92499630906717,0.5748996289503684,0.9302011832625319,0.8100323737600235
AST-006133,0.7074010886986163,0.5001470585469348,0.5709383281319165,0.5928288251258225
AST-006134,0.0,0.4830749766364472,0.5789613070630967,0.3540120945665146
AST-006135,0.0,0.6157559808764105,0.6935274316573494,0.43642780417791993
AST-006136,0.5387829135092287,0.60290383365038,0.862263854104793,0.6679835337548007
AST-006137,0.2226297141680701,0.8684504333327288,0.6529490977283553,0.5813430817430514
AST-006138,0.3361367242538817,0.7173781414848942,0.5518136253456494,0.5351094970281417
AST-006139,0.9384170187336249,0.31581999306286485,0.318012189850326,0.5240830672156053
AST-006140,0.3286210621689394,0.8204198828247414,0.5611324899314083,0.5700578116416964
AST-006141,0.5554630158537067,0.42547037786741787,0.7072596898800609,0.5627310278670619
AST-006142,0.45638360474442585,0.7290031254882934,0.8877189416103587,0.6910352239476927
AST-006143,0.5173810314208838,0.7258703687133281,0.8751381122628457,0.7061298374656859
AST-006144,0.4107557689654422,0.8109242575152927,0.5107127055375125,0.5774642440060825
AST-006145,0.0,0.5394558449842503,0.8932758396012375,0.47757722819516263
AST-006146,0.7760087238386538,0.06161751348536845,0.91148645144218,0.5830375629220674
AST-006147,0.0,0.9147137725909831,0.8801762332613419,0.5982966686174417
AST-006148,0.669149326814258,0.7790625440854683,0.791077392555472,0.7464297544850661
AST-006149,0.5375624382871582,0.6148270754269671,0.818154186195463,0.6568478999698627
AST-006150,0.0,0.3729634722962595,0.9608505868383603,0.44460468637820655
AST-006151,0.0,0.5369961829845351,0.8589839851086187,0.46532672269771796
AST-006152,0.3175888937294288,0.7709863404640923,0.8372935255632343,0.6419562532522518
AST-006153,0.5681028359311937,0.8553307349689786,0.6892127973755988,0.7042154560919237
AST-006154,0.567835674258152,0.6078195392663504,0.8712171101205975,0.6822907745483667
AST-006155,0.5526420210240772,0.8045118580062961,0.9845932196734986,0.7805823662346238
AST-006156,0.4048452917352139,0.6441947059306861,0.7899484189678553,0.6129961388779184
AST-006157,0.1890044064980478,0.6367504909869511,0.17038469031705664,0.33204652926735184
AST-006158,0.488830362080326,0.8032123085596959,0.678108169398703,0.6567169466795749
AST-006159,0.25464389946793164,0.7350478664495611,0.5583711623888521,0.516020976102115
AST-006160,0.6945486409474657,0.589625581574604,0.8198799893770893,0.7013514039663864
AST-006161,0.8197419905340099,0.796191490018563,0.9503989888789971,0.8554441564771901
AST-006162,0.6655219403944274,0.48382176025073326,0.7432355243308728,0.6308597416586778
AST-006163,0.28156243249251095,0.8210589108184465,0.9310711903703425,0.6778975112271
AST-006164,0.8770582912199186,0.8529198274993741,0.9864783723778162,0.9054854970323696
AST-006165,0.6552290773640248,0.6558317310573254,0.45756934991854,0.5895433861132967
AST-006166,0.828088604622589,0.59839973429233,0.7447760295972005,0.7237547895040398
AST-006167,0.32384690210551254,0.16494948044835006,0.09984441056726535,0.19621359770704264
AST-006168,0.9412833103590202,0.3212057832892904,0.8995585491694905,0.7206825476059336
AST-006169,0.9820905651246323,0.34955643981052426,0.6213946615552457,0.6510138888301341
AST-006170,0.4480852914771775,0.8276346748647374,0.9395081305213897,0.7384093656211016
AST-006171,0.6956500335282978,0.7336246826130696,0.7297741819172184,0.7196829660195286
AST-006172,0.7735899805800195,0.45921751003109323,0.9710771171329244,0.7346282025813458
AST-006173,0.5414126001981726,0.8412421921086368,0.9907137001153057,0.7911228308073718
AST-006174,0.4706790320909185,0.9308798206988098,0.9536175103777768,0.7850587877225017
AST-006175,0.37019985133119876,0.23413809713920442,0.717790378007122,0.44070944215917507
AST-006176,0.7108411629701226,0.07016384015455047,0.6071838570651922,0.4627296200632884
AST-006177,0.6940239471775048,0.7189679408737006,0.6601717712739147,0.6910545531083733
AST-006178,0.8068106037449272,0.8096363769343077,0.8991989309243656,0.8385486372012002
AST-006179,0.5315360087317974,0.3931678123512977,0.30543133191574734,0.41004505099961414
AST-006180,0.0,0.7367979937999342,0.7319027166458943,0.4895669034819428
AST-006181,0.6695911195692317,0.07521139701552969,0.9628593990801118,0.5692206385549577
AST-006182,0.8622296035838765,0.6953771412145909,0.7225383900255944,0.7600483782746873
AST-006183,0.45128222188453365,0.018920719140326118,0.49425055321210437,0.32148449807898805
AST-006184,0.7262546464400471,0.6753904648460122,0.9582008603696011,0.7866153238852202
AST-006185,0.6269673243288981,0.7319416645842095,0.8785340188375014,0.7458143359168696
AST-006186,0.5508212102229434,0.7574403580545505,0.6295550239773747,0.6459388640849562
AST-006187,0.0,0.9859135983220987,0.8919102924280718,0.6259412969167235
AST-006188,0.4171164671827851,0.35996348054295296,0.9710523505327601,0.582710766086166
AST-006189,0.7685761197533759,0.4583610638968992,0.5958489627616417,0.6075953821373056
AST-006190,0.0,0.8823722397890734,0.7506298924566374,0.5443340440819036
AST-006191,0.09908185362245665,0.08980864689374435,0.4267321333684859,0.20520754462822896
AST-006192,0.6467818655488566,0.7976087518659936,0.7177675669675417,0.7207193947941306
AST-006193,0.0,0.5026199064468609,0.8251528761316349,0.44259092752616525
AST-006194,0.0,0.12343540173034356,0.9801192666120284,0.367851556114124
AST-006195,0.39814213680616445,0.29196873397922696,0.9693636315160098,0.5531581674338004
AST-006196,0.43192941807747465,0.6762414758349432,0.9244456036192723,0.6775388325105633
AST-006197,0.9423111402766386,0.4875352645112148,0.24693173861123682,0.5589260477996968
AST-006198,0.3900887571003486,0.11340360751997311,0.6640668557951915,0.3891864068051711
AST-006199,0.2376200720047172,0.6449688260044294,0.1935121360914523,0.35870034470019957
AST-006200,0.19104685518410167,0.49600850554591697,0.7757510359911591,0.48760213224039256
AST-006201,0.3689978676611142,0.6345785880709253,0.9270316263599199,0.6435360273639864
AST-006202,0.6368971553179206,0.8288697204906249,0.9326784600033001,0.7994817786039485
AST-006203,0.7719932008034621,0.3612018749635836,0.37614360400588925,0.503112893257645
AST-006204,0.3571726877436198,0.7893894976950505,0.6912102344344934,0.6125908066243878
AST-006205,0.8696552449283108,0.5395228294439552,0.738636048725741,0.7159380410326689
AST-006206,0.3554865332897201,0.6744220168064249,0.7799063722251702,0.6032716407737717
AST-006207,0.627631905578903,0.7689701574290924,0.9782970309395161,0.7916330313158372
AST-006208,0.6350316169900743,0.46276100700482975,0.8011357326573549,0.6329761188840863
AST-006209,0.6367640184080096,0.6468427701113352,0.6517789965381442,0.645128595019163
AST-006210,0.728913089591122,0.8417084206715412,0.9394004662349009,0.8366739921658547
AST-006211,0.9062232705633702,0.823301808606529,0.7437450453248341,0.8244233748315778
AST-006212,0.7672886279509318,0.343678754555202,0.9453671726766347,0.6854448517275896
AST-006213,0.6643327963397874,0.798229041512376,0.9244439192048834,0.7956685856856822
AST-006214,0.7933750569700846,0.4472520053512149,0.8916396020639357,0.7107555547950785
AST-006215,0.497394081619574,0.5634388940540168,0.6387970105298847,0.5665433287344919
AST-006216,0.7451892870649275,0.49195025704717155,0.6227102413804678,0.6199499284975222
AST-006217,0.8810295596095197,0.12193045032128222,0.5762026288096961,0.5263875462468327
AST-006218,0.6557851269952722,0.6746688604272778,0.9324678211967019,0.7543072695397507
AST-006219,0.8119499041975485,0.677976305301632,0.9099457120729962,0.7999573071907257
AST-006220,0.0,0.6681450358712364,0.788819399226279,0.48565481169917185
AST-006221,0.41201999938016304,0.30786300796978217,0.8005411524228179,0.5068080532575877
AST-006222,0.7759527588591868,0.7727985971346405,0.7039142915969612,0.7508885491969295
AST-006223,0.8659200376178376,0.581819541480473,0.8760452808358177,0.7745949533113761
AST-006224,0.7888402148053412,0.7322520297380091,0.7060522871602359,0.7423815105678621
AST-006225,0.584163981411768,0.342771760814552,0.3339121758226842,0.4202826393496681
AST-006226,0.0,0.5573770326309708,0.989493422411732,0.5156234850142343
AST-006227,0.5458099050572144,0.6553961632615248,0.7249085150709496,0.6420381944632295
AST-006228,0.6897303301903609,0.5890172824921976,0.9806664959725708,0.7531380362183765
AST-006229,0.4750592675837387,0.6909092647705213,0.8275232406283609,0.6644972576608735
AST-006230,0.7309247334292992,0.40696918120092856,0.9814293203388815,0.7064410783230365
AST-006231,0.0,0.7010856258059917,0.4956500693139775,0.398911898373323
AST-006232,0.39909144987548245,0.8313575467349147,0.2615738198151673,0.4973409388085215
AST-006233,0.576216296817024,0.661972744235584,0.9689027996373867,0.7356972802299984
AST-006234,0.118056979538489,0.841211232422907,0.6081186787233983,0.5224622968949314
AST-006235,0.8473888807477423,0.8181549173276093,0.7302770415981433,0.7986069465578316
AST-006236,0.33430678589879587,0.7327593500950085,0.9543580053219798,0.6738080471052613
AST-006237,0.7832975519582643,0.8877681823584883,0.6117203096838713,0.7609286813335414
AST-006238,0.5377673434785428,0.7087754523352604,0.9542179810472305,0.7335869256203446
AST-006239,0.6528043909748421,0.6738720885016313,0.8800393322026283,0.7355719372263673
AST-006240,0.9026740935461803,0.9641984747400271,0.9222947902972692,0.9297224528611588
AST-006241,0.7694612143902322,0.7520821274166312,0.8766353699966426,0.799392903934502
AST-006242,0.3639532585336406,0.06769961099796645,0.7797410389597318,0.40379796949711294
AST-006243,0.9566410806852667,0.4860002835854023,0.9170232166898024,0.7865548603201571
AST-006244,0.8212227870427142,0.8907096896532806,0.6994527793139069,0.8037950853366338
AST-006245,0.9385966789484431,0.8720618602860355,0.8734638771104345,0.894707472114971
AST-006246,0.751601208709739,0.6022295166745872,0.8025186371813408,0.7187831208552223
AST-006247,0.5776191389275597,0.5145382586287613,0.879111006433682,0.6570894679966677
AST-006248,0.48944653683838546,0.23834061391016478,0.6498363674350383,0.4592078393945295
AST-006249,0.16767103407364822,0.10877647584525336,0.9560212549549966,0.4108229216246327
AST-006250,0.6756789187678846,0.7895404204546606,0.8847038040063278,0.7833077144096242
AST-006251,0.564415432682008,0.6456038380502297,0.9984316512176589,0.7361503073166321
AST-006252,0.45471495157664155,0.5198853113510356,0.7019143039948822,0.5588381889741864
AST-006253,0.9004892756149718,0.7311887050385123,0.95294947551394,0.8615424853891414
AST-006254,0.4634500843723916,0.6328430454153295,0.8211534807410229,0.639148870176248
AST-006255,0.8083515214689426,0.5847345681975132,0.7335433924949277,0.7088764940537945
AST-006256,0.3392718568338601,0.7118304939629575,0.7905823648356738,0.6138949052108305
AST-006257,0.13234571170102358,0.539841707096372,0.7411281055410072,0.4711051747794676
AST-006258,0.816771826821473,0.46245365749233425,0.8415129114431722,0.7069127985856598
AST-006259,0.31354697486508,0.21815118371987846,0.9447207509162066,0.49213963650038833
AST-006260,0.919527851725974,0.7617641867284768,0.9674789202498933,0.882923652901448
AST-006261,0.42868655778134246,0.34776162269590244,0.34977995026877123,0.37540937691533877
AST-006262,0.7635808904418239,0.73926546885728,0.5938914406431465,0.6989125999807501
AST-006263,0.0,0.48638346151771006,0.9599672873606983,0.4821169162928028
AST-006264,0.5577637692546633,0.5823661917597596,0.6351793444586191,0.591769768491014
AST-006265,0.096006925648051,0.5053003362511965,0.8943380703032534,0.4985484440675003
AST-006266,0.6399402114742099,0.7375525486923313,0.8017845008355855,0.7264257536673755
AST-006267,0.6193306833922477,0.7149970198797683,0.9551776166103649,0.7631684399607938
AST-006268,0.7059882229930006,0.1352946237224677,0.42930243646021937,0.4235284277252292
AST-006269,0.2050934476652916,0.6177243560632808,0.7580832925074054,0.5269670320786592
AST-006270,0.12588034958327124,0.15396554210203522,0.3755887640390481,0.2184782185747849
AST-006271,0.46930330087513156,0.29048874481178844,0.8532783949495641,0.5376901468788281
AST-006272,0.7577898746023897,0.3742746267334327,0.49382868411803693,0.5419643951512865
AST-006273,0.5351623335279191,0.8468217201100379,0.9321504564043684,0.7713781700141085
AST-006274,0.7607709794215249,0.43893850989514616,0.6769925940233146,0.6255673611133286
AST-006275,0.6656480125011901,0.6579783229578124,0.8447291789441421,0.7227851714677148
AST-006276,0.7690790012269665,0.7880652371969515,0.6284108231401203,0.7285183538546794
AST-006277,0.49748466466355923,0.4615905859985578,0.9084537741993046,0.6225096749538072
AST-006278,0.42473871807222696,0.6201965352081694,0.6939151233446865,0.5796167922083609
AST-006279,0.7181303152144982,0.2514894055022382,0.7487418783706359,0.5727871996957908
AST-006280,0.0,0.2593902431493897,0.9990372799877087,0.4194758410456995
AST-006281,0.7499932226904523,0.8431026549134527,0.8736675088040031,0.8222544621359694
AST-006282,0.0,0.870729519217161,0.8379708662551945,0.5695667951574518
AST-006283,0.6401710607027804,0.8890985464887498,0.9816194803167224,0.8369630291694176
AST-006284,0.4573120875566092,0.3806659461966808,0.08929938970344171,0.30909247448557725
AST-006285,0.43202908743353996,0.7121740175504495,0.9874714261104109,0.710558177031467
AST-006286,0.6332814922848562,0.6754787306098126,0.9117496290902872,0.740169950661652
AST-006287,0.8642298341219805,0.8708771128114873,0.9521691408459195,0.8957586959264624
AST-006288,0.5795391674350385,0.8554328365532561,0.9526476384964092,0.795873214161568
AST-006289,0.28447655835874086,0.32521329842748936,0.6938118354032857,0.434500564063172
AST-006290,0.7363684489092812,0.44975970665726733,0.7631931009307394,0.6497737521657627
AST-006291,0.17671504718262712,0.3185012533305013,0.9507537631214927,0.4819900212115404
AST-006292,0.6424122101178392,0.6000680569655236,0.8496143947429718,0.6973648872754449
AST-006293,0.6330587934282843,0.5401832515173352,0.7154466953894938,0.6295629134450377
AST-006294,0.27579349475700515,0.5713085848543995,0.9584851419929357,0.6018624072014468
AST-006295,0.5981537117977248,0.13072287643859037,0.8465266472085043,0.5251344118149398
AST-006296,0.0,0.7717839580372667,0.8091767056157745,0.526986887884347
AST-006297,0.6987009341861808,0.7217500716771607,0.8825727446744487,0.7676745835125968
AST-006298,0.5390518342080527,0.6586623044142447,0.914597042554369,0.7041037270588889
AST-006299,0.5044638731949938,0.2399491163179418,0.7968478462324101,0.5137536119151153
AST-006300,0.0,0.7242810668816938,0.08588566218577455,0.2700555763558228
AST-006301,0.2558656548107446,0.37053482415031486,0.9026028761673021,0.5096677850427872
AST-006302,0.6555041135652347,0.792947868820356,0.9305372567684689,0.7929964130513532
AST-006303,0.8464280497507831,0.9657905365638746,0.8247702182200856,0.8789962681782478
AST-006304,0.19368395721815318,0.6987334938425925,0.5797179533137589,0.4907118014581682
AST-006305,0.6383534625409392,0.7073525499759841,0.9041466768998743,0.7499508964722659
AST-006306,0.5211770284118736,0.15850090297818503,0.07217306955688346,0.2506170003156474
AST-006307,0.6934450443511647,0.9103669947503192,0.6806875222756114,0.7614998537923651
AST-006308,0.44033905378058535,0.8050994721089472,0.8889075288964454,0.7114486849286593
AST-006309,0.7593889625996224,0.7243552869828845,0.9213127164259268,0.8016856553361446
AST-006310,0.8822025050232346,0.6948438805061725,0.9110312424113979,0.8293592093136017
AST-006311,0.6370709504696782,0.6995039620373783,0.9832920498245414,0.7732889874438659
AST-006312,0.40717697578337947,0.31781547700925045,0.8584945048092736,0.5278289858673012
AST-006313,0.21074978032541275,0.4110375290952504,0.7394243924420857,0.4537372339542496
AST-006314,0.605519936493989,0.47341197171467636,0.9998504828200112,0.6929274636762255
AST-006315,0.8525909851562755,0.4759171436165651,0.7356690378164709,0.6880590555297705
AST-006316,0.5875117851127012,0.7867957854227927,0.8098884831648915,0.7280653512334618
AST-006317,0.3457387264979222,0.4337434824080872,0.8527876760031788,0.544089961636396
AST-006318,0.8588243194066086,0.2674824202211902,0.4594186783213788,0.5285751393163926
AST-006319,0.4014699162679047,0.34281844488665636,0.787343894765537,0.5105440853066994
AST-006320,0.6403489214795066,0.38657038183152476,0.8275020662891844,0.6181404565334052
AST-006321,0.27439086778520305,0.4149447245830921,0.9003698904380175,0.5299018276021042
AST-006322,0.7375136074740244,0.6250524171799685,0.7122406020942188,0.6916022089160706
AST-006323,0.532330988609147,0.5419312330484966,0.34785334727738854,0.474038522978344
AST-006324,0.5891185508442435,0.3824547849228301,0.9698325392946727,0.6471352916872487
AST-006325,0.532500459132666,0.5736256778147892,0.8466438062273529,0.6509233143916028
AST-006326,0.6735315560205333,0.8588571570134708,0.6221387818046749,0.7181758316128929
AST-006327,0.5198055966732826,0.17759386871933755,0.8004159067201901,0.49927179070427014
AST-006328,0.7105314716769185,0.19116253711216824,0.7201576573662993,0.5406172220517954
AST-006329,0.08084500265759051,0.9316277138391262,0.8641461736947521,0.6255396300638228
AST-006330,0.5911376595252374,0.3752925769666434,0.8683772881032769,0.6116025081983859
AST-006331,0.5248542477357206,0.25274162894399116,0.9159635141452258,0.5645197969416459
AST-006332,0.0,0.23560901127376443,0.8537455042300631,0.3631181718346092
AST-006333,0.4015943697966985,0.22135982447915012,0.524371835524966,0.38244200993360494
AST-006334,0.660805535468806,0.5568116845445052,0.07073809747481644,0.42945177249604255
AST-006335,0.0,0.6500798660198989,0.8511543020644944,0.5004113893614645
AST-006336,0.6270803132371572,0.5194140349093151,0.8025301783185473,0.6496748421550066
AST-006337,0.25020408581595643,0.8545083719096642,0.8287128650465534,0.6444751075907247
AST-006338,0.0,0.1648749351529583,0.9377843675307155,0.3675531008945579
AST-006339,0.18934801810168933,0.6809401184961652,0.988471874325145,0.6195866703076666
AST-006340,0.7489073597319602,0.37619555568629415,0.9518460035575261,0.6923163063252602
AST-006341,0.34912091554899566,0.21840014964785529,0.7686321584926618,0.4453844078965042
AST-006342,0.7748710387175453,0.4942284339760371,0.5391841530664278,0.6027612085866699
AST-006343,0.6763609339360959,0.29822327270801563,0.8844671557191801,0.6196837874544305
AST-006344,0.3400031672340482,0.28671038172509566,0.724003935194871,0.4502391613846717
AST-006345,0.35861310412628256,0.45340688948722857,0.9867854524096618,0.5996018153410576
AST-006346,0.7639386422363768,0.15298607564248637,0.8428041713172695,0.5865762963987109
AST-006347,0.5908830990941831,0.16432478443763426,0.7017763883536914,0.48566142396183626
AST-006348,0.7434622254594323,0.29540306903954566,0.8304749479820488,0.6231134141603423
AST-006349,0.3069370984062883,0.3825319244506324,0.7355022019743401,0.474990408277087
AST-006350,0.49899857201767733,0.8483941432169189,0.7601773512975241,0.7025233555107068
AST-006351,0.6130002129016626,0.4069223407492891,0.7321183637161474,0.5840136391223664
AST-006352,0.9516907912684474,0.6930034764990483,0.7824021200449632,0.8090321292708196
AST-006353,0.5295701929907599,0.4326175957279052,0.9106724098295045,0.6242867328493898
AST-006354,0.20714692075943622,0.35770965434924207,0.929877280862486,0.49824461865705477
AST-006355,0.28322363291320213,0.7560859378038357,0.6739642134321182,0.571091261383052
AST-006356,0.32481385210185676,0.6920525016442696,0.8721133400013847,0.6296598979158371
AST-006357,0.7925313634773493,0.9002939929002604,0.959760108889549,0.8841951550890529
AST-006358,0.9395536532809732,0.6378019528927783,0.2712446568480973,0.6162000876739496
AST-006359,0.9251648455342689,0.2507047059661335,0.8195587949349725,0.6651427821451249
AST-006360,0.6667954118431422,0.45796712681631946,0.5561164957627119,0.5602930114740579
AST-006361,0.8370894371758648,0.6532356167169762,0.9054761521025051,0.7986004019984487
AST-006362,0.2503198833906649,0.4638544982604751,0.7279373402014391,0.48070390728419304
AST-006363,0.7307375552574078,0.19972539136229864,0.9772680380510121,0.6359103282235729
AST-006364,0.8267112560021211,0.3370781591364282,0.977887523278877,0.7138923128058088
AST-006365,0.695364707972305,0.6191625742726835,0.8886241996222424,0.7343838272890769
AST-006366,0.7990282855691385,0.7741700401486308,0.8821825146850567,0.8184602801342753
AST-006367,0.9711781052945201,0.42615829986152376,0.4878010544287439,0.6283791531949293
AST-006368,0.11363306779270581,0.3377121859916503,0.842191262370585,0.4311788387183137
AST-006369,0.6553764271527635,0.4711565141597918,0.43214728167937444,0.5195600743306432
AST-006370,0.48487972448550404,0.294762597734484,0.9180278109947146,0.5658900444049009
AST-006371,0.807993235253741,0.602882992837281,0.7501949067128304,0.7203570449346174
AST-006372,0.0,0.8490571854893895,0.2515424324796219,0.3668665393230038
AST-006373,0.8727916402928175,0.2785853040507663,0.908313611031989,0.6865635184585243
AST-006374,0.5855017482401637,0.2538497981537248,0.7573123141049393,0.5322212868329426
AST-006375,0.6430698930794447,0.4486825584295016,0.417007665472418,0.5029200389937881
AST-006376,0.5994993438438672,0.3871221885023528,0.6973061400153652,0.5613092241205284
AST-006377,0.23883449042198934,0.134618782719877,0.8215848619879522,0.3983460450432729
AST-006378,0.4585433476686334,0.6441575079943422,0.5617419346940451,0.5548142634523402
AST-006379,0.7666198009020868,0.8327526490626984,0.9707587984339069,0.8567104161328974
AST-006380,0.8750669699469068,0.3772585264488527,0.9859805293950007,0.7461020085969201
AST-006381,0.656270132789631,0.9065726649899467,0.5748473651922603,0.7125633876572793
AST-006382,0.0,0.3921826719553078,0.5888746222792818,0.32701909807819657
AST-006383,0.7922102341695618,0.40372543836210395,0.9191826707949013,0.7050394477755223
AST-006384,0.36591406128888265,0.47946572230222706,0.5771542872940743,0.4741780236283946
AST-006385,0.7837668118969465,0.7445554133600107,0.9290088938158524,0.8191103730242699
AST-006386,0.5893686653978651,0.502494807627239,0.459911939725106,0.5172584709167367
AST-006387,0.41840150626986683,0.07016194992664447,0.535016670925048,0.3411933757071865
AST-006388,0.655786226754444,0.7078502857904735,0.7876298502010101,0.7170887875819759
AST-006389,0.74101818234825,0.7927457590141425,0.7241873517966381,0.7526504310530102
AST-006390,0.5087331713726629,0.371095322745769,0.3678755163270953,0.41590133681517577
AST-006391,0.347132622067918,0.47473301391579015,0.9189757557416116,0.5802804639084399
AST-006392,0.2955496748138834,0.11024958562044622,0.5488597570990793,0.3182196725111363
AST-006393,0.4410911014182857,0.7851293264190887,0.7472141075733193,0.6578115118035646
AST-006394,0.24690044853044518,0.6889654343537669,0.5235247627450836,0.4864635485430986
AST-006395,0.636060629283381,0.6769240048515885,0.9427597457569995,0.751914793297323
AST-006396,0.0,0.7543688840756254,0.9097400474744701,0.5547029771833651
AST-006397,0.5421735008806592,0.9286942186436329,0.9797617141542418,0.8168764778928447
AST-006398,0.0,0.7714689258387989,0.6187827241080119,0.4634172166489369
AST-006399,0.48226768160144906,0.6984310313257428,0.842368921684137,0.6743558782037763
AST-006400,0.8170373286773961,0.3766135728657997,0.9071812083533606,0.7002773699655188
AST-006401,0.7155952809160515,0.5674026831537177,0.9955774544131786,0.759525139494316
AST-006402,0.3301431853966727,0.6927265772839869,0.809455752025344,0.6107751715686679
AST-006403,0.31433334633260257,0.7862110939523972,0.7474296851332766,0.6159913751394255
AST-006404,0.7521605613857631,0.8219241243403622,0.8736152777444764,0.8158999878235339
AST-006405,0.4038693495474559,0.7117990458770572,0.9671477273164065,0.6942720409136398
AST-006406,0.0,0.23839268922142237,0.9439669486459429,0.3941198792891218
AST-006407,0.8229953383989947,0.7378719700618438,0.794007718874831,0.7849583424452232
AST-006408,0.6487050051520076,0.7131504884989083,0.3007185475841497,0.5541913470783552
AST-006409,0.3666775490421425,0.9525368578406229,0.6588852521912822,0.6593665530246825
AST-006410,0.6745921484585802,0.3819746614546616,0.7785460122632029,0.6117042740588149
AST-006411,0.852240546025261,0.8752825510613846,0.9324957651851911,0.8866729540906122
AST-006412,0.9771680886492807,0.3981885246584464,0.7827821020396042,0.7193795717824437
AST-006413,0.9551321374225784,0.570000657900662,0.9405205202408298,0.8218844385213567
AST-006414,0.694234488550387,0.6741396332483999,0.9977654597316139,0.7887131938434669
AST-006415,0.6429404028802074,0.6000535110622713,0.8680668441817252,0.7036869193747347
AST-006416,0.6551593618347116,0.7752737316370798,0.7147247076362211,0.7150526003693375
AST-006417,0.0,0.32339607036508516,0.9917038264139396,0.4383666322596749
AST-006418,0.38419921671986473,0.8243849473762158,0.4916048835794463,0.566729682558509
AST-006419,0.6685480373046953,0.9083036783741683,0.8269801063534148,0.8012772740107593
AST-006420,0.785791706258638,0.7853262740897531,0.7504052045726021,0.7738410616403311
AST-006421,0.4394159985649323,0.489358154104821,0.5239577653176745,0.48424397266247593
AST-006422,0.41130937631584835,0.2444514697447996,0.8319709109241418,0.49591058566159657
AST-006423,0.7495997913472657,0.7523519423083511,0.9602480718042723,0.8207332684866296
AST-006424,0.19891996198657533,0.846127506541711,0.605851528917879,0.5502996658153884
AST-006425,0.7830889066733413,0.4187831526078854,0.8949763549688162,0.698949471416681
AST-006426,0.5228260156598402,0.288660054606054,0.9439809216582081,0.5851556639747008
AST-006427,0.5702613873202375,0.6032653949927749,0.5247537792471404,0.5660935205200509
AST-006428,0.5372086848264175,0.5827769534456307,0.9153639305556963,0.6784498562759148
AST-006429,0.6549388297609394,0.6020406909109222,0.8556241090899054,0.7042012099205889
AST-006430,0.7393742386890669,0.708708959955394,0.9091209583580883,0.7857347190008497
AST-006431,0.5073841775577553,0.5728968035955696,0.500844403559956,0.5270417949044269
AST-006432,0.8017662904388798,0.3263686134279257,0.785631660168689,0.6379221880118315
AST-006433,0.9344490564564923,0.7657551315047436,0.4225945465538114,0.7075995781716825
AST-006434,0.21593594720989703,0.5345617357503378,0.1817505181296353,0.3107494003632901
AST-006435,0.8947162018849922,0.8004345713014234,0.9042076748120668,0.8664528159994941
AST-006436,0.34308890580664675,0.841962439781226,0.9281606106063096,0.7044039853980607
AST-006437,0.840233866160862,0.4710844798610859,0.6620597385087387,0.6577926948435623
AST-006438,0.6916271361399581,0.5563123407855539,0.751974166614034,0.6666378811798487
AST-006439,0.6478087051453915,0.3919492670864168,0.9108962939030233,0.6502180887116106
AST-006440,0.7456902145108796,0.5176582582453226,0.8971418052498311,0.7201634260020112
AST-006441,0.0,0.4392672551838832,0.38527732786712393,0.27484819435033575
AST-006442,0.3180507692584435,0.5806403779338508,0.9248548083511824,0.6078486518478255
AST-006443,0.617936108974497,0.8894205489673126,0.9638993267914688,0.8237519949110927
AST-006444,0.553344577661447,0.09760615030825981,0.583369282679266,0.41144000354965754
AST-006445,0.6408569640223446,0.46815346870909497,0.6015539940620702,0.5701881422645033
AST-006446,0.8397478454471896,0.28595954845185906,0.8434136596901993,0.6563736845297493
AST-006447,0.8805361541903952,0.155396019775885,0.8624396954451665,0.6327906231371488
AST-006448,0.5354271525122993,0.18588129114434118,0.8447116972161746,0.5220067136242718
AST-006449,0.734915619766732,0.45186151105465766,0.7793817180889849,0.6553862829701248
AST-006450,0.7391341758595334,0.42523246006169113,0.9261970938207017,0.6968545765806421
AST-006451,0.0,0.38356724755269533,0.7422704426038472,0.37527923005218083
AST-006452,0.6842352957007067,0.7075265366904573,0.8891434902056593,0.7603017741989411
AST-006453,0.7631908803058769,0.366045052714398,0.6772967995382884,0.6021775775195211
AST-006454,0.4475138579909698,0.49197567639166734,0.5746668266865353,0.5047187870230575
AST-006455,0.8947596578281337,0.4558007554478703,0.8570397212983902,0.7358667115247982
AST-006456,0.7688732902623091,0.5175803197583316,0.9860544421140068,0.7575026840448825
AST-006457,0.2400239133186124,0.7538355282351726,0.5818540417622198,0.5252378277720017
AST-006458,0.0,0.5158892880705288,0.5319072014497394,0.3492654965067561
AST-006459,0.7018530882343252,0.8876161853097954,0.9750543575564389,0.8548412103668531
AST-006460,0.0,0.4974745007275485,0.8676874132507101,0.45505397132608616
AST-006461,0.8747844238815798,0.7471370868461367,0.8109411482414918,0.8109542196564027
AST-006462,0.0,0.43523552981445196,0.829902410639979,0.42171264681814363
AST-006463,0.6451900393869251,0.7306889230924057,0.85746484127154,0.7444479345836236
AST-006464,0.8627655656170973,0.6284684461957476,0.4233853181658027,0.6382064433262159
AST-006465,0.525840778836361,0.66606625808846,0.9339038374079195,0.7086036247775801
AST-006466,0.5302901353004855,0.7133480814159026,0.8502641686506053,0.6979674617889978
AST-006467,0.7485859598678529,0.3675920127985434,0.9731022941677266,0.6964267556113742
AST-006468,0.4203059781220752,0.11875425142506152,0.5581330386397972,0.36573108939564464
AST-006469,0.6141895014629204,0.7385887733641847,0.9512710351363582,0.7680164366544878
AST-006470,0.37112590426940034,0.8965726724244854,0.6374811126237635,0.6350598964392163
AST-006471,0.0,0.762127698604454,0.9036572093019798,0.5552616359688113
AST-006472,0.19848875679384098,0.48598372033248116,0.9479974497947681,0.5441566423070301
AST-006473,0.2130542259120707,0.15181795987901076,0.856455199493703,0.4071091284282615
AST-006474,0.0,0.46367965693850105,0.6522287294751687,0.37196946213788995
AST-006475,0.8512957516629274,0.7953151161004558,0.7073053130553795,0.7846387269395875
AST-006476,0.7670551724306829,0.4119747144522139,0.8260123434442177,0.6683474101090381
AST-006477,0.5183272658812833,0.3052993821642164,0.8509411432423749,0.5581892637626248
AST-006478,0.7660381769068049,0.3975735559276156,0.5396597356035863,0.5677571561460022
AST-006479,0.468068070299572,0.8396911984913977,0.775053668584605,0.6942709791251916
AST-006480,0.33922190557904636,0.4350772938107757,0.8566504832401645,0.5436498942099955
AST-006481,0.518921691769207,0.14022957217306573,0.9446763640183622,0.5346092093202116
AST-006482,0.8269173329549938,0.6530260827344047,0.5843417254280525,0.6880950470391504
AST-006483,0.37478865107669085,0.3483144980766952,0.6121480615556413,0.4450837369030091
AST-006484,0.42042804690822244,0.5663835326568436,0.5944589346028304,0.5270901713892988
AST-006485,0.9272769406338851,0.9343741137052982,0.9249989930419846,0.9288833491270561
AST-006486,0.7173473232322172,0.5975295394179676,0.6103517075012593,0.641742856717148
AST-006487,0.8297824038628745,0.6537951536809692,0.9674460181336191,0.8170078585591543
AST-006488,0.0,0.7620439844505769,0.9326274479220926,0.5648904774575565
AST-006489,0.5010584786263781,0.42021269800290145,0.8317363142325297,0.5843358302872698
AST-006490,0.6302654468940221,0.688401307044215,0.8126270071428657,0.710431253693701
AST-006491,0.24456790269690906,0.9420450040272565,0.8578117334625824,0.6814748800622493
AST-006492,0.5501108478489498,0.587549516569254,0.5701833903834772,0.5692812516005604
AST-006493,0.5196843270042074,0.18263623664852421,0.7262887292123547,0.4762030976216954
AST-006494,0.34733569934661407,0.8429978131973213,0.487209368741708,0.5591809604285478
AST-006495,0.7325395255233946,0.5391578936900543,0.4944282546458718,0.588708557953107
AST-006496,0.1575455988820878,0.4465210775036863,0.5028947072628501,0.3689871278828747
AST-006497,0.694836158814276,0.6287700890137724,0.7138283971606251,0.6791448816628911
AST-006498,0.0,0.10811925156033292,0.7422731657851765,0.2834641391151698
AST-006499,0.6065601548756074,0.5185682508082339,0.5131199328301,0.5460827795046471
AST-006500,0.719679824649354,0.2721798172125549,0.663584201829582,0.5518146145638303
AST-006501,0.8438776842247299,0.5193983292653616,0.7681832142777141,0.7104864092559352
AST-006502,0.266147215168858,0.7446253550169029,0.6133887705987803,0.541387113594847
AST-006503,0.6827683318036931,0.8094574987592174,0.5736918267866447,0.6886392191165184
AST-006504,0.7570495009808199,0.8165913717981764,0.7545752430732732,0.7760720386174231
AST-006505,0.1920208064723313,0.6097331929140524,0.7688613298962022,0.5235384430941953
AST-006506,0.0,0.580406768832739,0.7522355345236336,0.44421410111879084
AST-006507,0.7525141775177797,0.5336698158472173,0.8907320535128018,0.7256386822925996
AST-006508,0.5744137274358967,0.9072298340928224,0.6628536879031686,0.714832416477296
AST-006509,0.6434505807231498,0.6013509412368669,0.7950777607454229,0.6799597609018132
AST-006510,0.8523150622847955,0.13895552508171347,0.9973927137106062,0.6628877670257051
AST-006511,0.4156639999686334,0.1981381444282028,0.7428384140731182,0.4522135194899848
AST-006512,0.5188936047982274,0.38096818363928614,0.6792045546112863,0.5263554476829332
AST-006513,0.19296298889437374,0.2429021173213662,0.7094014713772411,0.381755525864327
AST-006514,0.9139426768159707,0.7201373047001552,0.7965455746002191,0.8102085187054483
AST-006515,0.738899666459988,0.7857499098543176,0.5553570693381152,0.6933355485508069
AST-006516,0.6652062039685663,0.4129283224557539,0.6759501768621947,0.584694901095505
AST-006517,0.6390539293717978,0.896228521452224,0.6199627405499266,0.7184150637913161
AST-006518,0.3143095347275375,0.3902710295128248,0.9117914075711625,0.5387906572705082
AST-006519,0.7997921181518589,0.4577281408614915,0.5317665065478685,0.5964289218537396
AST-006520,0.9550801344291368,0.5382584327284843,0.9185955145678917,0.8039780272418375
AST-006521,0.5278778596038896,0.6229808569240987,0.783713671547749,0.6448574626919124
AST-006522,0.9483561785226512,0.5876169733375691,0.7182938794940172,0.7514223437847458
AST-006523,0.5529250637359123,0.5525045334907149,0.965264379054483,0.6902313254270368
AST-006524,0.5850374991874995,0.9550700281350015,0.8876031460255124,0.8092368911160045
AST-006525,0.4356184508624869,0.4842777574657598,0.9210858986677689,0.6136607023320052
AST-006526,0.2998451523908339,0.8126422019680178,0.8278405011003955,0.6467759518197491
AST-006527,0.3092975634936166,0.4533037943491231,0.19836196484327293,0.3203211075620042
AST-006528,0.32610462774523313,0.7794702321619053,0.907370762882772,0.6709818742633035
AST-006529,0.6996757623272072,0.6484083771489962,0.8007944625240518,0.7162928673334185
AST-006530,0.6518344739735717,0.5322835991623966,0.4621501338973909,0.5487560690111198
AST-006531,0.9133108396802119,0.855110252189135,0.6723555911301172,0.8135922276664881
AST-006532,0.8532771482496256,0.7772229069752417,0.9042236789860799,0.8449079114036491
AST-006533,0.5322962946978242,0.8379315384380448,0.9219691411367851,0.7640656580908848
AST-006534,0.0,0.9591857203347917,0.9807802279799157,0.6466553161049025
AST-006535,0.43197094531122954,0.38015675755231704,0.7157487545444751,0.5092921524693406
AST-006536,0.3310528075282271,0.3153013416785649,0.5724362409377693,0.4062634633815205
AST-006537,0.3171196973388799,0.586919407963446,0.8026289682702274,0.5688893578575178
AST-006538,0.38468553621505164,0.7995556139855826,0.41888613886302295,0.534375763021219
AST-006539,0.36823536826709,0.7572221527516021,0.7798082537821668,0.6350885916002863
AST-006540,0.7851379798994953,0.38962548483825216,0.8109885822747704,0.6619173490041727
AST-006541,0.9292902105374817,0.40332998743270965,0.8905770013273694,0.7410657330991869
AST-006542,0.741940758503602,0.5712275811146532,0.31069865590802265,0.5412889985087593
AST-006543,0.6313683922055473,0.662463484688769,0.9872261152923363,0.7603526640622175
AST-006544,0.6394732328761364,0.2932719121158412,0.5251079413523949,0.4859510287814575
AST-006545,0.5235187154580583,0.02035464571955281,0.4032715139326267,0.3157149583700793
AST-006546,0.8802805052014251,0.617565989495015,0.8978100718182692,0.7985521888382364
AST-006547,0.5773227543115539,0.34766419762921186,0.9441905495235291,0.623059167154765
AST-006548,0.21118537085667438,0.5979901356916086,0.6978565258263824,0.5023440107915551
AST-006549,0.5601954291271726,0.9564253746239667,0.9769101812035833,0.8311769949849075
AST-006550,0.8333156591536544,0.6768930183158965,0.9978845780255052,0.8360310851650187
AST-006551,0.5321558042466166,0.40251749734134684,0.9063652727456525,0.613679524777872
AST-006552,0.7141416771742889,0.8980444243125236,0.9812335733500226,0.8644732249456117
AST-006553,0.8124928780502897,0.7248865839584776,0.7839948085102025,0.7737914235063234
AST-006554,0.7076730076747099,0.4791195321128486,0.608992415823529,0.5985949852036958
AST-006555,0.8227528685990407,0.1893441276263936,0.5595758049632374,0.5238909337295573
AST-006556,0.5211127428902513,0.6412700457614565,0.5377596488086894,0.5667141458201325
AST-006557,0.6961182205587045,0.6102377626939022,0.8971537227530155,0.7345032353352074
AST-006558,0.439933048355611,0.4818156104364597,0.5022928767792482,0.47468051185710625
AST-006559,0.0,0.7075528885225176,0.5785474030448906,0.4287000971891361
AST-006560,0.8534677194936189,0.5265451927976353,0.9688734842142085,0.7829621321684876
AST-006561,0.8318210037177276,0.7907844709246075,0.6972933651297348,0.7732996132573566
AST-006562,0.5268745683348899,0.764842827125283,0.8554451622412808,0.7157208525671512
AST-006563,0.3124418888788845,0.23029711321397647,0.33756891771772946,0.2934359732701968
AST-006564,0.09104963075562537,0.5469713764762485,0.9065084231500048,0.5148431434606262
AST-006565,0.6890786068590634,0.6925236250293962,0.7352146113948616,0.7056056144277737
AST-006566,0.9407839883555573,0.9706811817274537,0.8175176859738148,0.9096609520189419
AST-006567,0.9366877944292495,0.4680874596819504,0.825450469107817,0.743408574406339
AST-006568,0.0,0.8332645812304038,0.6657967145236929,0.4996870985846989
AST-006569,0.7036869961412177,0.6090209948079393,0.9311303436271839,0.747946111525447
AST-006570,0.7445855129083577,0.7966882179345501,0.8548184095668641,0.7986973801365908
AST-006571,0.5535348800906986,0.6945302939629522,0.9795549330121853,0.742540035688612
AST-006572,0.30486213449020677,0.34332234333227474,0.8830855819143024,0.5104233532455946
AST-006573,0.4629021185215309,0.377079419485683,0.4297394075760873,0.4232403151944338
AST-006574,0.809006108421321,0.7337879517568308,0.7596855678223573,0.7674932093335031
AST-006575,0.0,0.28502067199784764,0.8918618388394591,0.39229417027910224
AST-006576,0.18730842022651983,0.3276945866135685,0.7156951431469204,0.4102327166623363
AST-006577,0.6163594859908514,0.4857569850066553,0.4772169067090312,0.5264444592355128
AST-006578,0.7836790903549893,0.21755718501116525,0.970919276635412,0.6573851840005221
AST-006579,0.8418176823982444,0.4829980975013821,0.9843743821280183,0.7697300540092149
AST-006580,0.7298127394697327,0.5246346698923167,0.7711925019740509,0.6752133037787001
AST-006581,0.43498259510210957,0.4639382474324244,0.9963340323437393,0.6317516249594245
AST-006582,0.90106927398726,0.7395786625629523,0.7098859419119332,0.7835112928207152
AST-006583,0.4955324306923492,0.7990792516624494,0.8203832278507346,0.7049983034018444
AST-006584,0.0,0.4517243674897124,0.9250314283188956,0.4589185986028694
AST-006585,0.49868210403504265,0.38706444628416836,0.9938322329951618,0.6265262611047909
AST-006586,0.815254875434442,0.8854990642417743,0.9188359620939334,0.8731966339233832
AST-006587,0.10887625998585117,0.4898947161560623,0.1664185103189588,0.25506316215362407
AST-006588,0.28891357524819705,0.9245758977736502,0.5444675649040134,0.5859856793086202
AST-006589,0.5637915828646578,0.5241070972158957,0.7722925864627387,0.6200637555144307
AST-006590,0.0,0.6758492852284913,0.4365210775980885,0.37079012094219327
AST-006591,0.6628292869979845,0.4836454467560686,0.4934006215221957,0.5466251184254163
AST-006592,0.7312219548849647,0.21519867941558907,0.2339455580449211,0.39345539744849156
AST-006593,0.0,0.7712612826845109,0.6968628330625182,0.48937470524900967
AST-006594,0.8256275663363958,0.49289723379136985,0.8736916828518673,0.7307388276598776
AST-006595,0.722105913033424,0.8481010821973303,0.9910720183390217,0.8537596711899252
AST-006596,0.9516230722815869,0.7854371479266624,0.9360060823404721,0.8910221008495739
AST-006597,0.0,0.7556652277486058,0.7565418417014598,0.5040690231500219
AST-006598,0.3891191064816236,0.24087939612159198,0.2852825024419775,0.3050936683483977
AST-006599,0.5122211033617712,0.5206366698639031,0.2752047891462904,0.4360208541239882
AST-006600,0.7448577432614576,0.8977381343189398,0.4025400232820762,0.6817119669541579
AST-006601,0.7085577815413965,0.8197109848322216,0.7037376889629129,0.7440021517788437
AST-006602,0.6931924299051413,0.49375698221269576,0.9887170706222573,0.7252221609133648
AST-006603,0.6146200464633299,0.5566222623967628,0.948637955781589,0.7066267548805606
AST-006604,0.6024123256072861,0.31407016240805485,0.6828087728354884,0.5330970869502765
AST-006605,0.7434443638098057,0.7577258757728199,0.9474765643600034,0.8162156013142097
AST-006606,0.857352241325378,0.275125982654682,0.9140025037373983,0.6821602425724862
AST-006607,0.72786153280694,0.6455522231888068,0.876880810065053,0.7500981886869332
AST-006608,0.08974605404253673,0.524764811334599,0.9907903965741175,0.5351004206504177
AST-006609,0.13289050028288862,0.26320704075914847,0.806736762864115,0.4009447679687173
AST-006610,0.6751435432897185,0.8838987020719402,0.866318042970081,0.8084534294439133
AST-006611,0.40355272381856994,0.7601389062030672,0.3932441478324465,0.5189785926180278
AST-006612,0.8770451583949135,0.627417052486742,0.9183251343267805,0.8075957817361453
AST-006613,0.6290149351902603,0.885976337245695,0.8533555578706092,0.7894489434355215
AST-006614,0.2682184917930287,0.7366510751790836,0.902061551009796,0.6356437059939694
AST-006615,0.4744136107371726,0.309585084379991,0.8996587632346726,0.5612191527839454
AST-006616,0.5378131779614795,0.37006940872101934,0.9971042065778202,0.6349955977534397
AST-006617,0.0,0.16874627430459693,0.9729085680641798,0.38055161412292554
AST-006618,0.9307485568747808,0.09261274420547036,0.7179196275892842,0.5804269762231784
AST-006619,0.6215995678319959,0.9853447983877158,0.6837459288281656,0.7635634316826257
AST-006620,0.4460581924280127,0.9313621274271746,0.8957454665239237,0.7577219287930369
AST-006621,0.0,0.40006089153132873,0.9692931809800192,0.4564513575037827
AST-006622,0.28465567231488553,0.5241044967957327,0.951588453055491,0.5867828740553698
AST-006623,0.3626641628093166,0.7233999312050607,0.9111971249548585,0.6657537396564119
AST-006624,0.0,0.4362507095503832,0.8515273708851294,0.42925936014517085
AST-006625,0.5454586532370164,0.555632101827494,0.782188549694338,0.6277597682529494
AST-006626,0.5950118075055284,0.12605865059546137,0.9191381205481441,0.5467361928830446
AST-006627,0.174193437442367,0.27858013713504265,0.24619236918484413,0.23298864792075125
AST-006628,0.7975493130731877,0.6125753959491287,0.9149469222907979,0.7750238771043714
AST-006629,0.5279964586111697,0.7969464257225669,0.7471247396021045,0.6906892079786137
AST-006630,0.6962499902153231,0.6680266459562776,0.8134935709166727,0.7259234023627578
AST-006631,0.6176407105717893,0.8360823184426449,0.9338663313342223,0.7958631201162188
AST-006632,0.5224135391672963,0.5041551174345562,0.8917720900696033,0.6394469155571519
AST-006633,0.0,0.3178685920887555,0.6932250064178476,0.33703119950220106
AST-006634,0.7779009275337431,0.397258335837957,0.9401319669960424,0.7050970767892476
AST-006635,0.4233279364262092,0.37428956566467714,0.9406266469065787,0.5794147163324883
AST-006636,0.813909940663074,0.4171789471735851,0.8787588033379434,0.7032825637248674
AST-006637,0.6880714469520899,0.6547273581355569,0.9492237224104333,0.7640075091660267
AST-006638,0.8620069280129249,0.2947050195377341,0.7284551951897081,0.6283890475801224
AST-006639,0.8623405786380776,0.48947983381599747,0.8058982393940515,0.7192395506160422
AST-006640,0.4102174064346792,0.6595002296327163,0.8951088850873049,0.6549421737182334
AST-006641,0.6722440540276862,0.2379541045300946,0.9359256341674448,0.6153745975750752
AST-006642,0.5929797107163867,0.29891829520459595,0.9609740508999342,0.6176240189403056
AST-006643,0.9222331297630372,0.9294742819811025,0.7027765316115969,0.8514946477852455
AST-006644,0.0,0.3861882037093946,0.6527030844851825,0.34629709606485903
AST-006645,0.7080203567015304,0.7475553847307859,0.9711933607206644,0.8089230340509935
AST-006646,0.8505058279641311,0.8215286322892908,0.9416877745412571,0.8712407449315597
AST-006647,0.8030046044363215,0.6572906801448766,0.8531298815733077,0.7711417220515019
AST-006648,0.3687493224457951,0.7687278395845119,0.6665114420224285,0.6013295346842452
AST-006649,0.43009079761546276,0.14538273270806532,0.5874147852956876,0.3876294385397386
AST-006650,0.9219740206533447,0.7555043786385893,0.8114866374613442,0.8296550122510927
AST-006651,0.7181901002855261,0.9750842858060734,0.8827422406862225,0.8586722089259408
AST-006652,0.5777205126998096,0.5363226294451516,0.9369072832387801,0.6836501417945805
AST-006653,0.0,0.3069101239309297,0.9817133607541902,0.42954116156170663
AST-006654,0.6716944183723376,0.44004802190384495,0.9435506161053723,0.6850976854605183
AST-006655,0.2597013260554342,0.5072429920253643,0.6621531652045258,0.4763658277617748
AST-006656,0.5728023076649807,0.4253301229172792,0.6350402614385129,0.5443908973402576
AST-006657,0.0,0.4042995183158627,0.7861916273093642,0.39683038187507563
AST-006658,0.42498680847893694,0.7671962442472313,0.6928497866879664,0.6283442798047115
AST-006659,0.7635588073370079,0.28057502197374423,0.6711916040390193,0.5717751444499238
AST-006660,0.632086669044389,0.48125381421793745,0.43146233041788423,0.514934271226737
AST-006661,0.2715211345533616,0.6326728895167939,0.8266189405980308,0.5769376548893954
AST-006662,0.38095696856508604,0.7068786927441522,0.9806673392031016,0.6895010001707799
AST-006663,0.5560151807636114,0.6594491540893952,0.7429811138486269,0.6528151495672111
AST-006664,0.32815718990973414,0.2947099378360383,0.9846186464052789,0.5358285913836838
AST-006665,0.7231180633139647,0.36846542069338983,0.8932954874484388,0.6616263238185978
AST-006666,0.840812624368774,0.8167871105715636,0.8951031737772802,0.8509009695725394
AST-006667,0.4708352720788332,0.5225334630317919,0.8004875514249875,0.5979520955118708
AST-006668,0.7350205564622171,0.5969176896096082,0.76466508302023,0.6988677763640183
AST-006669,0.0,0.11157100869675793,0.24959707405331583,0.12038936091669124
AST-006670,0.7632499908783463,0.08812241820760139,0.8381891247728285,0.5631871779529254
AST-006671,0.5761825649472812,0.4600183463288042,0.9567213283223993,0.6643074131994949
AST-006672,0.8408493880812044,0.858165200940119,0.8633283805094423,0.8541143231769218
AST-006673,0.25178559483554436,0.5115767744361759,0.6789683858427128,0.4807769183714776
AST-006674,0.2012587059936409,0.7397174219369539,0.6471933799591711,0.5293898359632553
AST-006675,0.5550702555080147,0.20797101094556247,0.7550430144154551,0.5060280936230107
AST-006676,0.0,0.2902765735639254,0.2388611986767459,0.1763792574135571
AST-006677,0.32311124555362825,0.343660050759568,0.9263012377431801,0.5310241780187921
AST-006678,0.5546110922231289,0.7676577529516051,0.8209457771604179,0.7144048741117173
AST-006679,0.40371556894537625,0.5721468780631463,0.9398589921234825,0.6385738130440016
AST-006680,0.537477249732576,0.18549166832204475,0.8956182961900783,0.5395290714148997
AST-006681,0.6605129621842637,0.6775396241337589,0.987677455534193,0.7752433472840718
AST-006682,0.5801598257833367,0.5360476013974779,0.9225293726825187,0.6795789332877776
AST-006683,0.7058436740753766,0.5041017656648346,0.7348217925001815,0.648255744080131
AST-006684,0.7509460537482929,0.8056076993472997,0.9402867905826511,0.8322801812260812
AST-006685,0.9364080654098749,0.5922544011396469,0.9666958043836095,0.8317860903110438
AST-006686,0.8627051008368787,0.6898889516446408,0.9696402948570363,0.8407447824461852
AST-006687,0.2832386916277748,0.6472357653840584,0.820573397917053,0.5836826183096288
AST-006688,0.18151522365942727,0.17846779316715494,0.6614791133808285,0.3404873767358036
AST-006689,0.0,0.3574030725493401,0.9976492021199104,0.45168409155641687
AST-006690,0.6597903431620186,0.6443174605893313,0.7747919633787772,0.6929665890433757
AST-006691,0.390094834055012,0.3044044169115161,0.803435817539892,0.49931168950214005
AST-006692,0.6938607980609052,0.13353428859517358,0.980186023751819,0.6025270368026326
AST-006693,0.7571975442744354,0.6450273078837341,0.9255448705832892,0.7759232409138196
AST-006694,0.46482153143481214,0.7580192313409566,0.5090533820795037,0.5772980482850908
AST-006695,0.7084137635705123,0.473489626483201,0.6468220348239684,0.6095751416258939
AST-006696,0.6238939593339419,0.6833248947883229,0.9448390291283872,0.7506859610835507
AST-006697,0.42799838031219967,0.4092588062369824,0.8528521728050092,0.5633697864513971
AST-006698,0.5029477354572177,0.7760818690971228,0.8617356637609118,0.7135884227717507
AST-006699,0.4699032690741513,0.5647796853411984,0.3668730185676118,0.4671853243276538
AST-006700,0.0,0.9728202306816078,0.3881402197971317,0.4536534834929132
AST-006701,0.5608919168496158,0.6997175804299923,0.9748901091725047,0.7451665354840377
AST-006702,0.5398770478691897,0.09658829781730581,0.9556821893294423,0.5307158450053125
AST-006703,0.530302476734385,0.7866104949839026,0.5388394988262166,0.618584156848168
AST-006704,0.13904773830184664,0.5916607523006477,0.6125666181956906,0.44775836959939497
AST-006705,0.5610309863034876,0.9050692855674414,0.6969518098461414,0.7210173605723567
AST-006706,0.8059997078714057,0.4720038159278731,0.8880404022706786,0.7220146420233191
AST-006707,0.8983623121611595,0.7084070026803793,0.8534308135875179,0.8200667094763522
AST-006708,0.7555680356910061,0.4881768540570409,0.75294175271007,0.6655622141527057
AST-006709,0.8942877121776733,0.5007161677241853,0.5650233801080571,0.6533424200033052
AST-006710,0.4306997378654049,0.4246092328604945,0.9581986264542308,0.6045025323933767
AST-006711,0.6251969535873312,0.7735565830173363,0.9480291426040605,0.782260893069576
AST-006712,0.0,0.18519418918434938,0.27149633410056984,0.15223017442830641
AST-006713,0.6473118804943909,0.668916685282815,0.5615191615343125,0.6259159091038394
AST-006714,0.0,0.6136312934609495,0.37845486937158634,0.33069538761084527
AST-006715,0.41205170206650354,0.6606936982779531,0.9336707075739246,0.668805369306127
AST-006716,0.9746600568268344,0.7238994696709182,0.6727566373594956,0.7904387212857494
AST-006717,0.0,0.5296000397685507,0.619941817921041,0.3831806192298639
AST-006718,0.0,0.3095031532909558,0.8103516071432271,0.37328492014472764
AST-006719,0.7320060899254084,0.7501129267696712,0.9619345505157335,0.8146845224036042
AST-006720,0.8755806840586248,0.4055383811496754,0.982492824964411,0.7545372967242371
AST-006721,0.7186736123182509,0.49497177527223857,0.926242335186064,0.7132959075921845
AST-006722,0.6674037597689146,0.6250525692286226,0.6679449932956116,0.6534671074310496
AST-006723,0.354673434290339,0.3146136715326477,0.8341948247632361,0.5011606435287409
AST-006724,0.4109354543003297,0.3838759266126902,0.8588191745607893,0.5512101851579364
AST-006725,0.7013404508917124,0.5205442934766441,0.8830442369755499,0.7016429937813021
AST-006726,0.793971347146026,0.7897432438703941,0.7630565142755118,0.7822570350973107
AST-006727,0.7039096447987346,0.13930904213305817,0.9586048874942984,0.6006078581420304
AST-006728,0.5680619074221596,0.6179013949105342,0.8448335454104999,0.6769322825810645
AST-006729,0.3220241476698326,0.8964162775668384,0.8672896705437876,0.6952433652601528
AST-006730,0.8933555017110599,0.6089161188720825,0.7276312597736279,0.7433009601189235
AST-006731,0.9352996629199862,0.5905167972808106,0.2627642427653002,0.5961935676553657
AST-006732,0.43476826549791275,0.7801717532007223,0.5822388069838292,0.5990596085608214
AST-006733,0.6575636575263161,0.7184770380612354,0.9402006836570767,0.7720804597482095
AST-006734,0.3224407884230389,0.4197415863702485,0.6163349238904394,0.4528390995612423
AST-006735,0.6045867448389383,0.1606379499267633,0.6511353430977853,0.47212001262116227
AST-006736,0.49158413646155463,0.4627434308909774,0.9641742085992258,0.6395005919839193
AST-006737,0.5743795760518133,0.7417340220255082,0.7530419869388735,0.6897185283387316
AST-006738,0.0,0.7918057430178392,0.8918901783205785,0.5612319737794725
AST-006739,0.6537634257870729,0.5668108656179619,0.9811088087758061,0.733894366726947
AST-006740,0.40573161008408204,0.5297132007134998,0.8955611825354998,0.6103353311110272
AST-006741,0.22432052206209638,0.6734259143039705,0.42490403609220095,0.44088349081942263
AST-006742,0.9125494640212237,0.8237316000554715,0.9561257866724944,0.8974689502497298
AST-006743,0.0,0.1335883604417701,0.6745694670466439,0.269385942496138
AST-006744,0.7300649991072181,0.3749104315200365,0.9079031727020875,0.6709595344431141
AST-006745,0.7153233492426818,0.5312832343474495,0.9387840336534653,0.7284635390811989
AST-006746,0.533980555961132,0.4569390595297086,0.21386997403928149,0.4015965298433741
AST-006747,0.44336124370499563,0.7578747602068253,0.9784677323660239,0.726567912092615
AST-006748,0.7243330372003155,0.8958442002170334,0.9085852582431124,0.8429208318868205
AST-006749,0.32486841537511857,0.446556415660153,0.9882881615041573,0.5865709975131429
AST-006750,0.3147737598655623,0.6470667946522191,0.6200019859739672,0.5272808468305828
AST-006751,0.9000048069563023,0.8186913604942874,0.7759579634765968,0.8315513769757289
AST-006752,0.0,0.32983987289115424,0.6232937508091482,0.3177112079001008
AST-006753,0.0,0.5176536417772002,0.4028162588483675,0.30682330020852255
AST-006754,0.47585533350063675,0.5531943664796315,0.7132765445939118,0.5807754148580601
AST-006755,0.6188657051149727,0.7402216400990468,0.8961051539981457,0.7517308330707216
AST-006756,0.6975285051280049,0.4856972346410883,0.685031538445165,0.6227524260714193
AST-006757,0.32356053798200574,0.3448147611468012,0.7612688062069077,0.4765480351119049
AST-006758,0.27890195458149125,0.2284869353005035,0.9482913260666629,0.48522673864955257
AST-006759,0.602259640479839,0.3624689982870507,0.577269865466285,0.5139995014110582
AST-006760,0.44685729107818983,0.14309849878459474,0.5825599083377304,0.3908385660668383
AST-006761,0.8037201834127745,0.9142623093707668,0.8756437027700269,0.8645420651845227
AST-006762,0.0,0.5311779519339486,0.6880314059812159,0.4064031193050548
AST-006763,0.6834121825832008,0.5244063131777128,0.20463824284378723,0.47081891286823363
AST-006764,0.5944863489108086,0.8079255624141624,0.7494363511535219,0.7172827541594976
AST-006765,0.850716550801535,0.2767861835301099,0.8940149544150532,0.6738392295822327
AST-006766,0.15425826133197038,0.45157338665867647,0.700428271424489,0.4354199731383786
AST-006767,0.7230707563311992,0.5448180907583088,0.9533744731421812,0.7404211067438964
AST-006768,0.7170685050357066,0.13000262035728455,0.7731993700728028,0.5400901651552646
AST-006769,0.4808488745306002,0.4047014533504715,0.9754675221833358,0.6203392833548025
AST-006770,0.7327202835029524,0.7765645156579039,0.752463447194965,0.7539160821186072
AST-006771,0.6329255381028659,0.7210344858960739,0.9785992936723908,0.7775197725571102
AST-006772,0.7482232766088069,0.9309574205933305,0.9532094390281681,0.8774633787434353
AST-006773,0.5737217842700563,0.512593767633908,0.22554019744122303,0.43728524978172906
AST-006774,0.6698044188886406,0.6562611775629477,0.8096058466736057,0.7118904810417314
AST-006775,0.7311258258679936,0.19508587930574608,0.8899417521219446,0.6053844857652281
AST-006776,0.670165049599888,0.7978659122454066,0.9547744923195872,0.8076018180549607
AST-006777,0.7181323088399818,0.5209525996311165,0.6606431407501664,0.633242683073755
AST-006778,0.3861813046952111,0.690776796907827,0.30862295508433096,0.461860352229123
AST-006779,0.49870384281338526,0.4304701843854444,0.9567755646997673,0.6286498639661989
AST-006780,0.836735053388633,0.5910801943812004,0.9019628535475862,0.7765927004391399
AST-006781,0.6118874353773338,0.5647086077331968,0.6739777643097304,0.6168579358067537
AST-006782,0.636503657691462,0.9463519954220446,0.7591436135696124,0.7806664222277063
AST-006783,0.3404072433862258,0.8529334227924368,0.9508575713005085,0.7147327458263902
AST-006784,0.5015734472989396,0.3819777134697792,0.5622024723261387,0.4819178776982858
AST-006785,0.5395106179466087,0.43423469949903853,0.9370169454267453,0.6369207542907974
AST-006786,0.7426505719076867,0.931838859512859,0.5143938643614062,0.7296277652606507
AST-006787,0.4971895907614441,0.01584509194575749,0.6705926344007972,0.39454243903599956
AST-006788,0.8546240719682825,0.2546749479135863,0.6729255747892124,0.5940748648903604
AST-006789,0.7692216047723619,0.11789821752801836,0.9051626306355887,0.5974274843119897
AST-006790,0.18514801901909944,0.6327571339356384,0.899284928083865,0.5723966936795343
AST-006791,0.8004745706190473,0.870639334805289,0.8296258630621699,0.8335799228288354
AST-006792,0.6765716313296603,0.7457613922620036,0.6917036813820008,0.7046789016578883
AST-006793,0.0,0.5446831151465648,0.9637199002195861,0.5028010051220503
AST-006794,0.43948901617328284,0.6085729704287742,0.23616665571672277,0.42807621410625996
AST-006795,0.48461029830667346,0.765307940460694,0.8512622762237594,0.7003935049970421
AST-006796,0.0,0.5773792638263875,0.7271805877919151,0.4348532838727675
AST-006797,0.4466924962391481,0.2060422405895544,0.9025281892305069,0.5184209753530697
AST-006798,0.7733028300980777,0.9016824368276118,0.768321460415998,0.8144355757805625
AST-006799,0.5798960156426143,0.6527406171377809,0.9865869946388675,0.7397412091397543
AST-006800,0.8144865450100361,0.3023337725238073,0.9967501105839568,0.7045234760392667
AST-006801,0.8581155015205192,0.7783960561169213,0.9445849412098429,0.8603654996157611
AST-006802,0.6780201457732822,0.6967028089654574,0.9252184158356596,0.7666471235247997
AST-006803,0.6892295350160815,0.6874693054242748,0.9403073187712325,0.772335386403863
AST-006804,0.4583683957516845,0.17931537633412906,0.7650636809612743,0.46758248434902927
AST-006805,0.6711263258551343,0.40114109321843405,0.9648617490729201,0.6790430560488295
AST-006806,0.7652996950528447,0.6272494751569726,0.9277641719830588,0.7734377807309586
AST-006807,0.5761672410545889,0.28469888103192703,0.9899955657159307,0.6169538959341488
AST-006808,0.7113811183612092,0.4279303951191662,0.9979244354954343,0.7124119829919365
AST-006809,0.041538127412264994,0.3869386102531489,0.8819230662312805,0.4367999346322315
AST-006810,0.5963484381625584,0.5890308147070128,0.9093620423357692,0.6982470984017802
AST-006811,0.9091126022550531,0.414971032215839,0.9887655719736334,0.7709497354815085
AST-006812,0.3514496362194994,0.038712883073079546,0.35987570216458564,0.25001274048572153
AST-006813,0.9192442290276694,0.19250442876974908,0.26483362471288774,0.45886076083676874
AST-006814,0.9131995044538854,0.3637007557550384,0.7879177756663044,0.6882726786250761
AST-006815,0.09318761367962679,0.8049980143809412,0.9805832921013805,0.6262563067206495
AST-006816,0.659471660131001,0.29068316969948355,0.8356605112040076,0.5952717803448307
AST-006817,0.35772635777463124,0.3692658111358599,0.5459270006705915,0.4243063898603609
AST-006818,0.419980620639555,0.6823807997630249,0.10578111751589407,0.402714179306158
AST-006819,0.514123061805959,0.6795051810048197,0.8417738770803596,0.6784673732970461
AST-006820,0.7949445936515628,0.719125030267495,0.6331128567238877,0.7157274935476486
AST-006821,0.729578576643501,0.3485135262124006,0.7325855472475443,0.6035592167011486
AST-006822,0.0,0.4688453008956469,0.7625468525493873,0.41046405114834467
AST-006823,0.912107062853553,0.20171405821210386,0.9715190668838615,0.6951133959831727
AST-006824,0.1948824066729768,0.2925186783553969,0.731846616064825,0.4064159003643996
AST-006825,0.6476386354811524,0.42844337880760514,0.7575598346351918,0.6112139496413165
AST-006826,0.3106320616366501,0.7065607673175905,0.20599035852718525,0.4077277291604753
AST-006827,0.14450050497012215,0.9173565557950869,0.8198384305266103,0.6272318304306065
AST-006828,0.5096392500307582,0.6088956874851813,0.80523245864782,0.6412557987212532
AST-006829,0.7381108877762941,0.17550769559621066,0.26204776588154755,0.39188878308468417
AST-006830,0.5369647567754927,0.7351566339150032,0.9411630879945249,0.7377614928950069
AST-006831,0.7901776658448462,0.5682578910366528,0.7333461269448649,0.6972605612754545
AST-006832,0.28156498214126374,0.5104074439741747,0.6943366268329741,0.4954363509828042
AST-006833,0.9135484561511116,0.9008429209673999,0.6933342613849173,0.8359085461678096
AST-006834,0.8845985446361456,0.734342895369513,0.9616119835297982,0.8601844745118189
AST-006835,0.6479810712766426,0.32863725176509767,0.9076668417612662,0.6280950549343355
AST-006836,0.0,0.4410676100029929,0.7795597024621933,0.4068757708217287
AST-006837,0.0,0.4223970718290954,0.7976800051156194,0.40669235898157163
AST-006838,0.7593752413642177,0.4166933729268314,0.8244929961965058,0.6668538701625183
AST-006839,0.836864084832256,0.6155873747280036,0.8502062575336826,0.7675525723646475
AST-006840,0.6099461299368634,0.4470847892948808,0.6984538582811163,0.5851615925042868
AST-006841,0.0,0.47925352357729484,0.6958574266520551,0.39170365007644997
AST-006842,0.7816178580029698,0.5401386007069334,0.6996097056529865,0.6737887214542965
AST-006843,0.023164671990621364,0.4496859382374789,0.32166226572944356,0.26483762531918126
AST-006844,0.46817634398927804,0.9674599566245694,0.941520215211584,0.7923855052751438
AST-006845,0.9316606232802473,0.6587693853274249,0.341863829750483,0.6440979461193851
AST-006846,0.67443137361555,0.802570666778183,0.9968619951853276,0.8246213451930201
AST-006847,0.72840884276642,0.5586048358652322,0.39188189597051065,0.5596318582007209
AST-006848,0.9646625313398135,0.6907981005877913,0.6929241751728605,0.7827949357001551
AST-006849,0.12152840422334375,0.21920989024304735,0.44152087496620024,0.26075305647753044
AST-006850,0.815182363108714,0.8148211048309847,0.5568990370797661,0.7289675016731549
AST-006851,0.42788769497042156,0.71587543264633,0.973585464268335,0.7057828639616955
AST-006852,0.790665472807695,0.465499528373914,0.6277104498331026,0.6279584836715705
AST-006853,0.2493980248210604,0.262656399637984,0.6488331071852671,0.3869625105481038
AST-006854,0.8617837832302666,0.6612977830464978,0.27772253775339595,0.6002680346767201
AST-006855,0.5459482932299955,0.7485917204721171,0.9070718443947839,0.7338706193656321
AST-006856,0.7168414338846293,0.45522138073921703,0.8500281315644063,0.6740303153960842
AST-006857,0.646311863514844,0.48776712255947086,0.9201738495242584,0.6847509451995245
AST-006858,0.44275063420023414,0.800831971505499,0.7011405583567091,0.6482410546874807
AST-006859,0.827351574369556,0.8940807620436023,0.45449133545453657,0.725307890622565
AST-006860,0.5697231760397135,0.9301361054747194,0.8139266264118403,0.7712619693087577
AST-006861,0.56550170204533,0.624326535453313,0.9162545355456713,0.7020275910147714
AST-006862,0.5903622164150069,0.33421733108914226,0.643095063520407,0.5225582036748521
AST-006863,0.0,0.5672638036348377,0.9447476391647486,0.5040038142665287
AST-006864,0.7744855605275864,0.7809090477209488,0.4736407299029676,0.6763451127171676
AST-006865,0.44283382072468097,0.628717340673357,0.4936558607343727,0.5217356740441369
AST-006866,0.46770916487653963,0.6109056921984188,0.6771887655692972,0.5852678742147519
AST-006867,0.6293133782808246,0.7527053893166481,0.6555135031674142,0.6791774235882956
AST-006868,0.42742974280209545,0.6951067620468017,0.3513640984358566,0.4913002010949179
AST-006869,0.2494090148336501,0.8504355570173621,0.8671219718993354,0.6556555145834492
AST-006870,0.5258432691190045,0.7381972835730783,0.5539608963044793,0.606000482998854
AST-006871,0.2117270939890069,0.43250850169348776,0.8300940738934532,0.4914432231919827
AST-006872,0.806276266052094,0.7062638670601163,0.7543088165070003,0.7556163165397369
AST-006873,0.5086673976909236,0.787718362314335,0.9964719122759749,0.7642858907604112
AST-006874,0.5484618098823867,0.6300207001759183,0.7388190870619272,0.6391005323734107
AST-006875,0.927886498593825,0.7943570198670649,0.9842448706147194,0.9021627963585365
AST-006876,0.8340291518118526,0.7070634686702035,0.9115106110173156,0.8175344104997905
AST-006877,0.9361371100895173,0.6004661520339677,0.8235937172349719,0.7867323264528189
AST-006878,0.5044088115410023,0.8997810860673228,0.8916307294604635,0.765273542356263
AST-006879,0.5346405234013686,0.42731759549419335,0.8940966450915699,0.618684921329044
AST-006880,0.5713704388467726,0.2609007614279533,0.5290517778366902,0.45377432603713874
AST-006881,0.38675687126256003,0.6535063187275783,0.47337981667823753,0.5045476688894586
AST-006882,0.4921129515462324,0.9677540151599955,0.9220458893359486,0.7939709520140589
AST-006883,0.6901466722935455,0.59910784256034,0.8666599215683957,0.7186381454740937
AST-006884,0.33301823167785916,0.33723060109999853,0.7600527023151743,0.47676717836434407
AST-006885,0.0,0.5353926459378237,0.6471420034385068,0.3941782164587768
AST-006886,0.5196221078123913,0.6782038185794877,0.6986561593165502,0.6321606952361432
AST-006887,0.7950064518185943,0.33351915986594566,0.9466711211196108,0.6917322442680502
AST-006888,0.31902535710715296,0.5429902098541542,0.9382015427867789,0.6000723699160287
AST-006889,0.3065450697885208,0.08179895603972978,0.14736255477348328,0.17856886020057794
AST-006890,0.9588947001367834,0.7202515367589171,0.9262004938411469,0.8684489102456158
AST-006891,0.7280126827361163,0.9127536524638041,0.7962850117900677,0.8123504489966628
AST-006892,0.6375309292126797,0.6839666272747924,0.9604729071242631,0.7606568212039116
AST-006893,0.405620230879035,0.7197682846016923,0.9125522636576112,0.6793135930461128
AST-006894,0.7414736366169405,0.8643327685886332,0.8902166522197043,0.832007685808426
AST-006895,0.5973031136128122,0.2436415025310597,0.8082124075706828,0.5497190079048515
AST-006896,0.46220282332745355,0.2634310131874708,0.7986986651294108,0.5081108338814451
AST-006897,0.25375569727412056,0.4049706017782543,0.9065049131388699,0.5217437373970816
AST-006898,0.35794245374263456,0.8644946236847993,0.5696227572100153,0.5973532782124832
AST-006899,0.16568602722257839,0.6291171302165782,0.5949283512685393,0.4632438362358986
AST-006900,0.38195780086505793,0.3424292299452091,0.9989554448344203,0.5744474918815624
AST-006901,0.6809710174795255,0.9152672711006615,0.9649990416955074,0.8537457767585647
AST-006902,0.5903508517517797,0.02115029992503115,0.692074638911932,0.43452526352958093
AST-006903,0.9292898490509655,0.3276810232087332,0.8457979986316763,0.7009229569637916
AST-006904,0.0,0.6885621291041373,0.9026138301526138,0.530391986418917
AST-006905,0.8363654072160459,0.49032013479231606,0.6412892546343812,0.6559915988809144
AST-006906,0.748340168971286,0.40045381784161993,0.4502391785781786,0.5330110551303615
AST-006907,0.2491194196257579,0.46216951386720534,0.5560709118256878,0.42245328177288366
AST-006908,0.35945578273182877,0.8098945386840047,0.9163219878222035,0.6952241030793457
AST-006909,0.8959418303218218,0.8009610161297208,0.8588562515122807,0.8519196993212744
AST-006910,0.40359191287176227,0.13879985991419483,0.5166598852456693,0.3530172193438754
AST-006911,0.6745487939707682,0.4401100941066567,0.9059035037528356,0.6735207972767535
AST-006912,0.5490264073785701,0.2861330824162241,0.9972857321174597,0.6108150739707513
AST-006913,0.9756484434490604,0.7461148167303666,0.919982619572556,0.8805819599173277
AST-006914,0.09127010131161417,0.21288924227326933,0.7920166727686984,0.36539200545119394
AST-006915,0.396286188859727,0.46216135877272213,0.7501800988856387,0.5362092155060293
AST-006916,0.4974444657720739,0.688426664695059,0.654114599588078,0.6133285766850703
AST-006917,0.6634805455055557,0.13176039651670043,0.984576912728488,0.593272618250248
AST-006918,0.48153248574425206,0.337284805058891,0.41306885317476577,0.4106287146593029
AST-006919,0.0,0.594285562032706,0.9673283932087923,0.5205379850804994
AST-006920,0.5570787396112845,0.42968208431416216,0.9952290476969196,0.6606632905407888
AST-006921,0.0,0.23861753835389019,0.8700664293298224,0.3695613225612375
AST-006922,0.0,0.7436562928146443,0.8579466333830628,0.5338676420659024
AST-006923,0.0,0.7094948604850508,0.7559561144535974,0.4884836583128827
AST-006924,0.9496924953151004,0.5498833993920507,0.7381334643229117,0.7459031196766875
AST-006925,0.4838896768326766,0.31865318214658556,0.37886159039193273,0.3938014831237316
AST-006926,0.749345302536373,0.5904241442682064,0.7157887698829625,0.6851860722291807
AST-006927,0.7140798132720856,0.5082932887017798,0.7448032594180302,0.6557254537972986
AST-006928,0.34986837639049323,0.7254855182681422,0.7677102541124494,0.6143547162570283
AST-006929,0.7811923239011197,0.5345486578642311,0.808618333872011,0.7081197718791206
AST-006930,0.3048604783058631,0.5223002813488927,0.6067314923734832,0.47796408400941304
AST-006931,0.0,0.9654662824767206,0.8469369748495148,0.6041344191087451
AST-006932,0.3135225176070939,0.4678167875147703,0.6833012372600127,0.4882135141272923
AST-006933,0.1993590661780764,0.7632860641723616,0.6168974148015207,0.5265141817173196
AST-006934,0.02692582678473032,0.30080648924886094,0.33498985183265473,0.22090738928874867
AST-006935,0.5717674255272183,0.5016072125217854,0.6786086904402623,0.5839944428297553
AST-006936,0.0,0.26846800738929066,0.9641398602354087,0.4108692892082331
AST-006937,0.09779823561363121,0.705347695995742,0.8841982063608294,0.5624480459900675
AST-006938,0.7628972171898813,0.48850112209532176,0.5003806761806103,0.5839263384886045
AST-006939,0.7488591430649489,0.7523538312195137,0.5564525791378645,0.6858885178074424
AST-006940,0.7551806975152662,0.4372127187899975,0.7416918695789759,0.6446950952947464
AST-006941,0.5934509340840015,0.7112316170384854,0.7989810661851039,0.701221205769197
AST-006942,0.6027578503138491,0.26426734159367504,0.975056377816719,0.614027189908081
AST-006943,0.44408120943931473,0.4399284903562709,0.614728300679202,0.4995793334915959
AST-006944,0.21334073409154553,0.3509711945367453,0.6825262890263157,0.41561273921820224
AST-006945,0.0,0.6292639023280213,0.9160677110525128,0.5151105377935113
AST-006946,0.07515216276519684,0.32421564164804173,0.8271180877649935,0.40882863072607734
AST-006947,0.5166690384183504,0.270953611590586,0.830826778015935,0.5394831426749572
AST-006948,0.730395189288464,0.674381259841371,0.8676167244783527,0.7574643912027293
AST-006949,0.7973142673488123,0.7202127040434688,0.5506788153575252,0.689401928916602
AST-006950,0.9563793845285935,0.3897716866557984,0.9073310726641828,0.7511607146161916
AST-006951,0.8649203699001611,0.24117409926378475,0.8837845068498927,0.6632929920046129
AST-006952,0.0,0.5711592900018989,0.8831869187622109,0.48478206958803655
AST-006953,0.3061136433857915,0.46903236268064125,0.9563591051130584,0.5771683703931637
AST-006954,0.6701172256751494,0.777600993261426,0.1972760117054727,0.5483314102140161
AST-006955,0.5346883071517202,0.5644839520796902,0.9538479859676963,0.6843400817330355
AST-006956,0.8415025539468209,0.8690462568562283,0.9587173177372171,0.8897553761800888
AST-006957,0.8028800298736869,0.7653738250323716,0.5885105759261163,0.7189214769440583
AST-006958,0.42592131110376347,0.3901059487534695,0.6366593655129027,0.48422887512337853
AST-006959,0.8903876043565175,0.34533081035247615,0.7912787174122091,0.6756657107070675
AST-006960,0.8424272788210199,0.9651465282077067,0.9885378557456049,0.9320372209247773
AST-006961,0.45006030878387954,0.5049101947508964,0.7939503584539308,0.5829736206629023
AST-006962,0.6735823643815608,0.1466481110792609,0.9729679792496077,0.5977328182368098
AST-006963,0.8169362785746352,0.5264387850482429,0.9461464950711503,0.7631738528980095
AST-006964,0.7971261063244698,0.6765596223307374,0.8846699676441869,0.7861185654331314
AST-006965,0.40069237413196623,0.6590662625793824,0.9397338227719588,0.6664974864944359
AST-006966,0.8003882316472901,0.5746980197980122,0.8611216805170128,0.7454026439874384
AST-006967,0.676522697150203,0.657043978035478,0.7782924594628613,0.7039530448828474
AST-006968,0.641979642896864,0.6516321858955083,0.5730758142017865,0.6222292143313863
AST-006969,0.8550077204425708,0.5618828831856022,0.9876250672389429,0.801505223622372
AST-006970,0.5117221728399503,0.2633362815750605,0.23872256020910051,0.3379270048747038
AST-006971,0.7176452297823799,0.4628838231873936,0.8197137516293466,0.6667476015330399
AST-006972,0.6218375500533166,0.8738260989693378,0.9944411372572847,0.8300349287599796
AST-006973,0.4646406321952369,0.023803499998378514,0.8498652276203681,0.4461031199379945
AST-006974,0.5122967045173454,0.6806972663829608,0.956163229712218,0.7163857335375082
AST-006975,0.8095928869378544,0.8777818768091091,0.7107281212533201,0.7993676283334278
AST-006976,0.49014011231546845,0.9464020667659504,0.9092007832960626,0.7819143207924938
AST-006977,0.4198072306622156,0.6934041525871233,0.40207777288696916,0.5050963853787693
AST-006978,0.831441875448071,0.6102123183185666,0.9620117358623294,0.801221976542989
AST-006979,0.8268014577179132,0.8942807059257881,0.907875443470604,0.8763192023714351
AST-006980,0.783286094527806,0.4748714669066538,0.3259807545502113,0.5280461053282237
AST-006981,0.8655864159079958,0.3229950165136353,0.9048174086150241,0.697799613678885
AST-006982,0.3071794354451698,0.195787439291557,0.4907381601526835,0.33123501162980346
AST-006983,0.7704030515794562,0.4768769281629291,0.9912592713090318,0.7461797503504725
AST-006984,0.0,0.42160350933595053,0.888845621894006,0.43681637707665216
AST-006985,0.5725115550693376,0.5751938051886387,0.7491601704607663,0.6322885102395809
AST-006986,0.4758736654544521,0.6443966764409378,0.7691930675021766,0.6298211364658556
AST-006987,0.8524300629620325,0.5684257630368847,0.9818309731371246,0.800895599712014
AST-006988,0.31849469102284,0.25969946537550564,0.865006575001908,0.48106691046675126
AST-006989,0.0,0.19557242156640514,0.8401439395124317,0.34523878702627897
AST-006990,0.8396745047414397,0.567513128713805,0.2830359789749649,0.5634078708100699
AST-006991,0.563413695061441,0.7518474166196238,0.6392097211835852,0.65149027762155
AST-006992,0.0,0.8475279974914959,0.4138375587563039,0.4204551854159333
AST-006993,0.6548649883755456,0.4747520797454651,0.7038004867294503,0.6111391849501536
AST-006994,0.0,0.2327844242946312,0.3948016948207785,0.2091953730384699
AST-006995,0.828653964093325,0.38710370231429114,0.9659012214623366,0.7272196292899843
AST-006996,0.4053372892041426,0.38475133455157595,0.9146844367189796,0.5682576868248993
AST-006997,0.4111506030255694,0.7223575721698408,0.6619531888372094,0.5984871213442066
AST-006998,0.6344456488490182,0.8140960423435701,0.8568731786345715,0.7684716232757199
AST-006999,0.5573598816467652,0.33658155647977744,0.893010519147911,0.5956506524248179
AST-007000,0.28384920566128924,0.6664220476230805,0.983740213151267,0.6446704888118789
AST-007001,0.6509387014288264,0.7220325112204653,0.9386246322495629,0.7705319482996181
AST-007002,0.6061394548442601,0.6929873865658891,0.749556440741176,0.6828944273837751
AST-007003,0.22906603550758356,0.6906211591658794,0.665870291874388,0.528519162182617
AST-007004,0.0,0.3870278107031754,0.7674399903762376,0.3848226003598043
AST-007005,0.28808155545853775,0.4942845901408436,0.9797076368381865,0.5873579274791892
AST-007006,0.12919411064123093,0.5750999245401832,0.7584290670646652,0.4875743674153598
AST-007007,0.5022316682897053,0.22929592780041586,0.8218087513740354,0.5177787824880522
AST-007008,0.7026594060411827,0.49003390954444886,0.9148645930202155,0.7025193028686157
AST-007009,0.0,0.3357115326512828,0.943191439697117,0.4263009907827999
AST-007010,0.8373330400998225,0.3489614031413991,0.9266266984596867,0.7043070472336361
AST-007011,0.36342073311039713,0.7046881296246017,0.8531607128021262,0.6404231918457084
AST-007012,0.6280337726061345,0.43083831147166973,0.48144922399227247,0.513440436023359
AST-007013,0.5169579555983018,0.14366728105689067,0.5988440133124903,0.4198230833225609
AST-007014,0.6319699336802412,0.6624780278513014,0.810651374719489,0.7016997787503438
AST-007015,0.6549922563818481,0.7862836508773388,0.9241504549597532,0.7884754540729801
AST-007016,0.0,0.3725699293507778,0.6309648022515747,0.3345115772007842
AST-007017,0.6167358196515312,0.6618962915000708,0.6380614749923332,0.6388978620479785
AST-007018,0.7046583514761088,0.618373396176591,0.284793513757921,0.5359417538035403
AST-007019,0.6974504842412275,0.3283425601352965,0.8826361156417375,0.6361430533394205
AST-007020,0.8318802341842757,0.9205350168651767,0.5779446274420277,0.7767866261638267
AST-007021,0.1905695394601516,0.33889192095346343,0.8759968885834285,0.4684861163323479
AST-007022,0.6936751011396475,0.918785039822235,0.9718842801550336,0.8614481403723054
AST-007023,0.6527968355708503,0.217833827320612,0.9257684141860612,0.5987996923591745
AST-007024,0.7521184490558247,0.8501913271805883,0.5147103775009212,0.7056733845791113
AST-007025,0.0,0.28113807622314896,0.5637441956740221,0.2816274239657237
AST-007026,0.7327278184079586,0.6380541917315241,0.8132159226284337,0.7279993109226388
AST-007027,0.18225389313003892,0.7255289573656796,0.5442384346772179,0.48400709505764544
AST-007028,0.5845558831270716,0.055070778045577494,0.8325369436255082,0.4907212015993858
AST-007029,0.7116798758941574,0.5714951473720687,0.861626422895653,0.7149338153872931
AST-007030,0.49442824714730965,0.2175513573344302,0.4034583344450198,0.3718126463089199
AST-007031,0.7337451514885853,0.6601318717769014,0.5619835467346357,0.6519535233333741
AST-007032,0.5773187649848642,0.7601841188187468,0.9226193013413603,0.7533740617149904
AST-007033,0.34720290548864235,0.6440743165941478,0.47424712610005093,0.488508116060947
AST-007034,0.665746664992607,0.3261786188695414,0.8130388580494268,0.6016547139705251
AST-007035,0.4023193386707262,0.2741826683918486,0.9153983831881923,0.5306334634169224
AST-007036,0.6353689902689088,0.9523018461868121,0.46124925440997483,0.6829733636218985
AST-007037,0.848472726365895,0.8657655900648663,0.9750084957312914,0.8964156040540177
AST-007038,0.7849213628001523,0.2493323652786796,0.6573286654953837,0.563860797858072
AST-007039,0.5250300052733614,0.4924072756431074,0.7826463536440034,0.6000278781868241
AST-007040,0.9201019057940586,0.3627768862636013,0.23178886664813564,0.5048892195685984
AST-007041,0.7354608585365814,0.08225532926872692,0.8312328842973341,0.5496496907008809
AST-007042,0.0,0.11332467739894007,0.9351410617894383,0.3494885797294595
AST-007043,0.0,0.31961001811194295,0.9118135322838645,0.41047451679860253
AST-007044,0.7543771752315742,0.2917053894412509,0.5260323988851291,0.5240383211859848
AST-007045,0.8716234486911626,0.3507014087931649,0.7887449543851652,0.6703566039564975
AST-007046,0.6481100838449302,0.18461746625935063,0.6141602628830645,0.48229593766244844
AST-007047,0.5931878001976958,0.4862461984321008,0.9181283698391144,0.6658541228229703
AST-007048,0.5157285830923284,0.8768313116026675,0.4674172375152478,0.6199923774034145
AST-007049,0.45410705024072834,0.45311794444078235,0.46153192500543355,0.45625230656231475
AST-007050,0.9001501099795011,0.5474143853115179,0.8691134046210107,0.7722259666373432
AST-007051,0.0,0.6607638760340965,0.5436232682031622,0.4014623814124196
AST-007052,0.7924743414523648,0.3066833562651816,0.9197782342568,0.6729786439914488
AST-007053,0.8892309038913557,0.38260371302869284,0.728367845847389,0.6667341542558125
AST-007054,0.5010502124258107,0.6147440002459434,0.647476109249941,0.5877567739738984
AST-007055,0.6680011766571268,0.6550312318089008,0.8828284188916767,0.7352869424525682
AST-007056,0.5872763462158602,0.6433996889716783,0.7254615866667881,0.6520458739514422
AST-007057,0.6202266944872241,0.8638742654644969,0.7338174394904254,0.7393061331473821
AST-007058,0.8243038896977576,0.8353544091860986,0.8420194372766038,0.8338925787201533
AST-007059,0.8328095255225144,0.5582871582850691,0.7947620399424017,0.7286195745833285
AST-007060,0.7122047500944843,0.18296704773019254,0.25418116935316987,0.38311765572594886
AST-007061,0.9748776284217155,0.6083901535550459,0.7980582656373703,0.7937753492047106
AST-007062,0.6140675184929792,0.6598617186440213,0.8018953767011187,0.6919415379460397
AST-007063,0.5488121976994227,0.6812721543886561,0.9754354416840475,0.7351732645907089
AST-007064,0.0,0.5923094602368565,0.8500522576303575,0.48078723928907136
AST-007065,0.27114601433213614,0.05915496389531712,0.6633673803289762,0.33122278618547646
AST-007066,0.7956340613488714,0.6379429195573706,0.8208142103870862,0.7514637304311095
AST-007067,0.7375934073143713,0.42348535564873646,0.9617955792373789,0.7076247807334956
AST-007068,0.41230599866774126,0.3631818223926402,0.892397893219276,0.5559619047598858
AST-007069,0.3079547666243663,0.4441528369834687,0.5261067448365758,0.4260714494814703
AST-007070,0.3768255570124561,0.6797092402102444,0.6207521994762835,0.559095665566328
AST-007071,0.7673153148767496,0.7677261721203228,0.7456168830205955,0.760219456672556
AST-007072,0.8448115869578391,0.38501980029405874,0.47948760837217846,0.5697729985413588
AST-007073,0.86312193228742,0.2346344150705568,0.677982414662147,0.5919129206733746
AST-007074,0.0,0.4853324547648159,0.6433735502312494,0.37623533499868844
AST-007075,0.45278847862530797,0.46644215008331363,0.8820380755309302,0.600422901413184
AST-007076,0.7156193770364492,0.6128560862211628,0.7093242911373561,0.6792665847983227
AST-007077,0.5776215046670312,0.6127057480675392,0.9776265386103575,0.7226512637816427
AST-007078,0.19751129935944756,0.32278106329601153,0.3894690738928704,0.3032538121827765
AST-007079,0.6940143856529977,0.5893495758228896,0.9844937252538607,0.7559525622432494
AST-007080,0.41195252651068565,0.904294844181026,0.8567991330142817,0.7243488345686645
AST-007081,0.6661053032655002,0.2917541824871218,0.9316097875169989,0.6298230910898736
AST-007082,0.8119158518881269,0.5832063679340304,0.8649343647087603,0.7533521948436391
AST-007083,0.9026183308686395,0.24684354278417842,0.848397648035058,0.6659531738959586
AST-007084,0.3467346888228344,0.6790016103220835,0.7832132315344027,0.6029831768931069
AST-007085,0.6013326140887001,0.5172604877941731,0.9842871689700836,0.7009600902843189
AST-007086,0.7024416833268758,0.4177633762231979,0.8593564656495438,0.6598538417332058
AST-007087,0.41501707488107337,0.8337682052487889,0.9837710381372238,0.744185439422362
AST-007088,0.6791334969823261,0.7588283070834151,0.8362517486516127,0.7580711842391179
AST-007089,0.5263197833806255,0.8733368631337641,0.8691250069031264,0.7562605511391721
AST-007090,0.5060355494776964,0.3591426365820236,0.8875153970517826,0.5842311943705009
AST-007091,0.3589373951685636,0.9410742792788055,0.7977654834596345,0.6992590526356679
AST-007092,0.0,0.39785960847278873,0.6698655194633459,0.35590837597871156
AST-007093,0.40434119067453833,0.7616601956918305,0.4961253656068196,0.5540422506577295
AST-007094,0.42024016828422706,0.3660425333038237,0.9860862284780497,0.5907896433553668
AST-007095,0.913088732551822,0.6229180543433549,0.9712068367010808,0.8357378745320859
AST-007096,0.9422847177167742,0.7401377515922328,0.6862585542678623,0.7895603411922898
AST-007097,0.4483294919460753,0.7549334797172281,0.9396897991564136,0.714317590273239
AST-007098,0.8355424595089364,0.47652436514757796,0.9466726335742417,0.7529131527435853
AST-007099,0.5923813592058219,0.30274146734970364,0.6905303623319072,0.5285510629624776
AST-007100,0.766728418768146,0.2813431810997755,0.8498936106418582,0.6326550701699266
AST-007101,0.6441247211463552,0.25667490833566886,0.7901699865837604,0.5636565386885949
AST-007102,0.682375003165893,0.5351753540599444,0.7606659077942513,0.6594054216733629
AST-007103,0.7201238315436188,0.7632875690639553,0.612334130563262,0.6985818437236121
AST-007104,0.5075836310098021,0.24425352441265574,0.7131020774807153,0.4883130776343911
AST-007105,0.7584027634598652,0.24503082217749056,0.7433828354340126,0.5822721403571228
AST-007106,0.35361189423755146,0.7515194430855854,0.5865828763428623,0.5639047378886665
AST-007107,0.3282987596894401,0.24809615664136261,0.9528892904303153,0.509761402253706
AST-007108,0.0,0.7629419295172615,0.6359935812188087,0.4663118369120234
AST-007109,0.6352993885643899,0.4480449432109954,0.9804589116676596,0.687934414481015
AST-007110,0.8932516844512408,0.888698241674928,0.9293897232559661,0.9037798831273783
AST-007111,0.5114974162006385,0.38625213119778434,0.6611853322428509,0.5196449598804246
AST-007112,0.16002336127857503,0.6902154886824386,0.37879103899741984,0.40967662965281115
AST-007113,0.09878230883480682,0.7181562942444494,0.7076904494783547,0.5082096841858703
AST-007114,0.0,0.5640723739594071,0.9723677896318806,0.5121467211970959
AST-007115,0.6528570152448128,0.7726128937469451,0.9681035870059744,0.7978578319992442
AST-007116,0.5323626651329201,0.218749291373736,0.47055509157422454,0.40722234936029356
AST-007117,0.25337185104550036,0.9205660227685036,0.41117689749588787,0.5283715904366306
AST-007118,0.0,0.8478253200044141,0.8583689823181518,0.568731434107522
AST-007119,0.7781521676742653,0.9330106836940667,0.9677786340490088,0.8929804951391137
AST-007120,0.29728577027225406,0.5775244511306354,0.9018811052726446,0.5922304422251781
AST-007121,0.0,0.4518003715893332,0.29987281610196725,0.2505577292304335
AST-007122,0.0,0.561091500688788,0.8300043342472928,0.46369861164536025
AST-007123,0.4017699619200204,0.1962903925310424,0.6026015737473058,0.4002206427327895
AST-007124,0.5605970850154004,0.4530372965305944,0.30730877519263694,0.4403143855795439
AST-007125,0.7337021858862296,0.5437178757945371,0.5867855494805544,0.621401870387107
AST-007126,0.3030692773101801,0.6217361006655516,0.4580989704943335,0.46096811615668837
AST-007127,0.5654473672085439,0.716140115022772,0.9874886096950658,0.7563586973087939
AST-007128,0.5041191229521088,0.2952592261265613,0.8176700967667057,0.5390161486151253
AST-007129,0.9268944418532761,0.7287179365134858,0.8542034945582854,0.8366052909750158
AST-007130,0.7325161766278095,0.044718523292315605,0.901849315611807,0.5596946718439774
AST-007131,0.49600730408205507,0.599582876026424,0.8365851404220096,0.6440584401768296
AST-007132,0.7362016415411281,0.7503902348842403,0.9923482200935451,0.8263133655063045
AST-007133,0.6084822534192934,0.44612429757582356,0.8871629909822897,0.647256513992469
AST-007134,0.6349060881738148,0.5976345957639477,0.6342314732562484,0.622257385731337
AST-007135,0.33724256145343634,0.545263979772704,0.42645627125569063,0.43632093749394363
AST-007136,0.0,0.1572088662283122,0.8102809303018192,0.32249659884337717
AST-007137,0.49595948299418474,0.6969749154033426,0.8922032023853571,0.6950458669276282
AST-007138,0.2375083882874473,0.3149942932661918,0.6646339706209416,0.4057122173915269
AST-007139,0.3806855259137084,0.28259886170924525,0.847136490226372,0.5034736259497753
AST-007140,0.39376816064398834,0.8626490729886832,0.7536442104091705,0.6700204813472806
AST-007141,0.45150369250597916,0.5034832984776066,0.6760983233662634,0.5436951047832831
AST-007142,0.7119180396748511,0.5417795155769609,0.9944668738255877,0.7493881430257998
AST-007143,0.715073176010408,0.8218251774479992,0.7307534764444964,0.7558839433009679
AST-007144,0.6479030107083724,0.49950239045203465,0.943466970469694,0.6969574572100337
AST-007145,0.5695106342331961,0.2671789181429145,0.39232682423497284,0.40967212553702786
AST-007146,0.8660952230666539,0.6927082061611568,0.8477937250410681,0.8021990514229597
AST-007147,0.3205421753154898,0.5399452298985318,0.6844243457902887,0.5149705836681034
AST-007148,0.615920141967185,0.46429696581092256,0.9782525798077126,0.6861565625286067
AST-007149,0.4814136435548997,0.3210478735600515,0.9156897059972051,0.5727170743707187
AST-007150,0.8574712695725004,0.2806902821942409,0.4949638647380585,0.5443751388349333
AST-007151,0.0,0.6733535174106935,0.9266491681567022,0.5333342285224653
AST-007152,0.8990437304603338,0.6924360983859962,0.9915175029185174,0.8609991105882825
AST-007153,0.19918171878477225,0.3918888429257498,0.45919081292946196,0.35008712487999466
AST-007154,0.8861284642725157,0.9182863547736584,0.38047176679572164,0.7282955286139652
AST-007155,0.07885140140799334,0.7090450009850753,0.8173242360907729,0.5350735461612804
AST-007156,0.7219537501198974,0.8574544177617792,0.6852684672049076,0.754892211695528
AST-007157,0.2605140851116331,0.3666663951135737,0.40580083032194,0.3443271035157156
AST-007158,0.43246126402770646,0.5425252562394798,0.7522037576881457,0.5757300926517773
AST-007159,0.8335920925299541,0.20638092596983093,0.47947032665038797,0.5064811150500577
AST-007160,0.2848112689441466,0.8838090768561069,0.7399651994376059,0.6361951817459531
AST-007161,0.6245584848148655,0.23451316676062442,0.5437090859166335,0.4675935791640411
AST-007162,0.32374827408724427,0.8449894235241648,0.7455939308600771,0.6381105428238287
AST-007163,0.6920800154665663,0.424896700541806,0.3436534978646748,0.4868767379576824
AST-007164,0.13921001392041538,0.2910708022834369,0.6325587608296472,0.3542798590111665
AST-007165,0.8943652000203105,0.5837415540170356,0.8270668844380755,0.7683912128251406
AST-007166,0.3821476886289085,0.34212510323353845,0.6077807241116698,0.44401783865803895
AST-007167,0.0,0.4501274841450946,0.6521792963294142,0.36743559349150295
AST-007168,0.5365565905209175,0.7147367168123526,0.9211564229280795,0.7241499100871165
AST-007169,0.44964988312152826,0.5214762484455148,0.7758364162766618,0.582320849281235
AST-007170,0.7414574486594602,0.45716036613495464,0.7494061532317794,0.6493413226753981
AST-007171,0.0,0.47319035805397736,0.7714777387298091,0.4148893655945955
AST-007172,0.7816146968833467,0.6831835522114937,0.5208580170945158,0.6618854220631187
AST-007173,0.4340903893725279,0.6709686312944387,0.9745405217962053,0.693199847487724
AST-007174,0.6231810334297931,0.45658284454267317,0.9702561306617756,0.6833400028780806
AST-007175,0.7470159482951436,0.4069436502644434,0.4548657499445674,0.5362751161680515
AST-007176,0.5162277453688281,0.16024200354447315,0.521385535370474,0.39928509476125845
AST-007177,0.6558725419892204,0.8383223545893581,0.6563798191582074,0.7168582385789287
AST-007178,0.7830931823163638,0.5055540593725155,0.9150898684897548,0.7345790367262114
AST-007179,0.6220664884645611,0.5140696381450494,0.7106784864828174,0.6156048710308092
AST-007180,0.0,0.7351294450334658,0.8651711879959192,0.5334335443431283
AST-007181,0.0,0.3350024991338019,0.9343028035199962,0.42310176755126605
AST-007182,0.13548935200272255,0.6517384632110279,0.8461253071088518,0.5444510407742008
AST-007183,0.8145655049325051,0.12499926279251006,0.9929375309206707,0.6441674328818953
AST-007184,0.0,0.47747535797103635,0.7658512629772327,0.4144422069827563
AST-007185,0.6287219466111852,0.8969730629065104,0.8962965695762616,0.8073305263646523
AST-007186,0.7289483960002555,0.7043294663003856,0.9628678684706756,0.7987152435904389
AST-007187,0.46831545110468925,0.553686981988853,0.4747342641807931,0.4989122324247785
AST-007188,0.7459805841149055,0.6300266355491235,0.6673407957674276,0.681116005143819
AST-007189,0.6398072927743094,0.6885888584989434,0.9970755020912975,0.7751572177881835
AST-007190,0.4131217974418108,0.5741598904487843,0.6927155767191656,0.5599990882032536
AST-007191,0.6051639323181798,0.48519243041911525,0.8658003718025167,0.6520522448466038
AST-007192,0.9091229512069187,0.8535707374677611,0.8624985310433508,0.8750640732393435
AST-007193,0.4033409982343954,0.31467801892749175,0.9427900723808401,0.5536030298475758
AST-007194,0.5135049230415959,0.8809159865357404,0.9064362103391034,0.7669523733054798
AST-007195,0.24101660007396278,0.4919764220805345,0.700200456213595,0.47773115945603073
AST-007196,0.6850954051956663,0.26822472203051184,0.6854028312727907,0.5462409861663229
AST-007197,0.40332327933369855,0.8288410404976053,0.8711738101862239,0.7011127100058426
AST-007198,0.41657604193200803,0.1043519026970446,0.8332949719907368,0.45140763887326313
AST-007199,0.49026945213321127,0.5487902446204814,0.9059830324203194,0.6483475763913374
AST-007200,0.5878135756456426,0.45147750076008286,0.8467633694159755,0.6286848152739003
AST-007201,0.6248807407502385,0.2929494399538016,0.9212937193664121,0.6130413000234841
AST-007202,0.0,0.6953215394832563,0.7068792860293975,0.4674002751708846
AST-007203,0.44118237085805806,0.4541727463579432,0.8219381118655985,0.5724310763605333
AST-007204,0.462210403957603,0.6802343584247967,0.7162556642882453,0.619566808890215
AST-007205,0.7463306605437446,0.5287543014602284,0.7608260865316409,0.6786370161785379
AST-007206,0.6903774627675402,0.7195378429987435,0.5029252455667425,0.6376135171110087
AST-007207,0.0,0.7521015017914172,0.7062912018725095,0.48613090122130886
AST-007208,0.6679834010710927,0.856575727284798,0.9699676206357927,0.8315089163305611
AST-007209,0.11644606080512084,0.3798456668383823,0.6363281525268547,0.3775399600567859
AST-007210,0.3699832774089323,0.13394401210880794,0.7430564630635741,0.4156612508604381
AST-007211,0.7267830662033654,0.3846870849706859,0.4038447218711864,0.5051049576817459
AST-007212,0.9606289851006536,0.6463387949568318,0.7894265272998983,0.7987981024524612
AST-007213,0.4578406978838461,0.8990948400627384,0.9607814080875045,0.7725723153446964
AST-007214,0.213373757228473,0.5909169259315047,0.35805661850644865,0.38744910055547543
AST-007215,0.7180378231905076,0.8693707368630486,0.9685947998047378,0.8520011199527646
AST-007216,0.9555998494725572,0.5949697254145195,0.8329588304675316,0.794509468451536
AST-007217,0.7596538725045531,0.785195853706588,0.957271102619335,0.8340402762768253
AST-007218,0.6541704106836915,0.7561614776768767,0.8602307028268807,0.756854197062483
AST-007219,0.3587226174319629,0.24974838014109269,0.5793246625152955,0.395931886696117
AST-007220,0.7734331393900954,0.8836070087541815,0.9310627749112776,0.8627009743518516
AST-007221,0.49854776973304155,0.6114940684288321,0.828117083545408,0.6460529739024272
AST-007222,0.34130296470848925,0.09439441604843819,0.639992076951632,0.3585631525695198
AST-007223,0.4343925442353605,0.3785605697557858,0.9802948847131115,0.5977493329014193
AST-007224,0.7740109853404299,0.18695154704984912,0.4410548643781453,0.4673391322561415
AST-007225,0.968663165811166,0.4666206641888808,0.8896671784795448,0.7749836694931972
AST-007226,0.46597768415337193,0.882185198500835,0.6900922776725337,0.6794183867755802
AST-007227,0.3065375380439561,0.23552759131063447,0.732873174274345,0.4249794345429785
AST-007228,0.6054537706716342,0.8417071076538367,0.7344641530019068,0.7272083437757925
AST-007229,0.5556837648704033,0.5685432236257079,0.9077366214195249,0.677321203305212
AST-007230,0.6790032526607722,0.13432078377212345,0.12727918326351914,0.3135344065654716
AST-007231,0.6142766687712673,0.536511493618951,0.9216213804787161,0.6908031809563114
AST-007232,0.6075063069920216,0.28184197614319423,0.8925947938555381,0.5939810256635846
AST-007233,0.7134940942632322,0.6252594372202376,0.206077791380187,0.5149437742878856
AST-007234,0.0,0.2537339438102292,0.6049034970404467,0.2862124802835586
AST-007235,0.284108644386135,0.23014499314343217,0.7319081529966274,0.4153872635087315
AST-007236,0.8786473273970481,0.27498176971366173,0.24516805884952428,0.4662657186534113
AST-007237,0.18592321659267613,0.18083878787662397,0.8477938900055134,0.40485196482493785
AST-007238,0.6287692305058781,0.8101322380718898,0.4691849448304266,0.6360288044693981
AST-007239,0.6217544224034218,0.7659345781733728,0.9699862840335686,0.7858917615367877
AST-007240,0.6108965764418286,0.246295738992367,0.9836008473419984,0.613597720925398
AST-007241,0.5856815007365578,0.7419096305894538,0.6207423619105685,0.6494444977455267
AST-007242,0.2710509476959309,0.8452455799623422,0.7924390254163214,0.6362451843581981
AST-007243,0.7334365796680508,0.3205335099437224,0.9130022587441817,0.655657449451985
AST-007244,0.8052905039720473,0.5135964532515772,0.8327084348728616,0.7171984640321619
AST-007245,0.5536255368005691,0.8646649851730104,0.7596606619365777,0.7259837279700524
AST-007246,0.5017025302935162,0.5524743825301155,0.9368007626913867,0.6636592251716729
AST-007247,0.8039831340121323,0.10499625873849885,0.5139743556970845,0.4743179161492385
AST-007248,0.0,0.81700897470132,0.9750183415700279,0.5973424387571159
AST-007249,0.24520276870796182,0.3209401766356121,0.817234934746846,0.46112596003014
AST-007250,0.7651521201062541,0.8060877938006007,0.9228860186104884,0.8313753108391144
AST-007251,0.8366673216436804,0.7987738489892449,0.9552712645232391,0.8635708117187214
AST-007252,0.5132271400109317,0.353927840490091,0.37347879994141464,0.41354459348081246
AST-007253,0.051100912508096376,0.44237040281202034,0.8098651868229433,0.43444550071435334
AST-007254,0.5717349513280375,0.5598671338242395,0.7825614860145316,0.6380545237222696
AST-007255,0.0,0.833849730209378,0.952083104836532,0.5953109450153033
AST-007256,0.7585052785574123,0.7995100039262916,0.7316125298261155,0.7632092707699397
AST-007257,0.8312128416083503,0.2816502762303681,0.7263827024447356,0.6130819400944846
AST-007258,0.6683546248081198,0.6067779489204672,0.7325717162767749,0.6692347633351207
AST-007259,0.1707879366274757,0.6915515521933678,0.5046532739013991,0.4556642542407476
AST-007260,0.7410919468239002,0.5723218374634703,0.7257532118260078,0.6797223320377928
AST-007261,0.6516253489241388,0.9899859937982298,0.5605756187012815,0.7340623204745501
AST-007262,0.7887624060590004,0.6682140391284369,0.9476073577157667,0.8015279343010681
AST-007263,0.7676643676826327,0.5563790228574276,0.9727278516610189,0.7655904140670264
AST-007264,0.311744328977435,0.39748267118792635,0.9214486940482595,0.5435585647378737
AST-007265,0.45562767504200213,0.39197833560098033,0.8611141969582461,0.5695734025337429
AST-007266,0.435268422225185,0.7251892544735662,0.2290361881979334,0.46316462163222827
AST-007267,0.7476428435962663,0.7027333694966504,0.8527261020120569,0.7677007717016578
AST-007268,0.9041972416337799,0.7829634831469753,0.9263229700826554,0.8711612316211369
AST-007269,0.9765279021488716,0.7780938891953312,0.8948157381743027,0.8831458431728351
AST-007270,0.8347922912683418,0.5195305274878732,0.7284037132593434,0.6942421773385195
AST-007271,0.8309182261796237,0.7719420108757616,0.9390015678090717,0.8472872682881523
AST-007272,0.441952314084841,0.7272426294740251,0.4311237276995008,0.5334395570861222
AST-007273,0.22633560698189506,0.7034372382509931,0.7596708553484749,0.5631479001937877
AST-007274,0.5967898418872264,0.6318544017239907,0.6237637884456342,0.6174693440189504
AST-007275,0.3288099172330097,0.272250021634416,0.8573031341063532,0.486121024324593
AST-007276,0.16896938378121995,0.5211477038513436,0.3163453021642985,0.3354874632656207
AST-007277,0.8258936112960419,0.18831633738615602,0.8922270040598461,0.6354789842473479
AST-007278,0.7806359683238075,0.7624708139221523,0.7623655034786746,0.7684907619082115
AST-007279,0.7223939173949304,0.5455568398393656,0.9554441047770207,0.7411316206704389
AST-007280,0.41272637901877834,0.7208704934530934,0.8389076265450589,0.6575014996723102
AST-007281,0.8271628452757469,0.7206081632920979,0.5978950587969826,0.7152220224549425
AST-007282,0.0,0.5892042705306163,0.46734822624304156,0.3521841655912193
AST-007283,0.7833853251142279,0.43779707991008665,0.8063577147461484,0.6758467065901543
AST-007284,0.7361121633982515,0.21018287356006052,0.7860600169752874,0.5774516846445331
AST-007285,0.3655464707656584,0.8367938335490541,0.2395459206058683,0.4806287416401936
AST-007286,0.7119396397036379,0.47604669369756347,0.9671565946324768,0.718380976011226
AST-007287,0.8528527450653015,0.8761691348248003,0.7586289138433576,0.8292169312444865
AST-007288,0.6823811668553962,0.9293136712583817,0.7833411474678619,0.7983453285272133
AST-007289,0.3704927449045159,0.5078058576324976,0.3281093960049817,0.4021359995139984
AST-007290,0.4529330402694299,0.8303058909127987,0.9581340398824971,0.7471243236882419
AST-007291,0.5970125622325593,0.3646900803433777,0.9611109444676547,0.6409378623478639
AST-007292,0.6404925855842614,0.6896076411219815,0.9548765171774816,0.7616589146279082
AST-007293,0.4127109592518482,0.7775583820917675,0.7935130206531527,0.6612607873322561
AST-007294,0.7666725802406642,0.6942438936748689,0.9777526567556468,0.8128897102237267
AST-007295,0.8792410481701101,0.23808567396109978,0.56628333975873,0.5612033539633132
AST-007296,0.6080419023123702,0.5773465570972831,0.7673871283275687,0.6509251959124073
AST-007297,0.5207777634632171,0.778686945413346,0.6872299945014532,0.6622315677926721
AST-007298,0.8809812213735818,0.0783165897048223,0.5672823575419648,0.5088600562067896
AST-007299,0.8583480070576052,0.47689750304410466,0.8103455316917177,0.7151970139311424
AST-007300,0.5096328504231151,0.7432933637469196,0.9678509666352385,0.7402590602684244
AST-007301,0.22222152659410935,0.5024719328749501,0.5719453038840395,0.43221292111769966
AST-007302,0.4794040758856793,0.4918823551112878,0.8583893353461164,0.6098919221143612
AST-007303,0.643847396592003,0.7528572530990271,0.9461285022069041,0.780944383965978
AST-007304,0.0,0.6416470589308083,0.9535174143425434,0.5317214910911172
AST-007305,0.516438932992358,0.8802587927024397,0.8982747728401242,0.7649908328449739
AST-007306,0.6074682918858075,0.2396040648890471,0.7922127490987839,0.5464283686245461
AST-007307,0.32045024119683974,0.2993731422464662,0.7613297998871944,0.46038439444350016
AST-007308,0.3556118327517739,0.31840980749467385,0.42767801414494633,0.36723321813046467
AST-007309,0.4413994493709203,0.43049940511055895,0.6431369057597478,0.505011920080409
AST-007310,0.6003473692679524,0.5810744825895834,0.6384763787894918,0.6066327435490092
AST-007311,0.35372435568334465,0.797928691688811,0.5184177570314847,0.5566902681345468
AST-007312,0.5631115157148988,0.6937315455654745,0.38154141201210984,0.546128157764161
AST-007313,0.5352671029801515,0.4930059605389108,0.9389826584827147,0.6557519073339256
AST-007314,0.5058271197121424,0.6529716985100514,0.7913059678065846,0.6500349286762596
AST-007315,0.4230328928885813,0.6995773803344124,0.30494642371820485,0.47585223231373286
AST-007316,0.0,0.7055258134977928,0.9849774193787179,0.5635010776255035
AST-007317,0.0,0.8152922044584023,0.8553235201858941,0.5568719082147654
AST-007318,0.35953327394070184,0.6680010573259032,0.20173683960176073,0.4097570569561219
AST-007319,0.0,0.7209389413684311,0.9297107440859999,0.5502165618181437
AST-007320,0.8326956469223092,0.5949872372238884,0.6304284896615618,0.6860371246025864
AST-007321,0.9056915702518988,0.7487152439286093,0.7611630891028506,0.8051899677611196
AST-007322,0.0,0.4107732269296269,0.7417831476090891,0.38418545817957206
AST-007323,0.27438861322789904,0.466235705462301,0.9045088902088805,0.5483777362996934
AST-007324,0.487449116393481,0.44834858506991787,0.8085448143882412,0.58144750528388
AST-007325,0.4811455421454618,0.5979887625318424,0.730354610890494,0.6031629718559327
AST-007326,0.5244131239120771,0.37527891866727414,0.9437342338702805,0.6144754254832105
AST-007327,0.7970655433995881,0.7382894914082448,0.8593985785326009,0.7982512044468114
AST-007328,0.34825800328883694,0.8806950036773409,0.997374484545776,0.742109163837318
AST-007329,0.4189702736702121,0.9138769513068613,0.5842886145990932,0.6390452798587223
AST-007330,0.8961335914888657,0.3872212075424201,0.8959610831835748,0.7264386274049536
AST-007331,0.7792417953510754,0.6062095495339332,0.9494060487065067,0.7782857978638384
AST-007332,0.44299271928448,0.7619881370986891,0.45294394862959647,0.5526416016709218
AST-007333,0.6489270058919706,0.16883794028594112,0.9912976274677823,0.603020857881898
AST-007334,0.7701294846907528,0.5499345052989117,0.8406815701743087,0.7202485200546578
AST-007335,0.0,0.5198165667979977,0.6805410015022764,0.40011918943342467
AST-007336,0.6949503514727505,0.7088437197879343,0.8344702582404846,0.7460881098337232
AST-007337,0.0,0.2749225298776587,0.9505584135852772,0.40849364782097863
AST-007338,0.5614944259708002,0.28649962941860746,0.7779992649455199,0.5419977734449758
AST-007339,0.4696399823490267,0.27276013421373,0.48957045763633084,0.41065685806636254
AST-007340,0.31579207661570496,0.7054548193896587,0.6842491962606757,0.5684986974220131
AST-007341,0.9182912729843516,0.6692894899084774,0.7635124679721061,0.7836977436216449
AST-007342,0.39150308060614253,0.6573910801064786,0.9333483216226254,0.6607474941117489
AST-007343,0.7566231210594817,0.62024428126522,0.7191898401739334,0.6986857474995452
AST-007344,0.7412481727977533,0.3223548654337897,0.8231192033824473,0.6289074138713301
AST-007345,0.498649155913179,0.18178086245640138,0.9978368410848236,0.5594222864848013
AST-007346,0.666270756585514,0.43560280550867053,0.910004761662935,0.6706261079190399
AST-007347,0.7666868497627313,0.8734172548217312,0.6061382033205397,0.748747435968334
AST-007348,0.12166156323303398,0.8160567098422601,0.4588039891209186,0.4655074207320709
AST-007349,0.25202258773460656,0.3155660264704106,0.9859709369790264,0.5178531837280146
AST-007350,0.8496334169663832,0.885151136181119,0.9397922515844169,0.8915256015773063
AST-007351,0.6702921002097912,0.510892565096628,0.7515276365300019,0.6442374339454737
AST-007352,0.8051658963046694,0.5969785940529391,0.6523821918069418,0.6848422273881835
AST-007353,0.13225045561373197,0.7665507169951873,0.8612895673609373,0.5866969133232854
AST-007354,0.7998203250535462,0.8359118029624775,0.8597402004156094,0.831824109477211
AST-007355,0.23317448925963125,0.6767060317442797,0.8637481248557805,0.5912095486198972
AST-007356,0.7474451833687162,0.8088250604806377,0.9005466948573286,0.8189389795688943
AST-007357,0.9261893490662422,0.3171455814324309,0.9366283783802035,0.7266544362929589
AST-007358,0.4601503018427802,0.36928315269928924,0.8325568331881195,0.5539967625767296
AST-007359,0.5927759983661676,0.32288855224451585,0.11452963544544897,0.34339806201871076
AST-007360,0.27805231384860274,0.38516954588232644,0.929154229593994,0.5307920297749744
AST-007361,0.0,0.6425424929147577,0.8924012706935851,0.511647921202781
AST-007362,0.9289757769380694,0.3358624227984474,0.8258787664248486,0.6969056553871219
AST-007363,0.5923389611654141,0.47012230395247356,0.9127874556646943,0.6584162402608605
AST-007364,0.2928575264932478,0.6463755516953582,0.9145661802401381,0.6179330861429148
AST-007365,0.0,0.5175478804113596,0.9601662269359856,0.49257136911578175
AST-007366,0.0,0.3710961509398143,0.6363015716129932,0.3357992408509358
AST-007367,0.752064645411503,0.8291741152978928,0.5169513496187712,0.6993967034427223
AST-007368,0.9216670950090504,0.6806601343415047,0.8334018685647072,0.8119096993050875
AST-007369,0.48828956446824806,0.6601149552797756,0.9222022128441487,0.6902022441973908
AST-007370,0.0,0.7555008706065995,0.9979639844166776,0.5844882850077591
AST-007371,0.7780637633000923,0.4450297372262887,0.4080457782230553,0.5437130929164787
AST-007372,0.8997987450030732,0.7753469965699555,0.8432399982492521,0.8394619132740937
AST-007373,0.8196502740543231,0.6673391606877701,0.879394301863202,0.7887945788684317
AST-007374,0.829548408533755,0.8362834716939066,0.863287274533587,0.8430397182537496
AST-007375,0.2016737018589506,0.6726252863111184,0.2425350388125036,0.37227800899419083
AST-007376,0.31935475960000126,0.34416898700097687,0.7216969247331991,0.46174022377805907
AST-007377,0.0,0.7255172759341454,0.9688151415534332,0.5647774724958595
AST-007378,0.3802563421668959,0.7324458845952758,0.834319849971934,0.6490073589113686
AST-007379,0.7047109058313233,0.7404770017993382,0.9970328842189533,0.814073597283205
AST-007380,0.20870877705212196,0.7972775684433481,0.7465561922730162,0.5841808459228287
AST-007381,0.6732867924833762,0.6980318033591346,0.4838658034722115,0.6183947997715741
AST-007382,0.0,0.7590517567817805,0.9220828225032864,0.5603781930950223
AST-007383,0.4603659125774781,0.8232375721618379,0.9883429250880724,0.7573154699424629
AST-007384,0.5263486515716495,0.271078993845219,0.5548409875253635,0.450756210980744
AST-007385,0.0,0.36507333910989553,0.9336634927294355,0.43291227727977705
AST-007386,0.6019910748593768,0.36875225607290385,0.6859683887936926,0.5522372399086577
AST-007387,0.6034802982754998,0.8825681933805015,0.6524887894788141,0.7128457603782717
AST-007388,0.8876475852386726,0.8553028292845748,0.9242200575682626,0.8890568240305033
AST-007389,0.5767153657108152,0.3459162869445335,0.8616473847627381,0.5947596791393622
AST-007390,0.0,0.49048194666090245,0.3400661523029265,0.2768493663212763
AST-007391,0.8728681772656764,0.23747711167353283,0.5493609303590689,0.5532354064327594
AST-007392,0.47564767556552684,0.7111945721070265,0.8094343522890003,0.6654255333205179
AST-007393,0.8313546492087767,0.7143713186649028,0.7274975474932022,0.7577411717889605
AST-007394,0.336986485905721,0.31047520641516524,0.8602298501218566,0.5025638474809143
AST-007395,0.0,0.7856838333749694,0.5638115696632227,0.4498318010127307
AST-007396,0.9200009146896663,0.77413051793743,0.9473776842500935,0.8805030389590632
AST-007397,0.8286034910448887,0.28258697698607355,0.9209648887936048,0.6773851189415224
AST-007398,0.4368132916539677,0.3710901309277096,0.7063315010513553,0.5047449745443442
AST-007399,0.8659581455669894,0.16001398547631193,0.928697491213507,0.6515565407522694
AST-007400,0.5099919299242343,0.2792520445384579,0.930299053641576,0.5731810093680894
AST-007401,0.0,0.4472978182120284,0.6386513399436002,0.36198305271854286
AST-007402,0.702380531019013,0.8424564344290089,0.7212357766229882,0.7553575806903368
AST-007403,0.8916867861067067,0.37057397230855826,0.9066258080867712,0.722962188834012
AST-007404,0.7552582475518824,0.46560689981400805,0.568700623979378,0.5965219237817562
AST-007405,0.6841707843462874,0.5492705091086231,0.8482222789674462,0.693887857474119
AST-007406,0.4015948832300739,0.8618363345686829,0.8908844165393622,0.7181052114460397
AST-007407,0.5770890450691254,0.3858413129227952,0.9974456344926789,0.6534586641615331
AST-007408,0.6736626273051728,0.15355104788987595,0.9212236851966344,0.5828124534638944
AST-007409,0.6427650092053915,0.8802153087798092,0.99573142723321,0.8395705817394702
AST-007410,0.4393983162183999,0.5738989076731953,0.9612030264456451,0.6581667501124134
AST-007411,0.22708920132307886,0.3328375512835801,0.7333254433804642,0.4310840653290411
AST-007412,0.671419652204736,0.49832776105558796,0.6916969350953914,0.6204814494519051
AST-007413,0.8979809930405398,0.48601036131845254,0.9713333000845388,0.7851082181478436
AST-007414,0.8575272481625669,0.28925159439105247,0.9496677131436613,0.6988155185657602
AST-007415,0.8088992235947884,0.6711313149630295,0.6534419525245274,0.7111574970274485
AST-007416,0.7590622912084612,0.6110522780782276,0.8026002771376733,0.724238282141454
AST-007417,0.613002107829073,0.42537153603925454,0.562430555496509,0.5336013997882788
AST-007418,0.4321696727324859,0.6671892247893833,0.7075623087926355,0.6023070687715015
AST-007419,0.34626549425015923,0.9396191613725667,0.9213277757893128,0.7357374771373463
AST-007420,0.678722144026994,0.6384098374417191,0.8553571110334074,0.7241630308340402
AST-007421,0.13115889852960327,0.9332236558651987,0.7335567622733038,0.5993131055560353
AST-007422,0.8260422473782194,0.5917472348889005,0.8747737865457914,0.7641877562709705
AST-007423,0.671521227019102,0.13536853244971203,0.4812711131685501,0.42938695754578804
AST-007424,0.2511952560683432,0.9140230166584241,0.9873754676036253,0.7175312467767975
AST-007425,0.9056240551223698,0.9014044506528167,0.8327843146048653,0.8799376067933506
AST-007426,0.9021567312899853,0.7733785237395218,0.9151097875389721,0.8635483475228264
AST-007427,0.468062101286444,0.6982764617573956,0.6823154385023914,0.6162180005154103
AST-007428,0.4816104102595997,0.4717591993983289,0.7319429324603357,0.5617708473727547
AST-007429,0.4479727902732718,0.5675937575820996,0.6355678155270739,0.5503781211274817
AST-007430,0.5483891521203207,0.7789474328408418,0.7890684135384888,0.7054683328332171
AST-007431,0.5199221118367097,0.6735287198709452,0.8862142541771835,0.693221695294946
AST-007432,0.6213584460570595,0.7690698627159992,0.7951447750798801,0.7285243612843129
AST-007433,0.2939135940585979,0.5502502869980338,0.8581372690357102,0.5674337166974474
AST-007434,0.20137482663556847,0.8599127628190774,0.8840442581133421,0.6484439491893293
AST-007435,0.5367349122104873,0.6179790111041789,0.8422744016049243,0.6656627749731968
AST-007436,0.8703909274908355,0.6581407935891003,0.9994387558560577,0.8426568256453312
AST-007437,0.5288981889082838,0.6176997403263697,0.7330457934857895,0.626547907573481
AST-007438,0.719284648453595,0.8372512489142245,0.766498802188703,0.7743448998521741
AST-007439,0.29680186732938135,0.21750260014327139,0.644281219896404,0.3861952291230189
AST-007440,0.5419015418093058,0.7845699185015048,0.3465024414214621,0.5576579672440909
AST-007441,0.40260444502146053,0.4062763556916711,0.47750863231508484,0.42879647767607215
AST-007442,0.7361896434520828,0.6916358940858042,0.7058212181639837,0.7112155852339569
AST-007443,0.8165747775798695,0.8035040366243685,0.4856010025849533,0.7018932722630637
AST-007444,0.7060254900138276,0.4267653084990845,0.5304666945463142,0.5544191643530755
AST-007445,0.706086554303835,0.22951459479247194,0.9148085177805011,0.6168032222922694
AST-007446,0.7368505709098134,0.08440092662198362,0.9372697997448253,0.5861737657588741
AST-007447,0.38189491456413754,0.5750252250243653,0.6492926429988993,0.5354042608624674
AST-007448,0.5200165718612096,0.37667215302268614,0.6417075157055431,0.5127987468631462
AST-007449,0.0,0.9183461883037524,0.9922837088776044,0.6368766323937857
AST-007450,0.14637648262658962,0.40673655411295406,0.3384360313531976,0.29718302269758046
AST-007451,0.8457015610550175,0.5484407956108386,0.568358416019489,0.6541669242284484
AST-007452,0.7016840644124931,0.283372514391085,0.741895098476496,0.575650559093358
AST-007453,0.7915587450702508,0.547524654000631,0.8946927802031548,0.7445920597580121
AST-007454,0.5030816960345105,0.4033933939967915,0.7629466247618215,0.5564739049310412
AST-007455,0.919693484911638,0.72714731025554,0.35618543045213147,0.6676754085397697
AST-007456,0.7925515414377472,0.5613606575121809,0.9956950608880341,0.7832024199459874
AST-007457,0.6900204418913976,0.478757755179926,0.837143999971409,0.6686407323475775
AST-007458,0.663304144471089,0.6800662534788646,0.4738949133153603,0.6057551037551047
AST-007459,0.0,0.4209126113467358,0.5309133379644841,0.31727531643707335
AST-007460,0.8616559595986365,0.27324856547346993,0.9004600726678528,0.6784548659133197
AST-007461,0.6134738737185543,0.37318845846066856,0.9175248004284527,0.6347290442025586
AST-007462,0.1977350984964448,0.5248289034214838,0.9215041406698274,0.5480227141959187
AST-007463,0.30593706967874584,0.6295259494253336,0.8373481843627879,0.590937067822289
AST-007464,0.3765559334228471,0.5405512820132046,0.9646490809602787,0.6272520987987767
AST-007465,0.0,0.17477186756920363,0.8936502463804082,0.35614070464987063
AST-007466,0.6191413778738755,0.7702006228059145,0.8296110760082368,0.7396510255626757
AST-007467,0.5473329856614293,0.6751462465437106,0.9154207785777335,0.7126333369276244
AST-007468,0.6660629529524732,0.6158415623706568,0.5429696125736693,0.6082913759655998
AST-007469,0.9688310075662511,0.5456870503853638,0.7198357242167034,0.7447845940561061
AST-007470,0.0,0.2388282200705543,0.48940655804978467,0.242744926040113
AST-007471,0.4615116854798472,0.8672874233483313,0.9028530795994033,0.743884062809194
AST-007472,0.23709460711661523,0.20960006210112228,0.9622920126785823,0.4696622272987733
AST-007473,0.8744598977130702,0.43487929790621455,0.6968107447929209,0.6687166468040685
AST-007474,0.4597531704186444,0.27379237525412903,0.7122788450553029,0.48194146357602546
AST-007475,0.4302848869309163,0.6618549539592293,0.9968873744570427,0.6963424051157294
AST-007476,0.22214644661296884,0.23720806179450915,0.98020456094118,0.4798530231162193
AST-007477,0.2582634133457767,0.7070629705314219,0.6567271949729767,0.5406845262833918
AST-007478,0.7977881482537345,0.6093248316376233,0.5169134347221616,0.6413421382045065
AST-007479,0.29332527780422957,0.044695532298467566,0.41859614187449984,0.2522056506590657
AST-007480,0.9362388309025026,0.9173705360439353,0.8175353034607811,0.8903815568024062
AST-007481,0.9470786277302694,0.3099914427999623,0.7064263060206543,0.6544987921836287
AST-007482,0.7101941471557236,0.6862050302304649,0.996274447030503,0.7975578748055638
AST-007483,0.8474186640064347,0.8040510304141508,0.9175905458734838,0.8563534134313565
AST-007484,0.9717950154541637,0.46135334597853556,0.6854926213400415,0.7062136609242469
AST-007485,0.5046001142145774,0.3854886100196572,0.7542629697975188,0.5481172313439178
AST-007486,0.6849650139717677,0.4446909403016284,0.5952925480994802,0.5749828341242921
AST-007487,0.38819338518016555,0.5356652467465968,0.5228217078783339,0.4822267799350321
AST-007488,0.8321934416420164,0.8562738287145867,0.8065711360631782,0.8316794688065938
AST-007489,0.8295618338010221,0.30056210854450655,0.7995450368318603,0.6432229930591297
AST-007490,0.0,0.6904714092562197,0.41982096551424986,0.3700974582568232
AST-007491,0.3898425224799915,0.3861307715161695,0.6715212581165397,0.4824981840375669
AST-007492,0.5513572190949819,0.5028898354705609,0.6640603840123642,0.5727691461926357
AST-007493,0.35966643921724983,0.790880488688444,0.6329809197125927,0.5945092825394288
AST-007494,0.6483529893617869,0.6237167639789385,0.8673276285954158,0.7131324606453804
AST-007495,0.4018502445394131,0.632197572105817,0.6452784469635624,0.5597754212029308
AST-007496,0.5500866990584088,0.20339287546677795,0.8665782339900515,0.5400192695050795
AST-007497,0.9117694076813572,0.5233318747990644,0.9575819519719907,0.7975610781508041
AST-007498,0.4960278506428281,0.692024764439517,0.9697366210858236,0.7192630787227229
AST-007499,0.0,0.38850376825814553,0.8120918784272974,0.4001985488951476
AST-007500,0.5978217315052671,0.7172421288147676,0.6228985074179846,0.6459874559126731
AST-007501,0.537646807461778,0.8872593316559381,0.6877242333644543,0.7042101241607234
AST-007502,0.5154080535029095,0.8446801544733182,0.9803428504072256,0.7801436861278178
AST-007503,0.0,0.7179196612623578,0.7853779605189253,0.5010992072604278
AST-007504,0.26579576709554276,0.17612028099854168,0.3509071856383962,0.26427441124416023
AST-007505,0.6034158877257649,0.8886490862107559,0.7647337497956682,0.752266241244063
AST-007506,0.6103862415550182,0.7805117436959887,0.776781329819521,0.7225597716901758
AST-007507,0.8861179414112813,0.7040909365818062,0.9501223800789502,0.8467770860240126
AST-007508,0.45538311855559377,0.6978677880961313,0.8284024116205243,0.6605511060907499
AST-007509,0.5849069040301241,0.5657180731686379,0.9569486198714874,0.7025245323567498
AST-007510,0.6221304576026057,0.5286045125424297,0.7755731298167953,0.6421026999872769
AST-007511,0.457390427039381,0.6277975473974402,0.9501508735247305,0.6784462826538505
AST-007512,0.5152410806969481,0.48464606973286195,0.7413487139364898,0.5804119547887666
AST-007513,0.2482146306188006,0.4834100918735802,0.9880364393830642,0.573220387291815
AST-007514,0.10827544665423955,0.5302905519044004,0.38318936010622806,0.3405851195549561
AST-007515,0.3641452251899518,0.375983715055654,0.9005126284641913,0.5468805229032657
AST-007516,0.5173734713364507,0.9396248253054784,0.6385989285141166,0.6985324083853487
AST-007517,0.7321890819832741,0.31944780972256326,0.8031089084491803,0.6182486000516726
AST-007518,0.8414021925590569,0.3053860035895233,0.6620069758346234,0.6029317239944012
AST-007519,0.8328796641123036,0.48804697756531873,0.545702607468425,0.6222097497153491
AST-007520,0.8698005790690171,0.7859246362244816,0.8179565348605262,0.8245605833846751
AST-007521,0.3120326752313808,0.1658917669245235,0.7029015881033074,0.3936086767530706
AST-007522,0.5105004420428255,0.755548179560093,0.43499294879569855,0.567013856799539
AST-007523,0.2695329356134552,0.5695056312264495,0.6084579324912835,0.4824988331103961
AST-007524,0.8108132032374842,0.40030070340676055,0.8970972071898126,0.7027370379446857
AST-007525,0.8714982640059891,0.9618933211797348,0.6960081005075133,0.8431332285644123
AST-007526,0.5970393111962168,0.767414128425717,0.8772490146948674,0.7472341514389337
AST-007527,0.3576075495286674,0.6842226300264069,0.8886444060008427,0.643491528518639
AST-007528,0.0,0.5748267538718043,0.5643217988212421,0.3797161842310155
AST-007529,0.6091517201941069,0.3701574791272591,0.971780375212154,0.6503631915111733
AST-007530,0.32344662738406454,0.6525481153226663,0.31878786238025525,0.431594201695662
AST-007531,0.5164584559363743,0.4021906132129867,0.7597503436924109,0.5594664709472573
AST-007532,0.8891422761419834,0.8391135904892412,0.6245895682474975,0.7842818116262406
AST-007533,0.7836226845402071,0.4155888123743114,0.9724883453556648,0.7238999474233944
AST-007534,0.0,0.7500863524650359,0.9735657678679347,0.5745507067776568
AST-007535,0.7987725042437512,0.26030426703619497,0.8984494645410229,0.6525087452736563
AST-007536,0.5847947420240501,0.7931942586348567,0.5483435145673908,0.6421108384087658
AST-007537,0.0,0.591322910402739,0.746830724408267,0.44605121160366873
AST-007538,0.7204798755924104,0.3845513679497466,0.6201879679375378,0.5750730704932315
AST-007539,0.5552530496534891,0.7257681327560421,0.8125765982552497,0.6978659268882602
AST-007540,0.9282813244638198,0.32738238343472664,0.8703538262654815,0.7086725113880092
AST-007541,0.14718400289500638,0.4965506782483883,0.4164431366545982,0.35339260593266425
AST-007542,0.4126448039894001,0.8064747389049913,0.3826223347206395,0.5339139592050103
AST-007543,0.6071472562237947,0.8578246376484143,0.6212146985009533,0.6953955307910541
AST-007544,0.8227118641270229,0.39461727138401814,0.9159662389541134,0.7110984581550515
AST-007545,0.41130501858258045,0.10432312364546384,0.4150232704372658,0.31021713755510333
AST-007546,0.9099055939587539,0.8189958234054245,0.9310115537897232,0.8866376570513005
AST-007547,0.701454697116931,0.4641999563163485,0.9638312701398022,0.7098286411910273
AST-007548,0.7700146626931689,0.6078196812515357,0.8621052352293821,0.7466465263913623
AST-007549,0.9019049094331737,0.8610720409363408,0.6656926680788496,0.809556539482788
AST-007550,0.0,0.4328653377988264,0.23567963582117438,0.22284832454000025
AST-007551,0.6196234279140559,0.9388543260787897,0.6638529561532838,0.7407769033820432
AST-007552,0.8678315605892031,0.21074256946437925,0.24873266927576526,0.44243559977644914
AST-007553,0.3804853093317299,0.3635878627891205,0.6741963239026437,0.4727564986744981
AST-007554,0.3729663289735601,0.7920879150176657,0.9394742188033904,0.7015094875982054
AST-007555,0.4845611404565462,0.8991761133094435,0.7561020931351806,0.7132797823003901
AST-007556,0.7073838917733227,0.5372518697805837,0.6656821490852591,0.6367726368797219
AST-007557,0.5721486989232746,0.49586436257685745,0.8834816010404828,0.6504982208468716
AST-007558,0.6634259851895346,0.7907060584496971,0.8483984964408614,0.7675101800266977
AST-007559,0.5476474061457485,0.39400888306141885,0.9456615214220523,0.6291059368764066
AST-007560,0.7668393358172182,0.6119445801687015,0.9951721692736035,0.7913186950865078
AST-007561,0.3843054709232166,0.47762178035231884,0.7700136458012927,0.5439802990256094
AST-007562,0.0,0.694819654126214,0.7845509131421669,0.49312352242279367
AST-007563,0.7003502770931141,0.4411909549416079,0.3824987950657706,0.5080133423668308
AST-007564,0.6836743503874146,0.7475405510494407,0.41207600583480775,0.6144303024238877
AST-007565,0.5453783069874811,0.7614674900233243,0.4728611884483424,0.593235661819716
AST-007566,0.6200783115486443,0.8347511933999193,0.9595439738952928,0.8047911596146188
AST-007567,0.0,0.3137254938039184,0.675377745415451,0.32970107973978985
AST-007568,0.6789862570928197,0.851662073008034,0.9939932263259296,0.8415471854755944
AST-007569,0.6032365931165046,0.41140508467577874,0.912226256239029,0.6422893113437708
AST-007570,0.5590283173292793,0.6636626412788951,0.9430414444938814,0.7219108010340185
AST-007571,0.6689138995102685,0.520576373796849,0.9003930377953488,0.6966277703674888
AST-007572,0.7980518179720625,0.6855276802100051,0.8414288223959338,0.7750027735260004
AST-007573,0.2770228771713798,0.7535218545443333,0.6542515182140699,0.5615987499765943
AST-007574,0.290127443102361,0.5782749436239683,0.7858287583724153,0.5514103816995816
AST-007575,0.44446274828661975,0.17518757662960968,0.6035406530923144,0.4077303260028479
AST-007576,0.6460882103467153,0.7478618305577571,0.9639550848918819,0.7859683752654515
AST-007577,0.6076926109975531,0.32956219843849727,0.5480572658577205,0.4951040250979237
AST-007578,0.7768576112113051,0.7980765488547749,0.9154484024524182,0.8301275208394995
AST-007579,0.49804013865956476,0.8230424364957677,0.8617945807039913,0.7276257186197745
AST-007580,0.5405036003306283,0.873536822821016,0.9995856117283922,0.8045420116266788
AST-007581,0.3575841615158444,0.5233609489515886,0.27260397581323836,0.38451636209355716
AST-007582,0.3665253466222098,0.2279616685641564,0.5801409103901392,0.3915426418588351
AST-007583,0.4492654017883393,0.328231093914328,0.25744180725086474,0.344979434317844
AST-007584,0.35803869903001007,0.3761933558809522,0.7805100935937422,0.5049140495015682
AST-007585,0.9312329967869775,0.49970409234486607,0.8538773555839315,0.7616048149052584
AST-007586,0.0,0.5764794199650711,0.9836203611374655,0.5200332603675122
AST-007587,0.5763308865497464,0.47815893398286113,0.88080594313105,0.6450985878878858
AST-007588,0.34430019843311616,0.5109462494423727,0.9856297870612899,0.6136254116455929
AST-007589,0.9701748351960452,0.5965299906366958,0.6310017661215644,0.7325688639847684
AST-007590,0.60122757868437,0.3732198492535111,0.7400825527840252,0.5715099935739688
AST-007591,0.5310636739399317,0.4036655807893983,0.8743468063065585,0.6030253536786295
AST-007592,0.0,0.22691916964872128,0.6993731107197658,0.30876409345616235
AST-007593,0.40244792092871545,0.4829204467278641,0.9154986330444387,0.6002890002336727
AST-007594,0.8419223351171765,0.5630970997403738,0.8433414361037204,0.7494536236537569
AST-007595,0.8704039241760206,0.8698414479574605,0.6881741810258529,0.8094731843864448
AST-007596,0.38093499220097754,0.5675883331644783,0.7400081155603653,0.5628438136419404
AST-007597,0.27461833833832916,0.5571099617957488,0.9176378079240038,0.5831220360193606
AST-007598,0.8236895667953875,0.8281119493734741,0.9538463896015389,0.8685493019234669
AST-007599,0.0,0.791152698443868,0.6057100366659299,0.46562091170326597
AST-007600,0.682690697065084,0.5226251424073163,0.8736261406355961,0.6929806600359987
AST-007601,0.7968879686801633,0.4029464673015989,0.4499142206647122,0.5499162188821581
AST-007602,0.7851379368131904,0.5882581129362358,0.9625955524805072,0.7786638674099778
AST-007603,0.0,0.8199248105125279,0.3697307985230101,0.39655186967851264
AST-007604,0.8525149917359929,0.5446593893566676,0.8461065011324869,0.7477602940750492
AST-007605,0.15816472115403948,0.20516573011730924,0.8341457407330601,0.3991587306681363
AST-007606,0.7125870288117073,0.6356692412867099,0.9742601262385792,0.7741721321123322
AST-007607,0.9320020147360853,0.3882782384041263,0.6793426842146825,0.666540979118298
AST-007608,0.5099223064632441,0.3766107189280324,0.7252948796692045,0.5372759683534937
AST-007609,0.49326124248388264,0.8263034936236661,0.7451535182695226,0.6882394181256904
AST-007610,0.6239017066871131,0.09824839172431302,0.5654926722118104,0.42921425687441217
AST-007611,0.7203311970633559,0.3304285681249831,0.7977893540867222,0.6161830397583538
AST-007612,0.758338815160993,0.28720670008327354,0.5315198068237152,0.5256884406893273
AST-007613,0.6440586417037104,0.6223247775241877,0.9869499545850519,0.7511111246043166
AST-007614,0.7782015536906016,0.5079853533647695,0.43763483303223794,0.5746072466958697
AST-007615,0.0,0.6928624229975942,0.8720917797666073,0.5216514009214005
AST-007616,0.0883739102879929,0.9467187229123065,0.6545527970570688,0.5632151434191227
AST-007617,0.5416787693522838,0.6210203995093037,0.6240070692426369,0.5955687460347414
AST-007618,0.7422168907413115,0.5300234621624086,0.9442970024106472,0.738845785104789
AST-007619,0.4275937266758906,0.4567859922992328,0.5308339174606271,0.4717378788119168
AST-007620,0.8524053984542616,0.9222998466725607,0.7240430318900098,0.832916092338944
AST-007621,0.6945452634341881,0.03552623999396906,0.8360468255269289,0.5220394429850287
AST-007622,0.0,0.4913812498533095,0.8821897237810153,0.45785699121144163
AST-007623,0.6774091761667137,0.9835730358478122,0.8183299249076297,0.8264373789740519
AST-007624,0.3871744707714098,0.927294985852961,0.6451528698676232,0.6532074421639981
AST-007625,0.8015819218412474,0.764344012369461,0.5133717609358192,0.6930992317155091
AST-007626,0.5685768273496261,0.5714094169432197,0.9203737067721338,0.6867866503549932
AST-007627,0.7263766064679383,0.7398731500670421,0.40999213251203476,0.6254139630156718
AST-007628,0.6483358161841178,0.7703933518150069,0.8364591343660659,0.7517294341217302
AST-007629,0.8227600493192294,0.22672201787394616,0.7961240247522238,0.6152020306484665
AST-007630,0.6169472590303303,0.6498299318240006,0.9940086656578053,0.7535952855040454
AST-007631,0.6796205054631332,0.7255743528628726,0.9145975404428384,0.773264132922948
AST-007632,0.36982296608006365,0.7663882749060966,0.649036149406476,0.5950824634642121
AST-007633,0.8940131285644267,0.7360684390991904,0.8481633691450843,0.8260816456029004
AST-007634,0.5697776128390214,0.776544257575924,0.7158754681310564,0.6873991128486674
AST-007635,0.3217586172410776,0.9589114065386721,0.4574523208832438,0.5793741148876644
AST-007636,0.23663954911985494,0.3065347019123702,0.5028208732612623,0.3486650414311625
AST-007637,0.6530436507634942,0.8796829309961063,0.7711886108575824,0.7679717308723943
AST-007638,0.2695244784086591,0.6948639681202616,0.5129277301030317,0.49243872554398416
AST-007639,0.30383903417384134,0.5801873903634343,0.8117344199273494,0.5652536148215416
AST-007640,0.8529297970512421,0.7347171456375227,0.8630889827759007,0.8169119751548886
AST-007641,0.3703625930407423,0.36442798638456636,0.529617118818548,0.4214692327479523
AST-007642,0.48758474129609397,0.18179832216147762,0.7934675030020765,0.48761685548654937
AST-007643,0.4038744191298902,0.8409702826728621,0.6549296500539309,0.633258117285561
AST-007644,0.6014900084825363,0.27227225119734955,0.905151731545987,0.5929713304086243
AST-007645,0.5189305904254562,0.9303294446200673,0.9748460346613893,0.808035356568971
AST-007646,0.684854171214647,0.7586099483637812,0.4698766737691225,0.6377802644491836
AST-007647,0.670636998507036,0.7139045629947924,0.9929919470109515,0.79251116950426
AST-007648,0.0,0.25553634015235016,0.6368195595930359,0.29745196658179535
AST-007649,0.7980482481656824,0.869945630558258,0.5384412110651268,0.7354783632630224
AST-007650,0.4588314695446576,0.18697767444180138,0.31386218643007513,0.31989044347217804
AST-007651,0.4594643333089222,0.5847523393278247,0.9804813960294755,0.6748993562220741
AST-007652,0.8103710847245712,0.14881594417426044,0.8238006296451,0.5943292195146439
AST-007653,0.7465891538137005,0.841184627629024,0.6856889561119366,0.7578209125182204
AST-007654,0.5114554332553256,0.34712100859483574,0.30840036805244786,0.3889922699675364
AST-007655,0.7633726638724476,0.26678837241309455,0.5380505948281463,0.5227372103712296
AST-007656,0.690076012992821,0.5266449389002804,0.8476176478608353,0.6881128665846455
AST-007657,0.5334372340633293,0.5915464750714825,0.5448055664195004,0.5565964251847707
AST-007658,0.0,0.861137577049075,0.8413579860542545,0.5674985210344432
AST-007659,0.5771676889195314,0.8627696012441358,0.7271893535454065,0.7223755479030246
AST-007660,0.48818648570377143,0.730185605806604,0.700363194435055,0.6395784286484768
AST-007661,0.13195176353623572,0.4006397319819658,0.6786449831570682,0.40374549289175654
AST-007662,0.24860038956910419,0.31417544763523075,0.7455259866182902,0.4361006079408751
AST-007663,0.4196046787479435,0.4660807643047561,0.9098199440019515,0.5985017956848837
AST-007664,0.17185204184003205,0.19551493297925185,0.9291514928484015,0.4321728225558951
AST-007665,0.4087699329196434,0.5615401627436841,0.881242708398361,0.6171842680205629
AST-007666,0.911623168741242,0.6194713824084516,0.5794433834620324,0.7035126448705754
AST-007667,0.8323931373084569,0.6652727990861904,0.8102953461447738,0.7693204275131403
AST-007668,0.5185509449751114,0.676852983127239,0.8082718000286115,0.6678919093769874
AST-007669,0.6440292923399427,0.5086387703515303,0.7594813708771098,0.6373831445228609
AST-007670,0.4137039842290656,0.7372915629864145,0.7339912218590076,0.6283289230248292
AST-007671,0.4570816319177204,0.28127905496103445,0.9016314414182145,0.5466640427656565
AST-007672,0.7552704410360199,0.7216501830004042,0.939524032171873,0.8054815520694323
AST-007673,0.44267123064027325,0.7574966115886329,0.9179824053328298,0.7060500825205787
AST-007674,0.0,0.7191451647752611,0.3424701721157647,0.35387177896367533
AST-007675,0.48683443463424986,0.2792797329741948,0.6772094873814175,0.48110788499662077
AST-007676,0.0,0.3584199773588052,0.9667902019587639,0.44173672643918965
AST-007677,0.3201739871689141,0.5421022793201357,0.9729274101802372,0.6117345588897624
AST-007678,0.3867326027610428,0.54082925415509,0.5615550241934173,0.49637229370318336
AST-007679,0.15344184297139551,0.2696108072415669,0.9956338956927473,0.4728955153019032
AST-007680,0.6943523776811548,0.5419346048655878,0.5308245199753792,0.5890371675073739
AST-007681,0.3013134447050632,0.423067086074761,0.9320593490358672,0.5521466266052305
AST-007682,0.5190894757642173,0.4695287214464334,0.6454441155843867,0.5446874375983458
AST-007683,0.4097594572311977,0.8279658276156762,0.9925769836023444,0.7434340894830728
AST-007684,0.7969981573415275,0.8946950609767615,0.9764317982322243,0.8893750055168378
AST-007685,0.3058560691728085,0.6817479379936311,0.5475654945300271,0.5117231672321556
AST-007686,0.7467404263529076,0.7314724164315095,0.8698431330291762,0.7826853252711977
AST-007687,0.423594874064768,0.3171087997652469,0.6520505602627278,0.4642514113642475
AST-007688,0.35334282340482154,0.3138478378791884,0.961590834575454,0.542927165286488
AST-007689,0.6500330813378516,0.8524421951256826,0.988877650092891,0.8304509755188084
AST-007690,0.4760525646566641,0.17105379263894713,0.5832635412789771,0.41012329952486276
AST-007691,0.08346742890544893,0.5729503872064399,0.28169609012181196,0.31270463541123356
AST-007692,0.5736611114864417,0.7564553376170654,0.8596951202250108,0.7299371897761726
AST-007693,0.3937792659325501,0.42824803682237356,0.0899170824839631,0.3039814617462956
AST-007694,0.6590449578698784,0.3823655718897679,0.9478200294497962,0.6630768530698141
AST-007695,0.0,0.10345994309533897,0.9512675887361859,0.3515758439438416
AST-007696,0.2684094979923719,0.547017936449643,0.5269060093341144,0.4474444812587097
AST-007697,0.4754170269877133,0.813900211804465,0.9745365429393889,0.7546179272438557
AST-007698,0.5308331001238075,0.33497534504382825,0.694563551310799,0.5201239988261449
AST-007699,0.9616437707454216,0.14075560368290213,0.7631778750057616,0.6218590831446952
AST-007700,0.7058539635026547,0.6788540748842846,0.6692220010981311,0.6846433464950236
AST-007701,0.5555987444143509,0.5485946918870515,0.9951528933818155,0.6997821098944059
AST-007702,0.5892035045237878,0.287511445287001,0.4183854612020179,0.43170013700426885
AST-007703,0.8434642703512466,0.7216658132666489,0.6182527611813038,0.7277942815997331
AST-007704,0.8701786339408702,0.8224009033016646,0.7566774245899514,0.8164189872774954
AST-007705,0.1778412185995769,0.35869440371983907,0.9899929408873069,0.508842854402241
AST-007706,0.7157799933846674,0.3212040494249982,0.35244775065999534,0.46314393115655356
AST-007707,0.0,0.9069530945423319,0.5516510125057644,0.4862013690160321
AST-007708,0.8946076624427587,0.7503577784472404,0.8490252629916875,0.8313302346272288
AST-007709,0.7345473435028224,0.46914662940893687,0.5377784737974287,0.5804908155697294
AST-007710,0.9372078622934082,0.5055689491882659,0.9216618680871967,0.788146226522957
AST-007711,0.7741475433717979,0.5519661146821883,0.6489943542322165,0.6583693374287343
AST-007712,0.0,0.6154047303980313,0.821860131519514,0.4790882873058484
AST-007713,0.62636607645584,0.6307365831668282,0.8783721057529227,0.7118249217918636
AST-007714,0.5214061776182977,0.5069625241485841,0.5771218036775225,0.5351635018148014
AST-007715,0.5403159232641658,0.6599857469647621,0.9421974633261265,0.7141663778516848
AST-007716,0.3884321787305801,0.8647973884390914,0.14918635171664105,0.46747197296210413
AST-007717,0.23719393789325663,0.16263310466592848,0.7813456943825664,0.3937242456472505
AST-007718,0.20357292590587156,0.6409175496314615,0.6751389620025765,0.5065431458466365
AST-007719,0.748532494806032,0.3245309864219751,0.9539242708371906,0.6756625840217326
AST-007720,0.8825359617277436,0.5512238197939254,0.806482400064564,0.7467473938620777
AST-007721,0.8145557667347324,0.9721986067851724,0.9983578244337825,0.9283707326512292
AST-007722,0.8683301836764077,0.9263771264727912,0.7404798429283352,0.8450623843591781
AST-007723,0.8340168092956443,0.6786568445332543,0.7084563892723585,0.7403766810337524
AST-007724,0.14633193124199362,0.12000195576320456,0.49159987202441474,0.2526445863432043
AST-007725,0.8868411046250477,0.8984818586842881,0.7503983519774328,0.8452404384289228
AST-007726,0.8170632609076277,0.7773652277310026,0.8358389321168865,0.810089140251839
AST-007727,0.6496431147023441,0.6054563348136757,0.9632523853289194,0.7394506116149797
AST-007728,0.7045870023693124,0.2191767241051449,0.7987899521340365,0.5741845595361647
AST-007729,0.2341022038642839,0.21247120611719147,0.5208470830220246,0.32247349766783334
AST-007730,0.48897072372566874,0.21592859213533805,0.49975040570383583,0.4015499071882809
AST-007731,0.47922022092021216,0.3405679027205414,0.7391558152620789,0.5196479796342776
AST-007732,0.7654999532849874,0.675700826340812,0.816033343092727,0.7524113742395088
AST-007733,0.593008528809562,0.7265945257509789,0.9775553951144944,0.7657194832250118
AST-007734,0.6954121908221069,0.6466304070917686,0.9718908494823609,0.7713111491320789
AST-007735,0.6263989200320284,0.6928613572956492,0.8592927199826041,0.7261843324367606
AST-007736,0.19813167792838765,0.22583958217565742,0.7960211697489085,0.4066641432843179
AST-007737,0.8851800122311947,0.47798007253778557,0.9877540750914912,0.7836380532868238
AST-007738,0.3550465470819121,0.4076341042642887,0.6550183986898533,0.4725663500120181
AST-007739,0.3640672960030321,0.5907257856839724,0.1613688044874528,0.37205396205815244
AST-007740,0.7025726151497496,0.4907229446315648,0.8995697085900695,0.6976217561237946
AST-007741,0.0,0.8835265111709814,0.8937119235214953,0.5924128115641589
AST-007742,0.5824502747885164,0.8628945131830081,0.8664306886538437,0.7705918255417893
AST-007743,0.6984564187863772,0.6912632958646543,0.9868646718038315,0.7921947954849543
AST-007744,0.11154983399039467,0.3451739316639758,0.9825154172033631,0.4797463942859112
AST-007745,0.4313044294844807,0.10354424649733393,0.6123430756716126,0.38239725055114243
AST-007746,0.8921912340777889,0.540040148581582,0.9403959206815458,0.7908757677803054
AST-007747,0.39259103614766266,0.8816711684627058,0.6513088985184539,0.6418570343762741
AST-007748,0.6308429654436948,0.8392511198597604,0.5330298037727801,0.6677079630254118
AST-007749,0.36913397484358385,0.0528797134871946,0.8991554358426624,0.44038970805781363
AST-007750,0.7172714983702754,0.4483399701209151,0.8111047657127256,0.6589054114013053
AST-007751,0.44615723214559344,0.7134513661825986,0.8880497484288585,0.6825527822523503
AST-007752,0.3884841866705107,0.8022739948758753,0.6419000074272849,0.6108860629912236
AST-007753,0.3993726744144172,0.37497007349620304,0.8359778432484871,0.5367735303863691
AST-007754,0.7434977125471305,0.20973202780924347,0.9592066952692127,0.6374788118751956
AST-007755,0.6580167072957045,0.7304141968799761,0.9629787676763811,0.7838032239506872
AST-007756,0.49502971224307335,0.26401337722513457,0.502984650762321,0.4206759134101763
AST-007757,0.7764897808737378,0.24171484356752196,0.3258399807354406,0.4480148683922334
AST-007758,0.5924421758519693,0.284986181509509,0.9324853069464727,0.603304554769317
AST-007759,0.5934098215692998,0.7269708143101414,0.9794631762499666,0.766614604043136
AST-007760,0.4376793880618867,0.3316897600885118,0.8531686070066477,0.5408459183856821
AST-007761,0.9600050398728267,0.3682015025187483,0.16213524282934694,0.49678059507364064
AST-007762,0.39082680500251277,0.4198582327051775,0.5492700640153038,0.453318367240998
AST-007763,0.19116027343537603,0.6414640792509579,0.7836063332622508,0.5387435619828617
AST-007764,0.5310304172523767,0.0969432721785766,0.69468518361448,0.44088629101514437
AST-007765,0.7483384261936626,0.5817815737798695,0.8002300367654223,0.7101166789129848
AST-007766,0.9263118985630185,0.8127032678294787,0.8522821164829603,0.8637657609584859
AST-007767,0.6916293723786712,0.35073448764433923,0.9692098640760879,0.6705245746996994
AST-007768,0.7636965571247775,0.11744578300840781,0.11568115964116793,0.3322744999247844
AST-007769,0.0,0.6358171447667287,0.7926226774979551,0.4761466074215613
AST-007770,0.6730056492033273,0.7280353130548985,0.9721031455291074,0.7910480359291111
AST-007771,0.6841800543104465,0.8361596297856279,0.97903568415255,0.8331251227495414
AST-007772,0.8488510687729122,0.4965357811651507,0.878746983200734,0.7413779443795989
AST-007773,0.0,0.6197063779052444,0.7894921272080151,0.4697328350377532
AST-007774,0.9091458191749049,0.5068429599766392,0.9173601604034526,0.7777829798516657
AST-007775,0.21036086697031994,0.6055974438628455,0.8712888171394942,0.5624157093242199
AST-007776,0.1383062206318134,0.23858942911285094,0.9086673596924061,0.42852100314569014
AST-007777,0.0,0.3815667000256172,0.40549430791270746,0.2623536693127749
AST-007778,0.6037757322705929,0.15693534579364554,0.5551213455238421,0.4386108078626935
AST-007779,0.1789303644809356,0.4686566125246043,0.9202101695917165,0.5225990488657521
AST-007780,0.746369725482714,0.7553964111164179,0.8874990314687838,0.7964217226893053
AST-007781,0.9181656140367228,0.8343888039538665,0.7300536057605544,0.8275360079170478
AST-007782,0.6326319354491234,0.58484947622767,0.6073756916021131,0.6082857010929689
AST-007783,0.8900286334610695,0.49421647482181064,0.9106606224820489,0.764968576921643
AST-007784,0.48563593415723033,0.5280009612910712,0.6506100580260484,0.55474898449145
AST-007785,0.7108139906742549,0.15849194361869418,0.39839832095698274,0.4225680850833106
AST-007786,0.7935455572823319,0.06765541155349725,0.9334993391406957,0.5982334359921749
AST-007787,0.9073143806695305,0.15880420223925582,0.5225748246611153,0.5295644691899671
AST-007788,0.4889312294146618,0.635256269583182,0.23817371846371485,0.45412040582051966
AST-007789,0.6235620946776759,0.289111591556442,0.985015465103181,0.6325630504457663
AST-007790,0.8596341926443506,0.713496907252054,0.8893122961663784,0.820814465354261
AST-007791,0.7425572677100049,0.7310590587715419,0.9201973392617901,0.7979378885811123
AST-007792,0.5229920012655839,0.3229834159894871,0.6616511534250438,0.502542190226705
AST-007793,0.6980583357354213,0.5262627368821834,0.947773315717586,0.7240314627783969
AST-007794,0.5767362606849277,0.6801954330192272,0.8988210018626053,0.7185842318555867
AST-007795,0.3108275800416806,0.17892251805231224,0.5694884906315159,0.3530795295751696
AST-007796,0.9166194881656441,0.09854085411956869,0.8347358989540554,0.6166320804130894
AST-007797,0.5920809345451717,0.7686735659675813,0.9348870687142302,0.7652138564089944
AST-007798,0.8230331040708172,0.6846671535513547,0.7503043429706392,0.7526682001976037
AST-007799,0.8489056454688396,0.593196703674603,0.7705722748440242,0.7375582079958223
AST-007800,0.5646739701666499,0.5204280915066108,0.9273151635792535,0.6708057417508381
AST-007801,0.8613717571042029,0.5925025578298193,0.5796972752231199,0.6778571967190473
AST-007802,0.5911425472718362,0.5533991754402982,0.8641936031633731,0.6695784419585026
AST-007803,0.9155084099221796,0.6532353150989458,0.7995278887207167,0.7894238712472808
AST-007804,0.3035386466017842,0.48051620535621287,0.26072985058085246,0.34826156751294984
AST-007805,0.6850963036497925,0.37796366079391647,0.9040715398375322,0.6557105014270803
AST-007806,0.0,0.7828698610198761,0.8943223846835319,0.559064081901136
AST-007807,0.6605647912276263,0.587268913496929,0.6497497963812359,0.6325278337019303
AST-007808,0.07543374117091761,0.26307109258510575,0.9294753794577812,0.4226600710712682
AST-007809,0.8877180359828578,0.5656637031820505,0.9899560410433987,0.8144459267361023
AST-007810,0.0,0.443795374783279,0.4620347828982619,0.30194338589384695
AST-007811,0.8256887198312869,0.8569957216329778,0.9087860662513333,0.863823502571866
AST-007812,0.47421847692506225,0.1959464345354122,0.8310320345257008,0.5003989819953918
AST-007813,0.5485552809573907,0.2866557569612984,0.5248437976895781,0.45335161186942247
AST-007814,0.8244892916458391,0.8302522572901593,0.7600628862595042,0.8049348117318343
AST-007815,0.6259553548177665,0.4652862464766719,0.8138149614044361,0.6350188542329581
AST-007816,0.0,0.6679267655560399,0.4192338888053578,0.36238688478713255
AST-007817,0.9828933684028168,0.5420884158697268,0.6025297873889808,0.7091705238871748
AST-007818,0.6630865498479717,0.5813619282285961,0.78359820915891,0.676015562411826
AST-007819,0.6913155587105053,0.3717941594221117,0.2426390460195437,0.4352495880507203
AST-007820,0.8326827520829018,0.6642550879812393,0.7016312562207306,0.7328563654282906
AST-007821,0.7681051250432708,0.8222802819083495,0.6688596523470265,0.7530816864328823
AST-007822,0.6478433705607817,0.6038891921287362,0.642413090434899,0.6313818843748056
AST-007823,0.3845438253732634,0.4660406341524533,0.7840764679200557,0.5448869758152575
AST-007824,0.4745158344212556,0.7388965060980751,0.5684870894241002,0.5939664766478102
AST-007825,0.7259404181112346,0.8555055863616235,0.4116443233871714,0.6643634426200099
AST-007826,0.8113622177026654,0.1029686156958299,0.6649664472264939,0.5264324268749964
AST-007827,0.5859359974272501,0.8898017438829323,0.798940707717523,0.7582261496759019
AST-007828,0.9802385913009732,0.7844953136899852,0.9596645836472578,0.908132829546072
AST-007829,0.9189119411799944,0.4108561170558357,0.7379001309165037,0.6892227297174446
AST-007830,0.2434922519304169,0.699358667923142,0.8979537634394748,0.6136015610976778
AST-007831,0.3328605398251816,0.27620160949076616,0.8887198295588113,0.4992606596249198
AST-007832,0.40600229647105673,0.15197216765258179,0.06987886363635125,0.20928444258666323
AST-007833,0.4259954839590878,0.46904855144044605,0.5768755513911488,0.4906398622635609
AST-007834,0.7323445433387114,0.797311659650532,0.9881149844233584,0.8392570624708672
AST-007835,0.0,0.5677166253433809,0.9775345555428914,0.5150837269620907
AST-007836,0.0,0.7278045128466208,0.9990393981250519,0.5756146369905576
AST-007837,0.5936942331560815,0.8528412258816749,0.8565765975127626,0.767704018850173
AST-007838,0.8421890618055753,0.5066962192788249,0.7033967514493347,0.6840940108445782
AST-007839,0.6561859212398208,0.6593604877103156,0.39541499555172616,0.5703204681672874
AST-007840,0.6270387729434008,0.09562920018179856,0.9407421052567371,0.5544700261273121
AST-007841,0.27771908684622965,0.4143116049618295,0.874034383528499,0.5220216917788528
AST-007842,0.4493752642526701,0.6508103091936458,0.661138377375345,0.5871079836072203
AST-007843,0.8687953355697569,0.9203579229178077,0.9657668376980204,0.9183066987285283
AST-007844,0.7319226398003206,0.8978050938868566,0.950166281927948,0.8599646718717083
AST-007845,0.5525494485711102,0.3549193349143363,0.6400670837375657,0.5158452890743374
AST-007846,0.9484407062263045,0.8859203038190988,0.9522927694446209,0.9288845931633415
AST-007847,0.4052605951503932,0.09819756849112549,0.6039427775020799,0.3691336470478663
AST-007848,0.741890076095229,0.27576828089886074,0.9583579390722645,0.6586720986887847
AST-007849,0.918398344945536,0.5891720147037918,0.8679613788308117,0.7918439128267131
AST-007850,0.7447199416902771,0.3685324164979409,0.9776276036570726,0.6969599872817636
AST-007851,0.6835130065687477,0.5772757442230289,0.9355679640952608,0.7321189049623458
AST-007852,0.0,0.6473782930526291,0.9868540531076023,0.5447441153867438
AST-007853,0.6858353437151864,0.780163420225568,0.2569657213702801,0.5743214951036781
AST-007854,0.556042858761025,0.5088271110499093,0.9617824874489145,0.6755508190866163
AST-007855,0.0,0.685719876336046,0.7365888714368272,0.47410291592429105
AST-007856,0.6747034757496607,0.7795548838529003,0.9366088766734266,0.7969557454253291
AST-007857,0.5750905439839992,0.445254069345521,0.9893843670670323,0.6699096601321841
AST-007858,0.7151719389449965,0.8554140551158036,0.7202135285582993,0.7635998408730332
AST-007859,0.9177355163095057,0.7758340362292545,0.960409548094876,0.8846597002112121
AST-007860,0.254857693857944,0.41916808390284205,0.8873984408693578,0.5204747395433813
AST-007861,0.0,0.6290957987475044,0.5848618170949013,0.40465253861413525
AST-007862,0.0,0.153859165982436,0.17058819493349103,0.10814912030530903
AST-007863,0.40547746915562227,0.5807317244810937,0.9657625484587903,0.6506572473651687
AST-007864,0.7865663787813917,0.5107849942362044,0.1618682406950938,0.48640653790422994
AST-007865,0.6368527923963054,0.7210080340406957,0.42749182476078706,0.5951175503992627
AST-007866,0.0,0.08604464197305478,0.6844881228807086,0.25684425495125446
AST-007867,0.46070469371559897,0.5567570860412635,0.9986568323938048,0.6720395373835558
AST-007868,0.0,0.3755863266007093,0.8349406104809474,0.4035089790272189
AST-007869,0.5894055388315659,0.4062588372681541,0.8420539003906731,0.612572758830131
AST-007870,0.0,0.6301458791028519,0.8515946809260777,0.4939135200096432
AST-007871,0.7249532575374509,0.6697693533881316,0.912947046722047,0.7692232192158764
AST-007872,0.8108955322145971,0.8748728270612592,0.8962277698240578,0.860665376366638
AST-007873,0.9432634775401708,0.8855750041828564,0.9503132313454465,0.9263839043561579
AST-007874,0.20347871390118727,0.48855446424456705,0.919859488662379,0.5372975556027111
AST-007875,0.0,0.36453376533314874,0.5486169390559631,0.30438356812970396
AST-007876,0.741673121027985,0.6743419497731602,0.9692961515665417,0.7951037407892289
AST-007877,0.6060243060590126,0.650299800198282,0.38201314455244195,0.5461124169365789
AST-007878,0.7819899386228082,0.2744383273552061,0.5986680304534122,0.5516987654771421
AST-007879,0.9289349367854907,0.36986373685360274,0.9479884951994435,0.7489290562795125
AST-007880,0.4424527377980368,0.43635216937704385,0.8607231809976499,0.5798426960575768
AST-007881,0.554107348517546,0.6526005489575348,0.7372831130706514,0.647997003515244
AST-007882,0.5026752673931205,0.45731901197390334,0.7757084181731224,0.5785675658467154
AST-007883,0.19442797494602215,0.9245646640812527,0.91430780823784,0.6777668157550383
AST-007884,0.7966019292063939,0.8190792009157699,0.9977549733775803,0.871145367833248
AST-007885,0.9067995509749729,0.5588986961047638,0.9321872039465593,0.7992951503420986
AST-007886,0.595297561562891,0.6544826334313371,0.9411833819067303,0.7303211923003196
AST-007887,0.6217282026808533,0.5289867327019726,0.6253693353567553,0.592028090246527
AST-007888,0.2868096880711098,0.9284645509812265,0.23914096146487648,0.48480506683907093
AST-007889,0.7130281512547059,0.8319893377016322,0.8108100349880571,0.7852758413147983
AST-007890,0.5852515370995178,0.5448014662530902,0.937287242026925,0.6891134151265111
AST-007891,0.6755114155169931,0.14502459450846533,0.9303620369007989,0.5836326823087524
AST-007892,0.3429388136354372,0.7952672489288091,0.7770085919203299,0.638404884828192
AST-007893,0.719849947356351,0.4672954909046358,0.8835046217247032,0.6902166866618966
AST-007894,0.8303885583137085,0.4122464912672995,0.771073267139861,0.6712361055736231
AST-007895,0.9796072158621941,0.5023876998889586,0.6806285712851202,0.7208744956787577
AST-007896,0.5253739889437826,0.7549532940673456,0.5238996934613481,0.601408992157492
AST-007897,0.5141319635469251,0.6697296725934401,0.8171109915997784,0.6669908759133811
AST-007898,0.6721923130052068,0.46849736296531413,0.5809618991815138,0.5738838583840116
AST-007899,0.8139299089782494,0.5185876503880087,0.85560546531198,0.7293743415594127
AST-007900,0.3066329380998799,0.8560202254457394,0.48880661576232076,0.5504865931026467
AST-007901,0.5355798517437323,0.7309828271456542,0.5869720998362589,0.6178449262418818
AST-007902,0.49985297197015116,0.4750723716390273,0.895508002692749,0.6234777821006424
AST-007903,0.5663832049897048,0.5954434142125765,0.8403560669458601,0.6673942287160471
AST-007904,0.332065871933779,0.5209249972518329,0.6152992138238738,0.4894300276698285
AST-007905,0.783428447421841,0.5977359571672168,0.8996432526115843,0.7602692190668807
AST-007906,0.2976029719059083,0.13115042345639136,0.9283700663352461,0.4523744872325152
AST-007907,0.7080294340756087,0.5188858358652718,0.9358766590550816,0.7209306429986541
AST-007908,0.7509293955164865,0.901489879752989,0.8968990871068901,0.8497727874587886
AST-007909,0.9004990236273839,0.8352298518730096,0.8136582817981279,0.849795719099507
AST-007910,0.8516994244816357,0.5492861810452334,0.9383006604034604,0.7797620886434431
AST-007911,0.8744664220385407,0.354365517756376,0.9164511119592944,0.715094350584737
AST-007912,0.4756965716320779,0.9094402642676165,0.30770205753726176,0.564279631145652
AST-007913,0.0,0.3397019562518636,0.8893836805062663,0.40969521225270994
AST-007914,0.4416724975439329,0.733665737465618,0.9844394004411801,0.719925878483577
AST-007915,0.0,0.5321135699989258,0.8890246919852411,0.4737127539947223
AST-007916,0.0,0.922829725870035,0.8859364982173162,0.6029220746957837
AST-007917,0.8970776461966253,0.583604318649616,0.9832341117526568,0.8213053588662994
AST-007918,0.10189693614741394,0.4160903675571163,0.3696032806405708,0.2958635281150337
AST-007919,0.785424332055069,0.5303881710874524,0.9474025795291643,0.7544050275572286
AST-007920,0.7118222242153336,0.2987541627801243,0.8467006870963769,0.6190923580306116
AST-007921,0.4614793271106318,0.6936188454582504,0.8555571688178727,0.6702184471289182
AST-007922,0.0,0.8542917998852889,0.9090426570920531,0.5877781523257807
AST-007923,0.32616061023782716,0.7967409821767896,0.06261487330256615,0.39517215523906096
AST-007924,0.6857504359788019,0.7872218225994364,0.7393132292762753,0.7374284959515046
AST-007925,0.8703470123079706,0.4135896265650713,0.22194581087980747,0.5019608165842832
AST-007926,0.4322577687030019,0.549669981967085,0.9005126516764417,0.6274801341155095
AST-007927,0.6714726699508218,0.33944203737577355,0.8515907997000914,0.6208351690088957
AST-007928,0.0,0.17788194519578548,0.6527976039119114,0.276893183035899
AST-007929,0.5053862313448825,0.8011420971053342,0.4243149175952095,0.5769477486818088
AST-007930,0.31571061088321023,0.8662907435958137,0.426503102787706,0.5361681524222434
AST-007931,0.6750714147919541,0.4312688018110298,0.5551278928060138,0.5538227031363325
AST-007932,0.427870421399118,0.44530649415855456,0.9946170696768948,0.6225979950781891
AST-007933,0.0,0.5779384442054191,0.9268803587426079,0.5016062676493424
AST-007934,0.677026619171879,0.7587069703112436,0.7913773011891422,0.742370296890755
AST-007935,0.7112069566456585,0.6176550116958431,0.7224968520195746,0.683786273453692
AST-007936,0.6705537748535939,0.42347952214077156,0.7183237733552731,0.6041190234498796
AST-007937,0.2139687977170758,0.4772964571681868,0.2114957188081816,0.3009203245644814
AST-007938,0.8435863759670804,0.15767412402905412,0.3104447011882902,0.4372350670614749
AST-007939,0.8938479359862674,0.2732731667378548,0.47926656879222695,0.5487958905054496
AST-007940,0.6368530133383862,0.1983469846813131,0.9949781507424504,0.6100593829207166
AST-007941,0.5442902992046824,0.41043487595995143,0.8028663895484334,0.5858638549043557
AST-007942,0.0,0.5635225528639246,0.36914359685584663,0.31088871657325706
AST-007943,0.0,0.9311088826643789,0.5811810752692109,0.50409665264453
AST-007944,0.9644443374171003,0.6839320166953792,0.988638600173505,0.8790049847619948
AST-007945,0.8824475168215842,0.9620859019187914,0.9359724661575153,0.9268352949659636
AST-007946,0.8193990917183187,0.3005042056228162,0.9776656308189386,0.6991896427200245
AST-007947,0.0,0.46099039378876877,0.8613963969759156,0.4407955969215615
AST-007948,0.9476798885826575,0.6997753625699653,0.9149886746641169,0.8541479752722466
AST-007949,0.0,0.2717361738447766,0.4493697632369428,0.24036864569390648
AST-007950,0.8738508986883574,0.9044561640712715,0.8272859214212991,0.868530994726976
AST-007951,0.8107555075796178,0.5045641425904992,0.9524616627873266,0.7559271043191478
AST-007952,0.574435230864523,0.4347106829044914,0.5852341200489278,0.5314600112726474
AST-007953,0.7198832573762886,0.8059755342746076,0.6457267927443645,0.7238618614650868
AST-007954,0.6518458697685001,0.626633419515346,0.15652655231054943,0.4783352805314652
AST-007955,0.9173612426377884,0.323036060936497,0.6539458379761102,0.6314477138501319
AST-007956,0.46205008590837876,0.38441259817992196,0.7499121424098683,0.5321249421660563
AST-007957,0.0,0.46950071349478883,0.490642571712584,0.3200477617357909
AST-007958,0.13963673733249554,0.9150566139858354,0.9465849464849001,0.6670927659344104
AST-007959,0.9304358987384126,0.6095505709173568,0.8388025586990715,0.7929296761182801
AST-007960,0.7521451158469851,0.9149736681869337,0.9930274918121198,0.8867154252820129
AST-007961,0.7232795379998121,0.5364564143857777,0.8745174498882552,0.7114178007579484
AST-007962,0.4931655659128528,0.3111225995042874,0.4422433377753684,0.41551050106416954
AST-007963,0.5981431402513806,0.16215062773526395,0.5905501774434966,0.4502813151433804
AST-007964,0.552071145115567,0.2643103368602062,0.9320877714935597,0.5828230844897776
AST-007965,0.3383824185452684,0.1310846806957288,0.7947907157239837,0.42141927165499365
AST-007966,0.7867772794649309,0.6301330935959143,0.9649125901440466,0.793940987734964
AST-007967,0.9573656362828772,0.19119466343499453,0.6959192143563215,0.6148265046913978
AST-007968,0.8136433596876539,0.3157605640738783,0.4648272270342936,0.5314103835986086
AST-007969,0.6789532072541844,0.6097717107055164,0.6865293337200603,0.6584180838932537
AST-007970,0.8920132252605756,0.6386385220948396,0.9124921465674575,0.8143812979742909
AST-007971,0.7515521900603778,0.2837485287414622,0.7405916168591904,0.5919641118870101
AST-007972,0.8798369968389833,0.5752751848822778,0.805968096073646,0.7536934259316356
AST-007973,0.7242004915227492,0.8200334521936873,0.8724012687026066,0.8055450708063477
AST-007974,0.6109179665221426,0.3881393077297499,0.6884506882606529,0.5625026541708484
AST-007975,0.23104422822617907,0.7897420594431347,0.9765093257118722,0.6657652044603953
AST-007976,0.06096744582587231,0.5956626348812868,0.9453297275332254,0.5339866027467949
AST-007977,0.0,0.9452892500804037,0.7366491091941474,0.5606461197581837
AST-007978,0.5056499256983048,0.3669962877392502,0.9547283138705033,0.6091248424360195
AST-007979,0.6877228605710108,0.6347440929236501,0.7218731955559934,0.6814467163502181
AST-007980,0.25379739464541695,0.5966622102054524,0.9736032522131481,0.6080209523546726
AST-007981,0.8866022363852863,0.7632254167175369,0.9689763659869066,0.8729346730299099
AST-007982,0.41191989305859694,0.1615681648843856,0.6745422568999284,0.41601010494763696
AST-007983,0.0,0.5386658975406172,0.7727710322225604,0.43714564325439254
AST-007984,0.6588493238122055,0.44431673888360235,0.9817127041985129,0.6949595889647736
AST-007985,0.7049234119683866,0.1358008830417006,0.8071642391731916,0.5492961780610929
AST-007986,0.907633807992616,0.5237016072590704,0.8440892210086457,0.758474878753444
AST-007987,0.6480115046938295,0.5971452836538572,0.7682419045192889,0.6711328976223253
AST-007988,0.0,0.8709355149912862,0.9713758540770898,0.6141037896894587
AST-007989,0.3623361788530563,0.3589008517266649,0.47588784573289195,0.39904162543753774
AST-007990,0.32203125425879103,0.5657638767849894,0.7297513973566757,0.5391821761334854
AST-007991,0.42793503100155583,0.24395054750597425,0.8790075207775959,0.5169643664283753
AST-007992,0.7584904210205023,0.5389500778300579,0.6652904768886388,0.6542436585797331
AST-007993,0.0,0.500377285823008,0.7571449399414338,0.4191740752548139
AST-007994,0.1273097515439442,0.7101551705043309,0.8823282816260745,0.5732644012247832
AST-007995,0.6941878603242491,0.33718857653132733,0.8243348480616683,0.6185704283057483
AST-007996,0.482215836733302,0.7935871348903768,0.8246267969581837,0.7001432561939541
AST-007997,0.0,0.5093901300723443,0.6930372555667547,0.40080912854636636
AST-007998,0.0,0.34822127490392213,0.7731477483994417,0.3737896744344546
AST-007999,0.6056616258140322,0.6998557122013174,0.8210617965034432,0.7088597115062644
AST-008000,0.786940243672548,0.8231382832965717,0.9546524761340499,0.8549103343677231
AST-008001,0.4241557433886112,0.5696845939606078,0.26983613788528094,0.4212254917448333
AST-008002,0.4301689800594208,0.4018014376966609,0.5859581564805347,0.47264285807887213
AST-008003,0.0,0.3897662616207299,0.9765992025562279,0.4554551547256526
AST-008004,0.9191713886291282,0.8414785092661319,0.9641681705538989,0.9082726894830531
AST-008005,0.3986028579302996,0.5062653149019706,0.9091846581675581,0.6046842769999428
AST-008006,0.8688537185013933,0.6291719236724695,0.9448852217620425,0.8143036213119684
AST-008007,0.4774347884818186,0.9446451194525669,0.9924067317101827,0.8048288798815227
AST-008008,0.6733745986414184,0.7739395120895105,0.7089596708730963,0.7187579272013417
AST-008009,0.7842428462605103,0.47560370308637234,0.7879007275284281,0.6825824256251036
AST-008010,0.5398083116281694,0.6471350929163109,0.4759250107385181,0.5542894717609995
AST-008011,0.8881950950707779,0.8508059628243037,0.784480793660803,0.8411606171852949
AST-008012,0.16880386040577675,0.3803569495167182,0.8025638218898463,0.45057487727078044
AST-008013,0.4582030069356914,0.47949023089004456,0.8853831267258674,0.6076921215172011
AST-008014,0.8139962820145162,0.9008462128091841,0.9429725745262413,0.8859383564499805
AST-008015,0.6899221635828897,0.9296986515085585,0.9039382726207339,0.8411863625707273
AST-008016,0.40958034530477105,0.8963377481236375,0.7292476710303019,0.6783885881529036
AST-008017,0.6605793118427445,0.76808607785424,0.9489110903645045,0.7925254933538297
AST-008018,0.6691800469866747,0.20966572995557758,0.6960592395591835,0.5249683388338119
AST-008019,0.7498261366011008,0.21107710273610128,0.6851554061485969,0.548686215161933
AST-008020,0.6252356796205452,0.804340936409455,0.7244478252349691,0.7180081470883231
AST-008021,0.6789139909208405,0.3251710387223234,0.820850498267267,0.6083118426368103
AST-008022,0.7828835235632101,0.5187016837330042,0.3581323207791327,0.5532391760251156
AST-008023,0.045708119257607864,0.21305124086274976,0.2799458896464917,0.17956841658894976
AST-008024,0.7749952269745932,0.5376034277429604,0.9474586854831216,0.7533524467335585
AST-008025,0.3246366198383843,0.3463304025527968,0.7286922637642749,0.466553095385152
AST-008026,0.32652838784176763,0.5922111304214258,0.49360825295289734,0.4707825904053636
AST-008027,0.7580205580565572,0.5613949083626004,0.45647400647144665,0.5919631576302015
AST-008028,0.6960712101994545,0.2524372360505402,0.3332039782718761,0.4272374748406236
AST-008029,0.6824374457240141,0.802315207554668,0.6817196816581721,0.7221574449789513
AST-008030,0.7580133131804986,0.2628248563515542,0.8844805970942848,0.6351062555421125
AST-008031,0.0,0.5279227168074931,0.9891655450058809,0.5056960872711247
AST-008032,0.7675509738452917,0.6991509920928668,0.8012017595033808,0.7559679084805131
AST-008033,0.5135164006391182,0.6168105190519564,0.9180979177325354,0.6828082791412032
AST-008034,0.8287564953849268,0.9386371169924688,0.5976534887012377,0.7883490336928777
AST-008035,0.7726818671625802,0.7413495953744351,0.6350557223294356,0.7163623949554837
AST-008036,0.0,0.7309265671180457,0.9373710381471644,0.55609920175507
AST-008037,0.3844188954828824,0.6523534133284519,0.9364251746357949,0.6577324944823765
AST-008038,0.42627821759022466,0.4156143122474311,0.1008588064027217,0.3142504454134592
AST-008039,0.47610781086200266,0.6509016962584768,0.5845891905114049,0.5705328992106281
AST-008040,0.5634665567530759,0.08182808778629777,0.4525966155343555,0.3659637533579097
AST-008041,0.47598395329223175,0.6417523165371883,0.6280178961264158,0.581918055318612
AST-008042,0.9363367714928292,0.11819106287346105,0.49969556007827054,0.5180744648148536
AST-008043,0.7405212896541196,0.8054254224016636,0.5891813647863078,0.7117093589473636
AST-008044,0.7387381892409045,0.6971569226879446,0.9849324358137729,0.8069425159142073
AST-008045,0.3418924648473013,0.34895813317385516,0.9912531101962313,0.5607012360724626
AST-008046,0.3505113275964955,0.5580172010384676,0.9484644998746946,0.618997676169886
AST-008047,0.5940758511284853,0.6807859899087398,0.7974094475088462,0.6907570961820237
AST-008048,0.6533640989868014,0.7062950528477816,0.9317665359679362,0.7638085626008397
AST-008049,0.5749001732900031,0.6616861481279531,0.8871087959602263,0.7078983724593941
AST-008050,0.908006215172468,0.6154497812135661,0.6548754396059826,0.7261104786640056
AST-008051,0.9352728082337084,0.9719182072033781,0.871966460022721,0.9263858251532691
AST-008052,0.7836957689544201,0.5567411969768947,0.8843784208479808,0.7416051289264319
AST-008053,0.8033793629505589,0.5878697772395689,0.8268572320772084,0.7393687907557788
AST-008054,0.0,0.23190282874656698,0.8969111645285641,0.37627133109171035
AST-008055,0.0,0.42231982742168733,0.796291644629726,0.4062038240171378
AST-008056,0.7378678578912768,0.3851156252748438,0.6720556553707557,0.5983463795122921
AST-008057,0.5517506321053681,0.7558840296535232,0.8254594374504668,0.7110313664031195
AST-008058,0.5563550497221248,0.6916159370304036,0.45370776494824056,0.567226250566923
AST-008059,0.7525040977572031,0.6346636454964526,0.4836664452999675,0.6236113961845411
AST-008060,0.0,0.7123014382500563,0.6581537587584213,0.4568183990028259
AST-008061,0.4077713990614909,0.9091905831079383,0.648775911866994,0.6552459646788077
AST-008062,0.9501665834809738,0.03665820791747479,0.6177342015328083,0.5348529976437523
AST-008063,0.6694575362591726,0.30006748389364196,0.9939983858193151,0.6545078019907099
AST-008064,0.7766027261420386,0.3947387994937187,0.9956871812091695,0.7223429022816422
AST-008065,0.9157337948831374,0.34051923247389204,0.7425719525106023,0.6662749932892106
AST-008066,0.0,0.13250760842701456,0.8342216181787804,0.322243075535265
AST-008067,0.7863389214350831,0.4284176541425776,0.6247033513403961,0.6131533089726856
AST-008068,0.5062062350683001,0.7095422449515035,0.8061852544501095,0.673977911489971
AST-008069,0.3230558158150582,0.40372053363514926,0.6998756753959792,0.4755506749487289
AST-008070,0.6603618652524617,0.8781762904279705,0.7961619382060099,0.778233364628814
AST-008071,0.32182853980581105,0.7797599546001125,0.924670119177272,0.6754195378610652
AST-008072,0.6622033467151127,0.6878408712636391,0.7160104370047691,0.688684884994507
AST-008073,0.8179305064493052,0.6225469020866197,0.9356915341809302,0.7920563142389517
AST-008074,0.4902781559524789,0.939630656375181,0.8679759638759463,0.7659615920678687
AST-008075,0.391700030741791,0.02889698276014955,0.7913788884257428,0.4039919673092278
AST-008076,0.3634923637313889,0.7102634248004633,0.3076432889835773,0.4604663591718099
AST-008077,0.37027406057258394,0.5286608695609545,0.5540817774070808,0.4843389025135398
AST-008078,0.19770975909141475,0.07274471496234866,0.7963639145175958,0.3556061295237864
AST-008079,0.8614621174181571,0.3837867299755747,0.9772312660160931,0.7408267044699416
AST-008080,0.7403303241589632,0.7836790757935532,0.9181088197185617,0.814039406557026
AST-008081,0.659483486857927,0.767293777300686,0.9369281866189622,0.7879018169258584
AST-008082,0.6116131374246682,0.8066667503532718,0.8453926796903767,0.754557522489439
AST-008083,0.7781947060462585,0.7671107375891152,0.86682833077338,0.8040445914695846
AST-008084,0.7572732420677353,0.7697280807934429,0.8777057096437572,0.8015690108349784
AST-008085,0.030581529436220233,0.6896040845569367,0.18844698279436664,0.30287753226250785
AST-008086,0.1893640373389485,0.11607059532282461,0.5690142815439101,0.29148297140189444
AST-008087,0.48548418233395185,0.13947544635579534,0.6238197300622131,0.41625978625065346
AST-008088,0.6286441302156306,0.834526322649706,0.7992688762294856,0.7541464430316074
AST-008089,0.7782148996822403,0.8586127899602618,0.992888304280057,0.8765719979741863
AST-008090,0.585376398576673,0.5981787722906016,0.8317976751793905,0.6717842820155551
AST-008091,0.0,0.17112847746912507,0.8083673202818958,0.3264985992503403
AST-008092,0.0,0.780013293687888,0.9040074736862399,0.5613402557913759
AST-008093,0.859473286242837,0.20923603515699363,0.9582048413702955,0.6756380542567086
AST-008094,0.31240816932668997,0.6184482398235273,0.8442567070844126,0.5917043720782099
AST-008095,0.141834380830631,0.27951552833037285,0.6795996098073681,0.3669831729894573
AST-008096,0.8601876528871193,0.486526210187853,0.6549454352744926,0.6672197661164883
AST-008097,0.0,0.8535798690891584,0.4547328762303857,0.4361042484398481
AST-008098,0.16178331066910004,0.7065022513386721,0.32414808143198026,0.39747788114658417
AST-008099,0.6596707728465651,0.5633355714697631,0.5561511377022609,0.5930524940061964
AST-008100,0.49660847486581794,0.4261457023480451,0.7142545717213191,0.5456695829783941
AST-008101,0.7002917906734946,0.5871467424735451,0.888322254940594,0.7252535960292112
AST-008102,0.6119929882139737,0.6163770232785223,0.7593319567151162,0.6625673227358707
AST-008103,0.5093363462457431,0.2621591367434829,0.9882757756543986,0.5865904195478748
AST-008104,0.8146982781204041,0.6754185876747769,0.9973700782967034,0.8291623146972947
AST-008105,0.8516580396520533,0.5434618540579852,0.8240944255532157,0.7397381064210847
AST-008106,0.29119525984645644,0.7441752688784622,0.31299369177817465,0.44945474016769776
AST-008107,0.3896457503534639,0.5248191989233142,0.9203269307390987,0.6115972933386256
AST-008108,0.886836223336415,0.7202907722946715,0.8124486328141833,0.8065252094817567
AST-008109,0.5152677175080335,0.24662526017756478,0.5260915158965791,0.4293281645273925
AST-008110,0.21142693692518877,0.24174609378029893,0.5132651584472918,0.3221460630509265
AST-008111,0.3853820735292318,0.28008098242858637,0.7966980135012399,0.48738702315301935
AST-008112,0.3184019514676441,0.8914130762973235,0.9264803109158459,0.7120984462269379
AST-008113,0.7957121610680421,0.6820888578604392,0.9206647922161905,0.7994886037148906
AST-008114,0.764125263568975,0.6343238575716021,0.8179353875722241,0.7387948362376004
AST-008115,0.5063429914020701,0.7698237331367201,0.9302438817665135,0.735470202101768
AST-008116,0.7233850301114763,0.7205299760100098,0.9354640318117526,0.7931263459777463
AST-008117,0.0,0.36618848917265306,0.9035052922227874,0.42323126046514686
AST-008118,0.8301189800363721,0.6420976628284476,0.8763323565463534,0.782849666470391
AST-008119,0.18902892705946717,0.6689618507614722,0.8176895098902713,0.5585600959037369
AST-008120,0.7060824839083362,0.5237162098436063,0.7391887293563417,0.6563291410360947
AST-008121,0.7711526250826976,0.568891543187917,0.9968899849495683,0.7789780510733942
AST-008122,0.9242241951944146,0.5366302507211136,0.9565437932546255,0.8057994130567178
AST-008123,0.0,0.6740213603808141,0.21593572860689622,0.2966523629959034
AST-008124,0.7372091343272154,0.1087005590686467,0.9164643418882639,0.5874580117613754
AST-008125,0.7314972453055119,0.40298653705019166,0.9398184199891111,0.6914340674482715
AST-008126,0.5930193739036766,0.4059769974911315,0.6935372837168623,0.5641778850372234
AST-008127,0.5606639433841191,0.5070267416260795,0.9526511027878535,0.6734472625993506
AST-008128,0.55084179990888,0.3170462482780284,0.7052265066193729,0.5243715182687604
AST-008129,0.30279166896332677,0.5274895738944074,0.3871658219413618,0.4058156882663653
AST-008130,0.0,0.22475450667892974,0.6037937854630742,0.2761827640473346
AST-008131,0.0,0.8447880086801166,0.875849223362546,0.5735457440142209
AST-008132,0.4979673238108393,0.884389737153637,0.6758427561081387,0.6860666056908716
AST-008133,0.8294132279454551,0.3921399515665853,0.44813164833260755,0.5565616092815494
AST-008134,0.0,0.31470715512048336,0.6315977951673617,0.3154349834292817
AST-008135,0.34569811112669807,0.699369387906559,0.910423442720603,0.6518303139179534
AST-008136,0.0,0.6617321534154035,0.8588908915351896,0.5068743483168644
AST-008137,0.7267893467110197,0.8116296516780865,0.8707369943660209,0.8030519975850424
AST-008138,0.42888312602016826,0.7009885229219405,0.9881356651683432,0.7060024380368173
AST-008139,0.15712111249539915,0.4570599514390392,0.9991026295949084,0.5377612311764489
AST-008140,0.0,0.20646902581040533,0.9354564849514664,0.3806418369206239
AST-008141,0.6727834178478951,0.54577183809564,0.6277907925967915,0.6154486828467755
AST-008142,0.2728585622733505,0.3569274515629016,0.9709361529305176,0.5335740555889232
AST-008143,0.0,0.5199515983574666,0.08960315383623627,0.20318491739790098
AST-008144,0.2883466412686328,0.27398365887558923,0.7606917708003365,0.44100735698151955
AST-008145,0.5170546430734254,0.30202143109910085,0.9380414060124813,0.5857058267283358
AST-008146,0.3404814558287029,0.37151704243573525,0.5293299433879229,0.4137761472174537
AST-008147,0.0,0.4886484604531419,0.908308947427906,0.4656524692936827
AST-008148,0.767706583825172,0.8584139767100227,0.9821265576880125,0.8694157060744024
AST-008149,0.8981875548191676,0.7037920418261797,0.8000871448481092,0.8006889138311521
AST-008150,0.8632194956560949,0.5470224084105458,0.9653604949601389,0.7918674663422598
AST-008151,0.6730380868919815,0.39835374416598734,0.6728165970082425,0.5814028093554038
AST-008152,0.46781954130989745,0.17825950456453768,0.7389015193018791,0.46166018839210476
AST-008153,0.4809646100139689,0.2935172599651282,0.9489279257913134,0.5744699319234702
AST-008154,0.7316439899992822,0.6576125057289802,0.5732658230388596,0.6541741062557074
AST-008155,0.47417450858924864,0.4823198249968297,0.9384246683529525,0.6316396673130102
AST-008156,0.8255874258183648,0.46264219692332903,0.8536682869322848,0.7139659698913262
AST-008157,0.7642358499598263,0.8511250301115224,0.8415271686917603,0.8189626829210362
AST-008158,0.7618089943599293,0.8493938933994213,0.9670045794122847,0.8594024890572117
AST-008159,0.9001865388883583,0.5172507459643041,0.9708335463818121,0.7960902770781582
AST-008160,0.6670510305247022,0.5214553849545696,0.8295057523407446,0.672670722606672
AST-008161,0.8218784634678457,0.2955561443732428,0.6276974259663061,0.5817106779357982
AST-008162,0.830649445292063,0.7059571732919155,0.6407981913027602,0.7258016032955795
AST-008163,0.48945570052752635,0.1715615171724294,0.6674844057897262,0.4428338744965607
AST-008164,0.7217509737100701,0.8517074654906595,0.9245758646170867,0.8326781012726054
AST-008165,0.3600617647440896,0.35554333020805373,0.9690478273799831,0.5615509741107089
AST-008166,0.40995704224940194,0.5386796745689338,0.49720893143124156,0.4819485494165258
AST-008167,0.0,0.34076418955366977,0.46600686766821003,0.2689236857406266
AST-008168,0.6914167724127839,0.6058028214966585,0.6589838547994934,0.6520678162363119
AST-008169,0.0,0.7000193958147236,0.69568931355797,0.46523623645756457
AST-008170,0.47821894237761214,0.8018148011562121,0.9976482661236847,0.759227336552503
AST-008171,0.16828731656440643,0.4993574764505373,0.5260632692627697,0.39790268742590446
AST-008172,0.7064049756632876,0.7125663396260535,0.9773281525716226,0.798766489286988
AST-008173,0.7092532689120707,0.3212994640905315,0.7857217191201338,0.6054248173742454
AST-008174,0.33049829559660565,0.4606996073252482,0.8773156546303348,0.5561711858507296
AST-008175,0.2264589010531854,0.6885102826211775,0.27225709224447453,0.3957420919729458
AST-008176,0.6866583838546008,0.6881321908026548,0.946257612083814,0.7736827289136898
AST-008177,0.8058554369080605,0.6551069573811509,0.611313863857651,0.6907587527156208
AST-008178,0.5603522539906655,0.9051744653015836,0.9931534840283691,0.8195600677735394
AST-008179,0.44696178404123144,0.647021761797408,0.8169345459920614,0.6369726972769002
AST-008180,0.8973146219570265,0.8526230154367115,0.7295380161573827,0.8264918845170403
AST-008181,0.33840457260905954,0.09682796035249208,0.65928236053708,0.36483829783287725
AST-008182,0.8160728724943731,0.5164178920838034,0.7696755412248008,0.7007221019343257
AST-008183,0.8387053867597205,0.37483932991401414,0.9962614451564212,0.7366020539433853
AST-008184,0.0,0.7377698130228385,0.8681202862907715,0.5352966997712033
AST-008185,0.7611987288677742,0.43529411707744753,0.6678506734757,0.6214478398069739
AST-008186,0.38102735348033767,0.21907552263981647,0.761967184089833,0.45402335340332906
AST-008187,0.20203159118643468,0.8885794372518965,0.7208849300202796,0.6038319861528704
AST-008188,0.8726458437774567,0.4789939409551883,0.8239012487729542,0.7251803445018664
AST-008189,0.29612760659599197,0.7334399420499773,0.7903155089217773,0.6066276858559155
AST-008190,0.33066745247004803,0.28620309204890976,0.8517850382491134,0.4895518609226904
AST-008191,0.8197955161501839,0.5767737736832496,0.7168053509749754,0.7044582136028029
AST-008192,0.5506350525444895,0.4507518832173398,0.8216650069364575,0.6076839808994289
AST-008193,0.8984451122491629,0.9530300098872111,0.7111631118492671,0.8542127446618805
AST-008194,0.8953311192317555,0.7158511716798377,0.7776270706599732,0.7962697871905221
AST-008195,0.793092761893583,0.6158889182477693,0.9128260313065835,0.7739359038159787
AST-008196,0.24215290833803363,0.4579524554141258,0.7195656785823628,0.47322368077817406
AST-008197,0.8209204492075282,0.8961721350035277,0.8183298502492306,0.8451408114867621
AST-008198,0.3737859546851824,0.6695504615628779,0.7306028164804859,0.591313077576182
AST-008199,0.7610704735085088,0.5472574776275553,0.6463530902583674,0.6515603471314771
AST-008200,0.611938322343264,0.6152522932752656,0.37521052012565026,0.5341337119147266
AST-008201,0.9063696552180212,0.3965837450055698,0.8878430041085668,0.7302654681107192
AST-008202,0.4102806574998403,0.6820556510325522,0.3671475641912287,0.4864946242412071
AST-008203,0.6089880627032869,0.9237796090172096,0.9043993480133999,0.8123890065779654
AST-008204,0.8936631322088221,0.8640041292191372,0.7778435577132803,0.8451702730470799
AST-008205,0.2623820096625267,0.4759133358395819,0.711521099507637,0.4832721483365819
AST-008206,0.6885100651463899,0.7446028012716676,0.8489222381861906,0.760678368201416
AST-008207,0.5607022772289507,0.8606310087679635,0.8950858916543418,0.772139725883752
AST-008208,0.5934102799582506,0.8995834458762534,0.6928996224143374,0.7286311160829472
AST-008209,0.5543165163454845,0.7863406870407558,0.5840124882174996,0.6415565638679133
AST-008210,0.33922925168192164,0.5515449614767529,0.98910118557597,0.6266251329115482
AST-008211,0.4424325475929931,0.4238744757938388,0.42850290357136644,0.4316033089860662
AST-008212,0.490991572184488,0.7034334722954144,0.9963817727943183,0.730268939091407
AST-008213,0.6829358302356395,0.8589213714944248,0.7278750434582217,0.756577415062762
AST-008214,0.44729467722307237,0.4233468631707562,0.5088443122688379,0.45982861755422216
AST-008215,0.6349273879286976,0.28353512226807304,0.9680699361120844,0.6288441487696184
AST-008216,0.439353977335856,0.6556458868583311,0.8045036814456992,0.6331678485466288
AST-008217,0.36433686967612494,0.5037046921921695,0.9683244850114732,0.6121220156265892
AST-008218,0.6120129035149456,0.8134821969048337,0.931120635289231,0.7855385785696701
AST-008219,0.5726643285900646,0.25822437257253755,0.7475708195398193,0.5261531735674737
AST-008220,0.6376663616225383,0.3015083557950502,0.9181003342802916,0.6190916838992934
AST-008221,0.0,0.7229916408458874,0.9988576077591279,0.5739497495350051
AST-008222,0.8261203610640603,0.3493943779852815,0.5874090995257015,0.5876412795250144
AST-008223,0.5242134469056566,0.3637518277312565,0.8207189734398592,0.5695614160255907
AST-008224,0.8913357781129271,0.27002466136327125,0.9500138817737114,0.7037914404166367
AST-008225,0.5898255343700191,0.21201399255761588,0.9104952437499116,0.5707782568925155
AST-008226,0.5512992734029031,0.5202034775689786,0.8101129558322813,0.6272052356013876
AST-008227,0.5947925190876655,0.3043487912372747,0.4937310111108787,0.46429077381193967
AST-008228,0.7829891009728837,0.37175080298930674,0.8890437796609187,0.6812612278743697
AST-008229,0.638801675771579,0.5576546186176352,0.8872109949901501,0.6945557631264547
AST-008230,0.7981165733504743,0.7804350892798128,0.804164983774699,0.7942388821349954
AST-008231,0.794138260573318,0.8665337898270257,0.9064666306961174,0.8557128936988204
AST-008232,0.552852274273766,0.6299323729775655,0.5108983826716481,0.5645610099743266
AST-008233,0.9510428986460062,0.5176649621742064,0.538296290752387,0.6690013838575332
AST-008234,0.9242270066828909,0.4737697406692352,0.8631930745503071,0.7537299406341443
AST-008235,0.3573434712836824,0.7521657648432365,0.987476677449691,0.6989953045255367
AST-008236,0.5940637220019525,0.752789687776791,0.9159450120650074,0.7542661406145837
AST-008237,0.5951114708667424,0.42780259055083286,0.9745536825450548,0.6658225813208767
AST-008238,0.9040480675856251,0.9694334329731287,0.9735731718030702,0.949018224120608
AST-008239,0.7516039049573914,0.6274112172004611,0.8795335984257348,0.7528495735278624
AST-008240,0.9559146329173964,0.7470048718611895,0.9994008883050135,0.9007734643611998
AST-008241,0.0,0.9176063036014706,0.6693493902211599,0.5289852312742102
AST-008242,0.8327841117986776,0.7066936396531133,0.7357541889435378,0.7584106467984428
AST-008243,0.7554954905789601,0.47928208252996257,0.8780409750337895,0.7042728493809042
AST-008244,0.6537756564278239,0.2588880010473507,0.8491905597165463,0.587284739063907
AST-008245,0.7374218983235341,0.7826339166391549,0.9730822495782034,0.8310460215136309
AST-008246,0.6018946688476811,0.7505174801958607,0.9287199867477924,0.7603773785971114
AST-008247,0.6137107311206215,0.7414568771079573,0.8509892457622937,0.7353856179969576
AST-008248,0.5826343533065406,0.45918503489069223,0.7214851889050086,0.5877681923674137
AST-008249,0.8569060627854453,0.4155285111285409,0.6462214219512885,0.6395519986217583
AST-008250,0.3364249329184724,0.8652251439967076,0.9353303780518404,0.7123268183223401
AST-008251,0.6012387216442807,0.8033291540534597,0.8227561218488886,0.742441332515543
AST-008252,0.9150277739717472,0.39077283475205915,0.9086048145887097,0.738135141104172
AST-008253,0.0,0.6678675879886059,0.8852992462606545,0.5177222780830868
AST-008254,0.5703982496212562,0.8260803265629267,0.6858381721783243,0.6941055827875023
AST-008255,0.6305979708877607,0.6728038704001658,0.9693845664007684,0.7575954692295649
AST-008256,0.5693399717813724,0.5376593518461058,0.8604183845455726,0.6558059027243502
AST-008257,0.5077685937784537,0.40930430126500866,0.9296305033376823,0.6155677994603815
AST-008258,0.0,0.6832266911321825,0.9126613774833429,0.5319626895385084
AST-008259,0.552352996681943,0.2480789768716726,0.9345833038336689,0.5783384257957614
AST-008260,0.5340666423234789,0.34208977895740705,0.7834139528494815,0.5531901247101224
AST-008261,0.6551233980493115,0.3056456987131641,0.720681376890004,0.5604834912174932
AST-008262,0.7895792318723215,0.13917523888035313,0.6847114452961419,0.5378219720162721
AST-008263,0.2716240448992538,0.8840963201987735,0.2874958322395603,0.48107206577919587
AST-008264,0.7061080954111959,0.9840402341881325,0.7579711909084422,0.8160398401692569
AST-008265,0.2562999006135822,0.755648682751862,0.8730602099563978,0.628336264440614
AST-008266,0.3887259895439404,0.5952932599986267,0.5841109366241389,0.5227100620555687
AST-008267,0.0,0.28558031404800405,0.860804583553701,0.38212829920056834
AST-008268,0.33214051455542415,0.9308924968639533,0.38113739181351464,0.5480568010776307
AST-008269,0.36089975873975505,0.40268448342630586,0.8791780608805521,0.547587434348871
AST-008270,0.7971226907924904,0.11111232103023574,0.9706834584363683,0.6263061567530315
AST-008271,0.7711169825793684,0.6766681764636643,0.35003974937131943,0.5992749694714506
AST-008272,0.77679326345442,0.2877282389474237,0.9766973491077564,0.6804062838365335
AST-008273,0.623934611383845,0.15511133278597897,0.7071856092449,0.49541051780490797
AST-008274,0.8230582814120921,0.6699366920809443,0.9914919399553586,0.8281623044827983
AST-008275,0.6790034100176678,0.6722808284974571,0.9087307763259747,0.7533383382803666
AST-008276,0.3817090628284363,0.18007617455874847,0.8369940045043743,0.46625974729718633
AST-008277,0.2247042445733267,0.863554529697815,0.7546270217348511,0.6142952653353309
AST-008278,0.1776589969347429,0.7541876130541623,0.942616877227086,0.6248211624053304
AST-008279,0.7615149846903199,0.831103864366933,0.7756174491972523,0.7894120994181684
AST-008280,0.6041414985967839,0.5979894372905583,0.6876467881889339,0.6299259080254254
AST-008281,0.4974397844310447,0.5676514203664903,0.9935086358696493,0.6861999468890615
AST-008282,0.0,0.36616824894610894,0.6979812630731335,0.35471650400641414
AST-008283,0.7024923033183578,0.46594181729975476,0.9974194758148105,0.7219511988109742
AST-008284,0.7941973917060681,0.561030061871385,0.4146212555107048,0.5899495696960526
AST-008285,0.0,0.7989926263020822,0.9039255408730509,0.5676393890583777
AST-008286,0.8411398408340655,0.3566312548466781,0.7732336424479321,0.6570015793762253
AST-008287,0.7805951276495057,0.4620320057030534,0.6312645996634279,0.6246305776719957
AST-008288,0.903242884604801,0.7783378524772916,0.9777038791589949,0.8864282054136958
AST-008289,0.8807082957584155,0.18348814584416925,0.8673459787194626,0.6438474734406824
AST-008290,0.4407295754238276,0.6845080286328366,0.9613855537598965,0.6955410526055202
AST-008291,0.7000265781154054,0.9211704207903156,0.9765050598048672,0.8659006862368628
AST-008292,0.2153802564010725,0.2384683343856586,0.6978384040120551,0.38389566493292876
AST-008293,0.6289945635278078,0.4895050363080105,0.6145061413365167,0.5776685803907783
AST-008294,0.5629294941450662,0.7003709929091743,0.7784882724982645,0.6805962531841683
AST-008295,0.6122016097215156,0.3423286675961097,0.6844873790455223,0.5463392187877159
AST-008296,0.3680878404182569,0.5225605606216148,0.6767924810455171,0.5224802940284629
AST-008297,0.6607919776988241,0.7401451567448231,0.5983707958614388,0.666435976768362
AST-008298,0.7065028639215306,0.478523963881842,0.881625870436852,0.6888842327467416
AST-008299,0.7504475567197598,0.8614077380390032,0.48416976579888144,0.6986750201858815
AST-008300,0.2632569732597659,0.2373047123821522,0.9553958114478088,0.4853191656965756
AST-008301,0.774056033602727,0.9379674762364871,0.9824616775725771,0.8981617291372638
AST-008302,0.0,0.22475818493846522,0.9790292296738013,0.40126247153742217
AST-008303,0.9173417700967785,0.44659214827683974,0.6428280542013568,0.6689206575249917
AST-008304,0.7448550571884776,0.5856808924898427,0.5784382436845013,0.6363247311209405
AST-008305,0.6167899027748563,0.8332891523000044,0.7841410745049299,0.7447400431932635
AST-008306,0.553962877047055,0.43947812212188425,0.9935476785055084,0.6623295592248158
AST-008307,0.17225970988858325,0.4906909579914445,0.5865812419994771,0.4165106366265016
AST-008308,0.8927226032402247,0.5588064874486517,0.6098689155492963,0.6871326687460576
AST-008309,0.6059361176583853,0.6977917935407641,0.8963398676202899,0.7333559262731465
AST-008310,0.655136995222717,0.8731913774007937,0.8170391518251463,0.781789174816219
AST-008311,0.7100247399860828,0.4417688622053047,0.8260100457895021,0.6592678826602966
AST-008312,0.269699539778452,0.6788253684374324,0.9080782548595099,0.6188677210251314
AST-008313,0.6227479765183604,0.46777760908820853,0.963057063355822,0.6845275496541303
AST-008314,0.7907749810032676,0.3709987854494113,0.40289233986879597,0.5215553687738249
AST-008315,0.7298616534823614,0.5519478485548714,0.9517713118458312,0.7445269379610213
AST-008316,0.3788386854587212,0.6934602825030367,0.8768987627641863,0.649732576908648
AST-008317,0.8593814570267906,0.6404608157907387,0.47857845473039895,0.6594735758493093
AST-008318,0.9682554966532166,0.27886798658844547,0.8748585958762685,0.7073273597059768
AST-008319,0.6975343799214327,0.7564313635584591,0.9020403765815647,0.7853353733538189
AST-008320,0.42392299152153684,0.07862221609989488,0.7543313395157919,0.4189588490457412
AST-008321,0.8785825794452611,0.724364940425065,0.6193102597949435,0.7407525932217566
AST-008322,0.5039151846564927,0.6548657942374536,0.9927037954793545,0.7171615914577668
AST-008323,0.30475890714453124,0.5076339222166351,0.6287308342310423,0.48037455453073613
AST-008324,0.0,0.32185138001825836,0.6913173870105993,0.33772292234295254
AST-008325,0.6561065599436958,0.9836993841883317,0.9104953832803577,0.8501004424707951
AST-008326,0.4626047401484138,0.4838169965075521,0.8001830630061761,0.5822015998873807
AST-008327,0.7814428217494169,0.9194067741007463,0.6496527587654302,0.7835007848718645
AST-008328,0.5810225110429765,0.856143851813433,0.8469090434105458,0.7613584687556517
AST-008329,0.6712163377876381,0.5073897797050037,0.8206208801771787,0.6664089992232735
AST-008330,0.20672142134027116,0.4623158030667452,0.8932323117989884,0.5207565120686682
AST-008331,0.6666060114618158,0.494310928227477,0.7953675846480479,0.6520948414457802
AST-008332,0.8205774308747159,0.3404923263049351,0.8793794265600101,0.6801497279132204
AST-008333,0.6913716097990484,0.45178779162427385,0.9174130156308932,0.6868574723514053
AST-008334,0.5898358359620719,0.20936274206866418,0.6391862426013616,0.47946160687736583
AST-008335,0.7298736566931642,0.7172917783012301,0.9855836563963367,0.8109163637969102
AST-008336,0.5295906249116303,0.5498262530093618,0.8098351420528013,0.6297506733245978
AST-008337,0.8577469489177919,0.280668627594502,0.9862437295489496,0.7082197686870811
AST-008338,0.5141427899496306,0.38780294092101086,0.7170414752025409,0.5396624020243941
AST-008339,0.6191803445590711,0.4401893869288725,0.9503356814316724,0.6699018043065387
AST-008340,0.2307878863413993,0.18926634728148864,0.8828331089514029,0.43429578085809695
AST-008341,0.0,0.7261656544886864,0.9970473507177069,0.5744043350687978
AST-008342,0.6420851763131687,0.6162797071378786,0.8572020691766827,0.7051889842092433
AST-008343,0.8228175722408047,0.8226820347564511,0.780963291451972,0.8088209661497426
AST-008344,0.25486281938467087,0.6645980277292959,0.9433158419142904,0.620925563009419
AST-008345,0.6802184385545765,0.4050606860284903,0.9211653857087233,0.66881483676393
AST-008346,0.35644248392317085,0.20467767361178488,0.5006774486689054,0.35393253540128705
AST-008347,0.44306956472562725,0.7117666070493954,0.5699622224421838,0.574932798072402
AST-008348,0.900065083174325,0.43799051692016033,0.882816697470469,0.7402907658549848
AST-008349,0.0,0.2327466394165491,0.986530457831748,0.4064256990827657
AST-008350,0.9302997898717844,0.915630728034929,0.5955162312022545,0.8138155830363226
AST-008351,0.9287307967645284,0.7719044168716063,0.6304948111552345,0.7770433415971231
AST-008352,0.2786740538255915,0.3375388845043481,0.5558033741047101,0.3906721041448833
AST-008353,0.11043531049028289,0.43519484026563626,0.9784503519161221,0.5080268342240137
AST-008354,0.5622762538133783,0.438310656816653,0.9686665993339881,0.6564178366546732
AST-008355,0.4147992881681913,0.4655032193639054,0.9817463252801014,0.6206829442707327
AST-008356,0.8639219116086978,0.37683731705092643,0.8495808537765215,0.6967800274787153
AST-008357,0.13718912411635764,0.7198887513016978,0.4071457837540167,0.4214078863906907
AST-008358,0.7135920640498711,0.6283361929423863,0.7722434408602897,0.7047238992841823
AST-008359,0.48453127504799987,0.8121129973014695,0.9482938627627878,0.7483127117040858
AST-008360,0.8043321773090124,0.22126298016534487,0.8128415070326723,0.6128122215023432
AST-008361,0.766436399050605,0.24033798485494917,0.8932610220904221,0.6333451353319921
AST-008362,0.9282556258804107,0.4899560256020719,0.9479481569173739,0.7887199361332855
AST-008363,0.3736310785366666,0.8427925483899527,0.9110555659095493,0.7091597309453895
AST-008364,0.436487821531877,0.8243362565484365,0.9400966906248971,0.7336402562350702
AST-008365,0.3460369677784016,0.35125696635705134,0.8799828965224172,0.5257589435526234
AST-008366,0.0,0.41690631052152705,0.9861319474663957,0.4676794193293075
AST-008367,0.21809919972481764,0.5389851106080753,0.9894028718318673,0.5821623940549201
AST-008368,0.4630424225375152,0.30304704742866767,0.8007066568344483,0.5222653756002104
AST-008369,0.8575701431498403,0.3340729137670492,0.9326766597718537,0.708106572229581
AST-008370,0.5199463162824808,0.7593861897098858,0.5623396166952155,0.6138907075625274
AST-008371,0.9386571022492527,0.6067196193830631,0.843259429504959,0.7962120503790916
AST-008372,0.0,0.9788766095129123,0.8903758770808419,0.6230841621979181
AST-008373,0.7547599483689827,0.6966185850532784,0.5019833867488179,0.6511206400570263
AST-008374,0.4794266506185325,0.18154449159368943,0.867188984062283,0.5093867087581683
AST-008375,0.33889939120008955,0.6918784301064915,0.9847964471020528,0.6718580894695446
AST-008376,0.7002436586476811,0.5048311191180563,0.9544264096572125,0.7198337291409832
AST-008377,0.5942544410564025,0.5441380157459988,0.39983173183343085,0.512741396211944
AST-008378,0.6312120451232291,0.3461784849391317,0.8614470165068346,0.6129458488563985
AST-008379,0.599432605357498,0.48463809432419175,0.7527108227633168,0.6122605074816688
AST-008380,0.7998650607923964,0.5863915104291961,0.935551515180182,0.7739360288005915
AST-008381,0.91691700029336,0.8254241460045983,0.9212226444749745,0.8878545969243109
AST-008382,0.0,0.7908175569594843,0.9648458970483866,0.585221151335957
AST-008383,0.8153162816893611,0.21503635738923796,0.8636928774996806,0.6313485055260932
AST-008384,0.7808947978984923,0.8354268435761085,0.8641464609345735,0.8268227008030581
AST-008385,0.8249490503796634,0.5591549991482707,0.6070409989347437,0.6637150161542259
AST-008386,0.3697717837052122,0.06006529200649951,0.9421078062431258,0.45731496065161253
AST-008387,0.5844128292933053,0.5232382775058392,0.6950505995177325,0.6009005687722923
AST-008388,0.1626395070840181,0.860961382584337,0.7448943156303854,0.5894984017662468
AST-008389,0.6824338795733003,0.6498861282345523,0.7553624451386372,0.6958941509821632
AST-008390,0.0,0.3901298675552317,0.6249472125861512,0.3383590267137943
AST-008391,0.2922277542832014,0.818392000773289,0.9281908817459263,0.6796035456008056
AST-008392,0.0,0.6054122917962987,0.9220413891501321,0.5091512269821435
AST-008393,0.7320345686482468,0.359485233838711,0.24926286869014092,0.4469275570590329
AST-008394,0.9458303604638965,0.29013691831525135,0.844754621899844,0.6935739668929973
AST-008395,0.6331318149176701,0.14677279626417464,0.3397890849569497,0.3732312320462648
AST-008396,0.35972480240824073,0.5005937450180165,0.9250601029801544,0.5951262168021372
AST-008397,0.20543952883636674,0.7078657586234097,0.9451072921922964,0.6194708598840243
AST-008398,0.6164936498943041,0.6015561956493551,0.8741352735005482,0.6973950396814025
AST-008399,0.8260796405317484,0.3830994939625906,0.4305083299170862,0.5465624881371417
AST-008400,0.3306960165157153,0.059083402227919316,0.743386848645588,0.37772208912974087
AST-008401,0.8959575800919227,0.8669269830758617,0.5689892291374655,0.7772912641017501
AST-008402,0.0,0.18345307461768734,0.7517443404784789,0.3117324716987221
AST-008403,0.7133228587096141,0.5874221059571335,0.5131911198039282,0.6046453614902253
AST-008404,0.822015639651922,0.4708271385103517,0.7714909879953564,0.6881112553858767
AST-008405,0.3879253732341543,0.23451437981045317,0.7765543869135418,0.4663313799860498
AST-008406,0.6982722599124975,0.9093414212074814,0.8769995645710924,0.8282044152303571
AST-008407,0.4566745654266784,0.6570005965610508,0.7927222167259012,0.6354657929045434
AST-008408,0.9294038361772098,0.5247968419281371,0.6477905194119292,0.7006637325057588
AST-008409,0.8715521806006353,0.8141412442040261,0.9065938524899219,0.8640957590981944
AST-008410,0.8534063440384322,0.616749351129876,0.8250395037764405,0.7650650663149162
AST-008411,0.6558222428983482,0.9770354566571908,0.6510682213983516,0.7613086403179636
AST-008412,0.9510128198981335,0.9100453835262353,0.8658545981449935,0.9089709338564541
AST-008413,0.0,0.484597967537579,0.32032798996932654,0.26830865250230185
AST-008414,0.6019895028157594,0.8742211270173206,0.8494735885229217,0.7752280727853339
AST-008415,0.8341077782164704,0.27876662216045056,0.7131831694922921,0.6086858566230711
AST-008416,0.5809147949580522,0.7760918231581864,0.3130250358868105,0.5566772180010163
AST-008417,0.8181168128969875,0.5053156472456053,0.8269441052284824,0.7167921884570251
AST-008418,0.47983987742944395,0.6409815983705562,0.604157941948201,0.5749931392494004
AST-008419,0.5224069331279527,0.6836080662218913,0.9709133575544089,0.725642785634751
AST-008420,0.6387184891250811,0.199077534648799,0.20797984425078891,0.34859195600822296
AST-008421,0.8391602554835882,0.6651257837013922,0.9689953377087528,0.8244271256312444
AST-008422,0.693562559223984,0.5477759998231236,0.8896901121864431,0.7103428904111836
AST-008423,0.401338793080727,0.6973804549097864,0.8928019342678796,0.6638403940861309
AST-008424,0.3606443917804068,0.34322256422592434,0.7109982664071903,0.47162174080450714
AST-008425,0.6668287082711255,0.40484264073323395,0.9943157514426628,0.688662366815674
AST-008426,0.8725617785970448,0.8502638586935961,0.9215213307451375,0.8814489893452594
AST-008427,0.3948580992732986,0.5870545420145613,0.7184913585622665,0.5668013332833755
AST-008428,0.508236756143637,0.4199305417179851,0.9436743021160051,0.6239471999925423
AST-008429,0.47526439882738064,0.9572045167955556,0.6332968506295841,0.6885885887508402
AST-008430,0.0,0.5607799672869177,0.9546688184338618,0.5051495952402598
AST-008431,0.6515876808878913,0.42353714568934997,0.7061686154150139,0.593764480664085
AST-008432,0.4530803067061667,0.7293901640997287,0.8243595849055058,0.6689433519038004
AST-008433,0.6834067791080733,0.46635848863670043,0.6817895589803594,0.6105182755750445
AST-008434,0.2616927188977979,0.3093877622047659,0.6038918044599043,0.39165742852082275
AST-008435,0.0,0.39781292968980275,0.8305094987960955,0.40944080949529943
AST-008436,0.7244977595348195,0.6032212165577233,0.9858506996181164,0.771189891903553
AST-008437,0.9615194990979951,0.8324793527743127,0.803158764300035,0.8657192053907808
AST-008438,0.8768163329766145,0.8587874412345572,0.8590596299949286,0.8648878014020335
AST-008439,0.5068995124273143,0.2794467417270089,0.9430707220627703,0.5764723254056978
AST-008440,0.7471898783489767,0.33052380713331875,0.8588186715617617,0.6455107856813523
AST-008441,0.851926827585093,0.8747967213607323,0.8041569899663644,0.8436268463040633
AST-008442,0.0,0.4798416243078209,0.43920206162507036,0.30634789531096374
AST-008443,0.7705538785941709,0.2743954124940891,0.61604242451316,0.5536639052004734
AST-008444,0.6990666237512094,0.8831461235918613,0.7873806301431219,0.7898644591620642
AST-008445,0.5661809114359979,0.4618892973268125,0.645985180307176,0.5580184630233288
AST-008446,0.8070168065153709,0.5620763412982877,0.6952228465015905,0.6881053314384163
AST-008447,0.9608107643020105,0.5062128491064954,0.6528266430876962,0.7066167521654007
AST-008448,0.18171883938453637,0.3259394691913646,0.38071059681630953,0.2961229684640702
AST-008449,0.7700538930215024,0.6081783664935995,0.7789166191436268,0.7190496262195762
AST-008450,0.5282067771021258,0.29034900388401574,0.9566477186825393,0.5917344998895603
AST-008451,0.38889281331800135,0.49860050595885175,0.4012218507474573,0.42957172334143684
AST-008452,0.7636985495457232,0.7130004682156709,0.7876961266338586,0.7547983814650842
AST-008453,0.5765667036521094,0.7509959849176652,0.6616084312530025,0.6630570399409256
AST-008454,0.36365039515111913,0.46533308895212,0.9174070917645798,0.5821301919559396
AST-008455,0.9359727526536304,0.7881344588712533,0.9334874694888138,0.8858648936712324
AST-008456,0.0,0.38368246899153247,0.3356262074804201,0.23976955882398418
AST-008457,0.4411629006603954,0.6595496409754257,0.841926662625813,0.6475464014205446
AST-008458,0.540009895594581,0.4539265325377292,0.929122368897518,0.6410195990099427
AST-008459,0.7209419692126019,0.5450719785335215,0.9387813592799836,0.7349317690087024
AST-008460,0.775288234928107,0.4277520353665886,0.7243585812670562,0.6424662838539174
AST-008461,0.626673483491311,0.6390576873872543,0.6467155057695807,0.637482225549382
AST-008462,0.5737377600631375,0.3068963755145713,0.9573326394080284,0.6126555916619124
AST-008463,0.879765469611754,0.32717711493243273,0.8529923855676795,0.6866449900372887
AST-008464,0.686288473084574,0.30810469237168964,0.49024206404065135,0.49487840983230497
AST-008465,0.747240808612171,0.3174384795973044,0.980346067510606,0.6816751185733604
AST-008466,0.7755681621110887,0.6283253759731136,0.8211582569833836,0.7416839316891952
AST-008467,0.5450797605289112,0.6494873059486469,0.2414001581036086,0.4786557415270556
AST-008468,0.25167873761469584,0.5825434086204351,0.9122807673944505,0.5821676378765271
AST-008469,0.0,0.8858361377166027,0.8822257560529015,0.5893539645898348
AST-008470,0.0,0.2619252046691985,0.43355442862303445,0.23182654443074432
AST-008471,0.0,0.923719316968083,0.9279461138509802,0.617221810273021
AST-008472,0.39878367671885434,0.7897699156769187,0.5369168254662207,0.5751568059539979
AST-008473,0.5733257847533928,0.71593185676067,0.9585830762607879,0.7492802392582836
AST-008474,0.6744635882692694,0.3665318336085371,0.9607239920614957,0.6672398046464342
AST-008475,0.5319741254618385,0.4390239379825349,0.9773983140144558,0.6494654591529431
AST-008476,0.2981486991327388,0.7136203150668515,0.7561404419598875,0.5893031520531592
AST-008477,0.6091245397947846,0.8601106153426491,0.9607801672138809,0.8100051074504382
AST-008478,0.7807600826917168,0.5268450939931052,0.9998216271229458,0.7691422679359227
AST-008479,0.24951357695312268,0.7889346751944871,0.8301344773833952,0.6228609098436683
AST-008480,0.22045532913998422,0.6833428725489785,0.9101332917287371,0.6046438311392333
AST-008481,0.9114465552523284,0.2280236005851581,0.8280288988785186,0.6558330182386684
AST-008482,0.7435856251896531,0.42645541022488637,0.8941126211436196,0.6880512188527197
AST-008483,0.7948642856865491,0.9414575015590289,0.9017444941391195,0.8793554271282323
AST-008484,0.9258411813140784,0.9361484596868209,0.9293907172936682,0.9304601194315225
AST-008485,0.33934656485623904,0.6503005628424053,0.967192133514969,0.6522797537378712
AST-008486,0.19443380234612062,0.7720582283231612,0.9189829824384881,0.6284916710359233
AST-008487,0.5892897002362254,0.9027136425552564,0.8516572529052947,0.7812201985655922
AST-008488,0.4756794389895692,0.0966721925166185,0.8735566059038011,0.48196941246999625
AST-008489,0.23724978664324683,0.3876326897292796,0.7513719366967534,0.4587514710230933
AST-008490,0.17799360569654674,0.746488866280767,0.7197825345374224,0.5480883355049121
AST-008491,0.9771946379328733,0.4733650322404112,0.96748863280096,0.8060161009914149
AST-008492,0.0,0.4447676587767956,0.7517340996179073,0.39883391946490093
AST-008493,0.8411388010552271,0.511365571215219,0.7098353156370474,0.6874465626358311
AST-008494,0.0,0.5249889665619584,0.9066221255080446,0.4772036973566676
AST-008495,0.0,0.7660202039862518,0.36265930789043976,0.37622650395889723
AST-008496,0.7439349317006437,0.7533666958415515,0.6188206897722328,0.705374105771476
AST-008497,0.7852120469695096,0.9328653519877521,0.8880676569474231,0.868715018634895
AST-008498,0.527768378935933,0.5168588964317437,0.8870105754784501,0.6438792836153756
AST-008499,0.7859818726338905,0.7098282456267693,0.8054475859476877,0.7670859014027824
AST-008500,0.8058072590921611,0.6744941373395069,0.928409282368313,0.8029035595999936
AST-008501,0.3827513520606172,0.39024897510106377,0.9410070482802854,0.5713357918139889
AST-008502,0.8458787035620925,0.44821041658335914,0.8943721460398623,0.729487088728438
AST-008503,0.6811629485450925,0.7743679616833439,0.7087483843785267,0.7214264315356544
AST-008504,0.344676783932186,0.777624188868119,0.7703194645761449,0.6308734791254833
AST-008505,0.41029677344554805,0.7777505174671981,0.9659988691851386,0.718015386699295
AST-008506,0.8843316016515951,0.6691367715861779,0.8940489004921934,0.8158390912433221
AST-008507,0.20772533964937953,0.2379772133146109,0.5462236361687551,0.33064206304424854
AST-008508,0.6922125281024848,0.8883544463501477,0.9033693742073011,0.8279787828866446
AST-008509,0.736526920506308,0.581783758544234,0.8367438261987307,0.7183515017497575
AST-008510,0.5334663833430019,0.18231491349866497,0.966454592015331,0.5607452962856659
AST-008511,0.27273335280434235,0.8106438432330673,0.9323283139201071,0.6719018366525056
AST-008512,0.8713414544858028,0.7346787650431036,0.8383537755351648,0.8147913316880238
AST-008513,0.2775515161135995,0.41037305351090125,0.9560244741284968,0.5479830145843325
AST-008514,0.2311601297386131,0.7667505792272299,0.9331651285502154,0.6436919458386862
AST-008515,0.14369586942398288,0.6271351219444993,0.8816809350930332,0.5508373088205051
AST-008516,0.47294971110086753,0.5733529651487959,0.8074297870307998,0.6179108210934877
AST-008517,0.0,0.49237946733109256,0.2698131625214081,0.2540642099508335
AST-008518,0.0,0.7624562960462541,0.6965081140542413,0.4863214700334984
AST-008519,0.717429234183511,0.08540623062637329,0.9594204523190056,0.5874186390429633
AST-008520,0.7589943611782746,0.8383703023858871,0.20535095986286003,0.6009052078090072
AST-008521,0.0,0.47242187085727516,0.739888807839971,0.4041035595657487
AST-008522,0.5081593575942346,0.8957793491741565,0.6045565352153234,0.6694984139945714
AST-008523,0.8690301840742328,0.30501747077964947,0.6553546660957962,0.6098007736498928
AST-008524,0.4111519358806968,0.3805692941155812,0.36245013873195553,0.38472378957607783
AST-008525,0.551778895967604,0.4131372105164714,0.7505388721503283,0.5718183262114679
AST-008526,0.9166661055812976,0.730117179773832,0.8767120003451189,0.8411650952334161
AST-008527,0.2982160639250351,0.1209701221190287,0.7614118607165372,0.39353268225353366
AST-008528,0.21888411669302177,0.21946113953252866,0.9770825625887021,0.4718092729380842
AST-008529,0.5928386881701248,0.6408912106341391,0.07862579422799716,0.43745189767742026
AST-008530,0.45285122291844376,0.6885520943316741,0.9911070363264171,0.7108367845255117
AST-008531,0.6239394300257296,0.8080397099751023,0.8836676601217567,0.7718822667075296
AST-008532,0.6727443339960897,0.11454910859924278,0.8868799214209656,0.5580577880054327
AST-008533,0.574021536485347,0.45615720941830146,0.4651063106351872,0.49842835217961184
AST-008534,0.5399573726934846,0.3843493611994131,0.9523192050980932,0.6255419796636636
AST-008535,0.20351192431164694,0.5432056159876123,0.666045771712528,0.470921104003929
AST-008536,0.7884574410557957,0.7500178605093893,0.9595827544311001,0.8326860186654285
AST-008537,0.40771465736795887,0.7411848839625156,0.8321993411431875,0.6603662941578873
AST-008538,0.0,0.7738193071839262,0.9399744213204176,0.5712645761681147
AST-008539,0.5006000201518488,0.18610125876239755,0.9019819186023025,0.5295610658388497
AST-008540,0.7195271173575872,0.9053703799613098,0.6760331897855945,0.7669768957014972
AST-008541,0.6256744071085251,0.3567996538792328,0.9768247601592998,0.6530996070490191
AST-008542,0.7637714381693843,0.646038322298508,0.8811192403329445,0.7636430002669456
AST-008543,0.5978623220297289,0.17505470849346821,0.9550158491594124,0.5759776265608698
AST-008544,0.0,0.4734280112256818,0.951234625882907,0.4748875457028629
AST-008545,0.0,0.3848680273092232,0.9523201955556786,0.445729407621634
AST-008546,0.0,0.7204885346096573,0.6502768940905175,0.45692180956672496
AST-008547,0.6524767239723147,0.3331303842099874,0.7809512133577012,0.5888527738466678
AST-008548,0.509942941710043,0.1502843168579595,0.9707659312529626,0.5436643966069884
AST-008549,0.5449938904274513,0.3836656794907696,0.5520833385335568,0.4935809694839259
AST-008550,0.6959457886246533,0.3008421543924497,0.15504012258439862,0.3839426885338339
AST-008551,0.7241553628307229,0.22896922955438714,0.9131645903181431,0.6220963942344176
AST-008552,0.844271673358705,0.8832721347953604,0.8531006459276504,0.8602148180272385
AST-008553,0.780714012298758,0.6438578594170282,0.9842566573391045,0.8029428430182969
AST-008554,0.6764560211532694,0.393346727006796,0.9259437933400432,0.6652488471667029
AST-008555,0.7745920518982067,0.6930047781897579,0.7988367735101299,0.7554778678660314
AST-008556,0.2620930377750448,0.5978842266583125,0.9962073550537893,0.6187282064957156
AST-008557,0.5975225637425503,0.506579870031081,0.8164824892560955,0.6401949743432422
AST-008558,0.0,0.9805045397429153,0.6765657459539651,0.5523567618989601
AST-008559,0.4812783955100054,0.7845045089374716,0.6899585687516919,0.651913824399723
AST-008560,0.8870475207276421,0.8906581575435056,0.8829348059389122,0.8868801614033534
AST-008561,0.5940472399165779,0.5139394928532427,0.5162044201453093,0.54139705097171
AST-008562,0.3985913612211187,0.8092484220410243,0.8885082483025994,0.6987826771882476
AST-008563,0.7362606212945515,0.46907102602662304,0.8831748063549825,0.6961688178920523
AST-008564,0.6157090988606961,0.5609445508784621,0.7763817262956305,0.6510117920115962
AST-008565,0.7119338660167795,0.21302337133633845,0.4153520959665123,0.4467697777732101
AST-008566,0.0,0.19751315568782923,0.8262484486339208,0.34125386810724995
AST-008567,0.0,0.9456376617164156,0.8189794128953682,0.5882056915372612
AST-008568,0.21782727275093786,0.4004879983204858,0.8294401672648524,0.482585146112092
AST-008569,0.33330556383287585,0.2834787670177417,0.5253439947942409,0.3807094418816195
AST-008570,0.7251518907360338,0.8994087526806804,0.8856949448346173,0.8367518627504439
AST-008571,0.7864778445882565,0.63197472481212,0.7975528163967012,0.7386684619323592
AST-008572,0.969446153145286,0.44777372151266637,0.9291941676780239,0.7821380141119921
AST-008573,0.8907614421586703,0.3832966992364543,0.9816498185858125,0.751902653326979
AST-008574,0.11367508456217508,0.3669099613534911,0.935594095084274,0.47205971366664673
AST-008575,0.515499904722586,0.3324188524315515,0.5787885688856228,0.47556910867992014
AST-008576,0.21407215446517275,0.2915937336355005,0.5302096852847489,0.3452918577951407
AST-008577,0.3195721948129462,0.5683568109211661,0.9640747075333331,0.6173345710891485
AST-008578,0.5675705025128416,0.582020299804338,0.866650075173097,0.6720802924967589
AST-008579,0.8507984746865741,0.3982773299130743,0.7912478491089037,0.6801078845695173
AST-008580,0.6019843407993509,0.3488885154146112,0.7332177433874036,0.5613635332004553
AST-008581,0.770983469688969,0.7120479506186507,0.7653123542939954,0.749447924867205
AST-008582,0.461777006287151,0.9557819677059617,0.9384611380313135,0.7853400373414754
AST-008583,0.2923319576787778,0.3127845846982605,0.3706761276235549,0.32526422333353106
AST-008584,0.5780764908417405,0.835938569547441,0.8705324202712316,0.7615158268868044
AST-008585,0.8955345109416175,0.24322121313676315,0.9725884723002469,0.7037813987928758
AST-008586,0.40740302346956303,0.5603965478311523,0.7792287207698855,0.5823427640235336
AST-008587,0.22876841832994202,0.019403814430948973,0.8047159317469699,0.3509627215026203
AST-008588,0.0,0.5891220806748768,0.4879506332684944,0.35902423798112376
AST-008589,0.6672333757368282,0.33145630785503255,0.4049105727633723,0.467866752118411
AST-008590,0.9133712429207446,0.45218298414308217,0.5615401049234776,0.6423647773291015
AST-008591,0.46015509921524295,0.6078465060013872,0.8185182970349666,0.6288399674171989
AST-008592,0.6834315976895577,0.9419018203770084,0.6400362908428364,0.7551232363031342
AST-008593,0.8159738531909528,0.4866215283060086,0.3480432478783438,0.550212876458435
AST-008594,0.5740112575670124,0.5334711630240202,0.8064799614411222,0.637987460677385
AST-008595,0.354765219129331,0.6186845341153304,0.7440543024731837,0.5725013519059484
AST-008596,0.0,0.3473413726715825,0.8094909455627257,0.38561077274476946
AST-008597,0.21943105529913526,0.40269203724939695,0.7799560267168744,0.4673597064218022
AST-008598,0.5890454993701535,0.6652493075719448,0.9649767398698436,0.7397571822706474
AST-008599,0.6766592836088168,0.9348617873038816,0.9093510580933597,0.840290709668686
AST-008600,0.45028850993182984,0.25621626971327915,0.6752578281217708,0.46058753592229323
AST-008601,0.31788019767541126,0.558875788727245,0.6690820267099219,0.5152793377041927
AST-008602,0.6721630293035138,0.9328991275481283,0.4686165362860132,0.6912262310458851
AST-008603,0.6090632140287541,0.9584061098103736,0.9351328142952259,0.8342007127114511
AST-008604,0.0,0.506016483668469,0.7624425851146135,0.4228196895943608
AST-008605,0.8245298727367546,0.7490116251510014,0.8884904008702559,0.8206772995860039
AST-008606,0.19958960940202736,0.4658618624775497,0.6271268494342633,0.4308594404379467
AST-008607,0.0,0.476673033549699,0.1844663391575092,0.2203797909024027
AST-008608,0.5807719819404797,0.1441831164100854,0.29291990003224927,0.3392916661276048
AST-008609,0.5833873359899053,0.7219204866230275,0.7032289816293982,0.6695122680807769
AST-008610,0.8755337040528514,0.6589274470204745,0.23294474915928032,0.5891353000775353
AST-008611,0.3578744196800689,0.5360259697114923,0.891837004147277,0.5952457978462794
AST-008612,0.45698737775307746,0.5892464695479326,0.7753425305116045,0.6071921259375381
AST-008613,0.345578192267766,0.6273360754714674,0.986617390236713,0.6531772193253155
AST-008614,0.41170271888226206,0.7036363314456259,0.5512249247065671,0.555521325011485
AST-008615,0.5862108141972568,0.46035290136234647,0.9295117140136413,0.6586918098577482
AST-008616,0.2898924499538981,0.47011339991052653,0.4212359046578017,0.3937472515074088
AST-008617,0.8339300558475722,0.9232539044481199,0.8511626235672676,0.8694488612876533
AST-008618,0.7178167919943635,0.7299820600269423,0.6610008408213293,0.702933230947545
AST-008619,0.5771740573413152,0.17990529375262032,0.7650465081777407,0.5073752864238921
AST-008620,0.0,0.43838185434810567,0.6713593611330155,0.36991373849370707
AST-008621,0.6757086091288023,0.527102535002191,0.5371624887472541,0.5799912109594157
AST-008622,0.7470807391316071,0.6977962971969279,0.6009254438764171,0.6819341600683174
AST-008623,0.48636216463389714,0.4462018609331261,0.7041336081395685,0.5455658779021972
AST-008624,0.7174331611151157,0.23497636444193956,0.9994298657268018,0.6506131304279523
AST-008625,0.4217755164355142,0.7921042712354069,0.6077007953221533,0.6071935276643581
AST-008626,0.4502720743496904,0.17826020251083569,0.8089377929950224,0.47915668995184957
AST-008627,0.6619778285533957,0.35792827547734224,0.48628968876995354,0.5020652642668971
AST-008628,0.40323855218644805,0.8188518930668056,0.9003875127317035,0.7074926526616524
AST-008629,0.8452913063334032,0.4871509519276829,0.6757316873481465,0.6693913152030776
AST-008630,0.6826592796018134,0.6599729234221445,0.8720804240986368,0.7382375423741983
AST-008631,0.5018674045151805,0.27232023848514064,0.8905060269760582,0.5548978899921265
AST-008632,0.7633285547774883,0.11362548948450364,0.7292854203395054,0.5354131548671658
AST-008633,0.0,0.6671753495033055,0.8781987170822678,0.5151246888618578
AST-008634,0.6247071709340833,0.7498206260231588,0.951513645925342,0.775347147627528
AST-008635,0.6104529411733252,0.8373993108997592,0.6552997206575366,0.7010506575768737
AST-008636,0.871004331902698,0.37097398432456885,0.8855474399660381,0.7091752520644349
AST-008637,0.6783479456939799,0.7826797196183315,0.7077153231557854,0.7229143294893657
AST-008638,0.31112607968114253,0.42916160815540344,0.4037131634903063,0.38133361710895075
AST-008639,0.5206777177719593,0.36615400135694126,0.9176785619071328,0.6015034270120111
AST-008640,0.8912211998712976,0.589144936041913,0.7779981260754923,0.7527880873295677
AST-008641,0.5831647488811122,0.606121453743426,0.8341425598435956,0.6744762541560446
AST-008642,0.7730510944481274,0.7975813547204824,0.9614394038502234,0.8440239510062777
AST-008643,0.3767060625283959,0.6142464426589214,0.6261517851325615,0.5390347634399596
AST-008644,0.5438695206119291,0.7994547960206093,0.8513265777191895,0.7315502981172427
AST-008645,0.777163479424148,0.7783706807550663,0.9966783269986864,0.8507374957259669
AST-008646,0.8556633889268178,0.329237704676767,0.9582697440154226,0.7143902792063358
AST-008647,0.66412029410839,0.44749753182572677,0.9744570232413995,0.6953582830585053
AST-008648,0.0,0.5407523483941677,0.9571375753803089,0.4992966412581589
AST-008649,0.8539343104398155,0.4185770343987981,0.733011700320969,0.6685076817198609
AST-008650,0.43622595963025274,0.8663753809615932,0.9579518320859814,0.7535177242259424
AST-008651,0.571671533193711,0.871597944734152,0.8328027534153343,0.7586907437810657
AST-008652,0.9241684780085476,0.7909205931223555,0.5738962495347155,0.7629951068885396
AST-008653,0.0,0.33217036947983314,0.6805228466002644,0.33756440536003246
AST-008654,0.5922523771977447,0.8366566395345788,0.9901958867572447,0.8063683011631895
AST-008655,0.7484129888494558,0.8135582357707343,0.4510188115070097,0.6709966787090665
AST-008656,0.7288614117476089,0.8293831084032856,0.6874154440671072,0.7485533214060006
AST-008657,0.7879404366520183,0.740918013219102,0.9631422858113354,0.830666911894152
AST-008658,0.34501536932225085,0.7103475495784204,0.8877995177023779,0.6477208122010164
AST-008659,0.5865145521097727,0.724147584217653,0.8423154860544423,0.7176592074606226
AST-008660,0.7812587056764667,0.9353530993729625,0.9673170959315268,0.894642966993652
AST-008661,0.5630283422319834,0.8359981237827867,0.5235040186625153,0.6408434948924284
AST-008662,0.20500177625205088,0.6351144158422163,0.5638185954045375,0.46797826249960156
AST-008663,0.0,0.9026148630428645,0.7171564396421946,0.5399237675616864
AST-008664,0.11550710790467696,0.1493897736359174,0.9253052226564762,0.39673403473235686
AST-008665,0.8877491206621364,0.7439657935310595,0.8574184912205766,0.8297111351379242
AST-008666,0.8851494585815851,0.9958998465128279,0.5994722057828072,0.82684050362574
AST-008667,0.8980132330250716,0.6795323395832606,0.9556896399857557,0.8444117375313627
AST-008668,0.8740515945700744,0.7863777884148802,0.8822280142027266,0.847552465729227
AST-008669,0.8380177778414929,0.23539638120269393,0.5050427572155689,0.5261523054199185
AST-008670,0.4344743794885434,0.233030694314961,0.8388150957717082,0.5021067231917375
AST-008671,0.16890216857031173,0.906731013708249,0.40008287918931185,0.4919053538226242
AST-008672,0.228506597669106,0.3354289459870248,0.8102685569161749,0.4580680335241019
AST-008673,0.6866443651123526,0.3868172342888703,0.7741954678788053,0.6158856890933427
AST-008674,0.3020528570315613,0.9417747651397503,0.7634748570433136,0.6691008264048751
AST-008675,0.8801219426705633,0.7339602248431769,0.8363808566379228,0.8168210080505544
AST-008676,0.09751067365288303,0.7247203037403995,0.8799237066917541,0.5673848946950123
AST-008677,0.9204216769287739,0.6888640210806675,0.8917393720031895,0.8336750233375435
AST-008678,0.6538302037290421,0.5051906989790542,0.5926510061330913,0.5838906362803958
AST-008679,0.5443435051078567,0.7693792093805633,0.9263853915888334,0.746702702025751
AST-008680,0.7505698681847546,0.4419496362108453,0.8242848056292584,0.6722681033416195
AST-008681,0.0,0.7028883777888387,0.9346187100166613,0.5458356959351667
AST-008682,0.7171279310700654,0.25439940437226843,0.1821374485010461,0.38455492798112667
AST-008683,0.0,0.8673284043639958,0.8301432974192192,0.565823900594405
AST-008684,0.8892204938405859,0.49881305475282534,0.9312500877525827,0.7730945454486647
AST-008685,0.0,0.546785022062545,0.4755773905953375,0.34078747088596084
AST-008686,0.5221144162352774,0.2257534022350612,0.8780480440115019,0.5419719541606135
AST-008687,0.5440891231869549,0.8424729920881447,0.9201786475281087,0.7689135876010695
AST-008688,0.5215127727609279,0.3800157909967286,0.9130223422142982,0.6048503019906516
AST-008689,0.8266174557364299,0.8151625683230178,0.4186588048120844,0.6868129429571773
AST-008690,0.7315778163086462,0.4788670960953079,0.6926571622660107,0.6343673582233216
AST-008691,0.6140164967909316,0.5401821257967371,0.8546706789886233,0.6696231005254306
AST-008692,0.37355106037574304,0.7257493067923657,0.35213821341559254,0.4838128601945671
AST-008693,0.4449150139078962,0.4055885297104742,0.9202842628866262,0.5902626021683322
AST-008694,0.16159024128234134,0.9357313701608985,0.7621199369961462,0.6198138494797953
AST-008695,0.569813831485212,0.2506148354877822,0.48549790140984916,0.43530885612761444
AST-008696,0.9235743661544884,0.7721071456498592,0.9807528433973588,0.8921447850672354
AST-008697,0.687307316207069,0.4077331628174255,0.2543361252391269,0.4497922014212072
AST-008698,0.0,0.7730825086255712,0.597699330104606,0.4569272795767257
AST-008699,0.22088586230635768,0.8945683054626626,0.6662984414736104,0.5939175364142103
AST-008700,0.8282424817836296,0.49112558721017024,0.4540435092738838,0.5911371927558946
AST-008701,0.0,0.7390624874237255,0.7512081746441436,0.4967568873559564
AST-008702,0.7298004646214686,0.24820272702299462,0.5872602789476666,0.5217544901973766
AST-008703,0.3773947301585744,0.2821849374280046,0.9403612690330824,0.5333136455398871
AST-008704,0.5753379218375275,0.7255184743546568,0.5561286122974174,0.6189950028298673
AST-008705,0.8087412986174606,0.6722765002605787,0.9251607828268881,0.8020595272349759
AST-008706,0.9435371161571409,0.5911133852155139,0.779748275845549,0.7714662590727346
AST-008707,0.0,0.21059814567440338,0.6827233424625172,0.2977738293789735
AST-008708,0.8827266814381844,0.9417032687295251,0.8325032657090258,0.8856444052922452
AST-008709,0.7400350048031548,0.2918907085656594,0.8122981249530595,0.6147412794406245
AST-008710,0.0,0.43357271030716354,0.8982956631268361,0.44395612447799987
AST-008711,0.876608969951789,0.8135960844139858,0.7652267113049174,0.8184772552235641
AST-008712,0.24328031858266358,0.045369005124890775,0.8129492539275247,0.36719952587835963
AST-008713,0.5565768883634374,0.6290119524389401,0.649955127912383,0.6118479895715868
AST-008714,0.8359393209550496,0.3255972534813571,0.891011808005127,0.684182794147178
AST-008715,0.9378362983983292,0.3762731116228588,0.7439518298755095,0.6860204132988992
AST-008716,0.8440232355856888,0.7022077893551215,0.7150127973851181,0.7537479407753095
AST-008717,0.5403826096765336,0.3128382180072047,0.8944632499525593,0.5825613592120992
AST-008718,0.23620168738166883,0.9382176814214725,0.7801543310652143,0.6515245666227852
AST-008719,0.22706480153852493,0.33742466814725025,0.8726326686089173,0.4790407127648975
AST-008720,0.6683665710276387,0.6967239443825163,0.8180398778495341,0.727710131086563
AST-008721,0.6811023236192506,0.8190449092130956,0.899960502617336,0.8000359118165608
AST-008722,0.42950681825948545,0.5235377159401114,0.9907470749332437,0.6479305363776136
AST-008723,0.0,0.7136508394095097,0.8751555145529665,0.529602117987492
AST-008724,0.4225201343719603,0.855605904250429,0.8821619165354727,0.7200959850526206
AST-008725,0.6436458216235454,0.48361002960374966,0.8040357416242977,0.6437638642838643
AST-008726,0.6971237361571683,0.6045867222647152,0.41494944254423843,0.5722199669887073
AST-008727,0.8540623315799694,0.687227531466249,0.7062296260232099,0.7491731630231427
AST-008728,0.6207849498865607,0.6100806877382811,0.7323453925077252,0.6544036767108558
AST-008729,0.565429577456853,0.4321591147309036,0.5996835971487811,0.5324240964455126
AST-008730,0.6282101044809223,0.6715257103013239,0.3474760975985086,0.5490706374602516
AST-008731,0.6483241942722334,0.3160579264888367,0.49775939917683215,0.4873805066459674
AST-008732,0.8518819522193775,0.8976724046860451,0.9391944271783986,0.8962495946946071
AST-008733,0.0,0.23485698648780812,0.8731369196396614,0.3693313020424898
AST-008734,0.6321745424254833,0.205508028759447,0.7193810355904713,0.5190212022584672
AST-008735,0.40367689941879925,0.2170551832976472,0.7189737609763159,0.44656861456425406
AST-008736,0.8928664971457855,0.6393484207785441,0.8715920960564126,0.8012690046602474
AST-008737,0.6543349248598018,0.9345513232268999,0.9997639413183742,0.8628833964683587
AST-008738,0.8402296547999821,0.8622729848363091,0.9065731989669614,0.8696919462010841
AST-008739,0.37820355197877886,0.7259979004800863,0.9949282656576355,0.6997099060388337
AST-008740,0.6883623091645298,0.5014877316538741,0.9666112490879426,0.718820429968782
AST-008741,0.6779709691752981,0.7227711935401087,0.6523730715606638,0.6843717447586902
AST-008742,0.5083738565522987,0.8167800295110836,0.9770474928193569,0.7674004596275799
AST-008743,0.38243773353738647,0.6348631148795074,0.41173937775928365,0.4763467420587259
AST-008744,0.7292088363071755,0.3524976842968068,0.9586958678580688,0.6801341294873504
AST-008745,0.45723314106401947,0.3364082061560294,0.8215914263826211,0.5384109245342233
AST-008746,0.5580937619457031,0.2857790449250785,0.9299645884554563,0.5912791317754126
AST-008747,0.9649261123458037,0.7413890427842373,0.36162210114424176,0.6893124187580942
AST-008748,0.05280138919066757,0.4228435697119428,0.5839007091250046,0.3531818893425383
AST-008749,0.6263516404792296,0.4917673135972982,0.7843286628560209,0.634149205644183
AST-008750,0.5861498798139465,0.12376191518833524,0.8560808985311105,0.5219975645111307
AST-008751,0.40557568915541026,0.4869854502722732,0.9774702437381824,0.6233437943886219
AST-008752,0.6595696454244228,0.2678697869505302,0.9077273939696179,0.6117222754481902
AST-008753,0.6851943365566571,0.32838434478828266,0.8738346660106139,0.6291377824518513
AST-008754,0.5677962957532358,0.5567386774883274,0.9776930073186917,0.7007426601867516
AST-008755,0.0,0.048774753726514804,0.5248533828695159,0.1912093788653436
AST-008756,0.47131066626551427,0.49625219614448873,0.6233796909829631,0.5303141844643221
AST-008757,0.46883667695467135,0.522799330242709,0.8664084399558012,0.6193481490510605
AST-008758,0.22360894285014937,0.417035735910045,0.7565040609836358,0.46571624658127675
AST-008759,0.648712490280261,0.34365487966637304,0.8510005378521498,0.6144559692662613
AST-008760,0.0,0.38119624200789226,0.9310831630491068,0.437426468352333
AST-008761,0.29759722951469836,0.6246895305268025,0.9438689918792186,0.6220519173069065
AST-008762,0.03618827886353744,0.4710064452367061,0.6474211086031691,0.38487194423447085
AST-008763,0.3032029744465572,0.6764851233636031,0.5595749280535315,0.5130876752878972
AST-008764,0.7480565184762302,0.5579487103077566,0.8822373131678201,0.7294141806506023
AST-008765,0.5919660929263804,0.530215555041142,0.7423292503123948,0.6215036327599724
AST-008766,0.7743353999567306,0.8510453837285473,0.9434157227567832,0.8562655021473536
AST-008767,0.32263016702525815,0.8975378741685226,0.9208475645584107,0.7136718685840638
AST-008768,0.0,0.4197400482108209,0.3194392185316627,0.2463930889141612
AST-008769,0.657503985569163,0.9447489661969032,0.9676283283309693,0.8566270933656784
AST-008770,0.8613485489491519,0.56633389084105,0.8399335482342553,0.7558719960081524
AST-008771,0.7602924247971993,0.5892545456006024,0.9728064298064641,0.7741178000680886
AST-008772,0.6107503273625596,0.6316585610519092,0.48199996939716344,0.5748029526038775
AST-008773,0.0,0.6502206072204784,0.8601920650138464,0.5034708907447749
AST-008774,0.0,0.5046096000719025,0.8558750148863086,0.453494871652737
AST-008775,0.7084421873864877,0.6978925202188042,0.8487061128004368,0.7516802734685762
AST-008776,0.6614663481137981,0.7930490336445999,0.8438454977666028,0.7661202931750003
AST-008777,0.0,0.8455763226939232,0.46580163088082716,0.43712598452491686
AST-008778,0.8260710126807578,0.3422927205625222,0.4368898873966131,0.5350845402132977
AST-008779,0.3580308891979718,0.4433832734178493,0.8364140341565622,0.5459427322574611
AST-008780,0.0,0.30278745382767197,0.7104745589222896,0.3377540042499872
AST-008781,0.41760546912919594,0.12465296829937325,0.9778239889383228,0.5066941421222974
AST-008782,0.93366941336642,0.3965603938473009,0.9674619251907928,0.7658972441348378
AST-008783,0.535614290037186,0.4535283394831836,0.9759293177573398,0.6550239824259031
AST-008784,0.41494802642761036,0.5150512781353631,0.993221451609972,0.6410735853909818
AST-008785,0.7203858542629958,0.7526734901117993,0.876053324367073,0.7830375562472893
AST-008786,0.7704100119796302,0.3676408123118588,0.957056819799719,0.6983692146970694
AST-008787,0.5456069631336434,0.7889996346600839,0.38710049661025636,0.5739023648013278
AST-008788,0.39669077310279,0.5174771240864279,0.6434431164374602,0.5192036712088927
AST-008789,0.25508938672698583,0.8656761646291226,0.9387815497499293,0.6865157003686791
AST-008790,0.9066677943306425,0.7749108366829618,0.6015179794257157,0.7610322034797733
AST-008791,0.8563627218727832,0.8053951039207216,0.5505168555257317,0.7374248937730788
AST-008792,0.38097886628703687,0.4856057452067437,0.5257791275485715,0.46412124634745067
AST-008793,0.6795237958865362,0.5656211032128686,0.8714158696740715,0.7055202562578256
AST-008794,0.7313978170028447,0.7244441980284279,0.8520766261168123,0.7693062137160283
AST-008795,0.4628712756074037,0.860958693678137,0.7935686485906132,0.7057995392920513
AST-008796,0.35796711618881044,0.6133540732135448,0.7932651902559422,0.5881954598860991
AST-008797,0.5030093562299339,0.6603094917595839,0.9064392565066546,0.6899193681653908
AST-008798,0.936300233406048,0.6621656928419097,0.8628678960019993,0.8204446074166523
AST-008799,0.3328579875537443,0.31388596312927536,0.31129850526001424,0.31934748531434465
AST-008800,0.8026020027265108,0.6573588725797102,0.8633184063233132,0.7744264272098448
AST-008801,0.4386758489886688,0.7286428073174734,0.9976774232164346,0.721665359840859
AST-008802,0.5091527172548296,0.8960855700235866,0.6703811448342808,0.6918731440375656
AST-008803,0.5408606176657526,0.7066083148744564,0.6431827551831869,0.630217229241132
AST-008804,0.0,0.4418143389585626,0.7997453961464422,0.41385324503500165
AST-008805,0.4899871914524764,0.7313903044960582,0.45775183007111475,0.5597097753398831
AST-008806,0.773241477205684,0.46437547266745854,0.9676614929190032,0.7350928142640486
AST-008807,0.5625597364489698,0.6976454759231652,0.5119804381777268,0.5907285501832873
AST-008808,0.9354946828199873,0.6231505660685303,0.9822328172270306,0.8469593553718494
AST-008809,0.5257385136468272,0.5289446413790692,0.8230188182134195,0.6259006577464387
AST-008810,0.39632379538884394,0.18773259498792433,0.8845953128141466,0.4895505677303049
AST-008811,0.24947209953095045,0.7374247091375324,0.9519398953170296,0.6462789013285041
AST-008812,0.5999128462968147,0.6982516038565926,0.7302400134075585,0.6761348211869885
AST-008813,0.33390918755645743,0.7809118527906002,0.3954532364670579,0.5034247589380385
AST-008814,0.8520828752150186,0.4751086747204373,0.8443248578892847,0.7238388026082468
AST-008815,0.30360254816194243,0.469090490913337,0.7990163531946849,0.5239031307566547
AST-008816,0.715922480156853,0.8324694188038555,0.24835937755982987,0.5989170921735129
AST-008817,0.7048303942330886,0.7610926179894874,0.5756030544742227,0.6805086888989328
AST-008818,0.4817836296184692,0.55898633994959,0.025151330127734822,0.35530709989859804
AST-008819,0.8224687557037227,0.47989953976311306,0.7783813419373266,0.6935832124680541
AST-008820,0.0,0.5150095876152144,0.9069494892685418,0.4739863589612521
AST-008821,0.3081621473050797,0.820562228231673,0.8938371277791771,0.6741871677719766
AST-008822,0.634457984993545,0.4963393901600417,0.9919520788829091,0.7075831513454985
AST-008823,0.5522301449305963,0.2740466565008219,0.522541104403425,0.44960596861161434
AST-008824,0.5188864183600571,0.7864340745795949,0.6970525747895472,0.6674576892430664
AST-008825,0.1762566257481856,0.49189196125246143,0.6507790182846432,0.43964253509509676
AST-008826,0.20744871179223628,0.9295234076914274,0.737730962770462,0.6249010274180419
AST-008827,0.6308093040585467,0.8022512409378455,0.7654039086922138,0.7328214845628688
AST-008828,0.5681801153098129,0.8095779064654114,0.6012765936293214,0.6596782051348485
AST-008829,0.7192346569560121,0.6384764301223067,0.6601019774446393,0.672604354840986
AST-008830,0.6169901026638996,0.23763290534154383,0.9040118296782995,0.5862116125612477
AST-008831,0.8788042364707028,0.5321511093820971,0.9588735574151388,0.7899429677559796
AST-008832,0.8382905737315026,0.11868611080225384,0.9040604166317444,0.6203457003885003
AST-008833,0.1750513740635024,0.25177064862528253,0.6147472457893386,0.3471897561593745
AST-008834,0.2122102497396429,0.25434587283998383,0.9236832238523276,0.46341311547731817
AST-008835,0.5279391846412935,0.6182786575697409,0.9660068405277076,0.7040748942462473
AST-008836,0.8754257210294311,0.6187684486141459,0.921577406017105,0.805257191886894
AST-008837,0.464053404895647,0.8855876020647916,0.871706995134997,0.7404493340318119
AST-008838,0.690480128559329,0.5668721354364634,0.9224673867310661,0.7266065502422862
AST-008839,0.94300298305136,0.6668940724078827,0.9599393944347551,0.8566121499646658
AST-008840,0.16745914255964928,0.47117234698279875,0.9256010548481134,0.5214108481301872
AST-008841,0.846080217057029,0.8389321792352955,0.9503503018363524,0.8784542327095589
AST-008842,0.4628400162923349,0.5892399957413079,0.707487284830415,0.5865224322880193
AST-008843,0.8093566163294882,0.9118218784077546,0.9927998577416791,0.9046594508263074
AST-008844,0.7951684892391457,0.3504959521457268,0.998016495387616,0.7145603122574963
AST-008845,0.6406564264295813,0.21921254321595865,0.8022695328375248,0.5540461674943549
AST-008846,0.8757672410510762,0.32400976068020076,0.5739300131425366,0.5912356716246046
AST-008847,0.14051122692558426,0.4095739827481138,0.8495516618870477,0.46654562385358195
AST-008848,0.4828684441983823,0.18689029252114642,0.803356679968161,0.49103847222922986
AST-008849,0.6241145384219345,0.7959708524134133,0.30858653726718477,0.5762239760341775
AST-008850,0.0,0.05020701822626567,0.7903390867579204,0.2801820349947287
AST-008851,0.2613906007310106,0.9037982345331456,0.91587790680991,0.6936889140246887
AST-008852,0.9539474028949746,0.6691298080591193,0.9823426885280513,0.8684732998273818
AST-008853,0.585515059511519,0.4233163222454072,0.8436893903996286,0.617506924052185
AST-008854,0.23777771857762767,0.388869072584113,0.8770057000526079,0.5012174970714495
AST-008855,0.6284147999682355,0.5522361106185009,0.6650641278232005,0.6152383461366456
AST-008856,0.8799734319755992,0.21719036832903565,0.7207929221801195,0.6059855741615848
AST-008857,0.19034107625340846,0.5897266445874986,0.9517660553208884,0.5772779253872652
AST-008858,0.35241713030842076,0.07691136328948447,0.14774078987546474,0.19235642782445664
AST-008859,0.4615307416135624,0.6008257908701646,0.9580856871643879,0.673480739882705
AST-008860,0.7789683604019882,0.479660935662709,0.9239309316912235,0.7275200759186403
AST-008861,0.37411575981466744,0.8598311419287277,0.7357668338375415,0.6565712451936455
AST-008862,0.6893145758031547,0.6691967752496445,0.8915823264328648,0.7500312258285547
AST-008863,0.530861360126719,0.2869274118114306,0.88482818772786,0.5675389865553365
AST-008864,0.8974773442766999,0.8153099474135825,0.851152520739143,0.8546466041431419
AST-008865,0.6972325897784551,0.853507809094159,0.8287671509298965,0.7931691832675036
AST-008866,0.0,0.18969330817073468,0.9040828628596154,0.36459205701011665
AST-008867,0.39303503527751876,0.39528609465922776,0.7014946482525775,0.49660525939644135
AST-008868,0.5392510859212558,0.7940054212235875,0.8213622576226848,0.7182062549225093
AST-008869,0.27214335943921,0.7524376525968882,0.45830665851873487,0.4942958901849444
AST-008870,0.8047825369574294,0.31025972036276783,0.9629980863813857,0.6926801145671942
AST-008871,0.7050657763506737,0.37335256230478614,0.5253808729884584,0.5345997372146394
AST-008872,0.08989877427770561,0.3144971678912803,0.8881182060653855,0.43083804941145715
AST-008873,0.4421931241167735,0.7061516359681742,0.8456157679906788,0.6646535093585422
AST-008874,0.8163732197590668,0.5569254433934497,0.8794743769244241,0.7509243466923136
AST-008875,0.9566668165325843,0.8777177975689855,0.9510064396996833,0.9284636846004176
AST-008876,0.5528183468600955,0.4874686288498985,0.25734293141059966,0.4325433023735312
AST-008877,0.7766792521035797,0.6685879234538267,0.8724514754239553,0.7725728836604538
AST-008878,0.6676972274736221,0.6439662787844953,0.9150549112491224,0.7422394725024133
AST-008879,0.0,0.8759296358282588,0.9348287083192968,0.6035861147158519
AST-008880,0.062289821413265,0.8540838830927694,0.4768666790168324,0.46441346117428894
AST-008881,0.25741774670502166,0.7867410357195965,0.767181652865303,0.6037801450966404
AST-008882,0.28590067021688037,0.48889506026662427,0.6964370313246323,0.49041092060271235
AST-008883,0.31453211963847244,0.6087759899365722,0.8085708601657458,0.5772929899135968
AST-008884,0.6669891973606202,0.3713552895203029,0.6253207474227878,0.5545550781012369
AST-008885,0.7183572138461971,0.747117733694089,0.955265178517422,0.8069133753525694
AST-008886,0.0,0.3390379569915559,0.10605987369326315,0.14836594356160634
AST-008887,0.31933306259923877,0.32736019843093556,0.9057856762612191,0.5174929790971311
AST-008888,0.19968529189687073,0.2331520646175336,0.9439044916348172,0.45891394938307384
AST-008889,0.37459808576101516,0.945337551184789,0.8293802746725041,0.7164386372061028
AST-008890,0.4616857378776121,0.8977374037911695,0.8640378682790516,0.741153669982611
AST-008891,0.0,0.4244898485004153,0.9480758380454158,0.45752189551527706
AST-008892,0.56465813147808,0.5669430656318998,0.6322888798427064,0.5879633589842287
AST-008893,0.0,0.4686216685962065,0.9168553231557056,0.461825663917304
AST-008894,0.5960797715900895,0.5796153568662303,0.7543557017297934,0.6433502767287044
AST-008895,0.4823438365753892,0.12784952621875176,0.7664322217807469,0.4588751948582959
AST-008896,0.8550559941087496,0.8603474075614699,0.40645637752064717,0.7072865930636222
AST-008897,0.8042641072663425,0.7092701365817023,0.79569587544449,0.7697433730975116
AST-008898,0.5834908017575485,0.7522642693611388,0.6835412158932921,0.6730987623373265
AST-008899,0.0,0.026382284472610446,0.9176827044830844,0.3146883296518983
AST-008900,0.5708857506592603,0.254720382481683,0.8650217288752879,0.563542620672077
AST-008901,0.0,0.6270756543409413,0.7277276054364074,0.4516010865924495
AST-008902,0.20948770227638414,0.6716166970830789,0.9062182126111588,0.5957742039902073
AST-008903,0.25973542621708673,0.48802775342974236,0.6661190696492802,0.47129408309870313
AST-008904,0.3261580234447522,0.611219626141069,0.9816886622683302,0.6396887706180504
AST-008905,0.8440816215186651,0.6122465040491701,0.8792085496812124,0.7785122250830159
AST-008906,0.20234065527036907,0.752332600875438,0.5724691563538288,0.5090474708332119
AST-008907,0.8347099310505268,0.450945052894233,0.935530854563472,0.740395279502744
AST-008908,0.7077249326753683,0.590499658510135,0.5858070360763683,0.6280105424206238
AST-008909,0.8861901631622149,0.7051247020481075,0.7940557345027485,0.7951235332376902
AST-008910,0.237285648814277,0.7691383066819334,0.9409391352835841,0.6491210302599315
AST-008911,0.5300889418641022,0.2669164366748858,0.6191346936105874,0.47204669071652505
AST-008912,0.011703117655270694,0.6981394639874905,0.5820861574207681,0.4306429130211764
AST-008913,0.4833710824261427,0.32850483723235463,0.5988364097409615,0.4702374431331529
AST-008914,0.7457234931800821,0.10982367489152406,0.9988567471584751,0.6181346384100271
AST-008915,0.6098683838785418,0.6318580719459651,0.7549139354457881,0.6655467970900983
AST-008916,0.5456002756485266,0.5495663421200981,0.9657912229136335,0.6869859468940861
AST-008917,0.6788814814728773,0.6146156715519793,0.680409052022268,0.6579687350157082
AST-008918,0.7305221511243675,0.1361730164695563,0.7601681250331672,0.5422877642090304
AST-008919,0.7773915351142371,0.3295771968443562,0.23336539261173056,0.44677804152344125
AST-008920,0.6230238442879433,0.5593176130552249,0.7997187652178472,0.6606867408536719
AST-008921,0.3036325922110254,0.25062543018572403,0.4784125148022386,0.3442235123996627
AST-008922,0.16805754278387783,0.39456993641838484,0.7092683298156752,0.4239652696726459
AST-008923,0.0,0.5534298879900472,0.9818903278364048,0.511773405275484
AST-008924,0.32899308305593933,0.051843179005904655,0.8923500223393687,0.4243954281337376
AST-008925,0.8235098360938607,0.874951323183558,0.9429750974697929,0.8804787522490706
AST-008926,0.5904287820409434,0.3685650766028027,0.9460045416044628,0.6349994667494029
AST-008927,0.5636218687570917,0.484999920872725,0.710705811014286,0.5864425335480342
AST-008928,0.4473776484627263,0.6694054855785326,0.487222745275354,0.5346686264388709
AST-008929,0.4854959504833054,0.5553192620729916,0.7730731589567481,0.604629457171015
AST-008930,0.5832220961071227,0.5262686332160252,0.9939597665404499,0.7011501652878659
AST-008931,0.6792468080669518,0.8402604384661749,0.9281232189369351,0.815876821823354
AST-008932,0.0972009090836637,0.1852283583384941,0.8071412969087643,0.3631901881103074
AST-008933,0.646415502840646,0.6467751454126521,0.7366733116498484,0.6766213199677155
AST-008934,0.2256681595113568,0.5033000201167338,0.6848461282439395,0.47127143595734333
AST-008935,0.5246544165107456,0.3439485717873466,0.58018740237359,0.48293013022389414
AST-008936,0.7424801749075854,0.8256704061188725,0.9713652615714806,0.8465052808659795
AST-008937,0.2923428796144984,0.7257567235973501,0.8320735900508931,0.6167243977542473
AST-008938,0.09211762642741342,0.23096455208592695,0.30001469192729113,0.2076989568135438
AST-008939,0.21536868656605013,0.15797677799602383,0.9274923027829345,0.43361258911500283
AST-008940,0.49112363570409545,0.38155650177858824,0.8663713444482618,0.5796838273103152
AST-008941,0.8464020594647801,0.7690906470709328,0.8869872679778336,0.8341599915045155
AST-008942,0.0,0.7224646040249305,0.9956971856857281,0.5727205965702195
AST-008943,0.34201652552808376,0.4308362516623987,0.9564807123168452,0.5764444965024426
AST-008944,0.19102527748147058,0.5606536634624425,0.869645685314473,0.5404415420861287
AST-008945,0.8262166242283606,0.8269103315351217,0.7770945229539697,0.8100738262391508
AST-008946,0.35603711493417717,0.7018007589499781,0.8877017352860913,0.6485132030567488
AST-008947,0.3709162899148472,0.19406045818283602,0.44156233761025926,0.3355130285693142
AST-008948,0.6454313744241865,0.3143755972118225,0.8760348517847756,0.6119472744735949
AST-008949,0.6581954507350183,0.4509479048564753,0.9149340972355682,0.6746924842756873
AST-008950,0.4289393091398099,0.49920045039475475,0.9182089040820054,0.6154495545388566
AST-008951,0.7516799164393765,0.5976054227720332,0.7234226354881197,0.6909026582331764
AST-008952,0.0,0.2477505622560913,0.8252867379343146,0.35767910006346865
AST-008953,0.38995061994934427,0.3914276939675139,0.4760936693934194,0.41915732777009257
AST-008954,0.4223185288328766,0.7838218003773842,0.4769410293809962,0.561027119530419
AST-008955,0.0,0.12647327311148918,0.45744729548971413,0.19464018953373444
AST-008956,0.6826848378935666,0.4106261654489118,0.8329808242948064,0.6420972758790949
AST-008957,0.8546171116358308,0.5617722415660544,0.9573109394545541,0.7912334308854798
AST-008958,0.8820518431596693,0.9447483201825011,0.362308947285021,0.7297030368757306
AST-008959,0.45725617788521783,0.9323754793468128,0.8087963560586138,0.7328093377635482
AST-008960,0.7850819060163676,0.474861472754651,0.9406769646124009,0.7335401144611398
AST-008961,0.45856658280937374,0.32542403730653574,0.8873787896251794,0.5571231365803629
AST-008962,0.7086170520133027,0.5701879833654374,0.7979990022037279,0.6922680125274893
AST-008963,0.33582141023534456,0.690416756195236,0.7844737204237255,0.6035706289514354
AST-008964,0.7676611435610484,0.11174273008363718,0.7262466003229819,0.5352168246558892
AST-008965,0.5510676984670798,0.6855524932893962,0.6129774224275651,0.616532538061347
AST-008966,0.7867314984627787,0.9449230223177248,0.8750727582941848,0.868909093024896
AST-008967,0.0,0.3848460854010384,0.41105957782266234,0.2653018877412336
AST-008968,0.0,0.3459177624077547,0.7634445295850834,0.3697874306642794
AST-008969,0.7747593602483426,0.6917439182462699,0.9966369043547902,0.8210467276164676
AST-008970,0.7561706536349603,0.7555334435755288,0.8271865505430619,0.7796302159178503
AST-008971,0.5699720957544515,0.3883682384290359,0.8420135848516436,0.6001179730117103
AST-008972,0.4969014957173429,0.36853622249883367,0.9058920642669299,0.5904432608277022
AST-008973,0.8849443474512938,0.5233424290018247,0.9670856944228627,0.7917908236253272
AST-008974,0.8060558555702988,0.7924311615639169,0.8828935450098739,0.8271268540480299
AST-008975,0.7395554547283907,0.9340212432997356,0.8551362578810983,0.8429043186364081
AST-008976,0.38081402948641113,0.8788629722557522,0.5877227819397577,0.6157999278939736
AST-008977,0.4355211939679148,0.0662528303662113,0.9878541996503554,0.49654274132816045
AST-008978,0.0,0.35338329005829894,0.6632346989328929,0.3388726629970639
AST-008979,0.8456560772805269,0.6987439983947771,0.4435315059404374,0.6626438605385805
AST-008980,0.2996975760946716,0.8821588704875792,0.8270036561122631,0.6696200342315047
AST-008981,0.4750558275803013,0.7865088560636271,0.7755880401208686,0.6790509079215991
AST-008982,0.6007680490099571,0.4162418401753374,0.40969457077813515,0.47556815332114327
AST-008983,0.5868914878595387,0.05418239080600396,0.481036138467848,0.37403667237779686
AST-008984,0.5828649315291047,0.688736300233393,0.9837345648569247,0.7517785988731408
AST-008985,0.7157218024796727,0.6672945175212613,0.9151972624035042,0.7660711941348127
AST-008986,0.6831524837210271,0.31364166283208583,0.6721146264228963,0.5563029243253365
AST-008987,0.062483612055921005,0.5725959848686735,0.8374221711099077,0.49083392267816733
AST-008988,0.0,0.5893708278641329,0.9031071777786788,0.49749266854760393
AST-008989,0.0,0.2016622170979586,0.8607163762035706,0.35412619776717635
AST-008990,0.17912438738472686,0.7660667890211914,0.14945716218260557,0.36488277952950793
AST-008991,0.452148616538712,0.5318229407374844,0.7985370818810398,0.5941695463857454
AST-008992,0.7238036401242731,0.8191013369109171,0.9018584261813022,0.8149211344054974
AST-008993,0.28626836859032784,0.0563435460310113,0.840880660660853,0.39449752509406405
AST-008994,0.7527560731802392,0.8744458801382091,0.9916651400877609,0.8729556978020697
AST-008995,0.8718053724126424,0.8061696537263926,0.5889434712149286,0.7556394991179879
AST-008996,0.38713973757784365,0.760148061601003,0.4525340938242746,0.5332739643343737
AST-008997,0.7327055436029,0.6278881318571367,0.772116872300718,0.7109035159202515
AST-008998,0.6103421248037033,0.6123235831545139,0.8880630822051986,0.7035762633878052
AST-008999,0.4077785657036159,0.7065870254590765,0.4732801492165066,0.5292152467930663
AST-009000,0.5059160654112339,0.3802151830278683,0.5435487702529682,0.4765600062306901
AST-009001,0.7947980373414008,0.4143348248669259,0.5188812442629788,0.5760047021571019
AST-009002,0.0,0.5171491555295366,0.23060491230740857,0.24925135594564837
AST-009003,0.0,0.21551865999237893,0.43840156164810906,0.217973407213496
AST-009004,0.19582207667168858,0.49133085176389896,0.6269851041521493,0.43804601086257894
AST-009005,0.845575007610528,0.6270263972924903,0.5557304817496509,0.676110628884223
AST-009006,0.0,0.7377333321082757,0.9915209305279006,0.5764180875453921
AST-009007,0.5060772607301645,0.08756297980527833,0.6862207488228766,0.4266203297861065
AST-009008,0.7451955871818038,0.46300250566387274,0.313781802218704,0.5073266316881269
AST-009009,0.9590914163352804,0.30846333947340276,0.9869418165338427,0.7514988574475087
AST-009010,0.581494532567292,0.9206580971218092,0.7042039000941801,0.7354521765944271
AST-009011,0.28813705453139343,0.5931230139698177,0.7861934171379666,0.5558178285463926
AST-009012,0.7220340290298116,0.40575648340300907,0.9993371410031175,0.7090425511453127
AST-009013,0.6585448220875333,0.8602116166328786,0.8375259856082746,0.7854274747762288
AST-009014,0.6353637619139726,0.23111535511224834,0.8886001856021102,0.5850264342094437
AST-009015,0.7811750864906377,0.6450429240287429,0.7248972037856911,0.7170384047683571
AST-009016,0.7427199915264635,0.3037698109179813,0.8029481152609723,0.6164793059018058
AST-009017,0.7318830443716099,0.37101326538743973,0.4059799692536457,0.5029587596708984
AST-009018,0.6309470028000226,0.31087221592918063,0.9772085355772613,0.6396759181021549
AST-009019,0.830615621603581,0.46042658875296383,0.7322150122581615,0.6744190742049021
AST-009020,0.3302136446516043,0.30651863880387875,0.5037950125572674,0.38017576533758346
AST-009021,0.7674297433966989,0.2734037512000474,0.7733406273809265,0.6047247073258909
AST-009022,0.5058948084623174,0.8936567065691376,0.869466738083895,0.7563394177051167
AST-009023,0.48031119653018983,0.5411971294097029,0.6253456056318282,0.5489513105239069
AST-009024,0.3067902392029453,0.24068908531194955,0.6065892444599493,0.38468952299161474
AST-009025,0.7804298467675386,0.7458972481159594,0.6611682689045572,0.729165121262685
AST-009026,0.835443516908745,0.5104553113157013,0.717895344259188,0.687931390827878
AST-009027,0.7215720157419613,0.45964761376226637,0.4015052639202149,0.5275749644748142
AST-009028,0.6744130697775811,0.8297626399096841,0.813787159487467,0.7726542897249108
AST-009029,0.3426591030236733,0.8931670811499041,0.7277029587436362,0.6545097143057378
AST-009030,0.7878477644908112,0.21947806697427072,0.2961271044694762,0.43448431197818604
AST-009031,0.5116561408508865,0.17587445913726446,0.7988086014473081,0.49544640047848637
AST-009032,0.8337811967646552,0.4459612991294911,0.46349533905078505,0.5810792783149771
AST-009033,0.9502529781901066,0.5609330836201241,0.9640128759724702,0.8250663125942337
AST-009034,0.5673443159156245,0.6904056612348488,0.346912095375304,0.5348873575085925
AST-009035,0.6063482711381518,0.27013924615394724,0.4416176807458085,0.43936839934596916
AST-009036,0.46518536100585006,0.5591657285460877,0.9740109223657747,0.6661206706392374
AST-009037,0.0,0.5569504092501562,0.9857773577428822,0.5142425889976795
AST-009038,0.39972203945894214,0.12485013255393361,0.6222805225402862,0.3822842315177207
AST-009039,0.4248631662901692,0.7293034213023769,0.5182298067071408,0.5574654647665623
AST-009040,0.3273654878619502,0.6535598386803508,0.8480991097357263,0.6096748120926758
AST-009041,0.8779514206193807,0.6896782774926422,0.8845245271546871,0.8173847417555701
AST-009042,0.0,0.6127175949009677,0.8426199344176141,0.4851125097728606
AST-009043,0.699568615528014,0.5016570514140896,0.6712533381708679,0.6241596683709905
AST-009044,0.6597139061235046,0.5883504041649178,0.8974229341204665,0.7151624148029629
AST-009045,0.4833696472313465,0.3858186081066616,0.8843506878403006,0.5845129810594362
AST-009046,0.6029199922898244,0.603069035656516,0.4944945260232064,0.5668278513231823
AST-009047,0.7944752395022786,0.5489587658730367,0.8100014543602891,0.717811819911868
AST-009048,0.0,0.4035151149710413,0.5447368392649637,0.316083984745335
AST-009049,0.0,0.8113529124582018,0.7998661509987127,0.5370730211523048
AST-009050,0.6250198088188292,0.66363845171664,0.9780802512477574,0.7555795039277422
AST-009051,0.3347466833140402,0.20247066402984207,0.9810148237813385,0.5060773903750736
AST-009052,0.0,0.3222897230088179,0.7576084479484119,0.35996605698574324
AST-009053,0.8312276111227476,0.6687436878578383,0.8526330394037606,0.7842014461281156
AST-009054,0.4919150696029551,0.6994072288967987,0.8628134509400847,0.6847119164799462
AST-009055,0.7050399009418241,0.4179656861177313,0.1723033639151463,0.4317696503249006
AST-009056,0.4686725299171494,0.8272941780879535,0.7757887859049502,0.6905851646366843
AST-009057,0.3833777222964768,0.4333589122111161,0.9123691856663634,0.5763686067246522
AST-009058,0.7180529380004732,0.6345192433714422,0.908256864595656,0.7536096819891904
AST-009059,0.25484738595015366,0.812794801296513,0.2625242504825037,0.4433888125763901
AST-009060,0.5428302370584244,0.06881291090977343,0.25240404079590667,0.28801572958803484
AST-009061,0.38446443530404456,0.676178770624148,0.4189411382224488,0.4931947813835471
AST-009062,0.4841309589341858,0.852415363173115,0.7236738412088791,0.6867400544387267
AST-009063,0.6602066053886521,0.6500338483778119,0.6982183415085265,0.6694862650916634
AST-009064,0.29124173245893503,0.9178449216167188,0.946277025671519,0.7184545599157243
AST-009065,0.629859426685753,0.6573064564714276,0.8121496294004034,0.6997718375191946
AST-009066,0.431804049393935,0.4414183264894954,0.995226256538553,0.6228162108073279
AST-009067,0.8158954794599199,0.3555620782895679,0.4733353063652308,0.5482642880382395
AST-009068,0.46060374057966,0.63601365108396,0.7803008555578593,0.6256394157404931
AST-009069,0.5240163266901472,0.8443298958310411,0.7711736517370464,0.7131732914194115
AST-009070,0.3253133168114734,0.36053930121229255,0.783605199248659,0.4898192724241417
AST-009071,0.4675642281270397,0.5615367406657094,0.7083541662308002,0.5791517116745164
AST-009072,0.5656318933723695,0.41878670890856157,0.9849078779569601,0.6564421600792971
AST-009073,0.7819461146113071,0.6068358769080757,0.6085857241116764,0.6657892385436864
AST-009074,0.3073503860839343,0.4747566297920902,0.7126132908752719,0.49824010225043214
AST-009075,0.6523074251805666,0.046948241235637025,0.534987403891308,0.41141435676917054
AST-009076,0.7875751153491,0.3833843796308818,0.9899162843324579,0.72029192643748
AST-009077,0.04051345743221303,0.46567364215757767,0.9834101062429607,0.49653240194425047
AST-009078,0.36837450705722996,0.45031253819316913,0.987203887620306,0.6019636442902351
AST-009079,0.0,0.46797341578409846,0.7928768855109779,0.42028343376502547
AST-009080,0.6297154071080748,0.7726653026985847,0.5510727492145895,0.651151153007083
AST-009081,0.3296013597477406,0.1500756553034877,0.8848875902555097,0.4548548684355793
AST-009082,0.6071975854886401,0.6763806324776189,0.9014015506500228,0.7283265895387606
AST-009083,0.21138094693152595,0.2965070522592457,0.8217467456913341,0.44321158162736857
AST-009084,0.6147193297624641,0.18446658058298354,0.9475108215789892,0.5822322439748123
AST-009085,0.5417200853831999,0.6559323759958532,0.830492707379956,0.6760483895863363
AST-009086,0.0,0.7382650981184201,0.5330590845511937,0.42377472755653794
AST-009087,0.42634901234137124,0.8610653272387764,0.4887757441983562,0.5920633612595013
AST-009088,0.0,0.1530946269718403,0.7657692295594496,0.30628795217709665
AST-009089,0.8585668407043298,0.5669883452259763,0.9129792527172154,0.7795114795491737
AST-009090,0.3531828966495533,0.5918992845409169,0.6830370224273008,0.5427064012059236
AST-009091,0.4022539602264282,0.8012343750037564,0.8880117602792261,0.697166698503137
AST-009092,0.93612796406792,0.1108555781894505,0.8724482805734762,0.6398106076102823
AST-009093,0.7024979386125723,0.8516380310929289,0.976017297183012,0.8433844222961712
AST-009094,0.10030665791152718,0.5298332795385189,0.5939811470177172,0.40804036148925443
AST-009095,0.837741671454348,0.890593539247382,0.9028503549180751,0.8770618552066017
AST-009096,0.6880272760981072,0.10076330315964097,0.8885808982395033,0.5591238258324172
AST-009097,0.24813513389174022,0.22702744824089163,0.7016309128264195,0.39226449831968385
AST-009098,0.693225956672255,0.7599304402502576,0.8516078975752008,0.7682547648325712
AST-009099,0.8704129120911408,0.404755817964938,0.9627719747126964,0.745980234922925
AST-009100,0.4442388571190468,0.6381277482493007,0.7895278490329625,0.62396481813377
AST-009101,0.640522574409288,0.9213091641990737,0.9786119206836187,0.8468145530973268
AST-009102,0.6544186835692173,0.2891399143868372,0.7619071638603485,0.5684885872721344
AST-009103,0.7966941723078389,0.49770386574641573,0.849109295463108,0.7145024445057876
AST-009104,0.7025935242188344,0.5941157819864576,0.8855412198761629,0.7274168420271517
AST-009105,0.1774433222405297,0.30301431432014153,0.6845019385787052,0.38831985837979216
AST-009106,0.604836876049273,0.6838053257031328,0.8331261937861462,0.707256131846184
AST-009107,0.5326984706932126,0.3739466965387156,0.5745528256958212,0.49373266430924984
AST-009108,0.0,0.835137336214713,0.8628078641059674,0.5659817334402267
AST-009109,0.0,0.6630614572414815,0.7178261678497087,0.4602958750303967
AST-009110,0.9125787674703405,0.8408465940896287,0.955674049018205,0.9030331368593915
AST-009111,0.0,0.1268319096462148,0.5375613846930901,0.221464431446435
AST-009112,0.8022371733244265,0.7166265917311084,0.9637551418081596,0.8275396356212316
AST-009113,0.0,0.24689219355421166,0.9958175757007011,0.4142365897516376
AST-009114,0.8484117358258232,0.6733729030882823,0.8985215340432121,0.8067687243191058
AST-009115,0.9279191017107254,0.4619099670004859,0.41019177157601766,0.6000069467624097
AST-009116,0.5552272089232112,0.4879374206971048,0.9841605641443513,0.6757750645882225
AST-009117,0.7476462809576463,0.712448204936366,0.22986544939767534,0.5633199784305626
AST-009118,0.39951920803108393,0.6742911370096363,0.8544549209208634,0.6427550886538612
AST-009119,0.0,0.15803187077769104,0.167956701151142,0.108662857309611
AST-009120,0.9224347623047114,0.7002205005772957,0.6112596436362314,0.7446383021727462
AST-009121,0.2864844943221536,0.7385408736406959,0.6282302922779154,0.551085220080255
AST-009122,0.43651145512632217,0.7385517623817829,0.5541097980601954,0.5763910051894335
AST-009123,0.7439965121250889,0.4243831024686106,0.7019599400190834,0.6234465182042609
AST-009124,0.5019522590871272,0.339749458392476,0.3811715108985076,0.40762440945937023
AST-009125,0.6062670964848558,0.7082590677808736,0.5765626657098997,0.6303629433252097
AST-009126,0.7519249251070654,0.3779911807521558,0.9626699444202539,0.6975286834264917
AST-009127,0.6196311995303212,0.48477091958695884,0.9176836270737991,0.6740285820636931
AST-009128,0.7888276754134255,0.8383999247818419,0.9323894250992396,0.8532056750981689
AST-009129,0.8997811596202049,0.6613192398924043,0.9492561672836767,0.8367855222654286
AST-009130,0.5734752208256956,0.6965352908995743,0.9813188005719805,0.7504431040990834
AST-009131,0.6674297089968949,0.25318553560513724,0.9432472502162962,0.6212874982727761
AST-009132,0.5727561286070322,0.9289705203173584,0.9679221921049741,0.8232162803431216
AST-009133,0.7642058308311084,0.47176001327428446,0.9525603009179224,0.7295087150077718
AST-009134,0.822992060582465,0.8500630537597894,0.8601303740388748,0.8443951627937097
AST-009135,0.4842541024479272,0.8717507206977078,0.8212800404831688,0.7257616212096013
AST-009136,0.38848042790495685,0.8434895862225467,0.8455788042136528,0.6925162727803854
AST-009137,0.8218159950787243,0.5549860516359033,0.9264435593620977,0.7677485353589084
AST-009138,0.0,0.5096950312088799,0.7481513901741574,0.4192821404610125
AST-009139,0.6329507328956385,0.7403830554935048,0.8451014967333055,0.7394784283741496
AST-009140,0.49355189506975844,0.8054198025394383,0.9430523356235955,0.7473413444109308
AST-009141,0.23320295373644234,0.4436551872457418,0.5982073744689202,0.42502183848370145
AST-009142,0.6844606220836978,0.7776877187951048,0.710213240828074,0.7241205272356255
AST-009143,0.6479800204670045,0.9183361441317127,0.3720492750883392,0.6461218132290188
AST-009144,0.4810116436640823,0.9308096794870817,0.7561260280946257,0.7226491170819299
AST-009145,0.8636754799303613,0.63507726595861,0.8806843494911042,0.7931456984600253
AST-009146,0.8846498080364197,0.7218332969304104,0.9210544630934007,0.8425125226867437
AST-009147,0.7295770906061894,0.3759085842976515,0.5485800881339409,0.5513552543459272
AST-009148,0.6343159115806248,0.8759319321305121,0.8672020303803332,0.7924832913638234
AST-009149,0.0,0.5819533424855968,0.7709272577608821,0.4509602000821597
AST-009150,0.6057429688549605,0.2973539801673691,0.8292364138374769,0.5774444542866021
AST-009151,0.6819160493685673,0.7531235234457105,0.5908320942182256,0.6752905556775012
AST-009152,0.5887601202322896,0.4382894355829261,0.5487131343586963,0.5252542300579707
AST-009153,0.7720856080310964,0.3276489289498092,0.9955111743144001,0.6984152370984352
AST-009154,0.6922760633821698,0.6242826872005685,0.9104416380779772,0.7423334628869052
AST-009155,0.6714971523633616,0.7635263207995118,0.8868888448978121,0.7739707726868952
AST-009156,0.0,0.49827006409857943,0.8636772314432556,0.4539824318472783
AST-009157,0.5702042226733662,0.9540444560901997,0.4220509805657708,0.6487665531097789
AST-009158,0.5045239365431964,0.48582435878443325,0.9069578170226291,0.6324353707834196
AST-009159,0.48688125185255565,0.8431819798321055,0.7249243727244599,0.6849958681363737
AST-009160,0.4987325436831099,0.29812148750271666,0.9229081151653873,0.573254048783738
AST-009161,0.6980502273384737,0.8112828516102938,0.6169643483873075,0.708765809112025
AST-009162,0.8204138481365116,0.18571016064900525,0.8820252681846945,0.6293830923234038
AST-009163,0.897929403708735,0.9186224574097369,0.8584936037768244,0.8916818216317655
AST-009164,0.41196265418139144,0.49569891306041663,0.7218491130243988,0.5431702267554023
AST-009165,0.9446715522082418,0.07196023840800743,0.8347746214809287,0.6171354706990594
AST-009166,0.7002729354732471,0.7297921398939077,0.9290191295779553,0.78636140164837
AST-009167,0.7363269901513244,0.7482503904093368,0.8776439117235323,0.7874070974280646
AST-009168,0.7155933783517479,0.8025886105102937,0.859014299328095,0.7923987627300456
AST-009169,0.3593124647063647,0.6088050888640232,0.6664832684005102,0.5448669406569661
AST-009170,0.4118600268679174,0.8014583361723691,0.9140960308222953,0.7091381312875272
AST-009171,0.0,0.37199412569941054,0.30187575063376776,0.22462329211105944
AST-009172,0.20114631181681347,0.28936290951665466,0.3917400651544621,0.2940830954959767
AST-009173,0.7672014147870382,0.34045826419210584,0.9420504019565235,0.6832366936452224
AST-009174,0.39711397857813646,0.06126657810587952,0.9651746008395267,0.47451838584118083
AST-009175,0.3142663062263809,0.4192286917499781,0.9667011079078441,0.5667320352947344
AST-009176,0.6559843872496227,0.4849249282297649,0.7388266967874393,0.626578670755609
AST-009177,0.8235800090255511,0.24933002441447244,0.8810815565893911,0.6513305300098048
AST-009178,0.5801406893076372,0.5079279978637457,0.8120650045194159,0.6333778972302663
AST-009179,0.6487510020762439,0.6487144691104484,0.8463429647273436,0.7146028119713453
AST-009180,0.7829682126969095,0.6017299580078121,0.714570023128516,0.6997560646110793
AST-009181,0.5647180621425468,0.47262740247292656,0.49926569205867843,0.5122037188913839
AST-009182,0.5308130204991749,0.6910608005150111,0.8718816576891111,0.6979184929010991
AST-009183,0.8220934990382542,0.48935721696840556,0.42143849581064713,0.5776297372724356
AST-009184,0.7346563669404064,0.5277620472490027,0.6989137614518404,0.6537773918804165
AST-009185,0.7275263719794062,0.746529351693646,0.9408222168111197,0.8049593134947238
AST-009186,0.5368245858847148,0.6173919757531643,0.47699922994305033,0.5437385971936431
AST-009187,0.6341277432484734,0.24602422584366154,0.5045348062358269,0.46156225844265397
AST-009188,0.2582243833756609,0.8651053290484636,0.7252399761544926,0.6161898961928723
AST-009189,0.39473312032468494,0.12103020913546253,0.9655741193697202,0.4937791496099559
AST-009190,0.28025398322317063,0.8876101132762755,0.6705446607668453,0.6128029190887637
AST-009191,0.6822893738016736,0.7510314146820769,0.9683755100782894,0.8005654328540133
AST-009192,0.7121280169418489,0.886113125625996,0.8958650776456505,0.8313687400711651
AST-009193,0.3801158620612052,0.7131736099743771,0.8568058355981016,0.650031769211228
AST-009194,0.1937255963101919,0.536541777256215,0.9834422757839116,0.5712365497834395
AST-009195,0.4853236744558335,0.9681444078063092,0.34018598658129473,0.597884689614479
AST-009196,0.46833999364998113,0.03710161585306147,0.7067318801895821,0.4040578298975415
AST-009197,0.20117645675417792,0.9526314676973038,0.7880558433764709,0.6472879226093174
AST-009198,0.6066566791431162,0.6836071745998701,0.9685785378381391,0.7529474638603751
AST-009199,0.271290388647471,0.7915832502011892,0.46632202079218904,0.5097318865469498
AST-009200,0.9259634272957473,0.6327864877603617,0.8866217073036317,0.8151238741199136
AST-009201,0.7118992081593778,0.5518564464245869,0.9343955141357916,0.7327170562399187
AST-009202,0.8247467231776084,0.1438651419075502,0.7601464322496821,0.5762527657782802
AST-009203,0.47845257987398243,0.31116108227319383,0.7502938319149935,0.5133024980207233
AST-009204,0.9397719027575967,0.6023004013951229,0.6816863958826533,0.741252900011791
AST-009205,0.25698918581637453,0.9319817740356596,0.777010208981697,0.6553270562779104
AST-009206,0.6334161188545601,0.28058095871713423,0.05275223237577154,0.3222497699824886
AST-009207,0.7418464186540327,0.39239303908997947,0.8645337237003905,0.6662577271481341
AST-009208,0.3064990595692667,0.4639104746883545,0.7205490554458317,0.49698619656781756
AST-009209,0.617199896659985,0.5115832330879434,0.502397495588747,0.5437268751122252
AST-009210,0.5428109719967813,0.7389776032496085,0.9564561892612055,0.7460815881691985
AST-009211,0.6747429726962608,0.37273130424714135,0.9678164894303716,0.6717635887912579
AST-009212,0.6525586876293178,0.4409617355530777,0.8480432710327611,0.647187898071719
AST-009213,0.8930715379586518,0.33862421294038003,0.6352837593616912,0.6223265034202411
AST-009214,0.852861524741012,0.5880774002949543,0.9846430107383297,0.8085273119247652
AST-009215,0.4021024085079797,0.8915514998221126,0.4157767992920038,0.569810235874032
AST-009216,0.3770481492514582,0.5305327802129127,0.872165419159377,0.5932487828745826
AST-009217,0.5639582928880805,0.5636341620993633,0.347831816967715,0.49180809065171965
AST-009218,0.5353566903250587,0.47010763773258807,0.9875374444967074,0.6643339241847848
AST-009219,0.7654733517325029,0.41949469291595104,0.3653787232670717,0.5167822559718419
AST-009220,0.0,0.6872211065010462,0.8434615625298755,0.5102275563436406
AST-009221,0.10498786092762516,0.4248717211097106,0.3602605079141233,0.2967066966504863
AST-009222,0.8841917578988768,0.5561954803782576,0.9693232523599485,0.803236830212361
AST-009223,0.5740479669891023,0.7824935239448371,0.9852473840221421,0.780596291652027
AST-009224,0.0,0.2940362155281559,0.46139580081130555,0.25181067211315383
AST-009225,0.4671404910678859,0.4974426788943483,0.6568390424408207,0.5404740708010184
AST-009226,0.08308428843200766,0.15810695870749036,0.7235015789208987,0.3215642753534656
AST-009227,0.7377502001087023,0.75854371375858,0.9249566132818915,0.8070835090497246
AST-009228,0.883968065020695,0.7931596139017764,0.9010664903313247,0.8593980564179321
AST-009229,0.9289974010668558,0.828918194284174,0.9809672429709663,0.912960946107332
AST-009230,0.4821315005266835,0.8916773750698239,0.9391298861100581,0.7709795872355217
AST-009231,0.5416854932812066,0.8867471097620483,0.179283039950185,0.5359052143311466
AST-009232,0.16814356795544352,0.7039567767531001,0.7610101855092544,0.544370176739266
AST-009233,0.7851085628873149,0.5073759783985298,0.5500056179275699,0.6141633864044714
AST-009234,0.0,0.6557683883304132,0.8643876734554127,0.5067186872619419
AST-009235,0.7722655634747279,0.8525803575396007,0.9616945968833281,0.8621801726325522
AST-009236,0.9437180123494731,0.5871090168897841,0.6684088740454036,0.7330786344282202
AST-009237,0.10381252766759,0.27493917364909626,0.7272817460596693,0.3686778157921185
AST-009238,0.3882380527504105,0.23856644614340083,0.6887465370940888,0.4385170119959667
AST-009239,0.18577996338243946,0.8395726700705787,0.9888189807900252,0.6713905380810145
AST-009240,0.33064502471901935,0.9704147959207522,0.7611693136252855,0.6874097114216857
AST-009241,0.0,0.7834693532947612,0.5780346479037873,0.4538346670661828
AST-009242,0.6181355253630929,0.1617596508718618,0.9990960218767573,0.5929970660372373
AST-009243,0.8442378252582524,0.8100310607077426,0.9890875961764154,0.8811188273808034
AST-009244,0.6177192270976369,0.44441076502943283,0.9815564401122389,0.6812288107464362
AST-009245,0.751845165177487,0.7764609193225851,0.9806515424188902,0.8363192089729874
AST-009246,0.3099557981045299,0.07046986155202632,0.6209403820886552,0.33378868058173716
AST-009247,0.698721870293431,0.8436973062257288,0.9261210193532623,0.822846731957474
AST-009248,0.5016965064228475,0.4249508467583339,0.6345327090508358,0.520393354077339
AST-009249,0.0,0.5383062356802621,0.7945169399840704,0.44427439188811085
AST-009250,0.6267325230585792,0.20571669065738993,0.7577143955352716,0.5300545364170802
AST-009251,0.3986459325950655,0.6108672147715061,0.7081711031452903,0.5725614168372872
AST-009252,0.45743297265961225,0.7739011342056963,0.8961640411144307,0.7091660493265798
AST-009253,0.43713017438105495,0.439788378046418,0.7651650785513355,0.5473612103262695
AST-009254,0.0,0.8587568293976325,0.8626001530992804,0.5737856608323043
AST-009255,0.44071457753858817,0.5719473506398643,0.859461654790407,0.6240411943229532
AST-009256,0.4537731591687586,0.6374175515305014,0.8339023136039959,0.641697674767752
AST-009257,0.8675456435480304,0.32279296315375117,0.9987747457539115,0.7297044508185643
AST-009258,0.9358921856309144,0.8867065318289677,0.6476057823513359,0.8234014999370727
AST-009259,0.4960194625986501,0.7348015224341353,0.5345885790673972,0.5884698547000609
AST-009260,0.2581938033681262,0.5699611773964586,0.6997318649637794,0.509295615242788
AST-009261,0.4185154206324662,0.7055136534633925,0.9049667666632675,0.6763319469197088
AST-009262,0.42516550064549236,0.6334340826818217,0.9642680467067505,0.6742892100113549
AST-009263,0.8942725020755886,0.5022611900524452,0.7993140028514876,0.7319492316598405
AST-009264,0.48206143663405976,0.31179092730417624,0.9098212686814479,0.567891210873228
AST-009265,0.9182497303600213,0.33616893365700296,0.8330102350324683,0.6958096330164976
AST-009266,0.9449282162439007,0.72153859914461,0.8972228221778135,0.8545632125221081
AST-009267,0.8434352582757993,0.8139377190678591,0.8262162731256123,0.827863083489757
AST-009268,0.5841426284459705,0.5959261820847342,0.8466220307739589,0.6755636137682212
AST-009269,0.3465050012105704,0.6532273433588038,0.8597063597409038,0.6198129014367594
AST-009270,0.23484245644417498,0.6922928788727987,0.6781024624195825,0.5350792659121854
AST-009271,0.049762154443659175,0.6230052661601243,0.8956352691575122,0.5228008965870986
AST-009272,0.3917958805128268,0.0756805911889339,0.5504686956983074,0.3393150558000227
AST-009273,0.36835318957712365,0.37236922937854566,0.3921634258454448,0.3776286149337047
AST-009274,0.3987026294773511,0.5866176236696473,0.22953615695978344,0.4049521367022606
AST-009275,0.7305966305706468,0.6770088745439626,0.7880202311240538,0.7318752454128878
AST-009276,0.7748716666884006,0.7975395403255836,0.9093350045749183,0.8272487371963009
AST-009277,0.5223751736187437,0.8596726218437349,0.841846952178642,0.7412982492137069
AST-009278,0.8875018734440479,0.7475406028334318,0.9557883525439325,0.8636102762738039
AST-009279,0.0,0.38830367115780234,0.9906764816804965,0.4596600509460996
AST-009280,0.8476617107041842,0.899163670622345,0.7079513881339621,0.8182589231534972
AST-009281,0.4332395535957791,0.2880227217839117,0.912286282967777,0.5445161861158226
AST-009282,0.7388946151523836,0.37396363693766344,0.8849961352811763,0.6659514624570745
AST-009283,0.782648111710811,0.16150799223517234,0.8869258732291264,0.6103606590583699
AST-009284,0.30766075653990604,0.8255388424630673,0.727671979528295,0.6202905261770894
AST-009285,0.2857380105920047,0.8238151648069176,0.2911305872383173,0.4668945875457465
AST-009286,0.7324268207503325,0.32238231713131305,0.7133028560112559,0.5893706646309672
AST-009287,0.54284922700782,0.4103490274949459,0.8560521937875195,0.6030834827634285
AST-009288,0.5916998238860355,0.36506051317927063,0.7420953716688063,0.5662852362447042
AST-009289,0.9074286267936322,0.32017736048961326,0.9576857871640503,0.7284305914824319
AST-009290,0.4640370122221022,0.9252854845276404,0.9267307221447432,0.7720177396314952
AST-009291,0.4317267042557083,0.8126532855541755,0.9831467922803795,0.7425089273634211
AST-009292,0.7774513705861019,0.6426994743979095,0.8255130381926041,0.7485546277255386
AST-009293,0.7664797605077093,0.5444952629825287,0.8479687566602239,0.7196479267168207
AST-009294,0.6244731320424451,0.9023856819017528,0.872683710136292,0.79984750802683
AST-009295,0.4635771843618823,0.49826605887959197,0.33220364156040166,0.43134896160062536
AST-009296,0.3795103638636007,0.47068058803339313,0.4796154117665288,0.4432687878878409
AST-009297,0.9254760559243634,0.2851796243895945,0.19832260183919462,0.46965942738438415
AST-009298,0.2955911314786813,0.5266094365972913,0.9617303904764722,0.5946436528508149
AST-009299,0.20572147879381358,0.641565333257283,0.6551263204429413,0.5008043774980125
AST-009300,0.8856116295682726,0.4129298438247045,0.9287953716297884,0.7424456150075884
AST-009301,0.4419514911862613,0.6720175720230396,0.6923718200953907,0.6021136277682305
AST-009302,0.6986892232281233,0.49004006933477356,0.6777420894899825,0.6221571273509597
AST-009303,0.5590700015717797,0.7315274792213214,0.9693830055739354,0.7533268287890121
AST-009304,0.2797953449458801,0.8150712001509054,0.5914630079670578,0.5621098510212811
AST-009305,0.0,0.7277466419255046,0.9434127477507844,0.5570531298920963
AST-009306,0.7871579871542524,0.8230088286787585,0.8204279118340672,0.8101982425556926
AST-009307,0.5216042980080201,0.23082814390865528,0.8483864660702394,0.5336063026623049
AST-009308,0.2726728125178768,0.3984937320052472,0.8907388247953842,0.5206351231061693
AST-009309,0.6331642323593327,0.8980639111659121,0.8152351856211417,0.7821544430487956
AST-009310,0.4450390960359795,0.8644701393453957,0.8698652801559886,0.726458171845788
AST-009311,0.1880788235542364,0.015300152455707811,0.41258835576358127,0.2053224439245085
AST-009312,0.36785747904233657,0.4581641454062673,0.9305645539961926,0.5855287261482655
AST-009313,0.1963640915236443,0.7378222392730422,0.8079847751882253,0.5807237019949706
AST-009314,0.0,0.9080976424767846,0.37767858904919677,0.4285920771753271
AST-009315,0.9287688329422606,0.7689821928449108,0.9182787447086947,0.8720099234986219
AST-009316,0.48234085022875867,0.6726833497058551,0.8365061707119804,0.6638434568821981
AST-009317,0.7927142877751742,0.8954849995829579,0.6728523096280346,0.7870171989953888
AST-009318,0.8271597513151857,0.018974259691819387,0.4870574807355326,0.44439716391417927
AST-009319,0.20033314585389259,0.44540165953218785,0.7881553201895268,0.47796337519186904
AST-009320,0.47132430579728524,0.8424078368603398,0.9280783390160914,0.7472701605579055
AST-009321,0.0,0.9362777933013109,0.3650951552166349,0.4337909828393152
AST-009322,0.0,0.3788257100656553,0.5668076734196689,0.31521112782844135
AST-009323,0.6868492849286978,0.3563885543164905,0.8036028528707894,0.6156135640386592
AST-009324,0.3699431594595294,0.1640890146904449,0.8601676906267781,0.46473328825891747
AST-009325,0.9273068443824889,0.6992497858570215,0.9307693482804708,0.8524419928399937
AST-009326,0.9253375376296914,0.540930023504548,0.9690953409289389,0.8117876340210595
AST-009327,0.3941521598806467,0.8258409911206421,0.9785143021687809,0.7328358177233566
AST-009328,0.6338644786142502,0.6411876956681762,0.8515454384674072,0.7088658709166111
AST-009329,0.2839809491721839,0.8639015410139695,0.6855488183739008,0.6111437695200181
AST-009330,0.4757713235124274,0.6156376394838599,0.5464570579376303,0.5459553403113059
AST-009331,0.5212335207677052,0.9164838469121674,0.9470826377589486,0.7949333351462737
AST-009332,0.7938928230525883,0.8350921001985309,0.7937089350880762,0.8075646194463983
AST-009333,0.5528851022558519,0.5660994153558364,0.9086570017147716,0.6758805064421534
AST-009334,0.7896306953261045,0.7885740974704347,0.9357427481777794,0.8379825136581062
AST-009335,0.7423254627525383,0.5956243168207692,0.8714754521551092,0.7364750772428056
AST-009336,0.8296486605820836,0.559907305824205,0.7875975584567433,0.7257178416210106
AST-009337,0.62714392479706,0.4321939547509629,0.8560801850189486,0.6384726881889905
AST-009338,0.6723192692807766,0.35206290607393265,0.7635700109570819,0.5959840621039304
AST-009339,0.4397495298811271,0.6106334761813587,0.8396667344431539,0.6300165801685466
AST-009340,0.584932016550165,0.5670416492007629,0.8193886696992795,0.6571207784834026
AST-009341,0.0,0.7504673752906761,0.6646833485847649,0.47171690795848037
AST-009342,0.5087007294449529,0.5916978682884412,0.3068811325113877,0.4690932434149273
AST-009343,0.8937133604820224,0.7401045616631112,0.8687117963559647,0.8341765728336995
AST-009344,0.30456842234448633,0.6414023932137589,0.9795886956278496,0.6418531703953649
AST-009345,0.8773005355482006,0.9604565757482534,0.6642703752928928,0.834009162196449
AST-009346,0.7753358267308589,0.8310523958005388,0.42394347249423103,0.6767772316752095
AST-009347,0.3859049343949628,0.5411064992172101,0.9313282546069224,0.6194465627396984
AST-009348,0.2418365914284685,0.6469633760217002,0.8697966389718231,0.5861988688073306
AST-009349,0.7335781926318606,0.6902027357749787,0.29587085327370927,0.5732172605601829
AST-009350,0.609969827913811,0.6360943958977293,0.47819295767415654,0.5747523938285657
AST-009351,0.29050856739473524,0.8723889008800054,0.4935319553274089,0.5521431412007165
AST-009352,0.830069768570246,0.46502481317784466,0.7833357022511376,0.6928100946664094
AST-009353,0.0,0.22002167687239313,0.6990850333835238,0.306368903418639
AST-009354,0.8437168604024131,0.446982779192735,0.5378926090460625,0.6095307495470702
AST-009355,0.6181861734091979,0.3137345381714189,0.9999000375065534,0.6439402496957234
AST-009356,0.7452581930898025,0.7034513443093114,0.9963920055625761,0.8150338476538966
AST-009357,0.4307540028331856,0.5714657695897265,0.5284729059036163,0.5102308927755095
AST-009358,0.23842067125582947,0.32924492521263676,0.46912246991370266,0.34559602212738966
AST-009359,0.6424875456737322,0.6324557436464874,0.9682093926124511,0.7477175606442236
AST-009360,0.6057738767991285,0.07919157081823924,0.9047571012012107,0.5299075162728595
AST-009361,0.4719505987369196,0.8153011284270677,0.7087010982336843,0.6653176084658905
AST-009362,0.3815529379835527,0.6960076525129811,0.814380636043457,0.6306470755133303
AST-009363,0.6935055383529233,0.21536726188851424,0.9955355015789386,0.6348027672734586
AST-009364,0.5153756929938993,0.716272235070965,0.49127988693081576,0.5743092716652266
AST-009365,0.6573986611107075,0.9675645554132017,0.9986255938859697,0.8745296034699597
AST-009366,0.09930910801428643,0.6472486407037035,0.7724814817420794,0.5063464101533565
AST-009367,0.0,0.7932744352988641,0.6619102906049183,0.4850615753012608
AST-009368,0.5179346240772873,0.3007310485977665,0.9547226090987688,0.5911294272579409
AST-009369,0.23827973491315022,0.5321134602829708,0.5323008346436189,0.43423134327991325
AST-009370,0.15036243737788213,0.683356184962957,0.7449928094019034,0.5262371439142476
AST-009371,0.44429501914488134,0.6186229868933327,0.9286569059504787,0.663858303996231
AST-009372,0.29378159195327636,0.38675252228021023,0.33739693793879016,0.33931035072409227
AST-009373,0.3821508133590045,0.33171423731184485,0.6400100268831607,0.45129169251800333
AST-009374,0.439531992826904,0.706067487435047,0.911935303777196,0.685844928013049
AST-009375,0.0,0.6612965299099326,0.48999837391937334,0.38376496794310194
AST-009376,0.6857448014645394,0.08009343551764513,0.9534077629949139,0.5730819999923661
AST-009377,0.6840024809493078,0.6120780224211855,0.7091167035715598,0.6683990689806842
AST-009378,0.6253188919389223,0.9573678189513609,0.7620243105189871,0.7815703404697568
AST-009379,0.5645018884810259,0.6150634445017832,0.7444910354265483,0.6413521228031192
AST-009380,0.530122332737967,0.4839033363292765,0.7500660269929986,0.588030565353414
AST-009381,0.5999286191122579,0.4084145698572332,0.9473595766796571,0.6519009218830494
AST-009382,0.6831785435888277,0.718912219901489,0.8852152678250439,0.7624353437717869
AST-009383,0.2958862183180619,0.14377043227816583,0.4548977781769349,0.2981848095910542
AST-009384,0.29183496688328336,0.6396369987309031,0.47999598603311694,0.4704893172157678
AST-009385,0.5600122827142993,0.594997284998295,0.9264975973307642,0.6938357216811194
AST-009386,0.9395559525467472,0.5742309735125398,0.9373466990038958,0.8170445416877277
AST-009387,0.5340002085059581,0.7282178910788356,0.825792596338273,0.6960035653076888
AST-009388,0.8439384778589314,0.7679100076464179,0.9268021898937882,0.8462168917997125
AST-009389,0.4950548152079719,0.5786565347166409,0.8672555620192095,0.6469889706479407
AST-009390,0.0,0.2868779443409946,0.30767213999571563,0.19818336144557006
AST-009391,0.803071597080038,0.7447014136178943,0.9780890459904872,0.8419540188961397
AST-009392,0.0,0.47104851276964727,0.9988975392630001,0.48998201734421576
AST-009393,0.630195570589238,0.7417069039705886,0.5128995320052168,0.6282673355216811
AST-009394,0.32994930636002207,0.05175720863091469,0.5648661109565531,0.3155242086491633
AST-009395,0.730255596749537,0.7058607773792114,0.9298114886822696,0.788642620937006
AST-009396,0.14590690598727063,0.8972000747278239,0.754700994197334,0.5992693249708095
AST-009397,0.5885031524066185,0.7475093673596517,0.3674307998230669,0.5678144398631124
AST-009398,0.0,0.35116912415755963,0.7765034105333344,0.37589084489696467
AST-009399,0.5413404444687521,0.9886387226869411,0.9850451468475416,0.8383414380010783
AST-009400,0.6590761953130336,0.662080833949484,0.8646775753491953,0.728611534870571
AST-009401,0.5863079029636511,0.40499291989977204,0.8931913425159209,0.628164055126448
AST-009402,0.5036320251761828,0.3532606876352997,0.5285254220860081,0.46180604496583016
AST-009403,0.32099320116444235,0.8563569511389272,0.9582079241195357,0.7118526921409685
AST-009404,0.9205096192927785,0.5244073673665243,0.8486177650628315,0.7645115839073782
AST-009405,0.0,0.3622490698870938,0.829553617048497,0.39726756231186355
AST-009406,0.7560255720566945,0.6589369221349936,0.9867093733474668,0.8005572891797182
AST-009407,0.8283772236601047,0.4456678812846986,0.9473220874095452,0.7404557307847828
AST-009408,0.7548217590414367,0.40271031136323615,0.7509755990592106,0.6361692231546278
AST-009409,0.6148010153452966,0.6382221182863123,0.9958991870359638,0.7496407735558576
AST-009410,0.6314802525081995,0.33251689845170007,0.9129629752563104,0.6256533754054033
AST-009411,0.2675091534608693,0.6783347068398724,0.7727882571991074,0.5728773724999497
AST-009412,0.6529875676253579,0.863804149271441,0.8811308329198814,0.79930751660556
AST-009413,0.5055879750719262,0.7640781839637045,0.8702760120941354,0.7133140570432555
AST-009414,0.43716446118923835,0.06430281211917518,0.4938031918683524,0.3317568217255887
AST-009415,0.667838309822305,0.28663369199244576,0.4296247482717661,0.4613655833621723
AST-009416,0.010209596595208047,0.7204374029206679,0.48277644336019787,0.40447448095869126
AST-009417,0.4130529264264353,0.5570982005837005,0.7660412851977312,0.578730804069289
AST-009418,0.3125507114411764,0.3739558055734379,0.8622258711695506,0.5162441293947216
AST-009419,0.5805657467368818,0.25380928436262984,0.7469711246056673,0.5271153852350596
AST-009420,0.7725465175621523,0.1646901897431009,0.8264787498658984,0.5879051523903839
AST-009421,0.8124523045051893,0.3858329760360907,0.8220589926374137,0.6734480910595645
AST-009422,0.7772486661776826,0.4013697289449162,0.967000601841064,0.7152063323212209
AST-009423,0.27101374688593005,0.46045937322780967,0.728482184123365,0.48665176807903493
AST-009424,0.8053335649708956,0.5034750267270345,0.7184299523483074,0.6757461813487459
AST-009425,0.0,0.27285916167684293,0.4235634461593568,0.23214086927873323
AST-009426,0.744566052004806,0.48183382095008903,0.9032898260058317,0.7098965663202422
AST-009427,0.1070715672767212,0.21471216016115297,0.4895091482382094,0.27043095855869453
AST-009428,0.7417220374000698,0.7473206002885616,0.9257894818100691,0.8049440398329001
AST-009429,0.769823135902164,0.5994483721385574,0.8984544830520725,0.755908663697598
AST-009430,0.34254423837448694,0.5268430161945536,0.8350178508347286,0.5681350351345897
AST-009431,0.45969410545619804,0.6781116589256042,0.7796143896131791,0.6391400513316604
AST-009432,0.5093348671009742,0.4602747376305671,0.6808908556780332,0.5501668201365248
AST-009433,0.9469991965362142,0.7229923137486804,0.46658964519224894,0.7121937184923812
AST-009434,0.8283015661841356,0.45406484562295407,0.5615629116595456,0.6146431078222118
AST-009435,0.7140399490472581,0.24940354306975326,0.9987367935725046,0.6540600952298387
AST-009436,0.5547853216310209,0.7067998484509822,0.9650248732170299,0.7422033477663442
AST-009437,0.7699221488744264,0.7674146592680648,0.9978375882099694,0.8450581321174869
AST-009438,0.6829222663693355,0.49868652597629204,0.6310253018767714,0.6042113647407996
AST-009439,0.7231421702215891,0.40745156967409896,0.6746449887330253,0.6017462428762378
AST-009440,0.338308489407272,0.38815196749132586,0.3879292806591902,0.371463245852596
AST-009441,0.6959988987551291,0.6515509401400723,0.6054573128833795,0.6510023839261936
AST-009442,0.694634554621415,0.7420312518149461,0.949135646081346,0.7952671508392357
AST-009443,0.28510575260885257,0.34742214440350333,0.8554000869501797,0.49597599465417846
AST-009444,0.6108225252543897,0.6054718032507422,0.9395632621780604,0.7186191968943975
AST-009445,0.29201738095544316,0.13880802738335316,0.7750714932273914,0.4019656338553959
AST-009446,0.767003038878459,0.6306829758127981,0.8607257217208134,0.7528039121373569
AST-009447,0.0,0.6063683619307058,0.8097158062152674,0.4720280560486578
AST-009448,0.7994469419235394,0.44878837251562914,0.7540258058594064,0.6674203734328583
AST-009449,0.6110149911307231,0.4812827591363752,0.873240052116143,0.6551792674610805
AST-009450,0.6821043504149744,0.8068370347116067,0.8147140751522294,0.7678851534262702
AST-009451,0.8032969814612818,0.7239519878907322,0.2002140847322019,0.575821018028072
AST-009452,0.15687604318504275,0.5551577544018621,0.8160354145559701,0.5093564040476249
AST-009453,0.5403704281996656,0.4275431764380059,0.8060816000538276,0.5913317348971664
AST-009454,0.7392310615345679,0.7974228099550089,0.6835109739620999,0.7400549484838922
AST-009455,0.0,0.492782804041574,0.65146625919922,0.381416354413598
AST-009456,0.8274548112027348,0.651239839124009,0.8990450816561436,0.7925799106609625
AST-009457,0.25652556600377174,0.2302642178867689,0.7155608079067223,0.4007835305990876
AST-009458,0.8984778757366833,0.46860045263624633,0.7833660076527827,0.7168147786752375
AST-009459,0.0,0.4943844405173095,0.46095677561612175,0.3184470720444771
AST-009460,0.9236942211973851,0.637018518830801,0.6033204474613848,0.721344395829857
AST-009461,0.7023651105287393,0.5224304403248466,0.4882215106863702,0.5710056871799853
AST-009462,0.6704590197921155,0.8901478258238236,0.9705928086802892,0.8437332180987428
AST-009463,0.858306704464661,0.46662943485877373,0.9558840205264825,0.760273386616639
AST-009464,0.8315652282958705,0.6228658069209707,0.9612859502384078,0.8052389951517497
AST-009465,0.0,0.8307765871863805,0.8445537325557879,0.5584434399140562
AST-009466,0.5674511925588627,0.4623940426068386,0.9529320831130526,0.6609257727595846
AST-009467,0.6660292700792955,0.6844352042763293,0.7298323219928549,0.6934322654494931
AST-009468,0.35842659014145173,0.5926193505693735,0.8178186370011826,0.5896215259040026
AST-009469,0.7630172032733715,0.7310933502483963,0.7473944082363352,0.7471683205860343
AST-009470,0.5739960701191008,0.9916054385767072,0.9941502912057101,0.8532505999671728
AST-009471,0.6002424086072119,0.4549387666693462,0.5951009059196888,0.5500940270654157
AST-009472,0.0,0.7970134882945783,0.896954567063664,0.5646560184527475
AST-009473,0.38181996512986527,0.8216224798667422,0.6969243196965509,0.6334555882310527
AST-009474,0.39812538696992106,0.6652237963931646,0.9784004899554399,0.6805832244395086
AST-009475,0.7735987424831265,0.9014370927821409,0.9109671076656147,0.8620009809769608
AST-009476,0.20724499915484051,0.3210074030959435,0.6024512722931028,0.37690122484796224
AST-009477,0.33743288140407857,0.318025924612229,0.8906332538360145,0.515364019950774
AST-009478,0.559626650298409,0.08157639096331985,0.7569533391036974,0.4660521267884754
AST-009479,0.7058301768548241,0.8146093258428926,0.7207499621017364,0.747063154933151
AST-009480,0.17634352463387462,0.7861528441488328,0.4320764601745071,0.46485760965240486
AST-009481,0.605682253267454,0.5461288633950022,0.9570129806967592,0.7029413657864051
AST-009482,0.7409220645620037,0.6331387929394495,0.63350076969443,0.6691872090652944
AST-009483,0.6428813241320077,0.8958251368768734,0.7204575591114146,0.7530546733734319
AST-009484,0.0,0.14418855171000514,0.3841592291604026,0.1761159269568026
AST-009485,0.0,0.8426443442340796,0.7431762028637984,0.528606849032626
AST-009486,0.5624263515257848,0.4534952658395958,0.9327612107490929,0.6495609427048246
AST-009487,0.47395805024285076,0.552729268301815,0.18383284684536713,0.4035067217966776
AST-009488,0.42106418820412106,0.2654944164794169,0.6557510589295239,0.44743655453768727
AST-009489,0.5687576003739557,0.6979946538173287,0.8101617040781771,0.6923046527564871
AST-009490,0.0,0.17937016414189025,0.3316310423550685,0.17033373549898626
AST-009491,0.8172762479066693,0.6530740171662174,0.6094346722067768,0.6932616457598878
AST-009492,0.8669126853727147,0.8520967869852784,0.9920355909423361,0.9036816877667763
AST-009493,0.702396395360272,0.5262041738145833,0.6992487432457397,0.6426164374735317
AST-009494,0.7786788894978293,0.5851569928958318,0.8358435471289989,0.7332264765075532
AST-009495,0.5845937314643103,0.3622745629065441,0.804881448515854,0.5839165809622361
AST-009496,0.2535866346140059,0.3402620780810072,0.8394405737132612,0.47776309546942475
AST-009497,0.6669176450231866,0.8070528791758432,0.856378733258486,0.7767830858191719
AST-009498,0.4254404927607064,0.39907831792601917,0.8977118485836723,0.574076886423466
AST-009499,0.2668731686525738,0.3665935544312503,0.6139326224691865,0.4157997818510035
AST-009500,0.49568119100612523,0.8147781565755656,0.9193565812135404,0.7432719762650771
AST-009501,0.706289423527162,0.6323420345102376,0.5929654313471235,0.643865629794841
AST-009502,0.0,0.5440937265217601,0.6603486179311455,0.40148078148430183
AST-009503,0.0,0.5459981801637942,0.9760984237268369,0.5073655346302104
AST-009504,0.0,0.5334476669480367,0.868216882146675,0.4672215163649039
AST-009505,0.8125978215105113,0.5632534284790726,0.6235508192538136,0.6664673564144659
AST-009506,0.9021925408082987,0.6495678108732611,0.9563139171257589,0.8360247562691061
AST-009507,0.5862267695809045,0.8719053567229024,0.9569314285275483,0.805021184943785
AST-009508,0.7084596553585746,0.6066335349802808,0.2323294553598446,0.5158075485662333
AST-009509,0.3188333756106036,0.1030244514888195,0.43851748867793616,0.2867917719257864
AST-009510,0.6608711983111895,0.91635916235972,0.8917443850757651,0.8229915819155581
AST-009511,0.4307290221954121,0.8978959806081386,0.5207884997409465,0.6164711675148324
AST-009512,0.4954778625908298,0.1635350851083327,0.34493370166433285,0.33464888312116514
AST-009513,0.3996850171082115,0.3887208559256483,0.944667125531708,0.577690999521856
AST-009514,0.5092861712391931,0.4836938746910434,0.8912865368859192,0.6280888609387185
AST-009515,0.7991048075809992,0.34183513984088615,0.8332642982448892,0.6580680818889248
AST-009516,0.8146171657241501,0.1651377932432599,0.4407258046097464,0.4734935878590521
AST-009517,0.5763768679348953,0.5152654596041919,0.24763063830156098,0.4464243219468827
AST-009518,0.773356475770639,0.6032370833506814,0.3898925945242048,0.5888287178818418
AST-009519,0.0,0.6112733849378955,0.928088767041002,0.5131207173262992
AST-009520,0.6627520297208936,0.4384313520026575,0.8831361785768417,0.6614398534334643
AST-009521,0.6448325202168004,0.7093190285994069,0.8798527683275286,0.7446681057145786
AST-009522,0.331935297614717,0.3453966039219996,0.8264812182164484,0.5012710399177217
AST-009523,0.4799060172984406,0.572802687516542,0.7563068911210491,0.6030051986453439
AST-009524,0.33689178838343264,0.3916370650885498,0.2691363543233853,0.3325550692651226
AST-009525,0.42389058341019314,0.14709864567092212,0.6623901183083216,0.41112644912981233
AST-009526,0.9148569398279838,0.3430407229120393,0.9332084901157494,0.7303687176185908
AST-009527,0.7550666672479409,0.44087431960982215,0.9350749645988822,0.7103386504855483
AST-009528,0.3102809662568487,0.8324294523551302,0.9154330271703345,0.6860478152607712
AST-009529,0.7957727667580771,0.5630731685436333,0.9729909584055034,0.7772789645690713
AST-009530,0.5660831794797037,0.9371510484274865,0.7329175657913681,0.7453839312328528
AST-009531,0.5221509662267261,0.8748448434513193,0.9683961937345189,0.7884640011375215
AST-009532,0.5801520130908769,0.4732785666010966,0.609626129771355,0.5543522364877762
AST-009533,0.8698182333301976,0.5987122080569999,0.8727391524262523,0.7804231979378166
AST-009534,0.24149264061424391,0.1968812520607597,0.8117859387755232,0.41671994381684224
AST-009535,0.90037281215416,0.5480763558818632,0.74309205037692,0.7305137394709811
AST-009536,0.32669161764317495,0.3441453948985683,0.7000456589364922,0.4569608904927452
AST-009537,0.5137831202476703,0.6091742055957621,0.7725202898970424,0.6318258719134916
AST-009538,0.3852994138272678,0.3134047059852604,0.7809370640019324,0.4932137279381535
AST-009539,0.5289628572557277,0.4387129972626367,0.9637537279298968,0.643809860816087
AST-009540,0.6519624829768318,0.48724569282811214,0.8438872625054166,0.6610318127701201
AST-009541,0.33071394624185957,0.37737881390892725,0.5909453133707825,0.4330126911738564
AST-009542,0.747482290512393,0.3975087839078856,0.6244729786535914,0.5898213510246233
AST-009543,0.5750298007129323,0.5573673031005841,0.7867941060117709,0.6397304032750958
AST-009544,0.32214401546331883,0.49450605433661615,0.9143610746539979,0.5770037148179776
AST-009545,0.3306477581186797,0.6450910566718496,0.6637746760692055,0.5465044969532449
AST-009546,0.568108643546631,0.32761486216954805,0.846265699986619,0.5806630685675994
AST-009547,0.8683539615404587,0.8798281821540955,0.8585414199458855,0.8689078545468133
AST-009548,0.5628973192016216,0.23959377259845868,0.2914876863007909,0.3646595927002904
AST-009549,0.39069201830379513,0.5583523027310803,0.831072274791656,0.5933721986088437
AST-009550,0.0,0.7825024589430546,0.6518812251430044,0.47812789469535294
AST-009551,0.774500831879397,0.932279718023102,0.861185176045534,0.8559885753160111
AST-009552,0.7381771523520392,0.42699360680204596,0.924794992034082,0.6966552503960557
AST-009553,0.0,0.11026781771756058,0.6458589705500428,0.2520422627558678
AST-009554,0.22315866462220085,0.6778016454885694,0.4588380249255596,0.4532661116787766
AST-009555,0.35725672809885883,0.8280063699125386,0.9742849911387436,0.719849363050047
AST-009556,0.7202723611328431,0.4920318466919685,0.940110387159811,0.7174715316615409
AST-009557,0.0,0.6353002016400329,0.7244086683034316,0.45323628998115484
AST-009558,0.3830489220411608,0.5328391923264814,0.9271299397023469,0.6143393513566631
AST-009559,0.8186946921167634,0.7813408114729017,0.6370360264271612,0.7456905100056087
AST-009560,0.5806039316874702,0.3855140971456309,0.7403337760829956,0.5688172683053655
AST-009561,0.5058264129933795,0.3878368431622051,0.7621752125889029,0.5519461562481625
AST-009562,0.32631824402070975,0.556017630057931,0.45638219808959385,0.4462393573894115
AST-009563,0.6319365729598405,0.6193583423269725,0.9839458644332958,0.745080259906703
AST-009564,0.7416587974835647,0.38086943827344266,0.6749573185115946,0.5991618514228673
AST-009565,0.6376688737975493,0.5281340187246999,0.8953509662774295,0.6870512862665595
AST-009566,0.1863281199272028,0.4125468138899169,0.602644080291301,0.4005063380361402
AST-009567,0.5757045859749109,0.7068584002268067,0.9655605305312067,0.7493745055776415
AST-009568,0.39883518376016375,0.1840824756766381,0.9533286338644376,0.5120820977670798
AST-009569,0.5103143499293641,0.8002312038326695,0.9823542772368729,0.7642999436663022
AST-009570,0.6096019778632628,0.7497307003871956,0.8713882624426958,0.7435736468977181
AST-009571,0.7312549224326094,0.6738835623591061,0.9452599348762166,0.7834661398893107
AST-009572,0.20019624881511214,0.16287967419622587,0.8971838998514216,0.4200866076209198
AST-009573,0.9233662439487477,0.7398661318785048,0.9263217699078051,0.8631847152450192
AST-009574,0.30943685857458103,0.7659137376945938,0.8422143416791836,0.6391883126494528
AST-009575,0.3416844535974936,0.5837646933881944,0.5449903906861838,0.4901465125572906
AST-009576,0.45233096355963837,0.5899255085602676,0.3309506700604594,0.45773571406012176
AST-009577,0.6969133367131152,0.9710097719423441,0.9329044933321532,0.8669425339958708
AST-009578,0.39087863700309544,0.49919484183679036,0.6414683318326441,0.5105139368908432
AST-009579,0.0,0.5191628702381803,0.9021909074877812,0.4737845925753205
AST-009580,0.89194742648296,0.9126088753347836,0.5170879050430981,0.7738814022869471
AST-009581,0.36086901791046416,0.6463829862770444,0.49880094923213225,0.5020176511398803
AST-009582,0.18070287256519704,0.834882890406604,0.5690925703984347,0.5282261111234119
AST-009583,0.8333238896035806,0.2644495737635982,0.6852305752496979,0.5943346795389589
AST-009584,0.3818425348334822,0.38006249487739463,0.5972265575305338,0.45304386241380357
AST-009585,0.53606487030362,0.4948660014065718,0.8842812794450399,0.6384040503850772
AST-009586,0.806690443986971,0.543493937702755,0.7923214110004628,0.7141685975633963
AST-009587,0.7802592318668778,0.8416119706263446,0.8584472817377629,0.8267728280769951
AST-009588,0.6419754560962425,0.2705065819187477,0.9603317775954849,0.6242712718701584
AST-009589,0.7624850485704036,0.7454859113648088,0.7491323740334122,0.7523677779895416
AST-009590,0.5225864047621667,0.8244946830135866,0.9693965308578512,0.7721592062112016
AST-009591,0.6332573446379615,0.45579232423155447,0.9949157389333586,0.6946551359342915
AST-009592,0.0,0.663740131705887,0.9211512927859211,0.5282971414972694
AST-009593,0.2576635459249759,0.7175981770846402,0.8748271871341355,0.6166963033812506
AST-009594,0.7027916577017742,0.5984851507512862,0.4992538253242829,0.6001768779257811
AST-009595,0.7920396421508087,0.44710559330163824,0.8514588531632152,0.6968680295385541
AST-009596,0.9023674246166192,0.5874799552457742,0.8095249076698049,0.7664574291773995
AST-009597,0.0,0.8994518711724389,0.9276362635502747,0.6090293782409045
AST-009598,0.0,0.22606246859384457,0.30464279461640653,0.17690175440341704
AST-009599,0.5860086787193809,0.7791143551246652,0.8325196108731101,0.7325475482390521
AST-009600,0.5870194793501134,0.44239584598555104,0.9674637367014899,0.6656263540123848
AST-009601,0.533712774497671,0.6852648616800657,0.993265099296951,0.7374142451582292
AST-009602,0.26626908148194245,0.6722736739916388,0.6671936378300923,0.5352454644345578
AST-009603,0.7905539110469091,0.8868359485875376,0.8830336088660113,0.8534744895001527
AST-009604,0.6498067944703033,0.5731023338427675,0.9759840834502223,0.7329644039210977
AST-009605,0.6664712213076164,0.9797769754351286,0.6688628609608024,0.7717036859011825
AST-009606,0.8511366492221372,0.198675014829951,0.8464045074761044,0.6320720571760642
AST-009607,0.3122812823674407,0.8147759404420075,0.9488555344477557,0.6919709190857346
AST-009608,0.0,0.6771517081253936,0.29297528625670965,0.3233756647940344
AST-009609,0.9358753175340451,0.8117388542794034,0.8895814605089793,0.8790652107741425
AST-009610,0.41869159459540234,0.689017195738313,0.3605855262298058,0.48943143885450696
AST-009611,0.4671520090641029,0.18916455543887892,0.9521491044844603,0.5361552229958141
AST-009612,0.0,0.5527964676457298,0.6782649538374659,0.41035380716106523
AST-009613,0.7306286268731894,0.21421352667941151,0.8861010038350572,0.610314385795886
AST-009614,0.36650876928437165,0.6938674599354762,0.6312392414003165,0.5638718235400547
AST-009615,0.47433880514439364,0.23430461451393286,0.9559228436187773,0.554855421092368
AST-009616,0.12583558428469266,0.8514677206704405,0.7624419867497351,0.5799150972349562
AST-009617,0.988835243351675,0.5100636848598541,0.7366842814591138,0.7451944032235476
AST-009618,0.7317982426226801,0.7700435585765633,0.6977107645182125,0.7331841885724852
AST-009619,0.44980697922689816,0.4000067239570711,0.896144023177317,0.5819859087870954
AST-009620,0.6714882563505039,0.0808304345681874,0.4285027466900496,0.3936071458695803
AST-009621,0.17520010666614472,0.8366831754483424,0.589638440650724,0.5338405742550704
AST-009622,0.311945504408922,0.6458708251461195,0.5811197179631181,0.5129786825060533
AST-009623,0.9010551910687252,0.30928825027809226,0.7345718015155824,0.6483050809541333
AST-009624,0.7293090425545972,0.6126775871356587,0.7408082378945,0.6942649558615853
AST-009625,0.0,0.3297257609170658,0.6680946535028126,0.33260680480662613
AST-009626,0.37415642090654583,0.4436878521677468,0.7349769635604789,0.5176070788782572
AST-009627,0.39473414594260225,0.45843542760352274,0.31065938437397866,0.3879429859733679
AST-009628,0.5007245397107409,0.2920407985914785,0.9873498820196318,0.5933717401072838
AST-009629,0.6650030605068311,0.7132336513859919,0.9946522600609745,0.7909629906512659
AST-009630,0.5287384430204825,0.40863769171781045,0.6321699054420983,0.5231820133934638
AST-009631,0.0,0.22067069838791187,0.9152682957427494,0.3786463313768871
AST-009632,0.0,0.7241987808142493,0.85639973595868,0.5268661722576431
AST-009633,0.0,0.46508350858824066,0.8879887807375361,0.4510240964419256
AST-009634,0.2870618834055021,0.10575052085932529,0.44690558873071895,0.2799059976651821
AST-009635,0.6093978501219077,0.44365418397482403,0.968450645570133,0.6738342265556216
AST-009636,0.9193587654268287,0.18582671597411615,0.9969515051231669,0.7007123288413707
AST-009637,0.7879278138479087,0.7208084434416846,0.9044769523761035,0.8044044032218989
AST-009638,0.8190386042499267,0.6567944270523464,0.8247366968020436,0.7668565760347722
AST-009639,0.8706602884432149,0.8278946321164546,0.682918670650448,0.7938245304033725
AST-009640,0.20846155454804627,0.19158055429006474,0.41778982208314486,0.2726106436404186
AST-009641,0.662472854473644,0.786350509416851,0.8603633220043336,0.7697288952982762
AST-009642,0.7857575174158188,0.22631798009913945,0.9593503683296037,0.6571419552815206
AST-009643,0.6274216628135855,0.6112018501215456,0.946049081121282,0.7282241980188043
AST-009644,0.033905441187693036,0.5566393647253157,0.35925266471506395,0.31659915687602425
AST-009645,0.5498064718729969,0.7047368424891263,0.6341502025567783,0.6295645056396338
AST-009646,0.39659518966903456,0.8749887901312867,0.6232055185329646,0.6315964994444286
AST-009647,0.773719120851572,0.6748225973809937,0.7459811395952465,0.7315076192759374
AST-009648,0.8022789157250729,0.7705014926063044,0.9744426589074753,0.8490743557462842
AST-009649,0.3982182522356584,0.5587971527296873,0.9725928621388289,0.6432027557013915
AST-009650,0.0,0.5711488865018276,0.5760536316669786,0.38240083938960207
AST-009651,0.4720879539210164,0.8714346766922946,0.9316292653733185,0.7583839653288765
AST-009652,0.18120466425339918,0.3644659578573897,0.8011605670281676,0.44894372971298546
AST-009653,0.78142121645344,0.5354712912899253,0.5749406494669586,0.6306110524034413
AST-009654,0.3043285078036614,0.20198361908066076,0.4292830827431887,0.31186506987583695
AST-009655,0.2627799006503524,0.5910596694653177,0.6523928816408678,0.502077483918846
AST-009656,0.652928961029693,0.7025437745644674,0.9299693734486922,0.7618140363476176
AST-009657,0.40475379408665807,0.4268703518943458,0.795499534401791,0.5423745601275983
AST-009658,0.9995909194715149,0.5375349509787227,0.7969305778362131,0.7780188160954836
AST-009659,0.480033083688508,0.401211753998929,0.515167340729812,0.46547072613908297
AST-009660,0.5668787634941834,0.19551290750781294,0.5118362228963874,0.42474263129946127
AST-009661,0.2682449497342999,0.7470780842428382,0.4553889285557026,0.49023732084428023
AST-009662,0.5497867452125806,0.40970584013927647,0.7969957346351031,0.58549610666232
AST-009663,0.39235455187558954,0.6361135489165817,0.667064392758838,0.5651774978503364
AST-009664,0.7714410999300659,0.7019037951004874,0.8937099968912945,0.7890182973072827
AST-009665,0.6804313647934008,0.7041179306591105,0.5619819111733605,0.6488437355419573
AST-009666,0.3622405570157651,0.5737416276271157,0.7051166116683647,0.5470329321037485
AST-009667,0.6700481757813221,0.6860815382395025,0.7843852255589056,0.71350497985991
AST-009668,0.5647150625780122,0.8079445146133545,0.8420674585181568,0.7382423452365079
AST-009669,0.4278227409479661,0.3783359289285773,0.6377367342753723,0.48129846805063853
AST-009670,0.37755476458250276,0.8466287688189222,0.528069918985202,0.5840844841288756
AST-009671,0.5279059404692248,0.5162438292914999,0.8119271640803867,0.6186923112803705
AST-009672,0.5152449878290151,0.7398238012638119,0.6030652769791346,0.6193780220239872
AST-009673,0.0,0.4393506306683021,0.643290881653519,0.36088050410727374
AST-009674,0.7493633608131487,0.5525504302759066,0.7591027026441195,0.6870054979110582
AST-009675,0.705453625688032,0.6772250268002922,0.869782645452822,0.7508204326470488
AST-009676,0.7607678704100089,0.3589989115623618,0.4398491621515085,0.5198719813746263
AST-009677,0.4079922251470171,0.3617035707809646,0.674820009559198,0.48150526849572656
AST-009678,0.7612409659276369,0.6424354518297644,0.4816521160837636,0.6284428446137217
AST-009679,0.49347618355668305,0.6342932347176213,0.8854069204830639,0.6710587795857895
AST-009680,0.3329418790517677,0.4784089173127202,0.6301739679184122,0.4805082547609667
AST-009681,0.7059191051323408,0.831448015215314,0.9591516632057236,0.8321729278511261
AST-009682,0.5154553854170519,0.4173494426917898,0.8100182743927518,0.5809410341671978
AST-009683,0.0,0.6747262043878642,0.9092083147407453,0.5279781730428699
AST-009684,0.6465328331587031,0.7770804668525563,0.6845969545496537,0.7027367515203045
AST-009685,0.0,0.5965324591296866,0.9592012341679134,0.5185778977658666
AST-009686,0.0,0.6848041721039339,0.8806168338545801,0.5218070019861712
AST-009687,0.4659212105359119,0.5282973424974307,0.47145734056545496,0.48855863119959914
AST-009688,0.07868663426537546,0.8303804310756169,0.9527435322918896,0.620603532544294
AST-009689,0.6842902963689366,0.7359779779896694,0.6523603541204885,0.6908762094930315
AST-009690,0.5819561208985411,0.41857461099936916,0.6290964382179484,0.5432090567052862
AST-009691,0.6281347337430133,0.5116666837545958,0.820789710309588,0.6535303759357324
AST-009692,0.4724190507476759,0.0414113337147692,0.810546759676977,0.441459048046474
AST-009693,0.7422800965094619,0.531720107350845,0.9730521441173109,0.7490174493258727
AST-009694,0.39598964068427206,0.6257188824256922,0.3378533965563069,0.4531873065554237
AST-009695,0.7132948135923244,0.835385827680251,0.5831775912575253,0.7106194108433669
AST-009696,0.9313735263012718,0.8003183096302291,0.9234018623322496,0.8850312327545836
AST-009697,0.6328980467307618,0.5543313285440719,0.7494032263580658,0.6455442005442998
AST-009698,0.5598104139842722,0.9085026895153735,0.08230266304170543,0.5168719221804504
AST-009699,0.33202776441010795,0.47431124800600094,0.3475829995394855,0.3846406706518648
AST-009700,0.5793122497974019,0.9381135306748895,0.9583733191458319,0.8252663665393745
AST-009701,0.7819731886960788,0.24099950730842368,0.6762803633078145,0.566417686437439
AST-009702,0.3609907185094144,0.7043545716883867,0.903631280541395,0.656325523579732
AST-009703,0.7514828342027924,0.8519243545899007,0.5810691332367083,0.7281587740098004
AST-009704,0.5225997837220286,0.20179791080398846,0.9501048487002606,0.5581675144087592
AST-009705,0.7044727409191268,0.8690994221034447,0.8783485053672829,0.8173068894632848
AST-009706,0.7467797956014885,0.6424965887470392,0.7614451524044249,0.7169071789176509
AST-009707,0.5479085630316163,0.4785046764419509,0.664454285860628,0.5636225084447317
AST-009708,0.6763535359524534,0.7264925793246663,0.983057856127111,0.7953013238014103
AST-009709,0.7701745112638276,0.6081336145986294,0.8582540710524325,0.7455207323049632
AST-009710,0.6080589382268254,0.6491010314480988,0.9806611368403192,0.7459403688384145
AST-009711,0.6969087935806163,0.5456763152810643,0.741235473562879,0.6612735274748532
AST-009712,0.49243483116796155,0.3911328290733292,0.9933016288696624,0.6256230963703177
AST-009713,0.0,0.46906972502025923,0.1922241683089395,0.22043129777639958
AST-009714,0.6421332368990967,0.46967429642157965,0.8376608268470745,0.6498227867225835
AST-009715,0.06617348964526983,0.5085142600147757,0.8538039624664009,0.4761639040421488
AST-009716,0.7311705550940065,0.09649157661210188,0.8991881033872388,0.5756167450311157
AST-009717,0.40929092242871,0.520611820832482,0.8994362263348924,0.6097796565320281
AST-009718,0.9340105680152537,0.3245523665457221,0.26563731706020116,0.5080667505403923
AST-009719,0.165156809561599,0.3373157861975515,0.7146725022247665,0.40571503266130565
AST-009720,0.6782379849187475,0.48743423066571584,0.9177808303500161,0.6944843486448266
AST-009721,0.9459895980262474,0.8734523183482478,0.8661439790137212,0.8951952984627388
AST-009722,0.3520712768379489,0.7557715463448732,0.8952543565433476,0.6676990599087232
AST-009723,0.4354275616059364,0.3112663176179592,0.8330803742097114,0.5265914178112023
AST-009724,0.9275410383458712,0.6204294321176199,0.9369099294997414,0.828293466654411
AST-009725,0.7717454362643048,0.5958119802238141,0.31870357818242884,0.5620869982235158
AST-009726,0.7756985929583212,0.36354246475173485,0.8214367992677873,0.6535592856592811
AST-009727,0.6025910217724767,0.5199857963064837,0.8869179035868777,0.6698315738886128
AST-009728,0.6485286863375332,0.4505907626465028,0.2412294172122627,0.4467829553987663
AST-009729,0.0,0.5264633764015192,0.7489849634964089,0.42514944663264265
AST-009730,0.12378697934627603,0.8816977635832439,0.8349773520239014,0.6134873649844738
AST-009731,0.9597279681483214,0.2988739545847847,0.9387422814393714,0.7324480680574924
AST-009732,0.3228864795010548,0.8719966065295451,0.7598332638750958,0.6515721166352318
AST-009733,0.33575744898997195,0.48638600643611335,0.9108520535191715,0.577665169648419
AST-009734,0.364308776885124,0.7152633211306045,0.8434027030165089,0.6409916003440791
AST-009735,0.684024677426534,0.6378603954952202,0.9739562250609405,0.7652804326608983
AST-009736,0.3986936102383188,0.8814437923886732,0.7519040931650226,0.6773471652640048
AST-009737,0.146718502220977,0.36729348815699564,0.9728028947712212,0.49560496171639795
AST-009738,0.0,0.20410237150174335,0.631892567340573,0.27866497961410547
AST-009739,0.7467117653322649,0.3052966394614805,0.9154292419026335,0.655812548898793
AST-009740,0.36117415208682146,0.4315158425482863,0.8408973954611217,0.5445291300320765
AST-009741,0.1731003642184333,0.5805904505908633,0.9751669386166449,0.5762859178086472
AST-009742,0.7578461678935882,0.7475016272011981,0.7285727660652479,0.7446401870533448
AST-009743,0.2864910758134331,0.636476822869556,0.403445469204495,0.44213778929582803
AST-009744,0.8694096802415795,0.8861916989517395,0.7420567446153443,0.832552707936221
AST-009745,0.14818234348855294,0.8918457288368283,0.999242320530314,0.6797567976185651
AST-009746,0.612859162059591,0.41178716573160834,0.8214477459522888,0.6153646912478293
AST-009747,0.6389824059755653,0.30799827633399857,0.48224601883357154,0.47640890038104516
AST-009748,0.6434018899293581,0.7443653489129177,0.9443381350471696,0.7773684579631485
AST-009749,0.3912143154432971,0.7939913182989669,0.8254997279890709,0.6702351205771117
AST-009750,0.5356673940385015,0.224639599515222,0.9643754141556848,0.5748941359031361
AST-009751,0.48945910891124855,0.6148554776705474,0.9917666389687819,0.6986937418501927
AST-009752,0.5221483279346533,0.3312091668910235,0.8430876110340539,0.5654817019532435
AST-009753,0.0,0.3414337700614229,0.94256844226586,0.42800073744242767
AST-009754,0.7276438372575534,0.5510271244905695,0.5328781056694684,0.6038496891391971
AST-009755,0.20947332709594574,0.12981122083151816,0.6219806531813779,0.32042173370294724
AST-009756,0.8474312974708231,0.7008576236779089,0.6821286201245981,0.7434725137577768
AST-009757,0.1619737969189282,0.6052141583931169,0.05231010018823104,0.27316601850009203
AST-009758,0.8690410543203693,0.42912979170824134,0.49914610362595513,0.5991056498848552
AST-009759,0.8199228637260358,0.27522174487889584,0.8540578359847785,0.64973414819657
AST-009760,0.7251952344835408,0.7426082549532727,0.8903652320806978,0.7860562405058372
AST-009761,0.5682536170251093,0.11399379248636142,0.9290248886294011,0.5370907660469574
AST-009762,0.5425507351064457,0.7312836689981401,0.6286030200190714,0.634145808041219
AST-009763,0.5739926080063399,0.7594494804467019,0.926676088172649,0.7533727255418969
AST-009764,0.0,0.39610464320234934,0.9644343441597141,0.4535129957873545
AST-009765,0.7868320923711459,0.12849863779709694,0.6478466707203043,0.5210591336295157
AST-009766,0.3441342998344432,0.431502687331825,0.45794816457433485,0.41119505058020106
AST-009767,0.9171358098985184,0.39416077824180384,0.2935585622330426,0.5349517167911216
AST-009768,0.9019559828166861,0.7467538854974429,0.9294893795835845,0.8593997492992379
AST-009769,0.5998398948369327,0.2814740495474224,0.9760456343629532,0.6191198595824361
AST-009770,0.3222230481544515,0.5668098142585084,0.8405727758903775,0.5765352127677792
AST-009771,0.4787588212406173,0.6413383320850975,0.3568692067088614,0.49232212001152537
AST-009772,0.7968428142837638,0.9406945418937684,0.7440612955999745,0.8271995505925022
AST-009773,0.30429021346600965,0.42063826160350376,0.903907316247949,0.5429452637724874
AST-009774,0.0,0.2944984576145166,0.7739900903088318,0.3561628493077828
AST-009775,0.6500091241683625,0.6218347895124613,0.989144483399003,0.753662799026609
AST-009776,0.9090396725662112,0.5033204565214048,0.6605891208672282,0.6909830833182814
AST-009777,0.9151771488147029,0.6299174590617664,0.8157675045705374,0.7869540374823356
AST-009778,0.6235222129956904,0.6733190235522932,0.9068463208162736,0.7345625191214191
AST-009779,0.06443126478417588,0.5565200224641332,0.4051687210049823,0.3420400027510972
AST-009780,0.5626018852458295,0.5656413477454564,0.24077199587627884,0.4563384096225216
AST-009781,0.8233054825861058,0.6259696665635844,0.9660758957943487,0.8051170149813464
AST-009782,0.564279121568818,0.18308468800156905,0.8224369769039304,0.5232669288247725
AST-009783,0.7711891064094784,0.40388864582822204,0.8346360300603428,0.6699045940993478
AST-009784,0.7876465580193014,0.841364680584785,0.561168741729534,0.7300599934445402
AST-009785,0.8008497446863395,0.6203999480473369,0.942828424275998,0.7880260390032249
AST-009786,0.0,0.28890263610535344,0.3256008364529125,0.2048344908527553
AST-009787,0.0,0.6730091984940054,0.2246407247074542,0.29921664106715323
AST-009788,0.5544040782680707,0.49756213112777997,0.6241461644860209,0.5587041246272905
AST-009789,0.5177703176517604,0.29915708061719914,0.9328273675329913,0.5832515886006503
AST-009790,0.868692038358811,0.8663597376847414,0.7421306480315291,0.8257274746916939
AST-009791,0.5038207872953853,0.5718887407381652,0.9329913725643417,0.6695669668659642
AST-009792,0.8664776681671423,0.5894118303867676,0.9687524655575217,0.808213988037144
AST-009793,0.6937662553329141,0.5501861042570386,0.7172866178486058,0.6537463258128527
AST-009794,0.2410107070958948,0.8644936045732526,0.5629402285878707,0.5561481800856728
AST-009795,0.4981261133726289,0.8055543375214174,0.5208126297969766,0.6081643602303409
AST-009796,0.8731501927081046,0.627034227091703,0.5784599299607031,0.6928814499201702
AST-009797,0.4930362463057747,0.45763795943298036,0.745391556691978,0.5653552541435777
AST-009798,0.8595601103453412,0.9238740632818666,0.8738924350083865,0.8857755362118649
AST-009799,0.6679579030332391,0.22388615075373752,0.9388100393430672,0.6102180310433479
AST-009800,0.19800908961528935,0.19545036585213887,0.6114466036656141,0.3349686863776808
AST-009801,0.566870314295829,0.5179158079717523,0.9784882384077986,0.6877581202251267
AST-009802,0.5692690419601506,0.27555535695618677,0.9123968697185625,0.5857404228783
AST-009803,0.47608070748722003,0.7492547967865361,0.7648852675234202,0.6634069239323921
AST-009804,0.6168878824663356,0.865452942527279,0.7295938813144385,0.7373115687693511
AST-009805,0.6260506015722413,0.698112232849323,0.9543036271799055,0.7594888205338233
AST-009806,0.7243911715552869,0.39318674727441594,0.35695642021159973,0.49151144634710087
AST-009807,0.7541029375986443,0.6392549965111479,0.9129696547133903,0.7687758629410609
AST-009808,0.8704856026035569,0.5245374353730818,0.500524225696236,0.6318490878909583
AST-009809,0.19846068005993933,0.28300876251457724,0.2840300669057454,0.2551665031600873
AST-009810,0.795412393144221,0.6849295538761906,0.995948468242119,0.8254301384208436
AST-009811,0.9516694264590163,0.2290645084911069,0.9854794503106797,0.7220711284202675
AST-009812,0.8319017618868864,0.7537021407907003,0.7043278465328389,0.7633105830701418
AST-009813,0.444193853618848,0.43039548558462004,0.9378594478696101,0.604149595691026
AST-009814,0.706833920047815,0.41389045672818264,0.5007855046341667,0.5405032938033881
AST-009815,0.549155893518502,0.3568212985008742,0.29664317750177965,0.400873456507052
AST-009816,0.48883355878647855,0.6828794627299302,0.4883674729746801,0.5533601648303629
AST-009817,0.33171716491407455,0.3475810980021,0.7692155531622602,0.4828379386928116
AST-009818,0.8761435173372087,0.78089936643421,0.9674353174674353,0.874826067079618
AST-009819,0.23934128379049427,0.2266236918764773,0.3537473490422892,0.2732374415697536
AST-009820,0.0,0.8755711877363678,0.4586481237995976,0.44473977051198843
AST-009821,0.33277124284185233,0.7013558602038282,0.8786942385269371,0.6376071138575393
AST-009822,0.8633737387866803,0.40777757030948797,0.8958065651209608,0.7223192914057096
AST-009823,0.46503956916152056,0.2861938569723598,0.8370121347561674,0.5294151869633493
AST-009824,0.4855799978400325,0.7841666148829045,0.684204780865023,0.6513171311959867
AST-009825,0.5170094861006531,0.21350236409831247,0.7508434255045421,0.49378509190116926
AST-009826,0.6451647141720142,0.4867071254525291,0.9160569191666204,0.6826429195970546
AST-009827,0.6030752792490203,0.4690191988236062,0.6280487950522629,0.5667144243749631
AST-009828,0.7872228753976517,0.47181345424245524,0.9306271149276757,0.7298878148559275
AST-009829,0.13470171831397365,0.6498604974667672,0.931987705875995,0.572183307218912
AST-009830,0.9523216252794006,0.38067305410468627,0.3438386989237746,0.5589444594359537
AST-009831,0.6907424139680254,0.6520714057445781,0.5611586216716391,0.6346574804614142
AST-009832,0.742224392948479,0.9150189342980164,0.9765532301755949,0.8779321858073635
AST-009833,0.6092417373513188,0.4965009557500402,0.667159551003876,0.590967414701745
AST-009834,0.8371679710495807,0.4267303162310644,0.9526565903586697,0.7388516258797716
AST-009835,0.4539194516009667,0.5260870197249242,0.848560061155214,0.6095221774937016
AST-009836,0.10580783557250088,0.17915006104525477,0.5165813553082216,0.2671797506419924
AST-009837,0.6245806738092788,0.3873752688755034,0.9356518400374144,0.6492025942407321
AST-009838,0.581267488274185,0.05744508880503673,0.9985807276823362,0.5457644349205193
AST-009839,0.8031314870650741,0.6167092228997171,0.6264728122167106,0.6821045073938339
AST-009840,0.17075280567343076,0.31313788380702334,0.9206771275660457,0.4681892723488333
AST-009841,0.2793561737520393,0.5451787817115713,0.45446883959054146,0.426334598351384
AST-009842,0.4777986059362931,0.6529132114208754,0.7170059054664206,0.615905907607863
AST-009843,0.6660286285742475,0.7963449110986708,0.6461886227025011,0.7028540541251398
AST-009844,0.67559532071484,0.9045960701087534,0.9544706885798449,0.8448873598011462
AST-009845,0.48857353084886446,0.597203050547799,0.9842407366261426,0.6900057726742687
AST-009846,0.0,0.8238476023920724,0.5735945972864963,0.4658140665595229
AST-009847,0.5396967981753162,0.49974103252680424,0.9169099714413436,0.6521159340478213
AST-009848,0.0,0.30239021060483606,0.8461985941698887,0.38286293492490825
AST-009849,0.39151511151137747,0.8625285611840763,0.7426581415841541,0.665567271426536
AST-009850,0.7363699302865756,0.4501805814662362,0.9299377294826565,0.7054960804118228
AST-009851,0.6454521353112672,0.582851264055055,0.9782077416344311,0.7355037136669177
AST-009852,0.6480349285681409,0.851085163226855,0.8725994620916843,0.7905731846288934
AST-009853,0.5384263822233779,0.6345673002394682,0.5428765049731971,0.5719567291453478
AST-009854,0.31317931981990826,0.3916334564167058,0.6096635482168183,0.43815877481781085
AST-009855,0.8659007900893247,0.7917914216282118,0.9865225362017076,0.8814049159730813
AST-009856,0.3523705635346434,0.5758486125891089,0.14081451953624924,0.3563445652200006
AST-009857,0.5274623471894313,0.825167511007113,0.6559082679794354,0.6695127087253265
AST-009858,0.0,0.833919027296304,0.9273678892438936,0.5870956388467325
AST-009859,0.6569406352270464,0.5122222275722768,0.7952730813993423,0.6548119813995551
AST-009860,0.0,0.8667607579133394,0.9958166066402064,0.6208591215178486
AST-009861,0.8002283437767053,0.09056808550194291,0.5747366033932655,0.4885110108906379
AST-009862,0.880059921511273,0.5122738942478943,0.7945271038201207,0.7289536398597626
AST-009863,0.759766232807423,0.3028356868832823,0.6281380450732649,0.5635799882546567
AST-009864,0.7551008630829507,0.5759881901165397,0.8983417895883213,0.7431436142626039
AST-009865,0.08856291932537402,0.6788057404655523,0.9151249799802129,0.5608312132570464
AST-009866,0.6886197880573965,0.3668311480414626,0.7415261023047354,0.5989923461345316
AST-009867,0.0,0.5636755891353368,0.7525131543583808,0.43872958116457256
AST-009868,0.6973832151750178,0.7761716149662722,0.7577641354064173,0.7437729885159025
AST-009869,0.8620739119843146,0.06306753226722867,0.6949849668766471,0.5400421370427302
AST-009870,0.627844464254432,0.8799789217785063,0.9502175284200512,0.8193469714843298
AST-009871,0.43780620263969494,0.5260366697416634,0.39007932759597036,0.4513073999924429
AST-009872,0.9251803033349458,0.5929319524457817,0.8171236220392025,0.77841195927331
AST-009873,0.576983889847606,0.5833095027493881,0.9081488487273547,0.6894807471081162
AST-009874,0.8259343068481627,0.5672270051725662,0.9645893855024301,0.7859168991743863
AST-009875,0.3947807184474925,0.6074761708199875,0.963892690169022,0.6553831931455006
AST-009876,0.8548511090858127,0.4560920591381059,0.9928632522507373,0.7679354734915521
AST-009877,0.7343490224220293,0.7832866231425265,0.5878553664987444,0.7018303373544335
AST-009878,0.5474510719119684,0.24060147375877594,0.9257345452771081,0.5712623636492841
AST-009879,0.4140979505147279,0.07193142468187073,0.30688273352948997,0.2643040362420295
AST-009880,0.5960882284537811,0.600501355683534,0.9114261850799235,0.7026719230724128
AST-009881,0.3248875764832304,0.5868395928564962,0.962141270702302,0.6246228133473429
AST-009882,0.5127097179327711,0.7825406644967057,0.5860632664460896,0.6271045496251888
AST-009883,0.7863947727945841,0.5127740863196462,0.6157876220430145,0.6383188270524149
AST-009884,0.233911027124603,0.2546801161842914,0.7941358927451415,0.42757567868467866
AST-009885,0.0,0.5095438393037972,0.876115070562342,0.46188630328871305
AST-009886,0.4122025295018138,0.6052121200763564,0.8545398224007751,0.6239848239929818
AST-009887,0.7200697378793313,0.13413595956098368,0.4591201669778364,0.43777528813938377
AST-009888,0.8478433870115876,0.9276211864408653,0.9644527698461115,0.9133057810995214
AST-009889,0.2553916176530902,0.6753386879931669,0.7294451586316772,0.5533918214259781
AST-009890,0.4257798406740196,0.5095332868100263,0.9529699175862701,0.6294276816901053
AST-009891,0.43964194081423463,0.3309788200761334,0.35452276691767287,0.37504784260268026
AST-009892,0.6080854898548275,0.8830211052377958,0.9551343628361173,0.8154136526429134
AST-009893,0.0,0.6398665678141119,0.7413996158491675,0.46042206122109314
AST-009894,0.9432428371968008,0.7460696365616956,0.9868345965284985,0.8920490234289983
AST-009895,0.9330831568885185,0.17915355412678666,0.7546351596894854,0.6222906235682635
AST-009896,0.9029101008327999,0.34948253149345476,0.7779482329323667,0.6767802884195405
AST-009897,0.0,0.7627195064573707,0.9126175966783613,0.558445701045244
AST-009898,0.8265973581085079,0.7412122958332303,0.8675408393749989,0.8117834977722457
AST-009899,0.0,0.5218654118673265,0.9843440058148876,0.5020698058940714
AST-009900,0.0,0.8258400347148066,0.9323817338836561,0.5860739228661542
AST-009901,0.5990033759536246,0.05196717646799377,0.9508047097445538,0.5339250873887241
AST-009902,0.8012494001021506,0.7551261511353964,0.4963337761354121,0.684236442457653
AST-009903,0.5093406050105785,0.41673652893393803,0.676037862400461,0.5340383321149925
AST-009904,0.8313985838117129,0.6927543211349612,0.7845215967331046,0.7695581672265929
AST-009905,0.8648917732512055,0.8054357903626341,0.961328161689447,0.8772185751010956
AST-009906,0.0,0.7070672239199107,0.6953432860798405,0.4674701699999171
AST-009907,0.7643771863274393,0.30830145174712015,0.9879551319542971,0.6868779233429522
AST-009908,0.7167344972743669,0.8925193361344549,0.9811519205927778,0.8634685846671998
AST-009909,0.0,0.668976290123882,0.9261953113666714,0.5317238671635178
AST-009910,0.2791281200662865,0.469778751285117,0.8854243630190269,0.5447770781234769
AST-009911,0.6649903098979585,0.6839938921554578,0.5633103143874899,0.637431505480302
AST-009912,0.843628455551595,0.44534608934114633,0.7672759269212631,0.6854168239380015
AST-009913,0.1788899416281947,0.2158747016575599,0.9199336648663831,0.4382327693840458
AST-009914,0.3528365083893607,0.7464081587181831,0.9084472420449042,0.6692306363841493
AST-009915,0.7411558244433821,0.3490838760791733,0.5689517164074324,0.5530638056433292
AST-009916,0.7304065535355084,0.3571008453165871,0.8391422836033121,0.6422165608184692
AST-009917,0.8661399332129512,0.6358098527396618,0.8924952083207514,0.7981483314244547
AST-009918,0.2996734342707286,0.3577794389490936,0.2484860638286039,0.3019796456828087
AST-009919,0.9672996834679348,0.42517321896078597,0.6039109758633887,0.6654612927640365
AST-009920,0.702661734720052,0.2136465037182793,0.08590717534725825,0.33407180459519653
AST-009921,0.3470604464741606,0.7013360680120634,0.939685203025623,0.6626939058372824
AST-009922,0.5051924553698327,0.3459780535976905,0.6292623109370362,0.4934776066348531
AST-009923,0.16188735525067766,0.7111250471400921,0.9254458614514001,0.5994860879473899
AST-009924,0.6514603283927373,0.5267893084006804,0.790695215887937,0.6563149508937849
AST-009925,0.0,0.6874493384370015,0.5246014184435147,0.40401691896017206
AST-009926,0.8338088255919581,0.13014125673277568,0.8108896836843714,0.5916132553363683
AST-009927,0.6979905627513547,0.7474416784387989,0.9070842098043017,0.7841721503314852
AST-009928,0.21253171791975412,0.7505879499238896,0.7205440409903325,0.561221236277992
AST-009929,0.0,0.7972841884958839,0.9661642127730876,0.5878161337563238
AST-009930,0.6390767248237078,0.5289471533060517,0.967589406070674,0.7118710947334778
AST-009931,0.8779229868332421,0.6004999164799606,0.5695933188162536,0.6826720740431521
AST-009932,0.22829420853569207,0.7319559919243925,0.7069285901889194,0.5557262635496679
AST-009933,0.7235234118864734,0.29752685136553964,0.48162633152345036,0.5008921982584879
AST-009934,0.6461722877820515,0.5028101195785091,0.9614856675209164,0.7034893582938256
AST-009935,0.6784124193419279,0.5207180087809665,0.5997726242254654,0.5996343507827865
AST-009936,0.5764097924963707,0.7787805092905842,0.7729299211501814,0.7093734076457121
AST-009937,0.9267097856633086,0.6122095844481468,0.8826328885981201,0.8071840862365253
AST-009938,0.6699836858039436,0.6016188357543882,0.9540418996899538,0.7418814737494285
AST-009939,0.0,0.6161157151466106,0.6223897911395975,0.4128351687620693
AST-009940,0.0,0.4689361590627072,0.8970298559577404,0.45532200500681586
AST-009941,0.665071523858297,0.2729360884009491,0.939210201709254,0.6257392713228334
AST-009942,0.5810424763618582,0.339797347615529,0.8671341662159272,0.5959913300644382
AST-009943,0.6355475920992765,0.5338393744444103,0.862269125733159,0.6772186974256152
AST-009944,0.6512633308864426,0.4127954738576693,0.8905156889701794,0.6515248312380971
AST-009945,0.4934261676013033,0.510471481296219,0.16138200930225097,0.3884265527332577
AST-009946,0.2872217900811395,0.21608339016078937,0.8627214985123259,0.45534222625141824
AST-009947,0.8617173686901145,0.32856912938336996,0.21693698805270373,0.46907449537539603
AST-009948,0.19330786149344276,0.5270410513351249,0.3418791459294382,0.35407601958600193
AST-009949,0.8243052609179813,0.6567519696375521,0.6247334137233463,0.7019302147596266
AST-009950,0.6809871424247318,0.7145308998226406,0.8902520141904875,0.7619233521459533
AST-009951,0.0,0.05154019030383702,0.37430909240735716,0.14194976090373138
AST-009952,0.5861377214121157,0.14051051258583655,0.7685461335177726,0.4983981225052416
AST-009953,0.0,0.8708082214808353,0.9702846678086003,0.6136976297631452
AST-009954,0.35243563020276764,0.34092289961720396,0.9029206894777008,0.5320930730992242
AST-009955,0.0,0.8125875116217154,0.9996624750061774,0.6040833288759643
AST-009956,0.721992702212537,0.8723735555696674,0.6521891946460796,0.7488518174760946
AST-009957,0.3528560218918922,0.6157878312648226,0.907073766768297,0.6252392066416705
AST-009958,0.8592201138733228,0.13321230319262076,0.5274707513047693,0.5066343894569042
AST-009959,0.5304048058931782,0.499396465288249,0.7502375787321928,0.5933462833045399
AST-009960,0.4650314334810651,0.5136202444842434,0.6955950733901389,0.5580822504518158
AST-009961,0.2145758613483934,0.6736602800236412,0.8384289819388835,0.5755550411036393
AST-009962,0.5257289169919916,0.4134959918825113,0.9792368373610881,0.639487248745197
AST-009963,0.8742827169002769,0.7605374532765061,0.6597653912910079,0.764861853822597
AST-009964,0.4618453226064915,0.44505154000235664,0.9632329135205551,0.6233765920431344
AST-009965,0.6407080281743253,0.21717622432556907,0.8202274345038768,0.5593705623345904
AST-009966,0.24333057639065933,0.5735006317429923,0.4246507516157991,0.41382731991648364
AST-009967,0.7456692897694758,0.4081077163074902,0.7651177140188612,0.6396315733652757
AST-009968,0.7404211049887522,0.5501058512500436,0.43822137649625,0.5762494442450153
AST-009969,0.44674113378491553,0.8345622278606605,0.9480017825028432,0.7431017147161397
AST-009970,0.5733108825980603,0.29547021041643295,0.8960764069572484,0.5882858333239139
AST-009971,0.5069789486860792,0.4351949260594173,0.9135126413460246,0.618562172030507
AST-009972,0.5005819886401348,0.5412325184458999,0.7254924589204036,0.5891023220021462
AST-009973,0.8078178718976889,0.668958068256879,0.593021266292266,0.6899324021489447
AST-009974,0.3989715682830946,0.19299694880494758,0.7906479114684971,0.46087214285217976
AST-009975,0.8089805172370335,0.7586081523056799,0.5676387604830893,0.7117424766752677
AST-009976,0.7494394891786598,0.3011087056901311,0.4505250676753345,0.5003577541813752
AST-009977,0.6068520660311211,0.5753980411739551,0.8611395241054064,0.6811298771034942
AST-009978,0.58318415557308,0.43459655001278485,0.7589801487745549,0.59225361812014
AST-009979,0.6477121371343467,0.042868289657370336,0.8866713805725048,0.5257506024547406
AST-009980,0.8874386866720768,0.7229221289841717,0.5809297689183011,0.7304301948581832
AST-009981,0.30843274322336767,0.2684016476283122,0.7484929144370547,0.44177576842957816
AST-009982,0.639562521105204,0.9418423856371261,0.7195921967340544,0.7669990344921281
AST-009983,0.4271795771984971,0.7258513622922148,0.2565362755226137,0.4698557383377752
AST-009984,0.6321553744374145,0.7292119686643757,0.32485706513564555,0.5620748027458119
AST-009985,0.4443969024070052,0.09663203779958293,0.4573713880062675,0.33280010940428517
AST-009986,0.6783916171290437,0.7109982496558018,0.9939361791850049,0.7944420153232835
AST-009987,0.6189911381110886,0.7513174952019497,0.8439589710392188,0.7380892014507524
AST-009988,0.38709729600102777,0.060988841263505844,0.8509229505569558,0.43300302927382983
AST-009989,0.7257478096847383,0.45412222252311507,0.8665985103387656,0.6821561808488731
AST-009990,0.716999357594891,0.054994263307742104,0.70513554510265,0.49237638866842764
AST-009991,0.575335458496602,0.5142610009024019,0.8099461604800986,0.6331808732930342
AST-009992,0.9089276951051545,0.47998923429998835,0.9425018299685913,0.7771395864579115
AST-009993,0.7987730053227736,0.655858949259692,0.9927651904664229,0.8157990483496295
AST-009994,0.6663379337842075,0.4138086350100953,0.4626460396526315,0.5142642028156448
AST-009995,0.5791723758572104,0.684897802876478,0.34073686283059773,0.5349356805214287
AST-009996,0.403163036169683,0.8364232063104848,0.8722610495284815,0.7039490973362165
AST-009997,0.6549883736619602,0.13783066083087903,0.9282241892419596,0.5736810745782662
AST-009998,0.0,0.8241842260238622,0.8462586451132207,0.5568142903790276
AST-009999,0.44415900712480044,0.5694802424486275,0.562807571624307,0.5254822737325783
AST-010000,0.7764784184897984,0.23806366996053901,0.9250972616159371,0.6465464500220914
