asset_id,incident_probability_true,incident_occurred,total_loss,recovery_cost,downtime_hours
AST-000001,0.09212664117020211,0,0.0,0.0,0.0
AST-000002,0.01560892675950418,0,0.0,0.0,0.0
AST-000003,0.0236965434549006,0,0.0,0.0,0.0
AST-000004,0.05597232490773796,0,0.0,0.0,0.0
AST-000005,0.00479828096338584,0,0.0,0.0,0.0
AST-000006,0.09612901496219103,0,0.0,0.0,0.0
AST-000007,0.0034607689445494087,0,0.0,0.0,0.0
AST-000008,0.10282627491412763,0,0.0,0.0,0.0
AST-000009,0.003293302466816046,0,0.0,0.0,0.0
AST-000010,0.12220698604025268,0,0.0,0.0,0.0
AST-000011,0.03501273042183121,0,0.0,0.0,0.0
AST-000012,0.0020032790260315738,0,0.0,0.0,0.0
AST-000013,0.012564349921855693,0,0.0,0.0,0.0
AST-000014,0.07687700461308586,0,0.0,0.0,0.0
AST-000015,0.23196779237698775,0,0.0,0.0,0.0
AST-000016,0.01146970113830079,0,0.0,0.0,0.0
AST-000017,0.3990422030183171,0,0.0,0.0,0.0
AST-000018,0.4758935422710657,0,0.0,0.0,0.0
AST-000019,0.20705072777740813,0,0.0,0.0,0.0
AST-000020,0.012358491228020253,0,0.0,0.0,0.0
AST-000021,0.04103093571764837,0,0.0,0.0,0.0
AST-000022,0.05299499919805367,0,0.0,0.0,0.0
AST-000023,0.004346875193734927,0,0.0,0.0,0.0
AST-000024,0.08424552176887498,0,0.0,0.0,0.0
AST-000025,0.008893660384824408,0,0.0,0.0,0.0
AST-000026,0.29340947270472695,0,0.0,0.0,0.0
AST-000027,0.0021528416541205593,0,0.0,0.0,0.0
AST-000028,0.33353127475878563,1,5401.871082770683,1940.5054767646907,0.3515287265630548
AST-000029,0.018971265335747486,0,0.0,0.0,0.0
AST-000030,0.03578749668174475,0,0.0,0.0,0.0
AST-000031,0.012089255087968022,0,0.0,0.0,0.0
AST-000032,0.016731671438874732,0,0.0,0.0,0.0
AST-000033,0.23449007705928449,1,54599.85539227787,14578.595939428978,99.51828234029969
AST-000034,0.018495347858425014,0,0.0,0.0,0.0
AST-000035,0.0366214073540308,1,89414.90994206301,12043.680486981611,26.482144834658435
AST-000036,0.06070311846308879,0,0.0,0.0,0.0
AST-000037,0.36324362258298093,0,0.0,0.0,0.0
AST-000038,0.006887141874790534,0,0.0,0.0,0.0
AST-000039,0.014293318521963645,0,0.0,0.0,0.0
AST-000040,0.15340856838126424,0,0.0,0.0,0.0
AST-000041,0.009136175343499975,0,0.0,0.0,0.0
AST-000042,0.013803333847407551,0,0.0,0.0,0.0
AST-000043,0.029536669506159612,0,0.0,0.0,0.0
AST-000044,0.5196421857636122,1,98616.79730696093,18590.121020861046,4.71774313338012
AST-000045,0.004371390893352572,0,0.0,0.0,0.0
AST-000046,0.5077756907963614,0,0.0,0.0,0.0
AST-000047,0.22703405619642478,0,0.0,0.0,0.0
AST-000048,0.004631125720464923,0,0.0,0.0,0.0
AST-000049,0.12396763439211463,0,0.0,0.0,0.0
AST-000050,0.024250232977546485,0,0.0,0.0,0.0
AST-000051,0.03829425206050069,0,0.0,0.0,0.0
AST-000052,0.011051837370034845,0,0.0,0.0,0.0
AST-000053,0.15715819674125206,0,0.0,0.0,0.0
AST-000054,0.02109074118691906,0,0.0,0.0,0.0
AST-000055,0.030493359310835133,0,0.0,0.0,0.0
AST-000056,0.02750065613996868,0,0.0,0.0,0.0
AST-000057,0.09486169336391856,0,0.0,0.0,0.0
AST-000058,0.014515749346644645,0,0.0,0.0,0.0
AST-000059,0.025948893722688115,0,0.0,0.0,0.0
AST-000060,0.013786089256940382,0,0.0,0.0,0.0
AST-000061,0.004589332518242577,0,0.0,0.0,0.0
AST-000062,0.013011443327056478,0,0.0,0.0,0.0
AST-000063,0.011554707823401178,0,0.0,0.0,0.0
AST-000064,0.2605117243794851,0,0.0,0.0,0.0
AST-000065,0.7361203112394318,0,0.0,0.0,0.0
AST-000066,0.02963796848100319,0,0.0,0.0,0.0
AST-000067,0.02542654253642579,0,0.0,0.0,0.0
AST-000068,0.038165256745826964,0,0.0,0.0,0.0
AST-000069,0.08586674933218559,1,77666.6514768399,10072.129174577909,97.83719339181087
AST-000070,0.047642955130153375,0,0.0,0.0,0.0
AST-000071,0.1321258403318412,0,0.0,0.0,0.0
AST-000072,0.015547356963822737,0,0.0,0.0,0.0
AST-000073,0.030676786820148447,0,0.0,0.0,0.0
AST-000074,0.0017062114240768643,0,0.0,0.0,0.0
AST-000075,0.3029563389953887,0,0.0,0.0,0.0
AST-000076,0.0421015767795311,0,0.0,0.0,0.0
AST-000077,0.01676627379667208,0,0.0,0.0,0.0
AST-000078,0.028900638060012827,0,0.0,0.0,0.0
AST-000079,0.1598277646873861,0,0.0,0.0,0.0
AST-000080,0.11259731372185353,0,0.0,0.0,0.0
AST-000081,0.023360540221634772,0,0.0,0.0,0.0
AST-000082,0.005503356337916625,0,0.0,0.0,0.0
AST-000083,0.5119800494606378,1,115478.53779829848,20656.19317272134,11.501516173611128
AST-000084,0.2371981359743622,0,0.0,0.0,0.0
AST-000085,0.015581981316823595,0,0.0,0.0,0.0
AST-000086,0.008162880394919643,0,0.0,0.0,0.0
AST-000087,0.016470480914982003,0,0.0,0.0,0.0
AST-000088,0.07039374452750745,0,0.0,0.0,0.0
AST-000089,0.0591102021156538,0,0.0,0.0,0.0
AST-000090,0.01772740807374515,0,0.0,0.0,0.0
AST-000091,0.007919565665028418,0,0.0,0.0,0.0
AST-000092,0.014874013568798307,0,0.0,0.0,0.0
AST-000093,0.02452953159314737,0,0.0,0.0,0.0
AST-000094,0.016987139134339583,0,0.0,0.0,0.0
AST-000095,0.02125704348976662,0,0.0,0.0,0.0
AST-000096,0.11397233109300683,0,0.0,0.0,0.0
AST-000097,0.004219975389985591,0,0.0,0.0,0.0
AST-000098,0.0027744166576554826,0,0.0,0.0,0.0
AST-000099,0.04159376024553649,0,0.0,0.0,0.0
AST-000100,0.006116072466783821,0,0.0,0.0,0.0
AST-000101,0.022509089086800577,0,0.0,0.0,0.0
AST-000102,0.29049928634462896,0,0.0,0.0,0.0
AST-000103,0.011469848094137647,0,0.0,0.0,0.0
AST-000104,0.001200642338780194,0,0.0,0.0,0.0
AST-000105,0.004188640053751351,0,0.0,0.0,0.0
AST-000106,0.0051017448671493125,0,0.0,0.0,0.0
AST-000107,0.0015815677408949353,0,0.0,0.0,0.0
AST-000108,0.14701123682454953,0,0.0,0.0,0.0
AST-000109,0.1743949000062955,0,0.0,0.0,0.0
AST-000110,0.1716369232695014,0,0.0,0.0,0.0
AST-000111,0.005847286518046332,0,0.0,0.0,0.0
AST-000112,0.03209348396904045,0,0.0,0.0,0.0
AST-000113,0.003656519864127111,0,0.0,0.0,0.0
AST-000114,0.0026309842928873652,0,0.0,0.0,0.0
AST-000115,0.9519314939352725,1,684983.0851794262,112254.90440409437,84.34112939932578
AST-000116,0.031747877700946774,0,0.0,0.0,0.0
AST-000117,0.07876156789543415,1,51017.52500306634,18306.35315575854,40.75948639248518
AST-000118,0.08288883060861268,0,0.0,0.0,0.0
AST-000119,0.05791819734986248,0,0.0,0.0,0.0
AST-000120,0.03676823779974375,1,123407.63238346629,35384.677353257495,88.41125452714228
AST-000121,0.1467289262589354,0,0.0,0.0,0.0
AST-000122,0.057354845501519126,0,0.0,0.0,0.0
AST-000123,0.006206253407754778,0,0.0,0.0,0.0
AST-000124,0.019736405717386194,0,0.0,0.0,0.0
AST-000125,0.00920192357271214,0,0.0,0.0,0.0
AST-000126,0.0330706904489402,0,0.0,0.0,0.0
AST-000127,0.007805374464207652,0,0.0,0.0,0.0
AST-000128,0.003697297253941128,0,0.0,0.0,0.0
AST-000129,0.09074045729315461,0,0.0,0.0,0.0
AST-000130,0.017745305650754356,0,0.0,0.0,0.0
AST-000131,0.26145177796248753,1,223661.42020430267,28688.930372548246,9.217240202829863
AST-000132,0.012117838623388699,0,0.0,0.0,0.0
AST-000133,0.023038143858428343,0,0.0,0.0,0.0
AST-000134,0.6452318554587358,1,5000.0,1235.7630539086617,54.64017165704121
AST-000135,0.03369072425103949,0,0.0,0.0,0.0
AST-000136,0.0036293507015168563,0,0.0,0.0,0.0
AST-000137,0.005536290579469528,0,0.0,0.0,0.0
AST-000138,0.05256716661554068,0,0.0,0.0,0.0
AST-000139,0.008103081413098309,0,0.0,0.0,0.0
AST-000140,0.011963447622316277,0,0.0,0.0,0.0
AST-000141,0.020286837807147434,0,0.0,0.0,0.0
AST-000142,0.08186029209611435,0,0.0,0.0,0.0
AST-000143,0.009263175123133698,0,0.0,0.0,0.0
AST-000144,0.004557858566280487,0,0.0,0.0,0.0
AST-000145,0.004047602744687633,0,0.0,0.0,0.0
AST-000146,0.014952373734212413,0,0.0,0.0,0.0
AST-000147,0.1912906681095696,0,0.0,0.0,0.0
AST-000148,0.012050386058327782,0,0.0,0.0,0.0
AST-000149,0.14608524411662377,0,0.0,0.0,0.0
AST-000150,0.01576338533752191,0,0.0,0.0,0.0
AST-000151,0.0043905279491236945,0,0.0,0.0,0.0
AST-000152,0.012515676500607005,0,0.0,0.0,0.0
AST-000153,0.263876203058304,1,99915.1999370533,33830.225745429634,30.725683112283427
AST-000154,0.026133618953399326,0,0.0,0.0,0.0
AST-000155,0.009961777275804266,0,0.0,0.0,0.0
AST-000156,0.002524952874938294,0,0.0,0.0,0.0
AST-000157,0.17783717702015814,1,199727.87108993312,24867.041247065696,25.740110444180694
AST-000158,0.13914251565832508,0,0.0,0.0,0.0
AST-000159,0.02011154790915568,0,0.0,0.0,0.0
AST-000160,0.008934041926013362,0,0.0,0.0,0.0
AST-000161,0.00519974660705616,0,0.0,0.0,0.0
AST-000162,0.514602422994539,0,0.0,0.0,0.0
AST-000163,0.004281172995064936,0,0.0,0.0,0.0
AST-000164,0.011883336583655469,0,0.0,0.0,0.0
AST-000165,0.09759141509886908,0,0.0,0.0,0.0
AST-000166,0.03362478814775667,0,0.0,0.0,0.0
AST-000167,0.009887927564887244,0,0.0,0.0,0.0
AST-000168,0.003509319615302489,0,0.0,0.0,0.0
AST-000169,0.24815100962175288,0,0.0,0.0,0.0
AST-000170,0.17844966705343018,0,0.0,0.0,0.0
AST-000171,0.036041963687200376,1,83040.48904170531,13624.057104323703,41.25716425627564
AST-000172,0.022706025567562006,0,0.0,0.0,0.0
AST-000173,0.011375596482078237,0,0.0,0.0,0.0
AST-000174,0.12393800697430703,0,0.0,0.0,0.0
AST-000175,0.23723242617708212,1,521468.0554879012,82892.058884431,5.017685830433086
AST-000176,0.0032564905095646087,0,0.0,0.0,0.0
AST-000177,0.10282796033013739,0,0.0,0.0,0.0
AST-000178,0.01727850721089217,0,0.0,0.0,0.0
AST-000179,0.0017836927617679074,0,0.0,0.0,0.0
AST-000180,0.002182592370135053,0,0.0,0.0,0.0
AST-000181,0.026937448458685904,0,0.0,0.0,0.0
AST-000182,0.018758975648591525,0,0.0,0.0,0.0
AST-000183,0.025029329930197606,0,0.0,0.0,0.0
AST-000184,0.27878868721559913,0,0.0,0.0,0.0
AST-000185,0.017113399957271777,0,0.0,0.0,0.0
AST-000186,0.31056116999566025,1,133345.06906134612,49931.36148710007,18.676458725839638
AST-000187,0.00401782661134235,0,0.0,0.0,0.0
AST-000188,0.10764816948413322,0,0.0,0.0,0.0
AST-000189,0.015873714016749675,0,0.0,0.0,0.0
AST-000190,0.010461430254978353,0,0.0,0.0,0.0
AST-000191,0.004481618597404965,0,0.0,0.0,0.0
AST-000192,0.006488233779082059,0,0.0,0.0,0.0
AST-000193,0.07772317053007201,0,0.0,0.0,0.0
AST-000194,0.23843573145437685,0,0.0,0.0,0.0
AST-000195,0.47957034827723094,1,647939.3989617805,246369.06502459425,343.88742314756587
AST-000196,0.03879767235049221,0,0.0,0.0,0.0
AST-000197,0.016409482820987132,0,0.0,0.0,0.0
AST-000198,0.19663395113493515,0,0.0,0.0,0.0
AST-000199,0.6298180480145612,1,165369.9947065363,49741.368110225434,2.3524959298732737
AST-000200,0.020560896628570483,0,0.0,0.0,0.0
AST-000201,0.020340141673098805,0,0.0,0.0,0.0
AST-000202,0.03515650129961487,0,0.0,0.0,0.0
AST-000203,0.006159733899233582,0,0.0,0.0,0.0
AST-000204,0.0067553539060615795,0,0.0,0.0,0.0
AST-000205,0.057043502484368964,0,0.0,0.0,0.0
AST-000206,0.008355368264546898,0,0.0,0.0,0.0
AST-000207,0.11776131534057671,0,0.0,0.0,0.0
AST-000208,0.23198780826373352,0,0.0,0.0,0.0
AST-000209,0.01981213250504902,0,0.0,0.0,0.0
AST-000210,0.008059662929764426,0,0.0,0.0,0.0
AST-000211,0.0026043509401542106,0,0.0,0.0,0.0
AST-000212,0.011827836707732005,0,0.0,0.0,0.0
AST-000213,0.019516468043427413,0,0.0,0.0,0.0
AST-000214,0.026398672344538063,0,0.0,0.0,0.0
AST-000215,0.001943420234685982,0,0.0,0.0,0.0
AST-000216,0.01394523453778925,0,0.0,0.0,0.0
AST-000217,0.017463345245107075,0,0.0,0.0,0.0
AST-000218,0.03704758869062861,0,0.0,0.0,0.0
AST-000219,0.23994624245715496,1,782120.7092164656,311712.7727623799,503.26873551235957
AST-000220,0.02158706179552715,0,0.0,0.0,0.0
AST-000221,0.012692096903499822,0,0.0,0.0,0.0
AST-000222,0.08178796188444025,0,0.0,0.0,0.0
AST-000223,0.8142800225300185,1,177895.84286967048,44472.55184874917,0.7495963878589074
AST-000224,0.0068828593994280296,0,0.0,0.0,0.0
AST-000225,0.005609625500909342,0,0.0,0.0,0.0
AST-000226,0.6463213668530382,1,1861600.0180085667,679067.2597794797,4.59859605133485
AST-000227,0.012590796827123359,0,0.0,0.0,0.0
AST-000228,0.0016779423179480938,0,0.0,0.0,0.0
AST-000229,0.17755542695085935,0,0.0,0.0,0.0
AST-000230,0.06577434708736327,0,0.0,0.0,0.0
AST-000231,0.05798992511458717,0,0.0,0.0,0.0
AST-000232,0.012147931720646293,0,0.0,0.0,0.0
AST-000233,0.03454132822408393,0,0.0,0.0,0.0
AST-000234,0.19046937194209249,0,0.0,0.0,0.0
AST-000235,0.6061158356909814,0,0.0,0.0,0.0
AST-000236,0.023572012363621282,0,0.0,0.0,0.0
AST-000237,0.2372858170608416,0,0.0,0.0,0.0
AST-000238,0.9145306828100401,1,94569.74347689904,37511.4327408389,43.3707681209456
AST-000239,0.029214633043158366,0,0.0,0.0,0.0
AST-000240,0.12454824851699353,0,0.0,0.0,0.0
AST-000241,0.01047246944513838,0,0.0,0.0,0.0
AST-000242,0.045994198463958594,0,0.0,0.0,0.0
AST-000243,0.007205781834247699,0,0.0,0.0,0.0
AST-000244,0.7075870190747297,1,67851.99311682132,14098.53025871226,30.009945579780087
AST-000245,0.037836070943246376,0,0.0,0.0,0.0
AST-000246,0.0034726756262893877,0,0.0,0.0,0.0
AST-000247,0.5035091116545595,0,0.0,0.0,0.0
AST-000248,0.017329361051495837,0,0.0,0.0,0.0
AST-000249,0.08469285440096043,0,0.0,0.0,0.0
AST-000250,0.010684312302817675,0,0.0,0.0,0.0
AST-000251,0.009893843411009155,0,0.0,0.0,0.0
AST-000252,0.0009565990785679119,0,0.0,0.0,0.0
AST-000253,0.019317608794543237,0,0.0,0.0,0.0
AST-000254,0.0075737953363956305,0,0.0,0.0,0.0
AST-000255,0.0011143877226626063,0,0.0,0.0,0.0
AST-000256,0.2615180426564255,0,0.0,0.0,0.0
AST-000257,0.0051185611487900105,0,0.0,0.0,0.0
AST-000258,0.11075407729196572,0,0.0,0.0,0.0
AST-000259,0.18037272561424525,0,0.0,0.0,0.0
AST-000260,0.030996730122850334,0,0.0,0.0,0.0
AST-000261,0.007777294007825751,0,0.0,0.0,0.0
AST-000262,0.015158587265115332,0,0.0,0.0,0.0
AST-000263,0.006395221137557099,0,0.0,0.0,0.0
AST-000264,0.0850091738345363,0,0.0,0.0,0.0
AST-000265,0.11325649623840313,0,0.0,0.0,0.0
AST-000266,0.048120553053377306,0,0.0,0.0,0.0
AST-000267,0.010822111468684063,0,0.0,0.0,0.0
AST-000268,0.0023041530232038895,0,0.0,0.0,0.0
AST-000269,0.04038522910556502,0,0.0,0.0,0.0
AST-000270,0.009509671335176054,0,0.0,0.0,0.0
AST-000271,0.0033596454467780803,1,859519.0148078897,147536.73653548036,9.174036862009718
AST-000272,0.0395409417390464,0,0.0,0.0,0.0
AST-000273,0.008847620997015998,0,0.0,0.0,0.0
AST-000274,0.48875417353106076,1,583201.6908427817,125907.23636651847,2.904554719695843
AST-000275,0.17886070906108342,0,0.0,0.0,0.0
AST-000276,0.10857166572526213,0,0.0,0.0,0.0
AST-000277,0.011953199115517727,0,0.0,0.0,0.0
AST-000278,0.19297018165694793,0,0.0,0.0,0.0
AST-000279,0.017905348090977075,0,0.0,0.0,0.0
AST-000280,0.05594089546046674,0,0.0,0.0,0.0
AST-000281,0.006513824196889623,0,0.0,0.0,0.0
AST-000282,0.014563758832686735,0,0.0,0.0,0.0
AST-000283,0.010538699423151957,0,0.0,0.0,0.0
AST-000284,0.046997743623117864,0,0.0,0.0,0.0
AST-000285,0.14559522539086459,0,0.0,0.0,0.0
AST-000286,0.9309802016864234,1,88902.23187560114,17019.137284014396,11.91558639886907
AST-000287,0.29653780451087824,0,0.0,0.0,0.0
AST-000288,0.0030867925066813988,0,0.0,0.0,0.0
AST-000289,0.005537749500252079,0,0.0,0.0,0.0
AST-000290,0.011171554048609965,0,0.0,0.0,0.0
AST-000291,0.27902888129940984,0,0.0,0.0,0.0
AST-000292,0.010405905573754244,0,0.0,0.0,0.0
AST-000293,0.01049168665601914,0,0.0,0.0,0.0
AST-000294,0.6115206888760443,1,171544.72739103032,52094.74408679017,45.819185018722884
AST-000295,0.0844094838290426,0,0.0,0.0,0.0
AST-000296,0.003943502812385834,0,0.0,0.0,0.0
AST-000297,0.005337079501748151,0,0.0,0.0,0.0
AST-000298,0.012753765208087041,0,0.0,0.0,0.0
AST-000299,0.061202483112041364,0,0.0,0.0,0.0
AST-000300,0.19826577947262983,1,5655.730844099377,1186.3525905417794,34.239008194558444
AST-000301,0.009887344826168248,0,0.0,0.0,0.0
AST-000302,0.10961989654420094,0,0.0,0.0,0.0
AST-000303,0.134730665425863,0,0.0,0.0,0.0
AST-000304,0.005850368594400878,0,0.0,0.0,0.0
AST-000305,0.4259068924322263,0,0.0,0.0,0.0
AST-000306,0.004127767696179952,0,0.0,0.0,0.0
AST-000307,0.23747279678860106,0,0.0,0.0,0.0
AST-000308,0.015174218890383548,0,0.0,0.0,0.0
AST-000309,0.45039826993662435,0,0.0,0.0,0.0
AST-000310,0.09437572216157436,0,0.0,0.0,0.0
AST-000311,0.06368394299817441,0,0.0,0.0,0.0
AST-000312,0.006189301896084772,0,0.0,0.0,0.0
AST-000313,0.00675094185674668,0,0.0,0.0,0.0
AST-000314,0.2768876905983488,1,21203.414248282155,5113.178929572331,8.183181714919467
AST-000315,0.008019881380907869,0,0.0,0.0,0.0
AST-000316,0.023904285088986028,0,0.0,0.0,0.0
AST-000317,0.0328184660914681,0,0.0,0.0,0.0
AST-000318,0.045077162770292056,0,0.0,0.0,0.0
AST-000319,0.06011138351321187,0,0.0,0.0,0.0
AST-000320,0.006521971377781206,0,0.0,0.0,0.0
AST-000321,0.06165757444273336,0,0.0,0.0,0.0
AST-000322,0.022486050761832268,0,0.0,0.0,0.0
AST-000323,0.4794062090295218,1,47801.086956650055,8680.335309492348,25.355814637141798
AST-000324,0.03479025838019413,0,0.0,0.0,0.0
AST-000325,0.006085933008881212,0,0.0,0.0,0.0
AST-000326,0.09177217901081587,0,0.0,0.0,0.0
AST-000327,0.008600834852519794,0,0.0,0.0,0.0
AST-000328,0.01657158113404844,0,0.0,0.0,0.0
AST-000329,0.1545342847106933,0,0.0,0.0,0.0
AST-000330,0.04480750971728048,0,0.0,0.0,0.0
AST-000331,0.04163280374269593,0,0.0,0.0,0.0
AST-000332,0.012581529960515,0,0.0,0.0,0.0
AST-000333,0.5070010974189263,1,238416.75032026472,83651.96898964007,77.59531549251746
AST-000334,0.16076518401195342,0,0.0,0.0,0.0
AST-000335,0.008506148421909006,0,0.0,0.0,0.0
AST-000336,0.009492937416599262,0,0.0,0.0,0.0
AST-000337,0.05282514818249798,0,0.0,0.0,0.0
AST-000338,0.2512256621687539,0,0.0,0.0,0.0
AST-000339,0.011974291140068176,0,0.0,0.0,0.0
AST-000340,0.03475298507141109,0,0.0,0.0,0.0
AST-000341,0.030343693746410674,0,0.0,0.0,0.0
AST-000342,0.010385111018793414,0,0.0,0.0,0.0
AST-000343,0.1922971829431693,0,0.0,0.0,0.0
AST-000344,0.04985922546241489,0,0.0,0.0,0.0
AST-000345,0.06112929980611961,0,0.0,0.0,0.0
AST-000346,0.007607829701685833,0,0.0,0.0,0.0
AST-000347,0.011390023706430526,0,0.0,0.0,0.0
AST-000348,0.004300543043100083,0,0.0,0.0,0.0
AST-000349,0.020464936240595664,0,0.0,0.0,0.0
AST-000350,0.023611264039279573,0,0.0,0.0,0.0
AST-000351,0.02515549478009893,0,0.0,0.0,0.0
AST-000352,0.012351780458757173,0,0.0,0.0,0.0
AST-000353,0.016809305762269983,0,0.0,0.0,0.0
AST-000354,0.04116960967874951,0,0.0,0.0,0.0
AST-000355,0.8408302389612582,1,32626.831027011984,10308.942558595943,34.0635838630259
AST-000356,0.01038129822546772,0,0.0,0.0,0.0
AST-000357,0.004048769654666102,0,0.0,0.0,0.0
AST-000358,0.004321715418785195,0,0.0,0.0,0.0
AST-000359,0.08238864955339499,0,0.0,0.0,0.0
AST-000360,0.027003653313348284,0,0.0,0.0,0.0
AST-000361,0.21120509439338664,0,0.0,0.0,0.0
AST-000362,0.06047393148569548,0,0.0,0.0,0.0
AST-000363,0.012065446818110167,0,0.0,0.0,0.0
AST-000364,0.006404869357764604,0,0.0,0.0,0.0
AST-000365,0.06537778317813543,0,0.0,0.0,0.0
AST-000366,0.021409926554582445,0,0.0,0.0,0.0
AST-000367,0.13826599231987208,0,0.0,0.0,0.0
AST-000368,0.21321345702265032,1,3402649.7722570077,592205.7669850058,646.4149852034664
AST-000369,0.06557930037668487,0,0.0,0.0,0.0
AST-000370,0.26364359698606116,0,0.0,0.0,0.0
AST-000371,0.0828784332250061,0,0.0,0.0,0.0
AST-000372,0.09848051985343519,0,0.0,0.0,0.0
AST-000373,0.005779114759872805,0,0.0,0.0,0.0
AST-000374,0.011336883859092229,0,0.0,0.0,0.0
AST-000375,0.007597827278438051,0,0.0,0.0,0.0
AST-000376,0.156046140920945,0,0.0,0.0,0.0
AST-000377,0.02288469629471593,0,0.0,0.0,0.0
AST-000378,0.021466109922887555,0,0.0,0.0,0.0
AST-000379,0.01460996884693668,0,0.0,0.0,0.0
AST-000380,0.014651776358594108,0,0.0,0.0,0.0
AST-000381,0.34163403486733385,0,0.0,0.0,0.0
AST-000382,0.14876382332160784,0,0.0,0.0,0.0
AST-000383,0.11923394388010693,0,0.0,0.0,0.0
AST-000384,0.2527290667716052,0,0.0,0.0,0.0
AST-000385,0.0742498528003781,0,0.0,0.0,0.0
AST-000386,0.12337184639406966,0,0.0,0.0,0.0
AST-000387,0.018806415247865145,0,0.0,0.0,0.0
AST-000388,0.005192881378131007,0,0.0,0.0,0.0
AST-000389,0.5116176021159694,0,0.0,0.0,0.0
AST-000390,0.026518866639865385,0,0.0,0.0,0.0
AST-000391,0.015238063355537903,0,0.0,0.0,0.0
AST-000392,0.002006737923437089,0,0.0,0.0,0.0
AST-000393,0.006642836275049268,0,0.0,0.0,0.0
AST-000394,0.004194964303375609,0,0.0,0.0,0.0
AST-000395,0.0696649048234331,0,0.0,0.0,0.0
AST-000396,0.0665294712673231,0,0.0,0.0,0.0
AST-000397,0.06153144972639857,0,0.0,0.0,0.0
AST-000398,0.016485131933843464,0,0.0,0.0,0.0
AST-000399,0.06422936200806044,0,0.0,0.0,0.0
AST-000400,0.02656532965480892,0,0.0,0.0,0.0
AST-000401,0.010386543688716514,0,0.0,0.0,0.0
AST-000402,0.031757138099252714,0,0.0,0.0,0.0
AST-000403,0.038272910564752745,0,0.0,0.0,0.0
AST-000404,0.00829525524859772,0,0.0,0.0,0.0
AST-000405,0.15677417417507672,0,0.0,0.0,0.0
AST-000406,0.14415045900973827,0,0.0,0.0,0.0
AST-000407,0.003707053843584594,0,0.0,0.0,0.0
AST-000408,0.0028137247143637622,0,0.0,0.0,0.0
AST-000409,0.14120008067258316,0,0.0,0.0,0.0
AST-000410,0.06784300139407064,0,0.0,0.0,0.0
AST-000411,0.07105510333413223,1,91102.70705472473,16211.721060023081,30.822364789965306
AST-000412,0.011363345992544842,0,0.0,0.0,0.0
AST-000413,0.1441913092021473,1,165926.52570116852,36022.33869753062,68.57901505588285
AST-000414,0.5539745660557743,0,0.0,0.0,0.0
AST-000415,0.23152250745438527,0,0.0,0.0,0.0
AST-000416,0.008433496234858177,0,0.0,0.0,0.0
AST-000417,0.2548739960329325,1,580118.0150105698,198108.83529611444,57.862013401716204
AST-000418,0.01701557387909668,0,0.0,0.0,0.0
AST-000419,0.006258890465001957,0,0.0,0.0,0.0
AST-000420,0.029339999549023808,0,0.0,0.0,0.0
AST-000421,0.5972798225417246,0,0.0,0.0,0.0
AST-000422,0.1651551140580112,0,0.0,0.0,0.0
AST-000423,0.06805383545970034,0,0.0,0.0,0.0
AST-000424,0.00263918298118588,0,0.0,0.0,0.0
AST-000425,0.006299243468507161,0,0.0,0.0,0.0
AST-000426,0.09238136607513243,0,0.0,0.0,0.0
AST-000427,0.012716072932877256,0,0.0,0.0,0.0
AST-000428,0.0277742387455672,0,0.0,0.0,0.0
AST-000429,0.07079560875439991,0,0.0,0.0,0.0
AST-000430,0.6950477673665145,0,0.0,0.0,0.0
AST-000431,0.012707639867143985,0,0.0,0.0,0.0
AST-000432,0.4768498951852219,1,8749.38839055415,2225.4512666741293,9.968325039401673
AST-000433,0.006327039955431689,0,0.0,0.0,0.0
AST-000434,0.010829777700998789,0,0.0,0.0,0.0
AST-000435,0.014372222201442646,0,0.0,0.0,0.0
AST-000436,0.028519949237750197,0,0.0,0.0,0.0
AST-000437,0.049177555930829724,0,0.0,0.0,0.0
AST-000438,0.04964695676423571,0,0.0,0.0,0.0
AST-000439,0.16636677180373752,1,188614.336231099,33774.63411688792,2.0374330207393188
AST-000440,0.04853047632222204,0,0.0,0.0,0.0
AST-000441,0.1471510431963068,0,0.0,0.0,0.0
AST-000442,0.005966315955023605,0,0.0,0.0,0.0
AST-000443,0.03065905985846393,0,0.0,0.0,0.0
AST-000444,0.9064944463765702,1,249806.2876465132,76022.3189712798,2.1441264508551097
AST-000445,0.00871320410824381,0,0.0,0.0,0.0
AST-000446,0.05627133764746528,0,0.0,0.0,0.0
AST-000447,0.03510026305808988,0,0.0,0.0,0.0
AST-000448,0.008503293260800099,0,0.0,0.0,0.0
AST-000449,0.007231064801863238,0,0.0,0.0,0.0
AST-000450,0.023601067550279478,0,0.0,0.0,0.0
AST-000451,0.46804209912623335,1,103785.00848945521,30338.398622375393,0.6784726718766987
AST-000452,0.00641393813354841,0,0.0,0.0,0.0
AST-000453,0.020717739134127805,0,0.0,0.0,0.0
AST-000454,0.0840727771638883,0,0.0,0.0,0.0
AST-000455,0.016361678428041333,0,0.0,0.0,0.0
AST-000456,0.04262188464040369,0,0.0,0.0,0.0
AST-000457,0.17199388527743675,0,0.0,0.0,0.0
AST-000458,0.03356109375888939,0,0.0,0.0,0.0
AST-000459,0.02562002777076035,0,0.0,0.0,0.0
AST-000460,0.007228416977774568,0,0.0,0.0,0.0
AST-000461,0.012956528506604772,0,0.0,0.0,0.0
AST-000462,0.02441287714865273,0,0.0,0.0,0.0
AST-000463,0.15154609975552663,1,269726.49762885214,98163.42384702647,40.469794145910946
AST-000464,0.04919831259940621,0,0.0,0.0,0.0
AST-000465,0.008335133262156801,0,0.0,0.0,0.0
AST-000466,0.05089314050990306,0,0.0,0.0,0.0
AST-000467,0.35245969433220414,0,0.0,0.0,0.0
AST-000468,0.002703025582350258,0,0.0,0.0,0.0
AST-000469,0.09787770559978907,0,0.0,0.0,0.0
AST-000470,0.003990524831033596,0,0.0,0.0,0.0
AST-000471,0.009500380690374417,0,0.0,0.0,0.0
AST-000472,0.013423886034293864,0,0.0,0.0,0.0
AST-000473,0.01202781133368528,0,0.0,0.0,0.0
AST-000474,0.012629051137288802,0,0.0,0.0,0.0
AST-000475,0.1163356928744452,0,0.0,0.0,0.0
AST-000476,0.023372519974860513,0,0.0,0.0,0.0
AST-000477,0.6879144804604475,1,33602.93796811693,10459.24377796446,12.684573023343063
AST-000478,0.004326901472273428,0,0.0,0.0,0.0
AST-000479,0.015832441990914728,0,0.0,0.0,0.0
AST-000480,0.00490434048476804,0,0.0,0.0,0.0
AST-000481,0.02202315227997377,0,0.0,0.0,0.0
AST-000482,0.007229602733393796,0,0.0,0.0,0.0
AST-000483,0.014573277119255545,0,0.0,0.0,0.0
AST-000484,0.19204826843843706,0,0.0,0.0,0.0
AST-000485,0.1715367802826685,0,0.0,0.0,0.0
AST-000486,0.2768820725422363,0,0.0,0.0,0.0
AST-000487,0.012562470072522423,0,0.0,0.0,0.0
AST-000488,0.011316878088781988,0,0.0,0.0,0.0
AST-000489,0.004366144094354939,0,0.0,0.0,0.0
AST-000490,0.07089578634548183,0,0.0,0.0,0.0
AST-000491,0.007003403407463709,0,0.0,0.0,0.0
AST-000492,0.006847072659336932,0,0.0,0.0,0.0
AST-000493,0.30992943219126606,1,283534.9226033744,103630.988691023,37.23583324587744
AST-000494,0.018033654327523924,0,0.0,0.0,0.0
AST-000495,0.0018806729125188384,0,0.0,0.0,0.0
AST-000496,0.05789556066190086,0,0.0,0.0,0.0
AST-000497,0.031129697148494,0,0.0,0.0,0.0
AST-000498,0.3137787809679976,1,246502.72347180496,97754.75887088056,122.74873606838997
AST-000499,0.010712154508153058,0,0.0,0.0,0.0
AST-000500,0.05014852238167592,0,0.0,0.0,0.0
AST-000501,0.015805214559832872,0,0.0,0.0,0.0
AST-000502,0.01860617304671421,0,0.0,0.0,0.0
AST-000503,0.5074917869298632,1,29715.777638513686,7769.974171732841,53.63117506327883
AST-000504,0.027044817183124573,0,0.0,0.0,0.0
AST-000505,0.010166806848118956,0,0.0,0.0,0.0
AST-000506,0.037590447139516724,0,0.0,0.0,0.0
AST-000507,0.004195816223477067,0,0.0,0.0,0.0
AST-000508,0.042447365190301165,0,0.0,0.0,0.0
AST-000509,0.07496268484971139,0,0.0,0.0,0.0
AST-000510,0.26253083270806943,0,0.0,0.0,0.0
AST-000511,0.01102569993367616,0,0.0,0.0,0.0
AST-000512,0.009383205470540766,0,0.0,0.0,0.0
AST-000513,0.09044718938694862,0,0.0,0.0,0.0
AST-000514,0.22058404293668216,0,0.0,0.0,0.0
AST-000515,0.12317152667518413,0,0.0,0.0,0.0
AST-000516,0.022777717440066163,0,0.0,0.0,0.0
AST-000517,0.003003710431684194,0,0.0,0.0,0.0
AST-000518,0.008879454706872512,0,0.0,0.0,0.0
AST-000519,0.008708820249025995,0,0.0,0.0,0.0
AST-000520,0.03454845181722993,0,0.0,0.0,0.0
AST-000521,0.02416531460806788,0,0.0,0.0,0.0
AST-000522,0.002715926374888344,0,0.0,0.0,0.0
AST-000523,0.28605338486284376,0,0.0,0.0,0.0
AST-000524,0.030180348806490565,0,0.0,0.0,0.0
AST-000525,0.11612144897980026,0,0.0,0.0,0.0
AST-000526,0.033331187959352894,0,0.0,0.0,0.0
AST-000527,0.08247567860074097,0,0.0,0.0,0.0
AST-000528,0.019103128875939526,0,0.0,0.0,0.0
AST-000529,0.022102283326779586,0,0.0,0.0,0.0
AST-000530,0.0365195614295079,0,0.0,0.0,0.0
AST-000531,0.06918798269611998,0,0.0,0.0,0.0
AST-000532,0.02948635310766327,0,0.0,0.0,0.0
AST-000533,0.0492931031129103,0,0.0,0.0,0.0
AST-000534,0.09906747514269651,0,0.0,0.0,0.0
AST-000535,0.6288469608675986,0,0.0,0.0,0.0
AST-000536,0.03799184169165429,0,0.0,0.0,0.0
AST-000537,0.06939767015134295,0,0.0,0.0,0.0
AST-000538,0.5747275692618182,0,0.0,0.0,0.0
AST-000539,0.004281078595385644,0,0.0,0.0,0.0
AST-000540,0.09297519983213236,0,0.0,0.0,0.0
AST-000541,0.02612137148393221,0,0.0,0.0,0.0
AST-000542,0.01437575885830141,0,0.0,0.0,0.0
AST-000543,0.007177510234273828,0,0.0,0.0,0.0
AST-000544,0.01033596006292083,0,0.0,0.0,0.0
AST-000545,0.009186847399698446,0,0.0,0.0,0.0
AST-000546,0.00258200783227283,0,0.0,0.0,0.0
AST-000547,0.17380518421280322,0,0.0,0.0,0.0
AST-000548,0.01142624815476805,0,0.0,0.0,0.0
AST-000549,0.21914074269457148,0,0.0,0.0,0.0
AST-000550,0.0016549212046654612,0,0.0,0.0,0.0
AST-000551,0.02725434572001566,0,0.0,0.0,0.0
AST-000552,0.011099405999244695,0,0.0,0.0,0.0
AST-000553,0.3445696229362064,0,0.0,0.0,0.0
AST-000554,0.0014013465901138683,0,0.0,0.0,0.0
AST-000555,0.06254748710224028,0,0.0,0.0,0.0
AST-000556,0.02837293802446677,0,0.0,0.0,0.0
AST-000557,0.012968783424894496,0,0.0,0.0,0.0
AST-000558,0.015632700800905012,0,0.0,0.0,0.0
AST-000559,0.5865576978713879,1,22759.07668854,4144.320711836871,71.13638818709492
AST-000560,0.034987369801021725,0,0.0,0.0,0.0
AST-000561,0.002276823608633299,0,0.0,0.0,0.0
AST-000562,0.008575358271993076,0,0.0,0.0,0.0
AST-000563,0.010791748712581761,0,0.0,0.0,0.0
AST-000564,0.08366179465293207,0,0.0,0.0,0.0
AST-000565,0.042009939038933755,0,0.0,0.0,0.0
AST-000566,0.0924631386144584,0,0.0,0.0,0.0
AST-000567,0.4200573047234007,1,63984.48685281776,18216.727709342198,168.43004977504802
AST-000568,0.004591238223309675,0,0.0,0.0,0.0
AST-000569,0.1316587942850647,1,46379.00283037213,10786.25059954197,21.38793237678079
AST-000570,0.006749926909263201,0,0.0,0.0,0.0
AST-000571,0.00511969130707805,0,0.0,0.0,0.0
AST-000572,0.4251797846085391,0,0.0,0.0,0.0
AST-000573,0.5182039208633225,1,5000.0,1357.822181607982,57.62113386707111
AST-000574,0.004079756536672719,0,0.0,0.0,0.0
AST-000575,0.615452472240157,1,969891.0795309724,198632.41658498868,6.549914003627325
AST-000576,0.007426704045321368,0,0.0,0.0,0.0
AST-000577,0.008012188725460383,0,0.0,0.0,0.0
AST-000578,0.03232762273970202,0,0.0,0.0,0.0
AST-000579,0.05865779063804805,0,0.0,0.0,0.0
AST-000580,0.02212145690594751,0,0.0,0.0,0.0
AST-000581,0.013958685280359913,0,0.0,0.0,0.0
AST-000582,0.005874309706604458,0,0.0,0.0,0.0
AST-000583,0.15544563636080197,0,0.0,0.0,0.0
AST-000584,0.004782695517803845,0,0.0,0.0,0.0
AST-000585,0.0018704175719043833,0,0.0,0.0,0.0
AST-000586,0.003184808741773073,0,0.0,0.0,0.0
AST-000587,0.024903547968203578,1,102331.67151474993,23693.89381932117,12.496687763243555
AST-000588,0.2536206785188468,0,0.0,0.0,0.0
AST-000589,0.002838550027125178,0,0.0,0.0,0.0
AST-000590,0.06523029678398315,0,0.0,0.0,0.0
AST-000591,0.3149043247982145,0,0.0,0.0,0.0
AST-000592,0.02183561099666294,0,0.0,0.0,0.0
AST-000593,0.015261133144030005,0,0.0,0.0,0.0
AST-000594,0.9257760268361007,1,13134.721532696667,2512.4269609735047,33.742068754536454
AST-000595,0.20525409650703694,0,0.0,0.0,0.0
AST-000596,0.0061139198514027345,0,0.0,0.0,0.0
AST-000597,0.11990534464442974,1,659818.5528699517,168948.12913891906,5.562279655688907
AST-000598,0.0017584615942696851,0,0.0,0.0,0.0
AST-000599,0.007266156726236959,0,0.0,0.0,0.0
AST-000600,0.01298719084319476,0,0.0,0.0,0.0
AST-000601,0.07826856114300747,1,303004.5067405241,74633.86887180488,4.130990080294023
AST-000602,0.005372492321622697,0,0.0,0.0,0.0
AST-000603,0.013533011197773668,0,0.0,0.0,0.0
AST-000604,0.11246622913847522,0,0.0,0.0,0.0
AST-000605,0.0012636722518506698,0,0.0,0.0,0.0
AST-000606,0.24558929603075974,0,0.0,0.0,0.0
AST-000607,0.0037918804755629138,0,0.0,0.0,0.0
AST-000608,0.0038056891196575045,0,0.0,0.0,0.0
AST-000609,0.11924302699375083,1,31974.5075054036,8022.727477119115,26.180749343559683
AST-000610,0.016569597059434733,0,0.0,0.0,0.0
AST-000611,0.045634610383122394,0,0.0,0.0,0.0
AST-000612,0.015743778389415052,0,0.0,0.0,0.0
AST-000613,0.03091165260226073,0,0.0,0.0,0.0
AST-000614,0.06732385748645453,0,0.0,0.0,0.0
AST-000615,0.007796965758062819,0,0.0,0.0,0.0
AST-000616,0.5662519915578391,1,40594.29222655443,15279.097356523676,27.732268975773465
AST-000617,0.040770493344764146,0,0.0,0.0,0.0
AST-000618,0.14029629508624067,0,0.0,0.0,0.0
AST-000619,0.002065687745032136,0,0.0,0.0,0.0
AST-000620,0.024063465581246456,0,0.0,0.0,0.0
AST-000621,0.06022985449780075,0,0.0,0.0,0.0
AST-000622,0.007270705553294277,0,0.0,0.0,0.0
AST-000623,0.0215188199476488,0,0.0,0.0,0.0
AST-000624,0.014348989374682663,0,0.0,0.0,0.0
AST-000625,0.19515479616509157,0,0.0,0.0,0.0
AST-000626,0.4562303624794841,0,0.0,0.0,0.0
AST-000627,0.09746991242395539,0,0.0,0.0,0.0
AST-000628,0.003285420998734344,0,0.0,0.0,0.0
AST-000629,0.005233309353051147,0,0.0,0.0,0.0
AST-000630,0.20891202350132484,0,0.0,0.0,0.0
AST-000631,0.03530010758640582,0,0.0,0.0,0.0
AST-000632,0.03211315789939208,0,0.0,0.0,0.0
AST-000633,0.017835107741253187,0,0.0,0.0,0.0
AST-000634,0.18367849634800967,0,0.0,0.0,0.0
AST-000635,0.024088113901528662,0,0.0,0.0,0.0
AST-000636,0.006891524683745849,0,0.0,0.0,0.0
AST-000637,0.04909105398985157,0,0.0,0.0,0.0
AST-000638,0.05445278363477787,0,0.0,0.0,0.0
AST-000639,0.007941031360611502,0,0.0,0.0,0.0
AST-000640,0.16977629693195792,0,0.0,0.0,0.0
AST-000641,0.6794842837114963,0,0.0,0.0,0.0
AST-000642,0.2548437372735873,0,0.0,0.0,0.0
AST-000643,0.0017592099288151967,0,0.0,0.0,0.0
AST-000644,0.01990964402180967,0,0.0,0.0,0.0
AST-000645,0.005007391453236767,0,0.0,0.0,0.0
AST-000646,0.01176255782569971,0,0.0,0.0,0.0
AST-000647,0.00412967241136042,0,0.0,0.0,0.0
AST-000648,0.02294101450974226,0,0.0,0.0,0.0
AST-000649,0.010662531203522032,0,0.0,0.0,0.0
AST-000650,0.012369726002887672,0,0.0,0.0,0.0
AST-000651,0.18040212598887465,0,0.0,0.0,0.0
AST-000652,0.047571212785819744,0,0.0,0.0,0.0
AST-000653,0.42208258457432224,1,271581.34719535074,103376.4731307406,2.5388285332051765
AST-000654,0.21244490442977226,0,0.0,0.0,0.0
AST-000655,0.022555811883773893,0,0.0,0.0,0.0
AST-000656,0.06118675255045057,0,0.0,0.0,0.0
AST-000657,0.07642816915977776,0,0.0,0.0,0.0
AST-000658,0.007992120953342532,0,0.0,0.0,0.0
AST-000659,0.17291490413925137,0,0.0,0.0,0.0
AST-000660,0.01721712257337079,0,0.0,0.0,0.0
AST-000661,0.17452289945789487,0,0.0,0.0,0.0
AST-000662,0.030857136726691527,1,116070.17718709863,14058.07470272613,11.779090084981949
AST-000663,0.02787564434853947,0,0.0,0.0,0.0
AST-000664,0.3791117665193535,0,0.0,0.0,0.0
AST-000665,0.02099420842751004,0,0.0,0.0,0.0
AST-000666,0.24316746226988806,0,0.0,0.0,0.0
AST-000667,0.29715685525270347,0,0.0,0.0,0.0
AST-000668,0.3380323916177154,0,0.0,0.0,0.0
AST-000669,0.18203584532704825,0,0.0,0.0,0.0
AST-000670,0.07397941586498694,0,0.0,0.0,0.0
AST-000671,0.7052140015788358,1,390871.5526993074,53389.93247325134,96.36011054286195
AST-000672,0.003772710599778641,0,0.0,0.0,0.0
AST-000673,0.009048919209245216,0,0.0,0.0,0.0
AST-000674,0.03443355199486454,0,0.0,0.0,0.0
AST-000675,0.10507448335735677,0,0.0,0.0,0.0
AST-000676,0.04853499033468216,0,0.0,0.0,0.0
AST-000677,0.10525313250172158,0,0.0,0.0,0.0
AST-000678,0.019329154755693384,0,0.0,0.0,0.0
AST-000679,0.02164595631598865,0,0.0,0.0,0.0
AST-000680,0.2506250007237504,1,17139.97566162224,6202.0422441692945,6.748569976848802
AST-000681,0.0020532750771618123,0,0.0,0.0,0.0
AST-000682,0.008024525672686024,0,0.0,0.0,0.0
AST-000683,0.038215779010407604,0,0.0,0.0,0.0
AST-000684,0.03200224310429009,0,0.0,0.0,0.0
AST-000685,0.00912574724417549,0,0.0,0.0,0.0
AST-000686,0.008844202460817682,0,0.0,0.0,0.0
AST-000687,0.03937552654984949,0,0.0,0.0,0.0
AST-000688,0.23373135064786593,0,0.0,0.0,0.0
AST-000689,0.022067135517634437,0,0.0,0.0,0.0
AST-000690,0.03765491604199605,0,0.0,0.0,0.0
AST-000691,0.11574309509257891,1,74818.2896898971,23797.900301134472,64.71587964243393
AST-000692,0.002675005323960486,0,0.0,0.0,0.0
AST-000693,0.024798476661256307,0,0.0,0.0,0.0
AST-000694,0.024910245069387677,0,0.0,0.0,0.0
AST-000695,0.001855546792459119,0,0.0,0.0,0.0
AST-000696,0.13175947765178023,0,0.0,0.0,0.0
AST-000697,0.016454284393183947,0,0.0,0.0,0.0
AST-000698,0.007152521376829655,0,0.0,0.0,0.0
AST-000699,0.5585837572878337,1,780506.5079992416,300959.90936994104,2.295023852171041
AST-000700,0.02836071581614588,0,0.0,0.0,0.0
AST-000701,0.9330082528856943,1,1406513.3026218875,489179.79629557766,1.2774483771046867
AST-000702,0.05656133580091146,0,0.0,0.0,0.0
AST-000703,0.013196432023597727,0,0.0,0.0,0.0
AST-000704,0.15191878174753115,1,13250.823330596251,1537.300179238206,76.91494701355042
AST-000705,0.011691419802698168,0,0.0,0.0,0.0
AST-000706,0.09691694029971519,0,0.0,0.0,0.0
AST-000707,0.2601486744002993,0,0.0,0.0,0.0
AST-000708,0.026136516609081034,0,0.0,0.0,0.0
AST-000709,0.008494681279466555,0,0.0,0.0,0.0
AST-000710,0.01124720858874953,0,0.0,0.0,0.0
AST-000711,0.03661643778351319,0,0.0,0.0,0.0
AST-000712,0.04659596805272471,0,0.0,0.0,0.0
AST-000713,0.03925340779475038,0,0.0,0.0,0.0
AST-000714,0.07256423405129149,0,0.0,0.0,0.0
AST-000715,0.04046738834546588,0,0.0,0.0,0.0
AST-000716,0.008967455579317473,0,0.0,0.0,0.0
AST-000717,0.2586828013474118,0,0.0,0.0,0.0
AST-000718,0.05968264882991694,0,0.0,0.0,0.0
AST-000719,0.0037923585283429428,0,0.0,0.0,0.0
AST-000720,0.002851500971112875,0,0.0,0.0,0.0
AST-000721,0.05093736858910145,0,0.0,0.0,0.0
AST-000722,0.003390445048552036,0,0.0,0.0,0.0
AST-000723,0.007798195769444044,0,0.0,0.0,0.0
AST-000724,0.002504922922965071,0,0.0,0.0,0.0
AST-000725,0.005680676972008287,0,0.0,0.0,0.0
AST-000726,0.25668200354694515,1,77435.29464421252,8562.603148218504,1.27048315343519
AST-000727,0.0055675072214800714,0,0.0,0.0,0.0
AST-000728,0.025127044478237378,0,0.0,0.0,0.0
AST-000729,0.008053351599056317,0,0.0,0.0,0.0
AST-000730,0.05037295586782695,0,0.0,0.0,0.0
AST-000731,0.01121665952909018,0,0.0,0.0,0.0
AST-000732,0.013556732294751161,0,0.0,0.0,0.0
AST-000733,0.015312776275129641,0,0.0,0.0,0.0
AST-000734,0.014870352538799243,0,0.0,0.0,0.0
AST-000735,0.030585021589046007,0,0.0,0.0,0.0
AST-000736,0.00815238189761842,0,0.0,0.0,0.0
AST-000737,0.01927042519628086,0,0.0,0.0,0.0
AST-000738,0.026162118521521834,0,0.0,0.0,0.0
AST-000739,0.015649766947377138,0,0.0,0.0,0.0
AST-000740,0.006165512656735533,0,0.0,0.0,0.0
AST-000741,0.00600049483669727,0,0.0,0.0,0.0
AST-000742,0.005589628094862504,0,0.0,0.0,0.0
AST-000743,0.006307758768222095,0,0.0,0.0,0.0
AST-000744,0.017933961015647374,0,0.0,0.0,0.0
AST-000745,0.014555916050837954,0,0.0,0.0,0.0
AST-000746,0.07112907280034074,0,0.0,0.0,0.0
AST-000747,0.001997572416398963,0,0.0,0.0,0.0
AST-000748,0.022471596208588386,0,0.0,0.0,0.0
AST-000749,0.008252280051866423,0,0.0,0.0,0.0
AST-000750,0.009619783321253733,0,0.0,0.0,0.0
AST-000751,0.008720042898411464,0,0.0,0.0,0.0
AST-000752,0.08937488080405588,0,0.0,0.0,0.0
AST-000753,0.26063057043559,0,0.0,0.0,0.0
AST-000754,0.002889849206803361,0,0.0,0.0,0.0
AST-000755,0.024457843522566674,0,0.0,0.0,0.0
AST-000756,0.01508854076873207,0,0.0,0.0,0.0
AST-000757,0.06517778833862813,0,0.0,0.0,0.0
AST-000758,0.16686431919207,0,0.0,0.0,0.0
AST-000759,0.026654821074507538,0,0.0,0.0,0.0
AST-000760,0.14089667371622394,0,0.0,0.0,0.0
AST-000761,0.003067175559101058,0,0.0,0.0,0.0
AST-000762,0.0076680310692743975,0,0.0,0.0,0.0
AST-000763,0.018474598169670862,0,0.0,0.0,0.0
AST-000764,0.3509490835023063,0,0.0,0.0,0.0
AST-000765,0.7522580672544882,1,519305.5903879793,174729.4219900311,100.02583497872007
AST-000766,0.5733008066324837,0,0.0,0.0,0.0
AST-000767,0.011264978501626466,0,0.0,0.0,0.0
AST-000768,0.24615705189599385,0,0.0,0.0,0.0
AST-000769,0.008091597246983773,0,0.0,0.0,0.0
AST-000770,0.025074482297601626,0,0.0,0.0,0.0
AST-000771,0.007008065289589585,0,0.0,0.0,0.0
AST-000772,0.017638651050049282,0,0.0,0.0,0.0
AST-000773,0.00918795460741942,0,0.0,0.0,0.0
AST-000774,0.005818570100702643,0,0.0,0.0,0.0
AST-000775,0.04790871845022848,0,0.0,0.0,0.0
AST-000776,0.0033859626877515816,0,0.0,0.0,0.0
AST-000777,0.008470532389510295,0,0.0,0.0,0.0
AST-000778,0.12239497493927383,1,245420.66623358,96215.59315564504,74.5340558904764
AST-000779,0.019540709806492036,0,0.0,0.0,0.0
AST-000780,0.011338366898751498,0,0.0,0.0,0.0
AST-000781,0.05245679501182329,0,0.0,0.0,0.0
AST-000782,0.05932591149025537,1,108449.68219194144,42732.17698949674,3.959457748077493
AST-000783,0.08763479474911885,0,0.0,0.0,0.0
AST-000784,0.014986293658582195,0,0.0,0.0,0.0
AST-000785,0.6247618493208071,1,42140.04419031979,16284.6005447672,29.594616139669153
AST-000786,0.010909879037449815,0,0.0,0.0,0.0
AST-000787,0.011781255596390587,0,0.0,0.0,0.0
AST-000788,0.03679601843754886,0,0.0,0.0,0.0
AST-000789,0.004529046695863429,0,0.0,0.0,0.0
AST-000790,0.011054892651323138,0,0.0,0.0,0.0
AST-000791,0.46144514880393805,0,0.0,0.0,0.0
AST-000792,0.29325549876010726,0,0.0,0.0,0.0
AST-000793,0.005239502757610411,0,0.0,0.0,0.0
AST-000794,0.5488789352382075,0,0.0,0.0,0.0
AST-000795,0.015714271717819563,0,0.0,0.0,0.0
AST-000796,0.0032148948241631607,0,0.0,0.0,0.0
AST-000797,0.006140600570689088,0,0.0,0.0,0.0
AST-000798,0.03664370431245502,0,0.0,0.0,0.0
AST-000799,0.07308551538161447,0,0.0,0.0,0.0
AST-000800,0.056240750988524414,0,0.0,0.0,0.0
AST-000801,0.010877330628879843,0,0.0,0.0,0.0
AST-000802,0.05304075609916793,0,0.0,0.0,0.0
AST-000803,0.27683161920352584,1,37518.596636839924,11512.502706234925,27.965881453238982
AST-000804,0.14564968005459197,0,0.0,0.0,0.0
AST-000805,0.01472774223789385,0,0.0,0.0,0.0
AST-000806,0.016847357564693216,0,0.0,0.0,0.0
AST-000807,0.11451185640320596,0,0.0,0.0,0.0
AST-000808,0.007009053963444796,0,0.0,0.0,0.0
AST-000809,0.2084308731991068,1,63113.773616140745,23497.121968580752,5.759022807133318
AST-000810,0.08945388905648423,0,0.0,0.0,0.0
AST-000811,0.8551015273382899,1,461502.93339666014,72956.89389790352,32.997053226853424
AST-000812,0.018015229423424494,0,0.0,0.0,0.0
AST-000813,0.07648795347070075,0,0.0,0.0,0.0
AST-000814,0.560647783490333,1,30128.52147539441,5147.329444690165,53.349248978821066
AST-000815,0.0032496252139460023,0,0.0,0.0,0.0
AST-000816,0.01890897701138002,0,0.0,0.0,0.0
AST-000817,0.3968599547247887,0,0.0,0.0,0.0
AST-000818,0.01842025554717564,0,0.0,0.0,0.0
AST-000819,0.3082379180633932,0,0.0,0.0,0.0
AST-000820,0.038401283604789616,0,0.0,0.0,0.0
AST-000821,0.3065578769764493,0,0.0,0.0,0.0
AST-000822,0.3148005667585261,0,0.0,0.0,0.0
AST-000823,0.00896270380181933,0,0.0,0.0,0.0
AST-000824,0.28158691234862343,0,0.0,0.0,0.0
AST-000825,0.005506343190822539,0,0.0,0.0,0.0
AST-000826,0.004941568503953684,0,0.0,0.0,0.0
AST-000827,0.01899664561782728,0,0.0,0.0,0.0
AST-000828,0.0031890179414619697,0,0.0,0.0,0.0
AST-000829,0.030902720597484435,0,0.0,0.0,0.0
AST-000830,0.07439587756201164,0,0.0,0.0,0.0
AST-000831,0.0018001762004685863,0,0.0,0.0,0.0
AST-000832,0.017810784644220614,0,0.0,0.0,0.0
AST-000833,0.011935767739457405,0,0.0,0.0,0.0
AST-000834,0.008436633944125999,0,0.0,0.0,0.0
AST-000835,0.23369822987875938,0,0.0,0.0,0.0
AST-000836,0.01341586222355583,0,0.0,0.0,0.0
AST-000837,0.17097303781684114,0,0.0,0.0,0.0
AST-000838,0.0717015082398383,0,0.0,0.0,0.0
AST-000839,0.03403251008302906,0,0.0,0.0,0.0
AST-000840,0.6890126531137831,1,415123.73969871574,104850.26670762415,14.37950550571177
AST-000841,0.01687739445026928,0,0.0,0.0,0.0
AST-000842,0.013063863305191407,0,0.0,0.0,0.0
AST-000843,0.046349113555085385,0,0.0,0.0,0.0
AST-000844,0.09387181293159776,0,0.0,0.0,0.0
AST-000845,0.06345112127363653,0,0.0,0.0,0.0
AST-000846,0.05279394308860078,0,0.0,0.0,0.0
AST-000847,0.07385075383298882,0,0.0,0.0,0.0
AST-000848,0.005744643434644474,0,0.0,0.0,0.0
AST-000849,0.054857026359475335,0,0.0,0.0,0.0
AST-000850,0.009718456259989704,0,0.0,0.0,0.0
AST-000851,0.6644631685935111,0,0.0,0.0,0.0
AST-000852,0.007662806884754802,0,0.0,0.0,0.0
AST-000853,0.050979805258492494,0,0.0,0.0,0.0
AST-000854,0.00978895856587935,0,0.0,0.0,0.0
AST-000855,0.11834572711575404,0,0.0,0.0,0.0
AST-000856,0.004811475831426754,0,0.0,0.0,0.0
AST-000857,0.05785992969105897,0,0.0,0.0,0.0
AST-000858,0.04232819332994367,0,0.0,0.0,0.0
AST-000859,0.21289490065478361,0,0.0,0.0,0.0
AST-000860,0.025027536355321765,0,0.0,0.0,0.0
AST-000861,0.0023499889136162373,0,0.0,0.0,0.0
AST-000862,0.011511761505126956,0,0.0,0.0,0.0
AST-000863,0.007854388339199533,0,0.0,0.0,0.0
AST-000864,0.0025266640082160906,0,0.0,0.0,0.0
AST-000865,0.009304530793817448,0,0.0,0.0,0.0
AST-000866,0.006893499259209187,0,0.0,0.0,0.0
AST-000867,0.07859689671117726,0,0.0,0.0,0.0
AST-000868,0.011684823024991674,0,0.0,0.0,0.0
AST-000869,0.020481165973384872,0,0.0,0.0,0.0
AST-000870,0.11265244884365647,0,0.0,0.0,0.0
AST-000871,0.2723696317919485,0,0.0,0.0,0.0
AST-000872,0.03410443017411117,0,0.0,0.0,0.0
AST-000873,0.01713571681213241,0,0.0,0.0,0.0
AST-000874,0.0843916629620176,0,0.0,0.0,0.0
AST-000875,0.16743280444003886,0,0.0,0.0,0.0
AST-000876,0.02209526856085654,0,0.0,0.0,0.0
AST-000877,0.24072683801487713,0,0.0,0.0,0.0
AST-000878,0.03301755221893959,0,0.0,0.0,0.0
AST-000879,0.01242296763670182,0,0.0,0.0,0.0
AST-000880,0.014351044021878237,0,0.0,0.0,0.0
AST-000881,0.006426374351925233,0,0.0,0.0,0.0
AST-000882,0.00912144641119921,0,0.0,0.0,0.0
AST-000883,0.011925410459443689,0,0.0,0.0,0.0
AST-000884,0.03826079590575059,0,0.0,0.0,0.0
AST-000885,0.012920379117706151,0,0.0,0.0,0.0
AST-000886,0.011891413418059658,0,0.0,0.0,0.0
AST-000887,0.03391450370867336,0,0.0,0.0,0.0
AST-000888,0.037939680604121145,0,0.0,0.0,0.0
AST-000889,0.07117396328304058,0,0.0,0.0,0.0
AST-000890,0.029269086156986767,0,0.0,0.0,0.0
AST-000891,0.005098773808411439,0,0.0,0.0,0.0
AST-000892,0.03227138532840012,0,0.0,0.0,0.0
AST-000893,0.017642348383116315,0,0.0,0.0,0.0
AST-000894,0.4480529827312449,1,95726.03982155654,12425.77725273557,22.61878026945683
AST-000895,0.0461747228330539,0,0.0,0.0,0.0
AST-000896,0.04114196845691924,0,0.0,0.0,0.0
AST-000897,0.007929399875394724,0,0.0,0.0,0.0
AST-000898,0.7455634422493846,0,0.0,0.0,0.0
AST-000899,0.33371236659717374,0,0.0,0.0,0.0
AST-000900,0.01103143647454936,0,0.0,0.0,0.0
AST-000901,0.00417347536977153,0,0.0,0.0,0.0
AST-000902,0.08505583498743169,0,0.0,0.0,0.0
AST-000903,0.006007420429960742,0,0.0,0.0,0.0
AST-000904,0.0331298400442204,0,0.0,0.0,0.0
AST-000905,0.18622928875120084,0,0.0,0.0,0.0
AST-000906,0.1967449732388963,0,0.0,0.0,0.0
AST-000907,0.012335800791280526,0,0.0,0.0,0.0
AST-000908,0.0013452576326151034,0,0.0,0.0,0.0
AST-000909,0.0074551685118859875,0,0.0,0.0,0.0
AST-000910,0.02512922918276006,0,0.0,0.0,0.0
AST-000911,0.006607874794143943,0,0.0,0.0,0.0
AST-000912,0.0026513235103148712,0,0.0,0.0,0.0
AST-000913,0.06952508697204991,0,0.0,0.0,0.0
AST-000914,0.02540580271771992,0,0.0,0.0,0.0
AST-000915,0.044292389867811706,0,0.0,0.0,0.0
AST-000916,0.03369609010845623,0,0.0,0.0,0.0
AST-000917,0.026230162086398532,0,0.0,0.0,0.0
AST-000918,0.0285718018828118,0,0.0,0.0,0.0
AST-000919,0.04085177485758675,0,0.0,0.0,0.0
AST-000920,0.12244183012446011,0,0.0,0.0,0.0
AST-000921,0.18534540802713542,0,0.0,0.0,0.0
AST-000922,0.33714561689269884,0,0.0,0.0,0.0
AST-000923,0.4109578552339154,0,0.0,0.0,0.0
AST-000924,0.054183468886173966,0,0.0,0.0,0.0
AST-000925,0.0244287469590578,0,0.0,0.0,0.0
AST-000926,0.022277197184515426,0,0.0,0.0,0.0
AST-000927,0.0269565754163565,0,0.0,0.0,0.0
AST-000928,0.009733708099654752,0,0.0,0.0,0.0
AST-000929,0.5632928327056617,1,669216.4508580825,127253.60362292398,11.549666537577004
AST-000930,0.7287120380367698,0,0.0,0.0,0.0
AST-000931,0.3122367424850031,0,0.0,0.0,0.0
AST-000932,0.009592985659497696,0,0.0,0.0,0.0
AST-000933,0.5591082756681618,0,0.0,0.0,0.0
AST-000934,0.008549344714417522,0,0.0,0.0,0.0
AST-000935,0.9400606020375609,1,255877.05902754897,59846.019624958484,152.84295586887038
AST-000936,0.052063070611598844,0,0.0,0.0,0.0
AST-000937,0.01923273434048293,0,0.0,0.0,0.0
AST-000938,0.12337283704341998,1,105919.69309484823,16476.59098826421,26.47378688778425
AST-000939,0.27913153845562727,1,226242.32929133825,58222.93581006546,2.2167742627340496
AST-000940,0.08986989422763289,0,0.0,0.0,0.0
AST-000941,0.011241635734822664,0,0.0,0.0,0.0
AST-000942,0.00723034366173622,0,0.0,0.0,0.0
AST-000943,0.03422817367064567,0,0.0,0.0,0.0
AST-000944,0.15658936438425328,0,0.0,0.0,0.0
AST-000945,0.007803308258989989,0,0.0,0.0,0.0
AST-000946,0.01826154249355239,0,0.0,0.0,0.0
AST-000947,0.1500946144084208,0,0.0,0.0,0.0
AST-000948,0.05854148501264856,0,0.0,0.0,0.0
AST-000949,0.02165253631938744,0,0.0,0.0,0.0
AST-000950,0.01090710444985336,1,207537.32271107298,72722.8444451729,28.259650056330305
AST-000951,0.02934537036682349,0,0.0,0.0,0.0
AST-000952,0.026981024312416037,0,0.0,0.0,0.0
AST-000953,0.007148173544557355,0,0.0,0.0,0.0
AST-000954,0.007136901524129194,0,0.0,0.0,0.0
AST-000955,0.012756297745295447,0,0.0,0.0,0.0
AST-000956,0.010070035184681955,0,0.0,0.0,0.0
AST-000957,0.3598038875174001,1,3777124.5237130234,1251790.647927914,15.23914101874627
AST-000958,0.49812518584822874,1,1034695.2157933268,278958.0042654939,64.88592796212583
AST-000959,0.008354843768557796,0,0.0,0.0,0.0
AST-000960,0.16600312238560294,0,0.0,0.0,0.0
AST-000961,0.4069449070515714,1,97813.4837276133,35089.07661431496,50.743572146745564
AST-000962,0.005960411109946958,0,0.0,0.0,0.0
AST-000963,0.6036805362890004,0,0.0,0.0,0.0
AST-000964,0.06551699702030683,0,0.0,0.0,0.0
AST-000965,0.2409283107101816,1,16597.51697359605,6229.504952096598,22.610213369749914
AST-000966,0.016502354689104652,0,0.0,0.0,0.0
AST-000967,0.007546523330530349,0,0.0,0.0,0.0
AST-000968,0.3938140659808328,0,0.0,0.0,0.0
AST-000969,0.008514520195560768,0,0.0,0.0,0.0
AST-000970,0.006761315371499649,0,0.0,0.0,0.0
AST-000971,0.00972005648814432,0,0.0,0.0,0.0
AST-000972,0.005818082936763822,0,0.0,0.0,0.0
AST-000973,0.03189968592753186,0,0.0,0.0,0.0
AST-000974,0.024263139792996928,0,0.0,0.0,0.0
AST-000975,0.19889948760653742,0,0.0,0.0,0.0
AST-000976,0.05925012888337611,0,0.0,0.0,0.0
AST-000977,0.012049519233393634,0,0.0,0.0,0.0
AST-000978,0.060404940256951485,0,0.0,0.0,0.0
AST-000979,0.6746568768391097,0,0.0,0.0,0.0
AST-000980,0.01445753349751578,0,0.0,0.0,0.0
AST-000981,0.39094715511988243,1,1025406.0744184498,108677.24900673173,1.5819611544109942
AST-000982,0.04957436505087831,0,0.0,0.0,0.0
AST-000983,0.04679466230478879,0,0.0,0.0,0.0
AST-000984,0.10128120127316383,0,0.0,0.0,0.0
AST-000985,0.005355491928356277,0,0.0,0.0,0.0
AST-000986,0.02734682886658892,0,0.0,0.0,0.0
AST-000987,0.121789862122453,0,0.0,0.0,0.0
AST-000988,0.035502581163490504,0,0.0,0.0,0.0
AST-000989,0.030659198546127524,0,0.0,0.0,0.0
AST-000990,0.04509746565187625,0,0.0,0.0,0.0
AST-000991,0.2988526126054285,1,29808.601873240754,8167.888770993646,60.00574290941277
AST-000992,0.0029818038294468913,0,0.0,0.0,0.0
AST-000993,0.018804276165861392,0,0.0,0.0,0.0
AST-000994,0.014839776182064147,0,0.0,0.0,0.0
AST-000995,0.014258270997182219,0,0.0,0.0,0.0
AST-000996,0.2239669417080107,0,0.0,0.0,0.0
AST-000997,0.05930784686267392,0,0.0,0.0,0.0
AST-000998,0.003972007124168745,0,0.0,0.0,0.0
AST-000999,0.24371103594053684,0,0.0,0.0,0.0
AST-001000,0.029891194038414025,0,0.0,0.0,0.0
AST-001001,0.10970048895081727,0,0.0,0.0,0.0
AST-001002,0.05217073626573126,0,0.0,0.0,0.0
AST-001003,0.004976986708881612,0,0.0,0.0,0.0
AST-001004,0.012638758058993293,0,0.0,0.0,0.0
AST-001005,0.10653450923362215,0,0.0,0.0,0.0
AST-001006,0.027250155166572077,0,0.0,0.0,0.0
AST-001007,0.17261207250072275,0,0.0,0.0,0.0
AST-001008,0.14087808617745268,0,0.0,0.0,0.0
AST-001009,0.0037343944771607547,0,0.0,0.0,0.0
AST-001010,0.023849570842296264,0,0.0,0.0,0.0
AST-001011,0.1504984413025397,0,0.0,0.0,0.0
AST-001012,0.04781092749379537,0,0.0,0.0,0.0
AST-001013,0.04033121872900941,0,0.0,0.0,0.0
AST-001014,0.050367031730391455,0,0.0,0.0,0.0
AST-001015,0.03582209119281393,0,0.0,0.0,0.0
AST-001016,0.0027141712861803564,0,0.0,0.0,0.0
AST-001017,0.007955315534846623,0,0.0,0.0,0.0
AST-001018,0.008314340508354452,0,0.0,0.0,0.0
AST-001019,0.12897174331445796,1,665391.4080593216,70255.24355151836,32.43907730795953
AST-001020,0.011540787960358335,0,0.0,0.0,0.0
AST-001021,0.009223514085938363,0,0.0,0.0,0.0
AST-001022,0.13841637769850698,0,0.0,0.0,0.0
AST-001023,0.009312894176921611,0,0.0,0.0,0.0
AST-001024,0.007882009375009175,0,0.0,0.0,0.0
AST-001025,0.011518402022430258,0,0.0,0.0,0.0
AST-001026,0.8871276395118347,1,39586.74097474949,14771.463901769563,108.95299708049622
AST-001027,0.01458786721013989,0,0.0,0.0,0.0
AST-001028,0.005038822643381005,0,0.0,0.0,0.0
AST-001029,0.022309515736934835,0,0.0,0.0,0.0
AST-001030,0.011191217149889701,0,0.0,0.0,0.0
AST-001031,0.026676743748967474,0,0.0,0.0,0.0
AST-001032,0.14698487491866272,0,0.0,0.0,0.0
AST-001033,0.010978013223426175,0,0.0,0.0,0.0
AST-001034,0.0014135119630730192,0,0.0,0.0,0.0
AST-001035,0.023709081141175876,0,0.0,0.0,0.0
AST-001036,0.04591404978957025,0,0.0,0.0,0.0
AST-001037,0.2879759564878662,0,0.0,0.0,0.0
AST-001038,0.38723367011191256,0,0.0,0.0,0.0
AST-001039,0.0042910432727310405,0,0.0,0.0,0.0
AST-001040,0.002250653803208238,0,0.0,0.0,0.0
AST-001041,0.002499926017182782,0,0.0,0.0,0.0
AST-001042,0.008636417459666475,0,0.0,0.0,0.0
AST-001043,0.15399828056505274,0,0.0,0.0,0.0
AST-001044,0.010898387737884986,0,0.0,0.0,0.0
AST-001045,0.30030339753664176,0,0.0,0.0,0.0
AST-001046,0.13879524819078648,1,60923.349093171964,6460.455669546147,35.5942330302264
AST-001047,0.15340626049517492,0,0.0,0.0,0.0
AST-001048,0.009666354217170145,0,0.0,0.0,0.0
AST-001049,0.0033970214983771517,0,0.0,0.0,0.0
AST-001050,0.09933680197397939,0,0.0,0.0,0.0
AST-001051,0.27956480201544526,0,0.0,0.0,0.0
AST-001052,0.1927821913145362,0,0.0,0.0,0.0
AST-001053,0.24817239441404876,1,38762.165499243936,15440.965366314318,87.34668312753719
AST-001054,0.02274757459271795,0,0.0,0.0,0.0
AST-001055,0.22943966987653683,1,47229.67569424915,13744.017146035683,9.567462065273457
AST-001056,0.014241024356289267,0,0.0,0.0,0.0
AST-001057,0.002157687180021849,0,0.0,0.0,0.0
AST-001058,0.19061808976767378,0,0.0,0.0,0.0
AST-001059,0.01707582185808326,0,0.0,0.0,0.0
AST-001060,0.020602673018602354,0,0.0,0.0,0.0
AST-001061,0.00488783987090932,0,0.0,0.0,0.0
AST-001062,0.04517786357896619,0,0.0,0.0,0.0
AST-001063,0.01492441345597708,0,0.0,0.0,0.0
AST-001064,0.008961239385412682,0,0.0,0.0,0.0
AST-001065,0.097436215030574,0,0.0,0.0,0.0
AST-001066,0.2134507139898057,0,0.0,0.0,0.0
AST-001067,0.01517746020916901,0,0.0,0.0,0.0
AST-001068,0.007606620300485256,0,0.0,0.0,0.0
AST-001069,0.0336041855273914,0,0.0,0.0,0.0
AST-001070,0.025699086654541674,0,0.0,0.0,0.0
AST-001071,0.024910306149561665,0,0.0,0.0,0.0
AST-001072,0.005436867278909792,0,0.0,0.0,0.0
AST-001073,0.014228138519155975,0,0.0,0.0,0.0
AST-001074,0.013897320937101807,0,0.0,0.0,0.0
AST-001075,0.13560964845135462,0,0.0,0.0,0.0
AST-001076,0.27339213105216575,0,0.0,0.0,0.0
AST-001077,0.10791390029333975,0,0.0,0.0,0.0
AST-001078,0.010408040806332201,0,0.0,0.0,0.0
AST-001079,0.07071285730887643,0,0.0,0.0,0.0
AST-001080,0.013577816246444233,0,0.0,0.0,0.0
AST-001081,0.0033485102716529565,0,0.0,0.0,0.0
AST-001082,0.009222612013239375,0,0.0,0.0,0.0
AST-001083,0.13527328275852174,1,9886.56970659074,2032.8374272038247,90.34165657409578
AST-001084,0.004908920231805146,0,0.0,0.0,0.0
AST-001085,0.007736082289298542,0,0.0,0.0,0.0
AST-001086,0.017390454757520126,0,0.0,0.0,0.0
AST-001087,0.03151325671914043,1,34950.64012858027,10493.6306948499,58.008956193611425
AST-001088,0.0022546406364154087,0,0.0,0.0,0.0
AST-001089,0.04141755331091044,0,0.0,0.0,0.0
AST-001090,0.007319134009389399,0,0.0,0.0,0.0
AST-001091,0.03861807219384993,0,0.0,0.0,0.0
AST-001092,0.09926979560162218,0,0.0,0.0,0.0
AST-001093,0.03752477170849085,0,0.0,0.0,0.0
AST-001094,0.03295449669324255,0,0.0,0.0,0.0
AST-001095,0.011378573385778499,0,0.0,0.0,0.0
AST-001096,0.21514469513481974,1,298855.4212813326,108795.6281443366,37.138752626142214
AST-001097,0.18455289314635664,0,0.0,0.0,0.0
AST-001098,0.08568472456907672,0,0.0,0.0,0.0
AST-001099,0.0033015746465747987,0,0.0,0.0,0.0
AST-001100,0.012421462185294298,0,0.0,0.0,0.0
AST-001101,0.3779874657567717,0,0.0,0.0,0.0
AST-001102,0.018280345814569703,0,0.0,0.0,0.0
AST-001103,0.010095733374555035,0,0.0,0.0,0.0
AST-001104,0.04915282099102625,0,0.0,0.0,0.0
AST-001105,0.024968036330764838,0,0.0,0.0,0.0
AST-001106,0.02774115577368536,0,0.0,0.0,0.0
AST-001107,0.01692430967819747,0,0.0,0.0,0.0
AST-001108,0.0060561307981385265,0,0.0,0.0,0.0
AST-001109,0.026050336921825585,0,0.0,0.0,0.0
AST-001110,0.005366761521650273,0,0.0,0.0,0.0
AST-001111,0.023233864939226353,0,0.0,0.0,0.0
AST-001112,0.020075522426990955,0,0.0,0.0,0.0
AST-001113,0.05510696851761945,0,0.0,0.0,0.0
AST-001114,0.12112450154822542,0,0.0,0.0,0.0
AST-001115,0.046616167940424114,0,0.0,0.0,0.0
AST-001116,0.6723509813779632,0,0.0,0.0,0.0
AST-001117,0.0077306793364059255,0,0.0,0.0,0.0
AST-001118,0.03470179619345158,0,0.0,0.0,0.0
AST-001119,0.013653954882372622,0,0.0,0.0,0.0
AST-001120,0.037185370456130705,0,0.0,0.0,0.0
AST-001121,0.0071064352089460735,0,0.0,0.0,0.0
AST-001122,0.005172355447020646,0,0.0,0.0,0.0
AST-001123,0.02962498439653489,0,0.0,0.0,0.0
AST-001124,0.011132780756220834,0,0.0,0.0,0.0
AST-001125,0.09206174664861108,0,0.0,0.0,0.0
AST-001126,0.1971546914168241,0,0.0,0.0,0.0
AST-001127,0.052161740656056686,0,0.0,0.0,0.0
AST-001128,0.00344372689644031,0,0.0,0.0,0.0
AST-001129,0.005465703744799747,0,0.0,0.0,0.0
AST-001130,0.00273002749693474,0,0.0,0.0,0.0
AST-001131,0.025531950024526122,0,0.0,0.0,0.0
AST-001132,0.0398781095439276,0,0.0,0.0,0.0
AST-001133,0.00751070536501264,0,0.0,0.0,0.0
AST-001134,0.020071408170837683,0,0.0,0.0,0.0
AST-001135,0.010282877735653609,0,0.0,0.0,0.0
AST-001136,0.7296424864384015,0,0.0,0.0,0.0
AST-001137,0.0068554544840103504,0,0.0,0.0,0.0
AST-001138,0.008668037500055879,0,0.0,0.0,0.0
AST-001139,0.034630057434773244,0,0.0,0.0,0.0
AST-001140,0.21268647390232429,0,0.0,0.0,0.0
AST-001141,0.008988821518035005,0,0.0,0.0,0.0
AST-001142,0.013846667907610058,0,0.0,0.0,0.0
AST-001143,0.018924317992727722,0,0.0,0.0,0.0
AST-001144,0.0037994336680352617,0,0.0,0.0,0.0
AST-001145,0.006119651053624829,0,0.0,0.0,0.0
AST-001146,0.0041606126770121305,0,0.0,0.0,0.0
AST-001147,0.6353038863814179,0,0.0,0.0,0.0
AST-001148,0.11079528603192128,0,0.0,0.0,0.0
AST-001149,0.012923049686292602,0,0.0,0.0,0.0
AST-001150,0.038894901385517905,0,0.0,0.0,0.0
AST-001151,0.026766484126297074,0,0.0,0.0,0.0
AST-001152,0.004262794368386475,0,0.0,0.0,0.0
AST-001153,0.030823042622537322,0,0.0,0.0,0.0
AST-001154,0.021642828526763646,0,0.0,0.0,0.0
AST-001155,0.005482994453516078,0,0.0,0.0,0.0
AST-001156,0.004438721880583159,0,0.0,0.0,0.0
AST-001157,0.4806244610259061,1,550269.5306522371,190764.19752577756,100.87293065641839
AST-001158,0.010511997811125735,0,0.0,0.0,0.0
AST-001159,0.07078593798517124,0,0.0,0.0,0.0
AST-001160,0.14801236589697955,0,0.0,0.0,0.0
AST-001161,0.047503601039847534,0,0.0,0.0,0.0
AST-001162,0.22927166396538148,1,122879.33668764595,14640.535119014157,54.25596002948064
AST-001163,0.004228746946370224,0,0.0,0.0,0.0
AST-001164,0.3021984594209547,0,0.0,0.0,0.0
AST-001165,0.4515312310113821,1,252159.13725267106,31607.16689678453,53.40091465223241
AST-001166,0.004149946074988451,0,0.0,0.0,0.0
AST-001167,0.014073748286561515,0,0.0,0.0,0.0
AST-001168,0.3076651234156952,0,0.0,0.0,0.0
AST-001169,0.004306374493210864,0,0.0,0.0,0.0
AST-001170,0.2001005192099317,0,0.0,0.0,0.0
AST-001171,0.03815654159223626,0,0.0,0.0,0.0
AST-001172,0.014278753801561734,0,0.0,0.0,0.0
AST-001173,0.21964137552887608,0,0.0,0.0,0.0
AST-001174,0.026103313626798456,0,0.0,0.0,0.0
AST-001175,0.004839684488822661,0,0.0,0.0,0.0
AST-001176,0.03386815217057826,0,0.0,0.0,0.0
AST-001177,0.010924890605038292,0,0.0,0.0,0.0
AST-001178,0.42489220589857796,1,91175.7035947425,29771.08235822895,35.19929802530021
AST-001179,0.002772648367697434,0,0.0,0.0,0.0
AST-001180,0.030869386120199873,0,0.0,0.0,0.0
AST-001181,0.15757796883391326,0,0.0,0.0,0.0
AST-001182,0.014621765829073536,0,0.0,0.0,0.0
AST-001183,0.00967456394761991,0,0.0,0.0,0.0
AST-001184,0.003969119980913041,0,0.0,0.0,0.0
AST-001185,0.007263341512938195,0,0.0,0.0,0.0
AST-001186,0.04765538410767994,0,0.0,0.0,0.0
AST-001187,0.010262869808478325,0,0.0,0.0,0.0
AST-001188,0.09396361585813295,0,0.0,0.0,0.0
AST-001189,0.8447736043210072,1,358456.0942543674,67433.42469701607,32.57481132262123
AST-001190,0.0018707642369321057,0,0.0,0.0,0.0
AST-001191,0.01132710863165033,0,0.0,0.0,0.0
AST-001192,0.023115630224547955,0,0.0,0.0,0.0
AST-001193,0.024033862590136082,0,0.0,0.0,0.0
AST-001194,0.013304035039242587,0,0.0,0.0,0.0
AST-001195,0.026528747362533245,0,0.0,0.0,0.0
AST-001196,0.014484150724954223,0,0.0,0.0,0.0
AST-001197,0.1983341213171575,0,0.0,0.0,0.0
AST-001198,0.01864631422958224,0,0.0,0.0,0.0
AST-001199,0.009354611880524995,0,0.0,0.0,0.0
AST-001200,0.002186359571111818,0,0.0,0.0,0.0
AST-001201,0.5273184311458926,0,0.0,0.0,0.0
AST-001202,0.0050611699535364225,0,0.0,0.0,0.0
AST-001203,0.01973409747351338,0,0.0,0.0,0.0
AST-001204,0.0021042077844343563,0,0.0,0.0,0.0
AST-001205,0.8374882122130348,1,62373.59294229756,15137.504604350643,13.97205023669088
AST-001206,0.021019419525698694,0,0.0,0.0,0.0
AST-001207,0.01348814135027374,0,0.0,0.0,0.0
AST-001208,0.10494074701179798,0,0.0,0.0,0.0
AST-001209,0.013468551597163144,0,0.0,0.0,0.0
AST-001210,0.3531577184466806,0,0.0,0.0,0.0
AST-001211,0.1260457245688837,1,32167.078192406738,6115.592781480303,40.879685079117166
AST-001212,0.004086625297985658,0,0.0,0.0,0.0
AST-001213,0.02402940116743663,0,0.0,0.0,0.0
AST-001214,0.04546044972310582,0,0.0,0.0,0.0
AST-001215,0.22588714452301248,0,0.0,0.0,0.0
AST-001216,0.009016506173165463,0,0.0,0.0,0.0
AST-001217,0.01699050452641551,0,0.0,0.0,0.0
AST-001218,0.04101728645755354,0,0.0,0.0,0.0
AST-001219,0.007530921011420368,0,0.0,0.0,0.0
AST-001220,0.04155498869516138,0,0.0,0.0,0.0
AST-001221,0.014090185796628706,0,0.0,0.0,0.0
AST-001222,0.011857800713621356,0,0.0,0.0,0.0
AST-001223,0.04592788721177748,0,0.0,0.0,0.0
AST-001224,0.016441552681745488,0,0.0,0.0,0.0
AST-001225,0.04585477584231163,0,0.0,0.0,0.0
AST-001226,0.6033649601357673,0,0.0,0.0,0.0
AST-001227,0.008737479300600686,0,0.0,0.0,0.0
AST-001228,0.034070482870165765,0,0.0,0.0,0.0
AST-001229,0.025066556926080716,0,0.0,0.0,0.0
AST-001230,0.5367413341494244,1,315415.719513545,125850.94754082932,48.488924722386656
AST-001231,0.23963165733448402,0,0.0,0.0,0.0
AST-001232,0.009075028681634323,0,0.0,0.0,0.0
AST-001233,0.027209086595774166,0,0.0,0.0,0.0
AST-001234,0.019508659175378525,0,0.0,0.0,0.0
AST-001235,0.03264944602543303,0,0.0,0.0,0.0
AST-001236,0.010647108721444393,0,0.0,0.0,0.0
AST-001237,0.010485439257134108,0,0.0,0.0,0.0
AST-001238,0.013131684989405444,0,0.0,0.0,0.0
AST-001239,0.04710115454431759,0,0.0,0.0,0.0
AST-001240,0.020907544590519855,0,0.0,0.0,0.0
AST-001241,0.18077229847169338,0,0.0,0.0,0.0
AST-001242,0.13384150430934103,0,0.0,0.0,0.0
AST-001243,0.08958963924629848,0,0.0,0.0,0.0
AST-001244,0.004697158017647507,0,0.0,0.0,0.0
AST-001245,0.015413749627892907,0,0.0,0.0,0.0
AST-001246,0.0127020372290606,0,0.0,0.0,0.0
AST-001247,0.10656060302686202,0,0.0,0.0,0.0
AST-001248,0.0089528929632298,0,0.0,0.0,0.0
AST-001249,0.034074577471775065,0,0.0,0.0,0.0
AST-001250,0.011312414111708304,0,0.0,0.0,0.0
AST-001251,0.01622541057916935,0,0.0,0.0,0.0
AST-001252,0.006479969689366221,0,0.0,0.0,0.0
AST-001253,0.005355403357415855,0,0.0,0.0,0.0
AST-001254,0.029900830919142158,0,0.0,0.0,0.0
AST-001255,0.007638399808741501,0,0.0,0.0,0.0
AST-001256,0.05094722447882978,0,0.0,0.0,0.0
AST-001257,0.027615406200803008,0,0.0,0.0,0.0
AST-001258,0.04921751108087266,0,0.0,0.0,0.0
AST-001259,0.018167502929875984,0,0.0,0.0,0.0
AST-001260,0.07391976202691829,0,0.0,0.0,0.0
AST-001261,0.015309500872345701,0,0.0,0.0,0.0
AST-001262,0.012384405304320502,0,0.0,0.0,0.0
AST-001263,0.08011411378763529,0,0.0,0.0,0.0
AST-001264,0.14226587779669828,0,0.0,0.0,0.0
AST-001265,0.005450982933040494,0,0.0,0.0,0.0
AST-001266,0.06368559226378946,0,0.0,0.0,0.0
AST-001267,0.1272191853416732,1,32315.666304487004,4899.0116128237,64.22459234972852
AST-001268,0.155919010529528,0,0.0,0.0,0.0
AST-001269,0.007014524946494835,0,0.0,0.0,0.0
AST-001270,0.14678838060636865,1,6728973.115850883,960425.8019405709,13.391126075790297
AST-001271,0.009763810346003878,0,0.0,0.0,0.0
AST-001272,0.28693287912260634,1,192149.88242334125,19879.51610960031,13.846840178494292
AST-001273,0.05072164285755745,0,0.0,0.0,0.0
AST-001274,0.034762562543316125,0,0.0,0.0,0.0
AST-001275,0.13262277338214623,1,1056374.7268180626,346406.8031818905,14.673190050521487
AST-001276,0.04380608892666086,0,0.0,0.0,0.0
AST-001277,0.10636470443602646,0,0.0,0.0,0.0
AST-001278,0.036777454342628094,0,0.0,0.0,0.0
AST-001279,0.049774019680148725,0,0.0,0.0,0.0
AST-001280,0.054014347525244234,0,0.0,0.0,0.0
AST-001281,0.0209186373667188,0,0.0,0.0,0.0
AST-001282,0.0028046488981108165,0,0.0,0.0,0.0
AST-001283,0.02852962495016645,0,0.0,0.0,0.0
AST-001284,0.022585688179153292,0,0.0,0.0,0.0
AST-001285,0.02319481742422195,0,0.0,0.0,0.0
AST-001286,0.006531821792218614,0,0.0,0.0,0.0
AST-001287,0.05515330044313134,0,0.0,0.0,0.0
AST-001288,0.03890488878270032,0,0.0,0.0,0.0
AST-001289,0.21366137517871564,0,0.0,0.0,0.0
AST-001290,0.0010930121935572143,0,0.0,0.0,0.0
AST-001291,0.09739944296607837,0,0.0,0.0,0.0
AST-001292,0.023317813713870126,0,0.0,0.0,0.0
AST-001293,0.21757916630073879,1,150873.0024002036,32583.713725264013,132.42849351680644
AST-001294,0.003755127996556614,0,0.0,0.0,0.0
AST-001295,0.07090905469938709,1,351256.2471317879,94683.55851834013,2.6184513336991713
AST-001296,0.06950314048334146,0,0.0,0.0,0.0
AST-001297,0.0027868649717735358,0,0.0,0.0,0.0
AST-001298,0.08023365433959827,0,0.0,0.0,0.0
AST-001299,0.10474854586196264,0,0.0,0.0,0.0
AST-001300,0.0016586099473970737,0,0.0,0.0,0.0
AST-001301,0.06820559106202774,0,0.0,0.0,0.0
AST-001302,0.004775457015779215,0,0.0,0.0,0.0
AST-001303,0.09840088518379751,0,0.0,0.0,0.0
AST-001304,0.6025350524824543,0,0.0,0.0,0.0
AST-001305,0.040885299453883146,0,0.0,0.0,0.0
AST-001306,0.03832040610997166,0,0.0,0.0,0.0
AST-001307,0.00558554966403796,0,0.0,0.0,0.0
AST-001308,0.17168856387828205,0,0.0,0.0,0.0
AST-001309,0.009292003733880567,0,0.0,0.0,0.0
AST-001310,0.32884858873333456,0,0.0,0.0,0.0
AST-001311,0.2958858146346212,1,890983.2988547086,223973.86698936363,49.34199361815163
AST-001312,0.005889815707823358,0,0.0,0.0,0.0
AST-001313,0.14944661135745568,0,0.0,0.0,0.0
AST-001314,0.1780616843117413,1,101154.35557698265,38407.62152954957,13.964155244605749
AST-001315,0.007812052916781704,0,0.0,0.0,0.0
AST-001316,0.014538912937754883,0,0.0,0.0,0.0
AST-001317,0.07694802790460822,0,0.0,0.0,0.0
AST-001318,0.017502795589840636,0,0.0,0.0,0.0
AST-001319,0.017035493355589505,0,0.0,0.0,0.0
AST-001320,0.5420323158689216,1,99504.60732106166,34589.81762885764,49.870431611750845
AST-001321,0.009310541657292696,0,0.0,0.0,0.0
AST-001322,0.1973038479658724,0,0.0,0.0,0.0
AST-001323,0.006308022673694675,0,0.0,0.0,0.0
AST-001324,0.07109489875619614,0,0.0,0.0,0.0
AST-001325,0.07813577605235142,0,0.0,0.0,0.0
AST-001326,0.08648334420620205,0,0.0,0.0,0.0
AST-001327,0.2156390775797721,0,0.0,0.0,0.0
AST-001328,0.0212386504837445,0,0.0,0.0,0.0
AST-001329,0.06364544887581965,0,0.0,0.0,0.0
AST-001330,0.03844577539190279,0,0.0,0.0,0.0
AST-001331,0.03661038677824874,0,0.0,0.0,0.0
AST-001332,0.05015236528635451,0,0.0,0.0,0.0
AST-001333,0.025496348953968663,0,0.0,0.0,0.0
AST-001334,0.09926663936664203,0,0.0,0.0,0.0
AST-001335,0.003702372837041961,0,0.0,0.0,0.0
AST-001336,0.011259994324722581,0,0.0,0.0,0.0
AST-001337,0.09642812563026207,0,0.0,0.0,0.0
AST-001338,0.04105645247726172,0,0.0,0.0,0.0
AST-001339,0.2193933025562937,1,491909.6709401989,100266.14764255844,12.565908798989454
AST-001340,0.027967492632345645,0,0.0,0.0,0.0
AST-001341,0.17792813193337523,0,0.0,0.0,0.0
AST-001342,0.012263084164375574,0,0.0,0.0,0.0
AST-001343,0.7375628282075748,0,0.0,0.0,0.0
AST-001344,0.026832634420532436,0,0.0,0.0,0.0
AST-001345,0.22321382798401002,0,0.0,0.0,0.0
AST-001346,0.05941137546783615,0,0.0,0.0,0.0
AST-001347,0.23177194395704037,0,0.0,0.0,0.0
AST-001348,0.017176215816607103,0,0.0,0.0,0.0
AST-001349,0.015918827364415137,0,0.0,0.0,0.0
AST-001350,0.007491318902385095,0,0.0,0.0,0.0
AST-001351,0.021299668419937835,0,0.0,0.0,0.0
AST-001352,0.005518908456663228,0,0.0,0.0,0.0
AST-001353,0.019316904356470245,0,0.0,0.0,0.0
AST-001354,0.012366814032518922,0,0.0,0.0,0.0
AST-001355,0.015390377168661134,0,0.0,0.0,0.0
AST-001356,0.20540008985970384,1,120918.54214851529,40221.94581450613,17.799780824553277
AST-001357,0.010306116887256944,0,0.0,0.0,0.0
AST-001358,0.021946652721290063,0,0.0,0.0,0.0
AST-001359,0.43703120926678046,0,0.0,0.0,0.0
AST-001360,0.23259578634049977,0,0.0,0.0,0.0
AST-001361,0.01074647635195424,0,0.0,0.0,0.0
AST-001362,0.018151162376877486,0,0.0,0.0,0.0
AST-001363,0.01382393687127948,0,0.0,0.0,0.0
AST-001364,0.016850063079322446,0,0.0,0.0,0.0
AST-001365,0.006709932869530844,0,0.0,0.0,0.0
AST-001366,0.17164491461272843,0,0.0,0.0,0.0
AST-001367,0.007344822568484922,0,0.0,0.0,0.0
AST-001368,0.0035472435297636226,0,0.0,0.0,0.0
AST-001369,0.0759715262777689,0,0.0,0.0,0.0
AST-001370,0.0034786170627136384,0,0.0,0.0,0.0
AST-001371,0.06454352659473854,0,0.0,0.0,0.0
AST-001372,0.058204953777912814,0,0.0,0.0,0.0
AST-001373,0.42580085960809083,1,849708.8769823258,268935.9773083541,37.435522361374204
AST-001374,0.021200571094650386,0,0.0,0.0,0.0
AST-001375,0.005992785770716533,0,0.0,0.0,0.0
AST-001376,0.004652924423257061,0,0.0,0.0,0.0
AST-001377,0.015632041912108378,0,0.0,0.0,0.0
AST-001378,0.0069550729828185,0,0.0,0.0,0.0
AST-001379,0.09180722137527374,1,189562.57779440988,64688.89834634783,94.2312203657314
AST-001380,0.010798827928468077,0,0.0,0.0,0.0
AST-001381,0.007420782904840901,0,0.0,0.0,0.0
AST-001382,0.03984050135604423,0,0.0,0.0,0.0
AST-001383,0.04828074833828304,0,0.0,0.0,0.0
AST-001384,0.040680942241113356,0,0.0,0.0,0.0
AST-001385,0.004657386808068175,0,0.0,0.0,0.0
AST-001386,0.029933162360114434,0,0.0,0.0,0.0
AST-001387,0.04023160128617211,1,188343.980675954,31303.183167199106,40.54896477182571
AST-001388,0.023956550917604066,0,0.0,0.0,0.0
AST-001389,0.011199422597702336,0,0.0,0.0,0.0
AST-001390,0.02676508171380123,0,0.0,0.0,0.0
AST-001391,0.010229759836628901,0,0.0,0.0,0.0
AST-001392,0.011257367655444302,0,0.0,0.0,0.0
AST-001393,0.24243737683790967,1,17444.139798498905,4655.982472207424,26.449148030869715
AST-001394,0.08388267016552642,1,106996.50853745865,35608.45031662053,42.388996622547104
AST-001395,0.03420889034526907,0,0.0,0.0,0.0
AST-001396,0.3067048049153301,0,0.0,0.0,0.0
AST-001397,0.020161174064069518,0,0.0,0.0,0.0
AST-001398,0.04435119256260418,0,0.0,0.0,0.0
AST-001399,0.006302821875227588,0,0.0,0.0,0.0
AST-001400,0.00468287303137137,0,0.0,0.0,0.0
AST-001401,0.08437714040289747,0,0.0,0.0,0.0
AST-001402,0.022314228214051445,0,0.0,0.0,0.0
AST-001403,0.3373081726801974,0,0.0,0.0,0.0
AST-001404,0.1379484431065278,0,0.0,0.0,0.0
AST-001405,0.35219144688052356,0,0.0,0.0,0.0
AST-001406,0.06806153131839307,0,0.0,0.0,0.0
AST-001407,0.009720196693486208,0,0.0,0.0,0.0
AST-001408,0.020979851129490787,0,0.0,0.0,0.0
AST-001409,0.015321380080263316,0,0.0,0.0,0.0
AST-001410,0.0025574930057881908,0,0.0,0.0,0.0
AST-001411,0.06491723381747043,0,0.0,0.0,0.0
AST-001412,0.4039596117280446,0,0.0,0.0,0.0
AST-001413,0.144069568213671,0,0.0,0.0,0.0
AST-001414,0.03292882867907941,0,0.0,0.0,0.0
AST-001415,0.1128825048579255,0,0.0,0.0,0.0
AST-001416,0.08005042943780856,0,0.0,0.0,0.0
AST-001417,0.022912263725635654,0,0.0,0.0,0.0
AST-001418,0.08911004967621003,0,0.0,0.0,0.0
AST-001419,0.014660408497489428,0,0.0,0.0,0.0
AST-001420,0.014109534970318046,0,0.0,0.0,0.0
AST-001421,0.002006974828100848,0,0.0,0.0,0.0
AST-001422,0.04670558860730254,0,0.0,0.0,0.0
AST-001423,0.037540517262098186,0,0.0,0.0,0.0
AST-001424,0.004762748377066604,0,0.0,0.0,0.0
AST-001425,0.0038729897312660623,0,0.0,0.0,0.0
AST-001426,0.7623794972609845,1,444229.28187008324,89240.37395210509,9.005887467992336
AST-001427,0.09166417183084336,0,0.0,0.0,0.0
AST-001428,0.009447507309376936,0,0.0,0.0,0.0
AST-001429,0.018319947119869784,0,0.0,0.0,0.0
AST-001430,0.006539665000526119,0,0.0,0.0,0.0
AST-001431,0.006838789918933616,0,0.0,0.0,0.0
AST-001432,0.19089284075784013,0,0.0,0.0,0.0
AST-001433,0.00787659513080496,0,0.0,0.0,0.0
AST-001434,0.03531078149185126,0,0.0,0.0,0.0
AST-001435,0.1415123682195666,0,0.0,0.0,0.0
AST-001436,0.004536499068214929,0,0.0,0.0,0.0
AST-001437,0.14980170023307135,0,0.0,0.0,0.0
AST-001438,0.1159582470720489,0,0.0,0.0,0.0
AST-001439,0.5994227341458783,0,0.0,0.0,0.0
AST-001440,0.003329804760003552,0,0.0,0.0,0.0
AST-001441,0.015333638115214905,0,0.0,0.0,0.0
AST-001442,0.124210076213688,1,9038.100249315074,1395.6415697846196,9.170267971567885
AST-001443,0.006146889602946363,0,0.0,0.0,0.0
AST-001444,0.03641098317782477,0,0.0,0.0,0.0
AST-001445,0.0182008750486163,0,0.0,0.0,0.0
AST-001446,0.06974604001317176,0,0.0,0.0,0.0
AST-001447,0.07791254013089546,0,0.0,0.0,0.0
AST-001448,0.0062824332907205765,0,0.0,0.0,0.0
AST-001449,0.0028937027266095192,0,0.0,0.0,0.0
AST-001450,0.24985156678577936,0,0.0,0.0,0.0
AST-001451,0.08601251865871626,0,0.0,0.0,0.0
AST-001452,0.010371239146106596,0,0.0,0.0,0.0
AST-001453,0.05798932760799905,0,0.0,0.0,0.0
AST-001454,0.009231670572499979,0,0.0,0.0,0.0
AST-001455,0.09406645445893479,0,0.0,0.0,0.0
AST-001456,0.11827355648106759,1,5778.590072506839,1962.7660155222843,4.252603309268483
AST-001457,0.002575679319511582,0,0.0,0.0,0.0
AST-001458,0.0060897234515694156,0,0.0,0.0,0.0
AST-001459,0.008235180252031819,0,0.0,0.0,0.0
AST-001460,0.18097403646368296,0,0.0,0.0,0.0
AST-001461,0.19196343977831154,0,0.0,0.0,0.0
AST-001462,0.007958197045594828,0,0.0,0.0,0.0
AST-001463,0.025619249799756622,1,9918.094810781304,3887.875710286796,20.443389713775723
AST-001464,0.007950255827844085,0,0.0,0.0,0.0
AST-001465,0.3209442101024155,0,0.0,0.0,0.0
AST-001466,0.053972652358866446,0,0.0,0.0,0.0
AST-001467,0.02993796830371463,0,0.0,0.0,0.0
AST-001468,0.005167601126441137,0,0.0,0.0,0.0
AST-001469,0.014535161169800694,0,0.0,0.0,0.0
AST-001470,0.0015341321734214826,0,0.0,0.0,0.0
AST-001471,0.13263502159187848,0,0.0,0.0,0.0
AST-001472,0.07774031344799025,0,0.0,0.0,0.0
AST-001473,0.16510364066960945,1,55384.26481618881,11808.908731739928,10.904184854970493
AST-001474,0.008775198793186351,0,0.0,0.0,0.0
AST-001475,0.0035133607599831507,0,0.0,0.0,0.0
AST-001476,0.08368004698563829,1,176727.0479823023,52807.53387509588,1.118652453386573
AST-001477,0.002306431144851171,0,0.0,0.0,0.0
AST-001478,0.0841745335229168,0,0.0,0.0,0.0
AST-001479,0.16318523712218205,1,13272.488093365362,4666.0986944507395,7.820524892274566
AST-001480,0.2016483398842369,0,0.0,0.0,0.0
AST-001481,0.09801598697043769,0,0.0,0.0,0.0
AST-001482,0.0238164462781581,0,0.0,0.0,0.0
AST-001483,0.15150693237485013,0,0.0,0.0,0.0
AST-001484,0.012215583333851006,0,0.0,0.0,0.0
AST-001485,0.12547641376651542,0,0.0,0.0,0.0
AST-001486,0.006178259050112638,0,0.0,0.0,0.0
AST-001487,0.055272398192226735,0,0.0,0.0,0.0
AST-001488,0.012906033775315438,0,0.0,0.0,0.0
AST-001489,0.008724942058703038,0,0.0,0.0,0.0
AST-001490,0.03461688143800903,0,0.0,0.0,0.0
AST-001491,0.006074752393080586,0,0.0,0.0,0.0
AST-001492,0.02909813543856925,0,0.0,0.0,0.0
AST-001493,0.016171858936434965,0,0.0,0.0,0.0
AST-001494,0.04253851325428712,0,0.0,0.0,0.0
AST-001495,0.10713155387196735,0,0.0,0.0,0.0
AST-001496,0.23860449545411277,0,0.0,0.0,0.0
AST-001497,0.00841875819293591,0,0.0,0.0,0.0
AST-001498,0.8021421614874124,0,0.0,0.0,0.0
AST-001499,0.4392478098775653,0,0.0,0.0,0.0
AST-001500,0.01495517776676333,0,0.0,0.0,0.0
AST-001501,0.056449575495455546,0,0.0,0.0,0.0
AST-001502,0.0662822456310598,0,0.0,0.0,0.0
AST-001503,0.23330747189283996,0,0.0,0.0,0.0
AST-001504,0.04583840929044338,0,0.0,0.0,0.0
AST-001505,0.014412796186218043,0,0.0,0.0,0.0
AST-001506,0.007229235894369773,0,0.0,0.0,0.0
AST-001507,0.005877347315279969,0,0.0,0.0,0.0
AST-001508,0.24365296874270045,1,53538.85824493916,17907.86290388178,29.74623796714459
AST-001509,0.1341852699064936,0,0.0,0.0,0.0
AST-001510,0.04264467304409649,0,0.0,0.0,0.0
AST-001511,0.04325027900256354,0,0.0,0.0,0.0
AST-001512,0.009195542590894586,0,0.0,0.0,0.0
AST-001513,0.007681245266029274,0,0.0,0.0,0.0
AST-001514,0.03349385737804078,0,0.0,0.0,0.0
AST-001515,0.04407432446385696,0,0.0,0.0,0.0
AST-001516,0.022758216518064145,0,0.0,0.0,0.0
AST-001517,0.014514209550970311,0,0.0,0.0,0.0
AST-001518,0.22482345877907217,1,515886.029989178,131909.5711726461,2.1652684546287375
AST-001519,0.10753192944918673,0,0.0,0.0,0.0
AST-001520,0.004912547290655396,0,0.0,0.0,0.0
AST-001521,0.010238758253592217,0,0.0,0.0,0.0
AST-001522,0.005134327327984249,0,0.0,0.0,0.0
AST-001523,0.05824911380858064,0,0.0,0.0,0.0
AST-001524,0.33543717021938824,1,91387.77319043867,19007.86069848952,42.68269648756225
AST-001525,0.023531783730646155,0,0.0,0.0,0.0
AST-001526,0.005799996964911162,0,0.0,0.0,0.0
AST-001527,0.002161070972774432,0,0.0,0.0,0.0
AST-001528,0.004272614870534018,0,0.0,0.0,0.0
AST-001529,0.06568375704205091,0,0.0,0.0,0.0
AST-001530,0.281977493231303,0,0.0,0.0,0.0
AST-001531,0.019596535354787843,0,0.0,0.0,0.0
AST-001532,0.047260888161452866,0,0.0,0.0,0.0
AST-001533,0.12524338493941714,0,0.0,0.0,0.0
AST-001534,0.1794127726186687,0,0.0,0.0,0.0
AST-001535,0.019418725322484665,0,0.0,0.0,0.0
AST-001536,0.09752315778451835,0,0.0,0.0,0.0
AST-001537,0.023190303686451207,0,0.0,0.0,0.0
AST-001538,0.006565068460461897,0,0.0,0.0,0.0
AST-001539,0.3286135804840342,1,74214.68265032252,8199.733298092136,17.73810996621698
AST-001540,0.00876081535079165,0,0.0,0.0,0.0
AST-001541,0.47840935272649754,1,440986.0576494047,167228.40399487675,6.861210987723793
AST-001542,0.01169290114519548,0,0.0,0.0,0.0
AST-001543,0.012885625522085808,0,0.0,0.0,0.0
AST-001544,0.004737322533540634,0,0.0,0.0,0.0
AST-001545,0.008175207446670111,0,0.0,0.0,0.0
AST-001546,0.023784960331066696,0,0.0,0.0,0.0
AST-001547,0.014702330622467891,0,0.0,0.0,0.0
AST-001548,0.008420103966754907,0,0.0,0.0,0.0
AST-001549,0.10819185539982146,0,0.0,0.0,0.0
AST-001550,0.006106437119721748,0,0.0,0.0,0.0
AST-001551,0.03358008181938784,0,0.0,0.0,0.0
AST-001552,0.02535454579884186,1,1005369.5136026652,377730.71519950544,2.421493206513288
AST-001553,0.10370532141323147,0,0.0,0.0,0.0
AST-001554,0.005846869006552249,0,0.0,0.0,0.0
AST-001555,0.07148613502059732,1,452623.7257658937,178093.29619680523,46.27290375025707
AST-001556,0.27608265053860936,0,0.0,0.0,0.0
AST-001557,0.00898701177522261,0,0.0,0.0,0.0
AST-001558,0.16117985632592735,0,0.0,0.0,0.0
AST-001559,0.014123278857848878,0,0.0,0.0,0.0
AST-001560,0.07130815136542924,0,0.0,0.0,0.0
AST-001561,0.002930479607231706,0,0.0,0.0,0.0
AST-001562,0.029418393493126162,0,0.0,0.0,0.0
AST-001563,0.19912609834962203,0,0.0,0.0,0.0
AST-001564,0.029829963888821108,0,0.0,0.0,0.0
AST-001565,0.036664064995649975,0,0.0,0.0,0.0
AST-001566,0.4321759922862131,0,0.0,0.0,0.0
AST-001567,0.11400336369047516,0,0.0,0.0,0.0
AST-001568,0.009198629000673473,0,0.0,0.0,0.0
AST-001569,0.019891083868583345,0,0.0,0.0,0.0
AST-001570,0.26291626323386347,0,0.0,0.0,0.0
AST-001571,0.02102084874437313,1,32921.92265200983,4571.612092922323,21.945790587828924
AST-001572,0.041029640176500105,0,0.0,0.0,0.0
AST-001573,0.25244576541037633,0,0.0,0.0,0.0
AST-001574,0.013791017294908682,0,0.0,0.0,0.0
AST-001575,0.15958973906432294,0,0.0,0.0,0.0
AST-001576,0.010756375138015773,0,0.0,0.0,0.0
AST-001577,0.0037583539261112926,0,0.0,0.0,0.0
AST-001578,0.01673227946625536,0,0.0,0.0,0.0
AST-001579,0.8002093602733213,1,126079.43614460055,49434.035885628145,2.0154086198364354
AST-001580,0.014578852948005122,0,0.0,0.0,0.0
AST-001581,0.005625920230603833,0,0.0,0.0,0.0
AST-001582,0.038283522338290646,0,0.0,0.0,0.0
AST-001583,0.4029989268201544,0,0.0,0.0,0.0
AST-001584,0.038193667242297176,0,0.0,0.0,0.0
AST-001585,0.022534748384465966,0,0.0,0.0,0.0
AST-001586,0.035272668143354266,0,0.0,0.0,0.0
AST-001587,0.10692677265150986,1,687123.5741764208,77076.59820946059,172.8235807444986
AST-001588,0.012221656058060623,0,0.0,0.0,0.0
AST-001589,0.061356823949686404,0,0.0,0.0,0.0
AST-001590,0.14293060175747344,0,0.0,0.0,0.0
AST-001591,0.05246366256754168,0,0.0,0.0,0.0
AST-001592,0.0105646957488201,0,0.0,0.0,0.0
AST-001593,0.02980140874979008,0,0.0,0.0,0.0
AST-001594,0.00454819791806731,0,0.0,0.0,0.0
AST-001595,0.040910278326865335,0,0.0,0.0,0.0
AST-001596,0.006899090853579866,0,0.0,0.0,0.0
AST-001597,0.015584007628164486,0,0.0,0.0,0.0
AST-001598,0.38113710089503594,1,70309.1230521314,21293.830404079254,11.44050776138098
AST-001599,0.00944048464154875,0,0.0,0.0,0.0
AST-001600,0.002916211493280488,0,0.0,0.0,0.0
AST-001601,0.03440779353063904,0,0.0,0.0,0.0
AST-001602,0.005517287873658003,0,0.0,0.0,0.0
AST-001603,0.0421148844471823,0,0.0,0.0,0.0
AST-001604,0.012404283452150763,0,0.0,0.0,0.0
AST-001605,0.017707581007386525,0,0.0,0.0,0.0
AST-001606,0.10096580591405988,0,0.0,0.0,0.0
AST-001607,0.003760615346972037,0,0.0,0.0,0.0
AST-001608,0.008393796226957335,0,0.0,0.0,0.0
AST-001609,0.027042435145296088,0,0.0,0.0,0.0
AST-001610,0.04851926315627786,0,0.0,0.0,0.0
AST-001611,0.027474682840939072,0,0.0,0.0,0.0
AST-001612,0.27505308581480625,1,648343.8004879705,165959.87964505132,7.1222270347397645
AST-001613,0.008731217318488057,0,0.0,0.0,0.0
AST-001614,0.0029592295685093653,0,0.0,0.0,0.0
AST-001615,0.018326862758848872,0,0.0,0.0,0.0
AST-001616,0.03807196631781458,0,0.0,0.0,0.0
AST-001617,0.008937631357346317,0,0.0,0.0,0.0
AST-001618,0.5843782032310428,1,511208.0666257527,187145.18446940885,7.879125169991029
AST-001619,0.13529315458654784,0,0.0,0.0,0.0
AST-001620,0.021014441868568,0,0.0,0.0,0.0
AST-001621,0.2097734991986552,0,0.0,0.0,0.0
AST-001622,0.04809323681930187,0,0.0,0.0,0.0
AST-001623,0.14409587168415827,0,0.0,0.0,0.0
AST-001624,0.40585982523942554,0,0.0,0.0,0.0
AST-001625,0.07001054754755436,0,0.0,0.0,0.0
AST-001626,0.009643717334306707,0,0.0,0.0,0.0
AST-001627,0.16792503998338787,0,0.0,0.0,0.0
AST-001628,0.06194759227735287,0,0.0,0.0,0.0
AST-001629,0.1823880432729089,0,0.0,0.0,0.0
AST-001630,0.1033306938925769,0,0.0,0.0,0.0
AST-001631,0.16870725028222666,0,0.0,0.0,0.0
AST-001632,0.0249173950595014,0,0.0,0.0,0.0
AST-001633,0.11819049545116907,0,0.0,0.0,0.0
AST-001634,0.022709030288995416,0,0.0,0.0,0.0
AST-001635,0.005344266757127019,0,0.0,0.0,0.0
AST-001636,0.007172221753323658,0,0.0,0.0,0.0
AST-001637,0.00747887233481957,0,0.0,0.0,0.0
AST-001638,0.004814586609604335,0,0.0,0.0,0.0
AST-001639,0.007956194227413246,0,0.0,0.0,0.0
AST-001640,0.003386312138074094,0,0.0,0.0,0.0
AST-001641,0.007832494908179768,0,0.0,0.0,0.0
AST-001642,0.07234297825095573,0,0.0,0.0,0.0
AST-001643,0.001474283066467783,0,0.0,0.0,0.0
AST-001644,0.013948261820031697,0,0.0,0.0,0.0
AST-001645,0.19192569082464364,0,0.0,0.0,0.0
AST-001646,0.038223476524869085,0,0.0,0.0,0.0
AST-001647,0.07358221465250343,0,0.0,0.0,0.0
AST-001648,0.00950562514871304,0,0.0,0.0,0.0
AST-001649,0.16977128230252056,0,0.0,0.0,0.0
AST-001650,0.0061987116692782725,0,0.0,0.0,0.0
AST-001651,0.350554291121802,0,0.0,0.0,0.0
AST-001652,0.10135388637550749,0,0.0,0.0,0.0
AST-001653,0.019180596909128537,0,0.0,0.0,0.0
AST-001654,0.00650342843148282,0,0.0,0.0,0.0
AST-001655,0.004037441595208346,0,0.0,0.0,0.0
AST-001656,0.008824892252320287,0,0.0,0.0,0.0
AST-001657,0.003133581436292899,0,0.0,0.0,0.0
AST-001658,0.04548020237459497,0,0.0,0.0,0.0
AST-001659,0.0033522457316179457,0,0.0,0.0,0.0
AST-001660,0.020081287928271272,0,0.0,0.0,0.0
AST-001661,0.012976180616058049,0,0.0,0.0,0.0
AST-001662,0.016259872066864675,0,0.0,0.0,0.0
AST-001663,0.13383444251719234,0,0.0,0.0,0.0
AST-001664,0.4636023713357125,0,0.0,0.0,0.0
AST-001665,0.1598965830801569,0,0.0,0.0,0.0
AST-001666,0.042215410446163545,0,0.0,0.0,0.0
AST-001667,0.725973424323461,1,20987.404316038253,8379.131031961435,3.271940426978408
AST-001668,0.004966119916465479,0,0.0,0.0,0.0
AST-001669,0.03108330379659899,0,0.0,0.0,0.0
AST-001670,0.047655230858219565,0,0.0,0.0,0.0
AST-001671,0.01408357278827134,0,0.0,0.0,0.0
AST-001672,0.010279964222891928,0,0.0,0.0,0.0
AST-001673,0.02612590970315865,0,0.0,0.0,0.0
AST-001674,0.23834654621586257,0,0.0,0.0,0.0
AST-001675,0.04595544878157504,0,0.0,0.0,0.0
AST-001676,0.02483154274805474,0,0.0,0.0,0.0
AST-001677,0.006693997805909372,0,0.0,0.0,0.0
AST-001678,0.8841177102626018,1,264659.6118260099,85886.9347091646,14.358237910992386
AST-001679,0.06513596184823768,0,0.0,0.0,0.0
AST-001680,0.0029248793748421565,0,0.0,0.0,0.0
AST-001681,0.025333509842410392,0,0.0,0.0,0.0
AST-001682,0.45629938872905773,1,217311.75254732755,54782.33631588087,49.33036986116531
AST-001683,0.32125582057436025,1,40924.11884551975,10981.282974047064,89.28277501066793
AST-001684,0.008121805560917895,0,0.0,0.0,0.0
AST-001685,0.01839511910552939,0,0.0,0.0,0.0
AST-001686,0.0211345902491349,0,0.0,0.0,0.0
AST-001687,0.35310496409967085,1,127943.17585992687,31705.722888476845,7.012240609366465
AST-001688,0.24955715154525912,0,0.0,0.0,0.0
AST-001689,0.7081136237412892,1,239344.53226924964,47303.74993545758,68.66905473615063
AST-001690,0.19365764085361692,0,0.0,0.0,0.0
AST-001691,0.05463235427919999,0,0.0,0.0,0.0
AST-001692,0.015210041397032359,0,0.0,0.0,0.0
AST-001693,0.1847263616690975,0,0.0,0.0,0.0
AST-001694,0.0848845976890033,0,0.0,0.0,0.0
AST-001695,0.04955449735960619,0,0.0,0.0,0.0
AST-001696,0.015579816146529677,0,0.0,0.0,0.0
AST-001697,0.3410129036553753,0,0.0,0.0,0.0
AST-001698,0.017820695480068642,0,0.0,0.0,0.0
AST-001699,0.15096379307370567,0,0.0,0.0,0.0
AST-001700,0.019956478768068765,0,0.0,0.0,0.0
AST-001701,0.0030942702061833227,0,0.0,0.0,0.0
AST-001702,0.024757161307355505,0,0.0,0.0,0.0
AST-001703,0.09508374472009154,0,0.0,0.0,0.0
AST-001704,0.026976838076394543,0,0.0,0.0,0.0
AST-001705,0.0450047448298759,0,0.0,0.0,0.0
AST-001706,0.07494493499058087,0,0.0,0.0,0.0
AST-001707,0.10880929737737872,0,0.0,0.0,0.0
AST-001708,0.009211370156845287,0,0.0,0.0,0.0
AST-001709,0.142880740958948,0,0.0,0.0,0.0
AST-001710,0.1153008183771407,0,0.0,0.0,0.0
AST-001711,0.008120569816724727,0,0.0,0.0,0.0
AST-001712,0.00958572405941338,0,0.0,0.0,0.0
AST-001713,0.013879471928454429,0,0.0,0.0,0.0
AST-001714,0.016696182452712646,0,0.0,0.0,0.0
AST-001715,0.25650022326202637,1,399504.9556743041,73983.56375857684,82.77477491062892
AST-001716,0.004627559758772696,0,0.0,0.0,0.0
AST-001717,0.009746004971138374,0,0.0,0.0,0.0
AST-001718,0.4643782004837171,0,0.0,0.0,0.0
AST-001719,0.012356158258338018,0,0.0,0.0,0.0
AST-001720,0.0232294613252534,0,0.0,0.0,0.0
AST-001721,0.317395836654403,1,461896.5879834551,143635.84915391958,4.6406251244448615
AST-001722,0.012017481144085858,0,0.0,0.0,0.0
AST-001723,0.022861416064710594,0,0.0,0.0,0.0
AST-001724,0.00921200876008816,0,0.0,0.0,0.0
AST-001725,0.0020682484024701396,0,0.0,0.0,0.0
AST-001726,0.010147347324501656,0,0.0,0.0,0.0
AST-001727,0.0040704898996092665,0,0.0,0.0,0.0
AST-001728,0.0025920794737556234,0,0.0,0.0,0.0
AST-001729,0.021480237532230065,0,0.0,0.0,0.0
AST-001730,0.2665848283316986,1,168569.68214789417,21451.170400222763,78.41824206253924
AST-001731,0.005702400395091045,0,0.0,0.0,0.0
AST-001732,0.055214980244140996,0,0.0,0.0,0.0
AST-001733,0.06227964486855406,0,0.0,0.0,0.0
AST-001734,0.004269932222981569,0,0.0,0.0,0.0
AST-001735,0.013953608408931239,0,0.0,0.0,0.0
AST-001736,0.042241033363870924,0,0.0,0.0,0.0
AST-001737,0.0842885791298873,0,0.0,0.0,0.0
AST-001738,0.037797932805347156,0,0.0,0.0,0.0
AST-001739,0.011502913515870329,0,0.0,0.0,0.0
AST-001740,0.0024749754420182474,0,0.0,0.0,0.0
AST-001741,0.11924854157353645,0,0.0,0.0,0.0
AST-001742,0.010162604291792778,0,0.0,0.0,0.0
AST-001743,0.011370432857794798,0,0.0,0.0,0.0
AST-001744,0.027344530729109924,0,0.0,0.0,0.0
AST-001745,0.0018819223493705298,0,0.0,0.0,0.0
AST-001746,0.11454298967928403,0,0.0,0.0,0.0
AST-001747,0.23478264236624352,0,0.0,0.0,0.0
AST-001748,0.00420006982409747,0,0.0,0.0,0.0
AST-001749,0.007843958107402786,1,10276.48028815973,2205.0882906978522,285.0660297044365
AST-001750,0.08434299372227863,0,0.0,0.0,0.0
AST-001751,0.021639650319984185,0,0.0,0.0,0.0
AST-001752,0.006968966717209286,0,0.0,0.0,0.0
AST-001753,0.046799515541161976,0,0.0,0.0,0.0
AST-001754,0.007469402338878734,0,0.0,0.0,0.0
AST-001755,0.03450895233418784,0,0.0,0.0,0.0
AST-001756,0.012839212978875155,0,0.0,0.0,0.0
AST-001757,0.023382222964130138,0,0.0,0.0,0.0
AST-001758,0.32013578812769755,0,0.0,0.0,0.0
AST-001759,0.2557375594065865,0,0.0,0.0,0.0
AST-001760,0.04141382324621645,0,0.0,0.0,0.0
AST-001761,0.006756668847421906,0,0.0,0.0,0.0
AST-001762,0.037738968172971635,0,0.0,0.0,0.0
AST-001763,0.016744994212692862,0,0.0,0.0,0.0
AST-001764,0.03809461610522974,0,0.0,0.0,0.0
AST-001765,0.008275722076293195,0,0.0,0.0,0.0
AST-001766,0.014454839456445033,0,0.0,0.0,0.0
AST-001767,0.052971367406749806,0,0.0,0.0,0.0
AST-001768,0.42353470075814204,1,12006.59249826395,2634.1181470421407,43.49578759468166
AST-001769,0.0407604644158638,0,0.0,0.0,0.0
AST-001770,0.09281906330139494,0,0.0,0.0,0.0
AST-001771,0.07343183614143245,0,0.0,0.0,0.0
AST-001772,0.11036035141755525,0,0.0,0.0,0.0
AST-001773,0.06800103056655529,0,0.0,0.0,0.0
AST-001774,0.015479859654816342,0,0.0,0.0,0.0
AST-001775,0.00713939575215608,0,0.0,0.0,0.0
AST-001776,0.008845657621548556,0,0.0,0.0,0.0
AST-001777,0.02172585879933138,0,0.0,0.0,0.0
AST-001778,0.6256482240401108,1,1412571.5539807703,558765.9859634436,30.06978191027138
AST-001779,0.0024261063962471878,0,0.0,0.0,0.0
AST-001780,0.012388544616107574,0,0.0,0.0,0.0
AST-001781,0.07162819352079053,1,37671.721009844514,10696.642427319219,23.396218455880906
AST-001782,0.015360663620845554,0,0.0,0.0,0.0
AST-001783,0.258744541458825,0,0.0,0.0,0.0
AST-001784,0.09369029410736454,0,0.0,0.0,0.0
AST-001785,0.02561799916546249,0,0.0,0.0,0.0
AST-001786,0.015692273169311363,0,0.0,0.0,0.0
AST-001787,0.002462567039722728,0,0.0,0.0,0.0
AST-001788,0.020921322233487655,0,0.0,0.0,0.0
AST-001789,0.10482677288273959,0,0.0,0.0,0.0
AST-001790,0.02179511490383334,0,0.0,0.0,0.0
AST-001791,0.04123260020321569,0,0.0,0.0,0.0
AST-001792,0.13781555322706723,0,0.0,0.0,0.0
AST-001793,0.00990135488173057,0,0.0,0.0,0.0
AST-001794,0.006334072139495571,0,0.0,0.0,0.0
AST-001795,0.01634571035669936,0,0.0,0.0,0.0
AST-001796,0.008534992335111388,0,0.0,0.0,0.0
AST-001797,0.03235888183399068,0,0.0,0.0,0.0
AST-001798,0.003308676600131097,0,0.0,0.0,0.0
AST-001799,0.2809839646208697,1,825997.5149432477,256982.47990144818,11.270520793986124
AST-001800,0.03645882033275402,0,0.0,0.0,0.0
AST-001801,0.034821607398164985,0,0.0,0.0,0.0
AST-001802,0.03878735811833146,0,0.0,0.0,0.0
AST-001803,0.0015169099120308773,0,0.0,0.0,0.0
AST-001804,0.010881796033480929,0,0.0,0.0,0.0
AST-001805,0.07324488903598415,0,0.0,0.0,0.0
AST-001806,0.042390248480965946,0,0.0,0.0,0.0
AST-001807,0.07475741151198331,0,0.0,0.0,0.0
AST-001808,0.0038184410039304377,0,0.0,0.0,0.0
AST-001809,0.07332889004729617,0,0.0,0.0,0.0
AST-001810,0.1806968023798124,0,0.0,0.0,0.0
AST-001811,0.04611582869121121,0,0.0,0.0,0.0
AST-001812,0.007490679936184273,0,0.0,0.0,0.0
AST-001813,0.4644235812912681,0,0.0,0.0,0.0
AST-001814,0.007816258076636422,0,0.0,0.0,0.0
AST-001815,0.23288818436506567,0,0.0,0.0,0.0
AST-001816,0.2814909465807531,1,399994.7741365737,100060.11322142652,0.6174764896761181
AST-001817,0.05820513469476542,0,0.0,0.0,0.0
AST-001818,0.0019179432355267236,0,0.0,0.0,0.0
AST-001819,0.01062874251622137,0,0.0,0.0,0.0
AST-001820,0.02336077991999018,0,0.0,0.0,0.0
AST-001821,0.05749394271151007,0,0.0,0.0,0.0
AST-001822,0.0020114916452859902,0,0.0,0.0,0.0
AST-001823,0.008411280412255034,0,0.0,0.0,0.0
AST-001824,0.026017519906689598,0,0.0,0.0,0.0
AST-001825,0.006530866691264665,0,0.0,0.0,0.0
AST-001826,0.08367158075399714,0,0.0,0.0,0.0
AST-001827,0.23261918111365532,1,11027.198582908168,3224.156067903106,53.16287108314431
AST-001828,0.00753345032716165,0,0.0,0.0,0.0
AST-001829,0.04161260561092772,0,0.0,0.0,0.0
AST-001830,0.0547415815999813,0,0.0,0.0,0.0
AST-001831,0.16203651527637195,0,0.0,0.0,0.0
AST-001832,0.4711717656063629,1,82902.55525401731,23172.025406958684,49.26825460707108
AST-001833,0.004465665901353904,0,0.0,0.0,0.0
AST-001834,0.03560867999885481,0,0.0,0.0,0.0
AST-001835,0.3891404625899596,1,223181.17449946422,23777.583901539318,46.399267697161534
AST-001836,0.6148507275488767,1,191408.75795641882,41159.81211724592,16.511625784381806
AST-001837,0.0025343746340226046,0,0.0,0.0,0.0
AST-001838,0.033958682870184144,0,0.0,0.0,0.0
AST-001839,0.007000855682147553,0,0.0,0.0,0.0
AST-001840,0.013174838752561658,0,0.0,0.0,0.0
AST-001841,0.1326641091597319,0,0.0,0.0,0.0
AST-001842,0.1139254767196003,1,122882.95751469291,48221.00267446427,29.197300624032575
AST-001843,0.1945808209732284,0,0.0,0.0,0.0
AST-001844,0.006204129187131188,0,0.0,0.0,0.0
AST-001845,0.00228100213631846,0,0.0,0.0,0.0
AST-001846,0.027970834572123942,0,0.0,0.0,0.0
AST-001847,0.10792981954250111,1,15839.426248044701,3835.376597477316,190.3477063502616
AST-001848,0.01056260281161179,0,0.0,0.0,0.0
AST-001849,0.055443878527190266,0,0.0,0.0,0.0
AST-001850,0.2955037307968974,1,13689.76590818126,3259.2336236132837,10.012751091787953
AST-001851,0.10758808001813033,0,0.0,0.0,0.0
AST-001852,0.002531396327259797,0,0.0,0.0,0.0
AST-001853,0.003116945356090828,0,0.0,0.0,0.0
AST-001854,0.024401224147295005,0,0.0,0.0,0.0
AST-001855,0.05484197833665516,0,0.0,0.0,0.0
AST-001856,0.018355424074714626,0,0.0,0.0,0.0
AST-001857,0.14103853907766453,1,418879.2320692058,134510.5172580655,11.805074684886742
AST-001858,0.011824365265227491,0,0.0,0.0,0.0
AST-001859,0.027847426242609084,0,0.0,0.0,0.0
AST-001860,0.2865372980861241,0,0.0,0.0,0.0
AST-001861,0.029831555496533487,0,0.0,0.0,0.0
AST-001862,0.0364881645297896,1,269490.6776325041,38118.651873392046,43.69914202728581
AST-001863,0.009045143805724262,0,0.0,0.0,0.0
AST-001864,0.12491522620799476,0,0.0,0.0,0.0
AST-001865,0.05487867741030724,0,0.0,0.0,0.0
AST-001866,0.11958522848705264,1,188151.3430244766,48977.43167042221,216.90100688849486
AST-001867,0.015355411569256867,0,0.0,0.0,0.0
AST-001868,0.006412001941930814,0,0.0,0.0,0.0
AST-001869,0.012776680165608201,0,0.0,0.0,0.0
AST-001870,0.1191475463110505,0,0.0,0.0,0.0
AST-001871,0.12629980750236788,0,0.0,0.0,0.0
AST-001872,0.007053853683882766,0,0.0,0.0,0.0
AST-001873,0.021626794853984464,0,0.0,0.0,0.0
AST-001874,0.008160902601458603,0,0.0,0.0,0.0
AST-001875,0.010762878311898214,0,0.0,0.0,0.0
AST-001876,0.00535768067863806,0,0.0,0.0,0.0
AST-001877,0.03156907717342569,0,0.0,0.0,0.0
AST-001878,0.038726164888125185,0,0.0,0.0,0.0
AST-001879,0.1224928134045645,0,0.0,0.0,0.0
AST-001880,0.01180447717610918,0,0.0,0.0,0.0
AST-001881,0.001962281752083643,0,0.0,0.0,0.0
AST-001882,0.06382980507871219,0,0.0,0.0,0.0
AST-001883,0.005437070972037918,0,0.0,0.0,0.0
AST-001884,0.1630098374308052,0,0.0,0.0,0.0
AST-001885,0.02467855405939472,0,0.0,0.0,0.0
AST-001886,0.278645991712477,0,0.0,0.0,0.0
AST-001887,0.023643851552305577,0,0.0,0.0,0.0
AST-001888,0.004520179492736659,0,0.0,0.0,0.0
AST-001889,0.0077356671529884465,0,0.0,0.0,0.0
AST-001890,0.3915356635346601,1,410570.8214656818,82063.5009249161,5.0711842078457865
AST-001891,0.06846779530448106,0,0.0,0.0,0.0
AST-001892,0.0659694499420986,0,0.0,0.0,0.0
AST-001893,0.021630048489497573,0,0.0,0.0,0.0
AST-001894,0.0034575953441250856,0,0.0,0.0,0.0
AST-001895,0.004673919160372856,0,0.0,0.0,0.0
AST-001896,0.013223319642893399,0,0.0,0.0,0.0
AST-001897,0.00645342141453838,0,0.0,0.0,0.0
AST-001898,0.11126500308838043,0,0.0,0.0,0.0
AST-001899,0.02068621018039489,0,0.0,0.0,0.0
AST-001900,0.10577448148102646,0,0.0,0.0,0.0
AST-001901,0.7392875572853178,1,169941.92385014097,39867.383751126916,15.162012508537748
AST-001902,0.04184023582731967,0,0.0,0.0,0.0
AST-001903,0.0023078855490573967,0,0.0,0.0,0.0
AST-001904,0.0374242946846984,0,0.0,0.0,0.0
AST-001905,0.09250920024430814,0,0.0,0.0,0.0
AST-001906,0.11517756903657875,0,0.0,0.0,0.0
AST-001907,0.023243945260850676,0,0.0,0.0,0.0
AST-001908,0.1092778942475975,0,0.0,0.0,0.0
AST-001909,0.09884548706874362,0,0.0,0.0,0.0
AST-001910,0.03965366443702866,0,0.0,0.0,0.0
AST-001911,0.017715957149989126,0,0.0,0.0,0.0
AST-001912,0.010304090851464479,0,0.0,0.0,0.0
AST-001913,0.10949025864008874,0,0.0,0.0,0.0
AST-001914,0.4292597901928275,1,418313.79321038903,157101.1069711848,557.018038115662
AST-001915,0.3028587491037994,0,0.0,0.0,0.0
AST-001916,0.7290343916364974,0,0.0,0.0,0.0
AST-001917,0.11287361133960981,0,0.0,0.0,0.0
AST-001918,0.014016118896776784,0,0.0,0.0,0.0
AST-001919,0.00495416983083487,0,0.0,0.0,0.0
AST-001920,0.5269221536340268,0,0.0,0.0,0.0
AST-001921,0.0029260737878273346,0,0.0,0.0,0.0
AST-001922,0.00569179482227058,0,0.0,0.0,0.0
AST-001923,0.00743090227299095,0,0.0,0.0,0.0
AST-001924,0.009892376184541059,0,0.0,0.0,0.0
AST-001925,0.0206437767460033,0,0.0,0.0,0.0
AST-001926,0.020990182537747377,0,0.0,0.0,0.0
AST-001927,0.025477437487638335,0,0.0,0.0,0.0
AST-001928,0.060053184290200325,0,0.0,0.0,0.0
AST-001929,0.04265351587647062,0,0.0,0.0,0.0
AST-001930,0.05279909602338924,0,0.0,0.0,0.0
AST-001931,0.006311419689802302,0,0.0,0.0,0.0
AST-001932,0.1274668393995951,1,143111.80941562908,52123.96347672331,29.039427900691464
AST-001933,0.029834990804990368,0,0.0,0.0,0.0
AST-001934,0.013340696676814395,0,0.0,0.0,0.0
AST-001935,0.2770444031498823,0,0.0,0.0,0.0
AST-001936,0.00340262584131716,0,0.0,0.0,0.0
AST-001937,0.0800071006783881,0,0.0,0.0,0.0
AST-001938,0.007847405765140609,0,0.0,0.0,0.0
AST-001939,0.005429380367309172,0,0.0,0.0,0.0
AST-001940,0.23781818418274753,0,0.0,0.0,0.0
AST-001941,0.009269568382509296,0,0.0,0.0,0.0
AST-001942,0.01065478227476929,0,0.0,0.0,0.0
AST-001943,0.07720407747019217,0,0.0,0.0,0.0
AST-001944,0.4003199449887944,1,58570.06215360486,17822.969461928828,3.4299849326331247
AST-001945,0.0962554250862809,0,0.0,0.0,0.0
AST-001946,0.003156301349241426,0,0.0,0.0,0.0
AST-001947,0.3276530177502217,0,0.0,0.0,0.0
AST-001948,0.0028009063369911604,0,0.0,0.0,0.0
AST-001949,0.2570027979065502,0,0.0,0.0,0.0
AST-001950,0.0018003062306696338,0,0.0,0.0,0.0
AST-001951,0.014605826852776466,0,0.0,0.0,0.0
AST-001952,0.4492350181729341,0,0.0,0.0,0.0
AST-001953,0.03962188176297294,0,0.0,0.0,0.0
AST-001954,0.006425537629813777,0,0.0,0.0,0.0
AST-001955,0.1350781246918568,1,1014266.3348142643,345192.75101812766,13.22328129290392
AST-001956,0.02107133196678994,0,0.0,0.0,0.0
AST-001957,0.027077532705125373,0,0.0,0.0,0.0
AST-001958,0.03830176115800055,0,0.0,0.0,0.0
AST-001959,0.05753373003595554,0,0.0,0.0,0.0
AST-001960,0.004622167101738898,0,0.0,0.0,0.0
AST-001961,0.0033282156685498685,0,0.0,0.0,0.0
AST-001962,0.19567261650447076,0,0.0,0.0,0.0
AST-001963,0.005815690054548148,0,0.0,0.0,0.0
AST-001964,0.009737875873452335,0,0.0,0.0,0.0
AST-001965,0.051956422780595875,0,0.0,0.0,0.0
AST-001966,0.009785439145174433,0,0.0,0.0,0.0
AST-001967,0.19350344023331997,0,0.0,0.0,0.0
AST-001968,0.008984815823377854,0,0.0,0.0,0.0
AST-001969,0.2331760175563334,0,0.0,0.0,0.0
AST-001970,0.006291380992271274,0,0.0,0.0,0.0
AST-001971,0.007756768114944531,0,0.0,0.0,0.0
AST-001972,0.2522269915668849,0,0.0,0.0,0.0
AST-001973,0.0028061470649530015,0,0.0,0.0,0.0
AST-001974,0.009802739166918893,0,0.0,0.0,0.0
AST-001975,0.2622182985468641,0,0.0,0.0,0.0
AST-001976,0.011447681842383636,0,0.0,0.0,0.0
AST-001977,0.029183806452171498,0,0.0,0.0,0.0
AST-001978,0.02934005367272798,0,0.0,0.0,0.0
AST-001979,0.14970623933842817,0,0.0,0.0,0.0
AST-001980,0.004174636496618287,0,0.0,0.0,0.0
AST-001981,0.009471776193080948,0,0.0,0.0,0.0
AST-001982,0.4776673321251084,0,0.0,0.0,0.0
AST-001983,0.7994810298844829,1,57709.82787264496,13890.844586259163,4.689258908169384
AST-001984,0.11756090203848268,0,0.0,0.0,0.0
AST-001985,0.009477407734386328,0,0.0,0.0,0.0
AST-001986,0.1110843946004463,0,0.0,0.0,0.0
AST-001987,0.025140611131159948,0,0.0,0.0,0.0
AST-001988,0.033214960666343156,0,0.0,0.0,0.0
AST-001989,0.4530718754531955,1,227202.83566797417,54799.56865917621,4.4156410400196355
AST-001990,0.004570353838867196,0,0.0,0.0,0.0
AST-001991,0.13623434021418543,0,0.0,0.0,0.0
AST-001992,0.032913677171638574,0,0.0,0.0,0.0
AST-001993,0.003918914396804044,0,0.0,0.0,0.0
AST-001994,0.006719972254718989,0,0.0,0.0,0.0
AST-001995,0.0992928828843656,0,0.0,0.0,0.0
AST-001996,0.35445653319003956,1,1124430.8960640498,293761.1964654334,12.919666338645529
AST-001997,0.16656176758454466,0,0.0,0.0,0.0
AST-001998,0.11292978338566097,1,12416.831623332702,2263.853102207821,36.03084542418506
AST-001999,0.2142651189500187,1,32425.723820627016,6447.965760310222,3.142396697109335
AST-002000,0.006783773177091268,0,0.0,0.0,0.0
AST-002001,0.0510643246478358,0,0.0,0.0,0.0
AST-002002,0.004084908751152428,0,0.0,0.0,0.0
AST-002003,0.006264551777643822,0,0.0,0.0,0.0
AST-002004,0.02694647157714232,0,0.0,0.0,0.0
AST-002005,0.00837876268697885,0,0.0,0.0,0.0
AST-002006,0.2235936863106093,1,484712.29332952737,107694.34094772545,58.06477754620234
AST-002007,0.02774481805059894,1,351081.41596290696,45312.54260594792,36.432460979315124
AST-002008,0.218159829263146,1,214581.03177488188,28930.690510130815,17.13868178146733
AST-002009,0.03681565671860474,0,0.0,0.0,0.0
AST-002010,0.043154445315941176,0,0.0,0.0,0.0
AST-002011,0.3689486407156203,0,0.0,0.0,0.0
AST-002012,0.004041068948698764,0,0.0,0.0,0.0
AST-002013,0.09183901280558805,0,0.0,0.0,0.0
AST-002014,0.8395032332830782,1,62587.36831506331,22040.102710433483,2.3608137773623845
AST-002015,0.005530649791355215,0,0.0,0.0,0.0
AST-002016,0.025640140337347034,0,0.0,0.0,0.0
AST-002017,0.013725305866096342,0,0.0,0.0,0.0
AST-002018,0.006096580282004036,0,0.0,0.0,0.0
AST-002019,0.10072176043056763,0,0.0,0.0,0.0
AST-002020,0.15320640439445943,1,70394.73953634033,20351.27381753576,15.076027889137976
AST-002021,0.6443556955235572,1,74716.03715123693,8172.511600050487,10.064861359130619
AST-002022,0.004559487539672543,0,0.0,0.0,0.0
AST-002023,0.07799868451284894,0,0.0,0.0,0.0
AST-002024,0.0312335730692819,0,0.0,0.0,0.0
AST-002025,0.7503791934329126,1,49263.72810812453,12612.956365078351,16.8320499834888
AST-002026,0.01621852107337404,0,0.0,0.0,0.0
AST-002027,0.016316041684572697,0,0.0,0.0,0.0
AST-002028,0.002499340327144512,0,0.0,0.0,0.0
AST-002029,0.014506793583977138,0,0.0,0.0,0.0
AST-002030,0.22154401764309214,0,0.0,0.0,0.0
AST-002031,0.06838528121084023,0,0.0,0.0,0.0
AST-002032,0.016326614395958172,0,0.0,0.0,0.0
AST-002033,0.10031931594242488,0,0.0,0.0,0.0
AST-002034,0.011431328753183157,0,0.0,0.0,0.0
AST-002035,0.023492280730630734,0,0.0,0.0,0.0
AST-002036,0.008047897815213709,0,0.0,0.0,0.0
AST-002037,0.2498185097555381,0,0.0,0.0,0.0
AST-002038,0.00356822990089165,0,0.0,0.0,0.0
AST-002039,0.007997518825613064,0,0.0,0.0,0.0
AST-002040,0.7450685621124271,0,0.0,0.0,0.0
AST-002041,0.05521122203671261,0,0.0,0.0,0.0
AST-002042,0.028278459555084838,0,0.0,0.0,0.0
AST-002043,0.00745438973693391,0,0.0,0.0,0.0
AST-002044,0.056410085051928814,0,0.0,0.0,0.0
AST-002045,0.5876980160433832,0,0.0,0.0,0.0
AST-002046,0.0010684775677056806,0,0.0,0.0,0.0
AST-002047,0.5304924064941094,1,26045.66665608806,4470.244144313456,3.5079621608051306
AST-002048,0.04493855164961012,0,0.0,0.0,0.0
AST-002049,0.004291070966930597,0,0.0,0.0,0.0
AST-002050,0.0100104860366861,0,0.0,0.0,0.0
AST-002051,0.09188958737258719,0,0.0,0.0,0.0
AST-002052,0.008069130858062252,0,0.0,0.0,0.0
AST-002053,0.08395205265198524,0,0.0,0.0,0.0
AST-002054,0.1410165249011905,1,153173.38574312383,52166.280837492035,91.5735565105829
AST-002055,0.23771008403089808,0,0.0,0.0,0.0
AST-002056,0.009922795893367371,0,0.0,0.0,0.0
AST-002057,0.02711529551783233,0,0.0,0.0,0.0
AST-002058,0.01953985771824318,0,0.0,0.0,0.0
AST-002059,0.29735973471241506,0,0.0,0.0,0.0
AST-002060,0.25557304766227856,0,0.0,0.0,0.0
AST-002061,0.027227163659937548,0,0.0,0.0,0.0
AST-002062,0.017181201038735893,0,0.0,0.0,0.0
AST-002063,0.033866219221493944,0,0.0,0.0,0.0
AST-002064,0.4074594285492181,0,0.0,0.0,0.0
AST-002065,0.0009484202064952568,0,0.0,0.0,0.0
AST-002066,0.08535993064808109,0,0.0,0.0,0.0
AST-002067,0.09867080836546821,0,0.0,0.0,0.0
AST-002068,0.08916583216700107,0,0.0,0.0,0.0
AST-002069,0.358603023200224,0,0.0,0.0,0.0
AST-002070,0.10879159512240597,0,0.0,0.0,0.0
AST-002071,0.037394436430474645,0,0.0,0.0,0.0
AST-002072,0.007649225298674151,0,0.0,0.0,0.0
AST-002073,0.1452874268946463,0,0.0,0.0,0.0
AST-002074,0.09893089603241347,0,0.0,0.0,0.0
AST-002075,0.5247854003079959,0,0.0,0.0,0.0
AST-002076,0.012161628566481175,0,0.0,0.0,0.0
AST-002077,0.8131341504102328,1,53838.31839245765,15634.201642430326,15.969316570452046
AST-002078,0.0058464321058328385,0,0.0,0.0,0.0
AST-002079,0.06903762948683423,0,0.0,0.0,0.0
AST-002080,0.022541697761241705,0,0.0,0.0,0.0
AST-002081,0.12352711880426094,0,0.0,0.0,0.0
AST-002082,0.9384962140851949,1,2196477.0412469297,679120.829572313,24.581445377399373
AST-002083,0.0025219958465783716,0,0.0,0.0,0.0
AST-002084,0.002826315223307864,0,0.0,0.0,0.0
AST-002085,0.07821411780892827,0,0.0,0.0,0.0
AST-002086,0.00392705857023275,0,0.0,0.0,0.0
AST-002087,0.023387885962080142,0,0.0,0.0,0.0
AST-002088,0.02618134482053224,0,0.0,0.0,0.0
AST-002089,0.02564306074361388,0,0.0,0.0,0.0
AST-002090,0.012331026062953686,0,0.0,0.0,0.0
AST-002091,0.026452940900614175,0,0.0,0.0,0.0
AST-002092,0.12276681391376029,1,142816.6277788065,44937.231531190126,13.406443862320735
AST-002093,0.011838407279963265,0,0.0,0.0,0.0
AST-002094,0.008367968224235424,0,0.0,0.0,0.0
AST-002095,0.10057260535002861,0,0.0,0.0,0.0
AST-002096,0.11975929024591592,0,0.0,0.0,0.0
AST-002097,0.010784439379924437,0,0.0,0.0,0.0
AST-002098,0.0062496273882471,0,0.0,0.0,0.0
AST-002099,0.5937988953936119,0,0.0,0.0,0.0
AST-002100,0.003803722788901936,0,0.0,0.0,0.0
AST-002101,0.004834900946242186,0,0.0,0.0,0.0
AST-002102,0.15859228793881092,0,0.0,0.0,0.0
AST-002103,0.06370708717550358,0,0.0,0.0,0.0
AST-002104,0.43611999215855973,1,239286.42780347727,80433.0297496797,47.09054242178496
AST-002105,0.19396438707859315,0,0.0,0.0,0.0
AST-002106,0.29183612868370273,1,391360.4440637442,40581.12546750258,158.19684780540803
AST-002107,0.010368570524121544,0,0.0,0.0,0.0
AST-002108,0.1886748147685539,0,0.0,0.0,0.0
AST-002109,0.15529309490714305,0,0.0,0.0,0.0
AST-002110,0.011203817293970991,0,0.0,0.0,0.0
AST-002111,0.07753144698203032,1,1187343.6574853093,166284.80972370275,86.77881457897455
AST-002112,0.012044917207070276,0,0.0,0.0,0.0
AST-002113,0.015867703755551018,0,0.0,0.0,0.0
AST-002114,0.0057496691192408965,0,0.0,0.0,0.0
AST-002115,0.039489176452108234,0,0.0,0.0,0.0
AST-002116,0.5269179481711805,0,0.0,0.0,0.0
AST-002117,0.025054443077761907,0,0.0,0.0,0.0
AST-002118,0.031157823857160816,0,0.0,0.0,0.0
AST-002119,0.0037981019379895236,0,0.0,0.0,0.0
AST-002120,0.011650441235353592,0,0.0,0.0,0.0
AST-002121,0.09861464895018625,0,0.0,0.0,0.0
AST-002122,0.03410447628406856,0,0.0,0.0,0.0
AST-002123,0.017589867297021413,0,0.0,0.0,0.0
AST-002124,0.18098610648279806,0,0.0,0.0,0.0
AST-002125,0.004881705422783876,0,0.0,0.0,0.0
AST-002126,0.0934768105747716,0,0.0,0.0,0.0
AST-002127,0.17445360250943975,0,0.0,0.0,0.0
AST-002128,0.006959261706704782,0,0.0,0.0,0.0
AST-002129,0.005297305882232526,0,0.0,0.0,0.0
AST-002130,0.007383509126583962,0,0.0,0.0,0.0
AST-002131,0.04440525027854492,0,0.0,0.0,0.0
AST-002132,0.016126868882628,0,0.0,0.0,0.0
AST-002133,0.12324758150471397,0,0.0,0.0,0.0
AST-002134,0.03618830459269767,0,0.0,0.0,0.0
AST-002135,0.016878333528900086,0,0.0,0.0,0.0
AST-002136,0.023705643280387014,0,0.0,0.0,0.0
AST-002137,0.005668011938287678,0,0.0,0.0,0.0
AST-002138,0.007839668950542814,0,0.0,0.0,0.0
AST-002139,0.02290962153336408,0,0.0,0.0,0.0
AST-002140,0.06468054148244537,0,0.0,0.0,0.0
AST-002141,0.026566021188662383,0,0.0,0.0,0.0
AST-002142,0.024614866591653833,0,0.0,0.0,0.0
AST-002143,0.15327579636539604,0,0.0,0.0,0.0
AST-002144,0.0016230906238306753,0,0.0,0.0,0.0
AST-002145,0.010173068177635825,0,0.0,0.0,0.0
AST-002146,0.003971612758125835,0,0.0,0.0,0.0
AST-002147,0.012645623234081858,0,0.0,0.0,0.0
AST-002148,0.014370012580566645,0,0.0,0.0,0.0
AST-002149,0.014449703130179124,0,0.0,0.0,0.0
AST-002150,0.10794839517140482,1,12332.39917029252,4379.087557990462,98.79296302197032
AST-002151,0.5595492463243168,0,0.0,0.0,0.0
AST-002152,0.01209254892658548,0,0.0,0.0,0.0
AST-002153,0.14478642432768182,0,0.0,0.0,0.0
AST-002154,0.008506718707321724,0,0.0,0.0,0.0
AST-002155,0.014991605938246224,0,0.0,0.0,0.0
AST-002156,0.10778021771064895,0,0.0,0.0,0.0
AST-002157,0.02271941684289741,0,0.0,0.0,0.0
AST-002158,0.025566850093616048,1,2279697.837414755,789086.1872911513,11.7532132758643
AST-002159,0.00676306266596646,0,0.0,0.0,0.0
AST-002160,0.44808334598198013,0,0.0,0.0,0.0
AST-002161,0.06402594106344248,0,0.0,0.0,0.0
AST-002162,0.00342792371916862,0,0.0,0.0,0.0
AST-002163,0.26080494983346014,1,85733.0716523024,9957.684187628493,15.856903436606801
AST-002164,0.021330972647428705,0,0.0,0.0,0.0
AST-002165,0.022349496187253227,0,0.0,0.0,0.0
AST-002166,0.01411841882178526,0,0.0,0.0,0.0
AST-002167,0.08113182097912643,0,0.0,0.0,0.0
AST-002168,0.015157312782634748,0,0.0,0.0,0.0
AST-002169,0.009328918454347683,0,0.0,0.0,0.0
AST-002170,0.04664999373041814,0,0.0,0.0,0.0
AST-002171,0.004717973912133481,0,0.0,0.0,0.0
AST-002172,0.05234721554965606,0,0.0,0.0,0.0
AST-002173,0.015014116958797046,0,0.0,0.0,0.0
AST-002174,0.015836151620978702,0,0.0,0.0,0.0
AST-002175,0.020029714759278477,0,0.0,0.0,0.0
AST-002176,0.008562140500336476,0,0.0,0.0,0.0
AST-002177,0.0039020258671770493,0,0.0,0.0,0.0
AST-002178,0.012632267809499628,0,0.0,0.0,0.0
AST-002179,0.015834445234882876,0,0.0,0.0,0.0
AST-002180,0.1019982476177399,0,0.0,0.0,0.0
AST-002181,0.051926327688485284,0,0.0,0.0,0.0
AST-002182,0.017022538467880363,0,0.0,0.0,0.0
AST-002183,0.44901805053706384,1,19631.63890618286,5735.673851260945,66.56521409829216
AST-002184,0.030778198376592517,0,0.0,0.0,0.0
AST-002185,0.040317041651027244,0,0.0,0.0,0.0
AST-002186,0.005891470898099297,0,0.0,0.0,0.0
AST-002187,0.011431557543939487,0,0.0,0.0,0.0
AST-002188,0.46882774492918455,1,251790.38697836918,86529.57621835628,3.36787374685039
AST-002189,0.002549445392480714,0,0.0,0.0,0.0
AST-002190,0.09504740127006354,0,0.0,0.0,0.0
AST-002191,0.04461085820224655,0,0.0,0.0,0.0
AST-002192,0.11356502603009258,0,0.0,0.0,0.0
AST-002193,0.5351908459551811,1,1708154.1506800568,200070.1565548621,21.742145938333156
AST-002194,0.05197546020589188,0,0.0,0.0,0.0
AST-002195,0.16739493307902628,0,0.0,0.0,0.0
AST-002196,0.01474228578230231,0,0.0,0.0,0.0
AST-002197,0.0032773689496685275,0,0.0,0.0,0.0
AST-002198,0.01831307995818897,0,0.0,0.0,0.0
AST-002199,0.05527692055325019,0,0.0,0.0,0.0
AST-002200,0.01385295329829123,0,0.0,0.0,0.0
AST-002201,0.016256959853273453,0,0.0,0.0,0.0
AST-002202,0.011628553248244302,0,0.0,0.0,0.0
AST-002203,0.0403225815639711,0,0.0,0.0,0.0
AST-002204,0.004395940006990935,0,0.0,0.0,0.0
AST-002205,0.05063496650864629,0,0.0,0.0,0.0
AST-002206,0.0021077731413234073,0,0.0,0.0,0.0
AST-002207,0.055092696227949475,0,0.0,0.0,0.0
AST-002208,0.008887489091258808,0,0.0,0.0,0.0
AST-002209,0.06078434370739291,0,0.0,0.0,0.0
AST-002210,0.007361493088733307,0,0.0,0.0,0.0
AST-002211,0.07594811628541666,0,0.0,0.0,0.0
AST-002212,0.08507029045553259,0,0.0,0.0,0.0
AST-002213,0.22401246528518082,0,0.0,0.0,0.0
AST-002214,0.02354769269725267,0,0.0,0.0,0.0
AST-002215,0.002899467787600302,0,0.0,0.0,0.0
AST-002216,0.015754500262979757,0,0.0,0.0,0.0
AST-002217,0.0568292730099954,0,0.0,0.0,0.0
AST-002218,0.09674141837026647,0,0.0,0.0,0.0
AST-002219,0.027816155316777502,0,0.0,0.0,0.0
AST-002220,0.023100601597670682,0,0.0,0.0,0.0
AST-002221,0.173122470022099,0,0.0,0.0,0.0
AST-002222,0.022812336753619506,0,0.0,0.0,0.0
AST-002223,0.13410177196307377,0,0.0,0.0,0.0
AST-002224,0.025643884286524154,0,0.0,0.0,0.0
AST-002225,0.013401890350474422,0,0.0,0.0,0.0
AST-002226,0.1521864527819703,1,5000.0,716.4155655684654,115.14153814175522
AST-002227,0.010288665289078801,0,0.0,0.0,0.0
AST-002228,0.18048731137068047,0,0.0,0.0,0.0
AST-002229,0.03392676068622155,0,0.0,0.0,0.0
AST-002230,0.037606730754831626,0,0.0,0.0,0.0
AST-002231,0.3918532962011532,1,396584.07088880386,70601.06455420823,9.907940065809367
AST-002232,0.011331833213232275,0,0.0,0.0,0.0
AST-002233,0.32219283850710495,0,0.0,0.0,0.0
AST-002234,0.0814027756702628,0,0.0,0.0,0.0
AST-002235,0.11272921376628571,0,0.0,0.0,0.0
AST-002236,0.008935394988629103,0,0.0,0.0,0.0
AST-002237,0.020379667640910072,0,0.0,0.0,0.0
AST-002238,0.00316463591714579,0,0.0,0.0,0.0
AST-002239,0.006813984415497206,0,0.0,0.0,0.0
AST-002240,0.014067232004909178,0,0.0,0.0,0.0
AST-002241,0.05349190249881533,0,0.0,0.0,0.0
AST-002242,0.029832537222649683,0,0.0,0.0,0.0
AST-002243,0.0025098329642591305,0,0.0,0.0,0.0
AST-002244,0.009052619651201244,0,0.0,0.0,0.0
AST-002245,0.005231893523731696,0,0.0,0.0,0.0
AST-002246,0.005522277154319692,0,0.0,0.0,0.0
AST-002247,0.11122321870791958,0,0.0,0.0,0.0
AST-002248,0.005626110235876089,0,0.0,0.0,0.0
AST-002249,0.9241643977011086,1,347576.3944831275,90504.14740209492,9.905056262180217
AST-002250,0.011211367073674962,0,0.0,0.0,0.0
AST-002251,0.1302794194740984,0,0.0,0.0,0.0
AST-002252,0.021593884782584737,0,0.0,0.0,0.0
AST-002253,0.33626014779020874,1,771770.7126743386,245692.8080724645,15.03963652380957
AST-002254,0.03734875958707119,0,0.0,0.0,0.0
AST-002255,0.008232176147994787,0,0.0,0.0,0.0
AST-002256,0.020024095755549285,0,0.0,0.0,0.0
AST-002257,0.4396707911925267,1,52326.4879228142,9539.206143231411,57.29186048054186
AST-002258,0.007667669343587819,0,0.0,0.0,0.0
AST-002259,0.10110198871159194,0,0.0,0.0,0.0
AST-002260,0.11373045240149711,1,424130.0488984119,86853.36366278678,98.29287071114778
AST-002261,0.011222659547978318,0,0.0,0.0,0.0
AST-002262,0.018178510259053884,0,0.0,0.0,0.0
AST-002263,0.020341076339460282,0,0.0,0.0,0.0
AST-002264,0.01726337919175127,1,163313.68142903445,58974.16391680704,4.817687827938734
AST-002265,0.07695090146044026,0,0.0,0.0,0.0
AST-002266,0.2203813352884675,0,0.0,0.0,0.0
AST-002267,0.0027935446234639565,0,0.0,0.0,0.0
AST-002268,0.12034921718134729,0,0.0,0.0,0.0
AST-002269,0.07269828690234083,0,0.0,0.0,0.0
AST-002270,0.1914494406308474,0,0.0,0.0,0.0
AST-002271,0.005280979732022547,0,0.0,0.0,0.0
AST-002272,0.14327690178539856,0,0.0,0.0,0.0
AST-002273,0.008132470203691457,0,0.0,0.0,0.0
AST-002274,0.022350017175096045,0,0.0,0.0,0.0
AST-002275,0.048697902965168974,0,0.0,0.0,0.0
AST-002276,0.009979648912845295,0,0.0,0.0,0.0
AST-002277,0.01635546069174482,0,0.0,0.0,0.0
AST-002278,0.03703235459076183,0,0.0,0.0,0.0
AST-002279,0.05610801312583728,0,0.0,0.0,0.0
AST-002280,0.6241689215806495,0,0.0,0.0,0.0
AST-002281,0.07750056559868464,1,887770.3137057193,214172.1032469586,0.664057100872865
AST-002282,0.14431320162701816,0,0.0,0.0,0.0
AST-002283,0.016455636963615104,0,0.0,0.0,0.0
AST-002284,0.05600967453620222,0,0.0,0.0,0.0
AST-002285,0.007524547575413788,0,0.0,0.0,0.0
AST-002286,0.03201815951894989,0,0.0,0.0,0.0
AST-002287,0.18978243300480535,0,0.0,0.0,0.0
AST-002288,0.05619999007507765,0,0.0,0.0,0.0
AST-002289,0.004460443567231903,1,43201.092835769414,7279.640164366445,81.29503782310042
AST-002290,0.006550499461308987,0,0.0,0.0,0.0
AST-002291,0.021351519845873607,0,0.0,0.0,0.0
AST-002292,0.07084690369020383,0,0.0,0.0,0.0
AST-002293,0.032751229422708576,0,0.0,0.0,0.0
AST-002294,0.023210849655202006,0,0.0,0.0,0.0
AST-002295,0.03105368394215905,0,0.0,0.0,0.0
AST-002296,0.008767976939538943,0,0.0,0.0,0.0
AST-002297,0.044294729691444455,0,0.0,0.0,0.0
AST-002298,0.027507950473374853,0,0.0,0.0,0.0
AST-002299,0.0947622870503841,0,0.0,0.0,0.0
AST-002300,0.028373425692966584,0,0.0,0.0,0.0
AST-002301,0.016797657948177006,0,0.0,0.0,0.0
AST-002302,0.010828387275627599,0,0.0,0.0,0.0
AST-002303,0.08521567333396227,0,0.0,0.0,0.0
AST-002304,0.1808016566460684,0,0.0,0.0,0.0
AST-002305,0.004038483890333238,0,0.0,0.0,0.0
AST-002306,0.017998895294256394,0,0.0,0.0,0.0
AST-002307,0.07322346352803379,0,0.0,0.0,0.0
AST-002308,0.5870965082364136,0,0.0,0.0,0.0
AST-002309,0.01203125136678058,0,0.0,0.0,0.0
AST-002310,0.00526225658606782,0,0.0,0.0,0.0
AST-002311,0.0062411001977010815,0,0.0,0.0,0.0
AST-002312,0.46416548134993835,1,285231.59657453664,79311.24723096294,2.2792025205612676
AST-002313,0.0022579121664187615,0,0.0,0.0,0.0
AST-002314,0.2685241326545393,0,0.0,0.0,0.0
AST-002315,0.01642770041215146,0,0.0,0.0,0.0
AST-002316,0.34746829861725687,0,0.0,0.0,0.0
AST-002317,0.03845910143548874,0,0.0,0.0,0.0
AST-002318,0.01422956186374152,0,0.0,0.0,0.0
AST-002319,0.001116866108951896,0,0.0,0.0,0.0
AST-002320,0.004464546270306031,0,0.0,0.0,0.0
AST-002321,0.01869102443671923,0,0.0,0.0,0.0
AST-002322,0.026571937353699893,0,0.0,0.0,0.0
AST-002323,0.05513454284311797,0,0.0,0.0,0.0
AST-002324,0.19006558418639352,0,0.0,0.0,0.0
AST-002325,0.23522226593419182,1,114866.04986382158,44027.005085823745,3.2263992418168934
AST-002326,0.010746133222963678,0,0.0,0.0,0.0
AST-002327,0.06520593889864539,0,0.0,0.0,0.0
AST-002328,0.09832304792604354,0,0.0,0.0,0.0
AST-002329,0.07311545219278502,0,0.0,0.0,0.0
AST-002330,0.011224521463991648,0,0.0,0.0,0.0
AST-002331,0.03654342950010993,0,0.0,0.0,0.0
AST-002332,0.08069319865095338,0,0.0,0.0,0.0
AST-002333,0.12958163270310477,0,0.0,0.0,0.0
AST-002334,0.01863521874293565,0,0.0,0.0,0.0
AST-002335,0.05541007357088688,0,0.0,0.0,0.0
AST-002336,0.0403929189730465,0,0.0,0.0,0.0
AST-002337,0.1818497390137658,0,0.0,0.0,0.0
AST-002338,0.2782068304453773,0,0.0,0.0,0.0
AST-002339,0.021370297573277033,0,0.0,0.0,0.0
AST-002340,0.01659408190342919,0,0.0,0.0,0.0
AST-002341,0.8868629577038347,1,83927.09153528657,28490.804411798432,20.790245799890677
AST-002342,0.0224218200174328,0,0.0,0.0,0.0
AST-002343,0.0037987963657781752,0,0.0,0.0,0.0
AST-002344,0.006938978209577874,0,0.0,0.0,0.0
AST-002345,0.02651874116892957,0,0.0,0.0,0.0
AST-002346,0.014957625356649623,0,0.0,0.0,0.0
AST-002347,0.04447215355787609,0,0.0,0.0,0.0
AST-002348,0.013409874041554387,0,0.0,0.0,0.0
AST-002349,0.05422895032376973,0,0.0,0.0,0.0
AST-002350,0.006387342373212198,0,0.0,0.0,0.0
AST-002351,0.07598858794131677,0,0.0,0.0,0.0
AST-002352,0.310782554179346,1,52148.72240746837,18766.808501331314,42.73735003993999
AST-002353,0.0036543133813098216,0,0.0,0.0,0.0
AST-002354,0.0030132096550986587,0,0.0,0.0,0.0
AST-002355,0.03989388510495454,0,0.0,0.0,0.0
AST-002356,0.01311403895510645,0,0.0,0.0,0.0
AST-002357,0.18314010986075252,0,0.0,0.0,0.0
AST-002358,0.0035169408871005454,0,0.0,0.0,0.0
AST-002359,0.03613776725030108,0,0.0,0.0,0.0
AST-002360,0.4100652154997852,0,0.0,0.0,0.0
AST-002361,0.09571398256386517,1,257392.8312069184,100116.58064592675,22.918599583050117
AST-002362,0.008988752014434305,0,0.0,0.0,0.0
AST-002363,0.34228315533530157,0,0.0,0.0,0.0
AST-002364,0.031425264191266296,0,0.0,0.0,0.0
AST-002365,0.09538765175270421,0,0.0,0.0,0.0
AST-002366,0.017427464863593797,0,0.0,0.0,0.0
AST-002367,0.012720175578143181,0,0.0,0.0,0.0
AST-002368,0.017635859412367626,0,0.0,0.0,0.0
AST-002369,0.006989467282420543,0,0.0,0.0,0.0
AST-002370,0.027232483691415035,0,0.0,0.0,0.0
AST-002371,0.019506449505136324,0,0.0,0.0,0.0
AST-002372,0.00993512029589577,0,0.0,0.0,0.0
AST-002373,0.015029596992627304,0,0.0,0.0,0.0
AST-002374,0.041528044880621805,0,0.0,0.0,0.0
AST-002375,0.04294416237189936,0,0.0,0.0,0.0
AST-002376,0.3634774569781046,1,375216.32864202384,116763.30901161103,189.18990649132638
AST-002377,0.011285510871928202,0,0.0,0.0,0.0
AST-002378,0.004838091968322035,0,0.0,0.0,0.0
AST-002379,0.03599124972282053,0,0.0,0.0,0.0
AST-002380,0.00997550681395239,0,0.0,0.0,0.0
AST-002381,0.006420550463416643,0,0.0,0.0,0.0
AST-002382,0.020322857908850845,0,0.0,0.0,0.0
AST-002383,0.010084772449506278,0,0.0,0.0,0.0
AST-002384,0.01757575855737223,0,0.0,0.0,0.0
AST-002385,0.00988713299862318,0,0.0,0.0,0.0
AST-002386,0.004773883750045743,0,0.0,0.0,0.0
AST-002387,0.0147225490443778,0,0.0,0.0,0.0
AST-002388,0.02883949732466546,0,0.0,0.0,0.0
AST-002389,0.024562491623484152,0,0.0,0.0,0.0
AST-002390,0.014505265525307905,0,0.0,0.0,0.0
AST-002391,0.05908008983649034,0,0.0,0.0,0.0
AST-002392,0.5592513402920902,1,2226656.421349145,698512.0038501042,51.24308135055612
AST-002393,0.14619068693517892,0,0.0,0.0,0.0
AST-002394,0.020800458832445246,0,0.0,0.0,0.0
AST-002395,0.653201387778899,0,0.0,0.0,0.0
AST-002396,0.033292768085682024,0,0.0,0.0,0.0
AST-002397,0.012463613348523936,0,0.0,0.0,0.0
AST-002398,0.04718214960760096,0,0.0,0.0,0.0
AST-002399,0.007252684912981255,0,0.0,0.0,0.0
AST-002400,0.026322311218926246,0,0.0,0.0,0.0
AST-002401,0.005800936972785066,0,0.0,0.0,0.0
AST-002402,0.4021992820141844,1,5863.372578415152,686.5522960979779,11.258276981006537
AST-002403,0.04663864167753306,0,0.0,0.0,0.0
AST-002404,0.6903700561236029,0,0.0,0.0,0.0
AST-002405,0.013333819172060493,0,0.0,0.0,0.0
AST-002406,0.02413055813590891,0,0.0,0.0,0.0
AST-002407,0.00848709721472082,0,0.0,0.0,0.0
AST-002408,0.021554568016235988,0,0.0,0.0,0.0
AST-002409,0.013653346193406335,0,0.0,0.0,0.0
AST-002410,0.0023118138734569272,0,0.0,0.0,0.0
AST-002411,0.011008508687993608,0,0.0,0.0,0.0
AST-002412,0.005673498549985535,0,0.0,0.0,0.0
AST-002413,0.0038284881604433293,0,0.0,0.0,0.0
AST-002414,0.5416460499539218,1,79324.03343678584,21879.63750561523,82.4624936699729
AST-002415,0.13147047878463056,0,0.0,0.0,0.0
AST-002416,0.10333852094125075,0,0.0,0.0,0.0
AST-002417,0.6848940812270359,1,191831.8962556146,35985.81305002206,25.397985828699444
AST-002418,0.009774558236308847,0,0.0,0.0,0.0
AST-002419,0.024283734966102526,0,0.0,0.0,0.0
AST-002420,0.013556177441873811,0,0.0,0.0,0.0
AST-002421,0.00702344183760796,0,0.0,0.0,0.0
AST-002422,0.014815572906690624,0,0.0,0.0,0.0
AST-002423,0.0190452333880341,0,0.0,0.0,0.0
AST-002424,0.005932373200439426,0,0.0,0.0,0.0
AST-002425,0.0786226344282483,0,0.0,0.0,0.0
AST-002426,0.006887716200844123,0,0.0,0.0,0.0
AST-002427,0.13595913006799473,1,16532.98636050321,3567.4090736872968,35.824852421325765
AST-002428,0.010025079813694398,0,0.0,0.0,0.0
AST-002429,0.0058979764749696115,0,0.0,0.0,0.0
AST-002430,0.20979763716562752,1,644196.9257711344,191330.5407166545,22.322227939326815
AST-002431,0.04386334101791195,0,0.0,0.0,0.0
AST-002432,0.11104920852706969,0,0.0,0.0,0.0
AST-002433,0.0072306558506966415,0,0.0,0.0,0.0
AST-002434,0.027501730964276442,0,0.0,0.0,0.0
AST-002435,0.016020720009005566,0,0.0,0.0,0.0
AST-002436,0.0035083430887112577,0,0.0,0.0,0.0
AST-002437,0.0019262993344168736,0,0.0,0.0,0.0
AST-002438,0.025591612140884856,0,0.0,0.0,0.0
AST-002439,0.00815137372518208,0,0.0,0.0,0.0
AST-002440,0.07335892987196478,0,0.0,0.0,0.0
AST-002441,0.16929811670752612,0,0.0,0.0,0.0
AST-002442,0.13792896999085413,0,0.0,0.0,0.0
AST-002443,0.014651506258354593,0,0.0,0.0,0.0
AST-002444,0.034484334491939043,0,0.0,0.0,0.0
AST-002445,0.13576505406422218,0,0.0,0.0,0.0
AST-002446,0.38258086631828087,1,260209.89637585173,64437.06636212329,57.28606361155963
AST-002447,0.12951067477345587,0,0.0,0.0,0.0
AST-002448,0.059253565527480574,0,0.0,0.0,0.0
AST-002449,0.004500612566420728,0,0.0,0.0,0.0
AST-002450,0.012282574921448953,0,0.0,0.0,0.0
AST-002451,0.10422670109859208,0,0.0,0.0,0.0
AST-002452,0.01470675721194872,0,0.0,0.0,0.0
AST-002453,0.0057782566643144375,0,0.0,0.0,0.0
AST-002454,0.3077936986105209,0,0.0,0.0,0.0
AST-002455,0.0018864628099345682,0,0.0,0.0,0.0
AST-002456,0.5454384802739883,0,0.0,0.0,0.0
AST-002457,0.005509160376441306,0,0.0,0.0,0.0
AST-002458,0.029148225216585194,1,23766.11538422245,2438.746866829102,38.07259474062755
AST-002459,0.6542376593399548,1,82749.7812382753,13888.97200871004,33.37930098447599
AST-002460,0.3425887498967353,0,0.0,0.0,0.0
AST-002461,0.041166941496371144,0,0.0,0.0,0.0
AST-002462,0.09125217833122207,0,0.0,0.0,0.0
AST-002463,0.012286084889263846,0,0.0,0.0,0.0
AST-002464,0.09242324176803965,0,0.0,0.0,0.0
AST-002465,0.015239266997461198,0,0.0,0.0,0.0
AST-002466,0.40364804461431825,1,80198.42716937356,19019.622477900168,29.918318773020985
AST-002467,0.020001396013581772,0,0.0,0.0,0.0
AST-002468,0.010225728152400065,0,0.0,0.0,0.0
AST-002469,0.01669145745641231,0,0.0,0.0,0.0
AST-002470,0.04137599060245909,0,0.0,0.0,0.0
AST-002471,0.08385211002414521,0,0.0,0.0,0.0
AST-002472,0.0031201365493221194,0,0.0,0.0,0.0
AST-002473,0.006020198448885919,0,0.0,0.0,0.0
AST-002474,0.023034552502254543,0,0.0,0.0,0.0
AST-002475,0.0036335713451118535,0,0.0,0.0,0.0
AST-002476,0.05950647191435283,0,0.0,0.0,0.0
AST-002477,0.020750877020812096,0,0.0,0.0,0.0
AST-002478,0.5177345483133768,1,114367.57707784693,15877.134115995852,2.969469609736959
AST-002479,0.04300096990009675,0,0.0,0.0,0.0
AST-002480,0.0059855473633154055,0,0.0,0.0,0.0
AST-002481,0.0658476215435744,0,0.0,0.0,0.0
AST-002482,0.12520182178552017,0,0.0,0.0,0.0
AST-002483,0.05326548699717903,0,0.0,0.0,0.0
AST-002484,0.011428437973583285,1,54402.12439073019,18278.37646657035,26.989388905236538
AST-002485,0.7392350289441152,1,175943.68408491142,58872.22399816646,10.211920256927193
AST-002486,0.11999616274587697,0,0.0,0.0,0.0
AST-002487,0.19610192319758424,1,379016.56849602907,85301.79139721706,133.15794074341179
AST-002488,0.032086716721094345,0,0.0,0.0,0.0
AST-002489,0.0017143974112571343,0,0.0,0.0,0.0
AST-002490,0.008169362909729607,0,0.0,0.0,0.0
AST-002491,0.006934518119829111,0,0.0,0.0,0.0
AST-002492,0.38626780287573914,0,0.0,0.0,0.0
AST-002493,0.08839479151325356,0,0.0,0.0,0.0
AST-002494,0.056060662150764516,0,0.0,0.0,0.0
AST-002495,0.008493162325209936,0,0.0,0.0,0.0
AST-002496,0.010656629583602029,0,0.0,0.0,0.0
AST-002497,0.03733036311007217,0,0.0,0.0,0.0
AST-002498,0.06544478147448272,0,0.0,0.0,0.0
AST-002499,0.9640084889222571,1,476657.454129375,102495.2102272444,2.856648640760734
AST-002500,0.035971640408081595,0,0.0,0.0,0.0
AST-002501,0.014755944563688957,0,0.0,0.0,0.0
AST-002502,0.1720126487010913,0,0.0,0.0,0.0
AST-002503,0.05441974697284649,0,0.0,0.0,0.0
AST-002504,0.0471307112131736,0,0.0,0.0,0.0
AST-002505,0.06429300636152939,0,0.0,0.0,0.0
AST-002506,0.004486923048726271,0,0.0,0.0,0.0
AST-002507,0.015262027334614018,0,0.0,0.0,0.0
AST-002508,0.009657107778011882,0,0.0,0.0,0.0
AST-002509,0.01263813140091456,0,0.0,0.0,0.0
AST-002510,0.20218675789599413,0,0.0,0.0,0.0
AST-002511,0.009609811237042859,0,0.0,0.0,0.0
AST-002512,0.040239703886641214,0,0.0,0.0,0.0
AST-002513,0.019999583440182277,0,0.0,0.0,0.0
AST-002514,0.2707627846416577,0,0.0,0.0,0.0
AST-002515,0.0359012409953446,0,0.0,0.0,0.0
AST-002516,0.02652916172241341,0,0.0,0.0,0.0
AST-002517,0.0711331514868332,0,0.0,0.0,0.0
AST-002518,0.02043228287949839,0,0.0,0.0,0.0
AST-002519,0.01986487300440545,0,0.0,0.0,0.0
AST-002520,0.028527869208268462,0,0.0,0.0,0.0
AST-002521,0.03969042140220548,0,0.0,0.0,0.0
AST-002522,0.9190032721333228,1,289911.7292609039,114162.5096984382,16.8393608553106
AST-002523,0.06266875232274212,0,0.0,0.0,0.0
AST-002524,0.5724745111299421,0,0.0,0.0,0.0
AST-002525,0.0079378506004189,0,0.0,0.0,0.0
AST-002526,0.18545799011121858,0,0.0,0.0,0.0
AST-002527,0.010736486852375476,0,0.0,0.0,0.0
AST-002528,0.08602193472691488,0,0.0,0.0,0.0
AST-002529,0.02000351600050592,0,0.0,0.0,0.0
AST-002530,0.0073047258077703625,0,0.0,0.0,0.0
AST-002531,0.010286523244997887,0,0.0,0.0,0.0
AST-002532,0.5479641396542692,1,84762.63414194294,31349.21582016776,20.27744972127287
AST-002533,0.01757327185181044,0,0.0,0.0,0.0
AST-002534,0.025685244029464798,0,0.0,0.0,0.0
AST-002535,0.08713996811736584,0,0.0,0.0,0.0
AST-002536,0.012849728307279639,0,0.0,0.0,0.0
AST-002537,0.021529312712596994,0,0.0,0.0,0.0
AST-002538,0.06584787438546,0,0.0,0.0,0.0
AST-002539,0.34347151406937193,1,417156.438125745,127687.56512611364,31.58683893885593
AST-002540,0.5342935769056856,0,0.0,0.0,0.0
AST-002541,0.031054432234733732,0,0.0,0.0,0.0
AST-002542,0.07206889008971554,0,0.0,0.0,0.0
AST-002543,0.09128708005187125,0,0.0,0.0,0.0
AST-002544,0.004288711778425896,0,0.0,0.0,0.0
AST-002545,0.038590652794718926,0,0.0,0.0,0.0
AST-002546,0.014181055755629026,0,0.0,0.0,0.0
AST-002547,0.05148903521698816,0,0.0,0.0,0.0
AST-002548,0.010434923789112045,0,0.0,0.0,0.0
AST-002549,0.025714634909249433,0,0.0,0.0,0.0
AST-002550,0.05935095962391301,0,0.0,0.0,0.0
AST-002551,0.008858553884858095,0,0.0,0.0,0.0
AST-002552,0.8227371031075991,1,85338.47893049245,23806.656197300785,19.762763282575804
AST-002553,0.007700631218685271,0,0.0,0.0,0.0
AST-002554,0.007887975272947632,0,0.0,0.0,0.0
AST-002555,0.09018162964736628,0,0.0,0.0,0.0
AST-002556,0.02034020119602926,0,0.0,0.0,0.0
AST-002557,0.8836473577248265,1,117168.98602894614,20599.894510905135,25.874211916559467
AST-002558,0.0035652592473505084,0,0.0,0.0,0.0
AST-002559,0.015855387978414757,0,0.0,0.0,0.0
AST-002560,0.5806067749556731,1,557857.3162624202,213411.49577388648,6.436049077636176
AST-002561,0.5135439350217339,1,493292.65862094343,120163.83960613022,54.56091365588205
AST-002562,0.13081698864402758,0,0.0,0.0,0.0
AST-002563,0.024148677658011736,0,0.0,0.0,0.0
AST-002564,0.43434963045158964,0,0.0,0.0,0.0
AST-002565,0.4551976675110115,1,42152.78400205325,13786.501680860081,25.491079614857902
AST-002566,0.7178752611924119,1,27819.82914422526,8377.208298165542,1.7736747778746058
AST-002567,0.36671978423715024,0,0.0,0.0,0.0
AST-002568,0.07351589294930029,0,0.0,0.0,0.0
AST-002569,0.06532845431819823,0,0.0,0.0,0.0
AST-002570,0.3280431995298211,0,0.0,0.0,0.0
AST-002571,0.06799712106721544,0,0.0,0.0,0.0
AST-002572,0.004700332115541053,0,0.0,0.0,0.0
AST-002573,0.012838679907460768,0,0.0,0.0,0.0
AST-002574,0.012702208943338181,0,0.0,0.0,0.0
AST-002575,0.1217068613329535,0,0.0,0.0,0.0
AST-002576,0.014579919827010727,0,0.0,0.0,0.0
AST-002577,0.8181149971671418,1,19623.129510232822,3082.4095329358697,41.89303866904114
AST-002578,0.5779657779375412,1,91512.24048404806,14260.56210392947,9.481123281129967
AST-002579,0.012754128514503084,0,0.0,0.0,0.0
AST-002580,0.24340618183465015,0,0.0,0.0,0.0
AST-002581,0.010285423587639262,0,0.0,0.0,0.0
AST-002582,0.021794216496390406,0,0.0,0.0,0.0
AST-002583,0.036079897110742054,0,0.0,0.0,0.0
AST-002584,0.026625213242520474,0,0.0,0.0,0.0
AST-002585,0.05134412436521553,0,0.0,0.0,0.0
AST-002586,0.1470590555389772,0,0.0,0.0,0.0
AST-002587,0.15637170361831193,0,0.0,0.0,0.0
AST-002588,0.04673421835854248,0,0.0,0.0,0.0
AST-002589,0.0036335834651999455,0,0.0,0.0,0.0
AST-002590,0.014663083468729736,0,0.0,0.0,0.0
AST-002591,0.8354338181044623,0,0.0,0.0,0.0
AST-002592,0.008865834805938074,0,0.0,0.0,0.0
AST-002593,0.7405456032324509,1,292222.09659403685,48273.16946214503,3.8698693129937887
AST-002594,0.037310411339523515,0,0.0,0.0,0.0
AST-002595,0.07667813685640026,0,0.0,0.0,0.0
AST-002596,0.020471236550690518,0,0.0,0.0,0.0
AST-002597,0.16176867867815367,0,0.0,0.0,0.0
AST-002598,0.005771394936841434,0,0.0,0.0,0.0
AST-002599,0.004185745029572171,0,0.0,0.0,0.0
AST-002600,0.12373944638892079,0,0.0,0.0,0.0
AST-002601,0.7710695470948099,1,64922.79538337991,15350.324101197188,3.827968347108714
AST-002602,0.007803386720386493,0,0.0,0.0,0.0
AST-002603,0.005291313290649598,0,0.0,0.0,0.0
AST-002604,0.004884139092562253,0,0.0,0.0,0.0
AST-002605,0.02577598658095629,0,0.0,0.0,0.0
AST-002606,0.019467615047602402,0,0.0,0.0,0.0
AST-002607,0.3337094639331374,0,0.0,0.0,0.0
AST-002608,0.03085598244689308,0,0.0,0.0,0.0
AST-002609,0.3415516367907093,1,508827.36706791056,79432.98665672651,22.0349517694721
AST-002610,0.018700424713977298,0,0.0,0.0,0.0
AST-002611,0.43434652433267684,0,0.0,0.0,0.0
AST-002612,0.0037811238912868793,0,0.0,0.0,0.0
AST-002613,0.04182448394507474,0,0.0,0.0,0.0
AST-002614,0.0038751556886956703,0,0.0,0.0,0.0
AST-002615,0.026103428410732144,0,0.0,0.0,0.0
AST-002616,0.024941548553402047,0,0.0,0.0,0.0
AST-002617,0.013800437605219484,0,0.0,0.0,0.0
AST-002618,0.09029832930865386,0,0.0,0.0,0.0
AST-002619,0.07249058233955709,0,0.0,0.0,0.0
AST-002620,0.39899728967634346,1,92191.95970867292,35449.90152865252,3.7292181484283544
AST-002621,0.0523500211145123,1,904372.3312659882,299440.0814692063,36.138840045930706
AST-002622,0.07597042141518875,0,0.0,0.0,0.0
AST-002623,0.43249685453407505,0,0.0,0.0,0.0
AST-002624,0.033396172937033446,0,0.0,0.0,0.0
AST-002625,0.3158514244830871,0,0.0,0.0,0.0
AST-002626,0.004689170038780352,0,0.0,0.0,0.0
AST-002627,0.022164497005882095,0,0.0,0.0,0.0
AST-002628,0.04845370909692866,0,0.0,0.0,0.0
AST-002629,0.008229658537791165,0,0.0,0.0,0.0
AST-002630,0.4148113730677088,0,0.0,0.0,0.0
AST-002631,0.047764045299612715,0,0.0,0.0,0.0
AST-002632,0.14925336717651602,0,0.0,0.0,0.0
AST-002633,0.1903384342688564,1,1282499.6190511878,219171.8006598913,43.412349270891454
AST-002634,0.011736970993063721,0,0.0,0.0,0.0
AST-002635,0.0035564304949925827,0,0.0,0.0,0.0
AST-002636,0.008195477206107383,0,0.0,0.0,0.0
AST-002637,0.007246969567666669,0,0.0,0.0,0.0
AST-002638,0.28442345821061765,1,52362.67660407736,5397.678729386581,3.152147243709061
AST-002639,0.00582387484377945,0,0.0,0.0,0.0
AST-002640,0.03651866594343024,0,0.0,0.0,0.0
AST-002641,0.03430812306880694,0,0.0,0.0,0.0
AST-002642,0.3274716622053856,0,0.0,0.0,0.0
AST-002643,0.009317682904093518,0,0.0,0.0,0.0
AST-002644,0.7581235555338273,1,5000.0,1237.9547121224057,24.393962176276816
AST-002645,0.005415106787955937,0,0.0,0.0,0.0
AST-002646,0.012913229032975277,0,0.0,0.0,0.0
AST-002647,0.14449119094659327,0,0.0,0.0,0.0
AST-002648,0.03664422551336896,0,0.0,0.0,0.0
AST-002649,0.49983231089794117,0,0.0,0.0,0.0
AST-002650,0.030333022857654057,0,0.0,0.0,0.0
AST-002651,0.10022504322007028,0,0.0,0.0,0.0
AST-002652,0.1088756885027041,0,0.0,0.0,0.0
AST-002653,0.12984044568347403,0,0.0,0.0,0.0
AST-002654,0.009196678677782743,0,0.0,0.0,0.0
AST-002655,0.11562519877578055,0,0.0,0.0,0.0
AST-002656,0.008697086526976329,0,0.0,0.0,0.0
AST-002657,0.027164058205317084,0,0.0,0.0,0.0
AST-002658,0.02669322874592983,0,0.0,0.0,0.0
AST-002659,0.005315118332269776,0,0.0,0.0,0.0
AST-002660,0.39002009486336625,0,0.0,0.0,0.0
AST-002661,0.044625797619329305,0,0.0,0.0,0.0
AST-002662,0.03196377522927192,0,0.0,0.0,0.0
AST-002663,0.011225325277762455,0,0.0,0.0,0.0
AST-002664,0.007130990328724042,0,0.0,0.0,0.0
AST-002665,0.0012651902001723201,0,0.0,0.0,0.0
AST-002666,0.10813005699375759,1,83137.84602692652,13570.24594260992,6.708754901100089
AST-002667,0.3993636165010032,0,0.0,0.0,0.0
AST-002668,0.01258125211284725,0,0.0,0.0,0.0
AST-002669,0.046782576578551345,0,0.0,0.0,0.0
AST-002670,0.26951416605799117,1,132306.29759585895,35517.55469520881,5.0818866890182655
AST-002671,0.0028677981548603767,0,0.0,0.0,0.0
AST-002672,0.04824772047375665,0,0.0,0.0,0.0
AST-002673,0.038457734463934606,1,22755.008181425525,7388.925286494425,6.27783759635976
AST-002674,0.010278486121919497,0,0.0,0.0,0.0
AST-002675,0.0689280272028867,0,0.0,0.0,0.0
AST-002676,0.3444477542727221,0,0.0,0.0,0.0
AST-002677,0.009723544430061942,0,0.0,0.0,0.0
AST-002678,0.0009502591521784624,0,0.0,0.0,0.0
AST-002679,0.016105736623156102,0,0.0,0.0,0.0
AST-002680,0.1140913432263027,1,106090.00386347467,20260.19723361636,47.93240804832867
AST-002681,0.0046372792675788786,0,0.0,0.0,0.0
AST-002682,0.0742080420020712,0,0.0,0.0,0.0
AST-002683,0.01749778973957334,0,0.0,0.0,0.0
AST-002684,0.0029310998083913525,0,0.0,0.0,0.0
AST-002685,0.7905560229489865,1,43965.44092741001,14317.105149491392,33.29744846043778
AST-002686,0.036442593162230225,0,0.0,0.0,0.0
AST-002687,0.010621664135033152,0,0.0,0.0,0.0
AST-002688,0.027941224411165106,0,0.0,0.0,0.0
AST-002689,0.0014918185692212656,0,0.0,0.0,0.0
AST-002690,0.00949547610563135,0,0.0,0.0,0.0
AST-002691,0.008536418379685105,0,0.0,0.0,0.0
AST-002692,0.07252714137816686,0,0.0,0.0,0.0
AST-002693,0.7588213341958311,1,6473431.374609602,1798856.3324190897,55.39507716764296
AST-002694,0.029802002049273992,0,0.0,0.0,0.0
AST-002695,0.007624418275813527,0,0.0,0.0,0.0
AST-002696,0.011614465077618274,0,0.0,0.0,0.0
AST-002697,0.004594133796714764,0,0.0,0.0,0.0
AST-002698,0.049716030974560885,0,0.0,0.0,0.0
AST-002699,0.012562846030499375,0,0.0,0.0,0.0
AST-002700,0.034993664748374675,0,0.0,0.0,0.0
AST-002701,0.0050339952967385325,0,0.0,0.0,0.0
AST-002702,0.01557912905646931,0,0.0,0.0,0.0
AST-002703,0.04268921572468036,0,0.0,0.0,0.0
AST-002704,0.022338105060111777,1,69853.59109003282,17083.20589408602,3.672323840337122
AST-002705,0.030572377443523972,0,0.0,0.0,0.0
AST-002706,0.023946210214640565,0,0.0,0.0,0.0
AST-002707,0.015558469777199154,0,0.0,0.0,0.0
AST-002708,0.6316728227077246,0,0.0,0.0,0.0
AST-002709,0.003236167131466253,0,0.0,0.0,0.0
AST-002710,0.012883518680195738,0,0.0,0.0,0.0
AST-002711,0.07775975879488695,0,0.0,0.0,0.0
AST-002712,0.08833736839971137,0,0.0,0.0,0.0
AST-002713,0.003038451713899998,0,0.0,0.0,0.0
AST-002714,0.06005075337136326,0,0.0,0.0,0.0
AST-002715,0.40761931277264446,0,0.0,0.0,0.0
AST-002716,0.009615815344891858,0,0.0,0.0,0.0
AST-002717,0.013826971445100601,0,0.0,0.0,0.0
AST-002718,0.005154542392680352,0,0.0,0.0,0.0
AST-002719,0.05690612139788517,0,0.0,0.0,0.0
AST-002720,0.008027128555431803,0,0.0,0.0,0.0
AST-002721,0.014154625867442275,0,0.0,0.0,0.0
AST-002722,0.11614185758086808,0,0.0,0.0,0.0
AST-002723,0.0010225853659437225,0,0.0,0.0,0.0
AST-002724,0.01133666873201478,0,0.0,0.0,0.0
AST-002725,0.006027727810904796,0,0.0,0.0,0.0
AST-002726,0.04345430195123533,0,0.0,0.0,0.0
AST-002727,0.009262932121747957,0,0.0,0.0,0.0
AST-002728,0.08662525035793378,0,0.0,0.0,0.0
AST-002729,0.01369520155748798,0,0.0,0.0,0.0
AST-002730,0.058698761470702576,0,0.0,0.0,0.0
AST-002731,0.02474440941898278,0,0.0,0.0,0.0
AST-002732,0.006656941018639906,0,0.0,0.0,0.0
AST-002733,0.020622290273991737,0,0.0,0.0,0.0
AST-002734,0.009441359369022965,0,0.0,0.0,0.0
AST-002735,0.02653150661269911,0,0.0,0.0,0.0
AST-002736,0.031593774495456056,1,20242.834989060622,2207.391410684026,47.38837936738628
AST-002737,0.4138644279851082,1,386071.50680070755,109978.87851756017,54.3687756538029
AST-002738,0.03230849237460585,0,0.0,0.0,0.0
AST-002739,0.021914525106915158,1,60696.003574678936,23297.88112988849,40.55548776107857
AST-002740,0.08940740599094539,0,0.0,0.0,0.0
AST-002741,0.015970811737847222,0,0.0,0.0,0.0
AST-002742,0.19262321884442093,0,0.0,0.0,0.0
AST-002743,0.00542665159198635,0,0.0,0.0,0.0
AST-002744,0.004854104532853104,0,0.0,0.0,0.0
AST-002745,0.007091937914037389,0,0.0,0.0,0.0
AST-002746,0.0468639333783521,0,0.0,0.0,0.0
AST-002747,0.08920007907250095,0,0.0,0.0,0.0
AST-002748,0.012325710310361747,0,0.0,0.0,0.0
AST-002749,0.3115374746402141,1,6173.0605992511955,1190.663052132045,18.950859820708843
AST-002750,0.029834594459037446,0,0.0,0.0,0.0
AST-002751,0.31204126801935717,0,0.0,0.0,0.0
AST-002752,0.027502623815941554,0,0.0,0.0,0.0
AST-002753,0.2277956186487268,0,0.0,0.0,0.0
AST-002754,0.027530376728463084,0,0.0,0.0,0.0
AST-002755,0.13966989821535233,0,0.0,0.0,0.0
AST-002756,0.01949258023033123,0,0.0,0.0,0.0
AST-002757,0.05299151651351573,0,0.0,0.0,0.0
AST-002758,0.002394395355834968,0,0.0,0.0,0.0
AST-002759,0.08914569464696222,0,0.0,0.0,0.0
AST-002760,0.014007267910413674,0,0.0,0.0,0.0
AST-002761,0.006514421161227068,0,0.0,0.0,0.0
AST-002762,0.16904698647477212,0,0.0,0.0,0.0
AST-002763,0.008849354681620266,0,0.0,0.0,0.0
AST-002764,0.016629731519932273,0,0.0,0.0,0.0
AST-002765,0.013737206243491836,0,0.0,0.0,0.0
AST-002766,0.039705248277986424,0,0.0,0.0,0.0
AST-002767,0.10166159653640698,1,13021.996202009705,2900.0122992763713,3.4393303862867244
AST-002768,0.026405625875347984,0,0.0,0.0,0.0
AST-002769,0.018979516903603128,0,0.0,0.0,0.0
AST-002770,0.019169395774277682,0,0.0,0.0,0.0
AST-002771,0.0022602679519958388,0,0.0,0.0,0.0
AST-002772,0.2556712278400238,0,0.0,0.0,0.0
AST-002773,0.8916410543940674,1,43240.433798748396,9325.997708577128,8.88559706546452
AST-002774,0.006642300236334304,0,0.0,0.0,0.0
AST-002775,0.20033289634803791,0,0.0,0.0,0.0
AST-002776,0.7014920001985075,1,24828.270203019547,7122.77848692857,323.089858205408
AST-002777,0.005198083476037775,0,0.0,0.0,0.0
AST-002778,0.08183812488669016,0,0.0,0.0,0.0
AST-002779,0.010206326670439669,0,0.0,0.0,0.0
AST-002780,0.021864625858076827,0,0.0,0.0,0.0
AST-002781,0.006038757846523094,0,0.0,0.0,0.0
AST-002782,0.08289092331836184,0,0.0,0.0,0.0
AST-002783,0.20485587192712668,0,0.0,0.0,0.0
AST-002784,0.2702846879571991,1,337132.9632007428,64332.72331341637,382.1072853689456
AST-002785,0.09349318740864994,1,147944.86743536725,27844.08343179519,36.44495501549467
AST-002786,0.018258189693813567,0,0.0,0.0,0.0
AST-002787,0.3267279243623899,1,426470.6342797149,168355.83886304495,48.4912960407724
AST-002788,0.06891495519881705,0,0.0,0.0,0.0
AST-002789,0.010166463827031666,0,0.0,0.0,0.0
AST-002790,0.006545312884507037,0,0.0,0.0,0.0
AST-002791,0.012457207069443213,0,0.0,0.0,0.0
AST-002792,0.03559008957363283,0,0.0,0.0,0.0
AST-002793,0.03949171288775612,0,0.0,0.0,0.0
AST-002794,0.0017209018203614922,0,0.0,0.0,0.0
AST-002795,0.01018037347396811,0,0.0,0.0,0.0
AST-002796,0.020666923733448854,0,0.0,0.0,0.0
AST-002797,0.09122138719020097,0,0.0,0.0,0.0
AST-002798,0.0019306509954194141,0,0.0,0.0,0.0
AST-002799,0.009386040004366042,0,0.0,0.0,0.0
AST-002800,0.29062327671000693,0,0.0,0.0,0.0
AST-002801,0.13074506766295704,0,0.0,0.0,0.0
AST-002802,0.004771778906851095,0,0.0,0.0,0.0
AST-002803,0.0035097401963478147,0,0.0,0.0,0.0
AST-002804,0.039484014109295744,0,0.0,0.0,0.0
AST-002805,0.10558975479494986,0,0.0,0.0,0.0
AST-002806,0.577939859116944,1,161925.3932585288,17808.402620830995,70.73794491184702
AST-002807,0.006016060044423026,0,0.0,0.0,0.0
AST-002808,0.0034865510273135473,0,0.0,0.0,0.0
AST-002809,0.024048352306378473,0,0.0,0.0,0.0
AST-002810,0.008812404742124224,0,0.0,0.0,0.0
AST-002811,0.031457353598850074,1,83837.0857644505,13461.421076835086,61.799858014218614
AST-002812,0.007615289482725109,0,0.0,0.0,0.0
AST-002813,0.41035403395803666,1,698389.8548898561,145571.26760683276,8.946685298779563
AST-002814,0.005098614827500626,0,0.0,0.0,0.0
AST-002815,0.01438064884890176,0,0.0,0.0,0.0
AST-002816,0.03532359057666085,0,0.0,0.0,0.0
AST-002817,0.0061551743407170295,0,0.0,0.0,0.0
AST-002818,0.007017422684170525,0,0.0,0.0,0.0
AST-002819,0.0366903862641571,0,0.0,0.0,0.0
AST-002820,0.0361157513199603,0,0.0,0.0,0.0
AST-002821,0.011682849580722984,0,0.0,0.0,0.0
AST-002822,0.004092842960689246,0,0.0,0.0,0.0
AST-002823,0.008382778234860798,0,0.0,0.0,0.0
AST-002824,0.03729452220721181,0,0.0,0.0,0.0
AST-002825,0.15716471480207522,0,0.0,0.0,0.0
AST-002826,0.00900509379658589,0,0.0,0.0,0.0
AST-002827,0.011165536229135877,0,0.0,0.0,0.0
AST-002828,0.011054808778002658,0,0.0,0.0,0.0
AST-002829,0.014132643963378131,0,0.0,0.0,0.0
AST-002830,0.0683144069556799,0,0.0,0.0,0.0
AST-002831,0.044926125531713955,0,0.0,0.0,0.0
AST-002832,0.092424380241957,1,33654.72733475131,3927.6512135491803,246.165981680241
AST-002833,0.036364297470982694,0,0.0,0.0,0.0
AST-002834,0.062478154759645875,0,0.0,0.0,0.0
AST-002835,0.018598730141345214,0,0.0,0.0,0.0
AST-002836,0.02416819021953878,0,0.0,0.0,0.0
AST-002837,0.006036170396486378,0,0.0,0.0,0.0
AST-002838,0.006231723600811191,0,0.0,0.0,0.0
AST-002839,0.007267283242476086,0,0.0,0.0,0.0
AST-002840,0.006535373781767926,0,0.0,0.0,0.0
AST-002841,0.9163656736612891,1,133884.31628545866,38813.54606349024,9.559835052380677
AST-002842,0.0029793944916497368,0,0.0,0.0,0.0
AST-002843,0.208814234874325,0,0.0,0.0,0.0
AST-002844,0.14178913269725082,0,0.0,0.0,0.0
AST-002845,0.02140230318522442,0,0.0,0.0,0.0
AST-002846,0.17234224706253645,0,0.0,0.0,0.0
AST-002847,0.09604066352101336,0,0.0,0.0,0.0
AST-002848,0.4569248382559289,0,0.0,0.0,0.0
AST-002849,0.03611292277033819,0,0.0,0.0,0.0
AST-002850,0.42165018231598655,0,0.0,0.0,0.0
AST-002851,0.009412358544853946,0,0.0,0.0,0.0
AST-002852,0.0029175396782657056,0,0.0,0.0,0.0
AST-002853,0.02548804108011526,0,0.0,0.0,0.0
AST-002854,0.024749619692257065,0,0.0,0.0,0.0
AST-002855,0.09146900252866492,0,0.0,0.0,0.0
AST-002856,0.06438584531479961,0,0.0,0.0,0.0
AST-002857,0.11016665696792781,0,0.0,0.0,0.0
AST-002858,0.15174495283917158,0,0.0,0.0,0.0
AST-002859,0.5083477223883663,0,0.0,0.0,0.0
AST-002860,0.08727918145562426,0,0.0,0.0,0.0
AST-002861,0.29555838970260967,1,70848.58639820424,11054.722236700178,47.663681658519565
AST-002862,0.022907574246574896,0,0.0,0.0,0.0
AST-002863,0.3263712055477599,0,0.0,0.0,0.0
AST-002864,0.0192842833668725,0,0.0,0.0,0.0
AST-002865,0.2153360374620446,1,1063195.8018509028,273665.1460180123,499.2930611933823
AST-002866,0.28931091575783824,0,0.0,0.0,0.0
AST-002867,0.005580697151320084,0,0.0,0.0,0.0
AST-002868,0.00923849359939916,0,0.0,0.0,0.0
AST-002869,0.24270579119764896,0,0.0,0.0,0.0
AST-002870,0.003889032575910474,0,0.0,0.0,0.0
AST-002871,0.0042815590951773876,0,0.0,0.0,0.0
AST-002872,0.06073640019877821,0,0.0,0.0,0.0
AST-002873,0.4445976050958414,1,520361.56936992245,156288.4262753801,3.101969726179771
AST-002874,0.2294734365512543,0,0.0,0.0,0.0
AST-002875,0.008000057267583287,0,0.0,0.0,0.0
AST-002876,0.06135905498422325,0,0.0,0.0,0.0
AST-002877,0.02894234731409723,0,0.0,0.0,0.0
AST-002878,0.04155470230927076,0,0.0,0.0,0.0
AST-002879,0.2933855371287742,0,0.0,0.0,0.0
AST-002880,0.10118108803248761,0,0.0,0.0,0.0
AST-002881,0.010312564562976056,0,0.0,0.0,0.0
AST-002882,0.15924750490160933,0,0.0,0.0,0.0
AST-002883,0.01308767677384232,0,0.0,0.0,0.0
AST-002884,0.004047172502281964,0,0.0,0.0,0.0
AST-002885,0.017448247408583823,0,0.0,0.0,0.0
AST-002886,0.009539482517201861,0,0.0,0.0,0.0
AST-002887,0.0069887923126707085,0,0.0,0.0,0.0
AST-002888,0.06915267866657657,0,0.0,0.0,0.0
AST-002889,0.0016191696058994738,0,0.0,0.0,0.0
AST-002890,0.11683108590961111,0,0.0,0.0,0.0
AST-002891,0.09357753115860845,0,0.0,0.0,0.0
AST-002892,0.03622632660186139,0,0.0,0.0,0.0
AST-002893,0.04811531022774972,1,56193.75920744175,21496.208167291847,63.82325526085362
AST-002894,0.9595660968004567,1,419602.4668361989,145257.74974151305,13.058297801449864
AST-002895,0.44199896496436275,0,0.0,0.0,0.0
AST-002896,0.09720786958061665,0,0.0,0.0,0.0
AST-002897,0.0031830423006753697,0,0.0,0.0,0.0
AST-002898,0.013140559875859818,0,0.0,0.0,0.0
AST-002899,0.09132170027739886,1,1769631.2239958807,510793.1793244562,95.79147833042835
AST-002900,0.003251003758779131,0,0.0,0.0,0.0
AST-002901,0.00361839401237904,0,0.0,0.0,0.0
AST-002902,0.06994593679757798,0,0.0,0.0,0.0
AST-002903,0.00415833559255177,0,0.0,0.0,0.0
AST-002904,0.3162313747401934,0,0.0,0.0,0.0
AST-002905,0.029069365430621868,0,0.0,0.0,0.0
AST-002906,0.005301630207067484,0,0.0,0.0,0.0
AST-002907,0.10038561231953694,0,0.0,0.0,0.0
AST-002908,0.1417007929656406,0,0.0,0.0,0.0
AST-002909,0.038867385459065804,0,0.0,0.0,0.0
AST-002910,0.05504503006507481,0,0.0,0.0,0.0
AST-002911,0.001354511446057769,0,0.0,0.0,0.0
AST-002912,0.031653275609017734,0,0.0,0.0,0.0
AST-002913,0.06805167663664487,0,0.0,0.0,0.0
AST-002914,0.09151748590800687,0,0.0,0.0,0.0
AST-002915,0.017171499919125026,0,0.0,0.0,0.0
AST-002916,0.060485961201203475,1,39100.383329221906,12118.995022850637,9.150899127735332
AST-002917,0.026966410466266192,0,0.0,0.0,0.0
AST-002918,0.019373943733319354,0,0.0,0.0,0.0
AST-002919,0.015277937872146369,0,0.0,0.0,0.0
AST-002920,0.12663166597526193,0,0.0,0.0,0.0
AST-002921,0.40672501544447454,0,0.0,0.0,0.0
AST-002922,0.028897583002785242,0,0.0,0.0,0.0
AST-002923,0.07324077025615948,0,0.0,0.0,0.0
AST-002924,0.00848945782702802,0,0.0,0.0,0.0
AST-002925,0.0051143162842149925,0,0.0,0.0,0.0
AST-002926,0.024419711163702642,0,0.0,0.0,0.0
AST-002927,0.014233600592768632,0,0.0,0.0,0.0
AST-002928,0.040890307806815226,0,0.0,0.0,0.0
AST-002929,0.05304726249113796,0,0.0,0.0,0.0
AST-002930,0.006524540920080996,0,0.0,0.0,0.0
AST-002931,0.07035266275814511,0,0.0,0.0,0.0
AST-002932,0.007249580836383593,0,0.0,0.0,0.0
AST-002933,0.03628312524450736,0,0.0,0.0,0.0
AST-002934,0.1446638657473296,0,0.0,0.0,0.0
AST-002935,0.02189335732317879,0,0.0,0.0,0.0
AST-002936,0.102562104494891,0,0.0,0.0,0.0
AST-002937,0.022647356357115664,0,0.0,0.0,0.0
AST-002938,0.012637817171509556,0,0.0,0.0,0.0
AST-002939,0.0022615627983449352,0,0.0,0.0,0.0
AST-002940,0.01425074179703135,0,0.0,0.0,0.0
AST-002941,0.031025030073193818,0,0.0,0.0,0.0
AST-002942,0.036412770927918364,0,0.0,0.0,0.0
AST-002943,0.0034993301258440268,0,0.0,0.0,0.0
AST-002944,0.009224137909554798,0,0.0,0.0,0.0
AST-002945,0.10403383886738392,0,0.0,0.0,0.0
AST-002946,0.1913112122400901,0,0.0,0.0,0.0
AST-002947,0.004173402172657987,0,0.0,0.0,0.0
AST-002948,0.020365298745703714,0,0.0,0.0,0.0
AST-002949,0.03135588271876946,1,53864.96133750051,17376.113801515425,22.101458287814452
AST-002950,0.011596828778064392,0,0.0,0.0,0.0
AST-002951,0.12611487515087444,0,0.0,0.0,0.0
AST-002952,0.020637920358471465,0,0.0,0.0,0.0
AST-002953,0.037955685132615165,0,0.0,0.0,0.0
AST-002954,0.1004639071134053,0,0.0,0.0,0.0
AST-002955,0.22662902050660588,0,0.0,0.0,0.0
AST-002956,0.45236995589874984,0,0.0,0.0,0.0
AST-002957,0.011285810326282095,0,0.0,0.0,0.0
AST-002958,0.019344689979276627,0,0.0,0.0,0.0
AST-002959,0.09302926028058485,0,0.0,0.0,0.0
AST-002960,0.0026076327047567507,0,0.0,0.0,0.0
AST-002961,0.07056352129457043,0,0.0,0.0,0.0
AST-002962,0.018987882634392515,0,0.0,0.0,0.0
AST-002963,0.02281508493041372,0,0.0,0.0,0.0
AST-002964,0.060060019926348136,0,0.0,0.0,0.0
AST-002965,0.002997649792431207,0,0.0,0.0,0.0
AST-002966,0.004461853108837685,0,0.0,0.0,0.0
AST-002967,0.00972582798905167,0,0.0,0.0,0.0
AST-002968,0.01921660346498107,0,0.0,0.0,0.0
AST-002969,0.10131122190825012,0,0.0,0.0,0.0
AST-002970,0.2184531710873377,0,0.0,0.0,0.0
AST-002971,0.006548691886598599,0,0.0,0.0,0.0
AST-002972,0.027437544339643082,0,0.0,0.0,0.0
AST-002973,0.012852805671523615,0,0.0,0.0,0.0
AST-002974,0.012029679912521355,0,0.0,0.0,0.0
AST-002975,0.028044228236776766,0,0.0,0.0,0.0
AST-002976,0.0023103327707994317,0,0.0,0.0,0.0
AST-002977,0.00508841447181572,0,0.0,0.0,0.0
AST-002978,0.009583890513457132,0,0.0,0.0,0.0
AST-002979,0.009572707513624693,0,0.0,0.0,0.0
AST-002980,0.09941660127841535,0,0.0,0.0,0.0
AST-002981,0.00932027402697973,0,0.0,0.0,0.0
AST-002982,0.05194368211881177,0,0.0,0.0,0.0
AST-002983,0.0019129898412391546,0,0.0,0.0,0.0
AST-002984,0.01316128865574745,0,0.0,0.0,0.0
AST-002985,0.028303892021436964,0,0.0,0.0,0.0
AST-002986,0.003889920622844981,0,0.0,0.0,0.0
AST-002987,0.09797628975350003,1,795567.3968190122,311497.99156737974,13.914102242897236
AST-002988,0.0027538405346514607,0,0.0,0.0,0.0
AST-002989,0.01529741836472175,0,0.0,0.0,0.0
AST-002990,0.00356514211318894,0,0.0,0.0,0.0
AST-002991,0.010657227130874733,0,0.0,0.0,0.0
AST-002992,0.008251331726833082,0,0.0,0.0,0.0
AST-002993,0.3595259841583996,0,0.0,0.0,0.0
AST-002994,0.12156558282842975,1,363422.28570017265,113093.07840992582,227.84550668830178
AST-002995,0.022487890890515446,0,0.0,0.0,0.0
AST-002996,0.005856343710382525,0,0.0,0.0,0.0
AST-002997,0.024103001418515575,0,0.0,0.0,0.0
AST-002998,0.006018053167077919,0,0.0,0.0,0.0
AST-002999,0.030855289715346623,0,0.0,0.0,0.0
AST-003000,0.008116633385615262,0,0.0,0.0,0.0
AST-003001,0.45292008956058755,1,317421.33660600794,71698.1186486172,186.3687223100008
AST-003002,0.0020574514031605523,0,0.0,0.0,0.0
AST-003003,0.018409665130390277,0,0.0,0.0,0.0
AST-003004,0.1646762183762442,0,0.0,0.0,0.0
AST-003005,0.012824983473230998,0,0.0,0.0,0.0
AST-003006,0.004312219513997517,0,0.0,0.0,0.0
AST-003007,0.02491875017921293,0,0.0,0.0,0.0
AST-003008,0.019243484991276556,0,0.0,0.0,0.0
AST-003009,0.015092282515322181,0,0.0,0.0,0.0
AST-003010,0.24239009421363583,0,0.0,0.0,0.0
AST-003011,0.19223257228129267,0,0.0,0.0,0.0
AST-003012,0.040619834310359024,0,0.0,0.0,0.0
AST-003013,0.08906854131207993,0,0.0,0.0,0.0
AST-003014,0.128715469724694,0,0.0,0.0,0.0
AST-003015,0.018428114869968516,0,0.0,0.0,0.0
AST-003016,0.015735098596367625,0,0.0,0.0,0.0
AST-003017,0.021641472289545077,1,22736.265150144387,8581.875541140045,147.67976917225081
AST-003018,0.09506601562984514,1,42252.16609556761,16280.371432289478,134.5077824270985
AST-003019,0.14302117141323384,0,0.0,0.0,0.0
AST-003020,0.16876071929394504,0,0.0,0.0,0.0
AST-003021,0.020317132297868735,0,0.0,0.0,0.0
AST-003022,0.10617045005168048,0,0.0,0.0,0.0
AST-003023,0.21132504252538836,0,0.0,0.0,0.0
AST-003024,0.017025959327368674,0,0.0,0.0,0.0
AST-003025,0.2032686580017039,0,0.0,0.0,0.0
AST-003026,0.0458323307319145,0,0.0,0.0,0.0
AST-003027,0.005634780809018792,0,0.0,0.0,0.0
AST-003028,0.00309730192717795,0,0.0,0.0,0.0
AST-003029,0.0034166776536720214,0,0.0,0.0,0.0
AST-003030,0.0890471178300433,0,0.0,0.0,0.0
AST-003031,0.9232892465414295,1,19130.475916060448,4412.829477830243,2.33573538282433
AST-003032,0.0020209738806257183,0,0.0,0.0,0.0
AST-003033,0.009834783064315683,0,0.0,0.0,0.0
AST-003034,0.14032072978798188,0,0.0,0.0,0.0
AST-003035,0.010017355280540863,0,0.0,0.0,0.0
AST-003036,0.18933193130884848,0,0.0,0.0,0.0
AST-003037,0.021111323689397003,0,0.0,0.0,0.0
AST-003038,0.19585642802912284,0,0.0,0.0,0.0
AST-003039,0.008448219221654897,0,0.0,0.0,0.0
AST-003040,0.004029467621968508,0,0.0,0.0,0.0
AST-003041,0.008457922546648343,0,0.0,0.0,0.0
AST-003042,0.13626479226944002,0,0.0,0.0,0.0
AST-003043,0.01526136721084792,0,0.0,0.0,0.0
AST-003044,0.01286630350162816,0,0.0,0.0,0.0
AST-003045,0.0040485690652862566,0,0.0,0.0,0.0
AST-003046,0.28438416860696886,0,0.0,0.0,0.0
AST-003047,0.0437182988364676,1,90954.43367085853,26302.682753849534,61.97976663753934
AST-003048,0.00734418182079166,0,0.0,0.0,0.0
AST-003049,0.12222512622231907,0,0.0,0.0,0.0
AST-003050,0.16496040894864555,0,0.0,0.0,0.0
AST-003051,0.011390757926359588,0,0.0,0.0,0.0
AST-003052,0.019635809288360787,0,0.0,0.0,0.0
AST-003053,0.0024476159975998445,0,0.0,0.0,0.0
AST-003054,0.01782054512924323,0,0.0,0.0,0.0
AST-003055,0.21357032888198588,0,0.0,0.0,0.0
AST-003056,0.02074481721618474,0,0.0,0.0,0.0
AST-003057,0.0019994729507090353,0,0.0,0.0,0.0
AST-003058,0.0035232574252606077,0,0.0,0.0,0.0
AST-003059,0.012367227699768332,0,0.0,0.0,0.0
AST-003060,0.01844597206367584,0,0.0,0.0,0.0
AST-003061,0.0022932983565813404,0,0.0,0.0,0.0
AST-003062,0.013043787096795845,0,0.0,0.0,0.0
AST-003063,0.011952751615719159,0,0.0,0.0,0.0
AST-003064,0.09130953407218496,0,0.0,0.0,0.0
AST-003065,0.0581910257983195,0,0.0,0.0,0.0
AST-003066,0.012724185290817987,0,0.0,0.0,0.0
AST-003067,0.06385687182969849,0,0.0,0.0,0.0
AST-003068,0.014500840588089172,0,0.0,0.0,0.0
AST-003069,0.016182494259400867,0,0.0,0.0,0.0
AST-003070,0.008686083824074795,0,0.0,0.0,0.0
AST-003071,0.05551072826201846,0,0.0,0.0,0.0
AST-003072,0.08341077929476967,0,0.0,0.0,0.0
AST-003073,0.04775978996497587,0,0.0,0.0,0.0
AST-003074,0.06489136962800478,0,0.0,0.0,0.0
AST-003075,0.014907952346344351,0,0.0,0.0,0.0
AST-003076,0.06466326958460047,0,0.0,0.0,0.0
AST-003077,0.005823069547872256,0,0.0,0.0,0.0
AST-003078,0.008350159850100224,0,0.0,0.0,0.0
AST-003079,0.020675226096053774,0,0.0,0.0,0.0
AST-003080,0.1231518876648997,0,0.0,0.0,0.0
AST-003081,0.02307106833175597,0,0.0,0.0,0.0
AST-003082,0.01071284955044722,0,0.0,0.0,0.0
AST-003083,0.060387989637776716,0,0.0,0.0,0.0
AST-003084,0.0023908546214987856,0,0.0,0.0,0.0
AST-003085,0.0036611966018991874,0,0.0,0.0,0.0
AST-003086,0.008112741946799297,0,0.0,0.0,0.0
AST-003087,0.11616911875107234,0,0.0,0.0,0.0
AST-003088,0.04948937624372122,0,0.0,0.0,0.0
AST-003089,0.005142970268075223,0,0.0,0.0,0.0
AST-003090,0.03566829448437506,0,0.0,0.0,0.0
AST-003091,0.00672515352440431,1,29493.683170154665,11283.282362878741,8.45530777388075
AST-003092,0.565078019622509,1,42489.330687142385,16200.411496848687,14.900300199911037
AST-003093,0.8989208651140742,1,1877768.5374593104,369591.22969332786,0.8426296983104473
AST-003094,0.029390461027492924,0,0.0,0.0,0.0
AST-003095,0.16595999181337182,0,0.0,0.0,0.0
AST-003096,0.013605444133778248,0,0.0,0.0,0.0
AST-003097,0.007599637550156362,0,0.0,0.0,0.0
AST-003098,0.07159304672898738,0,0.0,0.0,0.0
AST-003099,0.009768071210855949,0,0.0,0.0,0.0
AST-003100,0.018838463327591582,0,0.0,0.0,0.0
AST-003101,0.02930656868766567,0,0.0,0.0,0.0
AST-003102,0.022665384879681838,0,0.0,0.0,0.0
AST-003103,0.011795751185976911,0,0.0,0.0,0.0
AST-003104,0.08040855255174827,0,0.0,0.0,0.0
AST-003105,0.029661508872257023,0,0.0,0.0,0.0
AST-003106,0.12304505330222636,0,0.0,0.0,0.0
AST-003107,0.006123263398456229,0,0.0,0.0,0.0
AST-003108,0.17575440328775946,0,0.0,0.0,0.0
AST-003109,0.34782675026011434,1,19300.722584067673,6009.507209263277,3.953399077411825
AST-003110,0.028182081194432756,0,0.0,0.0,0.0
AST-003111,0.03908675073537673,0,0.0,0.0,0.0
AST-003112,0.03956997479274874,0,0.0,0.0,0.0
AST-003113,0.004108764575204117,0,0.0,0.0,0.0
AST-003114,0.007331380983234238,0,0.0,0.0,0.0
AST-003115,0.15991391683142897,0,0.0,0.0,0.0
AST-003116,0.14451741798633758,0,0.0,0.0,0.0
AST-003117,0.005255115904180669,0,0.0,0.0,0.0
AST-003118,0.19358484240854298,0,0.0,0.0,0.0
AST-003119,0.8067520909619903,1,39749.578402721505,15527.411901137802,25.50356944539723
AST-003120,0.1994344777183381,0,0.0,0.0,0.0
AST-003121,0.03311013011352092,0,0.0,0.0,0.0
AST-003122,0.007625440065251398,0,0.0,0.0,0.0
AST-003123,0.0453460010223327,0,0.0,0.0,0.0
AST-003124,0.005667813261006296,0,0.0,0.0,0.0
AST-003125,0.010921601183916623,0,0.0,0.0,0.0
AST-003126,0.04925507702443333,0,0.0,0.0,0.0
AST-003127,0.02175086794789564,0,0.0,0.0,0.0
AST-003128,0.012800776569563178,0,0.0,0.0,0.0
AST-003129,0.008161400345286585,0,0.0,0.0,0.0
AST-003130,0.027362904709518646,0,0.0,0.0,0.0
AST-003131,0.3283056343057181,0,0.0,0.0,0.0
AST-003132,0.023526966319299875,0,0.0,0.0,0.0
AST-003133,0.0871040201601997,0,0.0,0.0,0.0
AST-003134,0.022280137194588562,0,0.0,0.0,0.0
AST-003135,0.6512485217878472,0,0.0,0.0,0.0
AST-003136,0.061488110602930204,0,0.0,0.0,0.0
AST-003137,0.09904915665152002,0,0.0,0.0,0.0
AST-003138,0.01675934246663455,0,0.0,0.0,0.0
AST-003139,0.2725691516401507,0,0.0,0.0,0.0
AST-003140,0.013322842775931293,0,0.0,0.0,0.0
AST-003141,0.009639126851310926,0,0.0,0.0,0.0
AST-003142,0.03924803294375516,0,0.0,0.0,0.0
AST-003143,0.022779413284217495,0,0.0,0.0,0.0
AST-003144,0.007515801946655287,0,0.0,0.0,0.0
AST-003145,0.035783280195948626,0,0.0,0.0,0.0
AST-003146,0.39596274781531093,0,0.0,0.0,0.0
AST-003147,0.012465909800252466,0,0.0,0.0,0.0
AST-003148,0.020286475279640788,0,0.0,0.0,0.0
AST-003149,0.0077534656199916615,0,0.0,0.0,0.0
AST-003150,0.21082821582764172,0,0.0,0.0,0.0
AST-003151,0.0061731579808671526,0,0.0,0.0,0.0
AST-003152,0.0072776706996488085,0,0.0,0.0,0.0
AST-003153,0.02017444125078659,0,0.0,0.0,0.0
AST-003154,0.024116938502147512,0,0.0,0.0,0.0
AST-003155,0.008188138903922674,0,0.0,0.0,0.0
AST-003156,0.6717709834182186,1,144058.7004867743,53195.71018738779,220.40467439736608
AST-003157,0.00847440478596531,0,0.0,0.0,0.0
AST-003158,0.09717684813364462,0,0.0,0.0,0.0
AST-003159,0.0043482450170297116,0,0.0,0.0,0.0
AST-003160,0.03208049339512549,0,0.0,0.0,0.0
AST-003161,0.005750732336434127,0,0.0,0.0,0.0
AST-003162,0.13526644534038415,0,0.0,0.0,0.0
AST-003163,0.10252059333320224,0,0.0,0.0,0.0
AST-003164,0.003329979837080947,0,0.0,0.0,0.0
AST-003165,0.053740603031311326,0,0.0,0.0,0.0
AST-003166,0.006464278002678329,0,0.0,0.0,0.0
AST-003167,0.011297611339601873,0,0.0,0.0,0.0
AST-003168,0.003231494264152481,0,0.0,0.0,0.0
AST-003169,0.011489621284177031,0,0.0,0.0,0.0
AST-003170,0.03048859844203055,0,0.0,0.0,0.0
AST-003171,0.11124793784254382,0,0.0,0.0,0.0
AST-003172,0.008502356777814794,0,0.0,0.0,0.0
AST-003173,0.023116056203656993,0,0.0,0.0,0.0
AST-003174,0.0868210924838642,0,0.0,0.0,0.0
AST-003175,0.0044158443945043185,0,0.0,0.0,0.0
AST-003176,0.0410821078742321,0,0.0,0.0,0.0
AST-003177,0.006575389374705075,0,0.0,0.0,0.0
AST-003178,0.03605094124445599,0,0.0,0.0,0.0
AST-003179,0.004907538413602971,0,0.0,0.0,0.0
AST-003180,0.004354609955028701,0,0.0,0.0,0.0
AST-003181,0.011669196771609755,0,0.0,0.0,0.0
AST-003182,0.08327525030725537,0,0.0,0.0,0.0
AST-003183,0.5180549015944856,0,0.0,0.0,0.0
AST-003184,0.15399689865210858,1,447152.5088436959,88496.63958814993,74.9020229158339
AST-003185,0.47332656026837117,0,0.0,0.0,0.0
AST-003186,0.015351879704324218,0,0.0,0.0,0.0
AST-003187,0.004381332659199527,0,0.0,0.0,0.0
AST-003188,0.0457760314241573,0,0.0,0.0,0.0
AST-003189,0.04278290099216786,0,0.0,0.0,0.0
AST-003190,0.010836977885295784,0,0.0,0.0,0.0
AST-003191,0.11294340956888518,0,0.0,0.0,0.0
AST-003192,0.00459130493950303,0,0.0,0.0,0.0
AST-003193,0.037836998113997884,0,0.0,0.0,0.0
AST-003194,0.1790666647266633,0,0.0,0.0,0.0
AST-003195,0.5548664059662095,1,37892.3111627524,4094.734882608839,1.2815613071184768
AST-003196,0.007754269633019378,0,0.0,0.0,0.0
AST-003197,0.009913625851101884,0,0.0,0.0,0.0
AST-003198,0.007676680534651539,0,0.0,0.0,0.0
AST-003199,0.10820934148558656,0,0.0,0.0,0.0
AST-003200,0.19235220092382999,0,0.0,0.0,0.0
AST-003201,0.021971015739873118,0,0.0,0.0,0.0
AST-003202,0.13928628559430853,0,0.0,0.0,0.0
AST-003203,0.003983496207145879,0,0.0,0.0,0.0
AST-003204,0.5498045756827954,0,0.0,0.0,0.0
AST-003205,0.049925706420351275,0,0.0,0.0,0.0
AST-003206,0.0073892628407838685,0,0.0,0.0,0.0
AST-003207,0.1410379531781251,0,0.0,0.0,0.0
AST-003208,0.003918377543619664,0,0.0,0.0,0.0
AST-003209,0.011900750947656205,0,0.0,0.0,0.0
AST-003210,0.617176581796355,1,472371.1519066404,159166.75617204673,0.2571011987747947
AST-003211,0.02186027607682904,0,0.0,0.0,0.0
AST-003212,0.05393262246236089,0,0.0,0.0,0.0
AST-003213,0.020045300602836727,0,0.0,0.0,0.0
AST-003214,0.018688686970588987,0,0.0,0.0,0.0
AST-003215,0.06527754116653395,0,0.0,0.0,0.0
AST-003216,0.01399564142039424,0,0.0,0.0,0.0
AST-003217,0.03504272380574829,0,0.0,0.0,0.0
AST-003218,0.6431550239145389,0,0.0,0.0,0.0
AST-003219,0.4067373373716906,0,0.0,0.0,0.0
AST-003220,0.0037520523871756336,0,0.0,0.0,0.0
AST-003221,0.02624551102901751,0,0.0,0.0,0.0
AST-003222,0.028323943263497107,0,0.0,0.0,0.0
AST-003223,0.010922834349009472,0,0.0,0.0,0.0
AST-003224,0.002282818111639543,0,0.0,0.0,0.0
AST-003225,0.043115023923661976,0,0.0,0.0,0.0
AST-003226,0.026089635637605944,0,0.0,0.0,0.0
AST-003227,0.4298816454621878,1,152943.87561985356,23970.03247577828,8.032357553500187
AST-003228,0.00817671109124199,0,0.0,0.0,0.0
AST-003229,0.015985998080667953,0,0.0,0.0,0.0
AST-003230,0.016818764846512905,0,0.0,0.0,0.0
AST-003231,0.27532089714625335,0,0.0,0.0,0.0
AST-003232,0.7896287429084904,0,0.0,0.0,0.0
AST-003233,0.028717810017240955,0,0.0,0.0,0.0
AST-003234,0.0056199346581510415,0,0.0,0.0,0.0
AST-003235,0.012248873481308493,0,0.0,0.0,0.0
AST-003236,0.01770046364279424,0,0.0,0.0,0.0
AST-003237,0.018821666598415814,0,0.0,0.0,0.0
AST-003238,0.013774614621769345,0,0.0,0.0,0.0
AST-003239,0.9139478495696857,1,181720.20348370692,32352.709424815213,89.41935142231715
AST-003240,0.010072857815959978,0,0.0,0.0,0.0
AST-003241,0.010470856744295555,0,0.0,0.0,0.0
AST-003242,0.08390268617237977,0,0.0,0.0,0.0
AST-003243,0.0038810108926579413,0,0.0,0.0,0.0
AST-003244,0.11294855450046114,1,112143.74200337045,32388.290559350233,47.89853279659646
AST-003245,0.024694760364114037,0,0.0,0.0,0.0
AST-003246,0.0027331430605247098,0,0.0,0.0,0.0
AST-003247,0.4988483246301789,0,0.0,0.0,0.0
AST-003248,0.004004567863973804,0,0.0,0.0,0.0
AST-003249,0.18343297864910832,0,0.0,0.0,0.0
AST-003250,0.15832418787564395,0,0.0,0.0,0.0
AST-003251,0.4701109302465038,0,0.0,0.0,0.0
AST-003252,0.011285888773283119,0,0.0,0.0,0.0
AST-003253,0.004734756469564726,0,0.0,0.0,0.0
AST-003254,0.040187876544298416,0,0.0,0.0,0.0
AST-003255,0.002415966443501589,0,0.0,0.0,0.0
AST-003256,0.4547686317124974,0,0.0,0.0,0.0
AST-003257,0.10216333742400158,0,0.0,0.0,0.0
AST-003258,0.5327452675769737,1,50279.55362577342,18613.115746275813,36.67842748862106
AST-003259,0.03321270045391855,0,0.0,0.0,0.0
AST-003260,0.08830795154477693,0,0.0,0.0,0.0
AST-003261,0.5455456872817639,1,10229.492651930412,1910.2014005328213,14.79883627020482
AST-003262,0.03338054882605926,0,0.0,0.0,0.0
AST-003263,0.1838329004763848,0,0.0,0.0,0.0
AST-003264,0.008118829936285935,0,0.0,0.0,0.0
AST-003265,0.4915733033571869,1,141580.9828691953,24254.828946459395,35.83054272557702
AST-003266,0.1588572419603573,0,0.0,0.0,0.0
AST-003267,0.06299693733749508,0,0.0,0.0,0.0
AST-003268,0.33946017842920023,0,0.0,0.0,0.0
AST-003269,0.025604161281546092,0,0.0,0.0,0.0
AST-003270,0.1428421394013486,0,0.0,0.0,0.0
AST-003271,0.023729133404221888,0,0.0,0.0,0.0
AST-003272,0.009458919549202301,0,0.0,0.0,0.0
AST-003273,0.0067542491145192885,0,0.0,0.0,0.0
AST-003274,0.053898413333062785,0,0.0,0.0,0.0
AST-003275,0.011912906550385583,0,0.0,0.0,0.0
AST-003276,0.03008097261843039,0,0.0,0.0,0.0
AST-003277,0.008809869551133082,0,0.0,0.0,0.0
AST-003278,0.005124800424347451,0,0.0,0.0,0.0
AST-003279,0.015305363020511656,0,0.0,0.0,0.0
AST-003280,0.026938976931877457,0,0.0,0.0,0.0
AST-003281,0.0637913286918438,0,0.0,0.0,0.0
AST-003282,0.06825169817155312,0,0.0,0.0,0.0
AST-003283,0.014425806818676343,0,0.0,0.0,0.0
AST-003284,0.09858344702265004,0,0.0,0.0,0.0
AST-003285,0.006089656671005061,0,0.0,0.0,0.0
AST-003286,0.009054321119412142,0,0.0,0.0,0.0
AST-003287,0.005746654843311755,0,0.0,0.0,0.0
AST-003288,0.0032612083097076465,0,0.0,0.0,0.0
AST-003289,0.036755645245971684,1,129623.93910883337,47197.71052122827,18.10847151053092
AST-003290,0.012888269871282049,0,0.0,0.0,0.0
AST-003291,0.017853420057076932,0,0.0,0.0,0.0
AST-003292,0.0434670342678518,0,0.0,0.0,0.0
AST-003293,0.03278175241008874,0,0.0,0.0,0.0
AST-003294,0.007241429385290057,0,0.0,0.0,0.0
AST-003295,0.004513062492768318,0,0.0,0.0,0.0
AST-003296,0.008409618062060597,0,0.0,0.0,0.0
AST-003297,0.054327949085903375,0,0.0,0.0,0.0
AST-003298,0.0320006376285586,0,0.0,0.0,0.0
AST-003299,0.003654890999684307,0,0.0,0.0,0.0
AST-003300,0.048922627688599854,1,74889.81273107028,17078.393151927452,39.66749990325338
AST-003301,0.00556942740996169,0,0.0,0.0,0.0
AST-003302,0.013937798423705475,0,0.0,0.0,0.0
AST-003303,0.004237796132675857,0,0.0,0.0,0.0
AST-003304,0.03037038939455841,0,0.0,0.0,0.0
AST-003305,0.02207602004734519,0,0.0,0.0,0.0
AST-003306,0.22559944831132075,0,0.0,0.0,0.0
AST-003307,0.04709490839111439,0,0.0,0.0,0.0
AST-003308,0.05130191267576119,0,0.0,0.0,0.0
AST-003309,0.025672634138585688,0,0.0,0.0,0.0
AST-003310,0.005208580379146435,0,0.0,0.0,0.0
AST-003311,0.18241950699936127,0,0.0,0.0,0.0
AST-003312,0.018492508842679018,0,0.0,0.0,0.0
AST-003313,0.03181853620506835,0,0.0,0.0,0.0
AST-003314,0.15896696404918212,0,0.0,0.0,0.0
AST-003315,0.08322214066669083,0,0.0,0.0,0.0
AST-003316,0.12621780899451832,0,0.0,0.0,0.0
AST-003317,0.2946987910516573,0,0.0,0.0,0.0
AST-003318,0.2113767107892799,1,218473.3819705131,65443.25305629019,29.96083831108012
AST-003319,0.10019698894308224,0,0.0,0.0,0.0
AST-003320,0.019789420695363838,0,0.0,0.0,0.0
AST-003321,0.40671215935722166,0,0.0,0.0,0.0
AST-003322,0.06001534333108397,0,0.0,0.0,0.0
AST-003323,0.019156507909090723,0,0.0,0.0,0.0
AST-003324,0.006902336448512487,0,0.0,0.0,0.0
AST-003325,0.09474037577012374,0,0.0,0.0,0.0
AST-003326,0.05843464706747106,0,0.0,0.0,0.0
AST-003327,0.020567366652451326,0,0.0,0.0,0.0
AST-003328,0.047765113891575915,0,0.0,0.0,0.0
AST-003329,0.007406637294449982,0,0.0,0.0,0.0
AST-003330,0.3245717842514814,1,83310.07791265842,21440.114154645395,30.135422810315518
AST-003331,0.14855354302917728,0,0.0,0.0,0.0
AST-003332,0.026502655108811328,0,0.0,0.0,0.0
AST-003333,0.026913466023546887,0,0.0,0.0,0.0
AST-003334,0.30653366017752715,0,0.0,0.0,0.0
AST-003335,0.02042745148074851,0,0.0,0.0,0.0
AST-003336,0.018585769317492635,0,0.0,0.0,0.0
AST-003337,0.030440435310727883,0,0.0,0.0,0.0
AST-003338,0.23614517165909,0,0.0,0.0,0.0
AST-003339,0.25093086171817425,0,0.0,0.0,0.0
AST-003340,0.09838039652800443,1,486348.11391293124,100571.25032115665,9.416026072087936
AST-003341,0.011497127738871777,0,0.0,0.0,0.0
AST-003342,0.01125975179612718,0,0.0,0.0,0.0
AST-003343,0.022708210888794753,0,0.0,0.0,0.0
AST-003344,0.018283616245292674,0,0.0,0.0,0.0
AST-003345,0.0025932317404523705,0,0.0,0.0,0.0
AST-003346,0.09820443184745631,0,0.0,0.0,0.0
AST-003347,0.02385655378359297,0,0.0,0.0,0.0
AST-003348,0.017754800556895167,0,0.0,0.0,0.0
AST-003349,0.001585616290630683,0,0.0,0.0,0.0
AST-003350,0.3039969229802013,0,0.0,0.0,0.0
AST-003351,0.01073876538039162,0,0.0,0.0,0.0
AST-003352,0.004452692084620892,0,0.0,0.0,0.0
AST-003353,0.024321056416638672,0,0.0,0.0,0.0
AST-003354,0.06058681813483697,0,0.0,0.0,0.0
AST-003355,0.030488085700770964,0,0.0,0.0,0.0
AST-003356,0.013950990320740925,0,0.0,0.0,0.0
AST-003357,0.004449271610634062,0,0.0,0.0,0.0
AST-003358,0.007640880641530955,0,0.0,0.0,0.0
AST-003359,0.2228298452444109,0,0.0,0.0,0.0
AST-003360,0.02758370265469069,0,0.0,0.0,0.0
AST-003361,0.023554815647855297,0,0.0,0.0,0.0
AST-003362,0.008177116041193271,0,0.0,0.0,0.0
AST-003363,0.029288102107860946,0,0.0,0.0,0.0
AST-003364,0.0012099110688465625,0,0.0,0.0,0.0
AST-003365,0.03249255469960021,0,0.0,0.0,0.0
AST-003366,0.06866187256044443,0,0.0,0.0,0.0
AST-003367,0.09192362315692208,0,0.0,0.0,0.0
AST-003368,0.0785037762310868,1,7737.25072904093,805.3144500760825,27.715500637751965
AST-003369,0.0058962786026252245,0,0.0,0.0,0.0
AST-003370,0.006675357108144186,0,0.0,0.0,0.0
AST-003371,0.004671536522053887,0,0.0,0.0,0.0
AST-003372,0.012278710765915588,0,0.0,0.0,0.0
AST-003373,0.0038300054230807103,0,0.0,0.0,0.0
AST-003374,0.07215472773203321,1,29704.431220667302,3103.434353006272,215.0058410236654
AST-003375,0.01674749135519992,0,0.0,0.0,0.0
AST-003376,0.0772938004554947,0,0.0,0.0,0.0
AST-003377,0.023849727864448087,0,0.0,0.0,0.0
AST-003378,0.05890900051958421,0,0.0,0.0,0.0
AST-003379,0.03821813499203463,0,0.0,0.0,0.0
AST-003380,0.053045922450444295,0,0.0,0.0,0.0
AST-003381,0.06379254978862038,0,0.0,0.0,0.0
AST-003382,0.5741077219719888,1,390176.81580913824,53572.131760298864,75.2338313461963
AST-003383,0.15010584346876343,0,0.0,0.0,0.0
AST-003384,0.013451960424439156,0,0.0,0.0,0.0
AST-003385,0.00969331331066841,1,910546.5243094226,285778.41465278494,6.010432188802373
AST-003386,0.09098726119201907,0,0.0,0.0,0.0
AST-003387,0.8868724127549936,1,140212.82516635107,42314.65937597118,89.5598488492747
AST-003388,0.025588194150695808,0,0.0,0.0,0.0
AST-003389,0.06596867941598299,0,0.0,0.0,0.0
AST-003390,0.0411088390220618,0,0.0,0.0,0.0
AST-003391,0.01756558355341919,0,0.0,0.0,0.0
AST-003392,0.00439726447412064,0,0.0,0.0,0.0
AST-003393,0.16517333480398552,0,0.0,0.0,0.0
AST-003394,0.009789030423622204,0,0.0,0.0,0.0
AST-003395,0.023539794837190195,0,0.0,0.0,0.0
AST-003396,0.01154754112677164,0,0.0,0.0,0.0
AST-003397,0.05399831103736705,0,0.0,0.0,0.0
AST-003398,0.057889818262953474,0,0.0,0.0,0.0
AST-003399,0.007464801996392063,0,0.0,0.0,0.0
AST-003400,0.00630157411401387,0,0.0,0.0,0.0
AST-003401,0.11035275988908128,1,258758.07690829018,65956.44274781353,21.85342945645244
AST-003402,0.0526541334603609,0,0.0,0.0,0.0
AST-003403,0.04622707512620212,0,0.0,0.0,0.0
AST-003404,0.0011940048128508257,0,0.0,0.0,0.0
AST-003405,0.02073860883225752,0,0.0,0.0,0.0
AST-003406,0.015630178472176876,0,0.0,0.0,0.0
AST-003407,0.2354128864601838,1,119047.1679325236,32281.11732060884,13.621618511348906
AST-003408,0.005501268199740559,0,0.0,0.0,0.0
AST-003409,0.005737682920611611,0,0.0,0.0,0.0
AST-003410,0.009707607621320256,0,0.0,0.0,0.0
AST-003411,0.010142803216219328,0,0.0,0.0,0.0
AST-003412,0.0033147720984813434,0,0.0,0.0,0.0
AST-003413,0.006203534521965653,0,0.0,0.0,0.0
AST-003414,0.13320007260935232,0,0.0,0.0,0.0
AST-003415,0.0314262927002288,0,0.0,0.0,0.0
AST-003416,0.07424821683641468,0,0.0,0.0,0.0
AST-003417,0.010194885081274063,0,0.0,0.0,0.0
AST-003418,0.012399335998063879,0,0.0,0.0,0.0
AST-003419,0.010016966508652607,0,0.0,0.0,0.0
AST-003420,0.007896151208879649,0,0.0,0.0,0.0
AST-003421,0.01022090804475746,0,0.0,0.0,0.0
AST-003422,0.37246856332435,1,85985.35322736854,21349.517118553653,5.880617194153809
AST-003423,0.1938797376178146,1,46904.12773713927,5474.070265003495,28.572026626383938
AST-003424,0.15142269607974887,0,0.0,0.0,0.0
AST-003425,0.2742717732857236,1,219498.78680957344,57421.68540483186,36.832750804276436
AST-003426,0.013260754064086066,0,0.0,0.0,0.0
AST-003427,0.10296038345408755,0,0.0,0.0,0.0
AST-003428,0.0074076600375666875,0,0.0,0.0,0.0
AST-003429,0.023281102128193953,0,0.0,0.0,0.0
AST-003430,0.05611089646631667,0,0.0,0.0,0.0
AST-003431,0.03744384039381746,0,0.0,0.0,0.0
AST-003432,0.0453724183335635,0,0.0,0.0,0.0
AST-003433,0.023272831953277846,0,0.0,0.0,0.0
AST-003434,0.007729504161517678,0,0.0,0.0,0.0
AST-003435,0.07115062667555697,0,0.0,0.0,0.0
AST-003436,0.027784939184382136,0,0.0,0.0,0.0
AST-003437,0.09005477401367001,0,0.0,0.0,0.0
AST-003438,0.009821755092298406,0,0.0,0.0,0.0
AST-003439,0.06571774997381717,0,0.0,0.0,0.0
AST-003440,0.556645713326443,1,124857.42824203923,33890.31790735097,15.40336277637951
AST-003441,0.0025720996363335228,0,0.0,0.0,0.0
AST-003442,0.005030630279411199,0,0.0,0.0,0.0
AST-003443,0.024347225093109753,0,0.0,0.0,0.0
AST-003444,0.030393553803566814,0,0.0,0.0,0.0
AST-003445,0.297590219311635,0,0.0,0.0,0.0
AST-003446,0.0411051083749808,0,0.0,0.0,0.0
AST-003447,0.0032270230199764934,0,0.0,0.0,0.0
AST-003448,0.021062117176585547,0,0.0,0.0,0.0
AST-003449,0.014800342197131887,0,0.0,0.0,0.0
AST-003450,0.004376744598668408,0,0.0,0.0,0.0
AST-003451,0.019813244407824577,0,0.0,0.0,0.0
AST-003452,0.10692651869409496,0,0.0,0.0,0.0
AST-003453,0.0064313769303361865,0,0.0,0.0,0.0
AST-003454,0.0027938195034512684,0,0.0,0.0,0.0
AST-003455,0.0015943575661026327,0,0.0,0.0,0.0
AST-003456,0.5706369278195101,1,364295.68800218636,78440.76384582474,41.147725493995004
AST-003457,0.011588486457036777,0,0.0,0.0,0.0
AST-003458,0.2403059008704785,0,0.0,0.0,0.0
AST-003459,0.5685554822205935,0,0.0,0.0,0.0
AST-003460,0.07473319475655146,0,0.0,0.0,0.0
AST-003461,0.038254993843669406,0,0.0,0.0,0.0
AST-003462,0.00452929666625057,0,0.0,0.0,0.0
AST-003463,0.03166089407538117,0,0.0,0.0,0.0
AST-003464,0.08611894367703529,0,0.0,0.0,0.0
AST-003465,0.02122328727678517,0,0.0,0.0,0.0
AST-003466,0.42766342833633864,0,0.0,0.0,0.0
AST-003467,0.03249716275991243,0,0.0,0.0,0.0
AST-003468,0.022476257125049613,0,0.0,0.0,0.0
AST-003469,0.007280117264832165,0,0.0,0.0,0.0
AST-003470,0.015269399837621144,0,0.0,0.0,0.0
AST-003471,0.01557573811921442,0,0.0,0.0,0.0
AST-003472,0.0325678617876523,0,0.0,0.0,0.0
AST-003473,0.09122149827904398,0,0.0,0.0,0.0
AST-003474,0.030855093196958266,0,0.0,0.0,0.0
AST-003475,0.3976379687988843,1,201602.23868854987,50692.12661213411,7.926378076644127
AST-003476,0.002929284178686387,0,0.0,0.0,0.0
AST-003477,0.054538660162694125,0,0.0,0.0,0.0
AST-003478,0.021158171492177483,0,0.0,0.0,0.0
AST-003479,0.06521050283724683,0,0.0,0.0,0.0
AST-003480,0.1719634725175143,0,0.0,0.0,0.0
AST-003481,0.16633471458623572,0,0.0,0.0,0.0
AST-003482,0.10653008540244714,0,0.0,0.0,0.0
AST-003483,0.02060086646783548,0,0.0,0.0,0.0
AST-003484,0.004408767074652441,0,0.0,0.0,0.0
AST-003485,0.008392616112678788,0,0.0,0.0,0.0
AST-003486,0.0034724449129328013,0,0.0,0.0,0.0
AST-003487,0.02646083508748041,0,0.0,0.0,0.0
AST-003488,0.052656113235472896,1,168634.3068217982,28548.35067114881,91.63471199067956
AST-003489,0.0890731725252266,0,0.0,0.0,0.0
AST-003490,0.07124872118954051,0,0.0,0.0,0.0
AST-003491,0.08040882450834527,0,0.0,0.0,0.0
AST-003492,0.04105752715857544,0,0.0,0.0,0.0
AST-003493,0.008089230363935756,0,0.0,0.0,0.0
AST-003494,0.16932155909738913,0,0.0,0.0,0.0
AST-003495,0.7059864929568667,1,1641250.7391770405,619487.8374488775,63.32076971861532
AST-003496,0.006870789638808337,0,0.0,0.0,0.0
AST-003497,0.12410147308420554,1,326041.15577982867,113328.73424708501,13.000651448288654
AST-003498,0.01951714614309884,0,0.0,0.0,0.0
AST-003499,0.42630096953075863,0,0.0,0.0,0.0
AST-003500,0.012637997111741312,0,0.0,0.0,0.0
AST-003501,0.20704763000909143,0,0.0,0.0,0.0
AST-003502,0.008393445707778521,0,0.0,0.0,0.0
AST-003503,0.023897852124727118,0,0.0,0.0,0.0
AST-003504,0.002646476919722929,0,0.0,0.0,0.0
AST-003505,0.5641132012093795,0,0.0,0.0,0.0
AST-003506,0.021016811481784047,0,0.0,0.0,0.0
AST-003507,0.006133717643054106,0,0.0,0.0,0.0
AST-003508,0.06025758546749468,0,0.0,0.0,0.0
AST-003509,0.742886216382476,1,7362658.123618917,2401986.5157381543,68.41446624321145
AST-003510,0.017482784905863274,0,0.0,0.0,0.0
AST-003511,0.010877699847940694,0,0.0,0.0,0.0
AST-003512,0.008262073003042124,0,0.0,0.0,0.0
AST-003513,0.7206823311399729,1,10349.377195114732,3726.905482509917,3.7460400805937866
AST-003514,0.6496387524038553,1,1164196.587200215,396238.85633625416,33.28924614480989
AST-003515,0.02485528157189624,0,0.0,0.0,0.0
AST-003516,0.012524300170595309,0,0.0,0.0,0.0
AST-003517,0.01752315838848188,0,0.0,0.0,0.0
AST-003518,0.06683559919213938,0,0.0,0.0,0.0
AST-003519,0.0065193485682374245,0,0.0,0.0,0.0
AST-003520,0.0018479055918811096,0,0.0,0.0,0.0
AST-003521,0.006772058620875964,0,0.0,0.0,0.0
AST-003522,0.004417153145839836,0,0.0,0.0,0.0
AST-003523,0.01765716367411721,0,0.0,0.0,0.0
AST-003524,0.03243102738715156,0,0.0,0.0,0.0
AST-003525,0.008934762682039753,0,0.0,0.0,0.0
AST-003526,0.23981548299288838,1,67398.81792989206,15575.188754549803,16.10662093302073
AST-003527,0.02440923946665401,0,0.0,0.0,0.0
AST-003528,0.3156585917283874,0,0.0,0.0,0.0
AST-003529,0.031164509572719604,0,0.0,0.0,0.0
AST-003530,0.0045302667765596185,0,0.0,0.0,0.0
AST-003531,0.007948252866530876,0,0.0,0.0,0.0
AST-003532,0.005994164705420322,0,0.0,0.0,0.0
AST-003533,0.07055833732959722,1,90412.0701693573,22638.152174307146,49.335918780861235
AST-003534,0.02451764559149502,0,0.0,0.0,0.0
AST-003535,0.010236244584293936,0,0.0,0.0,0.0
AST-003536,0.03469000732262428,0,0.0,0.0,0.0
AST-003537,0.06948439846271376,0,0.0,0.0,0.0
AST-003538,0.06222589523784536,0,0.0,0.0,0.0
AST-003539,0.04122249690654885,0,0.0,0.0,0.0
AST-003540,0.0028391143624028324,0,0.0,0.0,0.0
AST-003541,0.042317083523390135,0,0.0,0.0,0.0
AST-003542,0.020025844507581304,0,0.0,0.0,0.0
AST-003543,0.0841144638827858,0,0.0,0.0,0.0
AST-003544,0.014860576262040832,0,0.0,0.0,0.0
AST-003545,0.013631529839064774,0,0.0,0.0,0.0
AST-003546,0.08774914972139716,0,0.0,0.0,0.0
AST-003547,0.02993940332024164,0,0.0,0.0,0.0
AST-003548,0.014247980042063202,0,0.0,0.0,0.0
AST-003549,0.07503478388088226,0,0.0,0.0,0.0
AST-003550,0.08887258445126703,1,69311.53908582612,20161.806904054232,6.103923368878681
AST-003551,0.005221947407540814,0,0.0,0.0,0.0
AST-003552,0.013713003605654844,0,0.0,0.0,0.0
AST-003553,0.016014896396072013,0,0.0,0.0,0.0
AST-003554,0.34976780024192994,1,340963.1297505193,109915.42418376576,1.4521246299310282
AST-003555,0.017380477136100515,0,0.0,0.0,0.0
AST-003556,0.02201583289083406,0,0.0,0.0,0.0
AST-003557,0.037057619507278095,0,0.0,0.0,0.0
AST-003558,0.02789782821830434,0,0.0,0.0,0.0
AST-003559,0.010263994928269569,0,0.0,0.0,0.0
AST-003560,0.002019531422677245,0,0.0,0.0,0.0
AST-003561,0.20326785995690524,0,0.0,0.0,0.0
AST-003562,0.09595874613080992,0,0.0,0.0,0.0
AST-003563,0.014124950317232968,0,0.0,0.0,0.0
AST-003564,0.030233564259259733,0,0.0,0.0,0.0
AST-003565,0.7316922742494504,0,0.0,0.0,0.0
AST-003566,0.27360265927372657,0,0.0,0.0,0.0
AST-003567,0.1643835151422182,0,0.0,0.0,0.0
AST-003568,0.05352530851972993,0,0.0,0.0,0.0
AST-003569,0.03152051886937106,0,0.0,0.0,0.0
AST-003570,0.00945687371544233,0,0.0,0.0,0.0
AST-003571,0.005233473430331391,0,0.0,0.0,0.0
AST-003572,0.008246949596445483,0,0.0,0.0,0.0
AST-003573,0.01305476403075247,0,0.0,0.0,0.0
AST-003574,0.4059508294358434,0,0.0,0.0,0.0
AST-003575,0.03228314448064554,0,0.0,0.0,0.0
AST-003576,0.1065906084387278,0,0.0,0.0,0.0
AST-003577,0.012189292234391897,0,0.0,0.0,0.0
AST-003578,0.0031574825331305927,0,0.0,0.0,0.0
AST-003579,0.00900809381878471,0,0.0,0.0,0.0
AST-003580,0.007385609743626092,0,0.0,0.0,0.0
AST-003581,0.08708005268868325,0,0.0,0.0,0.0
AST-003582,0.08322385471528665,0,0.0,0.0,0.0
AST-003583,0.007703496591497735,0,0.0,0.0,0.0
AST-003584,0.01223082133200467,0,0.0,0.0,0.0
AST-003585,0.27531661709214067,1,38464.913637850135,8421.248063194342,54.3750880864189
AST-003586,0.004653233439504821,0,0.0,0.0,0.0
AST-003587,0.034421757679878,0,0.0,0.0,0.0
AST-003588,0.020682288638874245,0,0.0,0.0,0.0
AST-003589,0.0934675423798204,0,0.0,0.0,0.0
AST-003590,0.12787391300615547,0,0.0,0.0,0.0
AST-003591,0.009851174900960415,0,0.0,0.0,0.0
AST-003592,0.030975665765259314,0,0.0,0.0,0.0
AST-003593,0.21264084338124817,0,0.0,0.0,0.0
AST-003594,0.010811906095862515,0,0.0,0.0,0.0
AST-003595,0.03828584892965505,0,0.0,0.0,0.0
AST-003596,0.006445030512444279,0,0.0,0.0,0.0
AST-003597,0.026121260112212396,0,0.0,0.0,0.0
AST-003598,0.005536568792614231,0,0.0,0.0,0.0
AST-003599,0.0874738029946419,0,0.0,0.0,0.0
AST-003600,0.010571663025133493,0,0.0,0.0,0.0
AST-003601,0.00863422051750618,0,0.0,0.0,0.0
AST-003602,0.04454952358232792,1,57802.15893082021,6859.461722561972,64.02497708905567
AST-003603,0.018770381958156977,0,0.0,0.0,0.0
AST-003604,0.015424391591111706,0,0.0,0.0,0.0
AST-003605,0.005002800994552282,0,0.0,0.0,0.0
AST-003606,0.0166622486982845,0,0.0,0.0,0.0
AST-003607,0.08761888381744039,1,146093.74214029,36995.069970048076,0.0369068346518438
AST-003608,0.8948869153404541,0,0.0,0.0,0.0
AST-003609,0.04810372085179975,0,0.0,0.0,0.0
AST-003610,0.07219222954612402,0,0.0,0.0,0.0
AST-003611,0.01172914883498813,0,0.0,0.0,0.0
AST-003612,0.09919935204296915,0,0.0,0.0,0.0
AST-003613,0.024316291288222946,0,0.0,0.0,0.0
AST-003614,0.008108059284670685,0,0.0,0.0,0.0
AST-003615,0.0846656180103039,0,0.0,0.0,0.0
AST-003616,0.24455086072947474,0,0.0,0.0,0.0
AST-003617,0.0032498397315074883,0,0.0,0.0,0.0
AST-003618,0.004613270559255021,0,0.0,0.0,0.0
AST-003619,0.010475522877599461,0,0.0,0.0,0.0
AST-003620,0.2833512758872211,1,14352.049591231002,3539.31792526452,144.46101346298246
AST-003621,0.015962317735105022,0,0.0,0.0,0.0
AST-003622,0.017464489986033987,0,0.0,0.0,0.0
AST-003623,0.07697299533967833,0,0.0,0.0,0.0
AST-003624,0.5298004504153195,0,0.0,0.0,0.0
AST-003625,0.025383834408861664,0,0.0,0.0,0.0
AST-003626,0.040709841579520574,0,0.0,0.0,0.0
AST-003627,0.016931488611568776,0,0.0,0.0,0.0
AST-003628,0.0015123637942149628,0,0.0,0.0,0.0
AST-003629,0.006568162717036272,0,0.0,0.0,0.0
AST-003630,0.028452559826863365,0,0.0,0.0,0.0
AST-003631,0.07138583914855076,0,0.0,0.0,0.0
AST-003632,0.014927768383358504,0,0.0,0.0,0.0
AST-003633,0.18813344593556894,0,0.0,0.0,0.0
AST-003634,0.24124835523395313,0,0.0,0.0,0.0
AST-003635,0.14788099693664317,0,0.0,0.0,0.0
AST-003636,0.06266820524282025,0,0.0,0.0,0.0
AST-003637,0.6067987081996977,1,354165.15481177036,124884.75261519333,6.290088561805927
AST-003638,0.0036278166896929385,0,0.0,0.0,0.0
AST-003639,0.2412827701858543,0,0.0,0.0,0.0
AST-003640,0.021997751597766648,0,0.0,0.0,0.0
AST-003641,0.21264972450513,1,294658.18822364486,52144.872326737626,56.65443553383085
AST-003642,0.09576684616949847,0,0.0,0.0,0.0
AST-003643,0.00632216663468115,0,0.0,0.0,0.0
AST-003644,0.8005109997027636,0,0.0,0.0,0.0
AST-003645,0.04160595665322228,0,0.0,0.0,0.0
AST-003646,0.004952288622192786,0,0.0,0.0,0.0
AST-003647,0.011420300285864042,0,0.0,0.0,0.0
AST-003648,0.05450156129827655,0,0.0,0.0,0.0
AST-003649,0.018006638676739038,0,0.0,0.0,0.0
AST-003650,0.0059552263835383834,0,0.0,0.0,0.0
AST-003651,0.011808301392658867,0,0.0,0.0,0.0
AST-003652,0.007863279666525209,0,0.0,0.0,0.0
AST-003653,0.08873496414908108,0,0.0,0.0,0.0
AST-003654,0.09922170424538589,0,0.0,0.0,0.0
AST-003655,0.0391601476291001,0,0.0,0.0,0.0
AST-003656,0.15188276173000798,0,0.0,0.0,0.0
AST-003657,0.07733548310316045,0,0.0,0.0,0.0
AST-003658,0.0037901126224215917,0,0.0,0.0,0.0
AST-003659,0.005650893926736386,0,0.0,0.0,0.0
AST-003660,0.007990835665727824,0,0.0,0.0,0.0
AST-003661,0.18382334507780299,1,23472344.61088159,6288279.16473761,10.256727306351728
AST-003662,0.19981596896481033,0,0.0,0.0,0.0
AST-003663,0.012020360716812338,0,0.0,0.0,0.0
AST-003664,0.05729136437319223,0,0.0,0.0,0.0
AST-003665,0.004121480499910705,0,0.0,0.0,0.0
AST-003666,0.004998968088482962,0,0.0,0.0,0.0
AST-003667,0.0033019338311375346,0,0.0,0.0,0.0
AST-003668,0.004315846684397864,0,0.0,0.0,0.0
AST-003669,0.37233339754309025,0,0.0,0.0,0.0
AST-003670,0.011802674587052555,0,0.0,0.0,0.0
AST-003671,0.005270872696150332,0,0.0,0.0,0.0
AST-003672,0.04484713705802333,0,0.0,0.0,0.0
AST-003673,0.005187888136516321,0,0.0,0.0,0.0
AST-003674,0.40077409070386005,1,435458.1387925463,90684.90248838346,50.2329843063125
AST-003675,0.005183482166536089,0,0.0,0.0,0.0
AST-003676,0.06600000748297766,0,0.0,0.0,0.0
AST-003677,0.021336150733155628,0,0.0,0.0,0.0
AST-003678,0.25462385165165563,0,0.0,0.0,0.0
AST-003679,0.03676849093660396,0,0.0,0.0,0.0
AST-003680,0.004345163273172455,0,0.0,0.0,0.0
AST-003681,0.0029111122971314392,0,0.0,0.0,0.0
AST-003682,0.20284566673083534,0,0.0,0.0,0.0
AST-003683,0.014271448148784812,0,0.0,0.0,0.0
AST-003684,0.35772817952127,0,0.0,0.0,0.0
AST-003685,0.00253999467875563,0,0.0,0.0,0.0
AST-003686,0.037975686572472675,0,0.0,0.0,0.0
AST-003687,0.11606915147070682,0,0.0,0.0,0.0
AST-003688,0.00880852656557249,0,0.0,0.0,0.0
AST-003689,0.004289476694650113,0,0.0,0.0,0.0
AST-003690,0.008047619684164915,0,0.0,0.0,0.0
AST-003691,0.03488098708509091,0,0.0,0.0,0.0
AST-003692,0.01093340540695784,0,0.0,0.0,0.0
AST-003693,0.0585307277556588,0,0.0,0.0,0.0
AST-003694,0.2959520903336454,1,125041.21937170242,34713.46820828545,23.108165432926523
AST-003695,0.017108421942055085,1,9047.131453185237,1198.815149431265,58.78372614459197
AST-003696,0.006210883335786345,0,0.0,0.0,0.0
AST-003697,0.6496220290835308,1,16731.402121271105,6257.3714202060055,29.402759579766688
AST-003698,0.12110379661973213,0,0.0,0.0,0.0
AST-003699,0.01729658189567085,0,0.0,0.0,0.0
AST-003700,0.4768903722425082,0,0.0,0.0,0.0
AST-003701,0.01489028022973281,0,0.0,0.0,0.0
AST-003702,0.006519419782126036,0,0.0,0.0,0.0
AST-003703,0.004730246142609514,0,0.0,0.0,0.0
AST-003704,0.015126672381077998,0,0.0,0.0,0.0
AST-003705,0.02520188441897235,0,0.0,0.0,0.0
AST-003706,0.298794846944456,0,0.0,0.0,0.0
AST-003707,0.008854863792636855,0,0.0,0.0,0.0
AST-003708,0.004327357109354435,0,0.0,0.0,0.0
AST-003709,0.874036932786492,1,305620.97187498107,50020.8413001179,5.426897532736025
AST-003710,0.006235042223461551,0,0.0,0.0,0.0
AST-003711,0.01302782710046331,0,0.0,0.0,0.0
AST-003712,0.00256684536759271,0,0.0,0.0,0.0
AST-003713,0.35843813872872327,0,0.0,0.0,0.0
AST-003714,0.005189905009930474,0,0.0,0.0,0.0
AST-003715,0.01172217414977886,0,0.0,0.0,0.0
AST-003716,0.00687499681598018,0,0.0,0.0,0.0
AST-003717,0.34407621817868617,1,19851.910361490693,4235.333567210404,124.45473817134351
AST-003718,0.014933140738203593,0,0.0,0.0,0.0
AST-003719,0.045316083709080586,0,0.0,0.0,0.0
AST-003720,0.01441939467589383,0,0.0,0.0,0.0
AST-003721,0.02011763388088973,0,0.0,0.0,0.0
AST-003722,0.05396395615043192,0,0.0,0.0,0.0
AST-003723,0.45289224756029767,0,0.0,0.0,0.0
AST-003724,0.01720776979844904,0,0.0,0.0,0.0
AST-003725,0.28223239037941206,0,0.0,0.0,0.0
AST-003726,0.5938376115572931,0,0.0,0.0,0.0
AST-003727,0.5645612941746522,1,153147.97648328333,30841.764715937654,72.54830146425435
AST-003728,0.009153748792191019,0,0.0,0.0,0.0
AST-003729,0.0033376844633880914,0,0.0,0.0,0.0
AST-003730,0.07776681663842465,0,0.0,0.0,0.0
AST-003731,0.024117684198386384,0,0.0,0.0,0.0
AST-003732,0.256808001211032,0,0.0,0.0,0.0
AST-003733,0.04708074554702204,0,0.0,0.0,0.0
AST-003734,0.008342268103908418,0,0.0,0.0,0.0
AST-003735,0.007343201033312008,0,0.0,0.0,0.0
AST-003736,0.0015687819082602188,0,0.0,0.0,0.0
AST-003737,0.08485478342029157,0,0.0,0.0,0.0
AST-003738,0.035132852516042715,0,0.0,0.0,0.0
AST-003739,0.03264742823511532,0,0.0,0.0,0.0
AST-003740,0.11566924243048272,0,0.0,0.0,0.0
AST-003741,0.04469821454619238,1,796472.0860438087,165033.29701788072,234.91822153315454
AST-003742,0.03636107942764686,0,0.0,0.0,0.0
AST-003743,0.022329008909553413,0,0.0,0.0,0.0
AST-003744,0.007139656404533016,0,0.0,0.0,0.0
AST-003745,0.011558762582258245,0,0.0,0.0,0.0
AST-003746,0.2701697079490009,0,0.0,0.0,0.0
AST-003747,0.03214599720320066,0,0.0,0.0,0.0
AST-003748,0.02209206163218372,0,0.0,0.0,0.0
AST-003749,0.020762718448939267,0,0.0,0.0,0.0
AST-003750,0.007032152585571896,0,0.0,0.0,0.0
AST-003751,0.04814817941613905,0,0.0,0.0,0.0
AST-003752,0.006933535562047897,0,0.0,0.0,0.0
AST-003753,0.010410814899142593,0,0.0,0.0,0.0
AST-003754,0.003956771438246228,0,0.0,0.0,0.0
AST-003755,0.027241663085572316,0,0.0,0.0,0.0
AST-003756,0.8997945761006417,1,115647.54349828971,23258.76533124513,22.099300149171597
AST-003757,0.048872410947656,0,0.0,0.0,0.0
AST-003758,0.13158848027934755,0,0.0,0.0,0.0
AST-003759,0.09976756334397477,0,0.0,0.0,0.0
AST-003760,0.045295507236575765,0,0.0,0.0,0.0
AST-003761,0.006839178605054562,0,0.0,0.0,0.0
AST-003762,0.03819602104654636,0,0.0,0.0,0.0
AST-003763,0.1628495499966872,0,0.0,0.0,0.0
AST-003764,0.056046683656395216,0,0.0,0.0,0.0
AST-003765,0.00792704037431317,0,0.0,0.0,0.0
AST-003766,0.23456559195304455,1,7656.7387158425645,828.3714241693136,24.128073489615883
AST-003767,0.017275123340943645,0,0.0,0.0,0.0
AST-003768,0.07337407581912866,0,0.0,0.0,0.0
AST-003769,0.025951159147003456,0,0.0,0.0,0.0
AST-003770,0.08711369766870113,1,55461.43026233989,8214.788599706055,7.2644336337386335
AST-003771,0.0723402476409624,0,0.0,0.0,0.0
AST-003772,0.12271101772858115,0,0.0,0.0,0.0
AST-003773,0.010274916588895707,0,0.0,0.0,0.0
AST-003774,0.005804397494056851,0,0.0,0.0,0.0
AST-003775,0.01725401127256643,0,0.0,0.0,0.0
AST-003776,0.010028426658749288,0,0.0,0.0,0.0
AST-003777,0.012122300035956794,0,0.0,0.0,0.0
AST-003778,0.007506306892543179,0,0.0,0.0,0.0
AST-003779,0.004970009513156108,0,0.0,0.0,0.0
AST-003780,0.0087335834268646,0,0.0,0.0,0.0
AST-003781,0.9517859304871864,0,0.0,0.0,0.0
AST-003782,0.01856668489933956,0,0.0,0.0,0.0
AST-003783,0.14090699973593984,0,0.0,0.0,0.0
AST-003784,0.03160148366900463,0,0.0,0.0,0.0
AST-003785,0.0013103677405164927,0,0.0,0.0,0.0
AST-003786,0.006705213223078297,0,0.0,0.0,0.0
AST-003787,0.016854417026245305,0,0.0,0.0,0.0
AST-003788,0.15255888607178975,1,86774.04934054162,31759.91310373543,32.77213490709507
AST-003789,0.03730198388264802,0,0.0,0.0,0.0
AST-003790,0.008852421966844973,0,0.0,0.0,0.0
AST-003791,0.066266858997005,0,0.0,0.0,0.0
AST-003792,0.027143104417133277,0,0.0,0.0,0.0
AST-003793,0.020211353921278395,0,0.0,0.0,0.0
AST-003794,0.20350326916852277,1,181894.92943293913,45613.78044495087,21.01597748179202
AST-003795,0.028036702040065562,0,0.0,0.0,0.0
AST-003796,0.03227223058357889,0,0.0,0.0,0.0
AST-003797,0.021356421897094774,0,0.0,0.0,0.0
AST-003798,0.03052573652405663,0,0.0,0.0,0.0
AST-003799,0.004422260808072046,0,0.0,0.0,0.0
AST-003800,0.03340035086196066,0,0.0,0.0,0.0
AST-003801,0.4174998094594108,0,0.0,0.0,0.0
AST-003802,0.1758025732448673,0,0.0,0.0,0.0
AST-003803,0.19543495355248425,1,423157.04844054114,161609.80447381726,16.05533423810715
AST-003804,0.268548973377148,0,0.0,0.0,0.0
AST-003805,0.007955022846886156,0,0.0,0.0,0.0
AST-003806,0.03156630043301184,0,0.0,0.0,0.0
AST-003807,0.03678239144090907,0,0.0,0.0,0.0
AST-003808,0.004403084847162016,0,0.0,0.0,0.0
AST-003809,0.030242622526760132,0,0.0,0.0,0.0
AST-003810,0.0044553948370614094,0,0.0,0.0,0.0
AST-003811,0.008350187788841388,0,0.0,0.0,0.0
AST-003812,0.024093739350182563,0,0.0,0.0,0.0
AST-003813,0.005106552216581426,0,0.0,0.0,0.0
AST-003814,0.021336784066459554,0,0.0,0.0,0.0
AST-003815,0.34609198437532096,0,0.0,0.0,0.0
AST-003816,0.0025765157255695724,0,0.0,0.0,0.0
AST-003817,0.027322969129313538,0,0.0,0.0,0.0
AST-003818,0.05105646255320547,0,0.0,0.0,0.0
AST-003819,0.0212741177836697,0,0.0,0.0,0.0
AST-003820,0.005035376993604586,0,0.0,0.0,0.0
AST-003821,0.21322410420785487,0,0.0,0.0,0.0
AST-003822,0.1157414787470059,0,0.0,0.0,0.0
AST-003823,0.010674815996604846,0,0.0,0.0,0.0
AST-003824,0.12214084653927539,1,518200.080871113,159192.4658572362,24.101145165101343
AST-003825,0.14620313494774703,0,0.0,0.0,0.0
AST-003826,0.04945605294928933,0,0.0,0.0,0.0
AST-003827,0.24609066986436853,1,388787.66834580473,134979.8708879246,308.25707814996383
AST-003828,0.004916960897686198,0,0.0,0.0,0.0
AST-003829,0.0017320936738854157,0,0.0,0.0,0.0
AST-003830,0.009712323321429076,0,0.0,0.0,0.0
AST-003831,0.19053938124994318,1,181926.61824458928,63258.933765104535,44.43556069178874
AST-003832,0.002285535712699754,0,0.0,0.0,0.0
AST-003833,0.003105924082860374,0,0.0,0.0,0.0
AST-003834,0.014809754333523648,0,0.0,0.0,0.0
AST-003835,0.008992094420347796,0,0.0,0.0,0.0
AST-003836,0.0032039144257489656,0,0.0,0.0,0.0
AST-003837,0.012205758865093438,0,0.0,0.0,0.0
AST-003838,0.012863313693325785,0,0.0,0.0,0.0
AST-003839,0.4239375920048209,1,105443.37229972455,39618.79660644481,48.92635704138331
AST-003840,0.10792279808318024,0,0.0,0.0,0.0
AST-003841,0.024777561680716095,0,0.0,0.0,0.0
AST-003842,0.00301668741204919,0,0.0,0.0,0.0
AST-003843,0.039485582111271865,0,0.0,0.0,0.0
AST-003844,0.005266933168006863,0,0.0,0.0,0.0
AST-003845,0.032446608515597254,0,0.0,0.0,0.0
AST-003846,0.13006855609022777,0,0.0,0.0,0.0
AST-003847,0.08592849085790143,0,0.0,0.0,0.0
AST-003848,0.020989903669298076,0,0.0,0.0,0.0
AST-003849,0.03360433375131446,0,0.0,0.0,0.0
AST-003850,0.38348208393059785,0,0.0,0.0,0.0
AST-003851,0.005336459050566519,0,0.0,0.0,0.0
AST-003852,0.07996988653353043,0,0.0,0.0,0.0
AST-003853,0.008937542434838927,0,0.0,0.0,0.0
AST-003854,0.011843665380692791,0,0.0,0.0,0.0
AST-003855,0.2050619187254272,0,0.0,0.0,0.0
AST-003856,0.19634085378497243,0,0.0,0.0,0.0
AST-003857,0.004904963254091735,0,0.0,0.0,0.0
AST-003858,0.03002677017185498,0,0.0,0.0,0.0
AST-003859,0.0025191875566128947,0,0.0,0.0,0.0
AST-003860,0.006477606795941354,0,0.0,0.0,0.0
AST-003861,0.16007066780049067,0,0.0,0.0,0.0
AST-003862,0.003332793603102364,0,0.0,0.0,0.0
AST-003863,0.03484272417484806,0,0.0,0.0,0.0
AST-003864,0.08256347032435478,0,0.0,0.0,0.0
AST-003865,0.0074735807944066,0,0.0,0.0,0.0
AST-003866,0.05956435962188909,1,62911.72896590549,19149.978889454265,0.881067284949868
AST-003867,0.2957038369300332,0,0.0,0.0,0.0
AST-003868,0.0863141848017981,0,0.0,0.0,0.0
AST-003869,0.010255493421489011,0,0.0,0.0,0.0
AST-003870,0.10577145357961093,0,0.0,0.0,0.0
AST-003871,0.009856977931743487,0,0.0,0.0,0.0
AST-003872,0.006362004099520404,0,0.0,0.0,0.0
AST-003873,0.014228769892303594,0,0.0,0.0,0.0
AST-003874,0.20041428296211414,1,10873.94435409106,4209.482759519016,23.013822187451442
AST-003875,0.1801952544919661,0,0.0,0.0,0.0
AST-003876,0.022170550689374145,0,0.0,0.0,0.0
AST-003877,0.0069941243144630355,0,0.0,0.0,0.0
AST-003878,0.01666542963314235,0,0.0,0.0,0.0
AST-003879,0.3263977973300736,0,0.0,0.0,0.0
AST-003880,0.02459708089298464,0,0.0,0.0,0.0
AST-003881,0.056136643729740254,0,0.0,0.0,0.0
AST-003882,0.031130088202784276,0,0.0,0.0,0.0
AST-003883,0.05456653457588311,0,0.0,0.0,0.0
AST-003884,0.20177327750142016,0,0.0,0.0,0.0
AST-003885,0.018265546814581236,0,0.0,0.0,0.0
AST-003886,0.007555755624907333,0,0.0,0.0,0.0
AST-003887,0.008282256962086043,0,0.0,0.0,0.0
AST-003888,0.008736815863591365,0,0.0,0.0,0.0
AST-003889,0.0037499389862157033,0,0.0,0.0,0.0
AST-003890,0.007394398534071283,0,0.0,0.0,0.0
AST-003891,0.005471327162932073,0,0.0,0.0,0.0
AST-003892,0.01637878560728913,0,0.0,0.0,0.0
AST-003893,0.2260504535236616,0,0.0,0.0,0.0
AST-003894,0.010539644844997113,0,0.0,0.0,0.0
AST-003895,0.011629898031059432,0,0.0,0.0,0.0
AST-003896,0.0063977297319991475,0,0.0,0.0,0.0
AST-003897,0.06263854954189874,0,0.0,0.0,0.0
AST-003898,0.013326599469047153,0,0.0,0.0,0.0
AST-003899,0.00473834442521484,0,0.0,0.0,0.0
AST-003900,0.017849793880272403,0,0.0,0.0,0.0
AST-003901,0.0852384850260723,0,0.0,0.0,0.0
AST-003902,0.020784725151674427,0,0.0,0.0,0.0
AST-003903,0.018195509324946683,0,0.0,0.0,0.0
AST-003904,0.24449523735536172,0,0.0,0.0,0.0
AST-003905,0.2475677685938443,0,0.0,0.0,0.0
AST-003906,0.03132592347186035,0,0.0,0.0,0.0
AST-003907,0.028322796060051465,0,0.0,0.0,0.0
AST-003908,0.07732643104632107,0,0.0,0.0,0.0
AST-003909,0.007916269423437178,0,0.0,0.0,0.0
AST-003910,0.006053971356271392,0,0.0,0.0,0.0
AST-003911,0.004679944493031546,0,0.0,0.0,0.0
AST-003912,0.07364228203046949,0,0.0,0.0,0.0
AST-003913,0.02658247510475157,0,0.0,0.0,0.0
AST-003914,0.22470236493597018,1,22617.118696098783,4648.361839890085,1.8996508006423798
AST-003915,0.002903069382652391,0,0.0,0.0,0.0
AST-003916,0.0008363937036186651,0,0.0,0.0,0.0
AST-003917,0.01882849311047605,0,0.0,0.0,0.0
AST-003918,0.004006039074661184,0,0.0,0.0,0.0
AST-003919,0.015410957700118195,0,0.0,0.0,0.0
AST-003920,0.09423924594418404,0,0.0,0.0,0.0
AST-003921,0.8199555610042544,1,50883.07292882329,5403.885239656077,2.787584113134087
AST-003922,0.012140558995183603,0,0.0,0.0,0.0
AST-003923,0.07262935548084963,0,0.0,0.0,0.0
AST-003924,0.08470337250335169,0,0.0,0.0,0.0
AST-003925,0.013786118284670993,0,0.0,0.0,0.0
AST-003926,0.06042603831736674,0,0.0,0.0,0.0
AST-003927,0.03268489278103331,0,0.0,0.0,0.0
AST-003928,0.00935191517512318,0,0.0,0.0,0.0
AST-003929,0.0047704708836215975,0,0.0,0.0,0.0
AST-003930,0.31489826819681577,0,0.0,0.0,0.0
AST-003931,0.36602106811335827,1,610291.3645420461,69698.60565887182,14.6211228383807
AST-003932,0.01899607709604357,0,0.0,0.0,0.0
AST-003933,0.050389211637797734,0,0.0,0.0,0.0
AST-003934,0.020921339014225517,0,0.0,0.0,0.0
AST-003935,0.015624204431759383,0,0.0,0.0,0.0
AST-003936,0.19766907622692378,0,0.0,0.0,0.0
AST-003937,0.025084207201636725,0,0.0,0.0,0.0
AST-003938,0.011717019012659804,0,0.0,0.0,0.0
AST-003939,0.10836431212756978,0,0.0,0.0,0.0
AST-003940,0.41839277086366045,1,2176731.840164785,238821.87105958958,73.88860724753323
AST-003941,0.012631718583846171,0,0.0,0.0,0.0
AST-003942,0.5102947792181253,0,0.0,0.0,0.0
AST-003943,0.022535100570560854,0,0.0,0.0,0.0
AST-003944,0.2714918707436504,0,0.0,0.0,0.0
AST-003945,0.007475043045243398,0,0.0,0.0,0.0
AST-003946,0.01519858685631123,0,0.0,0.0,0.0
AST-003947,0.008954379631792618,0,0.0,0.0,0.0
AST-003948,0.010620978692241934,0,0.0,0.0,0.0
AST-003949,0.10143792290402577,0,0.0,0.0,0.0
AST-003950,0.11500502014949412,0,0.0,0.0,0.0
AST-003951,0.008299113096130283,0,0.0,0.0,0.0
AST-003952,0.001734754555215953,0,0.0,0.0,0.0
AST-003953,0.013209176880432308,0,0.0,0.0,0.0
AST-003954,0.015713594790870172,0,0.0,0.0,0.0
AST-003955,0.007005988262951128,0,0.0,0.0,0.0
AST-003956,0.15061641861975425,1,50941.060811181065,10028.793219914858,72.00102298605947
AST-003957,0.018960702526680397,0,0.0,0.0,0.0
AST-003958,0.0037952678054168454,0,0.0,0.0,0.0
AST-003959,0.030459751755284162,0,0.0,0.0,0.0
AST-003960,0.11371420085805464,0,0.0,0.0,0.0
AST-003961,0.0038689102162569513,0,0.0,0.0,0.0
AST-003962,0.012956985390979977,0,0.0,0.0,0.0
AST-003963,0.0545243171726434,0,0.0,0.0,0.0
AST-003964,0.11528892006197554,0,0.0,0.0,0.0
AST-003965,0.03321810677207267,0,0.0,0.0,0.0
AST-003966,0.06582055952192997,0,0.0,0.0,0.0
AST-003967,0.24125242877005496,1,156497.18250681032,42760.00014256367,11.84745145314836
AST-003968,0.2628556158674137,0,0.0,0.0,0.0
AST-003969,0.20437507564584254,0,0.0,0.0,0.0
AST-003970,0.13096247763734878,1,2088887.0554762457,721310.8326724404,3.292216795031256
AST-003971,0.07799351528886488,0,0.0,0.0,0.0
AST-003972,0.048632078145554654,0,0.0,0.0,0.0
AST-003973,0.032860838058352174,0,0.0,0.0,0.0
AST-003974,0.2839002419158624,0,0.0,0.0,0.0
AST-003975,0.06042497492173383,0,0.0,0.0,0.0
AST-003976,0.7544576680011317,1,1756063.563525137,650447.3622760172,3.269104895621458
AST-003977,0.007822961149117055,0,0.0,0.0,0.0
AST-003978,0.007158167454560258,0,0.0,0.0,0.0
AST-003979,0.06044267117392277,0,0.0,0.0,0.0
AST-003980,0.08660235419584361,0,0.0,0.0,0.0
AST-003981,0.04445134330904433,0,0.0,0.0,0.0
AST-003982,0.09470756019811792,1,2429970.6534680733,720652.3781732626,3.383353380058196
AST-003983,0.00999380843386737,0,0.0,0.0,0.0
AST-003984,0.02239669585771895,0,0.0,0.0,0.0
AST-003985,0.03146672421864954,0,0.0,0.0,0.0
AST-003986,0.01579994024241385,0,0.0,0.0,0.0
AST-003987,0.00436203277980678,0,0.0,0.0,0.0
AST-003988,0.03832662168017448,0,0.0,0.0,0.0
AST-003989,0.02093183895787909,0,0.0,0.0,0.0
AST-003990,0.0029357679943834633,0,0.0,0.0,0.0
AST-003991,0.1056196605597402,0,0.0,0.0,0.0
AST-003992,0.0383206629921839,0,0.0,0.0,0.0
AST-003993,0.006596153104015087,0,0.0,0.0,0.0
AST-003994,0.017964585022126743,0,0.0,0.0,0.0
AST-003995,0.0054953087912435646,0,0.0,0.0,0.0
AST-003996,0.5115185634084286,1,5416.804733019157,1940.8877798652704,42.331571597204544
AST-003997,0.03680139268092249,0,0.0,0.0,0.0
AST-003998,0.19647186024673693,0,0.0,0.0,0.0
AST-003999,0.0039023880080030727,0,0.0,0.0,0.0
AST-004000,0.010867128930383184,0,0.0,0.0,0.0
AST-004001,0.5689885605344325,0,0.0,0.0,0.0
AST-004002,0.24472117383090522,0,0.0,0.0,0.0
AST-004003,0.014056028928647444,0,0.0,0.0,0.0
AST-004004,0.24520626474906493,0,0.0,0.0,0.0
AST-004005,0.017315823099668746,0,0.0,0.0,0.0
AST-004006,0.22614573054428738,0,0.0,0.0,0.0
AST-004007,0.003509569924957077,0,0.0,0.0,0.0
AST-004008,0.005210629896110118,0,0.0,0.0,0.0
AST-004009,0.006033769152209952,0,0.0,0.0,0.0
AST-004010,0.06947893415183973,0,0.0,0.0,0.0
AST-004011,0.02418232016883645,0,0.0,0.0,0.0
AST-004012,0.003911831963454292,0,0.0,0.0,0.0
AST-004013,0.013307095385017332,0,0.0,0.0,0.0
AST-004014,0.19389638381046698,1,42353.77938089427,15073.654780074236,32.11037152372986
AST-004015,0.031233550010632678,0,0.0,0.0,0.0
AST-004016,0.3722766458899344,0,0.0,0.0,0.0
AST-004017,0.003065004001876208,0,0.0,0.0,0.0
AST-004018,0.3302506862650435,0,0.0,0.0,0.0
AST-004019,0.029472872503213857,0,0.0,0.0,0.0
AST-004020,0.08324023974173463,0,0.0,0.0,0.0
AST-004021,0.004678487523929937,0,0.0,0.0,0.0
AST-004022,0.051868087122054575,0,0.0,0.0,0.0
AST-004023,0.032624258603224855,0,0.0,0.0,0.0
AST-004024,0.013489983379826568,0,0.0,0.0,0.0
AST-004025,0.02373378927919127,0,0.0,0.0,0.0
AST-004026,0.06861992965300491,0,0.0,0.0,0.0
AST-004027,0.026286339756694834,0,0.0,0.0,0.0
AST-004028,0.03486413861104092,0,0.0,0.0,0.0
AST-004029,0.20246552359988576,0,0.0,0.0,0.0
AST-004030,0.033977055157479404,0,0.0,0.0,0.0
AST-004031,0.0030144172913911527,0,0.0,0.0,0.0
AST-004032,0.0035682007218935862,0,0.0,0.0,0.0
AST-004033,0.03228462445420116,0,0.0,0.0,0.0
AST-004034,0.05151885860885741,0,0.0,0.0,0.0
AST-004035,0.01132799338835562,0,0.0,0.0,0.0
AST-004036,0.006067727418738204,0,0.0,0.0,0.0
AST-004037,0.02216265955201752,0,0.0,0.0,0.0
AST-004038,0.008240044431810615,0,0.0,0.0,0.0
AST-004039,0.17359340297474862,0,0.0,0.0,0.0
AST-004040,0.02092813244865838,0,0.0,0.0,0.0
AST-004041,0.002619398267966208,0,0.0,0.0,0.0
AST-004042,0.04857556676550536,0,0.0,0.0,0.0
AST-004043,0.20877456626706287,0,0.0,0.0,0.0
AST-004044,0.004638592830253053,0,0.0,0.0,0.0
AST-004045,0.09538640514077008,0,0.0,0.0,0.0
AST-004046,0.008800404172359423,0,0.0,0.0,0.0
AST-004047,0.011155833689506471,0,0.0,0.0,0.0
AST-004048,0.020678724842667136,0,0.0,0.0,0.0
AST-004049,0.025095654329404964,0,0.0,0.0,0.0
AST-004050,0.2984977237674013,1,119906.74571157471,41893.27114526409,54.81825070358313
AST-004051,0.15834439203859008,0,0.0,0.0,0.0
AST-004052,0.039014080335759684,0,0.0,0.0,0.0
AST-004053,0.019299457238462436,0,0.0,0.0,0.0
AST-004054,0.020769893289143523,0,0.0,0.0,0.0
AST-004055,0.09334191457533583,0,0.0,0.0,0.0
AST-004056,0.02774917599253452,0,0.0,0.0,0.0
AST-004057,0.025848373240736133,0,0.0,0.0,0.0
AST-004058,0.003857378905008817,0,0.0,0.0,0.0
AST-004059,0.6649145746198567,0,0.0,0.0,0.0
AST-004060,0.08033044496277529,0,0.0,0.0,0.0
AST-004061,0.0096719171973484,0,0.0,0.0,0.0
AST-004062,0.004151476651555424,0,0.0,0.0,0.0
AST-004063,0.07102852626013083,0,0.0,0.0,0.0
AST-004064,0.010517228577706452,0,0.0,0.0,0.0
AST-004065,0.035057727789958325,0,0.0,0.0,0.0
AST-004066,0.015141225988675462,0,0.0,0.0,0.0
AST-004067,0.04162436652888435,0,0.0,0.0,0.0
AST-004068,0.0028500503532657246,0,0.0,0.0,0.0
AST-004069,0.006443036193713166,0,0.0,0.0,0.0
AST-004070,0.4977579621781578,0,0.0,0.0,0.0
AST-004071,0.014517283562422953,0,0.0,0.0,0.0
AST-004072,0.18043304529738857,1,56006.64980740948,12904.162469021838,26.715606137799078
AST-004073,0.004520163481585929,0,0.0,0.0,0.0
AST-004074,0.05460559471081473,0,0.0,0.0,0.0
AST-004075,0.0013034250897121836,0,0.0,0.0,0.0
AST-004076,0.07643779083574298,0,0.0,0.0,0.0
AST-004077,0.18616242849331394,0,0.0,0.0,0.0
AST-004078,0.04847176265660711,1,24628.378193305834,9834.056102724337,19.803798852061217
AST-004079,0.2237856921645833,0,0.0,0.0,0.0
AST-004080,0.005241026848552423,0,0.0,0.0,0.0
AST-004081,0.014567670725961164,0,0.0,0.0,0.0
AST-004082,0.7667725964262402,0,0.0,0.0,0.0
AST-004083,0.03265771522534687,0,0.0,0.0,0.0
AST-004084,0.04254845487122073,0,0.0,0.0,0.0
AST-004085,0.18985727706005812,0,0.0,0.0,0.0
AST-004086,0.006077661544354837,0,0.0,0.0,0.0
AST-004087,0.004933990719081609,0,0.0,0.0,0.0
AST-004088,0.0031301755740284344,0,0.0,0.0,0.0
AST-004089,0.0035515665155161106,0,0.0,0.0,0.0
AST-004090,0.01539543424164208,0,0.0,0.0,0.0
AST-004091,0.0031261114766223176,0,0.0,0.0,0.0
AST-004092,0.005276411970669435,0,0.0,0.0,0.0
AST-004093,0.04315259134662574,0,0.0,0.0,0.0
AST-004094,0.03286516305632718,0,0.0,0.0,0.0
AST-004095,0.15524014793268498,1,5000.0,1644.2733518667744,10.159830136460002
AST-004096,0.27930866394618065,0,0.0,0.0,0.0
AST-004097,0.027391448726418518,0,0.0,0.0,0.0
AST-004098,0.2362295033758633,0,0.0,0.0,0.0
AST-004099,0.016038449614519112,0,0.0,0.0,0.0
AST-004100,0.01251371458384837,0,0.0,0.0,0.0
AST-004101,0.01188254290935684,0,0.0,0.0,0.0
AST-004102,0.272516457631303,0,0.0,0.0,0.0
AST-004103,0.0015911611792487112,0,0.0,0.0,0.0
AST-004104,0.023783326856962266,0,0.0,0.0,0.0
AST-004105,0.25614036343921714,0,0.0,0.0,0.0
AST-004106,0.02723710072433025,0,0.0,0.0,0.0
AST-004107,0.023788922097750156,0,0.0,0.0,0.0
AST-004108,0.015517978038227914,0,0.0,0.0,0.0
AST-004109,0.2907565995304404,1,123069.6636590754,34718.39630725721,46.4621802768699
AST-004110,0.009523319476943853,0,0.0,0.0,0.0
AST-004111,0.0169128639703804,0,0.0,0.0,0.0
AST-004112,0.04329713298105508,0,0.0,0.0,0.0
AST-004113,0.002600041000390292,0,0.0,0.0,0.0
AST-004114,0.4356558420025952,1,51486.15489056727,6134.812628174073,0.5552713465418195
AST-004115,0.014735064738687794,0,0.0,0.0,0.0
AST-004116,0.007072581407514076,0,0.0,0.0,0.0
AST-004117,0.38538012122859566,1,123398.74302837448,28744.105795514763,3.4420592159719234
AST-004118,0.21859723696208785,0,0.0,0.0,0.0
AST-004119,0.13575216218222347,1,552759.1916672799,131743.41984466164,23.71531301522544
AST-004120,0.2515297933920337,0,0.0,0.0,0.0
AST-004121,0.06947050372160844,0,0.0,0.0,0.0
AST-004122,0.20512062358509037,0,0.0,0.0,0.0
AST-004123,0.017984216902106373,0,0.0,0.0,0.0
AST-004124,0.0021697691775562403,0,0.0,0.0,0.0
AST-004125,0.01865134903573681,0,0.0,0.0,0.0
AST-004126,0.03208619643058666,0,0.0,0.0,0.0
AST-004127,0.0294871497561022,0,0.0,0.0,0.0
AST-004128,0.0011701558815621297,0,0.0,0.0,0.0
AST-004129,0.17565817757082952,0,0.0,0.0,0.0
AST-004130,0.1939605490977618,0,0.0,0.0,0.0
AST-004131,0.01239032260650134,0,0.0,0.0,0.0
AST-004132,0.00859728272267269,0,0.0,0.0,0.0
AST-004133,0.021704877007905556,0,0.0,0.0,0.0
AST-004134,0.05599494317823413,0,0.0,0.0,0.0
AST-004135,0.17168651220951056,1,19355.878062966964,4478.496524559512,20.902895340039045
AST-004136,0.00854623206797689,0,0.0,0.0,0.0
AST-004137,0.03821165572596814,0,0.0,0.0,0.0
AST-004138,0.02573038926390979,0,0.0,0.0,0.0
AST-004139,0.5380723247728769,0,0.0,0.0,0.0
AST-004140,0.028069023252489556,0,0.0,0.0,0.0
AST-004141,0.03793474206811839,0,0.0,0.0,0.0
AST-004142,0.3986248141132916,0,0.0,0.0,0.0
AST-004143,0.19295820199859973,0,0.0,0.0,0.0
AST-004144,0.058053782857943576,0,0.0,0.0,0.0
AST-004145,0.18686708517389233,0,0.0,0.0,0.0
AST-004146,0.06093738640721333,0,0.0,0.0,0.0
AST-004147,0.022869712857946478,0,0.0,0.0,0.0
AST-004148,0.02517828933847783,0,0.0,0.0,0.0
AST-004149,0.011622777490558752,0,0.0,0.0,0.0
AST-004150,0.008671302374994814,0,0.0,0.0,0.0
AST-004151,0.0052324002841601085,0,0.0,0.0,0.0
AST-004152,0.06267988629639284,0,0.0,0.0,0.0
AST-004153,0.029215584510889448,0,0.0,0.0,0.0
AST-004154,0.06808093559361081,0,0.0,0.0,0.0
AST-004155,0.006008549451907934,0,0.0,0.0,0.0
AST-004156,0.01920250247832864,0,0.0,0.0,0.0
AST-004157,0.0033676184824238966,0,0.0,0.0,0.0
AST-004158,0.08499528156223633,0,0.0,0.0,0.0
AST-004159,0.024946660698523512,0,0.0,0.0,0.0
AST-004160,0.09443687968988264,0,0.0,0.0,0.0
AST-004161,0.004674109738207683,0,0.0,0.0,0.0
AST-004162,0.11862973414520354,0,0.0,0.0,0.0
AST-004163,0.01534328532944532,0,0.0,0.0,0.0
AST-004164,0.13881633708916594,1,208683.80005648377,58992.054194224474,10.986222512305492
AST-004165,0.1509160975988787,0,0.0,0.0,0.0
AST-004166,0.09678560147430507,0,0.0,0.0,0.0
AST-004167,0.010935306262354628,0,0.0,0.0,0.0
AST-004168,0.004736427670788309,0,0.0,0.0,0.0
AST-004169,0.3456840299736217,0,0.0,0.0,0.0
AST-004170,0.010212514524194378,0,0.0,0.0,0.0
AST-004171,0.021395997801754957,0,0.0,0.0,0.0
AST-004172,0.02042514259378721,0,0.0,0.0,0.0
AST-004173,0.06950858103944302,0,0.0,0.0,0.0
AST-004174,0.013486952357544008,0,0.0,0.0,0.0
AST-004175,0.011960985245154241,0,0.0,0.0,0.0
AST-004176,0.12477760542059402,0,0.0,0.0,0.0
AST-004177,0.021496726803597273,0,0.0,0.0,0.0
AST-004178,0.03609641416655327,0,0.0,0.0,0.0
AST-004179,0.017364707190805604,0,0.0,0.0,0.0
AST-004180,0.022380581957840293,0,0.0,0.0,0.0
AST-004181,0.10713604010990184,0,0.0,0.0,0.0
AST-004182,0.8254607108464531,1,280147.5147405114,65291.33894492677,5.580334090641771
AST-004183,0.0064315759767761774,0,0.0,0.0,0.0
AST-004184,0.009063423675896784,0,0.0,0.0,0.0
AST-004185,0.005752867550119681,0,0.0,0.0,0.0
AST-004186,0.3015012634539005,0,0.0,0.0,0.0
AST-004187,0.04290650739663331,0,0.0,0.0,0.0
AST-004188,0.05905940596689885,0,0.0,0.0,0.0
AST-004189,0.0036621006009859855,0,0.0,0.0,0.0
AST-004190,0.017647721366017673,0,0.0,0.0,0.0
AST-004191,0.019453444610504383,0,0.0,0.0,0.0
AST-004192,0.009304353476520007,0,0.0,0.0,0.0
AST-004193,0.0834604103750155,0,0.0,0.0,0.0
AST-004194,0.017929555730355942,0,0.0,0.0,0.0
AST-004195,0.0014137732153211096,0,0.0,0.0,0.0
AST-004196,0.049788163665134805,0,0.0,0.0,0.0
AST-004197,0.08009396369361736,0,0.0,0.0,0.0
AST-004198,0.009232116340746202,0,0.0,0.0,0.0
AST-004199,0.003129829565289206,0,0.0,0.0,0.0
AST-004200,0.08567828483513983,0,0.0,0.0,0.0
AST-004201,0.02968729251629098,0,0.0,0.0,0.0
AST-004202,0.006341215462935249,0,0.0,0.0,0.0
AST-004203,0.017107316906085433,0,0.0,0.0,0.0
AST-004204,0.007230181840310314,0,0.0,0.0,0.0
AST-004205,0.013608721310536373,0,0.0,0.0,0.0
AST-004206,0.008270625920141291,0,0.0,0.0,0.0
AST-004207,0.036108031938746225,0,0.0,0.0,0.0
AST-004208,0.002739373088335823,0,0.0,0.0,0.0
AST-004209,0.4047255193282763,0,0.0,0.0,0.0
AST-004210,0.07530730127730487,0,0.0,0.0,0.0
AST-004211,0.03414956681102888,0,0.0,0.0,0.0
AST-004212,0.08512366575366881,0,0.0,0.0,0.0
AST-004213,0.003676123975796739,0,0.0,0.0,0.0
AST-004214,0.02196555480268948,0,0.0,0.0,0.0
AST-004215,0.025666726747310815,0,0.0,0.0,0.0
AST-004216,0.039875109383265474,0,0.0,0.0,0.0
AST-004217,0.48754757644700264,1,54949.60949872817,9819.756898865935,10.158452438315186
AST-004218,0.10520439452530114,0,0.0,0.0,0.0
AST-004219,0.06074842246074269,0,0.0,0.0,0.0
AST-004220,0.04320052969948212,0,0.0,0.0,0.0
AST-004221,0.006678607388938758,0,0.0,0.0,0.0
AST-004222,0.011006548659191226,0,0.0,0.0,0.0
AST-004223,0.0751669999599223,0,0.0,0.0,0.0
AST-004224,0.01773432224060377,0,0.0,0.0,0.0
AST-004225,0.004297319116184036,0,0.0,0.0,0.0
AST-004226,0.3046821067444503,0,0.0,0.0,0.0
AST-004227,0.1269462700015776,0,0.0,0.0,0.0
AST-004228,0.06919532989795292,0,0.0,0.0,0.0
AST-004229,0.0037458385032533015,0,0.0,0.0,0.0
AST-004230,0.04115475377930818,0,0.0,0.0,0.0
AST-004231,0.09499945524022181,0,0.0,0.0,0.0
AST-004232,0.014281908096155675,0,0.0,0.0,0.0
AST-004233,0.17990199509289712,0,0.0,0.0,0.0
AST-004234,0.05392410354266494,0,0.0,0.0,0.0
AST-004235,0.007293846912674886,0,0.0,0.0,0.0
AST-004236,0.14458112896261885,0,0.0,0.0,0.0
AST-004237,0.01090861985827076,0,0.0,0.0,0.0
AST-004238,0.07542274558337961,0,0.0,0.0,0.0
AST-004239,0.02650068676981983,0,0.0,0.0,0.0
AST-004240,0.2984326706905601,0,0.0,0.0,0.0
AST-004241,0.033375104985049,0,0.0,0.0,0.0
AST-004242,0.5627585489409832,1,22451.968354479337,6534.774686481028,10.7526954222355
AST-004243,0.019804459247810137,0,0.0,0.0,0.0
AST-004244,0.004707499355341224,0,0.0,0.0,0.0
AST-004245,0.016812657246934176,0,0.0,0.0,0.0
AST-004246,0.0636643057886289,0,0.0,0.0,0.0
AST-004247,0.006830972725102844,0,0.0,0.0,0.0
AST-004248,0.004875074112417488,0,0.0,0.0,0.0
AST-004249,0.019568101214214133,0,0.0,0.0,0.0
AST-004250,0.03008165376275379,0,0.0,0.0,0.0
AST-004251,0.011318468495029828,0,0.0,0.0,0.0
AST-004252,0.07535057259843324,1,1866379.4424381768,580097.6200859164,28.414854276198184
AST-004253,0.01316550738929401,0,0.0,0.0,0.0
AST-004254,0.04193966119216834,0,0.0,0.0,0.0
AST-004255,0.008376193521059663,0,0.0,0.0,0.0
AST-004256,0.20301418868728474,1,336076.51593977783,91724.39943410453,24.086691983992463
AST-004257,0.00969132606182659,0,0.0,0.0,0.0
AST-004258,0.0183401734523451,0,0.0,0.0,0.0
AST-004259,0.07395349922528684,0,0.0,0.0,0.0
AST-004260,0.03036974619890535,0,0.0,0.0,0.0
AST-004261,0.03695002548541762,0,0.0,0.0,0.0
AST-004262,0.39356606988268483,0,0.0,0.0,0.0
AST-004263,0.00761428520167961,0,0.0,0.0,0.0
AST-004264,0.00645541836896958,0,0.0,0.0,0.0
AST-004265,0.0016902860255293486,0,0.0,0.0,0.0
AST-004266,0.011908824271176741,0,0.0,0.0,0.0
AST-004267,0.0027319001407232896,0,0.0,0.0,0.0
AST-004268,0.2004051410921619,0,0.0,0.0,0.0
AST-004269,0.00451334251121122,0,0.0,0.0,0.0
AST-004270,0.01118061233126438,0,0.0,0.0,0.0
AST-004271,0.003236508522847397,0,0.0,0.0,0.0
AST-004272,0.19212079883383965,1,118311.70048586743,43707.832616303705,11.216388962498396
AST-004273,0.014457787423193527,0,0.0,0.0,0.0
AST-004274,0.01295459744027951,0,0.0,0.0,0.0
AST-004275,0.03108410215606315,0,0.0,0.0,0.0
AST-004276,0.2537214731042643,1,229648.9837194816,79869.9491402014,42.37321624437567
AST-004277,0.06114703523206995,0,0.0,0.0,0.0
AST-004278,0.40718425713565737,1,25739.64891550083,4057.707023402222,102.57038771175749
AST-004279,0.006207294052317062,0,0.0,0.0,0.0
AST-004280,0.005627483716432646,0,0.0,0.0,0.0
AST-004281,0.01662779411764367,0,0.0,0.0,0.0
AST-004282,0.20766251854710988,1,169237.1124883164,53050.55680642606,36.98879568784554
AST-004283,0.02806082883360179,0,0.0,0.0,0.0
AST-004284,0.0030150361578000495,0,0.0,0.0,0.0
AST-004285,0.015996351340131314,0,0.0,0.0,0.0
AST-004286,0.015485866475143542,0,0.0,0.0,0.0
AST-004287,0.012274693347637136,0,0.0,0.0,0.0
AST-004288,0.0963679147155107,0,0.0,0.0,0.0
AST-004289,0.01593390719966054,0,0.0,0.0,0.0
AST-004290,0.1554574889797051,0,0.0,0.0,0.0
AST-004291,0.05059552151448028,0,0.0,0.0,0.0
AST-004292,0.0032487423957500493,0,0.0,0.0,0.0
AST-004293,0.056182273881640356,0,0.0,0.0,0.0
AST-004294,0.03558703379889295,0,0.0,0.0,0.0
AST-004295,0.06552239090570745,0,0.0,0.0,0.0
AST-004296,0.0521126875397048,0,0.0,0.0,0.0
AST-004297,0.026148303502597427,0,0.0,0.0,0.0
AST-004298,0.016853415679923794,0,0.0,0.0,0.0
AST-004299,0.0021466745210467833,0,0.0,0.0,0.0
AST-004300,0.19680765734044303,0,0.0,0.0,0.0
AST-004301,0.06664573211022636,0,0.0,0.0,0.0
AST-004302,0.009362652242338532,0,0.0,0.0,0.0
AST-004303,0.005907830973950198,0,0.0,0.0,0.0
AST-004304,0.016020589378115253,0,0.0,0.0,0.0
AST-004305,0.012385038208537487,0,0.0,0.0,0.0
AST-004306,0.003165627772114576,0,0.0,0.0,0.0
AST-004307,0.12342917970035858,0,0.0,0.0,0.0
AST-004308,0.012764641011646408,0,0.0,0.0,0.0
AST-004309,0.004306473310710724,0,0.0,0.0,0.0
AST-004310,0.02381606928706635,0,0.0,0.0,0.0
AST-004311,0.0021474447129506756,0,0.0,0.0,0.0
AST-004312,0.0396003465996357,0,0.0,0.0,0.0
AST-004313,0.02632287810563078,0,0.0,0.0,0.0
AST-004314,0.060063148946256015,1,518238.91837305494,131237.66523961903,97.05616892588974
AST-004315,0.011804848410775273,0,0.0,0.0,0.0
AST-004316,0.3980954586598055,1,42985.55629407215,14813.0307407746,80.32932575310012
AST-004317,0.0030973598198431036,0,0.0,0.0,0.0
AST-004318,0.18570341961618228,0,0.0,0.0,0.0
AST-004319,0.10244941234990196,0,0.0,0.0,0.0
AST-004320,0.2681096100190702,0,0.0,0.0,0.0
AST-004321,0.6258732097425341,0,0.0,0.0,0.0
AST-004322,0.006789924146918472,0,0.0,0.0,0.0
AST-004323,0.34497152769634276,1,151437.3401330345,35593.948035522444,12.929452339307762
AST-004324,0.06649958855370068,0,0.0,0.0,0.0
AST-004325,0.014514681514662205,0,0.0,0.0,0.0
AST-004326,0.012216465623578414,0,0.0,0.0,0.0
AST-004327,0.1403940696423224,0,0.0,0.0,0.0
AST-004328,0.017554818791056453,0,0.0,0.0,0.0
AST-004329,0.009290041058201795,0,0.0,0.0,0.0
AST-004330,0.019914925949700964,0,0.0,0.0,0.0
AST-004331,0.016345993596886092,0,0.0,0.0,0.0
AST-004332,0.507091232385502,1,737131.2770798648,191609.20431531622,3.415262777654813
AST-004333,0.03314150315182654,0,0.0,0.0,0.0
AST-004334,0.07869202308243041,0,0.0,0.0,0.0
AST-004335,0.007300358886196275,0,0.0,0.0,0.0
AST-004336,0.045211800458385035,0,0.0,0.0,0.0
AST-004337,0.013220188390459936,0,0.0,0.0,0.0
AST-004338,0.026140473407895586,1,208220.5136760774,52117.590213861105,339.76683682951005
AST-004339,0.020553522507848743,0,0.0,0.0,0.0
AST-004340,0.005912280973732622,0,0.0,0.0,0.0
AST-004341,0.03071827141108398,0,0.0,0.0,0.0
AST-004342,0.002136935204952896,0,0.0,0.0,0.0
AST-004343,0.017052118945588585,0,0.0,0.0,0.0
AST-004344,0.04647824529844985,0,0.0,0.0,0.0
AST-004345,0.015155374056453324,0,0.0,0.0,0.0
AST-004346,0.010126801431921262,0,0.0,0.0,0.0
AST-004347,0.03128885170527439,0,0.0,0.0,0.0
AST-004348,0.028729054410231165,0,0.0,0.0,0.0
AST-004349,0.008917617593890174,0,0.0,0.0,0.0
AST-004350,0.005242605845158565,0,0.0,0.0,0.0
AST-004351,0.041509492490685515,0,0.0,0.0,0.0
AST-004352,0.025973059288620287,0,0.0,0.0,0.0
AST-004353,0.006899724435059737,0,0.0,0.0,0.0
AST-004354,0.015040747908721825,0,0.0,0.0,0.0
AST-004355,0.004018582372131882,0,0.0,0.0,0.0
AST-004356,0.147141136370891,0,0.0,0.0,0.0
AST-004357,0.2670707252027121,0,0.0,0.0,0.0
AST-004358,0.04979763661631236,0,0.0,0.0,0.0
AST-004359,0.6970573075494502,0,0.0,0.0,0.0
AST-004360,0.05447533652919068,0,0.0,0.0,0.0
AST-004361,0.003324963516738947,0,0.0,0.0,0.0
AST-004362,0.013881628356958617,0,0.0,0.0,0.0
AST-004363,0.3426297577971051,0,0.0,0.0,0.0
AST-004364,0.009680513454182277,0,0.0,0.0,0.0
AST-004365,0.03608318938139413,0,0.0,0.0,0.0
AST-004366,0.026538403682809627,0,0.0,0.0,0.0
AST-004367,0.04421628807670841,0,0.0,0.0,0.0
AST-004368,0.004706053784458859,0,0.0,0.0,0.0
AST-004369,0.05187356823421667,0,0.0,0.0,0.0
AST-004370,0.23762197193185625,0,0.0,0.0,0.0
AST-004371,0.09821212673606784,0,0.0,0.0,0.0
AST-004372,0.010611292999990182,0,0.0,0.0,0.0
AST-004373,0.07505667638072065,0,0.0,0.0,0.0
AST-004374,0.01233442458057427,0,0.0,0.0,0.0
AST-004375,0.03781288367656578,0,0.0,0.0,0.0
AST-004376,0.0075183863164062555,0,0.0,0.0,0.0
AST-004377,0.009879791125121537,0,0.0,0.0,0.0
AST-004378,0.0038281766430594256,0,0.0,0.0,0.0
AST-004379,0.01631596327472048,0,0.0,0.0,0.0
AST-004380,0.13851160996039985,1,77496.58095455813,18794.11555704921,81.1173873947079
AST-004381,0.025764757426774018,0,0.0,0.0,0.0
AST-004382,0.0037242345209538867,0,0.0,0.0,0.0
AST-004383,0.043592331956171716,0,0.0,0.0,0.0
AST-004384,0.011162132243360693,0,0.0,0.0,0.0
AST-004385,0.024771057728695988,0,0.0,0.0,0.0
AST-004386,0.1641395315885263,0,0.0,0.0,0.0
AST-004387,0.002837025230028528,0,0.0,0.0,0.0
AST-004388,0.016332795284246665,0,0.0,0.0,0.0
AST-004389,0.028278189537775306,0,0.0,0.0,0.0
AST-004390,0.030009147078663465,0,0.0,0.0,0.0
AST-004391,0.09640590962956871,0,0.0,0.0,0.0
AST-004392,0.032675732573864906,0,0.0,0.0,0.0
AST-004393,0.3983833388214032,0,0.0,0.0,0.0
AST-004394,0.04492778398243815,0,0.0,0.0,0.0
AST-004395,0.023296627960747832,0,0.0,0.0,0.0
AST-004396,0.004725418432823593,0,0.0,0.0,0.0
AST-004397,0.025819810907225252,0,0.0,0.0,0.0
AST-004398,0.0032633957306800326,0,0.0,0.0,0.0
AST-004399,0.5043573971856162,1,182739.84390530843,61998.782987023806,42.616851578982846
AST-004400,0.2821795515690096,1,122049.52466523985,41852.27761083261,3.7364798904116334
AST-004401,0.03681347603794873,0,0.0,0.0,0.0
AST-004402,0.01080080322170159,0,0.0,0.0,0.0
AST-004403,0.01472823722348643,0,0.0,0.0,0.0
AST-004404,0.21166295347139918,1,9651.392835470273,2392.5808866243797,7.632970114445815
AST-004405,0.08657317486233719,1,564183.9584050316,158357.89058952924,65.29328894231809
AST-004406,0.015399292297413568,0,0.0,0.0,0.0
AST-004407,0.0029626505503747113,0,0.0,0.0,0.0
AST-004408,0.012532450621600648,0,0.0,0.0,0.0
AST-004409,0.002513107618176142,0,0.0,0.0,0.0
AST-004410,0.07631564560874474,0,0.0,0.0,0.0
AST-004411,0.007144509706587474,0,0.0,0.0,0.0
AST-004412,0.28468077719535906,0,0.0,0.0,0.0
AST-004413,0.0023766582886235225,0,0.0,0.0,0.0
AST-004414,0.016429206787049146,0,0.0,0.0,0.0
AST-004415,0.01930139922691964,0,0.0,0.0,0.0
AST-004416,0.2569336523280722,1,49580.58001361982,5882.8900253795755,3.548904693145646
AST-004417,0.0165731499055365,0,0.0,0.0,0.0
AST-004418,0.00601448893219162,0,0.0,0.0,0.0
AST-004419,0.012854291059393678,0,0.0,0.0,0.0
AST-004420,0.025227648240053753,0,0.0,0.0,0.0
AST-004421,0.006941610714684671,0,0.0,0.0,0.0
AST-004422,0.003663644822583056,0,0.0,0.0,0.0
AST-004423,0.05319305849291931,0,0.0,0.0,0.0
AST-004424,0.4673625199242011,0,0.0,0.0,0.0
AST-004425,0.021331324024249317,0,0.0,0.0,0.0
AST-004426,0.23984876382699463,0,0.0,0.0,0.0
AST-004427,0.12499846644046886,0,0.0,0.0,0.0
AST-004428,0.026756185477472667,0,0.0,0.0,0.0
AST-004429,0.12063879450535957,0,0.0,0.0,0.0
AST-004430,0.20693481492113963,0,0.0,0.0,0.0
AST-004431,0.05428041611516733,0,0.0,0.0,0.0
AST-004432,0.016415254842958905,0,0.0,0.0,0.0
AST-004433,0.06163459266513248,0,0.0,0.0,0.0
AST-004434,0.09325273509620197,0,0.0,0.0,0.0
AST-004435,0.011366083736671332,0,0.0,0.0,0.0
AST-004436,0.03100022841992931,0,0.0,0.0,0.0
AST-004437,0.12964684882989694,0,0.0,0.0,0.0
AST-004438,0.027539806350433897,0,0.0,0.0,0.0
AST-004439,0.10727849354319254,0,0.0,0.0,0.0
AST-004440,0.026052918804867094,0,0.0,0.0,0.0
AST-004441,0.020305373070602033,0,0.0,0.0,0.0
AST-004442,0.007404668409413211,0,0.0,0.0,0.0
AST-004443,0.016417279066484818,0,0.0,0.0,0.0
AST-004444,0.046749055909802495,0,0.0,0.0,0.0
AST-004445,0.00940087434379356,0,0.0,0.0,0.0
AST-004446,0.09367940791233907,0,0.0,0.0,0.0
AST-004447,0.0039038838323934397,0,0.0,0.0,0.0
AST-004448,0.013231283864238426,0,0.0,0.0,0.0
AST-004449,0.033362800368652266,1,704328.5094426059,113000.4554133979,2.7881997789877158
AST-004450,0.2626967681393679,0,0.0,0.0,0.0
AST-004451,0.02638467429702773,0,0.0,0.0,0.0
AST-004452,0.026175762039572434,0,0.0,0.0,0.0
AST-004453,0.7235788554727687,1,320957.70749562426,125143.07414411237,39.55984050115466
AST-004454,0.002961370749424239,0,0.0,0.0,0.0
AST-004455,0.009355081421503637,0,0.0,0.0,0.0
AST-004456,0.10389503546914058,0,0.0,0.0,0.0
AST-004457,0.16079188386899113,0,0.0,0.0,0.0
AST-004458,0.013434751074954326,0,0.0,0.0,0.0
AST-004459,0.0016932245192920828,0,0.0,0.0,0.0
AST-004460,0.015152907795598766,0,0.0,0.0,0.0
AST-004461,0.012141502227644452,0,0.0,0.0,0.0
AST-004462,0.0011695234299987747,0,0.0,0.0,0.0
AST-004463,0.005284147523144911,0,0.0,0.0,0.0
AST-004464,0.03247181707596159,0,0.0,0.0,0.0
AST-004465,0.43067130253168656,0,0.0,0.0,0.0
AST-004466,0.01574789729366026,0,0.0,0.0,0.0
AST-004467,0.011320939217264825,0,0.0,0.0,0.0
AST-004468,0.023257679020356248,0,0.0,0.0,0.0
AST-004469,0.020597461837617334,0,0.0,0.0,0.0
AST-004470,0.025897329840550026,0,0.0,0.0,0.0
AST-004471,0.00800641555820459,0,0.0,0.0,0.0
AST-004472,0.21847041205674053,0,0.0,0.0,0.0
AST-004473,0.027921144564541457,0,0.0,0.0,0.0
AST-004474,0.040302929988870306,0,0.0,0.0,0.0
AST-004475,0.005001574958439696,0,0.0,0.0,0.0
AST-004476,0.008930369848522125,0,0.0,0.0,0.0
AST-004477,0.008639343050517265,0,0.0,0.0,0.0
AST-004478,0.10063881233293144,0,0.0,0.0,0.0
AST-004479,0.001630821260253117,0,0.0,0.0,0.0
AST-004480,0.007245428809599064,0,0.0,0.0,0.0
AST-004481,0.0023208680891608673,0,0.0,0.0,0.0
AST-004482,0.13909024635627287,1,117575.94228462421,32581.414082883522,16.15189424923508
AST-004483,0.1674646493441976,0,0.0,0.0,0.0
AST-004484,0.07372512050278292,0,0.0,0.0,0.0
AST-004485,0.054976918502402244,0,0.0,0.0,0.0
AST-004486,0.009952874279874267,0,0.0,0.0,0.0
AST-004487,0.0053871116289050764,0,0.0,0.0,0.0
AST-004488,0.04499494888078908,0,0.0,0.0,0.0
AST-004489,0.14169477836807262,0,0.0,0.0,0.0
AST-004490,0.08952464500209104,0,0.0,0.0,0.0
AST-004491,0.0604523473488592,0,0.0,0.0,0.0
AST-004492,0.005714536536571815,0,0.0,0.0,0.0
AST-004493,0.23203648680510067,0,0.0,0.0,0.0
AST-004494,0.4725532175164008,0,0.0,0.0,0.0
AST-004495,0.27968180715678087,1,430140.1495909159,82190.04530935844,1.3014210473903458
AST-004496,0.10985614759891937,0,0.0,0.0,0.0
AST-004497,0.4188586505666774,0,0.0,0.0,0.0
AST-004498,0.020234515597362217,0,0.0,0.0,0.0
AST-004499,0.01285501374139771,0,0.0,0.0,0.0
AST-004500,0.018339249447709503,0,0.0,0.0,0.0
AST-004501,0.14104443112336723,1,22217.802287096914,2546.765494559909,27.23357420329777
AST-004502,0.005746578236734121,0,0.0,0.0,0.0
AST-004503,0.019028697064484932,0,0.0,0.0,0.0
AST-004504,0.0019549849750308316,0,0.0,0.0,0.0
AST-004505,0.011903242126053456,0,0.0,0.0,0.0
AST-004506,0.11516576860210455,0,0.0,0.0,0.0
AST-004507,0.0414362019642864,0,0.0,0.0,0.0
AST-004508,0.5137630608429551,0,0.0,0.0,0.0
AST-004509,0.09805978948675298,0,0.0,0.0,0.0
AST-004510,0.33840977230784625,0,0.0,0.0,0.0
AST-004511,0.010360676342118295,0,0.0,0.0,0.0
AST-004512,0.006364996390787825,0,0.0,0.0,0.0
AST-004513,0.0043553307157176676,0,0.0,0.0,0.0
AST-004514,0.01696659811408579,0,0.0,0.0,0.0
AST-004515,0.02220077100237029,0,0.0,0.0,0.0
AST-004516,0.31259223123066293,0,0.0,0.0,0.0
AST-004517,0.07376881143886946,0,0.0,0.0,0.0
AST-004518,0.023912657673315872,0,0.0,0.0,0.0
AST-004519,0.012058192372130565,0,0.0,0.0,0.0
AST-004520,0.0256278198767652,0,0.0,0.0,0.0
AST-004521,0.06220972247077997,0,0.0,0.0,0.0
AST-004522,0.13628050676843947,0,0.0,0.0,0.0
AST-004523,0.03528115265374157,0,0.0,0.0,0.0
AST-004524,0.020502348853303556,1,91747.63903788771,24048.996006588863,41.128526602126406
AST-004525,0.010898641649643668,0,0.0,0.0,0.0
AST-004526,0.3243434088383675,0,0.0,0.0,0.0
AST-004527,0.01544094770635251,0,0.0,0.0,0.0
AST-004528,0.010961299048032988,0,0.0,0.0,0.0
AST-004529,0.003459263795405764,0,0.0,0.0,0.0
AST-004530,0.013296176191516537,0,0.0,0.0,0.0
AST-004531,0.06367438810756082,0,0.0,0.0,0.0
AST-004532,0.004603467680214217,0,0.0,0.0,0.0
AST-004533,0.01612307149337061,0,0.0,0.0,0.0
AST-004534,0.013694972077839337,0,0.0,0.0,0.0
AST-004535,0.02933112523139349,0,0.0,0.0,0.0
AST-004536,0.02892690147816393,0,0.0,0.0,0.0
AST-004537,0.023922788786424422,0,0.0,0.0,0.0
AST-004538,0.506159777406431,1,355154.7754048877,62154.79172537192,85.24044022378388
AST-004539,0.38791119603888835,1,103642.4391283934,37732.00869612079,3.064530883710741
AST-004540,0.026036091140492226,0,0.0,0.0,0.0
AST-004541,0.035949066762636865,0,0.0,0.0,0.0
AST-004542,0.07703189363385363,1,687598.1574038584,142456.51917438128,0.5959928768419858
AST-004543,0.4958172338339269,1,479025.564000689,168100.29099236484,239.87710767663765
AST-004544,0.08948008878557423,0,0.0,0.0,0.0
AST-004545,0.004132812530873085,0,0.0,0.0,0.0
AST-004546,0.038521119329274246,0,0.0,0.0,0.0
AST-004547,0.03146428572667762,0,0.0,0.0,0.0
AST-004548,0.05797445496023797,0,0.0,0.0,0.0
AST-004549,0.024186651013953772,0,0.0,0.0,0.0
AST-004550,0.01152083716307223,0,0.0,0.0,0.0
AST-004551,0.0050667455292896105,0,0.0,0.0,0.0
AST-004552,0.021192557622063662,0,0.0,0.0,0.0
AST-004553,0.028431153988941655,0,0.0,0.0,0.0
AST-004554,0.0018759396564855845,0,0.0,0.0,0.0
AST-004555,0.050487071502025846,0,0.0,0.0,0.0
AST-004556,0.007169152090746678,0,0.0,0.0,0.0
AST-004557,0.10671991828097496,0,0.0,0.0,0.0
AST-004558,0.2857227460481096,1,43746.329522003216,10650.276833587215,0.4888364535113443
AST-004559,0.14705741874309572,0,0.0,0.0,0.0
AST-004560,0.004104000352576284,0,0.0,0.0,0.0
AST-004561,0.04817652713581335,0,0.0,0.0,0.0
AST-004562,0.646464926998178,0,0.0,0.0,0.0
AST-004563,0.016318304127896248,0,0.0,0.0,0.0
AST-004564,0.006634850477339208,0,0.0,0.0,0.0
AST-004565,0.010449568640397882,0,0.0,0.0,0.0
AST-004566,0.038304958197464906,0,0.0,0.0,0.0
AST-004567,0.002214723132085505,0,0.0,0.0,0.0
AST-004568,0.003817610362782251,0,0.0,0.0,0.0
AST-004569,0.004749351814382982,0,0.0,0.0,0.0
AST-004570,0.0138086081848466,0,0.0,0.0,0.0
AST-004571,0.014123530931088207,0,0.0,0.0,0.0
AST-004572,0.027984358344901587,0,0.0,0.0,0.0
AST-004573,0.016966509851181467,0,0.0,0.0,0.0
AST-004574,0.03375241944682642,0,0.0,0.0,0.0
AST-004575,0.008846572057473818,0,0.0,0.0,0.0
AST-004576,0.013310000450215317,0,0.0,0.0,0.0
AST-004577,0.028870422103547958,0,0.0,0.0,0.0
AST-004578,0.08360961396508997,0,0.0,0.0,0.0
AST-004579,0.10304886220962689,0,0.0,0.0,0.0
AST-004580,0.025052544562397756,0,0.0,0.0,0.0
AST-004581,0.2739592174678965,1,27725.554247731052,9284.601613988749,23.815652946579203
AST-004582,0.2617300083249205,0,0.0,0.0,0.0
AST-004583,0.020395411966696836,0,0.0,0.0,0.0
AST-004584,0.04193683907948059,0,0.0,0.0,0.0
AST-004585,0.05997688925482747,0,0.0,0.0,0.0
AST-004586,0.01422908405657428,0,0.0,0.0,0.0
AST-004587,0.03380832077255667,0,0.0,0.0,0.0
AST-004588,0.09734563148034947,0,0.0,0.0,0.0
AST-004589,0.03192642970730167,0,0.0,0.0,0.0
AST-004590,0.013594775277068769,0,0.0,0.0,0.0
AST-004591,0.875670460083461,1,81127.41141777017,24793.09464937833,0.3364736754291743
AST-004592,0.003244766556020303,0,0.0,0.0,0.0
AST-004593,0.004631823584836728,0,0.0,0.0,0.0
AST-004594,0.06878834595220211,0,0.0,0.0,0.0
AST-004595,0.027924275488221812,0,0.0,0.0,0.0
AST-004596,0.010278242520888372,0,0.0,0.0,0.0
AST-004597,0.034472952906026304,0,0.0,0.0,0.0
AST-004598,0.022479198492416,0,0.0,0.0,0.0
AST-004599,0.20396068803065412,0,0.0,0.0,0.0
AST-004600,0.005501200098867317,0,0.0,0.0,0.0
AST-004601,0.01210437949253809,0,0.0,0.0,0.0
AST-004602,0.0490473881544823,0,0.0,0.0,0.0
AST-004603,0.21104638901795159,0,0.0,0.0,0.0
AST-004604,0.021221574824416195,0,0.0,0.0,0.0
AST-004605,0.8838908070215353,0,0.0,0.0,0.0
AST-004606,0.007178041316215346,0,0.0,0.0,0.0
AST-004607,0.02008264117395574,0,0.0,0.0,0.0
AST-004608,0.07001790897954699,0,0.0,0.0,0.0
AST-004609,0.04450351639253532,0,0.0,0.0,0.0
AST-004610,0.014055043466187722,0,0.0,0.0,0.0
AST-004611,0.03440383111539411,0,0.0,0.0,0.0
AST-004612,0.009826639381711442,0,0.0,0.0,0.0
AST-004613,0.10338604574676169,0,0.0,0.0,0.0
AST-004614,0.01001713194380982,0,0.0,0.0,0.0
AST-004615,0.0386669089551593,0,0.0,0.0,0.0
AST-004616,0.015319060524601812,0,0.0,0.0,0.0
AST-004617,0.012685264422532717,0,0.0,0.0,0.0
AST-004618,0.015062301375395128,0,0.0,0.0,0.0
AST-004619,0.131722855954899,0,0.0,0.0,0.0
AST-004620,0.03340315983570065,0,0.0,0.0,0.0
AST-004621,0.024732675233288797,0,0.0,0.0,0.0
AST-004622,0.19781757295784386,0,0.0,0.0,0.0
AST-004623,0.025258216868579302,0,0.0,0.0,0.0
AST-004624,0.2813647609299797,0,0.0,0.0,0.0
AST-004625,0.00649512569244295,0,0.0,0.0,0.0
AST-004626,0.04672173668044502,0,0.0,0.0,0.0
AST-004627,0.003657417625524278,0,0.0,0.0,0.0
AST-004628,0.9292874001597656,1,50637.72432034996,19683.84152673671,20.347802805583658
AST-004629,0.013163230831166217,0,0.0,0.0,0.0
AST-004630,0.028711312927867407,0,0.0,0.0,0.0
AST-004631,0.009363088220706778,0,0.0,0.0,0.0
AST-004632,0.14234923504200028,0,0.0,0.0,0.0
AST-004633,0.01327482689773654,0,0.0,0.0,0.0
AST-004634,0.034036758552256664,0,0.0,0.0,0.0
AST-004635,0.401478475117046,1,29849.9192505442,3212.784914295605,20.888021699357054
AST-004636,0.0054515966661822625,0,0.0,0.0,0.0
AST-004637,0.014142240327973154,0,0.0,0.0,0.0
AST-004638,0.06748928472231519,0,0.0,0.0,0.0
AST-004639,0.003462954226008791,0,0.0,0.0,0.0
AST-004640,0.08535426156608195,0,0.0,0.0,0.0
AST-004641,0.010595223546327071,0,0.0,0.0,0.0
AST-004642,0.0031587428111378366,0,0.0,0.0,0.0
AST-004643,0.050205903204837275,0,0.0,0.0,0.0
AST-004644,0.020295906789379353,0,0.0,0.0,0.0
AST-004645,0.002343990820605802,0,0.0,0.0,0.0
AST-004646,0.010114910462274215,0,0.0,0.0,0.0
AST-004647,0.18875053664966798,0,0.0,0.0,0.0
AST-004648,0.01274373547952279,0,0.0,0.0,0.0
AST-004649,0.014449848395369317,0,0.0,0.0,0.0
AST-004650,0.027187689496874015,0,0.0,0.0,0.0
AST-004651,0.006699151809018084,0,0.0,0.0,0.0
AST-004652,0.003076431473432112,0,0.0,0.0,0.0
AST-004653,0.10659936763906712,0,0.0,0.0,0.0
AST-004654,0.014085318022654458,0,0.0,0.0,0.0
AST-004655,0.09325382265922487,1,140504.51187622725,18788.913128194123,116.24873816368554
AST-004656,0.029384918531107723,0,0.0,0.0,0.0
AST-004657,0.4775101044708241,0,0.0,0.0,0.0
AST-004658,0.060270314559348656,0,0.0,0.0,0.0
AST-004659,0.30905203939604503,0,0.0,0.0,0.0
AST-004660,0.05946515177509734,0,0.0,0.0,0.0
AST-004661,0.0023680490918595275,0,0.0,0.0,0.0
AST-004662,0.019525893504446085,0,0.0,0.0,0.0
AST-004663,0.003077136476942977,0,0.0,0.0,0.0
AST-004664,0.005020119982903541,0,0.0,0.0,0.0
AST-004665,0.019630192088286553,0,0.0,0.0,0.0
AST-004666,0.019504539793920323,0,0.0,0.0,0.0
AST-004667,0.0036296791401894306,0,0.0,0.0,0.0
AST-004668,0.2888547586106558,0,0.0,0.0,0.0
AST-004669,0.004509309558167181,0,0.0,0.0,0.0
AST-004670,0.04111916964847763,0,0.0,0.0,0.0
AST-004671,0.010487929601620644,0,0.0,0.0,0.0
AST-004672,0.4074651626538052,0,0.0,0.0,0.0
AST-004673,0.006035910378253537,0,0.0,0.0,0.0
AST-004674,0.040957901677351645,0,0.0,0.0,0.0
AST-004675,0.11073527999324388,1,1407325.8066036813,189029.9843491792,301.284296899792
AST-004676,0.040514350843098214,0,0.0,0.0,0.0
AST-004677,0.43326637469459184,1,79738.2797042965,8247.926336422923,60.114833678806136
AST-004678,0.016584659383256442,0,0.0,0.0,0.0
AST-004679,0.008845035121550382,0,0.0,0.0,0.0
AST-004680,0.002673138252727136,0,0.0,0.0,0.0
AST-004681,0.32186396450457017,0,0.0,0.0,0.0
AST-004682,0.27243377406094066,0,0.0,0.0,0.0
AST-004683,0.10431969420026764,0,0.0,0.0,0.0
AST-004684,0.1838028296875145,0,0.0,0.0,0.0
AST-004685,0.030285265969173667,0,0.0,0.0,0.0
AST-004686,0.0497604903264783,0,0.0,0.0,0.0
AST-004687,0.05510747024769049,0,0.0,0.0,0.0
AST-004688,0.34824315619106083,1,192807.8738910231,73922.2131567053,16.823523845470056
AST-004689,0.02316288093742621,0,0.0,0.0,0.0
AST-004690,0.0015240439473884245,0,0.0,0.0,0.0
AST-004691,0.02810943734481602,0,0.0,0.0,0.0
AST-004692,0.025347528874788448,0,0.0,0.0,0.0
AST-004693,0.040636067296893716,0,0.0,0.0,0.0
AST-004694,0.008314794630701148,0,0.0,0.0,0.0
AST-004695,0.043118836450535485,0,0.0,0.0,0.0
AST-004696,0.061061494216350765,0,0.0,0.0,0.0
AST-004697,0.001949641850905877,0,0.0,0.0,0.0
AST-004698,0.1500481699183617,0,0.0,0.0,0.0
AST-004699,0.004388949662446588,0,0.0,0.0,0.0
AST-004700,0.015796065041654823,0,0.0,0.0,0.0
AST-004701,0.17929448398375547,0,0.0,0.0,0.0
AST-004702,0.061723226657179886,0,0.0,0.0,0.0
AST-004703,0.0009133742019660805,0,0.0,0.0,0.0
AST-004704,0.005956441659826381,0,0.0,0.0,0.0
AST-004705,0.10987517746173067,0,0.0,0.0,0.0
AST-004706,0.05714438387326925,0,0.0,0.0,0.0
AST-004707,0.015462427561967718,0,0.0,0.0,0.0
AST-004708,0.07002522184514537,0,0.0,0.0,0.0
AST-004709,0.014679743162721555,0,0.0,0.0,0.0
AST-004710,0.006040186968115371,0,0.0,0.0,0.0
AST-004711,0.009621756567729668,0,0.0,0.0,0.0
AST-004712,0.010217830631981572,0,0.0,0.0,0.0
AST-004713,0.06915093327319512,0,0.0,0.0,0.0
AST-004714,0.01050017885155519,0,0.0,0.0,0.0
AST-004715,0.017932057924500592,0,0.0,0.0,0.0
AST-004716,0.03963298405290732,0,0.0,0.0,0.0
AST-004717,0.07848234969210784,0,0.0,0.0,0.0
AST-004718,0.03031548628065356,0,0.0,0.0,0.0
AST-004719,0.00863197337828615,0,0.0,0.0,0.0
AST-004720,0.016871684812484404,0,0.0,0.0,0.0
AST-004721,0.5301801019443133,1,117593.18610347825,15307.604472630057,50.274059006943254
AST-004722,0.143965047013943,0,0.0,0.0,0.0
AST-004723,0.0064532604252934755,0,0.0,0.0,0.0
AST-004724,0.07736283606057028,0,0.0,0.0,0.0
AST-004725,0.13057706562134067,0,0.0,0.0,0.0
AST-004726,0.32141735248081466,0,0.0,0.0,0.0
AST-004727,0.034600873277003286,0,0.0,0.0,0.0
AST-004728,0.8617725352344595,0,0.0,0.0,0.0
AST-004729,0.41013734210557623,1,91047.32215067306,28714.101337815133,45.389713488549475
AST-004730,0.11854230061652356,0,0.0,0.0,0.0
AST-004731,0.005316630912140336,0,0.0,0.0,0.0
AST-004732,0.013682819626781416,0,0.0,0.0,0.0
AST-004733,0.18878130636084609,0,0.0,0.0,0.0
AST-004734,0.011033210794967174,0,0.0,0.0,0.0
AST-004735,0.5867377292685979,0,0.0,0.0,0.0
AST-004736,0.06254472613562236,0,0.0,0.0,0.0
AST-004737,0.011860973390423057,0,0.0,0.0,0.0
AST-004738,0.17219780170587928,0,0.0,0.0,0.0
AST-004739,0.03460301571334626,0,0.0,0.0,0.0
AST-004740,0.007319225520784769,0,0.0,0.0,0.0
AST-004741,0.17350381023090727,1,814508.5962595555,269957.5416846051,6.108934563668396
AST-004742,0.004842211970404069,0,0.0,0.0,0.0
AST-004743,0.01579736888189248,1,9039.2741796401,1083.76893511899,9.758714026328756
AST-004744,0.07862026923430288,0,0.0,0.0,0.0
AST-004745,0.012006258607724432,0,0.0,0.0,0.0
AST-004746,0.00653485934782789,0,0.0,0.0,0.0
AST-004747,0.04619184346663146,0,0.0,0.0,0.0
AST-004748,0.02823429809466283,0,0.0,0.0,0.0
AST-004749,0.014818176185397916,0,0.0,0.0,0.0
AST-004750,0.02038536787550707,0,0.0,0.0,0.0
AST-004751,0.017788448297878623,0,0.0,0.0,0.0
AST-004752,0.07311819437644057,0,0.0,0.0,0.0
AST-004753,0.05877019356193461,0,0.0,0.0,0.0
AST-004754,0.00532724085490831,0,0.0,0.0,0.0
AST-004755,0.0037151139304249497,0,0.0,0.0,0.0
AST-004756,0.021657565794818104,0,0.0,0.0,0.0
AST-004757,0.04832462599920859,0,0.0,0.0,0.0
AST-004758,0.06376636722185783,0,0.0,0.0,0.0
AST-004759,0.1252606203417377,0,0.0,0.0,0.0
AST-004760,0.0951541595459905,1,31324.88456517927,12092.524820232715,167.68521518285058
AST-004761,0.22448191551182065,1,206176.14047225812,21946.37272191552,66.63068696195475
AST-004762,0.003963990835569076,0,0.0,0.0,0.0
AST-004763,0.021841811245016635,0,0.0,0.0,0.0
AST-004764,0.2964022531333198,1,97192.39320192725,19262.469080228217,86.16291768411222
AST-004765,0.06489379527015197,0,0.0,0.0,0.0
AST-004766,0.02049259580226174,0,0.0,0.0,0.0
AST-004767,0.2564458711111894,0,0.0,0.0,0.0
AST-004768,0.04904956618332203,0,0.0,0.0,0.0
AST-004769,0.05812728292407056,0,0.0,0.0,0.0
AST-004770,0.299869890105896,0,0.0,0.0,0.0
AST-004771,0.005391518438661306,0,0.0,0.0,0.0
AST-004772,0.007828420746990358,0,0.0,0.0,0.0
AST-004773,0.24725044337867147,0,0.0,0.0,0.0
AST-004774,0.031096734988299672,0,0.0,0.0,0.0
AST-004775,0.48584540367305806,0,0.0,0.0,0.0
AST-004776,0.04988542554966957,0,0.0,0.0,0.0
AST-004777,0.001270900505588894,0,0.0,0.0,0.0
AST-004778,0.03487392808942838,0,0.0,0.0,0.0
AST-004779,0.02951992326663974,0,0.0,0.0,0.0
AST-004780,0.1024271447075224,0,0.0,0.0,0.0
AST-004781,0.01075391862785493,0,0.0,0.0,0.0
AST-004782,0.13667003934550795,0,0.0,0.0,0.0
AST-004783,0.021327027285720387,0,0.0,0.0,0.0
AST-004784,0.007023178335975305,0,0.0,0.0,0.0
AST-004785,0.0892794093779081,0,0.0,0.0,0.0
AST-004786,0.010073866203978397,0,0.0,0.0,0.0
AST-004787,0.1742420926216942,0,0.0,0.0,0.0
AST-004788,0.025887077021982705,0,0.0,0.0,0.0
AST-004789,0.014806771874546076,0,0.0,0.0,0.0
AST-004790,0.00810975730551603,0,0.0,0.0,0.0
AST-004791,0.024680016723867586,0,0.0,0.0,0.0
AST-004792,0.008785536437122567,0,0.0,0.0,0.0
AST-004793,0.014793963236426247,0,0.0,0.0,0.0
AST-004794,0.20089316617497532,0,0.0,0.0,0.0
AST-004795,0.26354803131588067,0,0.0,0.0,0.0
AST-004796,0.01633714111830701,0,0.0,0.0,0.0
AST-004797,0.1626476222881953,0,0.0,0.0,0.0
AST-004798,0.038973126624066025,0,0.0,0.0,0.0
AST-004799,0.0219042691900418,1,177867.401611009,64873.00615557567,7.400292884622839
AST-004800,0.016564310054544246,0,0.0,0.0,0.0
AST-004801,0.012190270364670798,0,0.0,0.0,0.0
AST-004802,0.005836086877425769,0,0.0,0.0,0.0
AST-004803,0.30812871911830014,0,0.0,0.0,0.0
AST-004804,0.07478276689232338,0,0.0,0.0,0.0
AST-004805,0.3819805740802746,0,0.0,0.0,0.0
AST-004806,0.09680130087505248,0,0.0,0.0,0.0
AST-004807,0.0019741662598626755,0,0.0,0.0,0.0
AST-004808,0.01583523436462978,0,0.0,0.0,0.0
AST-004809,0.01395040734312936,0,0.0,0.0,0.0
AST-004810,0.032718456134501674,0,0.0,0.0,0.0
AST-004811,0.703133910219141,0,0.0,0.0,0.0
AST-004812,0.010114577813529759,0,0.0,0.0,0.0
AST-004813,0.013410401352948546,0,0.0,0.0,0.0
AST-004814,0.12107828965726969,0,0.0,0.0,0.0
AST-004815,0.08185881127777635,0,0.0,0.0,0.0
AST-004816,0.23167965778617125,1,8271.395211922601,3058.4350334796836,70.36509266382964
AST-004817,0.026644268690012567,0,0.0,0.0,0.0
AST-004818,0.46487963874101734,1,38966.47293742106,10961.552868200788,2.1844613344203827
AST-004819,0.00408126323207998,0,0.0,0.0,0.0
AST-004820,0.42841907830634524,1,84312.07907263884,30322.98289564598,14.508517559001806
AST-004821,0.016378625363112735,0,0.0,0.0,0.0
AST-004822,0.27235146379823644,0,0.0,0.0,0.0
AST-004823,0.10120037292675371,0,0.0,0.0,0.0
AST-004824,0.015025685716295648,0,0.0,0.0,0.0
AST-004825,0.020103654114021763,0,0.0,0.0,0.0
AST-004826,0.004414691564111641,0,0.0,0.0,0.0
AST-004827,0.013522698177553815,0,0.0,0.0,0.0
AST-004828,0.027060637944028576,0,0.0,0.0,0.0
AST-004829,0.009191056664384195,0,0.0,0.0,0.0
AST-004830,0.013170680663134964,0,0.0,0.0,0.0
AST-004831,0.04366402135450825,0,0.0,0.0,0.0
AST-004832,0.055265407521162116,0,0.0,0.0,0.0
AST-004833,0.002847927721693788,0,0.0,0.0,0.0
AST-004834,0.18959739540102077,0,0.0,0.0,0.0
AST-004835,0.006428528115856804,0,0.0,0.0,0.0
AST-004836,0.359485098989577,0,0.0,0.0,0.0
AST-004837,0.03698882328842235,0,0.0,0.0,0.0
AST-004838,0.020140329459834478,0,0.0,0.0,0.0
AST-004839,0.02539463524763052,0,0.0,0.0,0.0
AST-004840,0.02149088577696072,0,0.0,0.0,0.0
AST-004841,0.21569706733884356,0,0.0,0.0,0.0
AST-004842,0.01774080601322202,0,0.0,0.0,0.0
AST-004843,0.02022567592749426,0,0.0,0.0,0.0
AST-004844,0.006204723907282979,0,0.0,0.0,0.0
AST-004845,0.2502125327522814,1,13894320.178291265,4951726.4652802255,14.713302147738613
AST-004846,0.004046184914770602,0,0.0,0.0,0.0
AST-004847,0.007697749871701532,0,0.0,0.0,0.0
AST-004848,0.010034302666180212,0,0.0,0.0,0.0
AST-004849,0.014926431313975093,0,0.0,0.0,0.0
AST-004850,0.01888753838680248,0,0.0,0.0,0.0
AST-004851,0.07630507691225506,0,0.0,0.0,0.0
AST-004852,0.007694142013187411,0,0.0,0.0,0.0
AST-004853,0.004248894081413026,0,0.0,0.0,0.0
AST-004854,0.003633057345384592,0,0.0,0.0,0.0
AST-004855,0.011020752396101412,0,0.0,0.0,0.0
AST-004856,0.8831947029218228,1,18285.729741487306,4424.711855004664,52.94779012865189
AST-004857,0.06595811139576004,0,0.0,0.0,0.0
AST-004858,0.008841130491148413,0,0.0,0.0,0.0
AST-004859,0.007000370287463377,0,0.0,0.0,0.0
AST-004860,0.012648774823974055,0,0.0,0.0,0.0
AST-004861,0.10877028841299323,0,0.0,0.0,0.0
AST-004862,0.005368558289124308,0,0.0,0.0,0.0
AST-004863,0.004163408857884944,0,0.0,0.0,0.0
AST-004864,0.2592475242120267,1,470816.58333113824,106166.87622359561,78.07949330422655
AST-004865,0.06642049716743716,0,0.0,0.0,0.0
AST-004866,0.002747229106584878,0,0.0,0.0,0.0
AST-004867,0.014292346204161858,0,0.0,0.0,0.0
AST-004868,0.002004627576073826,0,0.0,0.0,0.0
AST-004869,0.006205080091838303,0,0.0,0.0,0.0
AST-004870,0.0025110721466400612,0,0.0,0.0,0.0
AST-004871,0.10219554609696589,0,0.0,0.0,0.0
AST-004872,0.08308957163763381,0,0.0,0.0,0.0
AST-004873,0.09372634160228606,0,0.0,0.0,0.0
AST-004874,0.008992302321841523,0,0.0,0.0,0.0
AST-004875,0.30844649480288067,1,1590331.185881021,220023.21278408315,11.421804846003417
AST-004876,0.12896911563978272,0,0.0,0.0,0.0
AST-004877,0.2600106818707076,0,0.0,0.0,0.0
AST-004878,0.9396324927812034,1,364170.13332807133,46959.59370344471,41.02765964587528
AST-004879,0.006488383688805977,0,0.0,0.0,0.0
AST-004880,0.01523287357751699,0,0.0,0.0,0.0
AST-004881,0.035250488747796294,0,0.0,0.0,0.0
AST-004882,0.006235634075721588,0,0.0,0.0,0.0
AST-004883,0.3540734416196563,0,0.0,0.0,0.0
AST-004884,0.02107143314961203,0,0.0,0.0,0.0
AST-004885,0.05071768031725406,0,0.0,0.0,0.0
AST-004886,0.2471241813638251,0,0.0,0.0,0.0
AST-004887,0.3919003954944024,1,650965.152653116,220541.1596418908,39.425318121811884
AST-004888,0.10504548655969538,0,0.0,0.0,0.0
AST-004889,0.022251743354151376,0,0.0,0.0,0.0
AST-004890,0.48610939976747175,0,0.0,0.0,0.0
AST-004891,0.010241716067623441,0,0.0,0.0,0.0
AST-004892,0.003044088653126491,0,0.0,0.0,0.0
AST-004893,0.014750185865141374,0,0.0,0.0,0.0
AST-004894,0.014227488703832244,0,0.0,0.0,0.0
AST-004895,0.012486415942711142,0,0.0,0.0,0.0
AST-004896,0.005051772683458298,0,0.0,0.0,0.0
AST-004897,0.007504832642734047,0,0.0,0.0,0.0
AST-004898,0.052996640701118494,0,0.0,0.0,0.0
AST-004899,0.004149941211292531,0,0.0,0.0,0.0
AST-004900,0.00896404899741522,0,0.0,0.0,0.0
AST-004901,0.0055743014701294625,0,0.0,0.0,0.0
AST-004902,0.2134240805907886,1,6383488.415257991,1329761.445179275,8.468984818714237
AST-004903,0.4441990147576686,1,510691.1767821599,59765.036949903384,19.8032648269567
AST-004904,0.024187708543081783,0,0.0,0.0,0.0
AST-004905,0.15638569386491477,1,15671.0754887355,3903.732531899222,10.136738936811108
AST-004906,0.501519376131238,0,0.0,0.0,0.0
AST-004907,0.01698041127594321,0,0.0,0.0,0.0
AST-004908,0.06352362782631288,0,0.0,0.0,0.0
AST-004909,0.003710897239984964,0,0.0,0.0,0.0
AST-004910,0.037672741673206854,0,0.0,0.0,0.0
AST-004911,0.0037774177425434203,0,0.0,0.0,0.0
AST-004912,0.05390416042271313,0,0.0,0.0,0.0
AST-004913,0.005928034323344715,0,0.0,0.0,0.0
AST-004914,0.05314966564725007,0,0.0,0.0,0.0
AST-004915,0.1653744497244732,0,0.0,0.0,0.0
AST-004916,0.06202025306041475,0,0.0,0.0,0.0
AST-004917,0.008233798312635796,0,0.0,0.0,0.0
AST-004918,0.04544738711593561,0,0.0,0.0,0.0
AST-004919,0.004401329500908242,0,0.0,0.0,0.0
AST-004920,0.016241714492211203,0,0.0,0.0,0.0
AST-004921,0.2080873936536399,0,0.0,0.0,0.0
AST-004922,0.19805808591970522,0,0.0,0.0,0.0
AST-004923,0.006872847181590812,0,0.0,0.0,0.0
AST-004924,0.5257210013729511,0,0.0,0.0,0.0
AST-004925,0.3495228413163566,1,15920.529248947169,2529.265227875349,17.300657347971004
AST-004926,0.003436451985961429,0,0.0,0.0,0.0
AST-004927,0.36296954507639495,0,0.0,0.0,0.0
AST-004928,0.0032978150088766693,0,0.0,0.0,0.0
AST-004929,0.29495869566340965,1,991559.5615930565,343489.7701755518,22.58260748935075
AST-004930,0.7931189879618628,1,127772.85710556562,23987.23582675909,94.80834253712261
AST-004931,0.02353826121943357,0,0.0,0.0,0.0
AST-004932,0.03192484667562148,0,0.0,0.0,0.0
AST-004933,0.17756346998847128,0,0.0,0.0,0.0
AST-004934,0.24549684894872806,0,0.0,0.0,0.0
AST-004935,0.2986628890629736,1,62020.67444316398,22988.469374085085,25.44357316840356
AST-004936,0.010751340718043328,0,0.0,0.0,0.0
AST-004937,0.006942497112104479,0,0.0,0.0,0.0
AST-004938,0.0023055607738312507,0,0.0,0.0,0.0
AST-004939,0.06457179676134932,1,18431.058215001205,3399.23021701414,86.0479486337716
AST-004940,0.030252452950705572,0,0.0,0.0,0.0
AST-004941,0.1376832043553517,1,44384.49298648328,16417.70368703661,3.1469672782339293
AST-004942,0.1667210570414478,0,0.0,0.0,0.0
AST-004943,0.0028689031168183244,0,0.0,0.0,0.0
AST-004944,0.010312890439904262,0,0.0,0.0,0.0
AST-004945,0.0025773018441571744,0,0.0,0.0,0.0
AST-004946,0.08214337744564204,0,0.0,0.0,0.0
AST-004947,0.007637694308291422,0,0.0,0.0,0.0
AST-004948,0.011619610438348214,0,0.0,0.0,0.0
AST-004949,0.6878058143727631,1,107212.36330099666,20773.926172038075,4.267596471292326
AST-004950,0.0033650501285457865,0,0.0,0.0,0.0
AST-004951,0.20285471115210263,0,0.0,0.0,0.0
AST-004952,0.21590744712482854,0,0.0,0.0,0.0
AST-004953,0.1377295343732694,1,3541107.0913403565,1101994.4047312986,75.34650850389522
AST-004954,0.01914490161065223,0,0.0,0.0,0.0
AST-004955,0.00974090029911513,0,0.0,0.0,0.0
AST-004956,0.16080581332964067,0,0.0,0.0,0.0
AST-004957,0.4171527919531621,1,240050.50551824976,89811.65745422887,1.7535686580055296
AST-004958,0.09646689113314613,0,0.0,0.0,0.0
AST-004959,0.022457219005695524,0,0.0,0.0,0.0
AST-004960,0.018672067940344334,0,0.0,0.0,0.0
AST-004961,0.01872098802729687,0,0.0,0.0,0.0
AST-004962,0.016623899171640196,0,0.0,0.0,0.0
AST-004963,0.19531028740604814,0,0.0,0.0,0.0
AST-004964,0.0033655507782044945,0,0.0,0.0,0.0
AST-004965,0.019322736337974378,0,0.0,0.0,0.0
AST-004966,0.04586949527103854,0,0.0,0.0,0.0
AST-004967,0.38688325654202105,1,14923.782039726402,2976.4733372361297,4.980982160176449
AST-004968,0.014824139005227267,0,0.0,0.0,0.0
AST-004969,0.018352805152244887,0,0.0,0.0,0.0
AST-004970,0.026378078310944603,0,0.0,0.0,0.0
AST-004971,0.3019158108127028,1,22054.819147054328,3216.864711267634,180.0650692888367
AST-004972,0.12648281004365733,0,0.0,0.0,0.0
AST-004973,0.21679917627790912,0,0.0,0.0,0.0
AST-004974,0.053926085426161126,0,0.0,0.0,0.0
AST-004975,0.239023713589704,1,244686.67294658505,40797.76278838883,25.10278443397005
AST-004976,0.027237964174854586,0,0.0,0.0,0.0
AST-004977,0.2374898495902081,0,0.0,0.0,0.0
AST-004978,0.03968437041803413,0,0.0,0.0,0.0
AST-004979,0.0018838471099913959,0,0.0,0.0,0.0
AST-004980,0.5961155869163587,0,0.0,0.0,0.0
AST-004981,0.018095331225514127,0,0.0,0.0,0.0
AST-004982,0.3605541985575487,1,115070.87967475141,20211.932761890297,3.8350584541258828
AST-004983,0.02135792789913589,0,0.0,0.0,0.0
AST-004984,0.01566021661297048,0,0.0,0.0,0.0
AST-004985,0.13793465509665664,0,0.0,0.0,0.0
AST-004986,0.0751892480823225,0,0.0,0.0,0.0
AST-004987,0.002609801084407566,0,0.0,0.0,0.0
AST-004988,0.2613992765475567,1,98935.01502856349,15379.868189623234,22.465425654675695
AST-004989,0.032718302391521424,0,0.0,0.0,0.0
AST-004990,0.3210097384488037,0,0.0,0.0,0.0
AST-004991,0.01011786449591947,0,0.0,0.0,0.0
AST-004992,0.015289658506409502,0,0.0,0.0,0.0
AST-004993,0.5686496482645976,1,4183592.38489748,783806.5255147072,46.194113623607564
AST-004994,0.22951833415434947,0,0.0,0.0,0.0
AST-004995,0.005710727357159082,0,0.0,0.0,0.0
AST-004996,0.10009782612996906,0,0.0,0.0,0.0
AST-004997,0.2099970754217726,0,0.0,0.0,0.0
AST-004998,0.02055929536825922,0,0.0,0.0,0.0
AST-004999,0.0750237257647111,0,0.0,0.0,0.0
AST-005000,0.013166821093786148,0,0.0,0.0,0.0
AST-005001,0.035550843646708456,0,0.0,0.0,0.0
AST-005002,0.003952556259449712,0,0.0,0.0,0.0
AST-005003,0.5118302108711416,1,4487347.203977715,1554826.2179161827,10.968834974632736
AST-005004,0.014817183223194266,0,0.0,0.0,0.0
AST-005005,0.03814654240725716,0,0.0,0.0,0.0
AST-005006,0.04544223813473406,0,0.0,0.0,0.0
AST-005007,0.03284352916791925,0,0.0,0.0,0.0
AST-005008,0.006139313253022746,0,0.0,0.0,0.0
AST-005009,0.04792669386390249,0,0.0,0.0,0.0
AST-005010,0.028085705099357008,0,0.0,0.0,0.0
AST-005011,0.017891798561689515,0,0.0,0.0,0.0
AST-005012,0.05431358209174915,0,0.0,0.0,0.0
AST-005013,0.024301928141643062,0,0.0,0.0,0.0
AST-005014,0.02181842810218182,0,0.0,0.0,0.0
AST-005015,0.02077311803571566,0,0.0,0.0,0.0
AST-005016,0.011011387123313352,0,0.0,0.0,0.0
AST-005017,0.00716090970617432,0,0.0,0.0,0.0
AST-005018,0.027212846953161052,0,0.0,0.0,0.0
AST-005019,0.009522370943880703,0,0.0,0.0,0.0
AST-005020,0.608163229180791,1,66830.6619076864,22705.164946108616,12.763306116904808
AST-005021,0.24585905356735893,0,0.0,0.0,0.0
AST-005022,0.022738266588581687,0,0.0,0.0,0.0
AST-005023,0.011807588611033442,0,0.0,0.0,0.0
AST-005024,0.004158416905281987,0,0.0,0.0,0.0
AST-005025,0.008101218203213472,0,0.0,0.0,0.0
AST-005026,0.03522903662862051,0,0.0,0.0,0.0
AST-005027,0.010499682051147926,0,0.0,0.0,0.0
AST-005028,0.45845096863536494,0,0.0,0.0,0.0
AST-005029,0.005405052322555374,0,0.0,0.0,0.0
AST-005030,0.03676674197232173,0,0.0,0.0,0.0
AST-005031,0.03408497285384292,0,0.0,0.0,0.0
AST-005032,0.2527711526803121,1,115733.69513544065,36850.16380222764,65.22310388482025
AST-005033,0.03371047766308514,0,0.0,0.0,0.0
AST-005034,0.02387354486937206,0,0.0,0.0,0.0
AST-005035,0.0072879323646069544,0,0.0,0.0,0.0
AST-005036,0.02669447877378451,0,0.0,0.0,0.0
AST-005037,0.003680855878305849,0,0.0,0.0,0.0
AST-005038,0.10056752751856167,1,70196.68512696949,21006.459972761342,26.6122391888524
AST-005039,0.0008745513187787907,0,0.0,0.0,0.0
AST-005040,0.004958453105291244,0,0.0,0.0,0.0
AST-005041,0.2901732208819745,1,491561.1112416244,187804.36668640532,25.40730392858621
AST-005042,0.15816925726957012,0,0.0,0.0,0.0
AST-005043,0.8868439317167095,0,0.0,0.0,0.0
AST-005044,0.009711653250719864,0,0.0,0.0,0.0
AST-005045,0.06930069264585846,0,0.0,0.0,0.0
AST-005046,0.01077902791141944,0,0.0,0.0,0.0
AST-005047,0.10540547486281787,0,0.0,0.0,0.0
AST-005048,0.016965377947052735,0,0.0,0.0,0.0
AST-005049,0.0067155665707206245,0,0.0,0.0,0.0
AST-005050,0.007187446688108353,0,0.0,0.0,0.0
AST-005051,0.0023409524554645566,0,0.0,0.0,0.0
AST-005052,0.16204896067460745,0,0.0,0.0,0.0
AST-005053,0.006691645658292438,0,0.0,0.0,0.0
AST-005054,0.005012892390914283,0,0.0,0.0,0.0
AST-005055,0.005577884530011708,0,0.0,0.0,0.0
AST-005056,0.011814949836884353,1,221475.7738846788,87606.47636828995,185.7935264427611
AST-005057,0.6670929465231534,1,646482.2966166522,195974.7417922225,46.000453480371355
AST-005058,0.16370653765541587,0,0.0,0.0,0.0
AST-005059,0.9292692758987974,1,22355.055248859564,4620.067257346445,11.220097623703198
AST-005060,0.2773023997620602,0,0.0,0.0,0.0
AST-005061,0.0211113064935192,0,0.0,0.0,0.0
AST-005062,0.029759194565043983,0,0.0,0.0,0.0
AST-005063,0.04013109565166723,0,0.0,0.0,0.0
AST-005064,0.0337271576832546,0,0.0,0.0,0.0
AST-005065,0.00844405783519789,0,0.0,0.0,0.0
AST-005066,0.016965920094277217,0,0.0,0.0,0.0
AST-005067,0.016083548435892152,0,0.0,0.0,0.0
AST-005068,0.009750019244669133,0,0.0,0.0,0.0
AST-005069,0.10290618539695284,0,0.0,0.0,0.0
AST-005070,0.31981453245619784,1,170861.51813500878,56523.66166780012,2.5203480349873537
AST-005071,0.005796608660630192,0,0.0,0.0,0.0
AST-005072,0.008351442960918378,0,0.0,0.0,0.0
AST-005073,0.3283571916652512,0,0.0,0.0,0.0
AST-005074,0.26152032599706715,0,0.0,0.0,0.0
AST-005075,0.0016517067491082695,0,0.0,0.0,0.0
AST-005076,0.10955920360020452,0,0.0,0.0,0.0
AST-005077,0.016488684726925378,0,0.0,0.0,0.0
AST-005078,0.01988967587306896,0,0.0,0.0,0.0
AST-005079,0.037424257687819144,0,0.0,0.0,0.0
AST-005080,0.009238186480113392,0,0.0,0.0,0.0
AST-005081,0.01201049373289311,0,0.0,0.0,0.0
AST-005082,0.010682395129563814,0,0.0,0.0,0.0
AST-005083,0.03462608238200473,0,0.0,0.0,0.0
AST-005084,0.019701268452084857,0,0.0,0.0,0.0
AST-005085,0.00865103130184147,0,0.0,0.0,0.0
AST-005086,0.07411829448330089,0,0.0,0.0,0.0
AST-005087,0.01655570481155659,0,0.0,0.0,0.0
AST-005088,0.0040378267722326975,0,0.0,0.0,0.0
AST-005089,0.3977228392569636,1,132891.95859959908,18859.17743088521,1.5593317489638379
AST-005090,0.006603492426136296,0,0.0,0.0,0.0
AST-005091,0.008812267582141346,0,0.0,0.0,0.0
AST-005092,0.015179797405128896,0,0.0,0.0,0.0
AST-005093,0.0027043217653495402,0,0.0,0.0,0.0
AST-005094,0.33566461308388357,0,0.0,0.0,0.0
AST-005095,0.15868129505682924,0,0.0,0.0,0.0
AST-005096,0.0450646340985577,0,0.0,0.0,0.0
AST-005097,0.15123489639740245,0,0.0,0.0,0.0
AST-005098,0.011032844528931846,0,0.0,0.0,0.0
AST-005099,0.3003806806047332,1,3081780.85743734,796469.921047762,6.925299552800984
AST-005100,0.00767891813442408,0,0.0,0.0,0.0
AST-005101,0.02014729763627509,0,0.0,0.0,0.0
AST-005102,0.002435383029967329,0,0.0,0.0,0.0
AST-005103,0.05039467301401566,0,0.0,0.0,0.0
AST-005104,0.2450687724169059,0,0.0,0.0,0.0
AST-005105,0.022933103353321098,0,0.0,0.0,0.0
AST-005106,0.036768764748420155,0,0.0,0.0,0.0
AST-005107,0.18908212405650665,0,0.0,0.0,0.0
AST-005108,0.01729147639718521,0,0.0,0.0,0.0
AST-005109,0.5051922355464709,1,74308.44906008024,10865.114627748586,163.62949701591486
AST-005110,0.8462030090324163,1,72831.51860487233,28523.351496349387,17.54630029119309
AST-005111,0.047457614228300846,0,0.0,0.0,0.0
AST-005112,0.004816417003493577,0,0.0,0.0,0.0
AST-005113,0.003207035300972397,0,0.0,0.0,0.0
AST-005114,0.004722019134037411,0,0.0,0.0,0.0
AST-005115,0.0679918942797693,0,0.0,0.0,0.0
AST-005116,0.005007274040218068,0,0.0,0.0,0.0
AST-005117,0.6721011831040431,0,0.0,0.0,0.0
AST-005118,0.0025710362016856158,0,0.0,0.0,0.0
AST-005119,0.02187141174737263,0,0.0,0.0,0.0
AST-005120,0.5292232210881106,1,197480.5405627996,41010.84581294599,9.467049782214918
AST-005121,0.12113828480253995,0,0.0,0.0,0.0
AST-005122,0.026239438562483546,0,0.0,0.0,0.0
AST-005123,0.07314808328799915,0,0.0,0.0,0.0
AST-005124,0.02723347390166171,0,0.0,0.0,0.0
AST-005125,0.018951095153003732,0,0.0,0.0,0.0
AST-005126,0.011641461737218169,0,0.0,0.0,0.0
AST-005127,0.021385277633305586,0,0.0,0.0,0.0
AST-005128,0.007508163524343316,0,0.0,0.0,0.0
AST-005129,0.01163559836550576,0,0.0,0.0,0.0
AST-005130,0.012038519392379337,0,0.0,0.0,0.0
AST-005131,0.5840471782548203,1,46650.569027478916,10028.216380263342,9.684751685558897
AST-005132,0.00299249567522951,0,0.0,0.0,0.0
AST-005133,0.3134575067367458,1,671658.2242280332,94579.2977960897,34.77243495210455
AST-005134,0.018476920942330027,0,0.0,0.0,0.0
AST-005135,0.005552869033242509,0,0.0,0.0,0.0
AST-005136,0.014115921146294135,0,0.0,0.0,0.0
AST-005137,0.13031593073369538,0,0.0,0.0,0.0
AST-005138,0.03139781100638689,0,0.0,0.0,0.0
AST-005139,0.11328803432105948,1,138373.42045980354,19554.20500101052,10.338404004002694
AST-005140,0.03389426068751193,0,0.0,0.0,0.0
AST-005141,0.13123007655813054,0,0.0,0.0,0.0
AST-005142,0.02558205189266803,0,0.0,0.0,0.0
AST-005143,0.010082150837200515,0,0.0,0.0,0.0
AST-005144,0.009659310725006231,0,0.0,0.0,0.0
AST-005145,0.00575661538880119,0,0.0,0.0,0.0
AST-005146,0.05061001491764797,0,0.0,0.0,0.0
AST-005147,0.025160834706108113,0,0.0,0.0,0.0
AST-005148,0.009969672725642814,0,0.0,0.0,0.0
AST-005149,0.04068090425016106,0,0.0,0.0,0.0
AST-005150,0.0038361655138566095,0,0.0,0.0,0.0
AST-005151,0.0015583006174819374,0,0.0,0.0,0.0
AST-005152,0.009214440726155548,0,0.0,0.0,0.0
AST-005153,0.10498259435670132,0,0.0,0.0,0.0
AST-005154,0.07239977795712646,0,0.0,0.0,0.0
AST-005155,0.02117020230230877,0,0.0,0.0,0.0
AST-005156,0.03484346613988564,0,0.0,0.0,0.0
AST-005157,0.04168416222130253,0,0.0,0.0,0.0
AST-005158,0.31413339493703285,0,0.0,0.0,0.0
AST-005159,0.009974181718659157,0,0.0,0.0,0.0
AST-005160,0.009962480061848704,0,0.0,0.0,0.0
AST-005161,0.07227243631716486,0,0.0,0.0,0.0
AST-005162,0.0044312349261534534,0,0.0,0.0,0.0
AST-005163,0.713620481539173,1,24045.62807044678,4186.905928304824,80.9787532688255
AST-005164,0.06215557051524953,0,0.0,0.0,0.0
AST-005165,0.003246944618788746,0,0.0,0.0,0.0
AST-005166,0.13508008630905305,0,0.0,0.0,0.0
AST-005167,0.06789737929165143,0,0.0,0.0,0.0
AST-005168,0.09034892905644838,0,0.0,0.0,0.0
AST-005169,0.03903483450076049,0,0.0,0.0,0.0
AST-005170,0.006174249923024752,0,0.0,0.0,0.0
AST-005171,0.2380765084814561,0,0.0,0.0,0.0
AST-005172,0.005779149130577197,0,0.0,0.0,0.0
AST-005173,0.03853124060196626,0,0.0,0.0,0.0
AST-005174,0.03681398786299351,0,0.0,0.0,0.0
AST-005175,0.012150657355374213,0,0.0,0.0,0.0
AST-005176,0.02451106722172267,0,0.0,0.0,0.0
AST-005177,0.01751485230965438,0,0.0,0.0,0.0
AST-005178,0.011466561405984574,0,0.0,0.0,0.0
AST-005179,0.00325573445318115,0,0.0,0.0,0.0
AST-005180,0.053805282689500654,0,0.0,0.0,0.0
AST-005181,0.004727552508335564,0,0.0,0.0,0.0
AST-005182,0.002320605977176231,0,0.0,0.0,0.0
AST-005183,0.016115590844636967,0,0.0,0.0,0.0
AST-005184,0.01767851555105066,0,0.0,0.0,0.0
AST-005185,0.02706277639424865,0,0.0,0.0,0.0
AST-005186,0.013427011484473375,0,0.0,0.0,0.0
AST-005187,0.007176857361026275,0,0.0,0.0,0.0
AST-005188,0.7465571854438308,1,133149.0992799208,49061.58364455549,1.7065371857700962
AST-005189,0.02795193369587056,0,0.0,0.0,0.0
AST-005190,0.018332733709077495,0,0.0,0.0,0.0
AST-005191,0.03538288875204787,0,0.0,0.0,0.0
AST-005192,0.08208120519001366,0,0.0,0.0,0.0
AST-005193,0.16641657107204774,0,0.0,0.0,0.0
AST-005194,0.10678013986555811,0,0.0,0.0,0.0
AST-005195,0.008799735863573627,0,0.0,0.0,0.0
AST-005196,0.09252709934204242,0,0.0,0.0,0.0
AST-005197,0.4212128578218818,0,0.0,0.0,0.0
AST-005198,0.025614388106163268,0,0.0,0.0,0.0
AST-005199,0.002818637118208894,0,0.0,0.0,0.0
AST-005200,0.16362099936793975,1,327245.39180000604,33356.832186322965,9.607085379338631
AST-005201,0.0038836968290229534,0,0.0,0.0,0.0
AST-005202,0.017896929802495014,0,0.0,0.0,0.0
AST-005203,0.062144214728653197,0,0.0,0.0,0.0
AST-005204,0.044855236643568594,0,0.0,0.0,0.0
AST-005205,0.006892804222880657,0,0.0,0.0,0.0
AST-005206,0.27194844893951264,0,0.0,0.0,0.0
AST-005207,0.0883992035172681,0,0.0,0.0,0.0
AST-005208,0.011923049590347042,0,0.0,0.0,0.0
AST-005209,0.00858157428765795,0,0.0,0.0,0.0
AST-005210,0.02379994823228786,0,0.0,0.0,0.0
AST-005211,0.004915106479063049,0,0.0,0.0,0.0
AST-005212,0.07146845149660187,0,0.0,0.0,0.0
AST-005213,0.002226013030177987,0,0.0,0.0,0.0
AST-005214,0.21696662307296807,1,133855.6487991959,15848.040791492918,27.881554277039918
AST-005215,0.16681645349886975,0,0.0,0.0,0.0
AST-005216,0.014925943399963944,0,0.0,0.0,0.0
AST-005217,0.009146109055250165,0,0.0,0.0,0.0
AST-005218,0.11314750337008427,0,0.0,0.0,0.0
AST-005219,0.1841157239292326,0,0.0,0.0,0.0
AST-005220,0.040178715686649276,0,0.0,0.0,0.0
AST-005221,0.02555559191467689,0,0.0,0.0,0.0
AST-005222,0.043884119557951975,0,0.0,0.0,0.0
AST-005223,0.018117933604852202,0,0.0,0.0,0.0
AST-005224,0.014993712532453364,0,0.0,0.0,0.0
AST-005225,0.03247479288137409,0,0.0,0.0,0.0
AST-005226,0.01134048941420987,0,0.0,0.0,0.0
AST-005227,0.10465858718878472,0,0.0,0.0,0.0
AST-005228,0.004676832220449611,0,0.0,0.0,0.0
AST-005229,0.06291118339941543,0,0.0,0.0,0.0
AST-005230,0.026048758790351585,0,0.0,0.0,0.0
AST-005231,0.0011345936608880163,0,0.0,0.0,0.0
AST-005232,0.23039244897812328,1,5199.461206542881,1254.166214434514,96.64431139879781
AST-005233,0.017487810602956934,0,0.0,0.0,0.0
AST-005234,0.11615264846519024,0,0.0,0.0,0.0
AST-005235,0.16667143325444725,1,237798.5735191452,55064.8809693757,20.62920977659185
AST-005236,0.00527018909179174,0,0.0,0.0,0.0
AST-005237,0.008837010648416714,0,0.0,0.0,0.0
AST-005238,0.022168202293335635,0,0.0,0.0,0.0
AST-005239,0.008735060957287806,0,0.0,0.0,0.0
AST-005240,0.048401331353586916,0,0.0,0.0,0.0
AST-005241,0.048014268404389056,0,0.0,0.0,0.0
AST-005242,0.006256892900529877,0,0.0,0.0,0.0
AST-005243,0.0807215698073963,0,0.0,0.0,0.0
AST-005244,0.015939418917769656,0,0.0,0.0,0.0
AST-005245,0.02721516880737019,0,0.0,0.0,0.0
AST-005246,0.0078528310081708,0,0.0,0.0,0.0
AST-005247,0.021546403042552346,0,0.0,0.0,0.0
AST-005248,0.22158365086389284,0,0.0,0.0,0.0
AST-005249,0.1226711291929886,0,0.0,0.0,0.0
AST-005250,0.033340928825003356,0,0.0,0.0,0.0
AST-005251,0.32779843956658383,1,23398.411461183045,3750.880039040664,6.253217901909183
AST-005252,0.004666877953749897,0,0.0,0.0,0.0
AST-005253,0.003486882972002485,0,0.0,0.0,0.0
AST-005254,0.8099048666494779,1,367079.01836384885,123440.80797931767,6.256531391924403
AST-005255,0.003425308044563692,0,0.0,0.0,0.0
AST-005256,0.025256491069867226,0,0.0,0.0,0.0
AST-005257,0.11022072873889881,0,0.0,0.0,0.0
AST-005258,0.022824918481714872,0,0.0,0.0,0.0
AST-005259,0.02414348081366104,0,0.0,0.0,0.0
AST-005260,0.0244282335562678,0,0.0,0.0,0.0
AST-005261,0.2790385600425756,0,0.0,0.0,0.0
AST-005262,0.19578225038333102,0,0.0,0.0,0.0
AST-005263,0.03700671976189611,0,0.0,0.0,0.0
AST-005264,0.029496629970410984,0,0.0,0.0,0.0
AST-005265,0.20370104336143427,0,0.0,0.0,0.0
AST-005266,0.06448536809895751,1,911608.2804771296,259054.02273177853,156.69763075211654
AST-005267,0.09498863655446842,0,0.0,0.0,0.0
AST-005268,0.004780042128335672,0,0.0,0.0,0.0
AST-005269,0.010992072053555343,0,0.0,0.0,0.0
AST-005270,0.007893369315231028,0,0.0,0.0,0.0
AST-005271,0.1748509913298863,0,0.0,0.0,0.0
AST-005272,0.030619672473587448,0,0.0,0.0,0.0
AST-005273,0.10631623655938151,0,0.0,0.0,0.0
AST-005274,0.07846411289048741,0,0.0,0.0,0.0
AST-005275,0.010114072884350626,0,0.0,0.0,0.0
AST-005276,0.610682276692586,1,572931.0536873882,109836.9795830514,36.2018370589124
AST-005277,0.03321393054747141,0,0.0,0.0,0.0
AST-005278,0.016210157124436766,0,0.0,0.0,0.0
AST-005279,0.026683647733860408,0,0.0,0.0,0.0
AST-005280,0.01105213681518232,0,0.0,0.0,0.0
AST-005281,0.0035114831884453584,0,0.0,0.0,0.0
AST-005282,0.004541955388073344,0,0.0,0.0,0.0
AST-005283,0.08836863340306794,0,0.0,0.0,0.0
AST-005284,0.011989643518657873,0,0.0,0.0,0.0
AST-005285,0.03515427386446443,0,0.0,0.0,0.0
AST-005286,0.05249784551616958,0,0.0,0.0,0.0
AST-005287,0.39535234125121044,1,1237532.6410560976,276058.5823345913,131.18706093057003
AST-005288,0.044359691307973924,0,0.0,0.0,0.0
AST-005289,0.17404327408602976,0,0.0,0.0,0.0
AST-005290,0.016805968711182714,0,0.0,0.0,0.0
AST-005291,0.217859112340429,1,1485216.128557179,323854.6009675747,11.826424691260025
AST-005292,0.17974447876754854,0,0.0,0.0,0.0
AST-005293,0.05503292073025426,0,0.0,0.0,0.0
AST-005294,0.3218205290616823,1,2764465.6781056025,761966.5962628279,30.008088963378142
AST-005295,0.030630251646379555,0,0.0,0.0,0.0
AST-005296,0.16793407744768873,0,0.0,0.0,0.0
AST-005297,0.007733027043494722,0,0.0,0.0,0.0
AST-005298,0.06616439640286281,0,0.0,0.0,0.0
AST-005299,0.032612026014937026,0,0.0,0.0,0.0
AST-005300,0.006287810830826355,0,0.0,0.0,0.0
AST-005301,0.09314655339568677,0,0.0,0.0,0.0
AST-005302,0.008020681002819332,0,0.0,0.0,0.0
AST-005303,0.04507304437703195,0,0.0,0.0,0.0
AST-005304,0.23683341427904986,1,346062.0094367452,99184.30856151164,39.92838038661385
AST-005305,0.15590923374385832,0,0.0,0.0,0.0
AST-005306,0.011157398622003592,0,0.0,0.0,0.0
AST-005307,0.004224614255178618,0,0.0,0.0,0.0
AST-005308,0.029035984822376848,0,0.0,0.0,0.0
AST-005309,0.6996964968215466,0,0.0,0.0,0.0
AST-005310,0.3866112744241925,1,322455.5188646688,109353.10235129595,14.906422125120953
AST-005311,0.6565553392440272,1,5484673.390031017,1517247.9100853817,34.919089333562766
AST-005312,0.011934138770788796,0,0.0,0.0,0.0
AST-005313,0.01063402192362547,0,0.0,0.0,0.0
AST-005314,0.013648207662425065,0,0.0,0.0,0.0
AST-005315,0.0057535049995607705,0,0.0,0.0,0.0
AST-005316,0.04092223745541497,0,0.0,0.0,0.0
AST-005317,0.008530844620912437,0,0.0,0.0,0.0
AST-005318,0.5259331008959975,1,154531.7294008213,25820.93013955981,32.03803139843874
AST-005319,0.10981555490927476,1,171168.26043028536,61255.23606058867,67.15750770680569
AST-005320,0.12627906267143416,0,0.0,0.0,0.0
AST-005321,0.027046743325021202,0,0.0,0.0,0.0
AST-005322,0.0316679933189177,0,0.0,0.0,0.0
AST-005323,0.016574132935937826,0,0.0,0.0,0.0
AST-005324,0.15224221538635424,0,0.0,0.0,0.0
AST-005325,0.01124581970039998,0,0.0,0.0,0.0
AST-005326,0.21222123521617797,0,0.0,0.0,0.0
AST-005327,0.009297189687565946,0,0.0,0.0,0.0
AST-005328,0.12400043255225601,0,0.0,0.0,0.0
AST-005329,0.09941061358513682,0,0.0,0.0,0.0
AST-005330,0.002264785008988345,0,0.0,0.0,0.0
AST-005331,0.08604116879376074,0,0.0,0.0,0.0
AST-005332,0.07940493999250724,0,0.0,0.0,0.0
AST-005333,0.014611855682178975,0,0.0,0.0,0.0
AST-005334,0.005866776273017032,0,0.0,0.0,0.0
AST-005335,0.034239333385577206,0,0.0,0.0,0.0
AST-005336,0.025551480254261114,0,0.0,0.0,0.0
AST-005337,0.008341448604291191,0,0.0,0.0,0.0
AST-005338,0.008348292270963804,0,0.0,0.0,0.0
AST-005339,0.028070623843763323,0,0.0,0.0,0.0
AST-005340,0.09409290280292383,0,0.0,0.0,0.0
AST-005341,0.010084420961329953,0,0.0,0.0,0.0
AST-005342,0.04749404889063201,0,0.0,0.0,0.0
AST-005343,0.10699137347437271,0,0.0,0.0,0.0
AST-005344,0.4710909134610252,1,735330.5017363784,95716.9718162653,0.4217381540608903
AST-005345,0.0147678061142756,0,0.0,0.0,0.0
AST-005346,0.08142324694221496,0,0.0,0.0,0.0
AST-005347,0.375135802228352,0,0.0,0.0,0.0
AST-005348,0.01944565959719975,0,0.0,0.0,0.0
AST-005349,0.0033718615668312927,0,0.0,0.0,0.0
AST-005350,0.07016002442796565,0,0.0,0.0,0.0
AST-005351,0.010760126156841092,0,0.0,0.0,0.0
AST-005352,0.06999255257742862,0,0.0,0.0,0.0
AST-005353,0.005502380183233066,0,0.0,0.0,0.0
AST-005354,0.023036313121673736,0,0.0,0.0,0.0
AST-005355,0.04342065774344473,0,0.0,0.0,0.0
AST-005356,0.21972316070802753,0,0.0,0.0,0.0
AST-005357,0.0040667336386552635,0,0.0,0.0,0.0
AST-005358,0.017155704507832697,0,0.0,0.0,0.0
AST-005359,0.04234507188790873,0,0.0,0.0,0.0
AST-005360,0.009647868661751735,0,0.0,0.0,0.0
AST-005361,0.05154569472573195,0,0.0,0.0,0.0
AST-005362,0.016279050947170942,0,0.0,0.0,0.0
AST-005363,0.5846200937873594,1,6036468.495822246,874314.5011817312,47.17461382719284
AST-005364,0.02466606869321987,0,0.0,0.0,0.0
AST-005365,0.017497258104094523,0,0.0,0.0,0.0
AST-005366,0.004609720482630807,0,0.0,0.0,0.0
AST-005367,0.0368244287400737,0,0.0,0.0,0.0
AST-005368,0.004460248722351234,0,0.0,0.0,0.0
AST-005369,0.026146909584065427,0,0.0,0.0,0.0
AST-005370,0.023622801588728072,0,0.0,0.0,0.0
AST-005371,0.006421123884772211,0,0.0,0.0,0.0
AST-005372,0.03384145062672787,0,0.0,0.0,0.0
AST-005373,0.008553131044370594,0,0.0,0.0,0.0
AST-005374,0.08085357820636566,0,0.0,0.0,0.0
AST-005375,0.04702992902931055,0,0.0,0.0,0.0
AST-005376,0.025974829288145332,0,0.0,0.0,0.0
AST-005377,0.20095100252094203,0,0.0,0.0,0.0
AST-005378,0.3038906653750548,0,0.0,0.0,0.0
AST-005379,0.18746580634219837,0,0.0,0.0,0.0
AST-005380,0.0026413762975462172,0,0.0,0.0,0.0
AST-005381,0.011248905995308419,0,0.0,0.0,0.0
AST-005382,0.017496949402821652,0,0.0,0.0,0.0
AST-005383,0.0612457826020908,0,0.0,0.0,0.0
AST-005384,0.28643214947640483,1,36189.60625694018,3890.8058419156255,12.639032296417836
AST-005385,0.009000250308709355,0,0.0,0.0,0.0
AST-005386,0.14012156522378913,0,0.0,0.0,0.0
AST-005387,0.03780738232868656,0,0.0,0.0,0.0
AST-005388,0.03882298667153936,0,0.0,0.0,0.0
AST-005389,0.7677511432722829,1,254066.65829344883,91306.94076830488,137.97729234750938
AST-005390,0.09031362185601652,0,0.0,0.0,0.0
AST-005391,0.1891159101366229,0,0.0,0.0,0.0
AST-005392,0.0317343571649628,0,0.0,0.0,0.0
AST-005393,0.04376573518462308,0,0.0,0.0,0.0
AST-005394,0.8022837319746338,1,58766.995058252964,20288.545439750913,19.92452476013902
AST-005395,0.11428903200772218,0,0.0,0.0,0.0
AST-005396,0.08851397690201832,1,58103.52927851005,16793.613078636165,35.67145080577109
AST-005397,0.018613353561109342,0,0.0,0.0,0.0
AST-005398,0.019457718727093405,1,345103.823919312,94532.42915230323,39.06787077612409
AST-005399,0.2189768664985355,0,0.0,0.0,0.0
AST-005400,0.3328103020516351,1,418808.26515384775,142136.99368007533,21.442431551169587
AST-005401,0.006284077178169743,0,0.0,0.0,0.0
AST-005402,0.3127157944202627,0,0.0,0.0,0.0
AST-005403,0.5196279913017537,0,0.0,0.0,0.0
AST-005404,0.02611989785170047,0,0.0,0.0,0.0
AST-005405,0.07546632098315038,0,0.0,0.0,0.0
AST-005406,0.23863327508095705,0,0.0,0.0,0.0
AST-005407,0.008756989093210583,0,0.0,0.0,0.0
AST-005408,0.013899133303779785,0,0.0,0.0,0.0
AST-005409,0.10552579983984015,0,0.0,0.0,0.0
AST-005410,0.005457902517228832,0,0.0,0.0,0.0
AST-005411,0.012700535990060081,0,0.0,0.0,0.0
AST-005412,0.019470849860693962,0,0.0,0.0,0.0
AST-005413,0.01599433498558475,0,0.0,0.0,0.0
AST-005414,0.0038473835266922387,0,0.0,0.0,0.0
AST-005415,0.06469452665136807,0,0.0,0.0,0.0
AST-005416,0.04274491046435891,0,0.0,0.0,0.0
AST-005417,0.003127699085722953,0,0.0,0.0,0.0
AST-005418,0.16521992214185327,0,0.0,0.0,0.0
AST-005419,0.05468495016442752,0,0.0,0.0,0.0
AST-005420,0.17738651295714003,0,0.0,0.0,0.0
AST-005421,0.07103585605649074,0,0.0,0.0,0.0
AST-005422,0.004188016295473414,0,0.0,0.0,0.0
AST-005423,0.04365131494476378,0,0.0,0.0,0.0
AST-005424,0.07915129533325134,0,0.0,0.0,0.0
AST-005425,0.008546219823322185,0,0.0,0.0,0.0
AST-005426,0.04435515093592017,0,0.0,0.0,0.0
AST-005427,0.2887108931148823,0,0.0,0.0,0.0
AST-005428,0.07389419327839063,0,0.0,0.0,0.0
AST-005429,0.010502827224734326,0,0.0,0.0,0.0
AST-005430,0.03481510126365849,0,0.0,0.0,0.0
AST-005431,0.010745858545620032,0,0.0,0.0,0.0
AST-005432,0.11819326276975203,0,0.0,0.0,0.0
AST-005433,0.05091698469977091,0,0.0,0.0,0.0
AST-005434,0.0030896916686924346,0,0.0,0.0,0.0
AST-005435,0.02188871032348324,0,0.0,0.0,0.0
AST-005436,0.027454822774001887,0,0.0,0.0,0.0
AST-005437,0.005005622442302563,0,0.0,0.0,0.0
AST-005438,0.009051324098591843,0,0.0,0.0,0.0
AST-005439,0.0027071736147400755,0,0.0,0.0,0.0
AST-005440,0.004964404356020057,0,0.0,0.0,0.0
AST-005441,0.011438349491972082,0,0.0,0.0,0.0
AST-005442,0.0031361300741634254,0,0.0,0.0,0.0
AST-005443,0.0023742159501425487,0,0.0,0.0,0.0
AST-005444,0.007220270088730966,0,0.0,0.0,0.0
AST-005445,0.004161054016439544,0,0.0,0.0,0.0
AST-005446,0.07007213541152349,1,7849.760052572317,2402.4286755180915,25.52638888645381
AST-005447,0.03837797703607041,0,0.0,0.0,0.0
AST-005448,0.025609507049349497,0,0.0,0.0,0.0
AST-005449,0.019431378336415794,0,0.0,0.0,0.0
AST-005450,0.10054545511452254,0,0.0,0.0,0.0
AST-005451,0.017078742056361697,0,0.0,0.0,0.0
AST-005452,0.0021966437097842937,0,0.0,0.0,0.0
AST-005453,0.05796604530958241,0,0.0,0.0,0.0
AST-005454,0.391514665289999,1,1289299.8947759068,208068.96763474817,55.38773002149904
AST-005455,0.007648431739895649,0,0.0,0.0,0.0
AST-005456,0.00799363676860733,0,0.0,0.0,0.0
AST-005457,0.004831563702298789,0,0.0,0.0,0.0
AST-005458,0.05258078460683879,0,0.0,0.0,0.0
AST-005459,0.4468999584929694,0,0.0,0.0,0.0
AST-005460,0.2358090399493047,0,0.0,0.0,0.0
AST-005461,0.008897906458514829,0,0.0,0.0,0.0
AST-005462,0.01857084330023197,0,0.0,0.0,0.0
AST-005463,0.003917868861013101,0,0.0,0.0,0.0
AST-005464,0.08458726221474515,0,0.0,0.0,0.0
AST-005465,0.00950407507616292,0,0.0,0.0,0.0
AST-005466,0.0521583163219956,0,0.0,0.0,0.0
AST-005467,0.03372946959507531,0,0.0,0.0,0.0
AST-005468,0.02169121547968161,0,0.0,0.0,0.0
AST-005469,0.025234857899582366,0,0.0,0.0,0.0
AST-005470,0.013556181718358916,0,0.0,0.0,0.0
AST-005471,0.004207857478933775,0,0.0,0.0,0.0
AST-005472,0.01375900528868358,0,0.0,0.0,0.0
AST-005473,0.0059434775666343835,0,0.0,0.0,0.0
AST-005474,0.007196837723612808,0,0.0,0.0,0.0
AST-005475,0.010250461701929,0,0.0,0.0,0.0
AST-005476,0.0053995217864779175,0,0.0,0.0,0.0
AST-005477,0.22208705811290247,0,0.0,0.0,0.0
AST-005478,0.011691095813863522,0,0.0,0.0,0.0
AST-005479,0.015463529082382289,0,0.0,0.0,0.0
AST-005480,0.005536153511895582,0,0.0,0.0,0.0
AST-005481,0.0096204919248074,0,0.0,0.0,0.0
AST-005482,0.007333052671921858,0,0.0,0.0,0.0
AST-005483,0.006822044982156069,0,0.0,0.0,0.0
AST-005484,0.017412006638264095,0,0.0,0.0,0.0
AST-005485,0.17830708474842613,0,0.0,0.0,0.0
AST-005486,0.011780313960919688,0,0.0,0.0,0.0
AST-005487,0.003439430568117408,0,0.0,0.0,0.0
AST-005488,0.004313991022063917,0,0.0,0.0,0.0
AST-005489,0.2385789001790885,0,0.0,0.0,0.0
AST-005490,0.03074249948102336,0,0.0,0.0,0.0
AST-005491,0.38440965734454363,1,255027.59968598993,97007.1257003958,51.28237040732346
AST-005492,0.017662466562878728,0,0.0,0.0,0.0
AST-005493,0.10414380458506807,0,0.0,0.0,0.0
AST-005494,0.2547909015303591,0,0.0,0.0,0.0
AST-005495,0.17691292060470765,0,0.0,0.0,0.0
AST-005496,0.039949361940907535,0,0.0,0.0,0.0
AST-005497,0.22821540223337378,0,0.0,0.0,0.0
AST-005498,0.009194595590263279,0,0.0,0.0,0.0
AST-005499,0.007832149719797774,0,0.0,0.0,0.0
AST-005500,0.006534399781421463,0,0.0,0.0,0.0
AST-005501,0.6712629748652424,0,0.0,0.0,0.0
AST-005502,0.12051086685362838,0,0.0,0.0,0.0
AST-005503,0.011241646851707912,0,0.0,0.0,0.0
AST-005504,0.0036188424948773346,0,0.0,0.0,0.0
AST-005505,0.0358562692521906,0,0.0,0.0,0.0
AST-005506,0.049435481914758175,0,0.0,0.0,0.0
AST-005507,0.007772556752523709,0,0.0,0.0,0.0
AST-005508,0.017648055408878358,0,0.0,0.0,0.0
AST-005509,0.024262504992187777,0,0.0,0.0,0.0
AST-005510,0.07843310945178182,0,0.0,0.0,0.0
AST-005511,0.020761578037432876,0,0.0,0.0,0.0
AST-005512,0.1676566128376334,0,0.0,0.0,0.0
AST-005513,0.3356979470127313,1,103801.4123523313,34860.05683565456,50.63267597080978
AST-005514,0.08658284143722018,0,0.0,0.0,0.0
AST-005515,0.002559178387788499,0,0.0,0.0,0.0
AST-005516,0.08463586655519681,1,5195414.616370806,1328432.3759590455,32.40339253536112
AST-005517,0.036745917407603614,0,0.0,0.0,0.0
AST-005518,0.030385851537833693,0,0.0,0.0,0.0
AST-005519,0.07011587070796914,0,0.0,0.0,0.0
AST-005520,0.22174620337675896,0,0.0,0.0,0.0
AST-005521,0.5234750996055857,1,38974.3516400598,10435.40749514822,80.29725348781477
AST-005522,0.006171638940092152,0,0.0,0.0,0.0
AST-005523,0.30960755956163055,1,310374.2399308115,96089.35258065058,45.91763530918564
AST-005524,0.1795915498915808,0,0.0,0.0,0.0
AST-005525,0.012157006960741765,0,0.0,0.0,0.0
AST-005526,0.17650487825369848,0,0.0,0.0,0.0
AST-005527,0.029681139133925956,0,0.0,0.0,0.0
AST-005528,0.012864898433215952,0,0.0,0.0,0.0
AST-005529,0.023934635384033034,0,0.0,0.0,0.0
AST-005530,0.006530271341785545,0,0.0,0.0,0.0
AST-005531,0.002084984240350669,0,0.0,0.0,0.0
AST-005532,0.10965339866730839,1,272155.61265025206,33783.43608434432,32.741552648090774
AST-005533,0.009821844321455676,0,0.0,0.0,0.0
AST-005534,0.05030017000930168,0,0.0,0.0,0.0
AST-005535,0.13797270029267703,0,0.0,0.0,0.0
AST-005536,0.12195244885260557,1,29866.14506997798,7886.339247869749,33.51791345551513
AST-005537,0.028505792942630826,0,0.0,0.0,0.0
AST-005538,0.005035139579325533,0,0.0,0.0,0.0
AST-005539,0.022163334732501653,0,0.0,0.0,0.0
AST-005540,0.3631170293563059,0,0.0,0.0,0.0
AST-005541,0.013612448349762843,0,0.0,0.0,0.0
AST-005542,0.028380740040446512,0,0.0,0.0,0.0
AST-005543,0.03853465474161657,0,0.0,0.0,0.0
AST-005544,0.007183730594907042,0,0.0,0.0,0.0
AST-005545,0.028578372058568332,0,0.0,0.0,0.0
AST-005546,0.10631108146921318,0,0.0,0.0,0.0
AST-005547,0.008302479731875962,0,0.0,0.0,0.0
AST-005548,0.0026765384008459953,0,0.0,0.0,0.0
AST-005549,0.06279515031715587,0,0.0,0.0,0.0
AST-005550,0.4108177580405369,0,0.0,0.0,0.0
AST-005551,0.02731451970468187,0,0.0,0.0,0.0
AST-005552,0.025359531687045873,0,0.0,0.0,0.0
AST-005553,0.056428662967652386,0,0.0,0.0,0.0
AST-005554,0.007312385354172211,0,0.0,0.0,0.0
AST-005555,0.08010552436263661,0,0.0,0.0,0.0
AST-005556,0.1470293099960988,0,0.0,0.0,0.0
AST-005557,0.005122677777732445,0,0.0,0.0,0.0
AST-005558,0.03463119838500783,0,0.0,0.0,0.0
AST-005559,0.0075499029517176125,0,0.0,0.0,0.0
AST-005560,0.2693886528351953,0,0.0,0.0,0.0
AST-005561,0.06661480548005627,0,0.0,0.0,0.0
AST-005562,0.014480178966450328,0,0.0,0.0,0.0
AST-005563,0.022242095800725652,0,0.0,0.0,0.0
AST-005564,0.24750764646518555,0,0.0,0.0,0.0
AST-005565,0.00827059321117893,0,0.0,0.0,0.0
AST-005566,0.014620524928161665,0,0.0,0.0,0.0
AST-005567,0.06327524632976636,1,345758.42990905157,126097.80549257985,6.4649458863816145
AST-005568,0.08682653588078798,0,0.0,0.0,0.0
AST-005569,0.008039505841984847,0,0.0,0.0,0.0
AST-005570,0.01607831392420426,0,0.0,0.0,0.0
AST-005571,0.0029184129140296653,0,0.0,0.0,0.0
AST-005572,0.040730876719194474,0,0.0,0.0,0.0
AST-005573,0.11402043113495205,0,0.0,0.0,0.0
AST-005574,0.00955423958598326,0,0.0,0.0,0.0
AST-005575,0.6614043786006424,1,34092.076534374995,7787.194431750599,16.462326645773487
AST-005576,0.010103932131907849,0,0.0,0.0,0.0
AST-005577,0.080606499951173,0,0.0,0.0,0.0
AST-005578,0.0051176692559653505,0,0.0,0.0,0.0
AST-005579,0.31815126712637565,0,0.0,0.0,0.0
AST-005580,0.06933930419936983,0,0.0,0.0,0.0
AST-005581,0.005416302708927867,0,0.0,0.0,0.0
AST-005582,0.05943327097038296,0,0.0,0.0,0.0
AST-005583,0.00454075589675116,0,0.0,0.0,0.0
AST-005584,0.3539237498400642,0,0.0,0.0,0.0
AST-005585,0.022906228834839816,0,0.0,0.0,0.0
AST-005586,0.01238091918291574,0,0.0,0.0,0.0
AST-005587,0.0071685252319129075,0,0.0,0.0,0.0
AST-005588,0.001524010016501147,0,0.0,0.0,0.0
AST-005589,0.008072492481910054,0,0.0,0.0,0.0
AST-005590,0.058764447001792494,0,0.0,0.0,0.0
AST-005591,0.00456053384229829,0,0.0,0.0,0.0
AST-005592,0.1408287372419102,0,0.0,0.0,0.0
AST-005593,0.002579207436092274,0,0.0,0.0,0.0
AST-005594,0.02671416302727855,0,0.0,0.0,0.0
AST-005595,0.013575672036283966,0,0.0,0.0,0.0
AST-005596,0.016744853133358467,0,0.0,0.0,0.0
AST-005597,0.09290668507033234,1,18259.7302928164,4235.9123157958575,52.28856351866686
AST-005598,0.008915704175984328,0,0.0,0.0,0.0
AST-005599,0.2543137752989035,0,0.0,0.0,0.0
AST-005600,0.02820122787032886,0,0.0,0.0,0.0
AST-005601,0.010271185683334476,0,0.0,0.0,0.0
AST-005602,0.022954559264489336,0,0.0,0.0,0.0
AST-005603,0.06335304206558971,0,0.0,0.0,0.0
AST-005604,0.00910599836754895,0,0.0,0.0,0.0
AST-005605,0.2360776867935172,1,2038901.0400105377,346338.65992798406,15.93395961902511
AST-005606,0.014538622662186793,0,0.0,0.0,0.0
AST-005607,0.004738439230551739,0,0.0,0.0,0.0
AST-005608,0.014047868227207917,0,0.0,0.0,0.0
AST-005609,0.17804706603520706,0,0.0,0.0,0.0
AST-005610,0.029062685602655784,0,0.0,0.0,0.0
AST-005611,0.5370432516360186,1,77531.61315523364,22236.0410683998,754.7228484659879
AST-005612,0.0407950257723574,0,0.0,0.0,0.0
AST-005613,0.044187514455641536,0,0.0,0.0,0.0
AST-005614,0.0921187369402961,0,0.0,0.0,0.0
AST-005615,0.7142044026099533,1,699431.4192556562,175104.81959181215,40.54413069494761
AST-005616,0.005822186867760079,0,0.0,0.0,0.0
AST-005617,0.003974863321786654,0,0.0,0.0,0.0
AST-005618,0.009100121866907942,1,250007.27209564595,34321.70774206789,32.04368282054945
AST-005619,0.45265820600458007,0,0.0,0.0,0.0
AST-005620,0.012226047188021887,0,0.0,0.0,0.0
AST-005621,0.002849874186522766,0,0.0,0.0,0.0
AST-005622,0.029045380941437434,0,0.0,0.0,0.0
AST-005623,0.15955126485316953,0,0.0,0.0,0.0
AST-005624,0.023647190829162928,0,0.0,0.0,0.0
AST-005625,0.35580179957516167,1,220911.74641655272,63769.03753029755,10.889272935932755
AST-005626,0.036075616798377445,0,0.0,0.0,0.0
AST-005627,0.011277836868623901,0,0.0,0.0,0.0
AST-005628,0.16215853844445047,1,14791.731919430362,5795.545238726917,23.471509065321996
AST-005629,0.3199761090756203,0,0.0,0.0,0.0
AST-005630,0.4148632113351074,0,0.0,0.0,0.0
AST-005631,0.0690377507530003,0,0.0,0.0,0.0
AST-005632,0.00484353257659208,0,0.0,0.0,0.0
AST-005633,0.07797010043534101,0,0.0,0.0,0.0
AST-005634,0.5074231215260312,1,8369.59194365484,1052.720788677972,12.015787160988406
AST-005635,0.0016644807627736768,0,0.0,0.0,0.0
AST-005636,0.0070667387326879055,0,0.0,0.0,0.0
AST-005637,0.0363940225380721,0,0.0,0.0,0.0
AST-005638,0.3519613420955313,0,0.0,0.0,0.0
AST-005639,0.2800421973452895,0,0.0,0.0,0.0
AST-005640,0.0623950791541937,0,0.0,0.0,0.0
AST-005641,0.019188281108497462,0,0.0,0.0,0.0
AST-005642,0.05694693885340678,1,203411.13140436358,23341.85075918699,33.19541601480938
AST-005643,0.1827147965946963,0,0.0,0.0,0.0
AST-005644,0.05839576804390171,0,0.0,0.0,0.0
AST-005645,0.041177835945937,0,0.0,0.0,0.0
AST-005646,0.009735311743550626,0,0.0,0.0,0.0
AST-005647,0.03986088144572623,0,0.0,0.0,0.0
AST-005648,0.003563168258793665,0,0.0,0.0,0.0
AST-005649,0.1051755707842318,0,0.0,0.0,0.0
AST-005650,0.04438359396323079,0,0.0,0.0,0.0
AST-005651,0.1636976510972712,0,0.0,0.0,0.0
AST-005652,0.06266353405938824,0,0.0,0.0,0.0
AST-005653,0.040338348043655915,0,0.0,0.0,0.0
AST-005654,0.1544585968014791,0,0.0,0.0,0.0
AST-005655,0.6182861138326525,1,65521.04584975037,20028.513819497843,9.237485607969845
AST-005656,0.04596607825873723,0,0.0,0.0,0.0
AST-005657,0.008563640650541706,0,0.0,0.0,0.0
AST-005658,0.0223760222749054,0,0.0,0.0,0.0
AST-005659,0.29661792370332696,1,5000.0,1874.7252889263511,16.150960149875228
AST-005660,0.002697769756734345,0,0.0,0.0,0.0
AST-005661,0.004078720926420231,0,0.0,0.0,0.0
AST-005662,0.002463747933181838,0,0.0,0.0,0.0
AST-005663,0.023862001094120833,0,0.0,0.0,0.0
AST-005664,0.07780826010683098,0,0.0,0.0,0.0
AST-005665,0.02943792234862695,0,0.0,0.0,0.0
AST-005666,0.010429456554066227,0,0.0,0.0,0.0
AST-005667,0.0044294361494200815,0,0.0,0.0,0.0
AST-005668,0.004191715924603938,0,0.0,0.0,0.0
AST-005669,0.029930750511445742,0,0.0,0.0,0.0
AST-005670,0.0030361409491926356,0,0.0,0.0,0.0
AST-005671,0.007537877168228692,0,0.0,0.0,0.0
AST-005672,0.060357563097356536,0,0.0,0.0,0.0
AST-005673,0.06767842339137983,0,0.0,0.0,0.0
AST-005674,0.2201823513746724,0,0.0,0.0,0.0
AST-005675,0.028338584231139743,0,0.0,0.0,0.0
AST-005676,0.004191669697614265,0,0.0,0.0,0.0
AST-005677,0.03222654505555299,0,0.0,0.0,0.0
AST-005678,0.021727372361766608,0,0.0,0.0,0.0
AST-005679,0.0687166108458189,1,342548.5660287319,51453.21009798237,27.670658455224274
AST-005680,0.011041230127986626,0,0.0,0.0,0.0
AST-005681,0.0012868307138504025,0,0.0,0.0,0.0
AST-005682,0.007979168614430147,0,0.0,0.0,0.0
AST-005683,0.031425953040008205,0,0.0,0.0,0.0
AST-005684,0.017325718845538813,0,0.0,0.0,0.0
AST-005685,0.009446725756445649,0,0.0,0.0,0.0
AST-005686,0.0516337190992948,0,0.0,0.0,0.0
AST-005687,0.025480241143222795,0,0.0,0.0,0.0
AST-005688,0.9547074458237186,0,0.0,0.0,0.0
AST-005689,0.015474358612484291,0,0.0,0.0,0.0
AST-005690,0.02103787469969658,0,0.0,0.0,0.0
AST-005691,0.026495590055269656,0,0.0,0.0,0.0
AST-005692,0.6708193272782171,0,0.0,0.0,0.0
AST-005693,0.016598348522462354,0,0.0,0.0,0.0
AST-005694,0.017692958827127032,1,103798.002513617,33444.43067229119,7.150402119314786
AST-005695,0.0051640687061794924,0,0.0,0.0,0.0
AST-005696,0.042428687033635025,0,0.0,0.0,0.0
AST-005697,0.6224868468142751,1,157245.20483184882,40993.97644670877,18.766102773557172
AST-005698,0.020475055908396052,0,0.0,0.0,0.0
AST-005699,0.0024447932781281032,0,0.0,0.0,0.0
AST-005700,0.010822292269289609,0,0.0,0.0,0.0
AST-005701,0.0026957169419815014,0,0.0,0.0,0.0
AST-005702,0.009157964780000045,0,0.0,0.0,0.0
AST-005703,0.012134762828288598,0,0.0,0.0,0.0
AST-005704,0.04535016661361593,0,0.0,0.0,0.0
AST-005705,0.014103498543334541,0,0.0,0.0,0.0
AST-005706,0.05092710981198577,0,0.0,0.0,0.0
AST-005707,0.16793012065313911,0,0.0,0.0,0.0
AST-005708,0.00711413273913937,0,0.0,0.0,0.0
AST-005709,0.007400252231203436,0,0.0,0.0,0.0
AST-005710,0.026157655180171054,0,0.0,0.0,0.0
AST-005711,0.011640968734489048,0,0.0,0.0,0.0
AST-005712,0.22747414657084378,1,612095.6089165567,185517.2562242465,26.50436644129619
AST-005713,0.1560637832200914,0,0.0,0.0,0.0
AST-005714,0.00329465250978865,0,0.0,0.0,0.0
AST-005715,0.3952945953838047,0,0.0,0.0,0.0
AST-005716,0.011451396051651252,0,0.0,0.0,0.0
AST-005717,0.0933325608249598,1,54471.28695513521,15967.170416552299,22.320271200989517
AST-005718,0.09857764704919213,1,52135.63324608758,13099.78684713324,6.783866110127285
AST-005719,0.26285041293207945,0,0.0,0.0,0.0
AST-005720,0.09854924754068124,0,0.0,0.0,0.0
AST-005721,0.003957138295210943,0,0.0,0.0,0.0
AST-005722,0.10901268083228473,0,0.0,0.0,0.0
AST-005723,0.017607640700927813,0,0.0,0.0,0.0
AST-005724,0.07532088193961964,1,341222.71739083267,43254.96263394791,59.49768364347371
AST-005725,0.1914253143492302,0,0.0,0.0,0.0
AST-005726,0.009006377192982754,0,0.0,0.0,0.0
AST-005727,0.07360408564125598,0,0.0,0.0,0.0
AST-005728,0.005230156762975397,0,0.0,0.0,0.0
AST-005729,0.22390527562023535,0,0.0,0.0,0.0
AST-005730,0.21690776236926046,1,71554.30360888205,21935.782312431442,21.106199248025074
AST-005731,0.025616245584437185,0,0.0,0.0,0.0
AST-005732,0.011165153695749093,1,65384.11919059974,20887.719452003126,5.3799430103411465
AST-005733,0.021100943850961344,0,0.0,0.0,0.0
AST-005734,0.00208081388712053,0,0.0,0.0,0.0
AST-005735,0.24268427640100013,0,0.0,0.0,0.0
AST-005736,0.035664042557530994,0,0.0,0.0,0.0
AST-005737,0.29135267958178696,0,0.0,0.0,0.0
AST-005738,0.10372287756033954,0,0.0,0.0,0.0
AST-005739,0.013196422823024403,0,0.0,0.0,0.0
AST-005740,0.12074160880368355,0,0.0,0.0,0.0
AST-005741,0.025829493449827975,0,0.0,0.0,0.0
AST-005742,0.19697964844598506,1,171595.63712588226,36922.90409839948,9.666058328031736
AST-005743,0.15961380383460572,1,730169.0274797562,81058.73312377652,23.188282448069497
AST-005744,0.033595976715924944,0,0.0,0.0,0.0
AST-005745,0.0053183287205938725,0,0.0,0.0,0.0
AST-005746,0.021488673297353766,0,0.0,0.0,0.0
AST-005747,0.024459912009964824,0,0.0,0.0,0.0
AST-005748,0.08923262303136993,1,737672.0258283102,282905.6113642443,60.09503472625214
AST-005749,0.04313469289685077,0,0.0,0.0,0.0
AST-005750,0.023152224059864602,0,0.0,0.0,0.0
AST-005751,0.014290653111217024,0,0.0,0.0,0.0
AST-005752,0.18886355586737263,1,482347.9850353242,65101.24954590208,38.48086246087334
AST-005753,0.00898265862680196,0,0.0,0.0,0.0
AST-005754,0.035697668995053784,0,0.0,0.0,0.0
AST-005755,0.10541913209608257,0,0.0,0.0,0.0
AST-005756,0.014129606679386451,0,0.0,0.0,0.0
AST-005757,0.006270497551012974,0,0.0,0.0,0.0
AST-005758,0.3130418045131851,0,0.0,0.0,0.0
AST-005759,0.007180636032653757,0,0.0,0.0,0.0
AST-005760,0.008086229866053143,0,0.0,0.0,0.0
AST-005761,0.008807703321160452,0,0.0,0.0,0.0
AST-005762,0.021265311216992825,0,0.0,0.0,0.0
AST-005763,0.09299284983418411,0,0.0,0.0,0.0
AST-005764,0.5162304120637046,0,0.0,0.0,0.0
AST-005765,0.2220431970669373,0,0.0,0.0,0.0
AST-005766,0.015326613746293634,0,0.0,0.0,0.0
AST-005767,0.002034544845510869,0,0.0,0.0,0.0
AST-005768,0.14532275036624662,0,0.0,0.0,0.0
AST-005769,0.8274089639581581,1,219346.06670806766,40554.05235977227,2.557665185734786
AST-005770,0.009750830165095077,0,0.0,0.0,0.0
AST-005771,0.452557150431658,1,57124.91725220057,18032.845127213513,11.37717028936078
AST-005772,0.04614104999567962,0,0.0,0.0,0.0
AST-005773,0.02574754341265682,0,0.0,0.0,0.0
AST-005774,0.017526379646198204,0,0.0,0.0,0.0
AST-005775,0.008226949540111207,0,0.0,0.0,0.0
AST-005776,0.023060967737763838,0,0.0,0.0,0.0
AST-005777,0.019701736189044992,0,0.0,0.0,0.0
AST-005778,0.03278620784125249,0,0.0,0.0,0.0
AST-005779,0.30671509005716646,0,0.0,0.0,0.0
AST-005780,0.01308610131408084,0,0.0,0.0,0.0
AST-005781,0.00900447485405717,0,0.0,0.0,0.0
AST-005782,0.010106425241848124,0,0.0,0.0,0.0
AST-005783,0.08521844999750912,0,0.0,0.0,0.0
AST-005784,0.003856412884505843,0,0.0,0.0,0.0
AST-005785,0.08390551433915387,0,0.0,0.0,0.0
AST-005786,0.10902394392653875,0,0.0,0.0,0.0
AST-005787,0.025602582149092005,0,0.0,0.0,0.0
AST-005788,0.08184028733723094,0,0.0,0.0,0.0
AST-005789,0.3046597001820048,1,859925.9700178391,264315.92017186526,30.30912394617593
AST-005790,0.0028604661812259465,0,0.0,0.0,0.0
AST-005791,0.08709081997100732,0,0.0,0.0,0.0
AST-005792,0.016241142724352883,0,0.0,0.0,0.0
AST-005793,0.16576967610089446,0,0.0,0.0,0.0
AST-005794,0.01831049929533343,1,174025.5733561786,18733.516691557343,10.04513923998324
AST-005795,0.23463608787383414,0,0.0,0.0,0.0
AST-005796,0.004520619699518589,0,0.0,0.0,0.0
AST-005797,0.45292613945671195,0,0.0,0.0,0.0
AST-005798,0.10270670625953876,0,0.0,0.0,0.0
AST-005799,0.008051320413863304,0,0.0,0.0,0.0
AST-005800,0.06548192800944118,0,0.0,0.0,0.0
AST-005801,0.01200962298214407,0,0.0,0.0,0.0
AST-005802,0.00726641307064622,0,0.0,0.0,0.0
AST-005803,0.2693552312223296,0,0.0,0.0,0.0
AST-005804,0.01274585975367527,0,0.0,0.0,0.0
AST-005805,0.24238098708102207,0,0.0,0.0,0.0
AST-005806,0.0029540051541741925,0,0.0,0.0,0.0
AST-005807,0.012153060641469161,0,0.0,0.0,0.0
AST-005808,0.48193629439374747,1,49721.2285898226,11043.170411821708,55.30019269316727
AST-005809,0.014810605445640468,0,0.0,0.0,0.0
AST-005810,0.005847147058376548,0,0.0,0.0,0.0
AST-005811,0.26964484080831674,1,247046.85410695063,36097.3306834848,163.05172837770687
AST-005812,0.03239184773575423,0,0.0,0.0,0.0
AST-005813,0.4062630161941635,1,849321.9449578817,179055.06270617837,13.697113717937075
AST-005814,0.05064512402455206,0,0.0,0.0,0.0
AST-005815,0.0011977353248543358,0,0.0,0.0,0.0
AST-005816,0.9423551489986456,1,255132.21414478944,86180.47948815106,191.34832474159043
AST-005817,0.028205313381679982,0,0.0,0.0,0.0
AST-005818,0.021264607128797797,0,0.0,0.0,0.0
AST-005819,0.27571519478780254,0,0.0,0.0,0.0
AST-005820,0.01522430300019543,0,0.0,0.0,0.0
AST-005821,0.21866130543656703,0,0.0,0.0,0.0
AST-005822,0.49264344469836147,0,0.0,0.0,0.0
AST-005823,0.007099114373340596,0,0.0,0.0,0.0
AST-005824,0.004249684756217002,0,0.0,0.0,0.0
AST-005825,0.012863155773443833,0,0.0,0.0,0.0
AST-005826,0.034364354220488266,0,0.0,0.0,0.0
AST-005827,0.014602139496934145,0,0.0,0.0,0.0
AST-005828,0.2404310509775035,1,187806.938147563,23002.33423462591,14.40216457005955
AST-005829,0.10071004989738509,0,0.0,0.0,0.0
AST-005830,0.2920060849579338,0,0.0,0.0,0.0
AST-005831,0.3980616606414724,0,0.0,0.0,0.0
AST-005832,0.08016031260369862,0,0.0,0.0,0.0
AST-005833,0.0224667871147677,0,0.0,0.0,0.0
AST-005834,0.013062162089774568,0,0.0,0.0,0.0
AST-005835,0.015655296462648256,0,0.0,0.0,0.0
AST-005836,0.043820578329632355,0,0.0,0.0,0.0
AST-005837,0.004841499068892601,0,0.0,0.0,0.0
AST-005838,0.12354960976776977,0,0.0,0.0,0.0
AST-005839,0.03220094524198434,0,0.0,0.0,0.0
AST-005840,0.02798967317753558,0,0.0,0.0,0.0
AST-005841,0.11873894329133737,0,0.0,0.0,0.0
AST-005842,0.004387416111637645,0,0.0,0.0,0.0
AST-005843,0.011995811646978485,0,0.0,0.0,0.0
AST-005844,0.029603555357265453,0,0.0,0.0,0.0
AST-005845,0.0070170883559623615,0,0.0,0.0,0.0
AST-005846,0.04357830223361139,0,0.0,0.0,0.0
AST-005847,0.2295299237222688,0,0.0,0.0,0.0
AST-005848,0.021717301821757618,0,0.0,0.0,0.0
AST-005849,0.09346004254399959,0,0.0,0.0,0.0
AST-005850,0.019770367983464477,0,0.0,0.0,0.0
AST-005851,0.014035779192192715,0,0.0,0.0,0.0
AST-005852,0.042939591007182,0,0.0,0.0,0.0
AST-005853,0.008846336870749243,0,0.0,0.0,0.0
AST-005854,0.00701981934929777,0,0.0,0.0,0.0
AST-005855,0.008147126268952974,0,0.0,0.0,0.0
AST-005856,0.005352615360116327,0,0.0,0.0,0.0
AST-005857,0.04226944181935011,0,0.0,0.0,0.0
AST-005858,0.2791567732914893,0,0.0,0.0,0.0
AST-005859,0.04502169849428107,0,0.0,0.0,0.0
AST-005860,0.007309655342268842,0,0.0,0.0,0.0
AST-005861,0.3526176655181333,0,0.0,0.0,0.0
AST-005862,0.010256238869320648,0,0.0,0.0,0.0
AST-005863,0.025706329214786196,0,0.0,0.0,0.0
AST-005864,0.003152314888680327,0,0.0,0.0,0.0
AST-005865,0.08172665441510209,0,0.0,0.0,0.0
AST-005866,0.02645002172036214,0,0.0,0.0,0.0
AST-005867,0.10034617531057344,0,0.0,0.0,0.0
AST-005868,0.002250573974540196,0,0.0,0.0,0.0
AST-005869,0.03526176168249802,0,0.0,0.0,0.0
AST-005870,0.023977523434975855,0,0.0,0.0,0.0
AST-005871,0.006253952451522185,0,0.0,0.0,0.0
AST-005872,0.05794740655350142,0,0.0,0.0,0.0
AST-005873,0.93090569694293,1,443498.3039132925,106517.2760502892,32.90780542549765
AST-005874,0.2501756149746953,0,0.0,0.0,0.0
AST-005875,0.012096041132940875,0,0.0,0.0,0.0
AST-005876,0.03407926173865656,0,0.0,0.0,0.0
AST-005877,0.0753975167440496,0,0.0,0.0,0.0
AST-005878,0.023369342881819678,0,0.0,0.0,0.0
AST-005879,0.046719308009924666,0,0.0,0.0,0.0
AST-005880,0.0022420659796110404,0,0.0,0.0,0.0
AST-005881,0.10238332352894426,1,82443.07771459004,12886.633850453723,23.358365865038994
AST-005882,0.11834490476840062,0,0.0,0.0,0.0
AST-005883,0.06402753640943118,0,0.0,0.0,0.0
AST-005884,0.005158395380294455,0,0.0,0.0,0.0
AST-005885,0.00875608093691592,0,0.0,0.0,0.0
AST-005886,0.04591394664250174,0,0.0,0.0,0.0
AST-005887,0.053095681973540455,0,0.0,0.0,0.0
AST-005888,0.42348083284349086,1,539869.9779393305,158850.76962084707,13.428693177628137
AST-005889,0.028274353789244477,0,0.0,0.0,0.0
AST-005890,0.002999166656064567,0,0.0,0.0,0.0
AST-005891,0.015614158540857261,0,0.0,0.0,0.0
AST-005892,0.031231309629734593,0,0.0,0.0,0.0
AST-005893,0.00906161860457286,0,0.0,0.0,0.0
AST-005894,0.04046421686491248,0,0.0,0.0,0.0
AST-005895,0.004573756116247081,0,0.0,0.0,0.0
AST-005896,0.03085206325088517,0,0.0,0.0,0.0
AST-005897,0.10381697326642675,0,0.0,0.0,0.0
AST-005898,0.007141529695864782,0,0.0,0.0,0.0
AST-005899,0.011786468671181155,0,0.0,0.0,0.0
AST-005900,0.030172585747780388,0,0.0,0.0,0.0
AST-005901,0.4013102901859147,1,2215123.6340910746,713984.9262906276,11.117126540912412
AST-005902,0.009107541484628636,0,0.0,0.0,0.0
AST-005903,0.009333530763760253,0,0.0,0.0,0.0
AST-005904,0.11058307974111176,0,0.0,0.0,0.0
AST-005905,0.018307452799345095,0,0.0,0.0,0.0
AST-005906,0.045961925188909146,0,0.0,0.0,0.0
AST-005907,0.26095864769762994,0,0.0,0.0,0.0
AST-005908,0.48075082639088745,0,0.0,0.0,0.0
AST-005909,0.07088251198454501,0,0.0,0.0,0.0
AST-005910,0.03141848441906989,0,0.0,0.0,0.0
AST-005911,0.009956754268069289,0,0.0,0.0,0.0
AST-005912,0.3016017491999523,0,0.0,0.0,0.0
AST-005913,0.007825230107862369,0,0.0,0.0,0.0
AST-005914,0.7528431394262739,1,106911.63347958612,20763.299996766014,55.63374836953416
AST-005915,0.0074760976929181076,0,0.0,0.0,0.0
AST-005916,0.021535457884311975,0,0.0,0.0,0.0
AST-005917,0.0374112984932055,1,749290.2776871697,139416.19446903936,33.87654281526946
AST-005918,0.034450049803826426,0,0.0,0.0,0.0
AST-005919,0.013387695283687015,0,0.0,0.0,0.0
AST-005920,0.03813187265635991,0,0.0,0.0,0.0
AST-005921,0.011307532641266027,0,0.0,0.0,0.0
AST-005922,0.061642460732033846,1,68618.1953135329,8267.386117824053,6.921806553560634
AST-005923,0.006549500978598097,0,0.0,0.0,0.0
AST-005924,0.029458686537859616,0,0.0,0.0,0.0
AST-005925,0.022337503369652786,0,0.0,0.0,0.0
AST-005926,0.01060330544566537,0,0.0,0.0,0.0
AST-005927,0.06502625974442175,0,0.0,0.0,0.0
AST-005928,0.009671033716608506,0,0.0,0.0,0.0
AST-005929,0.19351694488786994,1,1060862.6695913086,197975.50893987177,34.271751514340814
AST-005930,0.36731499639224463,1,28268.29617960912,5082.862526667839,5.28200989251926
AST-005931,0.009093623399517577,0,0.0,0.0,0.0
AST-005932,0.7171263422202405,1,407979.39194073266,109110.26753390324,21.794722106428804
AST-005933,0.11752050573509042,0,0.0,0.0,0.0
AST-005934,0.05711352203592827,0,0.0,0.0,0.0
AST-005935,0.01191277267292579,0,0.0,0.0,0.0
AST-005936,0.18651056272938402,0,0.0,0.0,0.0
AST-005937,0.01046931365906206,0,0.0,0.0,0.0
AST-005938,0.6386141068561533,0,0.0,0.0,0.0
AST-005939,0.026578611399316894,0,0.0,0.0,0.0
AST-005940,0.01878678437444151,0,0.0,0.0,0.0
AST-005941,0.01374256137875861,0,0.0,0.0,0.0
AST-005942,0.9539045918664814,1,334188.0271183717,45405.8214194105,7.608275947695208
AST-005943,0.00919021000179444,0,0.0,0.0,0.0
AST-005944,0.0025730831598230865,0,0.0,0.0,0.0
AST-005945,0.018847394861524022,0,0.0,0.0,0.0
AST-005946,0.6418726240010423,0,0.0,0.0,0.0
AST-005947,0.025537551248510187,0,0.0,0.0,0.0
AST-005948,0.016836038841319713,0,0.0,0.0,0.0
AST-005949,0.06243173286811934,0,0.0,0.0,0.0
AST-005950,0.17685732911685165,0,0.0,0.0,0.0
AST-005951,0.0402847311717433,0,0.0,0.0,0.0
AST-005952,0.005457728188897693,0,0.0,0.0,0.0
AST-005953,0.019827247638409786,0,0.0,0.0,0.0
AST-005954,0.02260420026638672,0,0.0,0.0,0.0
AST-005955,0.10209550349902691,0,0.0,0.0,0.0
AST-005956,0.010827159792448103,0,0.0,0.0,0.0
AST-005957,0.047462026824925486,0,0.0,0.0,0.0
AST-005958,0.261730296318541,1,9604.651509732188,3653.1013686769893,26.76594181499612
AST-005959,0.3592584967336182,1,1261000.8933792992,472777.35016472597,86.45406782122487
AST-005960,0.037240522776435823,0,0.0,0.0,0.0
AST-005961,0.48385012706680813,1,1224853.3648595684,369180.14360198664,156.62473948573341
AST-005962,0.296604360866383,0,0.0,0.0,0.0
AST-005963,0.02495256794301631,0,0.0,0.0,0.0
AST-005964,0.0026780123936608257,0,0.0,0.0,0.0
AST-005965,0.0101440074598108,0,0.0,0.0,0.0
AST-005966,0.4784186908513559,1,28997.941951742665,5380.850256645841,7.619095393074197
AST-005967,0.09881501063914516,0,0.0,0.0,0.0
AST-005968,0.0399454296153028,0,0.0,0.0,0.0
AST-005969,0.7956618486451201,1,49144.181177846796,9969.647622501278,28.135348826611512
AST-005970,0.036382029304963634,0,0.0,0.0,0.0
AST-005971,0.18186851424326309,0,0.0,0.0,0.0
AST-005972,0.01625649863832565,0,0.0,0.0,0.0
AST-005973,0.1404357661250742,1,79663.23545716534,15905.5825635723,21.463403264677048
AST-005974,0.004510931208744445,0,0.0,0.0,0.0
AST-005975,0.14329625680762068,0,0.0,0.0,0.0
AST-005976,0.011421356771815123,0,0.0,0.0,0.0
AST-005977,0.6418256981735315,0,0.0,0.0,0.0
AST-005978,0.08327305585975335,0,0.0,0.0,0.0
AST-005979,0.24561120781803308,0,0.0,0.0,0.0
AST-005980,0.056854166023168326,0,0.0,0.0,0.0
AST-005981,0.0032803950761151387,0,0.0,0.0,0.0
AST-005982,0.04405270274017066,0,0.0,0.0,0.0
AST-005983,0.008631504967341472,0,0.0,0.0,0.0
AST-005984,0.011180399439893808,0,0.0,0.0,0.0
AST-005985,0.1359418061544342,1,11896.785487377576,4101.291319019047,25.58422715070064
AST-005986,0.03663351748116479,0,0.0,0.0,0.0
AST-005987,0.03232123742165805,0,0.0,0.0,0.0
AST-005988,0.5089005091382389,0,0.0,0.0,0.0
AST-005989,0.04196180002978196,0,0.0,0.0,0.0
AST-005990,0.03274214853667944,0,0.0,0.0,0.0
AST-005991,0.00866948941900015,0,0.0,0.0,0.0
AST-005992,0.014598291294134126,0,0.0,0.0,0.0
AST-005993,0.15919623354588283,0,0.0,0.0,0.0
AST-005994,0.007337836183514577,0,0.0,0.0,0.0
AST-005995,0.036498652203253365,0,0.0,0.0,0.0
AST-005996,0.02639933161388482,0,0.0,0.0,0.0
AST-005997,0.005174574559975082,0,0.0,0.0,0.0
AST-005998,0.014761834918715699,0,0.0,0.0,0.0
AST-005999,0.0133442898820252,0,0.0,0.0,0.0
AST-006000,0.0404461514278789,1,13859.124976793066,5065.088203776911,143.47704058569536
AST-006001,0.012451610663822945,0,0.0,0.0,0.0
AST-006002,0.0019681371873809437,0,0.0,0.0,0.0
AST-006003,0.0969100812091364,0,0.0,0.0,0.0
AST-006004,0.0378089140298765,0,0.0,0.0,0.0
AST-006005,0.04707329252027755,0,0.0,0.0,0.0
AST-006006,0.02909143460466551,0,0.0,0.0,0.0
AST-006007,0.03401087884203961,0,0.0,0.0,0.0
AST-006008,0.008334819704630325,0,0.0,0.0,0.0
AST-006009,0.023758661762567093,0,0.0,0.0,0.0
AST-006010,0.07871045874866586,0,0.0,0.0,0.0
AST-006011,0.006089568129461084,0,0.0,0.0,0.0
AST-006012,0.014065821720954157,0,0.0,0.0,0.0
AST-006013,0.018784330924680532,0,0.0,0.0,0.0
AST-006014,0.00840393169218063,0,0.0,0.0,0.0
AST-006015,0.3656925920701896,0,0.0,0.0,0.0
AST-006016,0.002921719989624255,0,0.0,0.0,0.0
AST-006017,0.045560029364364506,0,0.0,0.0,0.0
AST-006018,0.005559310775487087,0,0.0,0.0,0.0
AST-006019,0.011025519604565324,0,0.0,0.0,0.0
AST-006020,0.047559654477455804,0,0.0,0.0,0.0
AST-006021,0.8237398082559185,1,12207.573250845537,2323.6665200210946,50.50881189553023
AST-006022,0.47655211008456794,1,93926.05219880998,9829.524077372058,8.138064393072561
AST-006023,0.0264592681916053,0,0.0,0.0,0.0
AST-006024,0.01468016558766499,0,0.0,0.0,0.0
AST-006025,0.020676690805902072,0,0.0,0.0,0.0
AST-006026,0.2579955057739708,0,0.0,0.0,0.0
AST-006027,0.6692322781902784,0,0.0,0.0,0.0
AST-006028,0.1950914453829473,1,1292446.647241546,347072.91621356277,60.90906750662961
AST-006029,0.3806410934839766,1,60964.83189596701,10679.68759823062,143.53273880376386
AST-006030,0.13771168775087364,0,0.0,0.0,0.0
AST-006031,0.016201320314232315,0,0.0,0.0,0.0
AST-006032,0.1676232876176063,0,0.0,0.0,0.0
AST-006033,0.03802303360048103,0,0.0,0.0,0.0
AST-006034,0.05968049137772655,0,0.0,0.0,0.0
AST-006035,0.007306407199811035,0,0.0,0.0,0.0
AST-006036,0.0324406531028436,0,0.0,0.0,0.0
AST-006037,0.8927353848895779,1,168286.95265834648,60372.65690306961,90.46097514352675
AST-006038,0.046701822430182297,0,0.0,0.0,0.0
AST-006039,0.01444855707215137,0,0.0,0.0,0.0
AST-006040,0.046964443581489684,0,0.0,0.0,0.0
AST-006041,0.031051753748558012,0,0.0,0.0,0.0
AST-006042,0.003596129989946609,0,0.0,0.0,0.0
AST-006043,0.0009766292658444147,0,0.0,0.0,0.0
AST-006044,0.015278354159862898,0,0.0,0.0,0.0
AST-006045,0.04524218665320679,0,0.0,0.0,0.0
AST-006046,0.062291210308141,0,0.0,0.0,0.0
AST-006047,0.02095988704206068,0,0.0,0.0,0.0
AST-006048,0.033349655767429466,0,0.0,0.0,0.0
AST-006049,0.009817578458960688,0,0.0,0.0,0.0
AST-006050,0.019934154296738216,0,0.0,0.0,0.0
AST-006051,0.16704004246687507,1,79985.49744551943,10419.776862639359,14.079226534866562
AST-006052,0.005083398116910693,0,0.0,0.0,0.0
AST-006053,0.26713649810444223,0,0.0,0.0,0.0
AST-006054,0.10252837083714268,0,0.0,0.0,0.0
AST-006055,0.017162548285597736,0,0.0,0.0,0.0
AST-006056,0.02502221987740824,0,0.0,0.0,0.0
AST-006057,0.007481035038361494,0,0.0,0.0,0.0
AST-006058,0.04396276070885718,0,0.0,0.0,0.0
AST-006059,0.012332941484384864,0,0.0,0.0,0.0
AST-006060,0.009961050801919785,0,0.0,0.0,0.0
AST-006061,0.027729062415094576,0,0.0,0.0,0.0
AST-006062,0.007867140403103249,0,0.0,0.0,0.0
AST-006063,0.25063515160337796,0,0.0,0.0,0.0
AST-006064,0.012129753256226021,0,0.0,0.0,0.0
AST-006065,0.08813137134480227,0,0.0,0.0,0.0
AST-006066,0.43230653521854207,1,14550.629175448956,1657.1599122536875,0.11804785996194445
AST-006067,0.6148312885536172,1,37694.238782337896,3899.617561496332,12.461944683026886
AST-006068,0.040882375108919976,1,40770.815520148775,12761.620720284474,4.662091313131131
AST-006069,0.0023151182452940734,0,0.0,0.0,0.0
AST-006070,0.6022331430511628,1,63896.7964071439,13520.227005430088,142.16319290376924
AST-006071,0.014296826615167204,0,0.0,0.0,0.0
AST-006072,0.015832173370568914,0,0.0,0.0,0.0
AST-006073,0.022587266938352495,0,0.0,0.0,0.0
AST-006074,0.2873619552307111,0,0.0,0.0,0.0
AST-006075,0.012170627171547429,0,0.0,0.0,0.0
AST-006076,0.032537738179863676,0,0.0,0.0,0.0
AST-006077,0.009151182650587878,0,0.0,0.0,0.0
AST-006078,0.07084763833992475,0,0.0,0.0,0.0
AST-006079,0.012966185563331735,0,0.0,0.0,0.0
AST-006080,0.09394747886502512,0,0.0,0.0,0.0
AST-006081,0.012954429311324608,0,0.0,0.0,0.0
AST-006082,0.11532360930763626,0,0.0,0.0,0.0
AST-006083,0.0047473833792453235,0,0.0,0.0,0.0
AST-006084,0.009085391560173583,0,0.0,0.0,0.0
AST-006085,0.20272281098344702,0,0.0,0.0,0.0
AST-006086,0.005526010881641152,0,0.0,0.0,0.0
AST-006087,0.005396625963536372,0,0.0,0.0,0.0
AST-006088,0.03523980226877175,0,0.0,0.0,0.0
AST-006089,0.0074136944907532915,0,0.0,0.0,0.0
AST-006090,0.015459701895901174,0,0.0,0.0,0.0
AST-006091,0.009017568788315162,0,0.0,0.0,0.0
AST-006092,0.007613512352770353,0,0.0,0.0,0.0
AST-006093,0.004586667598523096,0,0.0,0.0,0.0
AST-006094,0.002125895916675283,0,0.0,0.0,0.0
AST-006095,0.09709255199540641,0,0.0,0.0,0.0
AST-006096,0.00406357867247502,0,0.0,0.0,0.0
AST-006097,0.1105463104672795,0,0.0,0.0,0.0
AST-006098,0.016693437085336188,0,0.0,0.0,0.0
AST-006099,0.2829736054649545,1,247043.1570614632,74262.48491208199,30.89987685824547
AST-006100,0.03339763013810537,0,0.0,0.0,0.0
AST-006101,0.24747686540167343,0,0.0,0.0,0.0
AST-006102,0.016063973036523238,0,0.0,0.0,0.0
AST-006103,0.13895929893785394,0,0.0,0.0,0.0
AST-006104,0.11276591887943704,0,0.0,0.0,0.0
AST-006105,0.041050340290367984,0,0.0,0.0,0.0
AST-006106,0.4166689542212181,0,0.0,0.0,0.0
AST-006107,0.03962862351860023,0,0.0,0.0,0.0
AST-006108,0.009036481279027312,0,0.0,0.0,0.0
AST-006109,0.2546952272187354,0,0.0,0.0,0.0
AST-006110,0.11309562849438018,1,178735.08719481292,37887.97885591681,5.190237842941908
AST-006111,0.033892890507519015,0,0.0,0.0,0.0
AST-006112,0.06175041676884092,0,0.0,0.0,0.0
AST-006113,0.02759915839088878,0,0.0,0.0,0.0
AST-006114,0.06349017056028843,0,0.0,0.0,0.0
AST-006115,0.09080522019070708,0,0.0,0.0,0.0
AST-006116,0.09375008696909641,0,0.0,0.0,0.0
AST-006117,0.03671465663133085,0,0.0,0.0,0.0
AST-006118,0.023557064484714292,0,0.0,0.0,0.0
AST-006119,0.020177887406145914,0,0.0,0.0,0.0
AST-006120,0.15926842292044327,1,128646.3381811395,23481.498532647383,46.122346792039316
AST-006121,0.03261944686645298,0,0.0,0.0,0.0
AST-006122,0.12459581276300752,0,0.0,0.0,0.0
AST-006123,0.003128848430588068,0,0.0,0.0,0.0
AST-006124,0.032471619172046204,0,0.0,0.0,0.0
AST-006125,0.026841938890945462,0,0.0,0.0,0.0
AST-006126,0.28508070959481846,1,20071.349887469903,3727.1385875246283,19.713703519103905
AST-006127,0.024270889272352596,0,0.0,0.0,0.0
AST-006128,0.004680401597299881,0,0.0,0.0,0.0
AST-006129,0.0056443023622792104,0,0.0,0.0,0.0
AST-006130,0.009999852844811682,0,0.0,0.0,0.0
AST-006131,0.06650138649450724,0,0.0,0.0,0.0
AST-006132,0.0029026050008858157,0,0.0,0.0,0.0
AST-006133,0.02249279156122003,1,45303.4965383432,6876.020832986753,42.424354345962456
AST-006134,0.07728794518080356,0,0.0,0.0,0.0
AST-006135,0.2790753262621843,1,30836.418697791807,8357.477552041873,76.23746888293523
AST-006136,0.010757493392454177,0,0.0,0.0,0.0
AST-006137,0.07314576468599077,0,0.0,0.0,0.0
AST-006138,0.022059285382212895,0,0.0,0.0,0.0
AST-006139,0.12158308138834091,0,0.0,0.0,0.0
AST-006140,0.017506751111020763,0,0.0,0.0,0.0
AST-006141,0.015543525004186029,0,0.0,0.0,0.0
AST-006142,0.7706833997300436,0,0.0,0.0,0.0
AST-006143,0.0017024089991309638,0,0.0,0.0,0.0
AST-006144,0.0702961147769483,0,0.0,0.0,0.0
AST-006145,0.037337571668856144,0,0.0,0.0,0.0
AST-006146,0.0033765265864675134,0,0.0,0.0,0.0
AST-006147,0.013207931865405994,0,0.0,0.0,0.0
AST-006148,0.0033313021229578626,0,0.0,0.0,0.0
AST-006149,0.26163453112897006,1,5862416.889252723,2130377.0758958412,108.67941223817795
AST-006150,0.2352825008309487,0,0.0,0.0,0.0
AST-006151,0.09477597518262662,0,0.0,0.0,0.0
AST-006152,0.0071103222583630814,0,0.0,0.0,0.0
AST-006153,0.008003030662035795,0,0.0,0.0,0.0
AST-006154,0.4535442844270825,1,443641.4025783799,113249.2849144652,11.472460668596026
AST-006155,0.029381786575777426,0,0.0,0.0,0.0
AST-006156,0.08172625298297927,0,0.0,0.0,0.0
AST-006157,0.03826143525855875,0,0.0,0.0,0.0
AST-006158,0.030344995014673953,0,0.0,0.0,0.0
AST-006159,0.7448799102632366,1,124305.99667305259,45406.3287384451,25.10671111068215
AST-006160,0.05077137426254926,0,0.0,0.0,0.0
AST-006161,0.0749227733106567,0,0.0,0.0,0.0
AST-006162,0.01812662438974172,0,0.0,0.0,0.0
AST-006163,0.04872096101358747,0,0.0,0.0,0.0
AST-006164,0.3232082142119932,1,8690.670348385294,2213.6683737480807,36.6029159840453
AST-006165,0.09163123024612786,0,0.0,0.0,0.0
AST-006166,0.21157416357308492,0,0.0,0.0,0.0
AST-006167,0.06540749198433475,0,0.0,0.0,0.0
AST-006168,0.012690407534911042,0,0.0,0.0,0.0
AST-006169,0.01529436894508504,0,0.0,0.0,0.0
AST-006170,0.031686656493793625,0,0.0,0.0,0.0
AST-006171,0.0030659057156629224,0,0.0,0.0,0.0
AST-006172,0.0037685496662029387,0,0.0,0.0,0.0
AST-006173,0.00785025797607172,0,0.0,0.0,0.0
AST-006174,0.010457889560687782,0,0.0,0.0,0.0
AST-006175,0.0077742916105990115,0,0.0,0.0,0.0
AST-006176,0.11480331908647796,0,0.0,0.0,0.0
AST-006177,0.07041291468930237,0,0.0,0.0,0.0
AST-006178,0.15699965993561799,0,0.0,0.0,0.0
AST-006179,0.048966559374491486,0,0.0,0.0,0.0
AST-006180,0.012059850206493342,0,0.0,0.0,0.0
AST-006181,0.03932043754329397,0,0.0,0.0,0.0
AST-006182,0.07939188133458958,0,0.0,0.0,0.0
AST-006183,0.03043715798791905,0,0.0,0.0,0.0
AST-006184,0.03491136485156393,0,0.0,0.0,0.0
AST-006185,0.00830888364400532,0,0.0,0.0,0.0
AST-006186,0.016272896632804644,0,0.0,0.0,0.0
AST-006187,0.014324377937358333,0,0.0,0.0,0.0
AST-006188,0.2903958672858458,0,0.0,0.0,0.0
AST-006189,0.01651564040433181,0,0.0,0.0,0.0
AST-006190,0.034474765626594135,0,0.0,0.0,0.0
AST-006191,0.02469659989831195,0,0.0,0.0,0.0
AST-006192,0.1447608569978781,1,392229.4580485875,87165.41526571562,2.199498756615078
AST-006193,0.096477767241073,0,0.0,0.0,0.0
AST-006194,0.03517043906120951,0,0.0,0.0,0.0
AST-006195,0.4603525746504602,0,0.0,0.0,0.0
AST-006196,0.1434980436494589,0,0.0,0.0,0.0
AST-006197,0.4623945569935717,1,2255030.9433927005,252173.15301427428,23.657324704475098
AST-006198,0.027177415483600344,0,0.0,0.0,0.0
AST-006199,0.15445410959695263,0,0.0,0.0,0.0
AST-006200,0.04724935382219883,0,0.0,0.0,0.0
AST-006201,0.07511928565495406,0,0.0,0.0,0.0
AST-006202,0.004685862605963283,0,0.0,0.0,0.0
AST-006203,0.0035337741917719472,0,0.0,0.0,0.0
AST-006204,0.14663107561931224,1,769858.3405987198,113977.61032762215,65.28164124790304
AST-006205,0.00216378060665049,0,0.0,0.0,0.0
AST-006206,0.011508743452079846,0,0.0,0.0,0.0
AST-006207,0.004374772955964887,0,0.0,0.0,0.0
AST-006208,0.19802277326519135,0,0.0,0.0,0.0
AST-006209,0.17804149971237676,0,0.0,0.0,0.0
AST-006210,0.036441874076780977,0,0.0,0.0,0.0
AST-006211,0.031090535382475547,0,0.0,0.0,0.0
AST-006212,0.018749763851572135,0,0.0,0.0,0.0
AST-006213,0.055492560628209654,0,0.0,0.0,0.0
AST-006214,0.0034209839495811085,0,0.0,0.0,0.0
AST-006215,0.02283907654850639,0,0.0,0.0,0.0
AST-006216,0.012225202819461229,0,0.0,0.0,0.0
AST-006217,0.006182246988465864,0,0.0,0.0,0.0
AST-006218,0.012085660944038729,0,0.0,0.0,0.0
AST-006219,0.0062715575014715575,1,117771.1403341709,15146.630381818977,112.72285447131432
AST-006220,0.047031213261519676,0,0.0,0.0,0.0
AST-006221,0.14851125643978882,1,759624.5889184047,298929.7432315537,14.25699911498359
AST-006222,0.02196117123780053,0,0.0,0.0,0.0
AST-006223,0.014485921827496426,0,0.0,0.0,0.0
AST-006224,0.004302620314094564,0,0.0,0.0,0.0
AST-006225,0.09649743180625037,0,0.0,0.0,0.0
AST-006226,0.05153342114542438,0,0.0,0.0,0.0
AST-006227,0.010268246805995111,0,0.0,0.0,0.0
AST-006228,0.0072315211166155335,0,0.0,0.0,0.0
AST-006229,0.022062634188311326,0,0.0,0.0,0.0
AST-006230,0.006153031833671262,0,0.0,0.0,0.0
AST-006231,0.01975606465568319,0,0.0,0.0,0.0
AST-006232,0.017983387431922095,0,0.0,0.0,0.0
AST-006233,0.02541475393812243,0,0.0,0.0,0.0
AST-006234,0.014647135510876947,0,0.0,0.0,0.0
AST-006235,0.0015793742209622686,0,0.0,0.0,0.0
AST-006236,0.043964379468490085,0,0.0,0.0,0.0
AST-006237,0.20183930127099975,0,0.0,0.0,0.0
AST-006238,0.0042020605570605996,0,0.0,0.0,0.0
AST-006239,0.049621577795924444,0,0.0,0.0,0.0
AST-006240,0.001987385960968548,0,0.0,0.0,0.0
AST-006241,0.004433896655929681,0,0.0,0.0,0.0
AST-006242,0.31806841167311384,0,0.0,0.0,0.0
AST-006243,0.004770818856942145,0,0.0,0.0,0.0
AST-006244,0.003033200596803496,0,0.0,0.0,0.0
AST-006245,0.005636796446280103,0,0.0,0.0,0.0
AST-006246,0.002292752077740782,0,0.0,0.0,0.0
AST-006247,0.0492536678492445,0,0.0,0.0,0.0
AST-006248,0.010400371680998053,0,0.0,0.0,0.0
AST-006249,0.0893649024580073,1,96433.18415544991,17760.346955940466,3.2038822989705387
AST-006250,0.10504798837036836,0,0.0,0.0,0.0
AST-006251,0.2807240519530367,0,0.0,0.0,0.0
AST-006252,0.6106202920183993,1,28537.561833067273,10750.484798094105,32.42433235950982
AST-006253,0.0032769215606541086,0,0.0,0.0,0.0
AST-006254,0.2063495549838612,1,88530.54010881511,10217.16842844754,63.21908356714177
AST-006255,0.3240772713863088,0,0.0,0.0,0.0
AST-006256,0.24790924426306193,0,0.0,0.0,0.0
AST-006257,0.47424780282246104,1,76817.5781309237,30456.903543993594,17.534403025217863
AST-006258,0.02687408528228351,0,0.0,0.0,0.0
AST-006259,0.031060511639439643,0,0.0,0.0,0.0
AST-006260,0.0662656143442519,0,0.0,0.0,0.0
AST-006261,0.3415148403233889,1,132956.3930920054,24845.069638706536,33.13129042719411
AST-006262,0.019074297598783953,0,0.0,0.0,0.0
AST-006263,0.03748408467093473,0,0.0,0.0,0.0
AST-006264,0.011024843007637926,0,0.0,0.0,0.0
AST-006265,0.16869994638294614,0,0.0,0.0,0.0
AST-006266,0.026991787899898142,0,0.0,0.0,0.0
AST-006267,0.012378905316080902,0,0.0,0.0,0.0
AST-006268,0.008390104196832202,0,0.0,0.0,0.0
AST-006269,0.11979308683716747,0,0.0,0.0,0.0
AST-006270,0.11177641320897395,0,0.0,0.0,0.0
AST-006271,0.07920878064821861,0,0.0,0.0,0.0
AST-006272,0.07440130749668046,0,0.0,0.0,0.0
AST-006273,0.4111279369305726,0,0.0,0.0,0.0
AST-006274,0.03519357122944866,0,0.0,0.0,0.0
AST-006275,0.05316959999576165,0,0.0,0.0,0.0
AST-006276,0.01308338173578882,0,0.0,0.0,0.0
AST-006277,0.0071557242768836,0,0.0,0.0,0.0
AST-006278,0.005087786757675916,0,0.0,0.0,0.0
AST-006279,0.00699424974082998,0,0.0,0.0,0.0
AST-006280,0.4557753181961476,0,0.0,0.0,0.0
AST-006281,0.00327018971388227,0,0.0,0.0,0.0
AST-006282,0.02068298516289131,0,0.0,0.0,0.0
AST-006283,0.039444450634774024,0,0.0,0.0,0.0
AST-006284,0.010359731198009514,0,0.0,0.0,0.0
AST-006285,0.14501402264926413,0,0.0,0.0,0.0
AST-006286,0.1031083863960808,0,0.0,0.0,0.0
AST-006287,0.003245260713196665,0,0.0,0.0,0.0
AST-006288,0.005094128319648122,0,0.0,0.0,0.0
AST-006289,0.5640002683897266,0,0.0,0.0,0.0
AST-006290,0.02298666307934078,0,0.0,0.0,0.0
AST-006291,0.09538727615098605,0,0.0,0.0,0.0
AST-006292,0.03367363020254292,0,0.0,0.0,0.0
AST-006293,0.005609371684207194,0,0.0,0.0,0.0
AST-006294,0.20626551460188486,0,0.0,0.0,0.0
AST-006295,0.05215383067553954,0,0.0,0.0,0.0
AST-006296,0.09294110684688357,0,0.0,0.0,0.0
AST-006297,0.00510729094437984,0,0.0,0.0,0.0
AST-006298,0.0017970115632479826,0,0.0,0.0,0.0
AST-006299,0.01955827395926014,0,0.0,0.0,0.0
AST-006300,0.10520310798370869,0,0.0,0.0,0.0
AST-006301,0.6920569527714414,1,110512.67791748855,23606.169887504762,49.37308290201349
AST-006302,0.02280599999358239,0,0.0,0.0,0.0
AST-006303,0.0071156141271153895,0,0.0,0.0,0.0
AST-006304,0.017766905081759318,0,0.0,0.0,0.0
AST-006305,0.007365845071960168,0,0.0,0.0,0.0
AST-006306,0.02764059072668537,0,0.0,0.0,0.0
AST-006307,0.020959642041956925,0,0.0,0.0,0.0
AST-006308,0.02007800986429735,0,0.0,0.0,0.0
AST-006309,0.011608620571638861,0,0.0,0.0,0.0
AST-006310,0.003535306802837078,0,0.0,0.0,0.0
AST-006311,0.3862646451371831,0,0.0,0.0,0.0
AST-006312,0.36192345350970995,0,0.0,0.0,0.0
AST-006313,0.0179276381946058,0,0.0,0.0,0.0
AST-006314,0.014317449681992334,0,0.0,0.0,0.0
AST-006315,0.05054816768620908,0,0.0,0.0,0.0
AST-006316,0.01814225468756384,0,0.0,0.0,0.0
AST-006317,0.16176888976912607,0,0.0,0.0,0.0
AST-006318,0.4648912934485225,0,0.0,0.0,0.0
AST-006319,0.05369219210265094,0,0.0,0.0,0.0
AST-006320,0.014490400254389966,0,0.0,0.0,0.0
AST-006321,0.03709288878537939,0,0.0,0.0,0.0
AST-006322,0.0035962262490415032,0,0.0,0.0,0.0
AST-006323,0.17991189810782035,1,1861151.7416011305,449286.4284328611,32.262895492872175
AST-006324,0.007299743602808757,0,0.0,0.0,0.0
AST-006325,0.21841173611605827,0,0.0,0.0,0.0
AST-006326,0.020579690486206583,0,0.0,0.0,0.0
AST-006327,0.017182855206877987,0,0.0,0.0,0.0
AST-006328,0.01367750370094223,0,0.0,0.0,0.0
AST-006329,0.022956111784625914,1,69439.74961769179,22896.066684287776,74.44157316212407
AST-006330,0.014841494054683472,0,0.0,0.0,0.0
AST-006331,0.04187464723082649,0,0.0,0.0,0.0
AST-006332,0.3143612152463255,0,0.0,0.0,0.0
AST-006333,0.0408338829544147,0,0.0,0.0,0.0
AST-006334,0.028137864358130794,0,0.0,0.0,0.0
AST-006335,0.16740419610568055,0,0.0,0.0,0.0
AST-006336,0.18494492089466866,0,0.0,0.0,0.0
AST-006337,0.09122214434493572,0,0.0,0.0,0.0
AST-006338,0.042212930918199706,0,0.0,0.0,0.0
AST-006339,0.1581814918150624,0,0.0,0.0,0.0
AST-006340,0.002342211215779063,0,0.0,0.0,0.0
AST-006341,0.0658754775868401,0,0.0,0.0,0.0
AST-006342,0.013157461702975165,0,0.0,0.0,0.0
AST-006343,0.00443100723327528,0,0.0,0.0,0.0
AST-006344,0.4838677380283505,0,0.0,0.0,0.0
AST-006345,0.026203896527923376,0,0.0,0.0,0.0
AST-006346,0.03830575165738646,0,0.0,0.0,0.0
AST-006347,0.05507877477643137,0,0.0,0.0,0.0
AST-006348,0.018536335186775478,0,0.0,0.0,0.0
AST-006349,0.11324053334998371,0,0.0,0.0,0.0
AST-006350,0.005515382976773363,0,0.0,0.0,0.0
AST-006351,0.2865224951155186,0,0.0,0.0,0.0
AST-006352,0.007225348664389669,0,0.0,0.0,0.0
AST-006353,0.0149701494594488,0,0.0,0.0,0.0
AST-006354,0.13648739717883332,0,0.0,0.0,0.0
AST-006355,0.010792780908385239,0,0.0,0.0,0.0
AST-006356,0.00842148853225753,0,0.0,0.0,0.0
AST-006357,0.02108758266801834,0,0.0,0.0,0.0
AST-006358,0.03861641110197801,0,0.0,0.0,0.0
AST-006359,0.012271055155403929,0,0.0,0.0,0.0
AST-006360,0.023622786832579765,0,0.0,0.0,0.0
AST-006361,0.012424799165103782,0,0.0,0.0,0.0
AST-006362,0.015696555969346344,0,0.0,0.0,0.0
AST-006363,0.0081747942647854,0,0.0,0.0,0.0
AST-006364,0.04803233875110884,0,0.0,0.0,0.0
AST-006365,0.0110507444671321,0,0.0,0.0,0.0
AST-006366,0.036606811998339726,0,0.0,0.0,0.0
AST-006367,0.0503311696402815,0,0.0,0.0,0.0
AST-006368,0.11908868397832942,0,0.0,0.0,0.0
AST-006369,0.028430174023254387,0,0.0,0.0,0.0
AST-006370,0.20872985701015576,0,0.0,0.0,0.0
AST-006371,0.01014039540942144,0,0.0,0.0,0.0
AST-006372,0.0542248506458797,0,0.0,0.0,0.0
AST-006373,0.07096330503926586,0,0.0,0.0,0.0
AST-006374,0.010415931858821371,0,0.0,0.0,0.0
AST-006375,0.08051862701233786,0,0.0,0.0,0.0
AST-006376,0.017687291741681533,0,0.0,0.0,0.0
AST-006377,0.055442137162494465,0,0.0,0.0,0.0
AST-006378,0.04045667602464475,0,0.0,0.0,0.0
AST-006379,0.005885661012363215,0,0.0,0.0,0.0
AST-006380,0.10767572932279586,0,0.0,0.0,0.0
AST-006381,0.023211219501150127,0,0.0,0.0,0.0
AST-006382,0.8327668754096131,1,525091.2631773177,183287.2721416099,17.756993813233684
AST-006383,0.22660882882336578,0,0.0,0.0,0.0
AST-006384,0.2802010698707385,0,0.0,0.0,0.0
AST-006385,0.010718166111399348,0,0.0,0.0,0.0
AST-006386,0.026497296772073405,0,0.0,0.0,0.0
AST-006387,0.011399315597886409,0,0.0,0.0,0.0
AST-006388,0.030080507622437552,0,0.0,0.0,0.0
AST-006389,0.07724049178233781,0,0.0,0.0,0.0
AST-006390,0.04992126653160502,0,0.0,0.0,0.0
AST-006391,0.020678435502993878,1,274982.51201905176,34943.97313625473,11.200052343747595
AST-006392,0.015518240254698959,0,0.0,0.0,0.0
AST-006393,0.011821363098989937,0,0.0,0.0,0.0
AST-006394,0.3025002791605529,0,0.0,0.0,0.0
AST-006395,0.008449532827748962,0,0.0,0.0,0.0
AST-006396,0.03355956760128167,0,0.0,0.0,0.0
AST-006397,0.01473292781411693,0,0.0,0.0,0.0
AST-006398,0.023867166451559424,0,0.0,0.0,0.0
AST-006399,0.007497744599233535,0,0.0,0.0,0.0
AST-006400,0.020664366320772898,0,0.0,0.0,0.0
AST-006401,0.043644883279350004,0,0.0,0.0,0.0
AST-006402,0.08493569275186069,0,0.0,0.0,0.0
AST-006403,0.004661615272542231,0,0.0,0.0,0.0
AST-006404,0.0032109351664036416,0,0.0,0.0,0.0
AST-006405,0.0309772029522637,0,0.0,0.0,0.0
AST-006406,0.5289447628475277,1,114988.72830814758,33584.54909937499,1.3446087032543668
AST-006407,0.2742815941122504,1,101011.25608311823,29397.705692462183,26.51276542011312
AST-006408,0.0049678925765755284,0,0.0,0.0,0.0
AST-006409,0.014883595535009274,0,0.0,0.0,0.0
AST-006410,0.02365808905060916,0,0.0,0.0,0.0
AST-006411,0.0040594484731147264,0,0.0,0.0,0.0
AST-006412,0.016135042600351056,0,0.0,0.0,0.0
AST-006413,0.07888817129673899,0,0.0,0.0,0.0
AST-006414,0.013006115522653709,0,0.0,0.0,0.0
AST-006415,0.15055003120450977,0,0.0,0.0,0.0
AST-006416,0.0073549831844226254,0,0.0,0.0,0.0
AST-006417,0.05218895656352979,0,0.0,0.0,0.0
AST-006418,0.007224002434275322,0,0.0,0.0,0.0
AST-006419,0.14975409034340562,0,0.0,0.0,0.0
AST-006420,0.08645563223317605,0,0.0,0.0,0.0
AST-006421,0.0076813754947278,0,0.0,0.0,0.0
AST-006422,0.06161967290398249,0,0.0,0.0,0.0
AST-006423,0.0057908203667540094,0,0.0,0.0,0.0
AST-006424,0.03793334235241516,0,0.0,0.0,0.0
AST-006425,0.004501062949060703,0,0.0,0.0,0.0
AST-006426,0.0480962966083536,0,0.0,0.0,0.0
AST-006427,0.027142291477572338,0,0.0,0.0,0.0
AST-006428,0.0076344415512514556,0,0.0,0.0,0.0
AST-006429,0.044966279464666505,0,0.0,0.0,0.0
AST-006430,0.0199359986697801,0,0.0,0.0,0.0
AST-006431,0.02834136368301251,0,0.0,0.0,0.0
AST-006432,0.03955041630490189,0,0.0,0.0,0.0
AST-006433,0.010054969639575449,0,0.0,0.0,0.0
AST-006434,0.05716469508593973,0,0.0,0.0,0.0
AST-006435,0.00658734404789635,0,0.0,0.0,0.0
AST-006436,0.050460725718843004,0,0.0,0.0,0.0
AST-006437,0.023613919816605204,0,0.0,0.0,0.0
AST-006438,0.21271529566177616,0,0.0,0.0,0.0
AST-006439,0.08632543885667422,0,0.0,0.0,0.0
AST-006440,0.08740636551180417,0,0.0,0.0,0.0
AST-006441,0.17960516520332895,1,1591638.8445809558,617031.1094490808,8.52955784837309
AST-006442,0.01598751181428493,0,0.0,0.0,0.0
AST-006443,0.01277431909302068,0,0.0,0.0,0.0
AST-006444,0.5131062630650739,0,0.0,0.0,0.0
AST-006445,0.014588041635717634,0,0.0,0.0,0.0
AST-006446,0.09243718526183534,0,0.0,0.0,0.0
AST-006447,0.011453757367226607,0,0.0,0.0,0.0
AST-006448,0.3779894165643273,1,239802.87996594034,67901.18248633783,1.79486284849732
AST-006449,0.2747411326350032,1,325823.4832511057,116435.4791056069,42.918171311450166
AST-006450,0.10485356512926026,0,0.0,0.0,0.0
AST-006451,0.04431902830666067,0,0.0,0.0,0.0
AST-006452,0.004100374348931758,0,0.0,0.0,0.0
AST-006453,0.0629646004323133,0,0.0,0.0,0.0
AST-006454,0.2621606686267547,0,0.0,0.0,0.0
AST-006455,0.002766587094799777,0,0.0,0.0,0.0
AST-006456,0.004257248634149723,0,0.0,0.0,0.0
AST-006457,0.05310659839647927,0,0.0,0.0,0.0
AST-006458,0.016431852300904444,0,0.0,0.0,0.0
AST-006459,0.003947126015531638,0,0.0,0.0,0.0
AST-006460,0.1146870296695414,0,0.0,0.0,0.0
AST-006461,0.007883070364648987,0,0.0,0.0,0.0
AST-006462,0.13042718513798726,0,0.0,0.0,0.0
AST-006463,0.016541600079513333,0,0.0,0.0,0.0
AST-006464,0.020023858099507234,0,0.0,0.0,0.0
AST-006465,0.009867582818943963,0,0.0,0.0,0.0
AST-006466,0.028834227850173588,0,0.0,0.0,0.0
AST-006467,0.003477864275358409,0,0.0,0.0,0.0
AST-006468,0.022115044460476907,0,0.0,0.0,0.0
AST-006469,0.005404888142187709,0,0.0,0.0,0.0
AST-006470,0.0248400278840381,0,0.0,0.0,0.0
AST-006471,0.0195458339037118,0,0.0,0.0,0.0
AST-006472,0.1136040426199534,1,304906.6253079414,99534.56004005433,12.337169994682064
AST-006473,0.15578425048812866,0,0.0,0.0,0.0
AST-006474,0.026544926452476615,0,0.0,0.0,0.0
AST-006475,0.0026669199185286453,0,0.0,0.0,0.0
AST-006476,0.018720282430897437,0,0.0,0.0,0.0
AST-006477,0.007748702913638539,0,0.0,0.0,0.0
AST-006478,0.13094355360952392,1,23755.201355157737,5623.255253078208,60.64322126121682
AST-006479,0.02208662763829464,0,0.0,0.0,0.0
AST-006480,0.8868127664460483,1,5379.004541996654,649.7698063188606,4.0988136177310786
AST-006481,0.06812443585707946,0,0.0,0.0,0.0
AST-006482,0.007826238844812464,0,0.0,0.0,0.0
AST-006483,0.29124352082694016,0,0.0,0.0,0.0
AST-006484,0.01508617696169571,0,0.0,0.0,0.0
AST-006485,0.0015478842766510003,0,0.0,0.0,0.0
AST-006486,0.06994873826290605,0,0.0,0.0,0.0
AST-006487,0.002676033128794691,0,0.0,0.0,0.0
AST-006488,0.03579248780483685,0,0.0,0.0,0.0
AST-006489,0.005105797425963546,0,0.0,0.0,0.0
AST-006490,0.007085593418772521,0,0.0,0.0,0.0
AST-006491,0.008416572333702382,0,0.0,0.0,0.0
AST-006492,0.013393915304016926,0,0.0,0.0,0.0
AST-006493,0.04669913834032138,0,0.0,0.0,0.0
AST-006494,0.11550682277226985,0,0.0,0.0,0.0
AST-006495,0.035121456716730996,0,0.0,0.0,0.0
AST-006496,0.04059594127962618,0,0.0,0.0,0.0
AST-006497,0.02750899254016789,0,0.0,0.0,0.0
AST-006498,0.02938745974518201,0,0.0,0.0,0.0
AST-006499,0.037443302309392044,0,0.0,0.0,0.0
AST-006500,0.025092048118181626,0,0.0,0.0,0.0
AST-006501,0.07756334888385738,0,0.0,0.0,0.0
AST-006502,0.013980818226211462,0,0.0,0.0,0.0
AST-006503,0.012885864566671129,0,0.0,0.0,0.0
AST-006504,0.005565461434623355,0,0.0,0.0,0.0
AST-006505,0.003128419340531905,0,0.0,0.0,0.0
AST-006506,0.03306950373767222,0,0.0,0.0,0.0
AST-006507,0.012797824276400124,0,0.0,0.0,0.0
AST-006508,0.006557581913905974,0,0.0,0.0,0.0
AST-006509,0.008760111156594714,0,0.0,0.0,0.0
AST-006510,0.02034464679069049,0,0.0,0.0,0.0
AST-006511,0.016937593863712914,0,0.0,0.0,0.0
AST-006512,0.008524439165422339,0,0.0,0.0,0.0
AST-006513,0.39986559458841286,1,444947.46092096803,176332.64937098083,26.854975178979238
AST-006514,0.004242481664452125,0,0.0,0.0,0.0
AST-006515,0.07025835650899738,0,0.0,0.0,0.0
AST-006516,0.2545353562351121,0,0.0,0.0,0.0
AST-006517,0.002844526698546069,0,0.0,0.0,0.0
AST-006518,0.011382317833420889,0,0.0,0.0,0.0
AST-006519,0.23231504743066456,0,0.0,0.0,0.0
AST-006520,0.0025795599186518464,0,0.0,0.0,0.0
AST-006521,0.28407256674836423,1,1104066.1316630635,434985.4194574648,0.8676349149045453
AST-006522,0.004952784656943869,0,0.0,0.0,0.0
AST-006523,0.005649038110172933,0,0.0,0.0,0.0
AST-006524,0.007907802623926458,0,0.0,0.0,0.0
AST-006525,0.014472985914555531,0,0.0,0.0,0.0
AST-006526,0.2860908216564958,1,6831162.118589309,2090206.8048156216,2.24237111676264
AST-006527,0.06930427981044875,0,0.0,0.0,0.0
AST-006528,0.532855103168545,0,0.0,0.0,0.0
AST-006529,0.0068492167893965915,0,0.0,0.0,0.0
AST-006530,0.01226306916789542,0,0.0,0.0,0.0
AST-006531,0.06692876287679363,0,0.0,0.0,0.0
AST-006532,0.004883788461654522,0,0.0,0.0,0.0
AST-006533,0.012217085694698256,0,0.0,0.0,0.0
AST-006534,0.045792752393714255,0,0.0,0.0,0.0
AST-006535,0.012670387208978997,0,0.0,0.0,0.0
AST-006536,0.7761899956721479,1,285503.8910250609,41636.820075085074,26.99346159999363
AST-006537,0.034641214688660764,0,0.0,0.0,0.0
AST-006538,0.2650405340357176,0,0.0,0.0,0.0
AST-006539,0.01783253022660658,0,0.0,0.0,0.0
AST-006540,0.25842879065627966,1,485509.8322704815,122349.87162646066,13.118582065251342
AST-006541,0.004402156376017042,0,0.0,0.0,0.0
AST-006542,0.13362338710667251,1,627529.023704266,97908.59563489672,3.2201109731646884
AST-006543,0.009085387142647143,0,0.0,0.0,0.0
AST-006544,0.5262624296436247,0,0.0,0.0,0.0
AST-006545,0.1802725234148227,0,0.0,0.0,0.0
AST-006546,0.04520395080890398,0,0.0,0.0,0.0
AST-006547,0.012021706224234017,0,0.0,0.0,0.0
AST-006548,0.025950889040933078,0,0.0,0.0,0.0
AST-006549,0.11780736361225612,0,0.0,0.0,0.0
AST-006550,0.006695678152523085,0,0.0,0.0,0.0
AST-006551,0.01534689377980017,0,0.0,0.0,0.0
AST-006552,0.0069549802634691115,0,0.0,0.0,0.0
AST-006553,0.07732968251688493,0,0.0,0.0,0.0
AST-006554,0.030765327913601058,0,0.0,0.0,0.0
AST-006555,0.008698179543219959,0,0.0,0.0,0.0
AST-006556,0.016367442534549928,0,0.0,0.0,0.0
AST-006557,0.004759562186875235,0,0.0,0.0,0.0
AST-006558,0.05586505262584592,0,0.0,0.0,0.0
AST-006559,0.0455721355816962,0,0.0,0.0,0.0
AST-006560,0.03178517189696735,0,0.0,0.0,0.0
AST-006561,0.0028422867425749354,0,0.0,0.0,0.0
AST-006562,0.009294034074409208,0,0.0,0.0,0.0
AST-006563,0.09693426182528378,0,0.0,0.0,0.0
AST-006564,0.15249809442384735,0,0.0,0.0,0.0
AST-006565,0.025040600980976595,0,0.0,0.0,0.0
AST-006566,0.014777522109342158,0,0.0,0.0,0.0
AST-006567,0.0029522495818372287,0,0.0,0.0,0.0
AST-006568,0.010563667147145671,0,0.0,0.0,0.0
AST-006569,0.5650911206786768,1,228528.91732148163,69068.07987135941,15.88828201384867
AST-006570,0.01858675932475104,0,0.0,0.0,0.0
AST-006571,0.0032997238067273907,0,0.0,0.0,0.0
AST-006572,0.008106672475130543,0,0.0,0.0,0.0
AST-006573,0.026404559773411267,0,0.0,0.0,0.0
AST-006574,0.010704882458111006,0,0.0,0.0,0.0
AST-006575,0.042115886935005925,0,0.0,0.0,0.0
AST-006576,0.10453939022617532,0,0.0,0.0,0.0
AST-006577,0.009202833185819412,0,0.0,0.0,0.0
AST-006578,0.011103336986633922,0,0.0,0.0,0.0
AST-006579,0.19610215221994984,0,0.0,0.0,0.0
AST-006580,0.01413399238041315,0,0.0,0.0,0.0
AST-006581,0.03326044086664213,0,0.0,0.0,0.0
AST-006582,0.02476878151172215,0,0.0,0.0,0.0
AST-006583,0.005915154709197201,0,0.0,0.0,0.0
AST-006584,0.010474500626634598,0,0.0,0.0,0.0
AST-006585,0.25516310009753995,0,0.0,0.0,0.0
AST-006586,0.0006465238354827844,0,0.0,0.0,0.0
AST-006587,0.37694040104629317,1,124578.24029523616,25403.660231158112,22.044211769067804
AST-006588,0.015936657099940105,0,0.0,0.0,0.0
AST-006589,0.02092845326630449,0,0.0,0.0,0.0
AST-006590,0.024302222466669465,0,0.0,0.0,0.0
AST-006591,0.07774411756570661,1,128391.93803305691,50334.56298214192,9.55572024205778
AST-006592,0.0048416572774285125,0,0.0,0.0,0.0
AST-006593,0.010180796927877388,0,0.0,0.0,0.0
AST-006594,0.005161724365015374,0,0.0,0.0,0.0
AST-006595,0.016232276186684078,0,0.0,0.0,0.0
AST-006596,0.013691426704117935,0,0.0,0.0,0.0
AST-006597,0.03771796339634915,0,0.0,0.0,0.0
AST-006598,0.00461767262610172,0,0.0,0.0,0.0
AST-006599,0.029012603086469888,0,0.0,0.0,0.0
AST-006600,0.004884973494418586,0,0.0,0.0,0.0
AST-006601,0.010975893458006767,0,0.0,0.0,0.0
AST-006602,0.06308304857007486,0,0.0,0.0,0.0
AST-006603,0.020491207882700074,0,0.0,0.0,0.0
AST-006604,0.007882145692164503,0,0.0,0.0,0.0
AST-006605,0.11302443648491015,0,0.0,0.0,0.0
AST-006606,0.011103844235399065,0,0.0,0.0,0.0
AST-006607,0.028572043268992275,0,0.0,0.0,0.0
AST-006608,0.6213248596558434,1,102006.30368135682,19301.52459853008,131.9323124884501
AST-006609,0.04452980984510676,0,0.0,0.0,0.0
AST-006610,0.0170612127084851,0,0.0,0.0,0.0
AST-006611,0.3285406537930561,1,54317.432127924454,12126.207993993588,44.53772908909963
AST-006612,0.038144754784475085,0,0.0,0.0,0.0
AST-006613,0.10493481159077288,0,0.0,0.0,0.0
AST-006614,0.0164060271315833,0,0.0,0.0,0.0
AST-006615,0.018505221833479264,0,0.0,0.0,0.0
AST-006616,0.014800366895463792,0,0.0,0.0,0.0
AST-006617,0.021404990206078816,0,0.0,0.0,0.0
AST-006618,0.08713960753779404,0,0.0,0.0,0.0
AST-006619,0.5113717993986028,0,0.0,0.0,0.0
AST-006620,0.004858526675194531,0,0.0,0.0,0.0
AST-006621,0.01720822611246922,0,0.0,0.0,0.0
AST-006622,0.05300633708486183,0,0.0,0.0,0.0
AST-006623,0.006011068836191594,0,0.0,0.0,0.0
AST-006624,0.09854485212938831,0,0.0,0.0,0.0
AST-006625,0.009724937918225943,0,0.0,0.0,0.0
AST-006626,0.01558274833934285,0,0.0,0.0,0.0
AST-006627,0.08417830840398206,0,0.0,0.0,0.0
AST-006628,0.017639952779981965,0,0.0,0.0,0.0
AST-006629,0.010289041116558153,0,0.0,0.0,0.0
AST-006630,0.031663984663082095,0,0.0,0.0,0.0
AST-006631,0.04443303788897266,0,0.0,0.0,0.0
AST-006632,0.009471724207746704,0,0.0,0.0,0.0
AST-006633,0.10807133333157304,0,0.0,0.0,0.0
AST-006634,0.010975904250555894,0,0.0,0.0,0.0
AST-006635,0.1885500674162895,0,0.0,0.0,0.0
AST-006636,0.20949151990435635,0,0.0,0.0,0.0
AST-006637,0.0025824259660491597,0,0.0,0.0,0.0
AST-006638,0.00624210268053286,0,0.0,0.0,0.0
AST-006639,0.018306466277277115,0,0.0,0.0,0.0
AST-006640,0.39191464998036357,1,305741.5217865351,68284.85412154098,1.331574926985501
AST-006641,0.005920590044858712,0,0.0,0.0,0.0
AST-006642,0.008601220077191695,0,0.0,0.0,0.0
AST-006643,0.001614017853582362,0,0.0,0.0,0.0
AST-006644,0.37035146395081586,1,1743912.3738143141,309102.5113920368,37.13788788749383
AST-006645,0.019411536048375987,0,0.0,0.0,0.0
AST-006646,0.014850178293400972,0,0.0,0.0,0.0
AST-006647,0.21891615874999837,0,0.0,0.0,0.0
AST-006648,0.055052405662457185,0,0.0,0.0,0.0
AST-006649,0.04911442046563941,0,0.0,0.0,0.0
AST-006650,0.00801545766445961,0,0.0,0.0,0.0
AST-006651,0.0033918249704343838,0,0.0,0.0,0.0
AST-006652,0.005498812741301097,0,0.0,0.0,0.0
AST-006653,0.7993099257265371,1,370989.1542903633,44426.5890742367,2.4518437828393136
AST-006654,0.005552321665029327,0,0.0,0.0,0.0
AST-006655,0.04351062723603959,0,0.0,0.0,0.0
AST-006656,0.5511177988151363,1,1129590.08816686,306108.4043769493,33.736487426351054
AST-006657,0.058639709360074274,0,0.0,0.0,0.0
AST-006658,0.16874266795842885,0,0.0,0.0,0.0
AST-006659,0.07723291396497502,0,0.0,0.0,0.0
AST-006660,0.0641133910607272,0,0.0,0.0,0.0
AST-006661,0.01960803592824726,0,0.0,0.0,0.0
AST-006662,0.015562894582528979,0,0.0,0.0,0.0
AST-006663,0.08414965717191698,0,0.0,0.0,0.0
AST-006664,0.010093155188201915,0,0.0,0.0,0.0
AST-006665,0.007275224460838244,0,0.0,0.0,0.0
AST-006666,0.08819576903335836,0,0.0,0.0,0.0
AST-006667,0.010017103964410376,0,0.0,0.0,0.0
AST-006668,0.3074804125345954,0,0.0,0.0,0.0
AST-006669,0.4230324718929143,1,1116005.5998825245,256079.45995393806,70.09234265459348
AST-006670,0.2520253080877798,0,0.0,0.0,0.0
AST-006671,0.07699134887731746,0,0.0,0.0,0.0
AST-006672,0.006200870143099957,0,0.0,0.0,0.0
AST-006673,0.016060854580637576,0,0.0,0.0,0.0
AST-006674,0.026743132296045774,0,0.0,0.0,0.0
AST-006675,0.013148865465716269,0,0.0,0.0,0.0
AST-006676,0.07465305151554766,0,0.0,0.0,0.0
AST-006677,0.01781001657522863,0,0.0,0.0,0.0
AST-006678,0.012361552635642392,0,0.0,0.0,0.0
AST-006679,0.09960196152738245,0,0.0,0.0,0.0
AST-006680,0.07503797146513051,0,0.0,0.0,0.0
AST-006681,0.0036755877225272695,0,0.0,0.0,0.0
AST-006682,0.017083497820541884,0,0.0,0.0,0.0
AST-006683,0.03870218509357406,0,0.0,0.0,0.0
AST-006684,0.004506795315892359,0,0.0,0.0,0.0
AST-006685,0.01133064209429147,0,0.0,0.0,0.0
AST-006686,0.0012125869748534916,0,0.0,0.0,0.0
AST-006687,0.19542801964109988,0,0.0,0.0,0.0
AST-006688,0.5088872806160074,1,572392.0229385289,153116.77851008472,29.67635138004885
AST-006689,0.4942908402484795,1,106950.88663866174,31779.047337481086,32.29157038009166
AST-006690,0.006843530776473782,0,0.0,0.0,0.0
AST-006691,0.20601873674151788,1,188951.61121872906,46450.593867816235,13.772741639125545
AST-006692,0.11780122202453341,0,0.0,0.0,0.0
AST-006693,0.1513134880635987,0,0.0,0.0,0.0
AST-006694,0.01377433836337671,0,0.0,0.0,0.0
AST-006695,0.032848077937007544,0,0.0,0.0,0.0
AST-006696,0.014184868600917083,0,0.0,0.0,0.0
AST-006697,0.015250021145055383,0,0.0,0.0,0.0
AST-006698,0.007250159903387892,0,0.0,0.0,0.0
AST-006699,0.3242512967044579,0,0.0,0.0,0.0
AST-006700,0.12743599765129968,0,0.0,0.0,0.0
AST-006701,0.07570589736806344,1,189638.16800600002,26850.99120903471,125.65342731082352
AST-006702,0.06377524769475328,0,0.0,0.0,0.0
AST-006703,0.009097407717183847,0,0.0,0.0,0.0
AST-006704,0.015287363117120482,0,0.0,0.0,0.0
AST-006705,0.008693249774919644,0,0.0,0.0,0.0
AST-006706,0.3264799456756411,0,0.0,0.0,0.0
AST-006707,0.0033608762657874676,0,0.0,0.0,0.0
AST-006708,0.2344424241815457,0,0.0,0.0,0.0
AST-006709,0.08056552492098805,0,0.0,0.0,0.0
AST-006710,0.018317896539774458,0,0.0,0.0,0.0
AST-006711,0.018391554431054166,0,0.0,0.0,0.0
AST-006712,0.11861927592198744,0,0.0,0.0,0.0
AST-006713,0.006760920436602396,0,0.0,0.0,0.0
AST-006714,0.048512711747373656,0,0.0,0.0,0.0
AST-006715,0.02857547361230654,1,81046.10485583144,28548.71701567714,38.61737277354895
AST-006716,0.09853388803802711,0,0.0,0.0,0.0
AST-006717,0.2600145719926659,0,0.0,0.0,0.0
AST-006718,0.19388162922817603,0,0.0,0.0,0.0
AST-006719,0.10769627102742745,0,0.0,0.0,0.0
AST-006720,0.10403402596298252,0,0.0,0.0,0.0
AST-006721,0.0031689803708607875,0,0.0,0.0,0.0
AST-006722,0.006974196519479364,0,0.0,0.0,0.0
AST-006723,0.06911924889847042,0,0.0,0.0,0.0
AST-006724,0.12083419970573797,0,0.0,0.0,0.0
AST-006725,0.002152616832450318,0,0.0,0.0,0.0
AST-006726,0.008825129718159862,0,0.0,0.0,0.0
AST-006727,0.02689163137456287,0,0.0,0.0,0.0
AST-006728,0.006466722544187249,0,0.0,0.0,0.0
AST-006729,0.06510502394071999,0,0.0,0.0,0.0
AST-006730,0.2898144081813128,1,15115.574438604264,1937.3738430400292,13.060132145462031
AST-006731,0.005540097826010227,0,0.0,0.0,0.0
AST-006732,0.04540724501958887,0,0.0,0.0,0.0
AST-006733,0.30709332383311494,0,0.0,0.0,0.0
AST-006734,0.01985693754766878,0,0.0,0.0,0.0
AST-006735,0.07203236870217504,0,0.0,0.0,0.0
AST-006736,0.3177595361366956,1,61401.46205046875,13053.518840858947,69.82985578289109
AST-006737,0.008789773902720075,0,0.0,0.0,0.0
AST-006738,0.005725009199784792,0,0.0,0.0,0.0
AST-006739,0.009295356499468603,0,0.0,0.0,0.0
AST-006740,0.012377854302473705,0,0.0,0.0,0.0
AST-006741,0.006205460711520145,0,0.0,0.0,0.0
AST-006742,0.2250822391352716,0,0.0,0.0,0.0
AST-006743,0.07460631853825034,0,0.0,0.0,0.0
AST-006744,0.19499065493997209,0,0.0,0.0,0.0
AST-006745,0.19096927090769622,0,0.0,0.0,0.0
AST-006746,0.005499385885301775,0,0.0,0.0,0.0
AST-006747,0.013746516356767192,0,0.0,0.0,0.0
AST-006748,0.10046904423889329,0,0.0,0.0,0.0
AST-006749,0.022865763679079627,0,0.0,0.0,0.0
AST-006750,0.44197043061806607,0,0.0,0.0,0.0
AST-006751,0.09804628309588523,0,0.0,0.0,0.0
AST-006752,0.0395506069961371,0,0.0,0.0,0.0
AST-006753,0.00914484915052479,0,0.0,0.0,0.0
AST-006754,0.028973865789625238,0,0.0,0.0,0.0
AST-006755,0.17483874482443634,0,0.0,0.0,0.0
AST-006756,0.0437012271343958,0,0.0,0.0,0.0
AST-006757,0.00885400607193833,0,0.0,0.0,0.0
AST-006758,0.07813631779947122,0,0.0,0.0,0.0
AST-006759,0.14613518841187384,0,0.0,0.0,0.0
AST-006760,0.22355568508730775,0,0.0,0.0,0.0
AST-006761,0.0048867938419814485,0,0.0,0.0,0.0
AST-006762,0.031780607536365836,0,0.0,0.0,0.0
AST-006763,0.004920822601579202,0,0.0,0.0,0.0
AST-006764,0.13786405981404856,0,0.0,0.0,0.0
AST-006765,0.1317928496372222,0,0.0,0.0,0.0
AST-006766,0.8577997464615478,1,115621.96465904369,26142.196931677478,4.753285271852134
AST-006767,0.09508506919341625,0,0.0,0.0,0.0
AST-006768,0.432236546198716,1,76956.03940004653,25969.427567630402,20.85121698023402
AST-006769,0.02258785979264495,1,691109.3638156139,225807.67953502652,21.36420494957008
AST-006770,0.13247019516435135,0,0.0,0.0,0.0
AST-006771,0.007525832984198864,0,0.0,0.0,0.0
AST-006772,0.05416722232291343,0,0.0,0.0,0.0
AST-006773,0.024451240030585585,0,0.0,0.0,0.0
AST-006774,0.007798956178479432,0,0.0,0.0,0.0
AST-006775,0.018073891783627484,0,0.0,0.0,0.0
AST-006776,0.07067166804212041,0,0.0,0.0,0.0
AST-006777,0.3103844849094479,0,0.0,0.0,0.0
AST-006778,0.026705965993580105,0,0.0,0.0,0.0
AST-006779,0.24010622086193845,1,62214.69795973996,18912.6493079763,84.11285883520296
AST-006780,0.02195815212504683,0,0.0,0.0,0.0
AST-006781,0.006860539707459399,0,0.0,0.0,0.0
AST-006782,0.0925422361109569,0,0.0,0.0,0.0
AST-006783,0.015872718872534785,0,0.0,0.0,0.0
AST-006784,0.03144310801759617,0,0.0,0.0,0.0
AST-006785,0.04101611816228709,0,0.0,0.0,0.0
AST-006786,0.015637478853429608,0,0.0,0.0,0.0
AST-006787,0.00590513817675137,0,0.0,0.0,0.0
AST-006788,0.004542193327585075,0,0.0,0.0,0.0
AST-006789,0.0124062497243442,0,0.0,0.0,0.0
AST-006790,0.05167605002373324,0,0.0,0.0,0.0
AST-006791,0.0028734298627444256,0,0.0,0.0,0.0
AST-006792,0.00459121542426149,0,0.0,0.0,0.0
AST-006793,0.08533416393074496,0,0.0,0.0,0.0
AST-006794,0.01229092014942679,0,0.0,0.0,0.0
AST-006795,0.09950716488713479,1,630373.7207645905,204478.88143271362,198.9942249010183
AST-006796,0.00967300193116868,0,0.0,0.0,0.0
AST-006797,0.12661743313135562,0,0.0,0.0,0.0
AST-006798,0.020573012554174396,0,0.0,0.0,0.0
AST-006799,0.005522235129071008,0,0.0,0.0,0.0
AST-006800,0.020155893332177054,0,0.0,0.0,0.0
AST-006801,0.002340096655794631,0,0.0,0.0,0.0
AST-006802,0.02757107707700458,0,0.0,0.0,0.0
AST-006803,0.012372728730023588,0,0.0,0.0,0.0
AST-006804,0.026847714614275764,0,0.0,0.0,0.0
AST-006805,0.13985359979289075,0,0.0,0.0,0.0
AST-006806,0.008690288336785399,0,0.0,0.0,0.0
AST-006807,0.34336314510084925,1,949805.3147865701,203583.07886453025,7.45336552620037
AST-006808,0.012216132550051351,0,0.0,0.0,0.0
AST-006809,0.31287375427041864,0,0.0,0.0,0.0
AST-006810,0.011726834341119284,0,0.0,0.0,0.0
AST-006811,0.0021136570277926346,0,0.0,0.0,0.0
AST-006812,0.02101416367059116,0,0.0,0.0,0.0
AST-006813,0.17134542205919262,0,0.0,0.0,0.0
AST-006814,0.00460407573641867,0,0.0,0.0,0.0
AST-006815,0.01107186676208598,0,0.0,0.0,0.0
AST-006816,0.040751422676520134,0,0.0,0.0,0.0
AST-006817,0.024295621184083446,0,0.0,0.0,0.0
AST-006818,0.015349705338929239,0,0.0,0.0,0.0
AST-006819,0.35282463936007885,0,0.0,0.0,0.0
AST-006820,0.033833656924485436,0,0.0,0.0,0.0
AST-006821,0.05405194760260544,0,0.0,0.0,0.0
AST-006822,0.08139848101601849,0,0.0,0.0,0.0
AST-006823,0.2197561166268696,0,0.0,0.0,0.0
AST-006824,0.7765673496620394,0,0.0,0.0,0.0
AST-006825,0.029253077095267643,0,0.0,0.0,0.0
AST-006826,0.056142669357043734,0,0.0,0.0,0.0
AST-006827,0.015622583379106908,0,0.0,0.0,0.0
AST-006828,0.0315506733708748,0,0.0,0.0,0.0
AST-006829,0.015505015320886098,0,0.0,0.0,0.0
AST-006830,0.05748949433117492,0,0.0,0.0,0.0
AST-006831,0.0029589889507453016,0,0.0,0.0,0.0
AST-006832,0.014553258150571749,0,0.0,0.0,0.0
AST-006833,0.007748103454646986,0,0.0,0.0,0.0
AST-006834,0.0056268157896260575,0,0.0,0.0,0.0
AST-006835,0.006400451405197392,0,0.0,0.0,0.0
AST-006836,0.3418750547247677,0,0.0,0.0,0.0
AST-006837,0.13724134973280847,0,0.0,0.0,0.0
AST-006838,0.035038967203602764,0,0.0,0.0,0.0
AST-006839,0.11094876126273948,0,0.0,0.0,0.0
AST-006840,0.005514602717306158,0,0.0,0.0,0.0
AST-006841,0.030036710218464227,0,0.0,0.0,0.0
AST-006842,0.2541309804825747,0,0.0,0.0,0.0
AST-006843,0.04208119820306883,0,0.0,0.0,0.0
AST-006844,0.006504073846532458,0,0.0,0.0,0.0
AST-006845,0.007821624194183262,0,0.0,0.0,0.0
AST-006846,0.011886909418462856,0,0.0,0.0,0.0
AST-006847,0.14033857156757393,0,0.0,0.0,0.0
AST-006848,0.03332306897700124,0,0.0,0.0,0.0
AST-006849,0.11724556673745876,0,0.0,0.0,0.0
AST-006850,0.25797257260644546,0,0.0,0.0,0.0
AST-006851,0.3331255049705354,0,0.0,0.0,0.0
AST-006852,0.0203571717285341,0,0.0,0.0,0.0
AST-006853,0.18274307916481128,0,0.0,0.0,0.0
AST-006854,0.007344548172748101,0,0.0,0.0,0.0
AST-006855,0.008628462922218607,0,0.0,0.0,0.0
AST-006856,0.016475466368283294,0,0.0,0.0,0.0
AST-006857,0.02048332310143941,0,0.0,0.0,0.0
AST-006858,0.13102855999111435,1,47028.26844630208,5791.30456816455,104.20707105598588
AST-006859,0.011005936656862225,0,0.0,0.0,0.0
AST-006860,0.024516783131599107,0,0.0,0.0,0.0
AST-006861,0.019328375491588133,0,0.0,0.0,0.0
AST-006862,0.011883121017570998,0,0.0,0.0,0.0
AST-006863,0.3016248110450824,0,0.0,0.0,0.0
AST-006864,0.1098952175710804,0,0.0,0.0,0.0
AST-006865,0.022973763828752627,0,0.0,0.0,0.0
AST-006866,0.008706168443946255,0,0.0,0.0,0.0
AST-006867,0.01791092504221515,0,0.0,0.0,0.0
AST-006868,0.05425885812802314,0,0.0,0.0,0.0
AST-006869,0.01034605925958481,0,0.0,0.0,0.0
AST-006870,0.0036640133665541237,0,0.0,0.0,0.0
AST-006871,0.019181771002830302,0,0.0,0.0,0.0
AST-006872,0.0070332395782237355,0,0.0,0.0,0.0
AST-006873,0.06444254881851998,0,0.0,0.0,0.0
AST-006874,0.008407819435959184,0,0.0,0.0,0.0
AST-006875,0.004197983822186725,0,0.0,0.0,0.0
AST-006876,0.0042992135194103165,0,0.0,0.0,0.0
AST-006877,0.0030598823070917824,0,0.0,0.0,0.0
AST-006878,0.020646701919685564,0,0.0,0.0,0.0
AST-006879,0.07769490917618638,0,0.0,0.0,0.0
AST-006880,0.005834506812328602,0,0.0,0.0,0.0
AST-006881,0.13223467398986216,0,0.0,0.0,0.0
AST-006882,0.02496579689549844,0,0.0,0.0,0.0
AST-006883,0.013019152237721383,0,0.0,0.0,0.0
AST-006884,0.22045726162646204,0,0.0,0.0,0.0
AST-006885,0.01244827998164759,0,0.0,0.0,0.0
AST-006886,0.010522091568370464,0,0.0,0.0,0.0
AST-006887,0.007466503300140544,0,0.0,0.0,0.0
AST-006888,0.01829780037646099,0,0.0,0.0,0.0
AST-006889,0.042158654444843485,0,0.0,0.0,0.0
AST-006890,0.0017658184333775625,0,0.0,0.0,0.0
AST-006891,0.24163742063603103,0,0.0,0.0,0.0
AST-006892,0.01908053696260312,0,0.0,0.0,0.0
AST-006893,0.07167581806118997,0,0.0,0.0,0.0
AST-006894,0.009560799141061062,0,0.0,0.0,0.0
AST-006895,0.3671206075422738,0,0.0,0.0,0.0
AST-006896,0.06753660080285431,0,0.0,0.0,0.0
AST-006897,0.023031436736294583,0,0.0,0.0,0.0
AST-006898,0.010360237890099301,0,0.0,0.0,0.0
AST-006899,0.06059632789877189,0,0.0,0.0,0.0
AST-006900,0.04641083821162817,0,0.0,0.0,0.0
AST-006901,0.0035636263638057428,0,0.0,0.0,0.0
AST-006902,0.8068977388055881,0,0.0,0.0,0.0
AST-006903,0.24720337996712793,0,0.0,0.0,0.0
AST-006904,0.019573202406920592,0,0.0,0.0,0.0
AST-006905,0.028337373757864128,0,0.0,0.0,0.0
AST-006906,0.010445126505327291,0,0.0,0.0,0.0
AST-006907,0.01575932700051318,0,0.0,0.0,0.0
AST-006908,0.003951376530035429,0,0.0,0.0,0.0
AST-006909,0.0020238099984588756,0,0.0,0.0,0.0
AST-006910,0.4129562015825593,1,82472.32341273835,18297.124358044843,19.30792702391033
AST-006911,0.05992765083737538,0,0.0,0.0,0.0
AST-006912,0.2571845971223416,0,0.0,0.0,0.0
AST-006913,0.0021586710520813592,0,0.0,0.0,0.0
AST-006914,0.24018742931423756,0,0.0,0.0,0.0
AST-006915,0.017614110076221975,0,0.0,0.0,0.0
AST-006916,0.007204658093425304,0,0.0,0.0,0.0
AST-006917,0.009742308553352298,0,0.0,0.0,0.0
AST-006918,0.004382392691133607,0,0.0,0.0,0.0
AST-006919,0.029064161119931552,0,0.0,0.0,0.0
AST-006920,0.04119383696441437,0,0.0,0.0,0.0
AST-006921,0.020164364730871,0,0.0,0.0,0.0
AST-006922,0.1641307602701258,0,0.0,0.0,0.0
AST-006923,0.01965971488783407,0,0.0,0.0,0.0
AST-006924,0.009030021373809618,0,0.0,0.0,0.0
AST-006925,0.022719807878756465,0,0.0,0.0,0.0
AST-006926,0.5308783945672486,1,9000.678003920173,2435.7319442328085,42.10319078173688
AST-006927,0.07682588996524192,1,497369.6332834501,145378.5206615965,34.92448863879345
AST-006928,0.010516932097435776,0,0.0,0.0,0.0
AST-006929,0.0050422536266429155,0,0.0,0.0,0.0
AST-006930,0.018441511235661245,0,0.0,0.0,0.0
AST-006931,0.19974652093156173,1,341773.48230677424,72474.10189618955,26.419223823666567
AST-006932,0.02210651532363525,1,10239.203397219619,3279.6379410653904,11.063396347167885
AST-006933,0.008360064475017491,0,0.0,0.0,0.0
AST-006934,0.39156564678910044,1,501523.29410057707,142514.566102851,1.975600484554947
AST-006935,0.0024863618140396086,0,0.0,0.0,0.0
AST-006936,0.09336941191619974,0,0.0,0.0,0.0
AST-006937,0.023156675447604243,0,0.0,0.0,0.0
AST-006938,0.1858689040251924,0,0.0,0.0,0.0
AST-006939,0.012129531695332405,0,0.0,0.0,0.0
AST-006940,0.1734272656456783,0,0.0,0.0,0.0
AST-006941,0.18863427420294826,0,0.0,0.0,0.0
AST-006942,0.007315471276747816,0,0.0,0.0,0.0
AST-006943,0.019031710078440667,0,0.0,0.0,0.0
AST-006944,0.006204917820835049,0,0.0,0.0,0.0
AST-006945,0.016368139387833523,0,0.0,0.0,0.0
AST-006946,0.030555812403216833,0,0.0,0.0,0.0
AST-006947,0.05583039117204021,0,0.0,0.0,0.0
AST-006948,0.002635382262922077,0,0.0,0.0,0.0
AST-006949,0.014686980247049272,0,0.0,0.0,0.0
AST-006950,0.011897341832594414,0,0.0,0.0,0.0
AST-006951,0.004103916882401078,0,0.0,0.0,0.0
AST-006952,0.030899275897173985,0,0.0,0.0,0.0
AST-006953,0.018502508019902206,0,0.0,0.0,0.0
AST-006954,0.364382304259374,0,0.0,0.0,0.0
AST-006955,0.011110405927922427,0,0.0,0.0,0.0
AST-006956,0.01903020587070795,0,0.0,0.0,0.0
AST-006957,0.026834339923837443,0,0.0,0.0,0.0
AST-006958,0.012312594966621881,0,0.0,0.0,0.0
AST-006959,0.0060094247138690994,0,0.0,0.0,0.0
AST-006960,0.0032301746607303183,0,0.0,0.0,0.0
AST-006961,0.48249996570860165,1,51967.56359419407,5355.837982667956,20.549668950692023
AST-006962,0.016985745102776385,0,0.0,0.0,0.0
AST-006963,0.008314060147273587,0,0.0,0.0,0.0
AST-006964,0.008568216503810398,0,0.0,0.0,0.0
AST-006965,0.5165492108710249,1,208139.1974522221,39141.481240323854,31.71471525292153
AST-006966,0.005683891873768117,0,0.0,0.0,0.0
AST-006967,0.0027155957447775104,0,0.0,0.0,0.0
AST-006968,0.007254720190133539,0,0.0,0.0,0.0
AST-006969,0.046685746902492616,0,0.0,0.0,0.0
AST-006970,0.016721503963875412,0,0.0,0.0,0.0
AST-006971,0.009946257154199972,0,0.0,0.0,0.0
AST-006972,0.04628521753743365,0,0.0,0.0,0.0
AST-006973,0.1280076938687421,0,0.0,0.0,0.0
AST-006974,0.12748153188242398,0,0.0,0.0,0.0
AST-006975,0.00874313056556338,0,0.0,0.0,0.0
AST-006976,0.13706166594335273,0,0.0,0.0,0.0
AST-006977,0.10040598533839182,1,111810.86934843675,11738.218545162981,2.724149197372971
AST-006978,0.24870876173003595,0,0.0,0.0,0.0
AST-006979,0.01355296728410782,0,0.0,0.0,0.0
AST-006980,0.11577200310677024,0,0.0,0.0,0.0
AST-006981,0.38614737831688495,0,0.0,0.0,0.0
AST-006982,0.05169081993847915,0,0.0,0.0,0.0
AST-006983,0.08788444277680757,0,0.0,0.0,0.0
AST-006984,0.029730708506664153,0,0.0,0.0,0.0
AST-006985,0.00813763091962363,0,0.0,0.0,0.0
AST-006986,0.00638933755184856,0,0.0,0.0,0.0
AST-006987,0.12509520702522528,1,21040.898821127063,4050.9865373606167,188.90320891434064
AST-006988,0.08710904879246868,1,12396.830261919313,3437.6840117871357,10.821204901013354
AST-006989,0.024631906570513607,0,0.0,0.0,0.0
AST-006990,0.004560743938712354,0,0.0,0.0,0.0
AST-006991,0.04551624644390941,0,0.0,0.0,0.0
AST-006992,0.07311632732928224,0,0.0,0.0,0.0
AST-006993,0.008408447318353673,0,0.0,0.0,0.0
AST-006994,0.007526752062226742,0,0.0,0.0,0.0
AST-006995,0.0032115704775267503,0,0.0,0.0,0.0
AST-006996,0.005201084625658913,0,0.0,0.0,0.0
AST-006997,0.025397603693238503,0,0.0,0.0,0.0
AST-006998,0.009427863389541342,0,0.0,0.0,0.0
AST-006999,0.016090986055594347,0,0.0,0.0,0.0
AST-007000,0.009243360684709405,0,0.0,0.0,0.0
AST-007001,0.007319298763183188,0,0.0,0.0,0.0
AST-007002,0.005323714771702664,0,0.0,0.0,0.0
AST-007003,0.01786754708813801,0,0.0,0.0,0.0
AST-007004,0.09135332432141348,0,0.0,0.0,0.0
AST-007005,0.9354812055656506,1,49675.5008953889,13874.735617196291,20.73758478785538
AST-007006,0.16590478454279153,0,0.0,0.0,0.0
AST-007007,0.006389289603679543,0,0.0,0.0,0.0
AST-007008,0.037825241506108144,0,0.0,0.0,0.0
AST-007009,0.3076992076531005,1,90438.56574870078,12172.086368369844,130.31944339496377
AST-007010,0.11592161755464654,0,0.0,0.0,0.0
AST-007011,0.6146720446594789,1,11979.318347729253,4130.785528427626,14.979372326949893
AST-007012,0.08394955434277182,0,0.0,0.0,0.0
AST-007013,0.05500418665675378,0,0.0,0.0,0.0
AST-007014,0.0030767788253837636,0,0.0,0.0,0.0
AST-007015,0.00876388433930909,0,0.0,0.0,0.0
AST-007016,0.07313195177283593,0,0.0,0.0,0.0
AST-007017,0.003356411455094569,1,1767373.5005708418,417421.4971055636,100.14247362918414
AST-007018,0.032405874390879955,0,0.0,0.0,0.0
AST-007019,0.008583354156754111,0,0.0,0.0,0.0
AST-007020,0.0009980260496125362,0,0.0,0.0,0.0
AST-007021,0.02027681048113453,0,0.0,0.0,0.0
AST-007022,0.01406687889707121,0,0.0,0.0,0.0
AST-007023,0.07921037725367579,0,0.0,0.0,0.0
AST-007024,0.03011422160574162,0,0.0,0.0,0.0
AST-007025,0.03830420350222633,0,0.0,0.0,0.0
AST-007026,0.08045479504474531,0,0.0,0.0,0.0
AST-007027,0.03580755023026316,0,0.0,0.0,0.0
AST-007028,0.2536291889091099,0,0.0,0.0,0.0
AST-007029,0.0023384710692545196,0,0.0,0.0,0.0
AST-007030,0.02744761209340254,0,0.0,0.0,0.0
AST-007031,0.003934086288179301,0,0.0,0.0,0.0
AST-007032,0.006656533052274167,0,0.0,0.0,0.0
AST-007033,0.020770460632474327,0,0.0,0.0,0.0
AST-007034,0.008530485892110844,0,0.0,0.0,0.0
AST-007035,0.005069054384275213,0,0.0,0.0,0.0
AST-007036,0.001251390208952648,0,0.0,0.0,0.0
AST-007037,0.02527414427461996,0,0.0,0.0,0.0
AST-007038,0.2318401812650934,1,32558.66204678103,6958.482527283437,23.85826793415956
AST-007039,0.014146051836813526,0,0.0,0.0,0.0
AST-007040,0.04056621418710551,0,0.0,0.0,0.0
AST-007041,0.009618587256279206,0,0.0,0.0,0.0
AST-007042,0.4525489982709182,1,974685.3973499456,144162.03994785447,49.00926476389832
AST-007043,0.22934272066225733,0,0.0,0.0,0.0
AST-007044,0.2966049666701998,1,86574.49174834437,30896.855672496462,16.474121633736974
AST-007045,0.007355491520066499,0,0.0,0.0,0.0
AST-007046,0.07833595719172758,0,0.0,0.0,0.0
AST-007047,0.012154838581638886,1,421777.2513470948,96529.23052682156,60.87475190268883
AST-007048,0.005913071671631918,0,0.0,0.0,0.0
AST-007049,0.02688520254279584,0,0.0,0.0,0.0
AST-007050,0.030177540092409395,0,0.0,0.0,0.0
AST-007051,0.024676241290686886,0,0.0,0.0,0.0
AST-007052,0.6462213968728766,1,124058.60150476203,14349.734088609039,92.4629553470894
AST-007053,0.009959425726537833,0,0.0,0.0,0.0
AST-007054,0.010609112805028006,0,0.0,0.0,0.0
AST-007055,0.02857453349510134,0,0.0,0.0,0.0
AST-007056,0.0077514758946826785,0,0.0,0.0,0.0
AST-007057,0.010617524800029327,0,0.0,0.0,0.0
AST-007058,0.27823042135536225,0,0.0,0.0,0.0
AST-007059,0.023379251968643953,0,0.0,0.0,0.0
AST-007060,0.02272917060814569,0,0.0,0.0,0.0
AST-007061,0.2562670100291706,0,0.0,0.0,0.0
AST-007062,0.0028074718452925137,0,0.0,0.0,0.0
AST-007063,0.02795913009048346,0,0.0,0.0,0.0
AST-007064,0.02864257660505526,0,0.0,0.0,0.0
AST-007065,0.24503072236309334,1,519918.94807838526,154390.51513708418,12.758751952579651
AST-007066,0.004378595266400482,0,0.0,0.0,0.0
AST-007067,0.021948533860233616,0,0.0,0.0,0.0
AST-007068,0.28034568874981136,1,97140.05658902109,24307.7276443901,25.856819056841505
AST-007069,0.20802040944577024,0,0.0,0.0,0.0
AST-007070,0.031548382955849726,0,0.0,0.0,0.0
AST-007071,0.421998670800025,0,0.0,0.0,0.0
AST-007072,0.0061021888552842745,0,0.0,0.0,0.0
AST-007073,0.019896915450695035,0,0.0,0.0,0.0
AST-007074,0.41744262982697206,0,0.0,0.0,0.0
AST-007075,0.031322411137766897,0,0.0,0.0,0.0
AST-007076,0.007810172832935821,0,0.0,0.0,0.0
AST-007077,0.08291805019312183,0,0.0,0.0,0.0
AST-007078,0.05594697211367216,0,0.0,0.0,0.0
AST-007079,0.008973471896502242,0,0.0,0.0,0.0
AST-007080,0.003711902552814275,0,0.0,0.0,0.0
AST-007081,0.1518641107143872,0,0.0,0.0,0.0
AST-007082,0.007014742111714138,0,0.0,0.0,0.0
AST-007083,0.009693804095043066,0,0.0,0.0,0.0
AST-007084,0.0019955458459707557,0,0.0,0.0,0.0
AST-007085,0.042597430835872516,0,0.0,0.0,0.0
AST-007086,0.021635717064971773,0,0.0,0.0,0.0
AST-007087,0.04049624306398146,0,0.0,0.0,0.0
AST-007088,0.011549769521445983,0,0.0,0.0,0.0
AST-007089,0.06405371383503614,0,0.0,0.0,0.0
AST-007090,0.051822796205083406,0,0.0,0.0,0.0
AST-007091,0.02934110378184896,0,0.0,0.0,0.0
AST-007092,0.08655097010598613,0,0.0,0.0,0.0
AST-007093,0.03402252644432512,0,0.0,0.0,0.0
AST-007094,0.10832406709812707,0,0.0,0.0,0.0
AST-007095,0.040559200392041625,0,0.0,0.0,0.0
AST-007096,0.010921056555950133,0,0.0,0.0,0.0
AST-007097,0.032034871720287066,0,0.0,0.0,0.0
AST-007098,0.04050386416637452,0,0.0,0.0,0.0
AST-007099,0.3166226296721868,0,0.0,0.0,0.0
AST-007100,0.005298421520434532,0,0.0,0.0,0.0
AST-007101,0.4769112234296521,0,0.0,0.0,0.0
AST-007102,0.11724851565750348,1,12663.249118304437,3823.519905417327,11.794283547727618
AST-007103,0.002044635259968537,0,0.0,0.0,0.0
AST-007104,0.061448957188213305,0,0.0,0.0,0.0
AST-007105,0.07094021762897279,0,0.0,0.0,0.0
AST-007106,0.008136906428862264,0,0.0,0.0,0.0
AST-007107,0.1323365565101768,0,0.0,0.0,0.0
AST-007108,0.007433517370475427,0,0.0,0.0,0.0
AST-007109,0.03658517470155118,0,0.0,0.0,0.0
AST-007110,0.006979079949948142,0,0.0,0.0,0.0
AST-007111,0.10339603866814061,0,0.0,0.0,0.0
AST-007112,0.006140084942050828,0,0.0,0.0,0.0
AST-007113,0.0221167470016978,0,0.0,0.0,0.0
AST-007114,0.5964670481354628,0,0.0,0.0,0.0
AST-007115,0.0020841589449354095,0,0.0,0.0,0.0
AST-007116,0.15667724632087443,0,0.0,0.0,0.0
AST-007117,0.515939160172756,0,0.0,0.0,0.0
AST-007118,0.13034284403937965,0,0.0,0.0,0.0
AST-007119,0.014644453501888217,0,0.0,0.0,0.0
AST-007120,0.031043087901683083,0,0.0,0.0,0.0
AST-007121,0.013248014198362803,0,0.0,0.0,0.0
AST-007122,0.017148297843415025,0,0.0,0.0,0.0
AST-007123,0.529817233301792,1,79824.9308674399,15646.048857611595,2.8605083889409
AST-007124,0.6274055452560656,1,56283.42498944667,8244.348748498203,61.064075242209384
AST-007125,0.00718739929581924,0,0.0,0.0,0.0
AST-007126,0.07523610946535707,0,0.0,0.0,0.0
AST-007127,0.04012127031282299,0,0.0,0.0,0.0
AST-007128,0.021344424307233066,0,0.0,0.0,0.0
AST-007129,0.008202628580526514,1,90775.17133929167,28444.73073464374,68.32127104371187
AST-007130,0.010660370764560546,0,0.0,0.0,0.0
AST-007131,0.1827720572387446,1,28925.257402931267,6669.007286573061,8.961002439724595
AST-007132,0.016839116723380648,0,0.0,0.0,0.0
AST-007133,0.44390080946003024,0,0.0,0.0,0.0
AST-007134,0.0035600595668998964,0,0.0,0.0,0.0
AST-007135,0.016090611249888524,0,0.0,0.0,0.0
AST-007136,0.058697309923336514,0,0.0,0.0,0.0
AST-007137,0.05721416288705147,0,0.0,0.0,0.0
AST-007138,0.1194345738823434,0,0.0,0.0,0.0
AST-007139,0.03469656176324649,0,0.0,0.0,0.0
AST-007140,0.1406271943933871,0,0.0,0.0,0.0
AST-007141,0.03991333201351502,0,0.0,0.0,0.0
AST-007142,0.03329005811861608,0,0.0,0.0,0.0
AST-007143,0.009591360881898056,0,0.0,0.0,0.0
AST-007144,0.013835741190053173,0,0.0,0.0,0.0
AST-007145,0.017381554575990207,0,0.0,0.0,0.0
AST-007146,0.05569537207383161,0,0.0,0.0,0.0
AST-007147,0.20034627719127077,1,102329.76039234099,33275.361464781534,21.91957139263215
AST-007148,0.07005732010200419,0,0.0,0.0,0.0
AST-007149,0.009926155696622694,0,0.0,0.0,0.0
AST-007150,0.24621476817257215,1,7327.491130511613,1290.0006589645568,112.6848793322608
AST-007151,0.1103360852123976,0,0.0,0.0,0.0
AST-007152,0.020720873071733734,0,0.0,0.0,0.0
AST-007153,0.27771795709933966,0,0.0,0.0,0.0
AST-007154,0.002707543062835952,0,0.0,0.0,0.0
AST-007155,0.029950513110641612,0,0.0,0.0,0.0
AST-007156,0.006542909332964716,0,0.0,0.0,0.0
AST-007157,0.03511763369347274,0,0.0,0.0,0.0
AST-007158,0.06943809214704691,0,0.0,0.0,0.0
AST-007159,0.43701942030434104,1,27448.58250831975,4344.947164208417,0.0722455789492116
AST-007160,0.030973947027097073,0,0.0,0.0,0.0
AST-007161,0.04960189073972772,0,0.0,0.0,0.0
AST-007162,0.017175003019847153,0,0.0,0.0,0.0
AST-007163,0.004983043972916999,0,0.0,0.0,0.0
AST-007164,0.06645632658439266,0,0.0,0.0,0.0
AST-007165,0.00909802005885143,0,0.0,0.0,0.0
AST-007166,0.9975184732297335,1,67744.24826186664,23344.796827927854,64.84684248377583
AST-007167,0.1309662407982565,0,0.0,0.0,0.0
AST-007168,0.09789625775343107,0,0.0,0.0,0.0
AST-007169,0.10123834197270712,0,0.0,0.0,0.0
AST-007170,0.00308612951297097,0,0.0,0.0,0.0
AST-007171,0.029139094788745806,0,0.0,0.0,0.0
AST-007172,0.010016859899707358,0,0.0,0.0,0.0
AST-007173,0.008653142260981761,0,0.0,0.0,0.0
AST-007174,0.028102764019748098,0,0.0,0.0,0.0
AST-007175,0.43523100974202944,1,31838.462943930772,11201.220163242904,22.20392058090595
AST-007176,0.40120060754366466,0,0.0,0.0,0.0
AST-007177,0.05268784467887158,0,0.0,0.0,0.0
AST-007178,0.003329711705776871,0,0.0,0.0,0.0
AST-007179,0.00340415004987559,0,0.0,0.0,0.0
AST-007180,0.03051578734789124,0,0.0,0.0,0.0
AST-007181,0.03338985792058896,0,0.0,0.0,0.0
AST-007182,0.004364063753785979,0,0.0,0.0,0.0
AST-007183,0.005449072771195343,0,0.0,0.0,0.0
AST-007184,0.09668567211425506,0,0.0,0.0,0.0
AST-007185,0.013963193057395252,0,0.0,0.0,0.0
AST-007186,0.01802321200564101,0,0.0,0.0,0.0
AST-007187,0.2524912586988337,0,0.0,0.0,0.0
AST-007188,0.004894362452077441,0,0.0,0.0,0.0
AST-007189,0.011517192183504771,0,0.0,0.0,0.0
AST-007190,0.00943039173627635,0,0.0,0.0,0.0
AST-007191,0.04036991883914507,0,0.0,0.0,0.0
AST-007192,0.004268703314263025,0,0.0,0.0,0.0
AST-007193,0.013877523781164833,0,0.0,0.0,0.0
AST-007194,0.007401305425138067,0,0.0,0.0,0.0
AST-007195,0.422124747206749,0,0.0,0.0,0.0
AST-007196,0.15858405990684488,0,0.0,0.0,0.0
AST-007197,0.007424201378128315,0,0.0,0.0,0.0
AST-007198,0.012726848802414047,0,0.0,0.0,0.0
AST-007199,0.03779491000748174,0,0.0,0.0,0.0
AST-007200,0.012645211696567174,0,0.0,0.0,0.0
AST-007201,0.041769152264957254,0,0.0,0.0,0.0
AST-007202,0.07695051007407441,0,0.0,0.0,0.0
AST-007203,0.004751387025564876,0,0.0,0.0,0.0
AST-007204,0.009441560719679267,0,0.0,0.0,0.0
AST-007205,0.10480849749858927,0,0.0,0.0,0.0
AST-007206,0.004818934629529331,0,0.0,0.0,0.0
AST-007207,0.08774501868250255,0,0.0,0.0,0.0
AST-007208,0.006206018630232431,0,0.0,0.0,0.0
AST-007209,0.5933726109101722,0,0.0,0.0,0.0
AST-007210,0.04999679306057636,0,0.0,0.0,0.0
AST-007211,0.011183510630074863,0,0.0,0.0,0.0
AST-007212,0.006759265653459512,0,0.0,0.0,0.0
AST-007213,0.0038386383196047755,0,0.0,0.0,0.0
AST-007214,0.02619840943783206,0,0.0,0.0,0.0
AST-007215,0.00579296604776306,0,0.0,0.0,0.0
AST-007216,0.07680861915615751,0,0.0,0.0,0.0
AST-007217,0.008802330263719675,0,0.0,0.0,0.0
AST-007218,0.022688593891294448,0,0.0,0.0,0.0
AST-007219,0.005248882329587443,0,0.0,0.0,0.0
AST-007220,0.009435749347097549,0,0.0,0.0,0.0
AST-007221,0.0955371562463115,0,0.0,0.0,0.0
AST-007222,0.0199204162339141,0,0.0,0.0,0.0
AST-007223,0.03516045350158361,0,0.0,0.0,0.0
AST-007224,0.024355603151110704,0,0.0,0.0,0.0
AST-007225,0.06856034853321365,0,0.0,0.0,0.0
AST-007226,0.10423913434659009,1,21859.75003518833,3870.1894856252784,27.858996330470067
AST-007227,0.5747738065611954,0,0.0,0.0,0.0
AST-007228,0.0201488702631401,0,0.0,0.0,0.0
AST-007229,0.00384768147252585,0,0.0,0.0,0.0
AST-007230,0.20936461611135418,0,0.0,0.0,0.0
AST-007231,0.025945848722830785,0,0.0,0.0,0.0
AST-007232,0.029006221321810226,0,0.0,0.0,0.0
AST-007233,0.004018415045014737,0,0.0,0.0,0.0
AST-007234,0.03737711384455847,0,0.0,0.0,0.0
AST-007235,0.1873261308656243,0,0.0,0.0,0.0
AST-007236,0.007337061710936312,0,0.0,0.0,0.0
AST-007237,0.07848437450317002,0,0.0,0.0,0.0
AST-007238,0.010324011455815353,0,0.0,0.0,0.0
AST-007239,0.029154918636144774,0,0.0,0.0,0.0
AST-007240,0.043649254277580346,0,0.0,0.0,0.0
AST-007241,0.016578307445094347,1,1864612.769557929,464149.9819984468,7.094052617806493
AST-007242,0.01856240882941095,0,0.0,0.0,0.0
AST-007243,0.06061709118908478,0,0.0,0.0,0.0
AST-007244,0.011789515264378003,0,0.0,0.0,0.0
AST-007245,0.0028570289062980906,0,0.0,0.0,0.0
AST-007246,0.07886360070952644,0,0.0,0.0,0.0
AST-007247,0.003216991958289551,0,0.0,0.0,0.0
AST-007248,0.01048815101790521,0,0.0,0.0,0.0
AST-007249,0.012218877868374296,0,0.0,0.0,0.0
AST-007250,0.00787274128243513,0,0.0,0.0,0.0
AST-007251,0.0094880709086461,0,0.0,0.0,0.0
AST-007252,0.01716620127206804,0,0.0,0.0,0.0
AST-007253,0.41970106955480413,1,7458.830742269206,1141.693023770679,27.768938586818987
AST-007254,0.010267573505600267,0,0.0,0.0,0.0
AST-007255,0.3283815518797176,1,247585.16231954447,72012.70764433136,223.09004643910157
AST-007256,0.001629637196731578,0,0.0,0.0,0.0
AST-007257,0.004991472563175301,0,0.0,0.0,0.0
AST-007258,0.26319650922461024,0,0.0,0.0,0.0
AST-007259,0.18756353423805214,0,0.0,0.0,0.0
AST-007260,0.012449693047621205,0,0.0,0.0,0.0
AST-007261,0.0074272390528626565,0,0.0,0.0,0.0
AST-007262,0.01114223278014699,0,0.0,0.0,0.0
AST-007263,0.013881581212001188,0,0.0,0.0,0.0
AST-007264,0.02259347162140223,0,0.0,0.0,0.0
AST-007265,0.015786105674738867,0,0.0,0.0,0.0
AST-007266,0.006048887828014086,0,0.0,0.0,0.0
AST-007267,0.0528190297196794,0,0.0,0.0,0.0
AST-007268,0.008394710640969721,0,0.0,0.0,0.0
AST-007269,0.02668873663386155,0,0.0,0.0,0.0
AST-007270,0.014679732997447468,0,0.0,0.0,0.0
AST-007271,0.12839245807631608,0,0.0,0.0,0.0
AST-007272,0.0108791553603887,0,0.0,0.0,0.0
AST-007273,0.016474144839223166,0,0.0,0.0,0.0
AST-007274,0.08205410779433453,0,0.0,0.0,0.0
AST-007275,0.022583033662232292,0,0.0,0.0,0.0
AST-007276,0.040187943647307434,0,0.0,0.0,0.0
AST-007277,0.006411659006330399,0,0.0,0.0,0.0
AST-007278,0.010096008565070992,0,0.0,0.0,0.0
AST-007279,0.4149766853682047,0,0.0,0.0,0.0
AST-007280,0.09981033866425888,0,0.0,0.0,0.0
AST-007281,0.003485761474373639,0,0.0,0.0,0.0
AST-007282,0.01848026413444725,0,0.0,0.0,0.0
AST-007283,0.021898918612199354,0,0.0,0.0,0.0
AST-007284,0.01977643550185737,0,0.0,0.0,0.0
AST-007285,0.0187994771219898,0,0.0,0.0,0.0
AST-007286,0.013073822903148263,0,0.0,0.0,0.0
AST-007287,0.09490967065094173,0,0.0,0.0,0.0
AST-007288,0.005587007220331739,0,0.0,0.0,0.0
AST-007289,0.05901753009064478,0,0.0,0.0,0.0
AST-007290,0.05562045819280808,0,0.0,0.0,0.0
AST-007291,0.01804926099887088,0,0.0,0.0,0.0
AST-007292,0.00451045013936084,0,0.0,0.0,0.0
AST-007293,0.21380252089899035,0,0.0,0.0,0.0
AST-007294,0.012161018501849913,0,0.0,0.0,0.0
AST-007295,0.015693394272556758,0,0.0,0.0,0.0
AST-007296,0.014652975843187508,0,0.0,0.0,0.0
AST-007297,0.012018873438795553,0,0.0,0.0,0.0
AST-007298,0.15528793700933916,0,0.0,0.0,0.0
AST-007299,0.12125538413281954,0,0.0,0.0,0.0
AST-007300,0.006861628717784652,0,0.0,0.0,0.0
AST-007301,0.04722209571321049,0,0.0,0.0,0.0
AST-007302,0.24325160709339091,0,0.0,0.0,0.0
AST-007303,0.009467831830282832,0,0.0,0.0,0.0
AST-007304,0.10818458070023723,0,0.0,0.0,0.0
AST-007305,0.028689434589450995,0,0.0,0.0,0.0
AST-007306,0.1464926272166043,0,0.0,0.0,0.0
AST-007307,0.03371020641965776,0,0.0,0.0,0.0
AST-007308,0.07146094906941887,0,0.0,0.0,0.0
AST-007309,0.024989764609990958,0,0.0,0.0,0.0
AST-007310,0.017334603291639536,0,0.0,0.0,0.0
AST-007311,0.014030751300914274,0,0.0,0.0,0.0
AST-007312,0.014624815888110388,0,0.0,0.0,0.0
AST-007313,0.011119293485243443,0,0.0,0.0,0.0
AST-007314,0.1304020556796794,0,0.0,0.0,0.0
AST-007315,0.23368621593247957,0,0.0,0.0,0.0
AST-007316,0.028487414116650955,0,0.0,0.0,0.0
AST-007317,0.011097376909487339,0,0.0,0.0,0.0
AST-007318,0.2913558472378125,0,0.0,0.0,0.0
AST-007319,0.026399806933741027,0,0.0,0.0,0.0
AST-007320,0.005426777976102929,0,0.0,0.0,0.0
AST-007321,0.0033333977414222314,0,0.0,0.0,0.0
AST-007322,0.17642137695204216,0,0.0,0.0,0.0
AST-007323,0.02279365803380929,0,0.0,0.0,0.0
AST-007324,0.01517218964975985,0,0.0,0.0,0.0
AST-007325,0.008460547146780661,0,0.0,0.0,0.0
AST-007326,0.021230783576153284,0,0.0,0.0,0.0
AST-007327,0.005015162679973274,0,0.0,0.0,0.0
AST-007328,0.010863127844695735,0,0.0,0.0,0.0
AST-007329,0.008638796505670485,0,0.0,0.0,0.0
AST-007330,0.002561245940881124,0,0.0,0.0,0.0
AST-007331,0.02773484804905208,0,0.0,0.0,0.0
AST-007332,0.02512141860239494,0,0.0,0.0,0.0
AST-007333,0.010752595174262691,0,0.0,0.0,0.0
AST-007334,0.009910486473272702,0,0.0,0.0,0.0
AST-007335,0.02808920039149706,0,0.0,0.0,0.0
AST-007336,0.12530736834829884,0,0.0,0.0,0.0
AST-007337,0.18223368391118405,0,0.0,0.0,0.0
AST-007338,0.004914292324692782,0,0.0,0.0,0.0
AST-007339,0.43933317743879347,1,76053.45667624856,27111.530866143996,25.768625607458773
AST-007340,0.07155766475669063,0,0.0,0.0,0.0
AST-007341,0.09722218426895698,0,0.0,0.0,0.0
AST-007342,0.055596048082399666,0,0.0,0.0,0.0
AST-007343,0.0028129778073376073,0,0.0,0.0,0.0
AST-007344,0.3213998486451689,0,0.0,0.0,0.0
AST-007345,0.5828535140316516,1,135362.9742187374,41811.25381424681,143.0359262626822
AST-007346,0.22087793734771224,0,0.0,0.0,0.0
AST-007347,0.02352884855837304,0,0.0,0.0,0.0
AST-007348,0.008171012566740299,0,0.0,0.0,0.0
AST-007349,0.02136733688660628,0,0.0,0.0,0.0
AST-007350,0.0029987277400816445,0,0.0,0.0,0.0
AST-007351,0.013541121308205019,0,0.0,0.0,0.0
AST-007352,0.0036788669307754934,0,0.0,0.0,0.0
AST-007353,0.020502803159296586,0,0.0,0.0,0.0
AST-007354,0.12779408023407515,0,0.0,0.0,0.0
AST-007355,0.035580170567998136,0,0.0,0.0,0.0
AST-007356,0.02553198265920724,0,0.0,0.0,0.0
AST-007357,0.005748998690038714,0,0.0,0.0,0.0
AST-007358,0.03320218409202459,0,0.0,0.0,0.0
AST-007359,0.011513552375574108,0,0.0,0.0,0.0
AST-007360,0.39033514692633003,1,273937.493442346,67975.65594607076,17.757669982887883
AST-007361,0.021406598047571643,0,0.0,0.0,0.0
AST-007362,0.01141002129476636,0,0.0,0.0,0.0
AST-007363,0.13108794597295226,0,0.0,0.0,0.0
AST-007364,0.013309332218180016,0,0.0,0.0,0.0
AST-007365,0.5996656930852413,1,217544.95053497012,78795.22643078394,56.44852365147038
AST-007366,0.10564919609762441,0,0.0,0.0,0.0
AST-007367,0.0016400092475216744,0,0.0,0.0,0.0
AST-007368,0.0030616472910174903,0,0.0,0.0,0.0
AST-007369,0.006904463631529234,0,0.0,0.0,0.0
AST-007370,0.23661670359903256,1,590227.8156566937,125801.40255736928,276.32935936636125
AST-007371,0.04658527341673234,0,0.0,0.0,0.0
AST-007372,0.0016805230089587421,0,0.0,0.0,0.0
AST-007373,0.20455145735303654,0,0.0,0.0,0.0
AST-007374,0.09386804567062812,0,0.0,0.0,0.0
AST-007375,0.08024071876310705,0,0.0,0.0,0.0
AST-007376,0.025712383609580485,0,0.0,0.0,0.0
AST-007377,0.024296492745924644,0,0.0,0.0,0.0
AST-007378,0.0805711719420633,0,0.0,0.0,0.0
AST-007379,0.005780843345645406,0,0.0,0.0,0.0
AST-007380,0.021914847437273722,0,0.0,0.0,0.0
AST-007381,0.013486649283496797,0,0.0,0.0,0.0
AST-007382,0.08609436336796164,0,0.0,0.0,0.0
AST-007383,0.017176724443919808,0,0.0,0.0,0.0
AST-007384,0.01532173588202326,0,0.0,0.0,0.0
AST-007385,0.18164993323350834,0,0.0,0.0,0.0
AST-007386,0.6115531429991802,1,879893.6545374154,252605.2818774864,50.94829433199689
AST-007387,0.04233898382563516,0,0.0,0.0,0.0
AST-007388,0.011604827105704102,0,0.0,0.0,0.0
AST-007389,0.1320520930865404,0,0.0,0.0,0.0
AST-007390,0.5941864049775163,1,2321127.1761693317,775823.3594962423,32.86630563460455
AST-007391,0.028556575647479772,0,0.0,0.0,0.0
AST-007392,0.0027836085970186723,0,0.0,0.0,0.0
AST-007393,0.004208833892109879,0,0.0,0.0,0.0
AST-007394,0.10301038450964715,0,0.0,0.0,0.0
AST-007395,0.017365004936202636,0,0.0,0.0,0.0
AST-007396,0.001517653676375988,0,0.0,0.0,0.0
AST-007397,0.010462117021374284,1,83144.33678029336,12733.330862167955,27.101406885123488
AST-007398,0.02225435990954937,0,0.0,0.0,0.0
AST-007399,0.012696322705413784,1,414865.3771902178,59174.56638099015,7.849345788119304
AST-007400,0.009578649373463363,0,0.0,0.0,0.0
AST-007401,0.027428089757546358,0,0.0,0.0,0.0
AST-007402,0.002115875261655023,0,0.0,0.0,0.0
AST-007403,0.006405923451573916,0,0.0,0.0,0.0
AST-007404,0.02650450712415843,0,0.0,0.0,0.0
AST-007405,0.18572729609919583,1,62287.804446623704,13716.963434898144,74.27000839485638
AST-007406,0.06210593625348679,0,0.0,0.0,0.0
AST-007407,0.1980719563314817,0,0.0,0.0,0.0
AST-007408,0.020902434629244522,0,0.0,0.0,0.0
AST-007409,0.042326661515123584,0,0.0,0.0,0.0
AST-007410,0.12019053922203625,0,0.0,0.0,0.0
AST-007411,0.011190060260024727,0,0.0,0.0,0.0
AST-007412,0.009196076250482122,0,0.0,0.0,0.0
AST-007413,0.009128142790078049,0,0.0,0.0,0.0
AST-007414,0.210884217232177,0,0.0,0.0,0.0
AST-007415,0.0053767723531160504,0,0.0,0.0,0.0
AST-007416,0.004474168052232971,0,0.0,0.0,0.0
AST-007417,0.217701304800589,1,51814.64244093633,9700.549833742047,39.47678528087611
AST-007418,0.027777956892630785,0,0.0,0.0,0.0
AST-007419,0.041630190838066565,0,0.0,0.0,0.0
AST-007420,0.007629664194759457,0,0.0,0.0,0.0
AST-007421,0.02090461697880473,0,0.0,0.0,0.0
AST-007422,0.20563633200464035,1,81981.67225276242,23595.13257260093,107.80004696789169
AST-007423,0.08954396276297402,0,0.0,0.0,0.0
AST-007424,0.0064173463939090096,0,0.0,0.0,0.0
AST-007425,0.006927845903108452,0,0.0,0.0,0.0
AST-007426,0.0094608479529855,0,0.0,0.0,0.0
AST-007427,0.06311584183074682,0,0.0,0.0,0.0
AST-007428,0.23010011035631045,0,0.0,0.0,0.0
AST-007429,0.013429453025874819,0,0.0,0.0,0.0
AST-007430,0.10779717117459586,0,0.0,0.0,0.0
AST-007431,0.017499571835511204,0,0.0,0.0,0.0
AST-007432,0.05985540218004913,0,0.0,0.0,0.0
AST-007433,0.009657094373325228,0,0.0,0.0,0.0
AST-007434,0.19001394368602306,0,0.0,0.0,0.0
AST-007435,0.03360596544783619,0,0.0,0.0,0.0
AST-007436,0.06174795802073883,0,0.0,0.0,0.0
AST-007437,0.018434519458412613,0,0.0,0.0,0.0
AST-007438,0.06801962390566428,0,0.0,0.0,0.0
AST-007439,0.08647681844701793,0,0.0,0.0,0.0
AST-007440,0.006779318389229771,0,0.0,0.0,0.0
AST-007441,0.010387036154981849,0,0.0,0.0,0.0
AST-007442,0.3291957710090202,1,3044930.9069823674,979936.4429348524,27.239801443934795
AST-007443,0.11239549396914165,0,0.0,0.0,0.0
AST-007444,0.1513366280989632,0,0.0,0.0,0.0
AST-007445,0.014508518437433355,0,0.0,0.0,0.0
AST-007446,0.013485503776695058,0,0.0,0.0,0.0
AST-007447,0.0061206196197435515,0,0.0,0.0,0.0
AST-007448,0.01879032958226885,0,0.0,0.0,0.0
AST-007449,0.013856219296049771,0,0.0,0.0,0.0
AST-007450,0.08100224990348963,0,0.0,0.0,0.0
AST-007451,0.14972771410239358,0,0.0,0.0,0.0
AST-007452,0.018762601678584963,1,1007768.1938336989,149030.93940752136,15.509935662311005
AST-007453,0.01100898833676736,0,0.0,0.0,0.0
AST-007454,0.03786686519725021,0,0.0,0.0,0.0
AST-007455,0.0034426738487367916,0,0.0,0.0,0.0
AST-007456,0.0015560202583950443,0,0.0,0.0,0.0
AST-007457,0.021797250221345155,0,0.0,0.0,0.0
AST-007458,0.011574152393810032,0,0.0,0.0,0.0
AST-007459,0.016648361874299078,0,0.0,0.0,0.0
AST-007460,0.004041264838151649,0,0.0,0.0,0.0
AST-007461,0.058974322888953656,0,0.0,0.0,0.0
AST-007462,0.08908489768153277,0,0.0,0.0,0.0
AST-007463,0.01328645087899261,0,0.0,0.0,0.0
AST-007464,0.05016759730539641,0,0.0,0.0,0.0
AST-007465,0.06091278545929954,0,0.0,0.0,0.0
AST-007466,0.008433967363078434,0,0.0,0.0,0.0
AST-007467,0.047233126359340315,0,0.0,0.0,0.0
AST-007468,0.004506094394768155,0,0.0,0.0,0.0
AST-007469,0.00316239723536212,0,0.0,0.0,0.0
AST-007470,0.38900144743072745,0,0.0,0.0,0.0
AST-007471,0.006955962309266893,0,0.0,0.0,0.0
AST-007472,0.04687486367930692,0,0.0,0.0,0.0
AST-007473,0.001997419413368736,0,0.0,0.0,0.0
AST-007474,0.27838241367099176,0,0.0,0.0,0.0
AST-007475,0.3236435193774646,0,0.0,0.0,0.0
AST-007476,0.20615873727992245,0,0.0,0.0,0.0
AST-007477,0.054023376764835665,0,0.0,0.0,0.0
AST-007478,0.02675797956302388,0,0.0,0.0,0.0
AST-007479,0.169356201264212,0,0.0,0.0,0.0
AST-007480,0.0033917558810634507,0,0.0,0.0,0.0
AST-007481,0.0027970619010843165,0,0.0,0.0,0.0
AST-007482,0.008197129631850387,0,0.0,0.0,0.0
AST-007483,0.016209650533085995,0,0.0,0.0,0.0
AST-007484,0.06864645982338836,0,0.0,0.0,0.0
AST-007485,0.026291145886740138,0,0.0,0.0,0.0
AST-007486,0.008191740585405014,0,0.0,0.0,0.0
AST-007487,0.03132340307083607,0,0.0,0.0,0.0
AST-007488,0.0612058721948648,0,0.0,0.0,0.0
AST-007489,0.0054546843317015235,0,0.0,0.0,0.0
AST-007490,0.40625922688087907,0,0.0,0.0,0.0
AST-007491,0.003315453027168419,0,0.0,0.0,0.0
AST-007492,0.008925127549014847,0,0.0,0.0,0.0
AST-007493,0.011353515031544957,0,0.0,0.0,0.0
AST-007494,0.4153946992353396,0,0.0,0.0,0.0
AST-007495,0.052401758284126104,0,0.0,0.0,0.0
AST-007496,0.20059946798902492,0,0.0,0.0,0.0
AST-007497,0.1796528203686789,0,0.0,0.0,0.0
AST-007498,0.04533875703678649,0,0.0,0.0,0.0
AST-007499,0.15212325356084727,0,0.0,0.0,0.0
AST-007500,0.013263391411328426,0,0.0,0.0,0.0
AST-007501,0.003321946129162609,0,0.0,0.0,0.0
AST-007502,0.012897428622101161,0,0.0,0.0,0.0
AST-007503,0.011806796550594828,0,0.0,0.0,0.0
AST-007504,0.04039537862529534,0,0.0,0.0,0.0
AST-007505,0.00717616125605822,0,0.0,0.0,0.0
AST-007506,0.002908189588587195,0,0.0,0.0,0.0
AST-007507,0.0036936207511696056,0,0.0,0.0,0.0
AST-007508,0.00728164445077348,0,0.0,0.0,0.0
AST-007509,0.01378305904920166,0,0.0,0.0,0.0
AST-007510,0.004240729115975743,0,0.0,0.0,0.0
AST-007511,0.06559920968745142,0,0.0,0.0,0.0
AST-007512,0.429107612125995,0,0.0,0.0,0.0
AST-007513,0.05314721205662919,0,0.0,0.0,0.0
AST-007514,0.17713626030748303,0,0.0,0.0,0.0
AST-007515,0.16923044548128197,1,232858.76858103534,30199.468296145802,65.99449746828884
AST-007516,0.017452648160436676,0,0.0,0.0,0.0
AST-007517,0.018740856668622432,0,0.0,0.0,0.0
AST-007518,0.019644074555476225,0,0.0,0.0,0.0
AST-007519,0.04057352147415156,1,13234.060448435042,4849.1536306110565,29.506764348151762
AST-007520,0.0035999337242994594,0,0.0,0.0,0.0
AST-007521,0.017070456140638988,0,0.0,0.0,0.0
AST-007522,0.013032426650387135,0,0.0,0.0,0.0
AST-007523,0.3113891246215162,0,0.0,0.0,0.0
AST-007524,0.014732695946555898,0,0.0,0.0,0.0
AST-007525,0.07773827257269506,0,0.0,0.0,0.0
AST-007526,0.003604381940578572,0,0.0,0.0,0.0
AST-007527,0.06296592581500786,0,0.0,0.0,0.0
AST-007528,0.015197873501505324,0,0.0,0.0,0.0
AST-007529,0.055643636329447556,0,0.0,0.0,0.0
AST-007530,0.1707976737323786,1,431465.04236339655,52771.11085827959,29.29849080962103
AST-007531,0.018073954009030255,0,0.0,0.0,0.0
AST-007532,0.003565529627461443,0,0.0,0.0,0.0
AST-007533,0.01514829369542245,0,0.0,0.0,0.0
AST-007534,0.6278790652822626,1,6110.544626051209,1948.966000654486,47.6936212021958
AST-007535,0.06482435321540468,0,0.0,0.0,0.0
AST-007536,0.005401831361373099,0,0.0,0.0,0.0
AST-007537,0.06018797671789673,0,0.0,0.0,0.0
AST-007538,0.013877505134140494,0,0.0,0.0,0.0
AST-007539,0.021907440943563266,0,0.0,0.0,0.0
AST-007540,0.2256967929623107,0,0.0,0.0,0.0
AST-007541,0.024887502508360054,0,0.0,0.0,0.0
AST-007542,0.27908959459772487,1,14457.19889398681,2631.545474717004,35.61827195673272
AST-007543,0.00940693689872284,0,0.0,0.0,0.0
AST-007544,0.00419116675310087,0,0.0,0.0,0.0
AST-007545,0.012381114373283179,0,0.0,0.0,0.0
AST-007546,0.09276868825999547,0,0.0,0.0,0.0
AST-007547,0.013417398454389851,0,0.0,0.0,0.0
AST-007548,0.003200258989149922,0,0.0,0.0,0.0
AST-007549,0.006816889106618247,0,0.0,0.0,0.0
AST-007550,0.8957761527417204,1,115588.97253755182,38500.646897392435,8.54174051679727
AST-007551,0.12152072438632625,0,0.0,0.0,0.0
AST-007552,0.024524453060971774,0,0.0,0.0,0.0
AST-007553,0.04271817843196722,0,0.0,0.0,0.0
AST-007554,0.230638520308945,0,0.0,0.0,0.0
AST-007555,0.014777347320058467,0,0.0,0.0,0.0
AST-007556,0.027874028148988258,0,0.0,0.0,0.0
AST-007557,0.042385379880203224,0,0.0,0.0,0.0
AST-007558,0.007787241310888007,0,0.0,0.0,0.0
AST-007559,0.03907874801864763,0,0.0,0.0,0.0
AST-007560,0.004638527787703823,0,0.0,0.0,0.0
AST-007561,0.008701401130373706,0,0.0,0.0,0.0
AST-007562,0.0659013067057409,0,0.0,0.0,0.0
AST-007563,0.006063908120634621,0,0.0,0.0,0.0
AST-007564,0.006984774654718415,0,0.0,0.0,0.0
AST-007565,0.008274476630506188,0,0.0,0.0,0.0
AST-007566,0.06222367744378299,0,0.0,0.0,0.0
AST-007567,0.07217700398116772,0,0.0,0.0,0.0
AST-007568,0.014962250945956474,0,0.0,0.0,0.0
AST-007569,0.022322091999340585,0,0.0,0.0,0.0
AST-007570,0.012710167689034626,0,0.0,0.0,0.0
AST-007571,0.028200549279264842,0,0.0,0.0,0.0
AST-007572,0.00542824261484457,0,0.0,0.0,0.0
AST-007573,0.026834663240530816,0,0.0,0.0,0.0
AST-007574,0.00963067953280311,0,0.0,0.0,0.0
AST-007575,0.07268472581914649,0,0.0,0.0,0.0
AST-007576,0.029186437394815096,0,0.0,0.0,0.0
AST-007577,0.01008956354183444,0,0.0,0.0,0.0
AST-007578,0.09017470985963918,0,0.0,0.0,0.0
AST-007579,0.017291774312433523,0,0.0,0.0,0.0
AST-007580,0.012770677558541688,0,0.0,0.0,0.0
AST-007581,0.015688596268378978,0,0.0,0.0,0.0
AST-007582,0.026328595676237857,0,0.0,0.0,0.0
AST-007583,0.015144858355486988,0,0.0,0.0,0.0
AST-007584,0.08813945471995371,0,0.0,0.0,0.0
AST-007585,0.0077425845398553595,0,0.0,0.0,0.0
AST-007586,0.016309930671510108,0,0.0,0.0,0.0
AST-007587,0.010420869291578098,0,0.0,0.0,0.0
AST-007588,0.11445617557758557,0,0.0,0.0,0.0
AST-007589,0.007014494717684412,0,0.0,0.0,0.0
AST-007590,0.018205145817053958,0,0.0,0.0,0.0
AST-007591,0.003806924834566223,0,0.0,0.0,0.0
AST-007592,0.0596689413022535,0,0.0,0.0,0.0
AST-007593,0.013455736972264603,0,0.0,0.0,0.0
AST-007594,0.007426536340116795,0,0.0,0.0,0.0
AST-007595,0.004240596197714778,0,0.0,0.0,0.0
AST-007596,0.008076317351188696,0,0.0,0.0,0.0
AST-007597,0.016087018958956978,0,0.0,0.0,0.0
AST-007598,0.00620454011342861,0,0.0,0.0,0.0
AST-007599,0.07512420571396625,0,0.0,0.0,0.0
AST-007600,0.20064414823427293,0,0.0,0.0,0.0
AST-007601,0.14737075995642526,0,0.0,0.0,0.0
AST-007602,0.04270463164961502,0,0.0,0.0,0.0
AST-007603,0.018293911565462163,0,0.0,0.0,0.0
AST-007604,0.007666396140817002,0,0.0,0.0,0.0
AST-007605,0.026950421631345287,0,0.0,0.0,0.0
AST-007606,0.00651818909542998,0,0.0,0.0,0.0
AST-007607,0.00499799169259219,0,0.0,0.0,0.0
AST-007608,0.8191201274728519,0,0.0,0.0,0.0
AST-007609,0.03877572759278719,0,0.0,0.0,0.0
AST-007610,0.05706784888714736,0,0.0,0.0,0.0
AST-007611,0.0069798072125097955,0,0.0,0.0,0.0
AST-007612,0.043066317039626024,0,0.0,0.0,0.0
AST-007613,0.00233075492177427,0,0.0,0.0,0.0
AST-007614,0.014345215152298755,0,0.0,0.0,0.0
AST-007615,0.02806003608102426,0,0.0,0.0,0.0
AST-007616,0.30260224621741233,0,0.0,0.0,0.0
AST-007617,0.049825110596291376,0,0.0,0.0,0.0
AST-007618,0.235136623522616,1,20361.101347349635,4776.55454158559,83.35663840002775
AST-007619,0.05313959352933602,0,0.0,0.0,0.0
AST-007620,0.002666886454358561,0,0.0,0.0,0.0
AST-007621,0.022359522484852394,0,0.0,0.0,0.0
AST-007622,0.3350967911116509,0,0.0,0.0,0.0
AST-007623,0.0016881066657733696,0,0.0,0.0,0.0
AST-007624,0.009216354059857355,0,0.0,0.0,0.0
AST-007625,0.0041833341923586944,0,0.0,0.0,0.0
AST-007626,0.015504788700880979,0,0.0,0.0,0.0
AST-007627,0.013894043480612564,0,0.0,0.0,0.0
AST-007628,0.0873783091843445,0,0.0,0.0,0.0
AST-007629,0.008123423164422309,0,0.0,0.0,0.0
AST-007630,0.007371652467726427,0,0.0,0.0,0.0
AST-007631,0.16914897500122494,0,0.0,0.0,0.0
AST-007632,0.16202916879586415,0,0.0,0.0,0.0
AST-007633,0.025338444431111613,0,0.0,0.0,0.0
AST-007634,0.0056794820767838705,0,0.0,0.0,0.0
AST-007635,0.009576868956455249,0,0.0,0.0,0.0
AST-007636,0.12927633744735986,0,0.0,0.0,0.0
AST-007637,0.11239513123261975,1,99649.6281905292,38919.41300140027,13.551412229904326
AST-007638,0.5635405908282852,1,162833.09614831506,19351.479771115894,18.847783243691833
AST-007639,0.09317018523451165,0,0.0,0.0,0.0
AST-007640,0.0027261596239598258,0,0.0,0.0,0.0
AST-007641,0.04259714580396753,0,0.0,0.0,0.0
AST-007642,0.013217502352845243,0,0.0,0.0,0.0
AST-007643,0.7486735989016208,1,6990.616383247832,902.4571113217664,38.06674332829911
AST-007644,0.01595680538626232,0,0.0,0.0,0.0
AST-007645,0.009237720835549896,0,0.0,0.0,0.0
AST-007646,0.08363256876820258,0,0.0,0.0,0.0
AST-007647,0.018048602679535217,0,0.0,0.0,0.0
AST-007648,0.05688824302615541,0,0.0,0.0,0.0
AST-007649,0.06458975314432433,0,0.0,0.0,0.0
AST-007650,0.30136564613179917,0,0.0,0.0,0.0
AST-007651,0.9065580299852881,1,15941.023743843549,2353.9175486501445,28.485818813925956
AST-007652,0.06256015908959113,0,0.0,0.0,0.0
AST-007653,0.010563402116510969,0,0.0,0.0,0.0
AST-007654,0.04798783701511924,0,0.0,0.0,0.0
AST-007655,0.033967857304444946,0,0.0,0.0,0.0
AST-007656,0.0028568263537342145,0,0.0,0.0,0.0
AST-007657,0.2467865156052563,0,0.0,0.0,0.0
AST-007658,0.012413165139443034,0,0.0,0.0,0.0
AST-007659,0.009704611878124183,0,0.0,0.0,0.0
AST-007660,0.07769989739721525,0,0.0,0.0,0.0
AST-007661,0.38608624958795895,0,0.0,0.0,0.0
AST-007662,0.07742823335804948,0,0.0,0.0,0.0
AST-007663,0.9823748967100143,1,40802.81596861644,5955.431213240038,23.0397688347341
AST-007664,0.15950086807565256,0,0.0,0.0,0.0
AST-007665,0.02965075462192378,1,1568173.8669198235,416878.45995398995,337.09539070180625
AST-007666,0.05847024425792546,0,0.0,0.0,0.0
AST-007667,0.07037819657219757,0,0.0,0.0,0.0
AST-007668,0.00292532182866575,0,0.0,0.0,0.0
AST-007669,0.008876802562674292,0,0.0,0.0,0.0
AST-007670,0.008405184816209405,0,0.0,0.0,0.0
AST-007671,0.013346045694704205,0,0.0,0.0,0.0
AST-007672,0.00168890284238156,0,0.0,0.0,0.0
AST-007673,0.006312422447432274,0,0.0,0.0,0.0
AST-007674,0.01829527471738563,0,0.0,0.0,0.0
AST-007675,0.3883958732211605,0,0.0,0.0,0.0
AST-007676,0.19852852184382555,0,0.0,0.0,0.0
AST-007677,0.03361700933581147,0,0.0,0.0,0.0
AST-007678,0.054193729234735026,0,0.0,0.0,0.0
AST-007679,0.4851889627387762,0,0.0,0.0,0.0
AST-007680,0.0825221571024106,0,0.0,0.0,0.0
AST-007681,0.12201052918485628,0,0.0,0.0,0.0
AST-007682,0.198391845191699,0,0.0,0.0,0.0
AST-007683,0.06368265152567752,0,0.0,0.0,0.0
AST-007684,0.002016255815139537,0,0.0,0.0,0.0
AST-007685,0.026749305037104768,0,0.0,0.0,0.0
AST-007686,0.08819941718116776,0,0.0,0.0,0.0
AST-007687,0.026512375140167854,0,0.0,0.0,0.0
AST-007688,0.6102782135679311,1,405761.8990628318,88432.45386199081,28.169764760536466
AST-007689,0.006064767545852161,0,0.0,0.0,0.0
AST-007690,0.2122297699627483,1,26128.16852664331,8458.357790628974,20.907435965504696
AST-007691,0.08335521406199296,0,0.0,0.0,0.0
AST-007692,0.01733530604591928,1,89539.78148077038,23180.075527011653,48.659932976378684
AST-007693,0.1300147605631503,0,0.0,0.0,0.0
AST-007694,0.3070308594287602,1,207192.5030348746,62585.4724238272,15.135381871972147
AST-007695,0.13927043529893962,0,0.0,0.0,0.0
AST-007696,0.09117168407598107,0,0.0,0.0,0.0
AST-007697,0.5485837868645842,0,0.0,0.0,0.0
AST-007698,0.14788130363303106,0,0.0,0.0,0.0
AST-007699,0.05061847829519692,0,0.0,0.0,0.0
AST-007700,0.32333602945420853,0,0.0,0.0,0.0
AST-007701,0.006337088665833204,0,0.0,0.0,0.0
AST-007702,0.051977500796384184,0,0.0,0.0,0.0
AST-007703,0.03873231556937332,0,0.0,0.0,0.0
AST-007704,0.09995104898722147,0,0.0,0.0,0.0
AST-007705,0.0939664840682923,0,0.0,0.0,0.0
AST-007706,0.002198462542407648,0,0.0,0.0,0.0
AST-007707,0.018716859061584646,0,0.0,0.0,0.0
AST-007708,0.015610604879121488,0,0.0,0.0,0.0
AST-007709,0.01655041993108755,0,0.0,0.0,0.0
AST-007710,0.013122468309378096,0,0.0,0.0,0.0
AST-007711,0.0050306772915901365,0,0.0,0.0,0.0
AST-007712,0.026723210975156435,0,0.0,0.0,0.0
AST-007713,0.004871170084814106,0,0.0,0.0,0.0
AST-007714,0.02418503708518743,0,0.0,0.0,0.0
AST-007715,0.005441701121492225,0,0.0,0.0,0.0
AST-007716,0.007539243331440727,0,0.0,0.0,0.0
AST-007717,0.07030468603174107,0,0.0,0.0,0.0
AST-007718,0.04048599653419804,0,0.0,0.0,0.0
AST-007719,0.013143971347639982,0,0.0,0.0,0.0
AST-007720,0.032219976155538115,0,0.0,0.0,0.0
AST-007721,0.09804920373192776,0,0.0,0.0,0.0
AST-007722,0.004949975158275636,0,0.0,0.0,0.0
AST-007723,0.00829001493984237,0,0.0,0.0,0.0
AST-007724,0.12246885261110761,0,0.0,0.0,0.0
AST-007725,0.014130899877996032,0,0.0,0.0,0.0
AST-007726,0.030875997717179707,0,0.0,0.0,0.0
AST-007727,0.02518100573530791,0,0.0,0.0,0.0
AST-007728,0.012371670713432648,0,0.0,0.0,0.0
AST-007729,0.040822499195921826,0,0.0,0.0,0.0
AST-007730,0.22736978345743833,0,0.0,0.0,0.0
AST-007731,0.023902309206620388,0,0.0,0.0,0.0
AST-007732,0.002497474845816892,0,0.0,0.0,0.0
AST-007733,0.011899469566184857,0,0.0,0.0,0.0
AST-007734,0.002558089861516368,0,0.0,0.0,0.0
AST-007735,0.01154950680840466,0,0.0,0.0,0.0
AST-007736,0.06518066405760078,0,0.0,0.0,0.0
AST-007737,0.007274209254835202,0,0.0,0.0,0.0
AST-007738,0.03989703784113322,0,0.0,0.0,0.0
AST-007739,0.04140109877635536,0,0.0,0.0,0.0
AST-007740,0.012472268059213006,0,0.0,0.0,0.0
AST-007741,0.04109201880453226,0,0.0,0.0,0.0
AST-007742,0.007397374040679574,0,0.0,0.0,0.0
AST-007743,0.00591780071973166,0,0.0,0.0,0.0
AST-007744,0.5026459577285619,1,27382.331572420477,4581.204060853826,10.138094170174632
AST-007745,0.0283834514696621,0,0.0,0.0,0.0
AST-007746,0.009387944963134425,0,0.0,0.0,0.0
AST-007747,0.16174899719331798,0,0.0,0.0,0.0
AST-007748,0.19202755268577754,0,0.0,0.0,0.0
AST-007749,0.05574836285200085,1,39620.106694213195,11022.809082585685,70.0245190936629
AST-007750,0.4805402216013478,0,0.0,0.0,0.0
AST-007751,0.019577860619529232,0,0.0,0.0,0.0
AST-007752,0.11507807069989971,0,0.0,0.0,0.0
AST-007753,0.3131366208547156,1,31387.987192689605,12133.244652365209,2.2600406571637537
AST-007754,0.08882103678472299,0,0.0,0.0,0.0
AST-007755,0.001486513728099072,0,0.0,0.0,0.0
AST-007756,0.11557683393554237,0,0.0,0.0,0.0
AST-007757,0.04288892262251887,0,0.0,0.0,0.0
AST-007758,0.006891068439008728,0,0.0,0.0,0.0
AST-007759,0.005222826662467912,0,0.0,0.0,0.0
AST-007760,0.500895042939744,1,341516.66619431035,70440.91371745661,55.6756166817289
AST-007761,0.15770927373067145,1,5000.0,1464.3153939219903,8.82184533115527
AST-007762,0.015360044312350309,0,0.0,0.0,0.0
AST-007763,0.6958839400916486,1,30242.157159443646,7244.073650586323,54.6071541552936
AST-007764,0.08246330007012376,0,0.0,0.0,0.0
AST-007765,0.10601822808276372,0,0.0,0.0,0.0
AST-007766,0.0023055065586017566,0,0.0,0.0,0.0
AST-007767,0.015509125858141617,0,0.0,0.0,0.0
AST-007768,0.005710930238164602,0,0.0,0.0,0.0
AST-007769,0.045336052372368735,0,0.0,0.0,0.0
AST-007770,0.005331377030438144,0,0.0,0.0,0.0
AST-007771,0.013301717835483663,0,0.0,0.0,0.0
AST-007772,0.04260132129544427,0,0.0,0.0,0.0
AST-007773,0.07801397939712276,0,0.0,0.0,0.0
AST-007774,0.0048974112814243985,0,0.0,0.0,0.0
AST-007775,0.010873995406947626,0,0.0,0.0,0.0
AST-007776,0.023763205782055874,0,0.0,0.0,0.0
AST-007777,0.5546448546309697,0,0.0,0.0,0.0
AST-007778,0.01068833453362121,0,0.0,0.0,0.0
AST-007779,0.7679493058819598,0,0.0,0.0,0.0
AST-007780,0.05834478750151926,0,0.0,0.0,0.0
AST-007781,0.039223819261593434,0,0.0,0.0,0.0
AST-007782,0.007886042494014334,0,0.0,0.0,0.0
AST-007783,0.04056785505032361,0,0.0,0.0,0.0
AST-007784,0.19475438404936105,1,654805.0859720898,197770.54483397497,324.00606644164856
AST-007785,0.03198235173215293,0,0.0,0.0,0.0
AST-007786,0.007677034798082859,0,0.0,0.0,0.0
AST-007787,0.008281817082334527,0,0.0,0.0,0.0
AST-007788,0.0033968149523879118,0,0.0,0.0,0.0
AST-007789,0.04878276516254631,0,0.0,0.0,0.0
AST-007790,0.005711055324012509,0,0.0,0.0,0.0
AST-007791,0.004770384616740925,0,0.0,0.0,0.0
AST-007792,0.0836882340882378,0,0.0,0.0,0.0
AST-007793,0.02139039766666211,0,0.0,0.0,0.0
AST-007794,0.26626832242725723,0,0.0,0.0,0.0
AST-007795,0.49432060319467636,1,367789.9245829262,72254.55783681873,5.267251704563157
AST-007796,0.06804068612868168,0,0.0,0.0,0.0
AST-007797,0.0072900744970041155,0,0.0,0.0,0.0
AST-007798,0.09048613987460878,0,0.0,0.0,0.0
AST-007799,0.07417898543883479,0,0.0,0.0,0.0
AST-007800,0.0648875182561783,0,0.0,0.0,0.0
AST-007801,0.010762461139530242,0,0.0,0.0,0.0
AST-007802,0.08427816771823948,0,0.0,0.0,0.0
AST-007803,0.024848007793081266,0,0.0,0.0,0.0
AST-007804,0.03998342727799016,0,0.0,0.0,0.0
AST-007805,0.07412670804560925,0,0.0,0.0,0.0
AST-007806,0.0133372697358042,0,0.0,0.0,0.0
AST-007807,0.6186741746647209,1,44019.23056152343,15029.51825359578,7.687995086898356
AST-007808,0.043448084561298846,0,0.0,0.0,0.0
AST-007809,0.007250543894402931,1,9626.47891092533,3225.3129657561185,63.83108943590792
AST-007810,0.06087521023901117,0,0.0,0.0,0.0
AST-007811,0.008504265677883729,0,0.0,0.0,0.0
AST-007812,0.29345016007052355,0,0.0,0.0,0.0
AST-007813,0.010452494061842364,0,0.0,0.0,0.0
AST-007814,0.008095562297599281,0,0.0,0.0,0.0
AST-007815,0.05219423653391997,1,199458.59923314519,72308.43410333918,11.183734345975827
AST-007816,0.06788209295438932,1,5000.0,1996.3173562254656,59.71458815767937
AST-007817,0.1641368158431588,0,0.0,0.0,0.0
AST-007818,0.0034499670936349426,0,0.0,0.0,0.0
AST-007819,0.01995955322654562,0,0.0,0.0,0.0
AST-007820,0.004654045253311,0,0.0,0.0,0.0
AST-007821,0.06648607136972577,0,0.0,0.0,0.0
AST-007822,0.0573025544755956,0,0.0,0.0,0.0
AST-007823,0.014769327725481339,0,0.0,0.0,0.0
AST-007824,0.38268682000238136,0,0.0,0.0,0.0
AST-007825,0.0028383061200991755,0,0.0,0.0,0.0
AST-007826,0.011944853193485786,0,0.0,0.0,0.0
AST-007827,0.005916135828029874,0,0.0,0.0,0.0
AST-007828,0.0038439646461446305,0,0.0,0.0,0.0
AST-007829,0.01940165488427272,0,0.0,0.0,0.0
AST-007830,0.008544192269323774,0,0.0,0.0,0.0
AST-007831,0.03403172807064437,0,0.0,0.0,0.0
AST-007832,0.029265032252263,0,0.0,0.0,0.0
AST-007833,0.06291142421788817,1,74015.47284887284,15694.970959580001,29.955477425659723
AST-007834,0.03801264457839745,0,0.0,0.0,0.0
AST-007835,0.05729070076574333,0,0.0,0.0,0.0
AST-007836,0.04870182434681508,0,0.0,0.0,0.0
AST-007837,0.03804397090616858,0,0.0,0.0,0.0
AST-007838,0.022936218780091083,0,0.0,0.0,0.0
AST-007839,0.026990734491500645,0,0.0,0.0,0.0
AST-007840,0.050119489857921154,0,0.0,0.0,0.0
AST-007841,0.04882834286011056,0,0.0,0.0,0.0
AST-007842,0.0505255880408285,0,0.0,0.0,0.0
AST-007843,0.22886460637381945,0,0.0,0.0,0.0
AST-007844,0.01779712696978401,0,0.0,0.0,0.0
AST-007845,0.018945795436422115,0,0.0,0.0,0.0
AST-007846,0.002591733524234799,0,0.0,0.0,0.0
AST-007847,0.043643920857330605,0,0.0,0.0,0.0
AST-007848,0.028639453429931416,0,0.0,0.0,0.0
AST-007849,0.001724577000444481,0,0.0,0.0,0.0
AST-007850,0.0527302302498245,0,0.0,0.0,0.0
AST-007851,0.0456741806949706,0,0.0,0.0,0.0
AST-007852,0.4576394563755685,0,0.0,0.0,0.0
AST-007853,0.10491675559504611,0,0.0,0.0,0.0
AST-007854,0.006813474103753435,0,0.0,0.0,0.0
AST-007855,0.008680299341722214,0,0.0,0.0,0.0
AST-007856,0.007587030349655555,0,0.0,0.0,0.0
AST-007857,0.016404718763753434,0,0.0,0.0,0.0
AST-007858,0.0018196504626349305,0,0.0,0.0,0.0
AST-007859,0.3777154834256614,0,0.0,0.0,0.0
AST-007860,0.09492400346018987,0,0.0,0.0,0.0
AST-007861,0.5940570000294171,1,205533.1396624109,67549.73417054214,6.091919130753656
AST-007862,0.3287022583914319,1,408437.97220581846,133698.47391561983,2.5078695653549965
AST-007863,0.023455240195046245,0,0.0,0.0,0.0
AST-007864,0.0051592377639466174,0,0.0,0.0,0.0
AST-007865,0.03707513598443046,0,0.0,0.0,0.0
AST-007866,0.030600255790967222,0,0.0,0.0,0.0
AST-007867,0.027387130219440253,0,0.0,0.0,0.0
AST-007868,0.6907742158717528,1,119316.95828437462,47581.993347232186,31.551482039253653
AST-007869,0.4252252872776152,1,130237.23693159372,42930.75569436197,66.85304104803262
AST-007870,0.030327130593213132,0,0.0,0.0,0.0
AST-007871,0.04773063635317117,0,0.0,0.0,0.0
AST-007872,0.0038250721049061594,0,0.0,0.0,0.0
AST-007873,0.014443853329502552,0,0.0,0.0,0.0
AST-007874,0.01317326675601459,0,0.0,0.0,0.0
AST-007875,0.027579483467131783,0,0.0,0.0,0.0
AST-007876,0.0019784998121057306,0,0.0,0.0,0.0
AST-007877,0.008825118832686782,0,0.0,0.0,0.0
AST-007878,0.039462363097562715,0,0.0,0.0,0.0
AST-007879,0.7758100852057036,1,235284.31098612756,56161.075402744464,32.280798474009686
AST-007880,0.5243249389190935,1,172272.24004565927,64734.22810002346,43.18679940421556
AST-007881,0.013438229355782611,0,0.0,0.0,0.0
AST-007882,0.00833336755586726,0,0.0,0.0,0.0
AST-007883,0.005417463556542235,0,0.0,0.0,0.0
AST-007884,0.006758631698200907,0,0.0,0.0,0.0
AST-007885,0.19269907000108913,0,0.0,0.0,0.0
AST-007886,0.004243661155929608,0,0.0,0.0,0.0
AST-007887,0.012758640924836247,0,0.0,0.0,0.0
AST-007888,0.006595224529761407,0,0.0,0.0,0.0
AST-007889,0.003485608648601625,0,0.0,0.0,0.0
AST-007890,0.00942184157155508,0,0.0,0.0,0.0
AST-007891,0.009500529459013514,0,0.0,0.0,0.0
AST-007892,0.01394142335171513,0,0.0,0.0,0.0
AST-007893,0.008934697951694635,0,0.0,0.0,0.0
AST-007894,0.10474299091211231,0,0.0,0.0,0.0
AST-007895,0.004044386154834692,0,0.0,0.0,0.0
AST-007896,0.043055197569930904,0,0.0,0.0,0.0
AST-007897,0.033397610005719655,0,0.0,0.0,0.0
AST-007898,0.0179031290811947,1,76532.75182716483,10890.266755097855,3.3889819943363753
AST-007899,0.07521135426884727,0,0.0,0.0,0.0
AST-007900,0.010490852359823638,0,0.0,0.0,0.0
AST-007901,0.07545287005903238,0,0.0,0.0,0.0
AST-007902,0.014825693737850502,0,0.0,0.0,0.0
AST-007903,0.007098045759575332,0,0.0,0.0,0.0
AST-007904,0.15405431111016396,0,0.0,0.0,0.0
AST-007905,0.007823110017098725,0,0.0,0.0,0.0
AST-007906,0.05269961571029335,0,0.0,0.0,0.0
AST-007907,0.10958868113347663,0,0.0,0.0,0.0
AST-007908,0.003640935671857486,0,0.0,0.0,0.0
AST-007909,0.01032462171190399,0,0.0,0.0,0.0
AST-007910,0.006520616099035436,1,55677.01773952385,10761.69658987189,85.2760285906532
AST-007911,0.010990810402436173,0,0.0,0.0,0.0
AST-007912,0.02366768816775904,0,0.0,0.0,0.0
AST-007913,0.030631662528253077,0,0.0,0.0,0.0
AST-007914,0.19439106641994264,1,110472.91262938043,39637.343764667974,12.063754598131828
AST-007915,0.49331143717745013,0,0.0,0.0,0.0
AST-007916,0.007947247101405463,0,0.0,0.0,0.0
AST-007917,0.01848598372233242,0,0.0,0.0,0.0
AST-007918,0.11631457015843044,0,0.0,0.0,0.0
AST-007919,0.022679900548260645,0,0.0,0.0,0.0
AST-007920,0.006805094437137122,0,0.0,0.0,0.0
AST-007921,0.33495914188286185,1,1484293.0113166333,459345.1966049446,64.17056339592477
AST-007922,0.07989970730814745,1,34400.8209052665,9549.93050755625,85.03599373488342
AST-007923,0.023759199854014375,0,0.0,0.0,0.0
AST-007924,0.003911294908145226,0,0.0,0.0,0.0
AST-007925,0.020942795090052174,0,0.0,0.0,0.0
AST-007926,0.08430938700440496,0,0.0,0.0,0.0
AST-007927,0.012515484655799476,0,0.0,0.0,0.0
AST-007928,0.056893299190221104,0,0.0,0.0,0.0
AST-007929,0.011862381198362035,0,0.0,0.0,0.0
AST-007930,0.006103668482708155,0,0.0,0.0,0.0
AST-007931,0.0680305045912934,0,0.0,0.0,0.0
AST-007932,0.042799260651940896,0,0.0,0.0,0.0
AST-007933,0.05558392667426573,0,0.0,0.0,0.0
AST-007934,0.04332888267957891,0,0.0,0.0,0.0
AST-007935,0.004578939983072474,0,0.0,0.0,0.0
AST-007936,0.007785263771587086,0,0.0,0.0,0.0
AST-007937,0.23085661375022512,0,0.0,0.0,0.0
AST-007938,0.003715998052667582,0,0.0,0.0,0.0
AST-007939,0.04594745877364429,0,0.0,0.0,0.0
AST-007940,0.21778603442389685,0,0.0,0.0,0.0
AST-007941,0.00968494890421848,0,0.0,0.0,0.0
AST-007942,0.04351185830118675,0,0.0,0.0,0.0
AST-007943,0.09932664038765879,0,0.0,0.0,0.0
AST-007944,0.007954816269717595,0,0.0,0.0,0.0
AST-007945,0.017484461347692253,0,0.0,0.0,0.0
AST-007946,0.012887264576439543,0,0.0,0.0,0.0
AST-007947,0.0488061716415607,0,0.0,0.0,0.0
AST-007948,0.006234031373360174,0,0.0,0.0,0.0
AST-007949,0.0174280724927721,0,0.0,0.0,0.0
AST-007950,0.0077993785040341886,0,0.0,0.0,0.0
AST-007951,0.02568274037569169,0,0.0,0.0,0.0
AST-007952,0.005427108124943188,0,0.0,0.0,0.0
AST-007953,0.005326712573582801,0,0.0,0.0,0.0
AST-007954,0.04719965868949005,0,0.0,0.0,0.0
AST-007955,0.6166504015062003,1,267305.10689763725,80211.68759826187,40.08179792458205
AST-007956,0.04988035917359179,0,0.0,0.0,0.0
AST-007957,0.9926007682056535,1,14389.21799174328,1468.4152293385168,9.180355879453549
AST-007958,0.14278115212460196,0,0.0,0.0,0.0
AST-007959,0.014390791597038327,0,0.0,0.0,0.0
AST-007960,0.0024566898825037586,0,0.0,0.0,0.0
AST-007961,0.005631342585868357,0,0.0,0.0,0.0
AST-007962,0.02080789340063548,0,0.0,0.0,0.0
AST-007963,0.18213487611856624,0,0.0,0.0,0.0
AST-007964,0.8634693438629154,1,63859.973258190235,14818.910612151843,101.71054919281349
AST-007965,0.6680830364477959,1,37888.664632261556,9108.142074421668,3.3015952309681613
AST-007966,0.002651639090199752,0,0.0,0.0,0.0
AST-007967,0.003953120431758745,0,0.0,0.0,0.0
AST-007968,0.05969985849406787,1,9250336.376580682,3665444.3815397355,7.012178400679097
AST-007969,0.0069076040583354375,0,0.0,0.0,0.0
AST-007970,0.005123921652918905,0,0.0,0.0,0.0
AST-007971,0.03879501875983999,0,0.0,0.0,0.0
AST-007972,0.002264758330015703,0,0.0,0.0,0.0
AST-007973,0.009647418755047514,0,0.0,0.0,0.0
AST-007974,0.02627129507082106,1,31602.570317658618,9637.099843068003,209.87968274709795
AST-007975,0.004410776043317909,0,0.0,0.0,0.0
AST-007976,0.1064271639388553,0,0.0,0.0,0.0
AST-007977,0.07848275187142914,0,0.0,0.0,0.0
AST-007978,0.24043431049508193,0,0.0,0.0,0.0
AST-007979,0.3186364715798507,0,0.0,0.0,0.0
AST-007980,0.05676854056571585,0,0.0,0.0,0.0
AST-007981,0.01791783063318774,0,0.0,0.0,0.0
AST-007982,0.21375984111379187,0,0.0,0.0,0.0
AST-007983,0.06197951210081589,0,0.0,0.0,0.0
AST-007984,0.011537286621408389,0,0.0,0.0,0.0
AST-007985,0.24175589182641,0,0.0,0.0,0.0
AST-007986,0.011902999803407999,0,0.0,0.0,0.0
AST-007987,0.0340269539834449,0,0.0,0.0,0.0
AST-007988,0.014791036360686944,0,0.0,0.0,0.0
AST-007989,0.015439065959659127,0,0.0,0.0,0.0
AST-007990,0.007288420736826064,0,0.0,0.0,0.0
AST-007991,0.03194502314839138,0,0.0,0.0,0.0
AST-007992,0.014428324972684377,0,0.0,0.0,0.0
AST-007993,0.09671723540329034,0,0.0,0.0,0.0
AST-007994,0.002822312259336359,0,0.0,0.0,0.0
AST-007995,0.03085512426600209,0,0.0,0.0,0.0
AST-007996,0.011194001493498237,0,0.0,0.0,0.0
AST-007997,0.34001368362301343,0,0.0,0.0,0.0
AST-007998,0.07317114158074674,0,0.0,0.0,0.0
AST-007999,0.09254915333478003,0,0.0,0.0,0.0
AST-008000,0.12883691104546205,0,0.0,0.0,0.0
AST-008001,0.023165317959553778,0,0.0,0.0,0.0
AST-008002,0.018922885926948383,0,0.0,0.0,0.0
AST-008003,0.05069388946902078,0,0.0,0.0,0.0
AST-008004,0.054520409693602195,0,0.0,0.0,0.0
AST-008005,0.08055598478432749,0,0.0,0.0,0.0
AST-008006,0.0085350954163089,0,0.0,0.0,0.0
AST-008007,0.013863472209985926,0,0.0,0.0,0.0
AST-008008,0.014257628381468128,0,0.0,0.0,0.0
AST-008009,0.004108584863665155,0,0.0,0.0,0.0
AST-008010,0.28752895993672684,0,0.0,0.0,0.0
AST-008011,0.01361297227626693,0,0.0,0.0,0.0
AST-008012,0.07098002304664623,0,0.0,0.0,0.0
AST-008013,0.0229634241986615,0,0.0,0.0,0.0
AST-008014,0.03350202872127814,0,0.0,0.0,0.0
AST-008015,0.004712034850641093,0,0.0,0.0,0.0
AST-008016,0.014952580880427306,0,0.0,0.0,0.0
AST-008017,0.003569755961825486,0,0.0,0.0,0.0
AST-008018,0.03714694519773737,0,0.0,0.0,0.0
AST-008019,0.04820715477416294,0,0.0,0.0,0.0
AST-008020,0.011018528509758449,0,0.0,0.0,0.0
AST-008021,0.00748228518140656,0,0.0,0.0,0.0
AST-008022,0.011270895367107198,0,0.0,0.0,0.0
AST-008023,0.2705740666370557,1,719319.1218950178,235319.92908126226,9.15152712524678
AST-008024,0.00896456232161236,0,0.0,0.0,0.0
AST-008025,0.29051530323334657,0,0.0,0.0,0.0
AST-008026,0.03265079978654481,0,0.0,0.0,0.0
AST-008027,0.010005038888363746,0,0.0,0.0,0.0
AST-008028,0.005152947357706252,0,0.0,0.0,0.0
AST-008029,0.007345347043339022,0,0.0,0.0,0.0
AST-008030,0.19836062943833416,0,0.0,0.0,0.0
AST-008031,0.763993442735712,1,14698.662540279178,2246.6504698559943,4.727915916336481
AST-008032,0.06331523473473243,0,0.0,0.0,0.0
AST-008033,0.0030747390457722605,0,0.0,0.0,0.0
AST-008034,0.007248128461177343,0,0.0,0.0,0.0
AST-008035,0.06272727810516886,0,0.0,0.0,0.0
AST-008036,0.03695498055188251,0,0.0,0.0,0.0
AST-008037,0.014477352352330077,0,0.0,0.0,0.0
AST-008038,0.2719821615505712,0,0.0,0.0,0.0
AST-008039,0.010966211273977941,0,0.0,0.0,0.0
AST-008040,0.06774622883749468,0,0.0,0.0,0.0
AST-008041,0.11975362450850781,0,0.0,0.0,0.0
AST-008042,0.040309881981038916,0,0.0,0.0,0.0
AST-008043,0.04460658281328496,0,0.0,0.0,0.0
AST-008044,0.005149484448796579,0,0.0,0.0,0.0
AST-008045,0.16115690660142257,1,185728.3913909565,42476.891607290745,12.42566716144163
AST-008046,0.005556801833233262,0,0.0,0.0,0.0
AST-008047,0.0050684343204688165,0,0.0,0.0,0.0
AST-008048,0.012725707688936942,0,0.0,0.0,0.0
AST-008049,0.004528556591866883,0,0.0,0.0,0.0
AST-008050,0.07213964172261496,0,0.0,0.0,0.0
AST-008051,0.0013299632806832383,0,0.0,0.0,0.0
AST-008052,0.07693550295847529,0,0.0,0.0,0.0
AST-008053,0.010512905822511867,0,0.0,0.0,0.0
AST-008054,0.042125721799908894,0,0.0,0.0,0.0
AST-008055,0.05626727379386501,0,0.0,0.0,0.0
AST-008056,0.02686617945559257,0,0.0,0.0,0.0
AST-008057,0.0629513721733338,0,0.0,0.0,0.0
AST-008058,0.014400070531862878,0,0.0,0.0,0.0
AST-008059,0.016336307011434202,0,0.0,0.0,0.0
AST-008060,0.01231503566633318,0,0.0,0.0,0.0
AST-008061,0.038275953127507666,0,0.0,0.0,0.0
AST-008062,0.005387398241162571,0,0.0,0.0,0.0
AST-008063,0.04837128341828775,0,0.0,0.0,0.0
AST-008064,0.029879097387092133,0,0.0,0.0,0.0
AST-008065,0.0037826420632406693,0,0.0,0.0,0.0
AST-008066,0.03709622638965344,0,0.0,0.0,0.0
AST-008067,0.025564093297073178,1,49125.385540216805,15377.602752604149,76.94599376572899
AST-008068,0.01867617923285513,0,0.0,0.0,0.0
AST-008069,0.013596911582416911,0,0.0,0.0,0.0
AST-008070,0.03391264038779026,0,0.0,0.0,0.0
AST-008071,0.00468555463854616,0,0.0,0.0,0.0
AST-008072,0.04978177977993341,0,0.0,0.0,0.0
AST-008073,0.09335884252954857,0,0.0,0.0,0.0
AST-008074,0.003404681073670657,0,0.0,0.0,0.0
AST-008075,0.8363960017148208,1,237752.6207761578,58172.620525815255,9.587018910441847
AST-008076,0.010363837087475942,0,0.0,0.0,0.0
AST-008077,0.3248231679169043,0,0.0,0.0,0.0
AST-008078,0.919548571693051,1,3064522.530425135,492992.89746381284,2.308234789401587
AST-008079,0.028165202938076023,0,0.0,0.0,0.0
AST-008080,0.006382926739614528,0,0.0,0.0,0.0
AST-008081,0.08238268179028486,1,1042810.9048277048,120012.7909435078,192.8287876664295
AST-008082,0.02917495957932239,0,0.0,0.0,0.0
AST-008083,0.0018544318814548652,0,0.0,0.0,0.0
AST-008084,0.0025556503075768425,0,0.0,0.0,0.0
AST-008085,0.38834556891799715,0,0.0,0.0,0.0
AST-008086,0.2915642370836607,0,0.0,0.0,0.0
AST-008087,0.1530391051204102,0,0.0,0.0,0.0
AST-008088,0.0026877148606512403,0,0.0,0.0,0.0
AST-008089,0.0021646188792107455,0,0.0,0.0,0.0
AST-008090,0.3208642230850913,0,0.0,0.0,0.0
AST-008091,0.22144706028045316,0,0.0,0.0,0.0
AST-008092,0.01776364659111965,0,0.0,0.0,0.0
AST-008093,0.007719728383565621,0,0.0,0.0,0.0
AST-008094,0.020737982043675048,0,0.0,0.0,0.0
AST-008095,0.01884552264628524,0,0.0,0.0,0.0
AST-008096,0.006473270215956697,0,0.0,0.0,0.0
AST-008097,0.38037836531010544,0,0.0,0.0,0.0
AST-008098,0.1061492841048513,0,0.0,0.0,0.0
AST-008099,0.3783928045352497,0,0.0,0.0,0.0
AST-008100,0.03863936094594451,0,0.0,0.0,0.0
AST-008101,0.006516962247345474,0,0.0,0.0,0.0
AST-008102,0.015440486476034713,0,0.0,0.0,0.0
AST-008103,0.030082170191378432,0,0.0,0.0,0.0
AST-008104,0.03778817142624083,1,20075.503019674416,4864.028901307601,146.81838812631304
AST-008105,0.002141948062768505,0,0.0,0.0,0.0
AST-008106,0.014231305714704365,0,0.0,0.0,0.0
AST-008107,0.09465572468871157,0,0.0,0.0,0.0
AST-008108,0.1419204195884083,0,0.0,0.0,0.0
AST-008109,0.24112436116980815,0,0.0,0.0,0.0
AST-008110,0.04261125514737014,0,0.0,0.0,0.0
AST-008111,0.022947713788133314,0,0.0,0.0,0.0
AST-008112,0.023283381294790816,0,0.0,0.0,0.0
AST-008113,0.10536609630686126,1,69716.00840324342,18838.524820499046,359.36508329216053
AST-008114,0.003736167703868379,0,0.0,0.0,0.0
AST-008115,0.04483512904518526,0,0.0,0.0,0.0
AST-008116,0.04314938535276382,0,0.0,0.0,0.0
AST-008117,0.05517339648336053,0,0.0,0.0,0.0
AST-008118,0.1414443823841639,0,0.0,0.0,0.0
AST-008119,0.015554865746419426,0,0.0,0.0,0.0
AST-008120,0.008388392633920527,0,0.0,0.0,0.0
AST-008121,0.007840584113739104,0,0.0,0.0,0.0
AST-008122,0.4302561386258086,0,0.0,0.0,0.0
AST-008123,0.06600756876525654,0,0.0,0.0,0.0
AST-008124,0.010340849395831216,0,0.0,0.0,0.0
AST-008125,0.03260022712277571,0,0.0,0.0,0.0
AST-008126,0.06895551463701304,0,0.0,0.0,0.0
AST-008127,0.2666255968436158,0,0.0,0.0,0.0
AST-008128,0.008529635223540926,0,0.0,0.0,0.0
AST-008129,0.1103804967125119,0,0.0,0.0,0.0
AST-008130,0.0983804761640164,0,0.0,0.0,0.0
AST-008131,0.052539187756012996,0,0.0,0.0,0.0
AST-008132,0.016859697412840793,0,0.0,0.0,0.0
AST-008133,0.021087498262689144,0,0.0,0.0,0.0
AST-008134,0.3219782751458112,0,0.0,0.0,0.0
AST-008135,0.025550667140113562,0,0.0,0.0,0.0
AST-008136,0.009391192366241585,0,0.0,0.0,0.0
AST-008137,0.0023601572441907448,0,0.0,0.0,0.0
AST-008138,0.022781730188857083,0,0.0,0.0,0.0
AST-008139,0.3598595624554709,1,18465.766399238386,5783.7832043528,4.221857554712869
AST-008140,0.027511387580577414,0,0.0,0.0,0.0
AST-008141,0.2543194549668114,0,0.0,0.0,0.0
AST-008142,0.136384194797927,0,0.0,0.0,0.0
AST-008143,0.41870862174010015,0,0.0,0.0,0.0
AST-008144,0.07159721518603471,0,0.0,0.0,0.0
AST-008145,0.2984555417815836,0,0.0,0.0,0.0
AST-008146,0.44876958383804566,0,0.0,0.0,0.0
AST-008147,0.3431482173235586,0,0.0,0.0,0.0
AST-008148,0.0031981931241070126,0,0.0,0.0,0.0
AST-008149,0.00279336535361326,0,0.0,0.0,0.0
AST-008150,0.004284643795201794,0,0.0,0.0,0.0
AST-008151,0.14344784076623043,0,0.0,0.0,0.0
AST-008152,0.16624697559140758,0,0.0,0.0,0.0
AST-008153,0.0460048316617336,0,0.0,0.0,0.0
AST-008154,0.0041109424397242685,0,0.0,0.0,0.0
AST-008155,0.021419037478115185,0,0.0,0.0,0.0
AST-008156,0.06000048229475158,0,0.0,0.0,0.0
AST-008157,0.0037401869621535456,0,0.0,0.0,0.0
AST-008158,0.019537011860880683,0,0.0,0.0,0.0
AST-008159,0.020279729125397893,0,0.0,0.0,0.0
AST-008160,0.08048437575426418,1,446708.0263643412,84949.77384873338,3.8269142783636716
AST-008161,0.008367951133381594,0,0.0,0.0,0.0
AST-008162,0.0019613159673914624,0,0.0,0.0,0.0
AST-008163,0.007466895558256203,0,0.0,0.0,0.0
AST-008164,0.00990705391366031,0,0.0,0.0,0.0
AST-008165,0.015252072728393259,0,0.0,0.0,0.0
AST-008166,0.07306243204291508,0,0.0,0.0,0.0
AST-008167,0.04287409463164445,0,0.0,0.0,0.0
AST-008168,0.007558122118083341,0,0.0,0.0,0.0
AST-008169,0.1066121826653569,0,0.0,0.0,0.0
AST-008170,0.027628989000664777,0,0.0,0.0,0.0
AST-008171,0.6166072701732315,1,205079.0902941868,63913.779276521505,26.568728162695727
AST-008172,0.003473457449836471,0,0.0,0.0,0.0
AST-008173,0.012948932212887546,0,0.0,0.0,0.0
AST-008174,0.018793958845922085,0,0.0,0.0,0.0
AST-008175,0.011414502436026154,0,0.0,0.0,0.0
AST-008176,0.05707268505629501,0,0.0,0.0,0.0
AST-008177,0.20017623004909676,0,0.0,0.0,0.0
AST-008178,0.005311037694012367,0,0.0,0.0,0.0
AST-008179,0.01698897297720057,0,0.0,0.0,0.0
AST-008180,0.09619747209304617,0,0.0,0.0,0.0
AST-008181,0.5606303919054805,0,0.0,0.0,0.0
AST-008182,0.6022903172748891,1,34400.571524643696,3643.208203440028,52.55203775466016
AST-008183,0.02610344708366702,0,0.0,0.0,0.0
AST-008184,0.1169846644099227,0,0.0,0.0,0.0
AST-008185,0.03273449178670709,0,0.0,0.0,0.0
AST-008186,0.029369211701506536,0,0.0,0.0,0.0
AST-008187,0.01392256954143732,0,0.0,0.0,0.0
AST-008188,0.006827620989246646,0,0.0,0.0,0.0
AST-008189,0.016372478353091628,0,0.0,0.0,0.0
AST-008190,0.017503886529445484,0,0.0,0.0,0.0
AST-008191,0.022243750428646916,0,0.0,0.0,0.0
AST-008192,0.012090831021621685,0,0.0,0.0,0.0
AST-008193,0.1256938880016985,0,0.0,0.0,0.0
AST-008194,0.034912731614561106,0,0.0,0.0,0.0
AST-008195,0.004569940492476133,0,0.0,0.0,0.0
AST-008196,0.17343959510866808,1,135640.84457835482,39213.51501401154,71.82741024232536
AST-008197,0.001780453088258567,0,0.0,0.0,0.0
AST-008198,0.0206527991125736,0,0.0,0.0,0.0
AST-008199,0.530296571904273,0,0.0,0.0,0.0
AST-008200,0.004909671760112193,0,0.0,0.0,0.0
AST-008201,0.010099773725045325,0,0.0,0.0,0.0
AST-008202,0.05190786637029776,0,0.0,0.0,0.0
AST-008203,0.011213837477503841,0,0.0,0.0,0.0
AST-008204,0.02721666007606686,0,0.0,0.0,0.0
AST-008205,0.019923748162100192,0,0.0,0.0,0.0
AST-008206,0.0019525793307961254,0,0.0,0.0,0.0
AST-008207,0.11197608093209487,0,0.0,0.0,0.0
AST-008208,0.22883309018326956,1,60873.27743054741,7729.050152679696,11.937097216705865
AST-008209,0.00731430013807931,0,0.0,0.0,0.0
AST-008210,0.052872877005307205,0,0.0,0.0,0.0
AST-008211,0.07504426343753437,0,0.0,0.0,0.0
AST-008212,0.10975719588834289,0,0.0,0.0,0.0
AST-008213,0.011966041429229489,0,0.0,0.0,0.0
AST-008214,0.03225277440293611,0,0.0,0.0,0.0
AST-008215,0.012815003800707216,0,0.0,0.0,0.0
AST-008216,0.00854078446910827,0,0.0,0.0,0.0
AST-008217,0.04062082289989854,1,146528.01324755995,18868.38008078915,117.86243126566212
AST-008218,0.0031135351480497987,0,0.0,0.0,0.0
AST-008219,0.11319023245126414,0,0.0,0.0,0.0
AST-008220,0.016356899185442402,0,0.0,0.0,0.0
AST-008221,0.13558808861131535,0,0.0,0.0,0.0
AST-008222,0.004217102434448225,0,0.0,0.0,0.0
AST-008223,0.13318821006976972,1,218479.56670739216,39892.11019873545,60.381416956197484
AST-008224,0.004297241449861953,0,0.0,0.0,0.0
AST-008225,0.672136077088634,1,18297.024328480657,3740.630371313029,11.137747341776954
AST-008226,0.006609214993448603,0,0.0,0.0,0.0
AST-008227,0.2740114175073076,0,0.0,0.0,0.0
AST-008228,0.00893956080077065,0,0.0,0.0,0.0
AST-008229,0.019639189666849133,0,0.0,0.0,0.0
AST-008230,0.0021717161395524835,0,0.0,0.0,0.0
AST-008231,0.0018995026668199777,0,0.0,0.0,0.0
AST-008232,0.028080161078310434,0,0.0,0.0,0.0
AST-008233,0.037724514418703246,0,0.0,0.0,0.0
AST-008234,0.006705127504846301,0,0.0,0.0,0.0
AST-008235,0.05046994991319634,0,0.0,0.0,0.0
AST-008236,0.03196148775342132,0,0.0,0.0,0.0
AST-008237,0.07411294336146551,0,0.0,0.0,0.0
AST-008238,0.004746293472497877,0,0.0,0.0,0.0
AST-008239,0.024181959222672533,0,0.0,0.0,0.0
AST-008240,0.0027352914415170048,0,0.0,0.0,0.0
AST-008241,0.01273142639545255,0,0.0,0.0,0.0
AST-008242,0.0024532546484704316,0,0.0,0.0,0.0
AST-008243,0.010913778135672474,0,0.0,0.0,0.0
AST-008244,0.013620638667188571,0,0.0,0.0,0.0
AST-008245,0.0039919978634274786,0,0.0,0.0,0.0
AST-008246,0.007235124323512537,0,0.0,0.0,0.0
AST-008247,0.015195443788638751,0,0.0,0.0,0.0
AST-008248,0.13134974894056248,0,0.0,0.0,0.0
AST-008249,0.003573591085325821,0,0.0,0.0,0.0
AST-008250,0.03482002271159005,0,0.0,0.0,0.0
AST-008251,0.007340889789783,0,0.0,0.0,0.0
AST-008252,0.006911677269541901,0,0.0,0.0,0.0
AST-008253,0.5595314453675521,0,0.0,0.0,0.0
AST-008254,0.029198740402807975,0,0.0,0.0,0.0
AST-008255,0.003017306470094553,0,0.0,0.0,0.0
AST-008256,0.010455627329848862,0,0.0,0.0,0.0
AST-008257,0.23756939104621178,0,0.0,0.0,0.0
AST-008258,0.016130968962434687,0,0.0,0.0,0.0
AST-008259,0.011564797925213345,0,0.0,0.0,0.0
AST-008260,0.16077885868022684,0,0.0,0.0,0.0
AST-008261,0.6880702848881195,1,30204.827930199204,3822.6922331089795,36.59110838032285
AST-008262,0.23655516252833575,0,0.0,0.0,0.0
AST-008263,0.009483951993743535,0,0.0,0.0,0.0
AST-008264,0.0350075073126248,0,0.0,0.0,0.0
AST-008265,0.34143745403973114,0,0.0,0.0,0.0
AST-008266,0.016931714578229742,1,9336.468071821064,1713.3164931702472,7.599011590642223
AST-008267,0.4323078985235327,0,0.0,0.0,0.0
AST-008268,0.030626263607223227,0,0.0,0.0,0.0
AST-008269,0.035707401509451425,0,0.0,0.0,0.0
AST-008270,0.01580273082824525,0,0.0,0.0,0.0
AST-008271,0.005304608408537734,0,0.0,0.0,0.0
AST-008272,0.16247595197491996,0,0.0,0.0,0.0
AST-008273,0.40792828168456474,1,785134.8093384308,266079.59569802706,135.88089797323175
AST-008274,0.0030501752523184574,0,0.0,0.0,0.0
AST-008275,0.07145218162526436,0,0.0,0.0,0.0
AST-008276,0.1840034033557082,0,0.0,0.0,0.0
AST-008277,0.01101566179426643,0,0.0,0.0,0.0
AST-008278,0.010621159157007619,0,0.0,0.0,0.0
AST-008279,0.04298723297496344,0,0.0,0.0,0.0
AST-008280,0.010354742887048176,0,0.0,0.0,0.0
AST-008281,0.05607809150037344,0,0.0,0.0,0.0
AST-008282,0.11990262778206902,0,0.0,0.0,0.0
AST-008283,0.0023484829299178847,0,0.0,0.0,0.0
AST-008284,0.007282115218971273,0,0.0,0.0,0.0
AST-008285,0.06046952046473591,0,0.0,0.0,0.0
AST-008286,0.042261814035798685,0,0.0,0.0,0.0
AST-008287,0.011512646250348394,0,0.0,0.0,0.0
AST-008288,0.0031055311016063955,0,0.0,0.0,0.0
AST-008289,0.11144008076354037,0,0.0,0.0,0.0
AST-008290,0.03601333070390437,0,0.0,0.0,0.0
AST-008291,0.0008772114450470714,0,0.0,0.0,0.0
AST-008292,0.43485640915266827,0,0.0,0.0,0.0
AST-008293,0.03966555156598635,0,0.0,0.0,0.0
AST-008294,0.009186891837117859,0,0.0,0.0,0.0
AST-008295,0.6101416641944246,1,389976.9196234621,43145.68911890336,130.51634077370142
AST-008296,0.022798665410945742,0,0.0,0.0,0.0
AST-008297,0.07463083380944387,0,0.0,0.0,0.0
AST-008298,0.008495743636743448,0,0.0,0.0,0.0
AST-008299,0.011047669082455462,0,0.0,0.0,0.0
AST-008300,0.24366438738855914,0,0.0,0.0,0.0
AST-008301,0.007440898147521084,0,0.0,0.0,0.0
AST-008302,0.04112341193446557,0,0.0,0.0,0.0
AST-008303,0.09095479659642458,1,2235929.074090538,711132.7073296158,5.773535345830589
AST-008304,0.006257095506061303,0,0.0,0.0,0.0
AST-008305,0.004051194700813864,0,0.0,0.0,0.0
AST-008306,0.4137055768838564,0,0.0,0.0,0.0
AST-008307,0.019610623012362185,0,0.0,0.0,0.0
AST-008308,0.005360532270141154,0,0.0,0.0,0.0
AST-008309,0.5469501355633962,0,0.0,0.0,0.0
AST-008310,0.08391396601139474,0,0.0,0.0,0.0
AST-008311,0.014508656560044752,0,0.0,0.0,0.0
AST-008312,0.00847983671316563,0,0.0,0.0,0.0
AST-008313,0.009844109638882593,0,0.0,0.0,0.0
AST-008314,0.04481032714455777,0,0.0,0.0,0.0
AST-008315,0.08092543671283789,0,0.0,0.0,0.0
AST-008316,0.3443292731615805,0,0.0,0.0,0.0
AST-008317,0.04975297444243034,0,0.0,0.0,0.0
AST-008318,0.2615052670799423,1,337188.35368603247,42761.07205046446,66.01177302293242
AST-008319,0.0029777565593354194,0,0.0,0.0,0.0
AST-008320,0.05141062015596902,0,0.0,0.0,0.0
AST-008321,0.0009258916534521294,0,0.0,0.0,0.0
AST-008322,0.029551018289319816,0,0.0,0.0,0.0
AST-008323,0.02276672131482442,1,216941.16543329455,42934.00684663556,14.803491953435188
AST-008324,0.023206492383559423,0,0.0,0.0,0.0
AST-008325,0.011480613470401111,0,0.0,0.0,0.0
AST-008326,0.02308138055227407,0,0.0,0.0,0.0
AST-008327,0.005071112641196633,0,0.0,0.0,0.0
AST-008328,0.03056333633762267,0,0.0,0.0,0.0
AST-008329,0.004547171267462167,0,0.0,0.0,0.0
AST-008330,0.622157934986441,1,86206.7039004384,33135.72879601266,17.668522872925685
AST-008331,0.00881136969795478,0,0.0,0.0,0.0
AST-008332,0.3549948878432095,0,0.0,0.0,0.0
AST-008333,0.04120120234165401,0,0.0,0.0,0.0
AST-008334,0.012676239125708274,0,0.0,0.0,0.0
AST-008335,0.011912023409888478,0,0.0,0.0,0.0
AST-008336,0.10753713626341431,0,0.0,0.0,0.0
AST-008337,0.007237978044158298,0,0.0,0.0,0.0
AST-008338,0.08283647907224917,0,0.0,0.0,0.0
AST-008339,0.00596467048251365,0,0.0,0.0,0.0
AST-008340,0.2076699737450698,0,0.0,0.0,0.0
AST-008341,0.01020754833456052,0,0.0,0.0,0.0
AST-008342,0.01089885870456567,0,0.0,0.0,0.0
AST-008343,0.16326371628379283,0,0.0,0.0,0.0
AST-008344,0.5820953979160848,0,0.0,0.0,0.0
AST-008345,0.06358159355438382,0,0.0,0.0,0.0
AST-008346,0.12298143128074142,0,0.0,0.0,0.0
AST-008347,0.013480354014575197,0,0.0,0.0,0.0
AST-008348,0.054564872229271616,0,0.0,0.0,0.0
AST-008349,0.05069990122427723,0,0.0,0.0,0.0
AST-008350,0.2271955315338518,0,0.0,0.0,0.0
AST-008351,0.0014338962184705603,0,0.0,0.0,0.0
AST-008352,0.40009655328903393,1,185620.95563554007,37435.88979190873,0.19958848365664228
AST-008353,0.010919492255610435,0,0.0,0.0,0.0
AST-008354,0.05550085409895521,0,0.0,0.0,0.0
AST-008355,0.049591278206245246,0,0.0,0.0,0.0
AST-008356,0.019515829590444997,0,0.0,0.0,0.0
AST-008357,0.24282898682516457,1,285837.6826501224,62966.57159425742,28.171443850544208
AST-008358,0.013753559432522397,0,0.0,0.0,0.0
AST-008359,0.0597893329986159,0,0.0,0.0,0.0
AST-008360,0.00868215561201228,0,0.0,0.0,0.0
AST-008361,0.05288307021706146,1,18903.050925835734,4371.584025001646,4.845567092260968
AST-008362,0.22484704171849682,0,0.0,0.0,0.0
AST-008363,0.00803142958757936,0,0.0,0.0,0.0
AST-008364,0.0056894508695095256,0,0.0,0.0,0.0
AST-008365,0.028321581055059716,0,0.0,0.0,0.0
AST-008366,0.18960898295692666,0,0.0,0.0,0.0
AST-008367,0.14301538438485534,0,0.0,0.0,0.0
AST-008368,0.032701279427137527,1,594063.764051467,97003.24697418032,25.142739318891213
AST-008369,0.02079455470147588,0,0.0,0.0,0.0
AST-008370,0.014016806135213427,0,0.0,0.0,0.0
AST-008371,0.8898154102391312,0,0.0,0.0,0.0
AST-008372,0.049184329617295235,0,0.0,0.0,0.0
AST-008373,0.08059992220335035,0,0.0,0.0,0.0
AST-008374,0.033451011913455814,0,0.0,0.0,0.0
AST-008375,0.10054604391793652,0,0.0,0.0,0.0
AST-008376,0.004346121981613363,0,0.0,0.0,0.0
AST-008377,0.5134027647473203,1,105199.84987363082,18397.062168159136,58.537077443619935
AST-008378,0.018907134044872875,0,0.0,0.0,0.0
AST-008379,0.00456283769337673,0,0.0,0.0,0.0
AST-008380,0.01595038184991258,0,0.0,0.0,0.0
AST-008381,0.06292890103286695,0,0.0,0.0,0.0
AST-008382,0.009837922703855034,0,0.0,0.0,0.0
AST-008383,0.0141970778075701,0,0.0,0.0,0.0
AST-008384,0.08735854828307531,0,0.0,0.0,0.0
AST-008385,0.011546117203207007,0,0.0,0.0,0.0
AST-008386,0.052478332393467365,0,0.0,0.0,0.0
AST-008387,0.05136879737614743,0,0.0,0.0,0.0
AST-008388,0.04275125934871424,0,0.0,0.0,0.0
AST-008389,0.005622927311073312,0,0.0,0.0,0.0
AST-008390,0.19232881394483212,1,698023.9183373394,190231.02437909058,5.349678246532127
AST-008391,0.1953798936196435,0,0.0,0.0,0.0
AST-008392,0.01091009454185637,0,0.0,0.0,0.0
AST-008393,0.008860621795919439,0,0.0,0.0,0.0
AST-008394,0.020341174318519544,0,0.0,0.0,0.0
AST-008395,0.007405554689479539,0,0.0,0.0,0.0
AST-008396,0.02594155225674688,0,0.0,0.0,0.0
AST-008397,0.17769535651243668,0,0.0,0.0,0.0
AST-008398,0.35082262820350546,0,0.0,0.0,0.0
AST-008399,0.11680868232470061,0,0.0,0.0,0.0
AST-008400,0.026751103063692515,0,0.0,0.0,0.0
AST-008401,0.06347648672510327,0,0.0,0.0,0.0
AST-008402,0.1726716808215436,1,223068.40782429345,64029.006323964444,169.87234048159826
AST-008403,0.009512980819094402,0,0.0,0.0,0.0
AST-008404,0.007064598320446517,0,0.0,0.0,0.0
AST-008405,0.01787204493119953,0,0.0,0.0,0.0
AST-008406,0.005109006770051054,0,0.0,0.0,0.0
AST-008407,0.21358765758744297,1,1487144.2280520385,459751.3832829724,1.76856401460947
AST-008408,0.008262215415195484,0,0.0,0.0,0.0
AST-008409,0.002075357118058995,0,0.0,0.0,0.0
AST-008410,0.02227460861477367,0,0.0,0.0,0.0
AST-008411,0.13908782345823453,0,0.0,0.0,0.0
AST-008412,0.0011559502950328863,0,0.0,0.0,0.0
AST-008413,0.2827727038910488,0,0.0,0.0,0.0
AST-008414,0.007363342622457601,0,0.0,0.0,0.0
AST-008415,0.05879502584997772,0,0.0,0.0,0.0
AST-008416,0.007138291972715854,0,0.0,0.0,0.0
AST-008417,0.00896740354623202,0,0.0,0.0,0.0
AST-008418,0.013472991717818454,0,0.0,0.0,0.0
AST-008419,0.2712122755016125,1,6708204.830394883,1579237.6206485964,93.48004915403907
AST-008420,0.016111847750073568,0,0.0,0.0,0.0
AST-008421,0.03972759068716491,0,0.0,0.0,0.0
AST-008422,0.007945135252674075,0,0.0,0.0,0.0
AST-008423,0.1268036018373932,0,0.0,0.0,0.0
AST-008424,0.0269566747831299,0,0.0,0.0,0.0
AST-008425,0.011226831504711321,0,0.0,0.0,0.0
AST-008426,0.002891400744499778,0,0.0,0.0,0.0
AST-008427,0.028470742294892167,0,0.0,0.0,0.0
AST-008428,0.5819000079969568,1,690037.8503863394,124322.32043601526,9.71633435450176
AST-008429,0.2235116701690506,1,498576.22014018515,60150.98621158087,32.75283046500813
AST-008430,0.026815113930105234,0,0.0,0.0,0.0
AST-008431,0.017948773346633466,0,0.0,0.0,0.0
AST-008432,0.016914692527741124,0,0.0,0.0,0.0
AST-008433,0.0125816102227298,0,0.0,0.0,0.0
AST-008434,0.06386858642607526,0,0.0,0.0,0.0
AST-008435,0.0477528097115755,0,0.0,0.0,0.0
AST-008436,0.03723230994685667,0,0.0,0.0,0.0
AST-008437,0.004459570612379614,0,0.0,0.0,0.0
AST-008438,0.005515627928859108,1,828664.5789866504,238527.61340019314,9.564876379533008
AST-008439,0.09519631740754882,1,57852.09622100969,17282.129540014554,28.15432013277443
AST-008440,0.04169976057729956,0,0.0,0.0,0.0
AST-008441,0.07795281609149499,0,0.0,0.0,0.0
AST-008442,0.03051500566886007,0,0.0,0.0,0.0
AST-008443,0.004362608998287648,0,0.0,0.0,0.0
AST-008444,0.8224185240585066,1,849723.1542671303,109833.77301779769,214.43390720684454
AST-008445,0.00683023797252422,0,0.0,0.0,0.0
AST-008446,0.00729196739969772,0,0.0,0.0,0.0
AST-008447,0.012428324276217671,0,0.0,0.0,0.0
AST-008448,0.017091271677891335,0,0.0,0.0,0.0
AST-008449,0.01333722813896602,0,0.0,0.0,0.0
AST-008450,0.009689200131613515,0,0.0,0.0,0.0
AST-008451,0.10021569057300987,0,0.0,0.0,0.0
AST-008452,0.07922140023702165,0,0.0,0.0,0.0
AST-008453,0.7796384485399626,1,2936574.7667616294,794904.9431487897,60.65395343886182
AST-008454,0.016706286243375848,0,0.0,0.0,0.0
AST-008455,0.09625795120967622,0,0.0,0.0,0.0
AST-008456,0.7618262019692107,0,0.0,0.0,0.0
AST-008457,0.03418630150079156,0,0.0,0.0,0.0
AST-008458,0.08258482775536036,0,0.0,0.0,0.0
AST-008459,0.029328033588762216,0,0.0,0.0,0.0
AST-008460,0.0023332426432765498,0,0.0,0.0,0.0
AST-008461,0.006746173032747712,0,0.0,0.0,0.0
AST-008462,0.0030498636688796508,0,0.0,0.0,0.0
AST-008463,0.047350269365561574,0,0.0,0.0,0.0
AST-008464,0.005064624688253014,0,0.0,0.0,0.0
AST-008465,0.015268801507132269,0,0.0,0.0,0.0
AST-008466,0.6373153062174796,0,0.0,0.0,0.0
AST-008467,0.06395616271407875,0,0.0,0.0,0.0
AST-008468,0.05811091448436174,0,0.0,0.0,0.0
AST-008469,0.8110339857952223,1,103309.43142687838,16309.536366147495,24.151525672166308
AST-008470,0.04094500242616143,0,0.0,0.0,0.0
AST-008471,0.05418906037575446,0,0.0,0.0,0.0
AST-008472,0.04281370541368068,0,0.0,0.0,0.0
AST-008473,0.004224233825481999,0,0.0,0.0,0.0
AST-008474,0.10658209597380923,0,0.0,0.0,0.0
AST-008475,0.08151269614260216,0,0.0,0.0,0.0
AST-008476,0.004352865334385141,0,0.0,0.0,0.0
AST-008477,0.0017455460249911007,0,0.0,0.0,0.0
AST-008478,0.03141043978185982,0,0.0,0.0,0.0
AST-008479,0.016499259116946552,1,145641.4455387013,43958.18745922444,0.7410090380045613
AST-008480,0.012386442063075931,0,0.0,0.0,0.0
AST-008481,0.03369568289608033,0,0.0,0.0,0.0
AST-008482,0.005154212135752539,0,0.0,0.0,0.0
AST-008483,0.019582447131934813,0,0.0,0.0,0.0
AST-008484,0.12072398076811702,0,0.0,0.0,0.0
AST-008485,0.020460275712548815,0,0.0,0.0,0.0
AST-008486,0.01713997538958697,0,0.0,0.0,0.0
AST-008487,0.003815856091123628,0,0.0,0.0,0.0
AST-008488,0.2647653555827694,0,0.0,0.0,0.0
AST-008489,0.03769542964409683,0,0.0,0.0,0.0
AST-008490,0.012754801198100414,0,0.0,0.0,0.0
AST-008491,0.0068927413483325034,0,0.0,0.0,0.0
AST-008492,0.02403457666100669,0,0.0,0.0,0.0
AST-008493,0.08072866353179488,0,0.0,0.0,0.0
AST-008494,0.02449256939668617,0,0.0,0.0,0.0
AST-008495,0.007373952254816692,0,0.0,0.0,0.0
AST-008496,0.05778006160197301,0,0.0,0.0,0.0
AST-008497,0.05240855665814297,1,39718.268517307995,10909.548517227395,50.402874047071606
AST-008498,0.004640039802324921,0,0.0,0.0,0.0
AST-008499,0.010581816591799714,0,0.0,0.0,0.0
AST-008500,0.0027400004889589686,0,0.0,0.0,0.0
AST-008501,0.49793364929590156,0,0.0,0.0,0.0
AST-008502,0.015558704072029968,0,0.0,0.0,0.0
AST-008503,0.0758348700642343,0,0.0,0.0,0.0
AST-008504,0.06876366417336624,0,0.0,0.0,0.0
AST-008505,0.009522343685198836,0,0.0,0.0,0.0
AST-008506,0.047300811937413804,0,0.0,0.0,0.0
AST-008507,0.09537419966131702,0,0.0,0.0,0.0
AST-008508,0.006453542884847889,0,0.0,0.0,0.0
AST-008509,0.02570117347534056,0,0.0,0.0,0.0
AST-008510,0.31616848735222136,0,0.0,0.0,0.0
AST-008511,0.027214196507382864,0,0.0,0.0,0.0
AST-008512,0.004288384841589194,0,0.0,0.0,0.0
AST-008513,0.5405604106049012,0,0.0,0.0,0.0
AST-008514,0.015367308482265484,0,0.0,0.0,0.0
AST-008515,0.007084672448749164,0,0.0,0.0,0.0
AST-008516,0.48814533211722483,0,0.0,0.0,0.0
AST-008517,0.3468712572714507,0,0.0,0.0,0.0
AST-008518,0.0234961394141851,0,0.0,0.0,0.0
AST-008519,0.09375539235108894,0,0.0,0.0,0.0
AST-008520,0.005364503479907831,0,0.0,0.0,0.0
AST-008521,0.12499015315516598,1,338149.3663927203,82021.83871565748,100.6836968685534
AST-008522,0.014526456365443356,0,0.0,0.0,0.0
AST-008523,0.010475179692223424,0,0.0,0.0,0.0
AST-008524,0.01093260294752087,0,0.0,0.0,0.0
AST-008525,0.015879613251445122,0,0.0,0.0,0.0
AST-008526,0.04906987556114881,0,0.0,0.0,0.0
AST-008527,0.061179027513170794,0,0.0,0.0,0.0
AST-008528,0.06073205197518739,0,0.0,0.0,0.0
AST-008529,0.010966010350576287,0,0.0,0.0,0.0
AST-008530,0.015381189157346863,0,0.0,0.0,0.0
AST-008531,0.609904463239424,1,5000.0,633.0373080176205,49.8788672563808
AST-008532,0.009148444441546813,0,0.0,0.0,0.0
AST-008533,0.31596128840276627,0,0.0,0.0,0.0
AST-008534,0.017821989463602646,0,0.0,0.0,0.0
AST-008535,0.02453120503806067,0,0.0,0.0,0.0
AST-008536,0.006042652588100218,0,0.0,0.0,0.0
AST-008537,0.0036563161881557516,0,0.0,0.0,0.0
AST-008538,0.014840783427887068,0,0.0,0.0,0.0
AST-008539,0.018274590738590064,0,0.0,0.0,0.0
AST-008540,0.06655426085992104,0,0.0,0.0,0.0
AST-008541,0.12421176430676545,0,0.0,0.0,0.0
AST-008542,0.002741363330195553,0,0.0,0.0,0.0
AST-008543,0.0024945966695828744,0,0.0,0.0,0.0
AST-008544,0.10571031029240219,0,0.0,0.0,0.0
AST-008545,0.05418936862069003,0,0.0,0.0,0.0
AST-008546,0.02486135685187234,0,0.0,0.0,0.0
AST-008547,0.01232075338349761,0,0.0,0.0,0.0
AST-008548,0.29611380303983165,1,68162.73120987308,17989.78185788205,8.535374652878975
AST-008549,0.005746898562628839,0,0.0,0.0,0.0
AST-008550,0.03975996393598966,0,0.0,0.0,0.0
AST-008551,0.09082588964477781,0,0.0,0.0,0.0
AST-008552,0.0040422680172630295,0,0.0,0.0,0.0
AST-008553,0.02769864136981149,0,0.0,0.0,0.0
AST-008554,0.008544997944328864,0,0.0,0.0,0.0
AST-008555,0.004902944471312671,0,0.0,0.0,0.0
AST-008556,0.004214915132230716,0,0.0,0.0,0.0
AST-008557,0.0068031169751861745,0,0.0,0.0,0.0
AST-008558,0.013322765130714034,0,0.0,0.0,0.0
AST-008559,0.010637437036639786,0,0.0,0.0,0.0
AST-008560,0.0037565930523746896,0,0.0,0.0,0.0
AST-008561,0.006569955104726466,0,0.0,0.0,0.0
AST-008562,0.5197770936740834,0,0.0,0.0,0.0
AST-008563,0.3421455079532743,0,0.0,0.0,0.0
AST-008564,0.0045123191220135875,0,0.0,0.0,0.0
AST-008565,0.0208381166481466,0,0.0,0.0,0.0
AST-008566,0.14417263387968496,0,0.0,0.0,0.0
AST-008567,0.012516856498672272,0,0.0,0.0,0.0
AST-008568,0.21775531481108018,1,358326.90517141676,35961.72869083499,30.25347861412492
AST-008569,0.04261984493609144,0,0.0,0.0,0.0
AST-008570,0.0014518525908591795,0,0.0,0.0,0.0
AST-008571,0.0034998171025835347,0,0.0,0.0,0.0
AST-008572,0.40987632819190883,0,0.0,0.0,0.0
AST-008573,0.0034233329504741957,0,0.0,0.0,0.0
AST-008574,0.545220424381143,1,148455.23093952207,15457.74651989803,24.12069012525545
AST-008575,0.025206030441814818,0,0.0,0.0,0.0
AST-008576,0.009556573813885758,0,0.0,0.0,0.0
AST-008577,0.010077099819572652,0,0.0,0.0,0.0
AST-008578,0.4152031634723106,1,16272.795184452598,3049.5467979678488,10.016593947686106
AST-008579,0.011294359128253167,0,0.0,0.0,0.0
AST-008580,0.09318814076328784,0,0.0,0.0,0.0
AST-008581,0.0038818441956309417,0,0.0,0.0,0.0
AST-008582,0.0045617459507554595,0,0.0,0.0,0.0
AST-008583,0.2304654472111351,0,0.0,0.0,0.0
AST-008584,0.01317978367893524,0,0.0,0.0,0.0
AST-008585,0.023209106096373708,0,0.0,0.0,0.0
AST-008586,0.12914108845336095,1,91022.21017108054,25048.763282164287,10.957386298305677
AST-008587,0.07157094985543523,0,0.0,0.0,0.0
AST-008588,0.05697073270874765,0,0.0,0.0,0.0
AST-008589,0.1823876176782393,0,0.0,0.0,0.0
AST-008590,0.016552075090612458,0,0.0,0.0,0.0
AST-008591,0.020479836696705642,0,0.0,0.0,0.0
AST-008592,0.004480159759656388,0,0.0,0.0,0.0
AST-008593,0.0022214170262888104,0,0.0,0.0,0.0
AST-008594,0.014180798003569322,0,0.0,0.0,0.0
AST-008595,0.05266278767232557,0,0.0,0.0,0.0
AST-008596,0.2267636782838667,0,0.0,0.0,0.0
AST-008597,0.015306451408971848,0,0.0,0.0,0.0
AST-008598,0.00954999006902065,0,0.0,0.0,0.0
AST-008599,0.0038368188629695596,0,0.0,0.0,0.0
AST-008600,0.14811724780834223,0,0.0,0.0,0.0
AST-008601,0.19205852276482002,0,0.0,0.0,0.0
AST-008602,0.003273947096319511,0,0.0,0.0,0.0
AST-008603,0.002072209621085184,0,0.0,0.0,0.0
AST-008604,0.04847345945883073,0,0.0,0.0,0.0
AST-008605,0.014599976721959864,1,6121424.316395566,812621.1270956261,21.050734797055124
AST-008606,0.5671381729397376,1,1258330.7428428635,192457.87970598467,21.324941813368355
AST-008607,0.6206864569650229,1,63885.56540512807,13595.005711636508,28.08187010183689
AST-008608,0.026762718237238834,0,0.0,0.0,0.0
AST-008609,0.15153873009557925,0,0.0,0.0,0.0
AST-008610,0.004034849704000833,0,0.0,0.0,0.0
AST-008611,0.04592316606007089,0,0.0,0.0,0.0
AST-008612,0.200083117332047,0,0.0,0.0,0.0
AST-008613,0.5980614350822907,1,2219210.278504894,378039.73527431407,178.5181737366603
AST-008614,0.009700625594297204,0,0.0,0.0,0.0
AST-008615,0.2103353805623579,0,0.0,0.0,0.0
AST-008616,0.06115175301876197,0,0.0,0.0,0.0
AST-008617,0.0613914060545527,0,0.0,0.0,0.0
AST-008618,0.0033951438288655836,0,0.0,0.0,0.0
AST-008619,0.1646574006538729,0,0.0,0.0,0.0
AST-008620,0.06731527286197428,0,0.0,0.0,0.0
AST-008621,0.06827099399007173,0,0.0,0.0,0.0
AST-008622,0.08696543400993237,0,0.0,0.0,0.0
AST-008623,0.00524682961502771,0,0.0,0.0,0.0
AST-008624,0.010878860933081434,0,0.0,0.0,0.0
AST-008625,0.021099914924406136,0,0.0,0.0,0.0
AST-008626,0.030899601349660927,0,0.0,0.0,0.0
AST-008627,0.5174286655489974,1,79064.21115210328,31418.93022320963,35.31878914282409
AST-008628,0.034058402463403414,0,0.0,0.0,0.0
AST-008629,0.7640966395366499,1,492347.59525605023,172038.3433490091,84.70874722216807
AST-008630,0.0058668384408374205,0,0.0,0.0,0.0
AST-008631,0.008226901998907542,0,0.0,0.0,0.0
AST-008632,0.012160839984521462,0,0.0,0.0,0.0
AST-008633,0.0040580374105891465,0,0.0,0.0,0.0
AST-008634,0.008108326026496153,0,0.0,0.0,0.0
AST-008635,0.051480209181575774,0,0.0,0.0,0.0
AST-008636,0.010705065291544625,0,0.0,0.0,0.0
AST-008637,0.007364147121169685,0,0.0,0.0,0.0
AST-008638,0.13102513405005728,0,0.0,0.0,0.0
AST-008639,0.15035675226203274,0,0.0,0.0,0.0
AST-008640,0.0519797298336668,1,121693.11923391915,28083.443877363727,68.04740446658232
AST-008641,0.020703549440939453,0,0.0,0.0,0.0
AST-008642,0.00883221993058459,0,0.0,0.0,0.0
AST-008643,0.012174877991530735,0,0.0,0.0,0.0
AST-008644,0.008954976614838683,0,0.0,0.0,0.0
AST-008645,0.02549610915157174,0,0.0,0.0,0.0
AST-008646,0.003289099328862537,0,0.0,0.0,0.0
AST-008647,0.09061744562543286,0,0.0,0.0,0.0
AST-008648,0.00850053172140268,0,0.0,0.0,0.0
AST-008649,0.01736521190704298,0,0.0,0.0,0.0
AST-008650,0.013648228595636264,0,0.0,0.0,0.0
AST-008651,0.01814651217027903,0,0.0,0.0,0.0
AST-008652,0.011068729798200921,0,0.0,0.0,0.0
AST-008653,0.7116498027478725,1,234875.69094388786,71327.87716516481,212.52138215221643
AST-008654,0.0014443147913051095,0,0.0,0.0,0.0
AST-008655,0.0054689738539876,0,0.0,0.0,0.0
AST-008656,0.0012757904317065262,0,0.0,0.0,0.0
AST-008657,0.0958476410557399,0,0.0,0.0,0.0
AST-008658,0.018807763793527728,0,0.0,0.0,0.0
AST-008659,0.021393256352309816,0,0.0,0.0,0.0
AST-008660,0.007949420228374917,0,0.0,0.0,0.0
AST-008661,0.013591125849902033,0,0.0,0.0,0.0
AST-008662,0.0056783703448021125,0,0.0,0.0,0.0
AST-008663,0.014954533547546684,0,0.0,0.0,0.0
AST-008664,0.02883825536796623,0,0.0,0.0,0.0
AST-008665,0.047176009629499256,0,0.0,0.0,0.0
AST-008666,0.001544089333429584,0,0.0,0.0,0.0
AST-008667,0.006470603552312841,0,0.0,0.0,0.0
AST-008668,0.012220577608842998,0,0.0,0.0,0.0
AST-008669,0.023030793115761977,0,0.0,0.0,0.0
AST-008670,0.020113114824204508,0,0.0,0.0,0.0
AST-008671,0.3290461290635778,1,7437.4906165566235,2147.021653137305,3.470594400664396
AST-008672,0.08460156602586842,0,0.0,0.0,0.0
AST-008673,0.029481051899297055,0,0.0,0.0,0.0
AST-008674,0.05508996505435112,0,0.0,0.0,0.0
AST-008675,0.028896973372419917,0,0.0,0.0,0.0
AST-008676,0.011227414941719673,0,0.0,0.0,0.0
AST-008677,0.004319730387482707,0,0.0,0.0,0.0
AST-008678,0.1363657709810109,1,45601.228779795216,14028.075252153589,11.24711059254479
AST-008679,0.07296494711252809,0,0.0,0.0,0.0
AST-008680,0.6496007082044122,1,147063.69295832393,37899.49605990013,12.196102807268213
AST-008681,0.04345611635791217,0,0.0,0.0,0.0
AST-008682,0.11132875645049442,0,0.0,0.0,0.0
AST-008683,0.13937961203987156,0,0.0,0.0,0.0
AST-008684,0.028251198278909605,0,0.0,0.0,0.0
AST-008685,0.45174850943714484,0,0.0,0.0,0.0
AST-008686,0.20580786130492412,0,0.0,0.0,0.0
AST-008687,0.019362388744998828,1,462337.2789866711,104320.87024355732,2.899191863416721
AST-008688,0.03255774423730502,0,0.0,0.0,0.0
AST-008689,0.002782630953868342,0,0.0,0.0,0.0
AST-008690,0.021326903279992954,0,0.0,0.0,0.0
AST-008691,0.195511145471904,0,0.0,0.0,0.0
AST-008692,0.04649133863036415,1,70432.77776687033,8874.35499040117,80.2251445133588
AST-008693,0.16058480343893333,0,0.0,0.0,0.0
AST-008694,0.012745835814675468,0,0.0,0.0,0.0
AST-008695,0.03220998334352199,0,0.0,0.0,0.0
AST-008696,0.08069895269880697,0,0.0,0.0,0.0
AST-008697,0.05831730878394809,0,0.0,0.0,0.0
AST-008698,0.28635340426148453,1,34768.438406462956,6169.528771418293,138.87644286608037
AST-008699,0.010003397282494473,0,0.0,0.0,0.0
AST-008700,0.031568441585179824,0,0.0,0.0,0.0
AST-008701,0.049967895183902274,0,0.0,0.0,0.0
AST-008702,0.11936456386187091,0,0.0,0.0,0.0
AST-008703,0.054132792541389814,0,0.0,0.0,0.0
AST-008704,0.005380205639129306,0,0.0,0.0,0.0
AST-008705,0.0031007496452315464,0,0.0,0.0,0.0
AST-008706,0.008146551295501323,0,0.0,0.0,0.0
AST-008707,0.03476909660732681,0,0.0,0.0,0.0
AST-008708,0.000880063862966255,0,0.0,0.0,0.0
AST-008709,0.015361120002915547,0,0.0,0.0,0.0
AST-008710,0.07064217799983986,0,0.0,0.0,0.0
AST-008711,0.0082853937419682,0,0.0,0.0,0.0
AST-008712,0.9210224371081235,1,301598.86169314844,37546.14598969882,28.348074681300695
AST-008713,0.009637237336058218,0,0.0,0.0,0.0
AST-008714,0.007612259973899276,0,0.0,0.0,0.0
AST-008715,0.006644209867037759,0,0.0,0.0,0.0
AST-008716,0.011612285285280407,0,0.0,0.0,0.0
AST-008717,0.012157948307154573,0,0.0,0.0,0.0
AST-008718,0.07207027429311813,0,0.0,0.0,0.0
AST-008719,0.018039034362815856,0,0.0,0.0,0.0
AST-008720,0.20859862531622872,0,0.0,0.0,0.0
AST-008721,0.004886418737405103,0,0.0,0.0,0.0
AST-008722,0.043857613874641696,0,0.0,0.0,0.0
AST-008723,0.9429739333515429,0,0.0,0.0,0.0
AST-008724,0.022796138015321963,0,0.0,0.0,0.0
AST-008725,0.12219632603063232,0,0.0,0.0,0.0
AST-008726,0.19796994956370056,0,0.0,0.0,0.0
AST-008727,0.013894308950128666,0,0.0,0.0,0.0
AST-008728,0.003875469519133278,0,0.0,0.0,0.0
AST-008729,0.0058844462365658864,0,0.0,0.0,0.0
AST-008730,0.019219253974494862,0,0.0,0.0,0.0
AST-008731,0.014938024506746972,0,0.0,0.0,0.0
AST-008732,0.01795010573727227,0,0.0,0.0,0.0
AST-008733,0.5905942502607854,1,40729.1507048542,5547.46284524555,145.56812145590115
AST-008734,0.056517522203694395,0,0.0,0.0,0.0
AST-008735,0.3062372260833442,0,0.0,0.0,0.0
AST-008736,0.10121990695659952,0,0.0,0.0,0.0
AST-008737,0.0880040141038672,0,0.0,0.0,0.0
AST-008738,0.002414671466301446,0,0.0,0.0,0.0
AST-008739,0.028430660704916802,0,0.0,0.0,0.0
AST-008740,0.061967819160494944,0,0.0,0.0,0.0
AST-008741,0.26695567801620407,0,0.0,0.0,0.0
AST-008742,0.006642761876068411,0,0.0,0.0,0.0
AST-008743,0.020603916306841535,0,0.0,0.0,0.0
AST-008744,0.15100837823967925,0,0.0,0.0,0.0
AST-008745,0.10903639373555021,0,0.0,0.0,0.0
AST-008746,0.010025115514514639,0,0.0,0.0,0.0
AST-008747,0.0029393341900993113,0,0.0,0.0,0.0
AST-008748,0.31556858421746325,1,754191.5462115965,197632.88088196647,36.85604653164785
AST-008749,0.019916525066973913,0,0.0,0.0,0.0
AST-008750,0.16126812869314924,1,44486.42018358765,15845.256225105235,33.2164244288709
AST-008751,0.09700809797513743,0,0.0,0.0,0.0
AST-008752,0.006990317373106935,0,0.0,0.0,0.0
AST-008753,0.18432099643182837,0,0.0,0.0,0.0
AST-008754,0.011410146049016856,0,0.0,0.0,0.0
AST-008755,0.05570703819438445,0,0.0,0.0,0.0
AST-008756,0.04163918220902352,0,0.0,0.0,0.0
AST-008757,0.008798631710883898,0,0.0,0.0,0.0
AST-008758,0.016140326551953625,0,0.0,0.0,0.0
AST-008759,0.027015989752560178,0,0.0,0.0,0.0
AST-008760,0.027462103057730645,0,0.0,0.0,0.0
AST-008761,0.11790451546275618,1,69215.37833798946,26132.19314461569,40.51684199829499
AST-008762,0.010082440514496487,0,0.0,0.0,0.0
AST-008763,0.012811054226722624,0,0.0,0.0,0.0
AST-008764,0.002812994671454053,0,0.0,0.0,0.0
AST-008765,0.002089606163936115,0,0.0,0.0,0.0
AST-008766,0.005181670512022137,0,0.0,0.0,0.0
AST-008767,0.005899272784177435,0,0.0,0.0,0.0
AST-008768,0.20245743038592598,0,0.0,0.0,0.0
AST-008769,0.02638130133106621,0,0.0,0.0,0.0
AST-008770,0.012974349679529854,0,0.0,0.0,0.0
AST-008771,0.002688621655807937,0,0.0,0.0,0.0
AST-008772,0.01877442551028923,0,0.0,0.0,0.0
AST-008773,0.013135368030266116,0,0.0,0.0,0.0
AST-008774,0.6212422393813565,1,135161.77870655752,25133.387759937592,16.618155861457748
AST-008775,0.027900115364817502,0,0.0,0.0,0.0
AST-008776,0.005169905290753883,0,0.0,0.0,0.0
AST-008777,0.014434049357068306,1,299442.26234276925,92013.0099479638,23.316434792993846
AST-008778,0.025242583816027918,0,0.0,0.0,0.0
AST-008779,0.034396693392550505,0,0.0,0.0,0.0
AST-008780,0.1890321947593516,0,0.0,0.0,0.0
AST-008781,0.05806775632176091,0,0.0,0.0,0.0
AST-008782,0.24721602536383908,0,0.0,0.0,0.0
AST-008783,0.006137606452928381,0,0.0,0.0,0.0
AST-008784,0.16083258909568637,1,278599.50686376827,65055.687334785,48.65640600144107
AST-008785,0.010898099803185107,0,0.0,0.0,0.0
AST-008786,0.012495612822271582,0,0.0,0.0,0.0
AST-008787,0.007874553861656947,0,0.0,0.0,0.0
AST-008788,0.11792650747130051,0,0.0,0.0,0.0
AST-008789,0.01622116549368144,0,0.0,0.0,0.0
AST-008790,0.002883336651176708,0,0.0,0.0,0.0
AST-008791,0.020171452576941286,0,0.0,0.0,0.0
AST-008792,0.054861793973460214,0,0.0,0.0,0.0
AST-008793,0.007141056683350131,0,0.0,0.0,0.0
AST-008794,0.011655749999818957,0,0.0,0.0,0.0
AST-008795,0.07477806116523646,0,0.0,0.0,0.0
AST-008796,0.07239711269587426,0,0.0,0.0,0.0
AST-008797,0.011465423212399925,0,0.0,0.0,0.0
AST-008798,0.009403217623453653,0,0.0,0.0,0.0
AST-008799,0.06283392781231732,0,0.0,0.0,0.0
AST-008800,0.30039773731938035,1,91653.51678356912,13183.352857507645,5.683178356362885
AST-008801,0.016730603455847287,0,0.0,0.0,0.0
AST-008802,0.00698363892291053,0,0.0,0.0,0.0
AST-008803,0.03574924893378658,0,0.0,0.0,0.0
AST-008804,0.037857547395127866,0,0.0,0.0,0.0
AST-008805,0.01973089954492883,0,0.0,0.0,0.0
AST-008806,0.0035773302728764555,0,0.0,0.0,0.0
AST-008807,0.01093605026634442,0,0.0,0.0,0.0
AST-008808,0.01315511435962555,0,0.0,0.0,0.0
AST-008809,0.04930578728105588,0,0.0,0.0,0.0
AST-008810,0.03655844209334466,0,0.0,0.0,0.0
AST-008811,0.01754714405580457,0,0.0,0.0,0.0
AST-008812,0.014419945416940534,0,0.0,0.0,0.0
AST-008813,0.031293263861590905,0,0.0,0.0,0.0
AST-008814,0.010038662352729454,0,0.0,0.0,0.0
AST-008815,0.007644953578319362,0,0.0,0.0,0.0
AST-008816,0.003008193910447077,0,0.0,0.0,0.0
AST-008817,0.01068314137240526,0,0.0,0.0,0.0
AST-008818,0.04407350170197357,0,0.0,0.0,0.0
AST-008819,0.03132516397474876,0,0.0,0.0,0.0
AST-008820,0.015566631777967787,0,0.0,0.0,0.0
AST-008821,0.017887743481037506,0,0.0,0.0,0.0
AST-008822,0.04575346069282208,0,0.0,0.0,0.0
AST-008823,0.39687319130573623,0,0.0,0.0,0.0
AST-008824,0.025152881829207028,0,0.0,0.0,0.0
AST-008825,0.039024211461946984,0,0.0,0.0,0.0
AST-008826,0.09855461385807514,0,0.0,0.0,0.0
AST-008827,0.007852247614606971,0,0.0,0.0,0.0
AST-008828,0.38841356091633933,1,34051.51014047017,3448.933107180131,64.33907157766541
AST-008829,0.07808480109802494,0,0.0,0.0,0.0
AST-008830,0.022965742254968516,0,0.0,0.0,0.0
AST-008831,0.04779827383615131,0,0.0,0.0,0.0
AST-008832,0.07276104529426257,0,0.0,0.0,0.0
AST-008833,0.030063338929750102,0,0.0,0.0,0.0
AST-008834,0.8035545119167552,1,19082.382933572586,3316.14782532693,97.57785482673393
AST-008835,0.011980300939964083,0,0.0,0.0,0.0
AST-008836,0.07138523099023836,1,985828.9439380104,116223.19536198553,24.59570852530013
AST-008837,0.005568354132980602,0,0.0,0.0,0.0
AST-008838,0.04262785353302572,0,0.0,0.0,0.0
AST-008839,0.0018623473501493864,0,0.0,0.0,0.0
AST-008840,0.031099916570223204,0,0.0,0.0,0.0
AST-008841,0.001859443815923753,0,0.0,0.0,0.0
AST-008842,0.00708224605908613,0,0.0,0.0,0.0
AST-008843,0.0018688720136178629,0,0.0,0.0,0.0
AST-008844,0.011826034251664019,0,0.0,0.0,0.0
AST-008845,0.06263773071101522,0,0.0,0.0,0.0
AST-008846,0.004847063592118436,0,0.0,0.0,0.0
AST-008847,0.07085546317803264,0,0.0,0.0,0.0
AST-008848,0.12198557421771744,0,0.0,0.0,0.0
AST-008849,0.003794086848532679,0,0.0,0.0,0.0
AST-008850,0.1047508590320156,0,0.0,0.0,0.0
AST-008851,0.02631129071091956,0,0.0,0.0,0.0
AST-008852,0.0037988895880615983,0,0.0,0.0,0.0
AST-008853,0.011518088254737926,0,0.0,0.0,0.0
AST-008854,0.16487358046945233,0,0.0,0.0,0.0
AST-008855,0.029402229314473154,0,0.0,0.0,0.0
AST-008856,0.017621746496428614,0,0.0,0.0,0.0
AST-008857,0.04672526669213992,0,0.0,0.0,0.0
AST-008858,0.06105641324404103,0,0.0,0.0,0.0
AST-008859,0.0036016187436387053,0,0.0,0.0,0.0
AST-008860,0.0064800960152241,0,0.0,0.0,0.0
AST-008861,0.18307595740201013,1,11241.686298151457,2213.7399740221585,58.11156044898594
AST-008862,0.015249582870829084,0,0.0,0.0,0.0
AST-008863,0.007848911222430779,0,0.0,0.0,0.0
AST-008864,0.00270541213081225,0,0.0,0.0,0.0
AST-008865,0.0048956610583200545,0,0.0,0.0,0.0
AST-008866,0.11502943141801561,0,0.0,0.0,0.0
AST-008867,0.5385048146377851,1,17009.704883165457,2746.1876466231793,37.0681882635951
AST-008868,0.03934676905210049,0,0.0,0.0,0.0
AST-008869,0.013697909109133034,0,0.0,0.0,0.0
AST-008870,0.21384923806490028,0,0.0,0.0,0.0
AST-008871,0.006732762093194983,0,0.0,0.0,0.0
AST-008872,0.02104196278698059,0,0.0,0.0,0.0
AST-008873,0.0526062921951616,0,0.0,0.0,0.0
AST-008874,0.010894920787014522,0,0.0,0.0,0.0
AST-008875,0.0017250354620703587,0,0.0,0.0,0.0
AST-008876,0.20181225060774796,0,0.0,0.0,0.0
AST-008877,0.009491256093319703,0,0.0,0.0,0.0
AST-008878,0.02403521314661039,0,0.0,0.0,0.0
AST-008879,0.02892874623957946,0,0.0,0.0,0.0
AST-008880,0.4577624699031321,0,0.0,0.0,0.0
AST-008881,0.3935136566259491,1,196956.40232257464,23431.8048878081,18.248538843447882
AST-008882,0.2863097943329311,0,0.0,0.0,0.0
AST-008883,0.005147402435510842,0,0.0,0.0,0.0
AST-008884,0.14264266092419803,0,0.0,0.0,0.0
AST-008885,0.028198957451601222,0,0.0,0.0,0.0
AST-008886,0.04293177874475799,0,0.0,0.0,0.0
AST-008887,0.033062840094212724,0,0.0,0.0,0.0
AST-008888,0.011129433363464017,0,0.0,0.0,0.0
AST-008889,0.009026736496465716,0,0.0,0.0,0.0
AST-008890,0.014048642059988715,0,0.0,0.0,0.0
AST-008891,0.0133412050734713,0,0.0,0.0,0.0
AST-008892,0.005603854844140031,0,0.0,0.0,0.0
AST-008893,0.1914283962389042,0,0.0,0.0,0.0
AST-008894,0.005892393294382156,0,0.0,0.0,0.0
AST-008895,0.10525196637747751,0,0.0,0.0,0.0
AST-008896,0.1584319023201459,0,0.0,0.0,0.0
AST-008897,0.0022414085037686395,0,0.0,0.0,0.0
AST-008898,0.011179306583712814,0,0.0,0.0,0.0
AST-008899,0.657062504364314,0,0.0,0.0,0.0
AST-008900,0.015447473529703788,0,0.0,0.0,0.0
AST-008901,0.010715247372448913,0,0.0,0.0,0.0
AST-008902,0.5319441482378704,0,0.0,0.0,0.0
AST-008903,0.010910628499962821,0,0.0,0.0,0.0
AST-008904,0.3242820063107046,0,0.0,0.0,0.0
AST-008905,0.02943887695354026,0,0.0,0.0,0.0
AST-008906,0.08505889008474884,0,0.0,0.0,0.0
AST-008907,0.006852233430774578,0,0.0,0.0,0.0
AST-008908,0.0583512053773716,0,0.0,0.0,0.0
AST-008909,0.008778287499438703,0,0.0,0.0,0.0
AST-008910,0.013498774161200117,0,0.0,0.0,0.0
AST-008911,0.9418461489977888,1,207229.94012445104,69106.79439433044,43.046579096831834
AST-008912,0.20607537950301175,0,0.0,0.0,0.0
AST-008913,0.33606265261141605,1,11049.661779103137,3832.7622282366037,0.9218123463817184
AST-008914,0.025253837375504115,0,0.0,0.0,0.0
AST-008915,0.016719600577308872,0,0.0,0.0,0.0
AST-008916,0.053942509544080225,0,0.0,0.0,0.0
AST-008917,0.0031748347506246914,0,0.0,0.0,0.0
AST-008918,0.020651082867299483,1,65749.42812127773,24712.860029551604,24.725226247413566
AST-008919,0.02464270697017918,0,0.0,0.0,0.0
AST-008920,0.005904051993032462,0,0.0,0.0,0.0
AST-008921,0.14282914872388885,0,0.0,0.0,0.0
AST-008922,0.3512874378431125,0,0.0,0.0,0.0
AST-008923,0.00833114606692934,0,0.0,0.0,0.0
AST-008924,0.5331336840086043,0,0.0,0.0,0.0
AST-008925,0.00458688638507391,0,0.0,0.0,0.0
AST-008926,0.0024364897674672733,0,0.0,0.0,0.0
AST-008927,0.10490773431598086,0,0.0,0.0,0.0
AST-008928,0.02044762100152874,0,0.0,0.0,0.0
AST-008929,0.21292197498501217,1,5000.0,1792.9184684718564,18.058962591169582
AST-008930,0.021075488037768958,0,0.0,0.0,0.0
AST-008931,0.01834120539284162,0,0.0,0.0,0.0
AST-008932,0.6934366333248605,0,0.0,0.0,0.0
AST-008933,0.010661534326796496,0,0.0,0.0,0.0
AST-008934,0.055011928671203324,0,0.0,0.0,0.0
AST-008935,0.07502337733143112,0,0.0,0.0,0.0
AST-008936,0.0046565444307973365,0,0.0,0.0,0.0
AST-008937,0.017375630382470857,0,0.0,0.0,0.0
AST-008938,0.9709167899182182,1,24450.183497668746,4251.299472233756,47.399315002669425
AST-008939,0.05306274843364813,0,0.0,0.0,0.0
AST-008940,0.4984667460595359,0,0.0,0.0,0.0
AST-008941,0.021348879356510617,0,0.0,0.0,0.0
AST-008942,0.03973642900988455,0,0.0,0.0,0.0
AST-008943,0.006576458651271394,0,0.0,0.0,0.0
AST-008944,0.010419195302494964,0,0.0,0.0,0.0
AST-008945,0.0040152992958107266,0,0.0,0.0,0.0
AST-008946,0.0397637853743063,0,0.0,0.0,0.0
AST-008947,0.6563612555993558,1,66553.62824585386,9380.913936607243,70.01288159149976
AST-008948,0.033663898509277944,0,0.0,0.0,0.0
AST-008949,0.007821005978933803,0,0.0,0.0,0.0
AST-008950,0.05625454978081805,1,343976.9483868022,101400.55127488029,0.776341291464517
AST-008951,0.373744446238437,1,2230722.6568357144,691589.6689448911,34.82641471640512
AST-008952,0.023419804830128448,0,0.0,0.0,0.0
AST-008953,0.005456451315293674,0,0.0,0.0,0.0
AST-008954,0.1654369380176774,1,267438.381640912,56351.19691233809,8.611626477692633
AST-008955,0.2612554938982241,0,0.0,0.0,0.0
AST-008956,0.023284471136481202,0,0.0,0.0,0.0
AST-008957,0.00867583253332863,0,0.0,0.0,0.0
AST-008958,0.0009220867369397454,0,0.0,0.0,0.0
AST-008959,0.013677802484361392,0,0.0,0.0,0.0
AST-008960,0.02078025997372087,0,0.0,0.0,0.0
AST-008961,0.057712128835674996,0,0.0,0.0,0.0
AST-008962,0.005455935825649442,0,0.0,0.0,0.0
AST-008963,0.009016271510338215,0,0.0,0.0,0.0
AST-008964,0.01569950119743493,0,0.0,0.0,0.0
AST-008965,0.008438728264936699,0,0.0,0.0,0.0
AST-008966,0.07894421125152122,0,0.0,0.0,0.0
AST-008967,0.0270775170485945,0,0.0,0.0,0.0
AST-008968,0.06049772934188199,1,130233.53839335244,14775.18525225748,130.35848118293708
AST-008969,0.026016891959490085,1,4054413.5615557306,862575.946634495,75.73642817636346
AST-008970,0.007307616941438351,0,0.0,0.0,0.0
AST-008971,0.021668747932435218,0,0.0,0.0,0.0
AST-008972,0.01392188722818506,0,0.0,0.0,0.0
AST-008973,0.004785651262969443,0,0.0,0.0,0.0
AST-008974,0.01212016660132964,0,0.0,0.0,0.0
AST-008975,0.024008730002375106,0,0.0,0.0,0.0
AST-008976,0.6154012044421904,0,0.0,0.0,0.0
AST-008977,0.02890181217633275,0,0.0,0.0,0.0
AST-008978,0.09738460571192684,0,0.0,0.0,0.0
AST-008979,0.005985776319061438,0,0.0,0.0,0.0
AST-008980,0.01660350973677163,0,0.0,0.0,0.0
AST-008981,0.004157004396434749,0,0.0,0.0,0.0
AST-008982,0.014060872070349298,0,0.0,0.0,0.0
AST-008983,0.015056347336590746,0,0.0,0.0,0.0
AST-008984,0.01587967333070875,0,0.0,0.0,0.0
AST-008985,0.019549527052978563,0,0.0,0.0,0.0
AST-008986,0.21095747975476367,0,0.0,0.0,0.0
AST-008987,0.12870876318638533,0,0.0,0.0,0.0
AST-008988,0.03666025996282485,0,0.0,0.0,0.0
AST-008989,0.03286005878753374,0,0.0,0.0,0.0
AST-008990,0.01665238700780598,0,0.0,0.0,0.0
AST-008991,0.15588621962584653,0,0.0,0.0,0.0
AST-008992,0.020793153893734612,0,0.0,0.0,0.0
AST-008993,0.26837665127786337,0,0.0,0.0,0.0
AST-008994,0.002260917326058777,0,0.0,0.0,0.0
AST-008995,0.0358470228351256,0,0.0,0.0,0.0
AST-008996,0.004279000774458682,0,0.0,0.0,0.0
AST-008997,0.006941374168191001,0,0.0,0.0,0.0
AST-008998,0.009880491542446449,0,0.0,0.0,0.0
AST-008999,0.6724361030622972,0,0.0,0.0,0.0
AST-009000,0.031721134580093076,0,0.0,0.0,0.0
AST-009001,0.015199690852894571,0,0.0,0.0,0.0
AST-009002,0.03310209586609066,0,0.0,0.0,0.0
AST-009003,0.13138217664008797,1,26608.288320184067,6148.336474143209,45.21617471136696
AST-009004,0.03387129823154656,0,0.0,0.0,0.0
AST-009005,0.02284820659686589,0,0.0,0.0,0.0
AST-009006,0.03564336478613349,0,0.0,0.0,0.0
AST-009007,0.03091698925733249,0,0.0,0.0,0.0
AST-009008,0.0032613357229654776,0,0.0,0.0,0.0
AST-009009,0.007431167273431671,0,0.0,0.0,0.0
AST-009010,0.02802307968629221,0,0.0,0.0,0.0
AST-009011,0.10667152115479117,0,0.0,0.0,0.0
AST-009012,0.015060187362617494,0,0.0,0.0,0.0
AST-009013,0.00905804247784843,0,0.0,0.0,0.0
AST-009014,0.009603588599659268,0,0.0,0.0,0.0
AST-009015,0.04561156974073005,0,0.0,0.0,0.0
AST-009016,0.008664534658355535,0,0.0,0.0,0.0
AST-009017,0.1464259822817296,0,0.0,0.0,0.0
AST-009018,0.024906418533034234,0,0.0,0.0,0.0
AST-009019,0.004746197520144445,0,0.0,0.0,0.0
AST-009020,0.011063340896163216,0,0.0,0.0,0.0
AST-009021,0.006510835348233425,0,0.0,0.0,0.0
AST-009022,0.007087187953196019,0,0.0,0.0,0.0
AST-009023,0.8329584580165054,0,0.0,0.0,0.0
AST-009024,0.8837572490159729,0,0.0,0.0,0.0
AST-009025,0.0237569892870041,0,0.0,0.0,0.0
AST-009026,0.19501230925125806,1,414468.1141105238,154428.06887698077,21.506885071484014
AST-009027,0.004762316626596625,0,0.0,0.0,0.0
AST-009028,0.5702058866866085,0,0.0,0.0,0.0
AST-009029,0.031135372383774226,0,0.0,0.0,0.0
AST-009030,0.14635158570354143,0,0.0,0.0,0.0
AST-009031,0.014145995786772895,0,0.0,0.0,0.0
AST-009032,0.2565861672008705,0,0.0,0.0,0.0
AST-009033,0.021195260620971938,0,0.0,0.0,0.0
AST-009034,0.010251608170623393,0,0.0,0.0,0.0
AST-009035,0.03440009517451805,0,0.0,0.0,0.0
AST-009036,0.43872484332615247,1,668434.4881226859,89436.52857717605,47.062451512187444
AST-009037,0.04345288591283806,0,0.0,0.0,0.0
AST-009038,0.025680204108146507,0,0.0,0.0,0.0
AST-009039,0.023688966265907458,0,0.0,0.0,0.0
AST-009040,0.1598568250268562,0,0.0,0.0,0.0
AST-009041,0.0011567326085758273,0,0.0,0.0,0.0
AST-009042,0.01605487032188647,0,0.0,0.0,0.0
AST-009043,0.0765226255776225,0,0.0,0.0,0.0
AST-009044,0.011728321014041053,0,0.0,0.0,0.0
AST-009045,0.00983532621312751,0,0.0,0.0,0.0
AST-009046,0.005655779335645645,0,0.0,0.0,0.0
AST-009047,0.014904467100309276,0,0.0,0.0,0.0
AST-009048,0.0294502100303481,0,0.0,0.0,0.0
AST-009049,0.010932546967585789,0,0.0,0.0,0.0
AST-009050,0.0467370289822551,0,0.0,0.0,0.0
AST-009051,0.044721510345646726,0,0.0,0.0,0.0
AST-009052,0.7583789736731161,1,87439.02016665184,19001.560425851174,8.421586338821893
AST-009053,0.0137980765534289,0,0.0,0.0,0.0
AST-009054,0.01104481969629066,0,0.0,0.0,0.0
AST-009055,0.006279724117459748,0,0.0,0.0,0.0
AST-009056,0.010437861121659526,0,0.0,0.0,0.0
AST-009057,0.02204265408103754,0,0.0,0.0,0.0
AST-009058,0.0027800431786318357,0,0.0,0.0,0.0
AST-009059,0.918866368303559,1,8127.844665208682,1528.8929313598128,15.221090096897353
AST-009060,0.02732934854326148,0,0.0,0.0,0.0
AST-009061,0.07426852312138486,0,0.0,0.0,0.0
AST-009062,0.0059265643672213,0,0.0,0.0,0.0
AST-009063,0.027422579954070957,0,0.0,0.0,0.0
AST-009064,0.08392232155828502,0,0.0,0.0,0.0
AST-009065,0.01483372909696635,0,0.0,0.0,0.0
AST-009066,0.0557142049441545,0,0.0,0.0,0.0
AST-009067,0.007442031669952222,0,0.0,0.0,0.0
AST-009068,0.011603369687467266,0,0.0,0.0,0.0
AST-009069,0.025187998216301334,0,0.0,0.0,0.0
AST-009070,0.1242558587084142,0,0.0,0.0,0.0
AST-009071,0.002931687549863602,0,0.0,0.0,0.0
AST-009072,0.0738331816550186,0,0.0,0.0,0.0
AST-009073,0.002007017202505157,0,0.0,0.0,0.0
AST-009074,0.015439445423050953,0,0.0,0.0,0.0
AST-009075,0.2255762283566462,0,0.0,0.0,0.0
AST-009076,0.13357976283836712,0,0.0,0.0,0.0
AST-009077,0.023265976356377664,0,0.0,0.0,0.0
AST-009078,0.04206818748026757,0,0.0,0.0,0.0
AST-009079,0.33049283788682404,1,295781.90276578575,53888.71476009603,61.23630403168528
AST-009080,0.008296642944853104,0,0.0,0.0,0.0
AST-009081,0.011643401625311444,0,0.0,0.0,0.0
AST-009082,0.11841759959370711,0,0.0,0.0,0.0
AST-009083,0.2708512366309563,0,0.0,0.0,0.0
AST-009084,0.013190060779004593,0,0.0,0.0,0.0
AST-009085,0.06740993776201805,0,0.0,0.0,0.0
AST-009086,0.014822090354739909,0,0.0,0.0,0.0
AST-009087,0.02037669239074264,0,0.0,0.0,0.0
AST-009088,0.04326490995820073,0,0.0,0.0,0.0
AST-009089,0.006152593766063148,0,0.0,0.0,0.0
AST-009090,0.17085362592896267,0,0.0,0.0,0.0
AST-009091,0.0132147459021561,0,0.0,0.0,0.0
AST-009092,0.2973834505893735,0,0.0,0.0,0.0
AST-009093,0.0026132157630290244,0,0.0,0.0,0.0
AST-009094,0.7422215715174532,1,7979442.85366724,1413370.681128963,8.579729988221208
AST-009095,0.0161334696052815,0,0.0,0.0,0.0
AST-009096,0.05174437335315905,0,0.0,0.0,0.0
AST-009097,0.0135738953965061,0,0.0,0.0,0.0
AST-009098,0.004683053355037589,0,0.0,0.0,0.0
AST-009099,0.005615917885128316,0,0.0,0.0,0.0
AST-009100,0.03748434551830878,0,0.0,0.0,0.0
AST-009101,0.007477881318966271,0,0.0,0.0,0.0
AST-009102,0.043328486187536853,0,0.0,0.0,0.0
AST-009103,0.16705479390504183,0,0.0,0.0,0.0
AST-009104,0.011699775927416087,0,0.0,0.0,0.0
AST-009105,0.027894152597774256,0,0.0,0.0,0.0
AST-009106,0.021337278258583718,0,0.0,0.0,0.0
AST-009107,0.014974954002861328,0,0.0,0.0,0.0
AST-009108,0.3411413360561338,0,0.0,0.0,0.0
AST-009109,0.008722379595617011,0,0.0,0.0,0.0
AST-009110,0.0015047930527717298,0,0.0,0.0,0.0
AST-009111,0.04681048112805879,0,0.0,0.0,0.0
AST-009112,0.009846787722937443,0,0.0,0.0,0.0
AST-009113,0.021993177166298374,0,0.0,0.0,0.0
AST-009114,0.12468499638876626,0,0.0,0.0,0.0
AST-009115,0.05033283314080089,0,0.0,0.0,0.0
AST-009116,0.48300314817839934,1,27766.08806071831,8463.871572876322,0.11629794432045382
AST-009117,0.00473556856389617,0,0.0,0.0,0.0
AST-009118,0.10716844700746583,0,0.0,0.0,0.0
AST-009119,0.02696252819971745,0,0.0,0.0,0.0
AST-009120,0.007425598283708555,0,0.0,0.0,0.0
AST-009121,0.30095561727223813,0,0.0,0.0,0.0
AST-009122,0.03723862877060467,0,0.0,0.0,0.0
AST-009123,0.013484542201219559,0,0.0,0.0,0.0
AST-009124,0.04007405020649015,0,0.0,0.0,0.0
AST-009125,0.03852155042084285,0,0.0,0.0,0.0
AST-009126,0.012126077132670872,0,0.0,0.0,0.0
AST-009127,0.061260474816175255,0,0.0,0.0,0.0
AST-009128,0.005816049305823218,0,0.0,0.0,0.0
AST-009129,0.013564695388383258,0,0.0,0.0,0.0
AST-009130,0.004569365515456597,0,0.0,0.0,0.0
AST-009131,0.011214940397622344,0,0.0,0.0,0.0
AST-009132,0.003608182921371479,0,0.0,0.0,0.0
AST-009133,0.02920702369173077,0,0.0,0.0,0.0
AST-009134,0.1565152634509182,0,0.0,0.0,0.0
AST-009135,0.04287115587649016,0,0.0,0.0,0.0
AST-009136,0.006686753373272109,0,0.0,0.0,0.0
AST-009137,0.11981427130324743,0,0.0,0.0,0.0
AST-009138,0.4595950974715982,0,0.0,0.0,0.0
AST-009139,0.04105631741923124,0,0.0,0.0,0.0
AST-009140,0.15935088305687448,1,34694.88020482606,12184.782274513826,30.96503625597613
AST-009141,0.008631030574369168,0,0.0,0.0,0.0
AST-009142,0.003286864987956845,0,0.0,0.0,0.0
AST-009143,0.10120609142175364,0,0.0,0.0,0.0
AST-009144,0.01712814209016693,0,0.0,0.0,0.0
AST-009145,0.03787811475651693,0,0.0,0.0,0.0
AST-009146,0.003709332321704908,0,0.0,0.0,0.0
AST-009147,0.013514855604875742,0,0.0,0.0,0.0
AST-009148,0.01304934604004725,0,0.0,0.0,0.0
AST-009149,0.5657939500204927,0,0.0,0.0,0.0
AST-009150,0.7030728058114148,1,330807.008770383,78665.2935192868,59.433119493328725
AST-009151,0.005531550910124514,0,0.0,0.0,0.0
AST-009152,0.40957377559643315,0,0.0,0.0,0.0
AST-009153,0.02798222183095282,0,0.0,0.0,0.0
AST-009154,0.08209575618706576,0,0.0,0.0,0.0
AST-009155,0.004042034953896844,0,0.0,0.0,0.0
AST-009156,0.015893912963135477,0,0.0,0.0,0.0
AST-009157,0.13003251060701554,0,0.0,0.0,0.0
AST-009158,0.034433642613559495,0,0.0,0.0,0.0
AST-009159,0.00324450147431135,0,0.0,0.0,0.0
AST-009160,0.016552160066455178,0,0.0,0.0,0.0
AST-009161,0.013387254132350377,0,0.0,0.0,0.0
AST-009162,0.003613296695396574,0,0.0,0.0,0.0
AST-009163,0.0022512457060842044,0,0.0,0.0,0.0
AST-009164,0.007443266172371172,0,0.0,0.0,0.0
AST-009165,0.0173762115859288,0,0.0,0.0,0.0
AST-009166,0.02022517163944239,0,0.0,0.0,0.0
AST-009167,0.00403881191352453,0,0.0,0.0,0.0
AST-009168,0.015454107448107634,0,0.0,0.0,0.0
AST-009169,0.6013536541980578,1,80063.01970520751,15812.765356823104,0.2363783432099057
AST-009170,0.0019932369318582826,0,0.0,0.0,0.0
AST-009171,0.8659888051571878,1,43748.31543782035,8109.46798109361,13.19103832790844
AST-009172,0.1479787774105771,0,0.0,0.0,0.0
AST-009173,0.11086649415068818,0,0.0,0.0,0.0
AST-009174,0.018324047231323186,0,0.0,0.0,0.0
AST-009175,0.07005627261221765,0,0.0,0.0,0.0
AST-009176,0.02495453294195643,0,0.0,0.0,0.0
AST-009177,0.00812854967296929,0,0.0,0.0,0.0
AST-009178,0.18573177386301332,0,0.0,0.0,0.0
AST-009179,0.004505709945360536,0,0.0,0.0,0.0
AST-009180,0.007505246334867582,0,0.0,0.0,0.0
AST-009181,0.008418512447344316,0,0.0,0.0,0.0
AST-009182,0.12540020953341102,0,0.0,0.0,0.0
AST-009183,0.23968444468648226,0,0.0,0.0,0.0
AST-009184,0.0060386213120194815,0,0.0,0.0,0.0
AST-009185,0.0029392029541379246,0,0.0,0.0,0.0
AST-009186,0.005672438516842549,0,0.0,0.0,0.0
AST-009187,0.0062980620004636735,0,0.0,0.0,0.0
AST-009188,0.039974631703863665,0,0.0,0.0,0.0
AST-009189,0.024576682709014013,0,0.0,0.0,0.0
AST-009190,0.05145197535233582,0,0.0,0.0,0.0
AST-009191,0.17884246053991648,0,0.0,0.0,0.0
AST-009192,0.0025543548380139677,0,0.0,0.0,0.0
AST-009193,0.0561438777466578,0,0.0,0.0,0.0
AST-009194,0.1426421247651119,0,0.0,0.0,0.0
AST-009195,0.008362826089469118,0,0.0,0.0,0.0
AST-009196,0.0660265472486834,0,0.0,0.0,0.0
AST-009197,0.009713478498827088,0,0.0,0.0,0.0
AST-009198,0.012632252710445288,0,0.0,0.0,0.0
AST-009199,0.01872426726633583,0,0.0,0.0,0.0
AST-009200,0.019550394005078804,0,0.0,0.0,0.0
AST-009201,0.0069213273283128375,0,0.0,0.0,0.0
AST-009202,0.07346596264446749,0,0.0,0.0,0.0
AST-009203,0.008704835322176816,0,0.0,0.0,0.0
AST-009204,0.009826394287612693,0,0.0,0.0,0.0
AST-009205,0.7526174228981156,1,148027.86480824635,53802.78520015873,6.493266229470548
AST-009206,0.04354769535054301,0,0.0,0.0,0.0
AST-009207,0.0020258670849155314,0,0.0,0.0,0.0
AST-009208,0.006460200759682499,0,0.0,0.0,0.0
AST-009209,0.024994711993356844,0,0.0,0.0,0.0
AST-009210,0.2708162811141756,0,0.0,0.0,0.0
AST-009211,0.006175059380670144,0,0.0,0.0,0.0
AST-009212,0.10542287689568382,0,0.0,0.0,0.0
AST-009213,0.009653587172217653,0,0.0,0.0,0.0
AST-009214,0.0050275844591736165,0,0.0,0.0,0.0
AST-009215,0.09682693790856907,0,0.0,0.0,0.0
AST-009216,0.05210180015391243,0,0.0,0.0,0.0
AST-009217,0.0049010754189381615,0,0.0,0.0,0.0
AST-009218,0.3563305527215514,1,65726.06871199318,12879.030014570239,135.8574232693942
AST-009219,0.5103182944058496,0,0.0,0.0,0.0
AST-009220,0.5666923052329725,0,0.0,0.0,0.0
AST-009221,0.21460729480369162,0,0.0,0.0,0.0
AST-009222,0.12505784121100125,0,0.0,0.0,0.0
AST-009223,0.015049592258871968,0,0.0,0.0,0.0
AST-009224,0.48595811050819787,0,0.0,0.0,0.0
AST-009225,0.01502011501308878,0,0.0,0.0,0.0
AST-009226,0.20848927653970378,0,0.0,0.0,0.0
AST-009227,0.02631904938213486,0,0.0,0.0,0.0
AST-009228,0.005417297061803902,0,0.0,0.0,0.0
AST-009229,0.008493311980160597,0,0.0,0.0,0.0
AST-009230,0.006365618974707381,0,0.0,0.0,0.0
AST-009231,0.013338647786357379,0,0.0,0.0,0.0
AST-009232,0.009064663296788874,0,0.0,0.0,0.0
AST-009233,0.04839104503922024,0,0.0,0.0,0.0
AST-009234,0.4287362644715162,0,0.0,0.0,0.0
AST-009235,0.04841081952932442,0,0.0,0.0,0.0
AST-009236,0.21581454650517595,1,5000.0,1259.3537757377587,23.111217586467205
AST-009237,0.21026639767012387,0,0.0,0.0,0.0
AST-009238,0.014192042628767207,0,0.0,0.0,0.0
AST-009239,0.11917495109585961,0,0.0,0.0,0.0
AST-009240,0.026764316669708854,0,0.0,0.0,0.0
AST-009241,0.09810212843961694,0,0.0,0.0,0.0
AST-009242,0.006719026638221987,0,0.0,0.0,0.0
AST-009243,0.06623300612868584,0,0.0,0.0,0.0
AST-009244,0.002413678350799878,0,0.0,0.0,0.0
AST-009245,0.012458328878387798,0,0.0,0.0,0.0
AST-009246,0.040750145048100275,0,0.0,0.0,0.0
AST-009247,0.14740218264666388,1,1125598.0394596052,217894.02664110094,72.23778008704632
AST-009248,0.006557303583922155,0,0.0,0.0,0.0
AST-009249,0.010177942479230215,0,0.0,0.0,0.0
AST-009250,0.008643280646408825,0,0.0,0.0,0.0
AST-009251,0.23626978593141718,0,0.0,0.0,0.0
AST-009252,0.03475955058493803,0,0.0,0.0,0.0
AST-009253,0.6254929820898523,1,283137.7514333847,43628.16088929537,24.523325109599476
AST-009254,0.6609481098502926,1,53400.13115653102,14337.50004681626,178.34475197978998
AST-009255,0.2373896871988275,0,0.0,0.0,0.0
AST-009256,0.019010777428829083,0,0.0,0.0,0.0
AST-009257,0.005486772503257673,0,0.0,0.0,0.0
AST-009258,0.0018642897181004316,0,0.0,0.0,0.0
AST-009259,0.05613122966023377,0,0.0,0.0,0.0
AST-009260,0.6552007336341131,1,539202.4800385395,201690.43153572307,149.66133012315055
AST-009261,0.038873210905210134,1,607766.3792713901,215999.85841049504,30.0026085638249
AST-009262,0.00800272424365771,0,0.0,0.0,0.0
AST-009263,0.013884290138622689,0,0.0,0.0,0.0
AST-009264,0.20760988007774273,1,54213.48692031305,9902.156445028471,46.66202926583955
AST-009265,0.002494259605851168,0,0.0,0.0,0.0
AST-009266,0.0513505309824744,0,0.0,0.0,0.0
AST-009267,0.0023754668649867785,0,0.0,0.0,0.0
AST-009268,0.011103922501248286,0,0.0,0.0,0.0
AST-009269,0.017438818970026568,0,0.0,0.0,0.0
AST-009270,0.007716687535818171,0,0.0,0.0,0.0
AST-009271,0.0588146525346383,0,0.0,0.0,0.0
AST-009272,0.2729181857993465,0,0.0,0.0,0.0
AST-009273,0.004472154891259417,0,0.0,0.0,0.0
AST-009274,0.134484074979152,0,0.0,0.0,0.0
AST-009275,0.3418974956180744,1,715474.8992364317,85349.71385306702,9.938108672555412
AST-009276,0.00484923031421593,0,0.0,0.0,0.0
AST-009277,0.002591242806018414,0,0.0,0.0,0.0
AST-009278,0.050383585742803216,0,0.0,0.0,0.0
AST-009279,0.015432309071156407,0,0.0,0.0,0.0
AST-009280,0.010196357143779292,0,0.0,0.0,0.0
AST-009281,0.43011066582535046,1,124797.78825299867,24833.387704130237,80.56554484218368
AST-009282,0.01158562304899266,0,0.0,0.0,0.0
AST-009283,0.006023975839524417,0,0.0,0.0,0.0
AST-009284,0.01792201552013361,0,0.0,0.0,0.0
AST-009285,0.0443718256713499,0,0.0,0.0,0.0
AST-009286,0.004069213215069459,0,0.0,0.0,0.0
AST-009287,0.040289339693400955,0,0.0,0.0,0.0
AST-009288,0.03640350049914856,0,0.0,0.0,0.0
AST-009289,0.016137480173382852,0,0.0,0.0,0.0
AST-009290,0.00970438112172334,0,0.0,0.0,0.0
AST-009291,0.015001443042836984,0,0.0,0.0,0.0
AST-009292,0.001668691949497369,0,0.0,0.0,0.0
AST-009293,0.10226274831444243,0,0.0,0.0,0.0
AST-009294,0.005478574023788919,0,0.0,0.0,0.0
AST-009295,0.1804866138263004,0,0.0,0.0,0.0
AST-009296,0.008331672887971847,0,0.0,0.0,0.0
AST-009297,0.03042920223553888,0,0.0,0.0,0.0
AST-009298,0.013431258009196988,0,0.0,0.0,0.0
AST-009299,0.03891534504909348,0,0.0,0.0,0.0
AST-009300,0.003695399269656317,0,0.0,0.0,0.0
AST-009301,0.007337587016159884,0,0.0,0.0,0.0
AST-009302,0.004102136604539519,0,0.0,0.0,0.0
AST-009303,0.01659144400432514,0,0.0,0.0,0.0
AST-009304,0.026741579014551656,0,0.0,0.0,0.0
AST-009305,0.46636848827961913,1,64193.01024791892,23815.462741352116,12.855885308971576
AST-009306,0.00972603652311065,0,0.0,0.0,0.0
AST-009307,0.35349792700049004,0,0.0,0.0,0.0
AST-009308,0.011092571875458522,0,0.0,0.0,0.0
AST-009309,0.0033845758172349064,0,0.0,0.0,0.0
AST-009310,0.003457230317408347,0,0.0,0.0,0.0
AST-009311,0.6608822547633538,1,341065.42601456604,125399.59394760376,13.94640982142068
AST-009312,0.013966728130950682,0,0.0,0.0,0.0
AST-009313,0.03137908630127912,0,0.0,0.0,0.0
AST-009314,0.04306691379072073,0,0.0,0.0,0.0
AST-009315,0.005092127712543537,0,0.0,0.0,0.0
AST-009316,0.025374033453398104,0,0.0,0.0,0.0
AST-009317,0.006118226792800018,0,0.0,0.0,0.0
AST-009318,0.04448310773907587,0,0.0,0.0,0.0
AST-009319,0.1331250743658797,0,0.0,0.0,0.0
AST-009320,0.018342078557375657,0,0.0,0.0,0.0
AST-009321,0.01860199525914373,0,0.0,0.0,0.0
AST-009322,0.014611892349367104,0,0.0,0.0,0.0
AST-009323,0.012820362198915285,0,0.0,0.0,0.0
AST-009324,0.011428834171624451,0,0.0,0.0,0.0
AST-009325,0.0036029442604096876,0,0.0,0.0,0.0
AST-009326,0.0036040807450419023,0,0.0,0.0,0.0
AST-009327,0.016468161627140165,0,0.0,0.0,0.0
AST-009328,0.1615807524642572,0,0.0,0.0,0.0
AST-009329,0.015549877222457072,0,0.0,0.0,0.0
AST-009330,0.005149517852727109,0,0.0,0.0,0.0
AST-009331,0.02592993277131254,0,0.0,0.0,0.0
AST-009332,0.0018308971637016824,0,0.0,0.0,0.0
AST-009333,0.0031671354730402413,0,0.0,0.0,0.0
AST-009334,0.01226943867441193,0,0.0,0.0,0.0
AST-009335,0.0033496722843447315,0,0.0,0.0,0.0
AST-009336,0.002180586917319684,0,0.0,0.0,0.0
AST-009337,0.047923199812536045,0,0.0,0.0,0.0
AST-009338,0.0246290913511092,0,0.0,0.0,0.0
AST-009339,0.24548569387712893,0,0.0,0.0,0.0
AST-009340,0.11070755028410258,0,0.0,0.0,0.0
AST-009341,0.04829561078170122,0,0.0,0.0,0.0
AST-009342,0.18746304166014274,1,17337.284965855873,5678.9022159639635,2.9449302367799883
AST-009343,0.007955562978047856,0,0.0,0.0,0.0
AST-009344,0.014601249187175317,0,0.0,0.0,0.0
AST-009345,0.7517365760929231,1,61589.11188617015,19332.226135788664,21.861467119175582
AST-009346,0.011295777788664717,0,0.0,0.0,0.0
AST-009347,0.7475488371523685,1,103354.32409778,31311.31222761125,35.87174759768038
AST-009348,0.024642462594363337,0,0.0,0.0,0.0
AST-009349,0.016449695952940845,0,0.0,0.0,0.0
AST-009350,0.07957797994517303,0,0.0,0.0,0.0
AST-009351,0.02776563045770951,0,0.0,0.0,0.0
AST-009352,0.04226098695408657,0,0.0,0.0,0.0
AST-009353,0.05044487070328402,0,0.0,0.0,0.0
AST-009354,0.07039317433216011,0,0.0,0.0,0.0
AST-009355,0.04377860271657007,0,0.0,0.0,0.0
AST-009356,0.0140873476711202,0,0.0,0.0,0.0
AST-009357,0.13084846363363978,0,0.0,0.0,0.0
AST-009358,0.013356821121377257,0,0.0,0.0,0.0
AST-009359,0.12528531471294285,0,0.0,0.0,0.0
AST-009360,0.06859853542894728,0,0.0,0.0,0.0
AST-009361,0.00712535654879445,0,0.0,0.0,0.0
AST-009362,0.007417846707204655,0,0.0,0.0,0.0
AST-009363,0.07682809943404227,0,0.0,0.0,0.0
AST-009364,0.46071208376730927,1,666724.7327579836,130373.774053812,2.6733390259768064
AST-009365,0.003003763617896821,0,0.0,0.0,0.0
AST-009366,0.23913669744264432,0,0.0,0.0,0.0
AST-009367,0.037292467133570775,0,0.0,0.0,0.0
AST-009368,0.01372169229368446,0,0.0,0.0,0.0
AST-009369,0.9278066039398399,1,81979.86034263324,31334.62719026713,22.127598324140727
AST-009370,0.033954412984070724,0,0.0,0.0,0.0
AST-009371,0.009101955227897923,0,0.0,0.0,0.0
AST-009372,0.04319761308809785,0,0.0,0.0,0.0
AST-009373,0.25113603292396414,1,155389.45544272196,33581.5484577291,72.58181150960424
AST-009374,0.011367095753178543,0,0.0,0.0,0.0
AST-009375,0.025710265441580865,0,0.0,0.0,0.0
AST-009376,0.011567336939892406,0,0.0,0.0,0.0
AST-009377,0.046740819647424985,0,0.0,0.0,0.0
AST-009378,0.0064418629504752025,0,0.0,0.0,0.0
AST-009379,0.007716799550673665,0,0.0,0.0,0.0
AST-009380,0.013762667718430491,0,0.0,0.0,0.0
AST-009381,0.017320389699097,0,0.0,0.0,0.0
AST-009382,0.020192558648377185,0,0.0,0.0,0.0
AST-009383,0.07844836888831577,0,0.0,0.0,0.0
AST-009384,0.017151619310288448,0,0.0,0.0,0.0
AST-009385,0.8225649690638486,1,1591236.0948819146,223566.1615127239,35.71087754333201
AST-009386,0.146395196278941,0,0.0,0.0,0.0
AST-009387,0.17433568779782752,1,90534.6371401626,14195.434520739398,49.359305808433604
AST-009388,0.021095916316897903,0,0.0,0.0,0.0
AST-009389,0.22650072679040067,0,0.0,0.0,0.0
AST-009390,0.016767863647356693,0,0.0,0.0,0.0
AST-009391,0.1293809761372263,0,0.0,0.0,0.0
AST-009392,0.03721876298115755,0,0.0,0.0,0.0
AST-009393,0.008757122640886246,0,0.0,0.0,0.0
AST-009394,0.22302215395241304,0,0.0,0.0,0.0
AST-009395,0.012532478262433385,0,0.0,0.0,0.0
AST-009396,0.007560414709744902,0,0.0,0.0,0.0
AST-009397,0.009302793575037301,0,0.0,0.0,0.0
AST-009398,0.051248008058604876,0,0.0,0.0,0.0
AST-009399,0.00748661970599234,0,0.0,0.0,0.0
AST-009400,0.008997381958319645,0,0.0,0.0,0.0
AST-009401,0.005924028262950196,0,0.0,0.0,0.0
AST-009402,0.03859799364634299,0,0.0,0.0,0.0
AST-009403,0.0075504993042405716,0,0.0,0.0,0.0
AST-009404,0.03371725039052011,0,0.0,0.0,0.0
AST-009405,0.21434591658391156,0,0.0,0.0,0.0
AST-009406,0.006059136580943781,0,0.0,0.0,0.0
AST-009407,0.018096667468813315,0,0.0,0.0,0.0
AST-009408,0.0978282886189067,0,0.0,0.0,0.0
AST-009409,0.0014778177630703172,0,0.0,0.0,0.0
AST-009410,0.008935673616934158,0,0.0,0.0,0.0
AST-009411,0.2748312311824559,0,0.0,0.0,0.0
AST-009412,0.0036297591644214727,0,0.0,0.0,0.0
AST-009413,0.00499899664595466,0,0.0,0.0,0.0
AST-009414,0.7718906482145751,1,15443.911920492294,5631.091970333246,9.096708214832107
AST-009415,0.040659159584555606,0,0.0,0.0,0.0
AST-009416,0.32289233182093996,0,0.0,0.0,0.0
AST-009417,0.029365588719034046,0,0.0,0.0,0.0
AST-009418,0.5972601789395485,1,82630.35227035076,11985.733951088143,11.993452105871768
AST-009419,0.4305134745866276,0,0.0,0.0,0.0
AST-009420,0.007006089157361283,0,0.0,0.0,0.0
AST-009421,0.01749312646822583,0,0.0,0.0,0.0
AST-009422,0.007012596227163464,0,0.0,0.0,0.0
AST-009423,0.05063965721285767,0,0.0,0.0,0.0
AST-009424,0.013955335398260483,0,0.0,0.0,0.0
AST-009425,0.028980306867426073,0,0.0,0.0,0.0
AST-009426,0.13898055507020457,0,0.0,0.0,0.0
AST-009427,0.018987238886269457,0,0.0,0.0,0.0
AST-009428,0.007566495851240979,0,0.0,0.0,0.0
AST-009429,0.03793044992300248,0,0.0,0.0,0.0
AST-009430,0.028842979460571516,0,0.0,0.0,0.0
AST-009431,0.03195272141788799,0,0.0,0.0,0.0
AST-009432,0.5728250256001396,1,52483.62123101425,8465.867322535685,15.56345452914763
AST-009433,0.33035070242985537,0,0.0,0.0,0.0
AST-009434,0.07896517515034865,0,0.0,0.0,0.0
AST-009435,0.005383491010241431,0,0.0,0.0,0.0
AST-009436,0.0039168108776836625,0,0.0,0.0,0.0
AST-009437,0.013140619840192207,0,0.0,0.0,0.0
AST-009438,0.00817662278593323,0,0.0,0.0,0.0
AST-009439,0.0661957751059948,0,0.0,0.0,0.0
AST-009440,0.03159138929893329,0,0.0,0.0,0.0
AST-009441,0.0061375004084387305,0,0.0,0.0,0.0
AST-009442,0.10967597327631842,0,0.0,0.0,0.0
AST-009443,0.028129043712877052,0,0.0,0.0,0.0
AST-009444,0.005935214082601293,0,0.0,0.0,0.0
AST-009445,0.021714933094790397,0,0.0,0.0,0.0
AST-009446,0.018175082002807208,0,0.0,0.0,0.0
AST-009447,0.05153393519689291,0,0.0,0.0,0.0
AST-009448,0.0064494984590054314,0,0.0,0.0,0.0
AST-009449,0.01607893605441609,0,0.0,0.0,0.0
AST-009450,0.012994176313667756,0,0.0,0.0,0.0
AST-009451,0.1926011226635222,0,0.0,0.0,0.0
AST-009452,0.0776159177904093,0,0.0,0.0,0.0
AST-009453,0.02661700234958463,0,0.0,0.0,0.0
AST-009454,0.00980183516365542,0,0.0,0.0,0.0
AST-009455,0.7007342546857858,1,323849.77370007936,106934.44955316577,31.783425092494767
AST-009456,0.006362173152559968,0,0.0,0.0,0.0
AST-009457,0.030376378371679204,0,0.0,0.0,0.0
AST-009458,0.04060824081961837,0,0.0,0.0,0.0
AST-009459,0.04315130329252378,0,0.0,0.0,0.0
AST-009460,0.03868317685270116,0,0.0,0.0,0.0
AST-009461,0.009961691905150767,0,0.0,0.0,0.0
AST-009462,0.0056666637860972036,0,0.0,0.0,0.0
AST-009463,0.004284416246194687,0,0.0,0.0,0.0
AST-009464,0.25709458525123574,0,0.0,0.0,0.0
AST-009465,0.037336607756861616,0,0.0,0.0,0.0
AST-009466,0.012773786323013486,1,63744.81336752934,11297.758728361468,17.95162558656683
AST-009467,0.30453659130165983,0,0.0,0.0,0.0
AST-009468,0.4176008768347456,1,108416.3525902683,42780.157475101274,6.141303401641968
AST-009469,0.046744765581581756,0,0.0,0.0,0.0
AST-009470,0.004986771852513309,0,0.0,0.0,0.0
AST-009471,0.6207772496154945,0,0.0,0.0,0.0
AST-009472,0.0255527008770252,0,0.0,0.0,0.0
AST-009473,0.011986599968737782,0,0.0,0.0,0.0
AST-009474,0.7012833924826503,1,179322.5794149564,61442.198572315385,51.45871734927622
AST-009475,0.0029907561968854886,0,0.0,0.0,0.0
AST-009476,0.011305259575086844,0,0.0,0.0,0.0
AST-009477,0.016584763598786426,0,0.0,0.0,0.0
AST-009478,0.07471295761239732,0,0.0,0.0,0.0
AST-009479,0.005572314930257759,0,0.0,0.0,0.0
AST-009480,0.015996633073492895,0,0.0,0.0,0.0
AST-009481,0.00880442002959258,0,0.0,0.0,0.0
AST-009482,0.00657533872856045,0,0.0,0.0,0.0
AST-009483,0.3583918958247895,1,5000.0,1888.1440066985945,50.924606450155004
AST-009484,0.0430540278959066,0,0.0,0.0,0.0
AST-009485,0.02806952164381042,0,0.0,0.0,0.0
AST-009486,0.16725206613054244,0,0.0,0.0,0.0
AST-009487,0.014400442541672406,0,0.0,0.0,0.0
AST-009488,0.027108291448513067,0,0.0,0.0,0.0
AST-009489,0.010827807754190687,0,0.0,0.0,0.0
AST-009490,0.6365492694693646,1,849588.4083943247,271483.4854490893,6.116173741246606
AST-009491,0.009257656740452515,0,0.0,0.0,0.0
AST-009492,0.001341857174230225,0,0.0,0.0,0.0
AST-009493,0.02303365733114286,0,0.0,0.0,0.0
AST-009494,0.004602110674245335,0,0.0,0.0,0.0
AST-009495,0.2751943621140289,0,0.0,0.0,0.0
AST-009496,0.2988880598249428,0,0.0,0.0,0.0
AST-009497,0.003066684475385015,0,0.0,0.0,0.0
AST-009498,0.016291599266482236,0,0.0,0.0,0.0
AST-009499,0.1376421449548659,0,0.0,0.0,0.0
AST-009500,0.0038433192947256918,0,0.0,0.0,0.0
AST-009501,0.011039827665105409,0,0.0,0.0,0.0
AST-009502,0.09422502333575215,0,0.0,0.0,0.0
AST-009503,0.019525398208276715,0,0.0,0.0,0.0
AST-009504,0.03395053055223464,0,0.0,0.0,0.0
AST-009505,0.025995426987508882,0,0.0,0.0,0.0
AST-009506,0.058938675553202716,0,0.0,0.0,0.0
AST-009507,0.004650097339277104,0,0.0,0.0,0.0
AST-009508,0.021750517115058966,0,0.0,0.0,0.0
AST-009509,0.1927294618522408,0,0.0,0.0,0.0
AST-009510,0.03593218908564158,0,0.0,0.0,0.0
AST-009511,0.955874462650345,1,534761.1462542543,173096.43970584427,74.28961321048654
AST-009512,0.03432866954566877,0,0.0,0.0,0.0
AST-009513,0.1522256715181276,0,0.0,0.0,0.0
AST-009514,0.41981068681207134,0,0.0,0.0,0.0
AST-009515,0.23689888532266712,0,0.0,0.0,0.0
AST-009516,0.017580001730312874,0,0.0,0.0,0.0
AST-009517,0.05021525328234832,0,0.0,0.0,0.0
AST-009518,0.005972542496810043,0,0.0,0.0,0.0
AST-009519,0.6652907959690898,1,176164.36931120974,23468.259719512535,39.73105733822944
AST-009520,0.005309690456888375,0,0.0,0.0,0.0
AST-009521,0.02659839842989116,0,0.0,0.0,0.0
AST-009522,0.7186959492290613,1,12499.847976825573,1678.1008256343987,9.594669359756637
AST-009523,0.006515906245288917,0,0.0,0.0,0.0
AST-009524,0.028231557584938193,0,0.0,0.0,0.0
AST-009525,0.025147585504021113,0,0.0,0.0,0.0
AST-009526,0.013747481883701024,0,0.0,0.0,0.0
AST-009527,0.018971144765461707,0,0.0,0.0,0.0
AST-009528,0.26920267950976456,1,28818.507084129244,4003.619294622179,31.927763385821024
AST-009529,0.012735868706645564,0,0.0,0.0,0.0
AST-009530,0.009322823912591883,0,0.0,0.0,0.0
AST-009531,0.00666579868445542,0,0.0,0.0,0.0
AST-009532,0.3518747253299263,0,0.0,0.0,0.0
AST-009533,0.005817137050715249,0,0.0,0.0,0.0
AST-009534,0.507747067181619,0,0.0,0.0,0.0
AST-009535,0.011365156181948308,0,0.0,0.0,0.0
AST-009536,0.571762739211085,0,0.0,0.0,0.0
AST-009537,0.05635555507988162,0,0.0,0.0,0.0
AST-009538,0.01704540911023945,0,0.0,0.0,0.0
AST-009539,0.15129234815643156,0,0.0,0.0,0.0
AST-009540,0.007787601968205601,0,0.0,0.0,0.0
AST-009541,0.009980693388195377,0,0.0,0.0,0.0
AST-009542,0.010219624437865248,0,0.0,0.0,0.0
AST-009543,0.010422879940952109,0,0.0,0.0,0.0
AST-009544,0.041254064687638155,0,0.0,0.0,0.0
AST-009545,0.06201722889093273,0,0.0,0.0,0.0
AST-009546,0.03697999974672996,0,0.0,0.0,0.0
AST-009547,0.0011209782904296535,0,0.0,0.0,0.0
AST-009548,0.016528557776247788,0,0.0,0.0,0.0
AST-009549,0.005874303733610532,0,0.0,0.0,0.0
AST-009550,0.018971763889178345,0,0.0,0.0,0.0
AST-009551,0.0030007743868787472,0,0.0,0.0,0.0
AST-009552,0.11425890891193738,0,0.0,0.0,0.0
AST-009553,0.12191025609055872,1,171860.1308076301,46567.66633393027,5.690675835766821
AST-009554,0.06834063751669328,0,0.0,0.0,0.0
AST-009555,0.0032463069680293147,0,0.0,0.0,0.0
AST-009556,0.2980688440605133,0,0.0,0.0,0.0
AST-009557,0.02357975201604122,0,0.0,0.0,0.0
AST-009558,0.06235847125588533,0,0.0,0.0,0.0
AST-009559,0.00956077225771859,0,0.0,0.0,0.0
AST-009560,0.010552278133715103,0,0.0,0.0,0.0
AST-009561,0.24594766412351562,0,0.0,0.0,0.0
AST-009562,0.021570723777121905,0,0.0,0.0,0.0
AST-009563,0.0035947258318322598,0,0.0,0.0,0.0
AST-009564,0.005476388861402782,0,0.0,0.0,0.0
AST-009565,0.6859391016864209,1,23570.91019723506,5978.786880059551,12.503301416358541
AST-009566,0.1995400551446028,0,0.0,0.0,0.0
AST-009567,0.01230548431029488,0,0.0,0.0,0.0
AST-009568,0.027479996141780448,0,0.0,0.0,0.0
AST-009569,0.1572170653469326,0,0.0,0.0,0.0
AST-009570,0.007065229661392134,0,0.0,0.0,0.0
AST-009571,0.002030729288664453,0,0.0,0.0,0.0
AST-009572,0.016936159705322074,0,0.0,0.0,0.0
AST-009573,0.014680790209924384,0,0.0,0.0,0.0
AST-009574,0.04517772889734691,0,0.0,0.0,0.0
AST-009575,0.010333169333126833,0,0.0,0.0,0.0
AST-009576,0.32274929440992245,0,0.0,0.0,0.0
AST-009577,0.09909327973377156,0,0.0,0.0,0.0
AST-009578,0.0267827672897597,0,0.0,0.0,0.0
AST-009579,0.022160854852739158,0,0.0,0.0,0.0
AST-009580,0.003947009937564296,0,0.0,0.0,0.0
AST-009581,0.013843142114123208,0,0.0,0.0,0.0
AST-009582,0.028762589518398392,0,0.0,0.0,0.0
AST-009583,0.8424875338866811,1,66583.94209766865,16270.068739448643,39.64806296973771
AST-009584,0.019361295877882358,0,0.0,0.0,0.0
AST-009585,0.028661341209096854,0,0.0,0.0,0.0
AST-009586,0.007621328726624001,0,0.0,0.0,0.0
AST-009587,0.005438451902985392,0,0.0,0.0,0.0
AST-009588,0.11810641637077463,0,0.0,0.0,0.0
AST-009589,0.008849249424582666,0,0.0,0.0,0.0
AST-009590,0.1444159691339762,0,0.0,0.0,0.0
AST-009591,0.044925458170892156,0,0.0,0.0,0.0
AST-009592,0.014428382409379468,0,0.0,0.0,0.0
AST-009593,0.04056621130689804,0,0.0,0.0,0.0
AST-009594,0.012618254815185245,0,0.0,0.0,0.0
AST-009595,0.3205085087591223,0,0.0,0.0,0.0
AST-009596,0.11739527270131082,0,0.0,0.0,0.0
AST-009597,0.02929796500351084,0,0.0,0.0,0.0
AST-009598,0.014949198622003938,0,0.0,0.0,0.0
AST-009599,0.024969538969612518,0,0.0,0.0,0.0
AST-009600,0.06292319473862465,0,0.0,0.0,0.0
AST-009601,0.08838903008318515,1,1932746.2868460342,658227.0221709324,0.8762117616864784
AST-009602,0.011229657348514407,0,0.0,0.0,0.0
AST-009603,0.008668747161102474,0,0.0,0.0,0.0
AST-009604,0.02613410740749053,0,0.0,0.0,0.0
AST-009605,0.006862296565136656,0,0.0,0.0,0.0
AST-009606,0.016442416838682795,0,0.0,0.0,0.0
AST-009607,0.03239889665377751,0,0.0,0.0,0.0
AST-009608,0.0955032108811667,0,0.0,0.0,0.0
AST-009609,0.005839945472455964,0,0.0,0.0,0.0
AST-009610,0.008851161310121897,0,0.0,0.0,0.0
AST-009611,0.1687420807040541,0,0.0,0.0,0.0
AST-009612,0.1481814957029341,0,0.0,0.0,0.0
AST-009613,0.0033735688996928905,0,0.0,0.0,0.0
AST-009614,0.02557283649429681,0,0.0,0.0,0.0
AST-009615,0.265915302748718,0,0.0,0.0,0.0
AST-009616,0.010859834370297623,0,0.0,0.0,0.0
AST-009617,0.20795473081915497,0,0.0,0.0,0.0
AST-009618,0.018032290742534113,0,0.0,0.0,0.0
AST-009619,0.03236726193243547,1,927016.6543211951,104289.39002219426,2.457319360122857
AST-009620,0.0066752760096729265,0,0.0,0.0,0.0
AST-009621,0.42598708020986353,0,0.0,0.0,0.0
AST-009622,0.03849326177560496,0,0.0,0.0,0.0
AST-009623,0.013095047319834045,0,0.0,0.0,0.0
AST-009624,0.04698874744527843,1,104067.04330426437,17678.36115389456,29.518841836290832
AST-009625,0.014986263987228285,0,0.0,0.0,0.0
AST-009626,0.35523292332361905,0,0.0,0.0,0.0
AST-009627,0.5468648242414905,1,66109.39158746008,11900.169337724703,24.673258404429966
AST-009628,0.008500903152012997,0,0.0,0.0,0.0
AST-009629,0.007049018718615964,0,0.0,0.0,0.0
AST-009630,0.06856000713458447,0,0.0,0.0,0.0
AST-009631,0.0736340816800973,0,0.0,0.0,0.0
AST-009632,0.010802800994895992,0,0.0,0.0,0.0
AST-009633,0.017250637779153682,0,0.0,0.0,0.0
AST-009634,0.06873425787903285,0,0.0,0.0,0.0
AST-009635,0.026187622764488258,0,0.0,0.0,0.0
AST-009636,0.008097628853885984,0,0.0,0.0,0.0
AST-009637,0.005308402380284842,0,0.0,0.0,0.0
AST-009638,0.19820042330243393,1,41942.23797338811,8394.74604676944,18.631266758949167
AST-009639,0.0033093846020997085,0,0.0,0.0,0.0
AST-009640,0.0636899498438751,0,0.0,0.0,0.0
AST-009641,0.031895214368297786,0,0.0,0.0,0.0
AST-009642,0.06339590181792203,0,0.0,0.0,0.0
AST-009643,0.18379282345779138,0,0.0,0.0,0.0
AST-009644,0.0382881460422137,0,0.0,0.0,0.0
AST-009645,0.1353559380840686,1,357580.6571466845,110666.1091321941,9.259398334747726
AST-009646,0.03273066558628388,0,0.0,0.0,0.0
AST-009647,0.002541988444567765,0,0.0,0.0,0.0
AST-009648,0.005284899493771009,0,0.0,0.0,0.0
AST-009649,0.011045126028687322,0,0.0,0.0,0.0
AST-009650,0.09912149012376202,0,0.0,0.0,0.0
AST-009651,0.007400748805568774,0,0.0,0.0,0.0
AST-009652,0.29111650635396785,0,0.0,0.0,0.0
AST-009653,0.05836766989177664,0,0.0,0.0,0.0
AST-009654,0.23659118772052135,0,0.0,0.0,0.0
AST-009655,0.011419843281117522,0,0.0,0.0,0.0
AST-009656,0.004257025702694556,0,0.0,0.0,0.0
AST-009657,0.23198423752917788,0,0.0,0.0,0.0
AST-009658,0.008337597799734229,0,0.0,0.0,0.0
AST-009659,0.004922196401326348,0,0.0,0.0,0.0
AST-009660,0.15655238393386517,1,182456.72709116648,65197.94311854547,15.30180514524884
AST-009661,0.05087573343532442,0,0.0,0.0,0.0
AST-009662,0.11776124769291432,0,0.0,0.0,0.0
AST-009663,0.010788823194237969,0,0.0,0.0,0.0
AST-009664,0.07843541050736043,0,0.0,0.0,0.0
AST-009665,0.10811284025026058,0,0.0,0.0,0.0
AST-009666,0.5139059211728289,0,0.0,0.0,0.0
AST-009667,0.2721748553112961,0,0.0,0.0,0.0
AST-009668,0.004203345852766993,0,0.0,0.0,0.0
AST-009669,0.23711714326236286,0,0.0,0.0,0.0
AST-009670,0.16133418058185728,0,0.0,0.0,0.0
AST-009671,0.008490500536887427,0,0.0,0.0,0.0
AST-009672,0.0025484455336822025,0,0.0,0.0,0.0
AST-009673,0.05626522997815221,0,0.0,0.0,0.0
AST-009674,0.005391580216041067,0,0.0,0.0,0.0
AST-009675,0.03839542115772076,0,0.0,0.0,0.0
AST-009676,0.016184498088744476,0,0.0,0.0,0.0
AST-009677,0.04006555083832468,0,0.0,0.0,0.0
AST-009678,0.01470452616047478,0,0.0,0.0,0.0
AST-009679,0.02623151671515999,1,69194.86264825608,21898.942202287286,7.639648315368575
AST-009680,0.01217115296671113,1,81801.80338250102,20268.358860727312,4.868183554277336
AST-009681,0.030776224048962686,0,0.0,0.0,0.0
AST-009682,0.17135676678932615,0,0.0,0.0,0.0
AST-009683,0.10566257386227504,0,0.0,0.0,0.0
AST-009684,0.008768018033096136,0,0.0,0.0,0.0
AST-009685,0.015532118452025442,0,0.0,0.0,0.0
AST-009686,0.021951785860126215,0,0.0,0.0,0.0
AST-009687,0.055211522455166195,0,0.0,0.0,0.0
AST-009688,0.8501756763194384,1,21890.508442909137,5101.437843065583,2.7452088646404835
AST-009689,0.008534485126976294,0,0.0,0.0,0.0
AST-009690,0.015536162814858069,0,0.0,0.0,0.0
AST-009691,0.0055742477193200255,0,0.0,0.0,0.0
AST-009692,0.07858563720212973,0,0.0,0.0,0.0
AST-009693,0.0688744855366709,0,0.0,0.0,0.0
AST-009694,0.016797085505328546,0,0.0,0.0,0.0
AST-009695,0.11483749190618427,0,0.0,0.0,0.0
AST-009696,0.0022033896897850637,0,0.0,0.0,0.0
AST-009697,0.008169083257301998,0,0.0,0.0,0.0
AST-009698,0.00948636719835929,0,0.0,0.0,0.0
AST-009699,0.1094362174490009,0,0.0,0.0,0.0
AST-009700,0.05749068063101879,0,0.0,0.0,0.0
AST-009701,0.00781153013152785,0,0.0,0.0,0.0
AST-009702,0.10206635597901681,0,0.0,0.0,0.0
AST-009703,0.16510391359790474,0,0.0,0.0,0.0
AST-009704,0.015143203580828015,0,0.0,0.0,0.0
AST-009705,0.005849106913873201,0,0.0,0.0,0.0
AST-009706,0.004722448745603689,0,0.0,0.0,0.0
AST-009707,0.010016237225944314,0,0.0,0.0,0.0
AST-009708,0.002997935319532219,0,0.0,0.0,0.0
AST-009709,0.0094158655287775,0,0.0,0.0,0.0
AST-009710,0.03200638368626334,1,52101.44485781708,16094.949410056448,23.018725084691013
AST-009711,0.034865868305687914,0,0.0,0.0,0.0
AST-009712,0.052529604921674945,0,0.0,0.0,0.0
AST-009713,0.01905897162095179,0,0.0,0.0,0.0
AST-009714,0.00430983485639806,0,0.0,0.0,0.0
AST-009715,0.06984562115459032,0,0.0,0.0,0.0
AST-009716,0.03768978034561545,0,0.0,0.0,0.0
AST-009717,0.005847691067152098,0,0.0,0.0,0.0
AST-009718,0.008184265420813075,0,0.0,0.0,0.0
AST-009719,0.40305527054900675,0,0.0,0.0,0.0
AST-009720,0.22174943042518352,1,542269.0132405718,189947.12350423893,1.5843634650233058
AST-009721,0.004032659591739668,0,0.0,0.0,0.0
AST-009722,0.007459010406338022,0,0.0,0.0,0.0
AST-009723,0.017076577577045646,0,0.0,0.0,0.0
AST-009724,0.008139526337072869,0,0.0,0.0,0.0
AST-009725,0.4055832103952542,0,0.0,0.0,0.0
AST-009726,0.007936983357931282,0,0.0,0.0,0.0
AST-009727,0.006784336067866617,0,0.0,0.0,0.0
AST-009728,0.39462779387672886,0,0.0,0.0,0.0
AST-009729,0.12301331462764183,0,0.0,0.0,0.0
AST-009730,0.24033070071301998,0,0.0,0.0,0.0
AST-009731,0.06101440987856571,1,109661.07168828645,18242.537712973663,33.85827403176371
AST-009732,0.013763839170968933,0,0.0,0.0,0.0
AST-009733,0.023222715191367857,0,0.0,0.0,0.0
AST-009734,0.015878634564573415,0,0.0,0.0,0.0
AST-009735,0.030624214275449604,0,0.0,0.0,0.0
AST-009736,0.031782297164661924,0,0.0,0.0,0.0
AST-009737,0.053979790526521874,0,0.0,0.0,0.0
AST-009738,0.32002394427442504,0,0.0,0.0,0.0
AST-009739,0.002767202338453923,0,0.0,0.0,0.0
AST-009740,0.011360178351087153,0,0.0,0.0,0.0
AST-009741,0.0207984548593056,0,0.0,0.0,0.0
AST-009742,0.016896841219910707,0,0.0,0.0,0.0
AST-009743,0.8462808042940934,0,0.0,0.0,0.0
AST-009744,0.0030288842647462934,0,0.0,0.0,0.0
AST-009745,0.007199282180039613,0,0.0,0.0,0.0
AST-009746,0.038656080121942785,0,0.0,0.0,0.0
AST-009747,0.015520572292090773,0,0.0,0.0,0.0
AST-009748,0.9888355063967906,1,1211476.7253064255,254850.81503336295,223.51041191318754
AST-009749,0.18049376908742543,0,0.0,0.0,0.0
AST-009750,0.04837959145514329,0,0.0,0.0,0.0
AST-009751,0.08476885903301401,0,0.0,0.0,0.0
AST-009752,0.020544818121419704,0,0.0,0.0,0.0
AST-009753,0.9579430739494849,1,230880.75537337386,32404.617775260227,28.908634786403816
AST-009754,0.00725042603797248,0,0.0,0.0,0.0
AST-009755,0.3480392499470921,1,537148.7517519052,147247.70608572516,3.9307248166635396
AST-009756,0.07654420816183305,0,0.0,0.0,0.0
AST-009757,0.2994200137908437,0,0.0,0.0,0.0
AST-009758,0.02290933382611253,0,0.0,0.0,0.0
AST-009759,0.014403220569488378,0,0.0,0.0,0.0
AST-009760,0.046388038646239124,0,0.0,0.0,0.0
AST-009761,0.0103539572939067,0,0.0,0.0,0.0
AST-009762,0.4539052272038683,0,0.0,0.0,0.0
AST-009763,0.011130788634676848,0,0.0,0.0,0.0
AST-009764,0.028613795009274946,0,0.0,0.0,0.0
AST-009765,0.04509432412156191,0,0.0,0.0,0.0
AST-009766,0.20540106740161584,0,0.0,0.0,0.0
AST-009767,0.009415645071733269,0,0.0,0.0,0.0
AST-009768,0.005593738656833357,0,0.0,0.0,0.0
AST-009769,0.06082595734026643,0,0.0,0.0,0.0
AST-009770,0.14495426523246271,0,0.0,0.0,0.0
AST-009771,0.011968121702337428,1,349407.74211031664,91464.53990122741,62.40736005821632
AST-009772,0.007378021256544311,0,0.0,0.0,0.0
AST-009773,0.05185141669008104,0,0.0,0.0,0.0
AST-009774,0.2202941217520856,1,199058.99619853156,69010.89172565249,33.42892020703074
AST-009775,0.06221029571359977,0,0.0,0.0,0.0
AST-009776,0.00512724204183426,0,0.0,0.0,0.0
AST-009777,0.02538064411310325,0,0.0,0.0,0.0
AST-009778,0.01250360605702385,1,309974.3923084746,38505.01354662902,2.914978320920225
AST-009779,0.11972935040418894,0,0.0,0.0,0.0
AST-009780,0.4220596833701629,0,0.0,0.0,0.0
AST-009781,0.00570823364041266,0,0.0,0.0,0.0
AST-009782,0.04720343048815827,0,0.0,0.0,0.0
AST-009783,0.009530868623046996,0,0.0,0.0,0.0
AST-009784,0.004521561801817885,0,0.0,0.0,0.0
AST-009785,0.002371139321371279,0,0.0,0.0,0.0
AST-009786,0.06944924615930449,0,0.0,0.0,0.0
AST-009787,0.01780979671799042,0,0.0,0.0,0.0
AST-009788,0.02635422307796519,0,0.0,0.0,0.0
AST-009789,0.03525798437608189,0,0.0,0.0,0.0
AST-009790,0.005875851135466921,0,0.0,0.0,0.0
AST-009791,0.052936426050713234,0,0.0,0.0,0.0
AST-009792,0.00932420394352234,0,0.0,0.0,0.0
AST-009793,0.1590059010902147,0,0.0,0.0,0.0
AST-009794,0.0369058670925235,0,0.0,0.0,0.0
AST-009795,0.027355285889171042,0,0.0,0.0,0.0
AST-009796,0.0030071712422625936,0,0.0,0.0,0.0
AST-009797,0.005540043886709539,0,0.0,0.0,0.0
AST-009798,0.0035842058839236253,0,0.0,0.0,0.0
AST-009799,0.005347636359474138,0,0.0,0.0,0.0
AST-009800,0.3029936542444144,1,65454.837245246265,23983.521776687987,14.3274759538618
AST-009801,0.008775059669917415,0,0.0,0.0,0.0
AST-009802,0.32072000592816396,0,0.0,0.0,0.0
AST-009803,0.435879281331309,0,0.0,0.0,0.0
AST-009804,0.012896780045249903,0,0.0,0.0,0.0
AST-009805,0.006188977643376382,0,0.0,0.0,0.0
AST-009806,0.003534032089791457,0,0.0,0.0,0.0
AST-009807,0.02849961202827089,0,0.0,0.0,0.0
AST-009808,0.8204080583193787,1,196298.55049318715,49873.8651037537,79.96874423031655
AST-009809,0.30768472687069276,0,0.0,0.0,0.0
AST-009810,0.019947328761270793,0,0.0,0.0,0.0
AST-009811,0.008058453847688768,0,0.0,0.0,0.0
AST-009812,0.0020913728138911786,0,0.0,0.0,0.0
AST-009813,0.0947714754098969,0,0.0,0.0,0.0
AST-009814,0.015607914616125143,0,0.0,0.0,0.0
AST-009815,0.01760033825416913,0,0.0,0.0,0.0
AST-009816,0.013387913427680188,0,0.0,0.0,0.0
AST-009817,0.15517386519921564,0,0.0,0.0,0.0
AST-009818,0.1402176281054253,0,0.0,0.0,0.0
AST-009819,0.03144752452407265,0,0.0,0.0,0.0
AST-009820,0.045552109311918165,0,0.0,0.0,0.0
AST-009821,0.0269028780257154,0,0.0,0.0,0.0
AST-009822,0.13765442882707113,0,0.0,0.0,0.0
AST-009823,0.1098305532137651,0,0.0,0.0,0.0
AST-009824,0.09363428615490448,0,0.0,0.0,0.0
AST-009825,0.015176488842611729,0,0.0,0.0,0.0
AST-009826,0.048805170833522656,0,0.0,0.0,0.0
AST-009827,0.012568195816403975,0,0.0,0.0,0.0
AST-009828,0.02084887347853534,0,0.0,0.0,0.0
AST-009829,0.14915503051602375,0,0.0,0.0,0.0
AST-009830,0.04934448596233584,0,0.0,0.0,0.0
AST-009831,0.023066126479989436,0,0.0,0.0,0.0
AST-009832,0.0750287962121674,0,0.0,0.0,0.0
AST-009833,0.017799098502048107,0,0.0,0.0,0.0
AST-009834,0.271619538533616,0,0.0,0.0,0.0
AST-009835,0.011093483267268087,0,0.0,0.0,0.0
AST-009836,0.08550646554455528,0,0.0,0.0,0.0
AST-009837,0.20704574847113544,0,0.0,0.0,0.0
AST-009838,0.006581311764715694,0,0.0,0.0,0.0
AST-009839,0.07584498219523146,0,0.0,0.0,0.0
AST-009840,0.026140496774307225,0,0.0,0.0,0.0
AST-009841,0.1896299454012285,0,0.0,0.0,0.0
AST-009842,0.07502821391412773,0,0.0,0.0,0.0
AST-009843,0.005782768506708998,0,0.0,0.0,0.0
AST-009844,0.010071743140457346,0,0.0,0.0,0.0
AST-009845,0.1394287045916738,0,0.0,0.0,0.0
AST-009846,0.020111889761212812,0,0.0,0.0,0.0
AST-009847,0.3946644553888453,1,140753.3495706163,17087.377091183305,12.89583763567257
AST-009848,0.6944917599770605,0,0.0,0.0,0.0
AST-009849,0.006382441720498984,0,0.0,0.0,0.0
AST-009850,0.14948217671187278,0,0.0,0.0,0.0
AST-009851,0.13922456509442954,0,0.0,0.0,0.0
AST-009852,0.10640359519275662,0,0.0,0.0,0.0
AST-009853,0.009494555322617157,0,0.0,0.0,0.0
AST-009854,0.35377009831124095,0,0.0,0.0,0.0
AST-009855,0.0027253613072075835,0,0.0,0.0,0.0
AST-009856,0.13613802736310482,0,0.0,0.0,0.0
AST-009857,0.008649022327075833,0,0.0,0.0,0.0
AST-009858,0.013896681452859038,0,0.0,0.0,0.0
AST-009859,0.012229386788216409,0,0.0,0.0,0.0
AST-009860,0.19389900755213876,0,0.0,0.0,0.0
AST-009861,0.013345841989891801,0,0.0,0.0,0.0
AST-009862,0.00382296444517054,0,0.0,0.0,0.0
AST-009863,0.026973043286238202,0,0.0,0.0,0.0
AST-009864,0.0476720674291332,0,0.0,0.0,0.0
AST-009865,0.020955652243186258,0,0.0,0.0,0.0
AST-009866,0.022762687356007377,0,0.0,0.0,0.0
AST-009867,0.017762892942457073,0,0.0,0.0,0.0
AST-009868,0.0663058008523636,0,0.0,0.0,0.0
AST-009869,0.3069600449383739,1,18052.517704949645,3443.2066494798655,28.43375773752216
AST-009870,0.003293265503113406,0,0.0,0.0,0.0
AST-009871,0.04689506925541578,0,0.0,0.0,0.0
AST-009872,0.0027514172180207724,0,0.0,0.0,0.0
AST-009873,0.02557583687423696,0,0.0,0.0,0.0
AST-009874,0.01605811379044651,0,0.0,0.0,0.0
AST-009875,0.009947256504051954,0,0.0,0.0,0.0
AST-009876,0.07805637483844163,1,7770095.113743257,1751366.8792957712,52.72625209699752
AST-009877,0.00293328555540682,0,0.0,0.0,0.0
AST-009878,0.048188519100752655,0,0.0,0.0,0.0
AST-009879,0.7839353079349279,1,151975.4845949992,17828.933623992678,16.277065382799798
AST-009880,0.2412522903026818,1,30462.76717230086,5359.800354795822,20.494912854523626
AST-009881,0.021228873903071092,0,0.0,0.0,0.0
AST-009882,0.011504463968091665,0,0.0,0.0,0.0
AST-009883,0.011598025255144964,0,0.0,0.0,0.0
AST-009884,0.052426012235860145,0,0.0,0.0,0.0
AST-009885,0.011369547420773845,0,0.0,0.0,0.0
AST-009886,0.01474634286700722,0,0.0,0.0,0.0
AST-009887,0.009746852469251683,0,0.0,0.0,0.0
AST-009888,0.004581061122032191,0,0.0,0.0,0.0
AST-009889,0.010336455484703567,0,0.0,0.0,0.0
AST-009890,0.01097161467084175,0,0.0,0.0,0.0
AST-009891,0.007960276377616936,0,0.0,0.0,0.0
AST-009892,0.04835221002145757,0,0.0,0.0,0.0
AST-009893,0.009744738667012344,0,0.0,0.0,0.0
AST-009894,0.16239496913187298,0,0.0,0.0,0.0
AST-009895,0.011887809372604514,0,0.0,0.0,0.0
AST-009896,0.009005645036165149,0,0.0,0.0,0.0
AST-009897,0.030550763041591322,0,0.0,0.0,0.0
AST-009898,0.09181324491288383,0,0.0,0.0,0.0
AST-009899,0.06945202104466548,0,0.0,0.0,0.0
AST-009900,0.04505786425098478,0,0.0,0.0,0.0
AST-009901,0.023282102251644506,0,0.0,0.0,0.0
AST-009902,0.12452072552265137,0,0.0,0.0,0.0
AST-009903,0.28075832847935345,1,474640.0396195899,92223.52386670001,50.33755376761128
AST-009904,0.016879126505103058,0,0.0,0.0,0.0
AST-009905,0.02707632416833094,0,0.0,0.0,0.0
AST-009906,0.4998380453913633,0,0.0,0.0,0.0
AST-009907,0.016505392535650584,0,0.0,0.0,0.0
AST-009908,0.0040704986784127,0,0.0,0.0,0.0
AST-009909,0.052707910766327595,0,0.0,0.0,0.0
AST-009910,0.1132421121761269,0,0.0,0.0,0.0
AST-009911,0.04087834803072021,0,0.0,0.0,0.0
AST-009912,0.00605759633204435,0,0.0,0.0,0.0
AST-009913,0.025848134174757696,0,0.0,0.0,0.0
AST-009914,0.005059472532219095,0,0.0,0.0,0.0
AST-009915,0.006032140359126338,0,0.0,0.0,0.0
AST-009916,0.019027354312395484,0,0.0,0.0,0.0
AST-009917,0.001798485570426738,0,0.0,0.0,0.0
AST-009918,0.25326325015156836,0,0.0,0.0,0.0
AST-009919,0.06960324648504586,0,0.0,0.0,0.0
AST-009920,0.01611063260816139,0,0.0,0.0,0.0
AST-009921,0.07000030049105233,0,0.0,0.0,0.0
AST-009922,0.3040544375661475,0,0.0,0.0,0.0
AST-009923,0.13322769682095026,0,0.0,0.0,0.0
AST-009924,0.008371782680830955,0,0.0,0.0,0.0
AST-009925,0.07393517991900282,0,0.0,0.0,0.0
AST-009926,0.0037253703796663504,0,0.0,0.0,0.0
AST-009927,0.0029698567055279255,0,0.0,0.0,0.0
AST-009928,0.03567552752255234,0,0.0,0.0,0.0
AST-009929,0.3900864003660036,1,525689.9283543109,77174.98882358479,413.94929983910254
AST-009930,0.015411169469288727,0,0.0,0.0,0.0
AST-009931,0.0020032135634633964,0,0.0,0.0,0.0
AST-009932,0.1857466556979031,0,0.0,0.0,0.0
AST-009933,0.18186329711122273,0,0.0,0.0,0.0
AST-009934,0.4591892409171086,1,5000.0,1125.3361047742353,38.822820587205115
AST-009935,0.010203009087600256,0,0.0,0.0,0.0
AST-009936,0.13768846400788748,0,0.0,0.0,0.0
AST-009937,0.24415762139049205,0,0.0,0.0,0.0
AST-009938,0.006318019060304662,0,0.0,0.0,0.0
AST-009939,0.008424762264905992,0,0.0,0.0,0.0
AST-009940,0.13542174735391732,1,160088.8908734779,29203.943697831626,10.645104306749818
AST-009941,0.023709127976577267,0,0.0,0.0,0.0
AST-009942,0.11811658142639057,1,25117.059976736095,4476.941147732567,0.7664904754060673
AST-009943,0.008098695217575688,0,0.0,0.0,0.0
AST-009944,0.02311205500561906,0,0.0,0.0,0.0
AST-009945,0.07852564085252012,0,0.0,0.0,0.0
AST-009946,0.020752834665239417,0,0.0,0.0,0.0
AST-009947,0.008262184897033991,0,0.0,0.0,0.0
AST-009948,0.15554404977215644,0,0.0,0.0,0.0
AST-009949,0.04287425687648409,0,0.0,0.0,0.0
AST-009950,0.3537459092138715,1,17810.409728659968,6905.8533692088795,39.78965064776125
AST-009951,0.036358230847777805,0,0.0,0.0,0.0
AST-009952,0.012685944373907566,0,0.0,0.0,0.0
AST-009953,0.036117059014033656,0,0.0,0.0,0.0
AST-009954,0.30857952733026023,0,0.0,0.0,0.0
AST-009955,0.030680804003681124,0,0.0,0.0,0.0
AST-009956,0.005375064324772084,0,0.0,0.0,0.0
AST-009957,0.00896594333783007,0,0.0,0.0,0.0
AST-009958,0.00624576361414609,0,0.0,0.0,0.0
AST-009959,0.02490110964590567,0,0.0,0.0,0.0
AST-009960,0.02123527265027308,0,0.0,0.0,0.0
AST-009961,0.3194613996422922,1,955247.0868890717,114868.17971720578,16.515053431803747
AST-009962,0.15819089085828994,0,0.0,0.0,0.0
AST-009963,0.022379043935338464,0,0.0,0.0,0.0
AST-009964,0.0570757715910612,0,0.0,0.0,0.0
AST-009965,0.2422180765901583,1,53476.392280661625,17687.25942108666,40.24793009418396
AST-009966,0.03938066233625447,0,0.0,0.0,0.0
AST-009967,0.02108782295964313,0,0.0,0.0,0.0
AST-009968,0.5545387461238847,1,308904.01644565264,51584.842457096296,48.62416201333428
AST-009969,0.05081374012523623,0,0.0,0.0,0.0
AST-009970,0.22933515802000906,0,0.0,0.0,0.0
AST-009971,0.05449260780345634,1,84252.52949291548,20562.646951634662,17.538043791947484
AST-009972,0.00930221385310965,0,0.0,0.0,0.0
AST-009973,0.0043679240215114545,0,0.0,0.0,0.0
AST-009974,0.06609743052433664,0,0.0,0.0,0.0
AST-009975,0.002278648298937371,0,0.0,0.0,0.0
AST-009976,0.010219039597084539,0,0.0,0.0,0.0
AST-009977,0.00863462961312885,0,0.0,0.0,0.0
AST-009978,0.043592044999777035,0,0.0,0.0,0.0
AST-009979,0.008312794549786008,0,0.0,0.0,0.0
AST-009980,0.013945258352544898,0,0.0,0.0,0.0
AST-009981,0.04459644608328428,0,0.0,0.0,0.0
AST-009982,0.013030497748427277,0,0.0,0.0,0.0
AST-009983,0.2858589949809926,0,0.0,0.0,0.0
AST-009984,0.004261991105990666,0,0.0,0.0,0.0
AST-009985,0.05207794376038406,0,0.0,0.0,0.0
AST-009986,0.0021042446440389852,0,0.0,0.0,0.0
AST-009987,0.25690430236661954,0,0.0,0.0,0.0
AST-009988,0.02122646920747604,0,0.0,0.0,0.0
AST-009989,0.004840467085435324,0,0.0,0.0,0.0
AST-009990,0.08277533233898414,0,0.0,0.0,0.0
AST-009991,0.11558477813800373,0,0.0,0.0,0.0
AST-009992,0.004410825857380885,0,0.0,0.0,0.0
AST-009993,0.0028942171536144277,0,0.0,0.0,0.0
AST-009994,0.009637010661685428,0,0.0,0.0,0.0
AST-009995,0.010217824947313667,0,0.0,0.0,0.0
AST-009996,0.04310790015185308,0,0.0,0.0,0.0
AST-009997,0.13183210071076926,0,0.0,0.0,0.0
AST-009998,0.6575078496781619,0,0.0,0.0,0.0
AST-009999,0.029224515385320473,0,0.0,0.0,0.0
AST-010000,0.6491631504828076,0,0.0,0.0,0.0
