asset_id,vulnerability_count,critical_vulnerability_count,avg_cvss,avg_epss,patch_delay,failed_logins,anomaly_count
AST-000001,5,0,6.111314152301166,0.3414197624770249,37.54592454822697,14,5
AST-000002,1,0,6.444064494679054,0.041362583657846216,83.36212787665379,3,0
AST-000003,2,2,9.312730316745865,0.1523963315720206,53.95514702862255,2,1
AST-000004,6,0,6.0331923428401515,0.14286958755105686,54.00491757058853,10,2
AST-000005,3,0,4.854825752941933,0.2168492106443514,9.002948675273444,0,2
AST-000006,2,0,4.789792107717574,0.11464988945482563,130.72849123143752,2,0
AST-000007,1,0,5.080611266427909,0.013862260008651393,37.81027114591978,2,0
AST-000008,0,0,0.0,0.0,99.92676146299907,3,1
AST-000009,3,0,5.446803336357524,0.18935225657344382,49.429494928008,3,0
AST-000010,5,2,8.591580462401271,0.13067068757456257,13.350075869517543,13,4
AST-000011,4,0,4.961024074685748,0.2185602257528755,45.81890621103595,16,3
AST-000012,3,0,6.820901722757826,0.0880735733193895,19.595002651246617,3,0
AST-000013,1,0,6.425237461844933,0.08362537585467922,47.15987432928275,3,1
AST-000014,3,1,9.939810249539363,0.05195860320733269,21.84278934353966,9,4
AST-000015,0,0,0.0,0.0,157.12134567272093,2,0
AST-000016,5,1,8.654796408756713,0.08135182507690933,38.723753788744716,0,3
AST-000017,8,4,8.969103408131993,0.18660099507285097,45.1791773946188,14,2
AST-000018,3,1,8.830467642825283,0.05665144340597891,101.77335502063748,17,1
AST-000019,4,0,3.649438147175984,0.03338329317087106,130.47724470640284,11,4
AST-000020,2,1,8.753781568012963,0.03188825015628176,6.16574169754792,0,0
AST-000021,4,2,7.929656318830912,0.21137131673911466,25.66950684459062,1,0
AST-000022,1,0,5.605760292264765,0.07462559662041314,24.852338831047412,13,2
AST-000023,2,1,8.281865044715925,0.1829459462807804,0.7377270563427228,3,0
AST-000024,5,0,3.522175745906808,0.3645391989548596,6.105687771276122,17,2
AST-000025,0,0,0.0,0.0,36.16338980591587,1,0
AST-000026,3,1,7.627693053473907,0.40550158136225034,46.8515746080092,13,1
AST-000027,2,0,6.440340030213469,0.07417884872214896,24.16890556853513,3,0
AST-000028,1,0,4.225519043908756,0.10413521995794806,201.55353337963305,2,0
AST-000029,1,0,3.747006674146154,0.037303329098928154,16.46907205251503,1,1
AST-000030,4,1,8.48768757302014,0.12933838765916847,69.5133199508455,1,0
AST-000031,1,0,5.64047698201604,0.042049311710929536,22.709733805070723,3,1
AST-000032,1,0,2.361367201775369,0.06863888412927524,46.71773420841296,3,0
AST-000033,4,1,9.642301030888259,0.09146712022937767,115.53144777326652,17,1
AST-000034,1,0,3.9700704416396753,0.20083654294767223,31.74588193276667,1,1
AST-000035,3,1,9.984112416749584,0.03622140038730284,76.89059688485699,1,0
AST-000036,4,0,3.8347659209508205,0.01567591411737721,54.98760239903518,3,0
AST-000037,8,2,7.558343230953572,0.3666508555827973,27.596915695416314,12,7
AST-000038,1,0,4.580497826285565,0.04203319240884147,22.023305800317278,0,1
AST-000039,3,0,6.736940480759093,0.1104061599543226,3.2843767682985785,1,0
AST-000040,4,1,10.0,0.11091504571794757,2.8870791891674292,13,7
AST-000041,4,1,7.715820129245691,0.19590559648372388,51.83194359739108,5,1
AST-000042,2,0,3.663053516514177,0.029681168024408858,64.867348045848,3,1
AST-000043,2,0,6.817083062348182,0.10126411889380114,30.44183266275025,2,1
AST-000044,4,2,6.61421108844079,0.08557524491266322,34.68032791885485,10,3
AST-000045,2,1,7.625732411852292,0.000812301895997261,23.36387424922445,1,0
AST-000046,3,2,8.83127360822759,0.1491429199634401,81.31732735015564,11,6
AST-000047,8,3,8.129155484665873,0.2513513245447175,16.17303438913079,24,4
AST-000048,2,1,7.514798362457862,0.11125182649433235,6.5289361969346125,4,0
AST-000049,4,0,3.2308719076651253,0.44011612718379245,39.00972853409803,6,0
AST-000050,3,0,4.114994944273526,0.05959803909162675,31.841617534957923,4,1
AST-000051,2,0,5.317934385458384,0.0024666854019385004,115.25300058677047,2,1
AST-000052,1,0,5.100509672872498,0.21972826624995376,73.7247584458233,1,0
AST-000053,7,2,7.330125896500327,0.2570125622399908,17.691168711560465,14,3
AST-000054,3,2,8.87720721322511,0.021061226737201746,18.120237945652967,2,2
AST-000055,4,2,9.016335481432332,0.060503494967847175,31.633931235627823,2,1
AST-000056,2,1,6.5316164139260735,0.0167545459888502,19.481911772418766,3,2
AST-000057,3,1,8.109244339355936,0.13174594028625816,134.8093074224773,0,1
AST-000058,2,1,6.5744652554308916,0.06887570393561994,73.47918021663806,0,1
AST-000059,1,0,6.690760205165983,0.23540297816927572,47.07690115891316,1,1
AST-000060,4,1,9.1449749110119,0.15583956860671727,1.52906045289538,4,0
AST-000061,0,0,0.0,0.0,13.200613014593534,2,1
AST-000062,3,1,6.92417565318621,0.07819147059162188,11.490552837194299,3,1
AST-000063,2,1,7.65497364639467,0.021315945961228374,1.5512239065988063,3,1
AST-000064,5,1,8.307308721163013,0.06321178401090823,13.332448541222732,12,5
AST-000065,9,1,9.854419861099442,0.34058832836410574,129.68265447650234,14,9
AST-000066,4,0,5.494518042242561,0.044339566893777216,12.031573897154587,0,0
AST-000067,2,0,5.26014061028637,0.10725375185775755,100.34089677587406,3,1
AST-000068,4,0,5.0344815167942025,0.402641513109967,24.295750567979507,24,3
AST-000069,6,1,9.020114828392497,0.10149189313230915,18.114494404795224,17,4
AST-000070,2,0,6.47860882222502,0.10196197828875651,49.00959230079973,3,1
AST-000071,1,0,3.1249421122543506,0.18298115841885226,104.66018287839958,3,1
AST-000072,1,0,5.4197733909730665,0.010013445559491442,50.20139977240264,1,0
AST-000073,2,1,8.699987968151188,0.02523787149913736,82.55972159448993,2,1
AST-000074,3,0,5.240913819895206,0.020396355015741795,1.3278072001591392,2,0
AST-000075,2,1,9.198221273092845,0.3177221496718338,70.91279187986673,19,4
AST-000076,2,1,9.209277639162444,0.007342595422398617,8.200169782212425,3,0
AST-000077,1,0,5.258897014489448,0.00848255294137696,88.24362050537027,2,0
AST-000078,7,0,4.787298138493231,0.14995529104476626,27.347047857769944,11,4
AST-000079,5,1,8.861086336807109,0.24159316463108146,10.19253677958391,17,4
AST-000080,2,1,8.198612595847795,0.3023494042019518,1.5694919854523977,22,3
AST-000081,2,0,5.324043828492583,0.15367319685923989,7.531271874236717,14,3
AST-000082,0,0,0.0,0.0,26.152136021657693,3,1
AST-000083,5,2,7.485271514815271,0.13692153648194064,69.90225451213446,12,3
AST-000084,7,2,9.38590109077781,0.05760525288789796,27.44229565751866,16,4
AST-000085,3,1,9.192274369662869,0.07114638008189468,23.16994680064696,6,0
AST-000086,1,0,3.2176545052139636,0.01622935335374526,90.95963154246257,2,0
AST-000087,0,0,0.0,0.0,21.421613294802672,1,1
AST-000088,3,0,5.840567251140229,0.03556625089041341,72.60433568719661,25,1
AST-000089,2,0,3.55315008266619,0.18227249594664885,71.67252657461536,1,0
AST-000090,4,1,7.838315236690597,0.14730524614982696,32.55733787804086,2,1
AST-000091,0,0,0.0,0.0,23.12458313341424,1,2
AST-000092,0,0,0.0,0.0,16.947750939314055,0,0
AST-000093,2,0,5.665220159240907,0.09065942842537862,37.40985341135478,2,1
AST-000094,3,0,6.149124205104107,0.032132523983821625,56.73736250247847,1,0
AST-000095,3,0,4.512578777538684,0.11309555182152048,21.908503145264465,13,3
AST-000096,6,0,5.806393039730903,0.09026334233867421,141.19267293136596,2,0
AST-000097,1,0,5.562767563001395,0.0949765756226891,44.917598058059944,2,0
AST-000098,0,0,0.0,0.0,1.2645217871725118,2,1
AST-000099,3,0,5.398060507964238,0.09646201290874887,91.21218018380556,0,0
AST-000100,1,1,8.256271134110603,0.09396735283833363,48.639810716794784,5,1
AST-000101,5,0,4.856003335861958,0.0674459669165054,22.65379858957925,1,0
AST-000102,3,2,9.028476213208949,0.04374515270853596,88.0521959916735,3,0
AST-000103,1,0,3.7766173756893124,0.06348720594987665,37.51989980152153,1,1
AST-000104,1,0,4.049917513948537,0.03364937467140678,2.693878778223228,1,1
AST-000105,2,1,8.97371218940939,0.07847619893005371,10.666037833912215,3,0
AST-000106,1,0,5.8837166500958595,0.0021420084217305246,16.047421136443003,0,0
AST-000107,0,0,0.0,0.0,8.942408022386193,3,2
AST-000108,1,1,8.128828278462285,0.03568499501702032,106.90070020511732,5,0
AST-000109,3,1,8.454035069971269,0.26560329950486955,6.897768765695374,22,2
AST-000110,3,1,7.111775247331019,0.19445596000296017,7.962680274017573,10,1
AST-000111,0,0,0.0,0.0,63.28949778701317,1,0
AST-000112,1,1,7.684823112244919,0.014001790309350419,27.50564662722696,3,0
AST-000113,1,0,3.7868967030473426,0.00521699151321467,4.491668140841575,4,0
AST-000114,3,0,6.40754902142082,0.037453005164322824,32.499491830788756,2,1
AST-000115,3,3,8.609553915706284,0.07158367108275938,262.093636796207,16,2
AST-000116,2,0,4.054196790566545,0.2080600301202072,12.147102082314678,14,6
AST-000117,6,0,4.241885622206286,0.3212260430181105,15.8726946528627,19,3
AST-000118,2,0,5.132462516617355,0.21582502863618588,1.8261638691060824,16,6
AST-000119,8,1,7.219570594767866,0.10080672984845285,29.36968371442115,16,1
AST-000120,3,0,6.2793667565053966,0.004503231273049877,66.52461816304614,2,2
AST-000121,1,0,2.790735008667193,0.014516348048338235,86.34851627558628,2,0
AST-000122,2,1,8.223350659952759,0.026835338298034715,0.8482234998162725,19,1
AST-000123,3,0,4.979728898687061,0.005578113924525324,3.2668718190233785,0,0
AST-000124,2,1,8.16901450795795,0.04488014072600226,46.54933995966038,0,1
AST-000125,3,1,9.250510517525353,0.021349840431989158,39.1143621701091,2,1
AST-000126,5,0,5.348399649848881,0.17316802576166446,11.916619222458726,11,2
AST-000127,1,0,4.616146314973351,0.017938043115953196,24.018995070831302,0,0
AST-000128,2,0,4.296042529990643,0.011085624742551327,15.273238873276528,1,0
AST-000129,6,1,7.852584970134111,0.11079848765177962,4.958710919730455,11,6
AST-000130,8,0,5.5410268865593695,0.19516344355745296,18.56077037683131,17,4
AST-000131,1,0,4.284444025824028,0.3282267805774732,79.63727940004661,13,2
AST-000132,2,1,10.0,0.13114595895815168,16.891155233301724,0,2
AST-000133,1,0,5.421001140341967,0.11821866871045954,78.74629932182759,6,0
AST-000134,5,1,8.592914998158859,0.1431111341745893,89.21427192519076,16,5
AST-000135,2,1,8.399129421400874,0.031676848902033254,3.5367673465384475,2,1
AST-000136,3,0,3.9548189151530835,0.03023455356104531,0.947894056680088,0,0
AST-000137,2,2,9.27601672520863,0.010476039697923935,19.12798957215285,1,0
AST-000138,3,0,3.815718213615333,0.10626387774648292,73.58465698650106,1,0
AST-000139,3,1,10.0,0.010129002740515047,4.578503662403809,0,1
AST-000140,1,0,5.9789297206068195,0.023698032955510928,4.674514641920927,3,0
AST-000141,1,0,5.6604772003739905,0.08669954302995928,58.12316495849498,0,0
AST-000142,5,0,5.790901257304736,0.25532084883788836,26.74288439666887,19,3
AST-000143,2,0,5.319146770042097,0.0033480146550403894,24.322703464197346,1,0
AST-000144,2,0,5.13350345764621,0.06416979536245791,22.436705538438318,3,0
AST-000145,1,0,4.684538995060139,0.04054097257617258,11.106960314735165,3,1
AST-000146,3,1,8.29551987575531,0.05015746432707397,12.156129890790394,4,2
AST-000147,5,1,7.911845440530954,0.12345380152268516,1.101987117240757,18,0
AST-000148,3,0,5.177402490535505,0.032712329273749965,34.42477946696263,1,2
AST-000149,6,2,10.0,0.06497464510062295,69.85837674610293,6,1
AST-000150,1,0,5.493292610795304,0.03787939081374641,62.71443712745061,2,0
AST-000151,2,0,3.824334858503771,0.04447414392372443,6.31819746304474,4,0
AST-000152,3,0,6.259865830542221,0.068649426399952,69.5451328683661,1,1
AST-000153,1,0,3.845248833744014,0.0354299208779978,176.22684488718346,1,0
AST-000154,4,1,9.746670768911782,0.07250662497290647,27.277212721143236,0,4
AST-000155,0,0,0.0,0.0,33.950421900517995,1,1
AST-000156,2,0,5.246729528601191,0.16125717655678376,8.429493377952747,1,0
AST-000157,9,3,9.637670678001259,0.12583018426857118,33.05953645357165,14,2
AST-000158,5,1,9.980575077565275,0.24918806091498785,38.88510231505937,14,6
AST-000159,2,0,4.7035634913243864,0.08700874103079943,72.14425153695748,1,1
AST-000160,2,0,3.1878554149585137,0.06335867821188536,30.99286604000694,1,0
AST-000161,2,1,9.254223301672885,0.1044016521899927,10.611384489539637,3,0
AST-000162,3,1,7.503939199747848,0.2890347863575866,84.29819786781405,9,3
AST-000163,1,0,4.213730140759131,0.05322784507858259,31.75935813145814,2,0
AST-000164,3,1,8.802510064804677,0.13999379147756005,47.87955374453063,2,0
AST-000165,2,2,8.06537604091205,0.06817265621366103,116.7495188016747,2,0
AST-000166,1,1,7.806091090052801,0.010865537975278984,97.23872663617117,3,0
AST-000167,4,1,8.111572884198113,0.06962855602571451,7.402415536055804,2,1
AST-000168,2,0,6.188588807561101,0.07547820993581783,16.79712186911827,1,0
AST-000169,6,1,8.00092260404235,0.30857500310016944,70.14692572534646,12,0
AST-000170,4,1,8.526951907562928,0.10541545646287867,9.122040963624704,16,7
AST-000171,2,1,9.71554560690834,0.024822281057835606,55.33760618158556,2,0
AST-000172,4,2,8.262620341224935,0.12018378339495522,52.388179278447,0,1
AST-000173,2,0,4.014413292738317,0.06215100033030198,70.80611467831058,1,0
AST-000174,4,0,4.718444035691621,0.05811683536563546,61.08501605635752,20,3
AST-000175,3,1,6.481105862266733,0.12737211278278604,5.276239311188001,14,3
AST-000176,0,0,0.0,0.0,17.83084507626212,1,1
AST-000177,3,1,8.131826778557372,0.14124042027559508,27.85649766482224,4,1
AST-000178,2,0,3.884496865752705,0.09820184266871536,4.1890776999721,1,0
AST-000179,0,0,0.0,0.0,6.328466009260272,2,0
AST-000180,1,0,3.97525584617774,0.002499124838108239,1.3552119205557385,1,0
AST-000181,2,0,6.029395288871178,0.3618263209431635,8.513602782977408,12,3
AST-000182,3,1,9.149496356666397,0.2773268514237156,8.326804732164122,1,2
AST-000183,2,0,4.587196125564102,0.21875531915635854,2.2201150586512854,0,0
AST-000184,4,2,9.007846011340193,0.2069661190577899,1.1539927818845446,14,2
AST-000185,0,0,0.0,0.0,25.66060869626665,4,0
AST-000186,5,1,8.075438458464305,0.14918898543010703,20.322383371398093,13,2
AST-000187,4,1,8.178562605230793,0.27276005500900163,9.964502496975093,1,0
AST-000188,5,1,9.263397110349446,0.07787773702336005,38.51587570925357,20,5
AST-000189,2,1,8.787818647378806,0.019697525134504238,11.181898541658088,0,0
AST-000190,2,0,5.278509945384462,0.13281460349167484,1.7031661617566227,1,1
AST-000191,1,0,3.280830172953867,0.021095360358444417,19.172791052699196,4,0
AST-000192,1,0,5.380514514599926,0.0036155265214909,88.76926689260512,0,1
AST-000193,0,0,0.0,0.0,121.44548575674234,3,0
AST-000194,6,3,7.4179618829493545,0.21173436293118741,12.91888039782746,20,3
AST-000195,4,1,8.440229573316355,0.20613532558849795,113.72187767872906,20,4
AST-000196,1,0,6.651900453454006,0.0682130036247658,50.93429301036271,2,1
AST-000197,1,1,8.992185640981699,0.05547484333637997,11.827655817697758,3,1
AST-000198,5,1,7.220904546594209,0.19482161307556947,38.84610728861557,17,1
AST-000199,8,2,10.0,0.283257092492189,122.09804278192615,9,3
AST-000200,2,0,3.995485637941105,0.21361597381287228,94.16005186788428,4,0
AST-000201,5,0,6.086904046497748,0.06059712693200562,10.809535304578294,15,3
AST-000202,4,0,6.412963364504122,0.054486125947305425,126.53207383404164,3,0
AST-000203,3,0,5.179223240353683,0.00491100532997546,42.51973153802113,6,0
AST-000204,5,0,3.725735432972162,0.1853515884774215,19.289834076356506,3,0
AST-000205,4,1,8.638701482298186,0.2441314781248589,22.67129262355296,12,0
AST-000206,2,1,8.421584268271552,0.08840005498434887,13.478744137025213,2,1
AST-000207,4,0,3.089442383519261,0.06883364905455408,74.41510104391848,3,1
AST-000208,2,0,4.670063006808339,0.04313404363266631,174.74186423605403,3,0
AST-000209,3,0,3.7074994765551788,0.014914681194416607,30.383923920115553,2,2
AST-000210,1,0,4.9722470647615005,0.11507421718131285,16.75145074940046,3,0
AST-000211,2,0,5.71200003455081,0.04889503888641527,11.106212480362153,2,1
AST-000212,3,0,4.810794384264282,0.10039365103844683,6.440437322328012,2,1
AST-000213,1,0,6.183563737647196,0.2104974377568367,51.648628729254526,2,0
AST-000214,4,1,8.98834188555948,0.1090835432226809,3.4446138350886315,8,3
AST-000215,2,0,4.087309552522541,0.09158733937609291,1.0679053597194053,4,0
AST-000216,4,0,4.3090284559101795,0.034455684927810835,28.023988599706882,15,1
AST-000217,2,0,6.260743190193827,0.09817145177164717,30.35890709137913,1,0
AST-000218,4,2,8.285065485869096,0.03301425482515081,19.32961741993055,1,0
AST-000219,2,0,7.751516378981085,0.121030371451066,194.320878516939,2,1
AST-000220,1,1,7.3622119226216896,0.24583938701693736,8.029519298276854,2,2
AST-000221,4,0,6.1392098116429725,0.029651397915287533,10.645792179900472,4,0
AST-000222,4,0,3.2558084981121818,0.22393717909962466,26.357080657704145,15,1
AST-000223,5,1,5.323737069009084,0.08910992122940278,195.37846737021587,13,3
AST-000224,2,0,5.475204843413534,0.18068575337057277,11.507114611025335,1,0
AST-000225,2,0,2.7891124935020493,0.000449896049330187,5.355545838796281,2,0
AST-000226,5,2,9.828538841587878,0.08921666838267692,63.35704820163391,18,2
AST-000227,0,0,0.0,0.0,10.01424345794956,3,0
AST-000228,1,0,4.26839484260796,0.018829086297562716,7.3375130816240866,2,0
AST-000229,4,2,7.99821868660886,0.17872192645472781,38.10553786574109,20,3
AST-000230,6,0,2.7855070130325643,0.030135496485055296,6.782379450206115,8,4
AST-000231,2,0,3.37920835384047,0.07752612233407688,122.52364675375351,5,2
AST-000232,1,1,7.333371696975281,0.03434227040367182,1.8567180808001018,1,2
AST-000233,3,1,7.271724719807431,0.12888473070108375,1.1184838624105027,1,0
AST-000234,2,0,5.181332356384954,0.4821326791510137,89.1287294142914,13,2
AST-000235,10,2,10.0,0.3246989325749768,38.85725626319493,10,3
AST-000236,2,0,4.607805284125544,0.08753205856724797,23.639310312906797,3,0
AST-000237,3,1,8.449004526031185,0.03547172741347554,21.810066893555295,19,0
AST-000238,6,0,5.252774552315913,0.48268956368250493,198.50636189416755,13,2
AST-000239,1,0,3.8693588803586376,0.15181579435173978,8.819843065819105,2,0
AST-000240,2,0,5.122988437535417,0.17998473150474645,6.889192620976877,18,3
AST-000241,4,0,4.334052654539566,0.24907191355641675,0.7929493154589621,2,1
AST-000242,1,0,6.673617379979456,0.266967404529558,3.8616440298657535,2,0
AST-000243,1,0,4.536155016504969,0.24036176643955406,10.074031443402934,1,0
AST-000244,6,3,8.833553780908687,0.2629484103092766,10.010522023359561,15,7
AST-000245,3,0,4.803632601873687,0.01461711733367468,75.61666939873547,2,2
AST-000246,0,0,0.0,0.0,1.8052732067088415,3,0
AST-000247,6,1,8.93130096012103,0.07047114775443344,81.83685456975552,12,4
AST-000248,3,0,4.557469989093544,0.10980871349346205,2.860231869780853,4,2
AST-000249,6,1,8.334599963460178,0.07107631191569048,35.97138466446298,24,2
AST-000250,2,0,4.662800651457112,0.09728142442163389,4.241817761724699,1,1
AST-000251,0,0,0.0,0.0,28.139879963289886,0,1
AST-000252,0,0,0.0,0.0,11.445382576595582,1,0
AST-000253,1,0,5.717118687462197,0.11068995031704212,4.060991781265161,20,3
AST-000254,3,1,7.792450677631781,0.1425497622535909,9.944613283535361,2,0
AST-000255,2,0,4.6894549092897755,0.16621168628658062,0.12452969892905658,0,1
AST-000256,6,0,6.069154843803577,0.2921146147848143,80.79130591948305,12,1
AST-000257,2,0,5.280012222828601,0.01848774275978703,43.81548717680957,0,0
AST-000258,6,1,10.0,0.0159094961928248,2.0756759371007463,16,4
AST-000259,1,0,4.468861156684802,0.07891773246772406,12.486943684006526,11,5
AST-000260,1,1,10.0,0.06962835905928262,46.66163585767941,2,0
AST-000261,4,0,4.95615895189711,0.049275659204929476,23.568192442596885,3,1
AST-000262,1,0,4.8836430106410775,0.06203680504058063,23.356743664960746,1,0
AST-000263,2,0,5.438503484691508,0.001914466827721637,2.885623823938566,5,0
AST-000264,3,1,8.28792702296428,0.09671947453935548,1.5632575752692353,11,4
AST-000265,6,1,9.390729541025758,0.09857059756399017,35.05565888941855,14,4
AST-000266,1,1,8.364068242050408,0.026587825761280888,65.87802953652539,3,0
AST-000267,2,0,4.40579446729271,0.14918829164498323,14.020662877896617,3,1
AST-000268,3,0,4.943444261847829,0.04040357833381293,18.220851655838047,4,1
AST-000269,1,0,2.7015513184036988,0.12620495553336772,87.02080588858348,3,1
AST-000270,1,0,4.362078099398738,0.14265289853064642,43.44277411961756,2,1
AST-000271,2,0,5.483904207907979,0.03789504175418609,4.380181763558127,2,0
AST-000272,4,2,9.795705056468742,0.2154313061999954,19.358251213988602,1,0
AST-000273,1,0,5.838158375815096,0.11283423869056307,25.539056386284923,1,0
AST-000274,1,1,8.687394551719743,0.19291351558413172,18.164153712847526,15,11
AST-000275,1,0,5.0247267283222845,0.29758875773427146,145.4614296365007,2,1
AST-000276,6,0,4.709161062922978,0.5083496798205366,34.28434000444354,14,1
AST-000277,1,1,8.433046416026706,0.00021065114094077916,7.049674925888289,3,1
AST-000278,6,2,9.106981817036994,0.07056492961555544,3.484788679954142,13,2
AST-000279,1,0,4.232733247957953,0.009807751854444538,42.242638701859065,2,0
AST-000280,3,0,4.950307472931873,0.18520620176579838,9.626234984880664,17,4
AST-000281,3,0,6.009547769095475,0.09012955058881497,13.633873674414957,20,2
AST-000282,0,0,0.0,0.0,3.436524393044075,2,0
AST-000283,3,0,5.362916722354688,0.06497911716901746,32.45408562183092,2,1
AST-000284,2,0,4.052340151217584,0.19282995407502138,9.014162812948452,17,1
AST-000285,7,1,9.522164962520659,0.07603050899631199,24.828707432486723,12,1
AST-000286,8,3,6.503420613979213,0.05376335366239411,157.74742862585103,16,4
AST-000287,5,1,7.8211794047221455,0.22582714226134523,55.601563341534494,11,0
AST-000288,3,1,8.797320314794423,0.005698663749678015,13.020652245038399,7,1
AST-000289,0,0,0.0,0.0,25.1823497877547,3,0
AST-000290,2,0,4.514930446830938,0.08706549541709281,13.080949457050606,4,0
AST-000291,7,1,8.968047651325545,0.2326220363946494,34.233988366927306,15,8
AST-000292,5,0,3.969825571857748,0.17161527043945146,7.224422299936707,4,0
AST-000293,2,1,8.900597361285868,0.06335320425377969,17.64947673989901,1,2
AST-000294,12,1,9.579531801011518,0.2055511322190899,105.18848301989767,10,4
AST-000295,6,2,8.44227657523064,0.18568372307455233,11.479846365091317,6,4
AST-000296,4,1,9.996361254527343,0.023787828470010774,11.457151012764198,4,0
AST-000297,2,1,8.846925762081415,0.15576620687990053,5.202839186661401,3,1
AST-000298,1,1,9.249014558073647,0.039441808263449694,52.78455072275052,5,0
AST-000299,1,0,5.266161458517633,0.12870489159167275,129.01111093505335,3,2
AST-000300,4,1,6.378837446511058,0.12188223359253118,55.94420233514394,15,3
AST-000301,1,0,6.177288217150764,0.10391179627757843,0.34054324689835513,1,1
AST-000302,6,1,9.101446853741349,0.01742071300202107,33.095015293012096,19,2
AST-000303,6,2,8.64635515864594,0.028001661208070284,24.957772211923626,13,4
AST-000304,1,0,3.8249752210189483,0.07497844667476072,1.0202122485806664,1,0
AST-000305,3,0,4.959130789263243,0.032899252751369686,183.71740901383976,2,1
AST-000306,1,1,8.16911620068193,0.008087138657647264,6.851947752272109,4,0
AST-000307,1,1,6.57976196986207,0.2663987753352084,101.72162520491739,3,1
AST-000308,1,0,7.117121499800021,0.08357544654473238,16.86858612122585,0,2
AST-000309,5,1,9.775169464816656,0.2452116345956831,83.2221580384915,9,3
AST-000310,4,2,7.7135909512075305,0.012566762673044808,2.3291011320684816,1,1
AST-000311,3,0,4.320942986922216,0.2679220688907535,18.070146155078906,9,1
AST-000312,2,0,5.229908466956479,0.08428730759184215,6.199026280730802,1,0
AST-000313,2,0,5.820581672639268,0.04713600077808901,32.38913354733488,2,1
AST-000314,4,0,4.855647323648591,0.08848291593591169,62.482792777406004,11,3
AST-000315,2,0,5.361567848262019,0.02483282169530109,13.152160220949181,0,0
AST-000316,2,0,4.32926856190904,0.033249764588545595,37.78163527712,0,2
AST-000317,3,1,7.71125892152503,0.0034974960418754962,61.54176983395291,1,0
AST-000318,2,0,4.495604067343803,0.007766331491342298,78.99885465149052,2,0
AST-000319,5,0,4.476074645791229,0.21269145559674718,6.106307306449502,14,9
AST-000320,3,0,3.5511333918411028,0.07232960866749122,29.66542825601787,1,1
AST-000321,2,0,5.069514004488311,0.09210272985661835,144.34176252739806,4,0
AST-000322,1,0,6.400834055149588,0.06428324195020309,51.43913362775947,1,0
AST-000323,4,1,7.446247933687873,0.05998161850896791,54.70562262251711,17,3
AST-000324,2,0,4.512699897111284,0.014225840862643292,134.11696446609528,3,0
AST-000325,2,0,4.312880437419627,0.014155528533206762,1.8751312461952074,2,0
AST-000326,4,2,7.400392048705401,0.19055908819371395,30.376467831910574,3,1
AST-000327,4,0,2.046062548030073,0.049848467173867074,19.127891186506805,1,1
AST-000328,0,0,0.0,0.0,75.86075072569604,3,1
AST-000329,1,0,4.333776924306789,0.043180471570141314,206.678034411993,0,0
AST-000330,1,0,6.001672555601658,0.3726498474111177,11.292353640299226,1,1
AST-000331,2,0,4.993863285464724,0.15088947364291636,26.54131727342965,3,1
AST-000332,0,0,0.0,0.0,35.32947276602189,2,0
AST-000333,7,3,8.511134229886705,0.17768572116434866,117.45627808953881,10,1
AST-000334,5,2,8.198000538295508,0.22485447959880323,8.718810920096224,21,2
AST-000335,4,2,10.0,0.03260880984514753,7.634883658413581,2,0
AST-000336,2,0,4.60952642324405,0.011258492830604079,48.73521233037082,1,0
AST-000337,0,0,0.0,0.0,133.9717446431138,2,1
AST-000338,6,1,7.997163744763446,0.06023025338657384,86.05472112375661,12,2
AST-000339,2,0,4.496686304421599,0.06756187880275086,5.007980117490338,1,0
AST-000340,5,0,6.10453306031581,0.053086142166253236,41.204021344364975,22,2
AST-000341,1,1,8.566312129787239,0.021646967732947962,39.734818729230014,1,0
AST-000342,2,0,4.002203816082941,0.034755886336862656,31.02906729112555,2,0
AST-000343,1,1,8.749487386652406,0.05044059725251725,9.909476964287354,12,3
AST-000344,9,0,6.033248067804134,0.12886188229935472,60.16177215733733,18,4
AST-000345,3,0,4.328976948733525,0.11800509040799281,4.616554580632387,16,2
AST-000346,1,0,4.33038341514204,0.016816002944715625,56.29869450500031,3,0
AST-000347,3,1,7.863129713136794,0.06295894263915745,23.93678966738506,3,1
AST-000348,3,0,4.757547407081112,0.20575641789744992,41.878704210132476,1,0
AST-000349,2,0,5.461164087495353,0.024304284659844237,64.60676832262186,2,0
AST-000350,3,1,8.540897058645529,0.07762296939682616,8.307389395585965,3,0
AST-000351,4,1,8.711770614590945,0.01852716307036188,15.700355724085714,3,1
AST-000352,0,0,0.0,0.0,18.110581369189912,1,0
AST-000353,3,0,5.1430130768136095,0.039194532861957586,51.03805172095996,1,0
AST-000354,0,0,0.0,0.0,16.263451973244784,18,0
AST-000355,7,2,7.956804443064481,0.08485712697264262,183.38687075601322,22,6
AST-000356,4,2,9.015093927424534,0.03586928281361568,3.7069201242834438,2,0
AST-000357,1,0,5.317515796223301,0.042250632681104815,30.156081238913256,1,2
AST-000358,1,0,4.734346566530274,0.1646052040258996,30.297747793452057,1,0
AST-000359,5,1,8.806761779957593,0.052206812618358016,4.333605276838214,15,3
AST-000360,3,1,6.9815437846978,0.005617137754142632,21.734840129839288,2,0
AST-000361,7,3,8.989059501710077,0.27376781548645657,1.8553496036035957,17,2
AST-000362,7,1,7.186719243624901,0.12546948354531273,20.330897886201736,14,2
AST-000363,3,0,6.320474803547122,0.051497029320166296,22.74802050641717,3,1
AST-000364,3,0,4.817785969139419,0.0879739660998394,0.32065736441406667,6,1
AST-000365,8,1,7.757880087681023,0.11986117716844835,2.3821394841017716,9,4
AST-000366,3,0,5.757870789224278,0.3577102378470528,34.0985703144551,3,1
AST-000367,5,4,8.895295894193243,0.05698747825132643,90.3043317071737,0,0
AST-000368,12,3,8.509934781737066,0.06071043160038408,21.263099131996697,19,3
AST-000369,1,0,2.3281320024180583,0.16378045955691312,88.73862405787398,3,0
AST-000370,6,1,9.493946308789184,0.03518856123019348,89.72617690984559,21,1
AST-000371,9,1,8.594324742735969,0.26957681955972645,16.309556726864336,17,4
AST-000372,5,2,7.951992092039782,0.09677006138731696,8.389940932488525,23,3
AST-000373,2,0,4.0337430408522215,0.06259056867811003,31.00149884699918,3,1
AST-000374,3,0,6.267996204739154,0.03614022044785116,27.62372671449857,2,0
AST-000375,2,1,8.874924853397838,0.017046509303760737,13.62620813501369,3,2
AST-000376,2,1,10.0,0.020671191939455588,1.2603782837589674,19,3
AST-000377,3,0,6.299517721533867,0.10810564143864528,88.50236940831577,24,2
AST-000378,2,1,8.719963195284524,0.20550706445684452,10.56282809580764,3,0
AST-000379,4,1,8.952788959750249,0.11305579279019518,22.085495251627187,4,2
AST-000380,2,0,3.5212977867442574,0.0943406253336697,23.294445895818928,1,2
AST-000381,6,2,9.209944982509116,0.0475609570781776,16.555795708003146,17,0
AST-000382,2,0,5.169832601067573,0.13853418071072585,58.16823660773883,22,2
AST-000383,3,2,8.48042692022754,0.03574045544054568,26.634208043382596,15,3
AST-000384,4,2,8.059992024449263,0.13971125342900503,42.15613189404845,14,2
AST-000385,3,0,5.720896044769583,0.17887427641564826,82.17914559732853,14,2
AST-000386,4,1,7.993292406076605,0.2728350045773519,29.63907251596914,10,3
AST-000387,2,2,7.423638059908066,0.00715492878036764,31.469567845312586,3,1
AST-000388,2,0,4.032055637892246,0.20107894520119132,16.76212502055265,1,0
AST-000389,5,1,7.315789423917653,0.08502720980551406,90.51935203528078,10,2
AST-000390,2,1,9.463526519566543,0.10187188700302531,34.85606668390871,6,1
AST-000391,0,0,0.0,0.0,60.7949262817545,2,0
AST-000392,1,0,4.912066755071776,0.05931815839345745,4.573499246167789,2,0
AST-000393,2,0,6.364728035633618,0.04426080574613757,9.26360558020237,3,0
AST-000394,3,0,4.036119804182887,0.016420745383754806,4.418228505584416,4,0
AST-000395,3,0,3.873873267320656,0.17850319662158312,111.43405747256172,1,0
AST-000396,1,0,5.164677294454935,0.031783492648904725,181.56658116451817,2,0
AST-000397,1,0,4.475461550506431,0.00784324654752566,154.11982350896534,1,0
AST-000398,0,0,0.0,0.0,44.53169421676521,1,0
AST-000399,3,0,4.8484545567793225,0.06844750251323037,123.1776498807988,17,1
AST-000400,0,0,0.0,0.0,31.26950075238454,3,1
AST-000401,1,0,4.327107631494462,0.0060332837386787965,0.16979258619157137,4,0
AST-000402,1,0,5.824747930122915,0.19742288325477175,2.583710596305218,2,0
AST-000403,2,2,8.190807391288663,0.009434039774453413,30.8024120489954,3,1
AST-000404,2,0,5.378576925489844,0.011204745140409002,2.335107483167251,0,1
AST-000405,5,1,7.681905110534813,0.07544323835240523,28.80078324653555,19,3
AST-000406,8,2,7.494704212115119,0.18534429921273965,16.96835159500537,9,3
AST-000407,2,0,4.112272070342565,0.03137773422113493,4.33176610007371,2,0
AST-000408,0,0,0.0,0.0,8.17865358800217,3,0
AST-000409,3,2,9.072218534269254,0.14898807147191126,130.91880459762663,1,1
AST-000410,4,1,7.054691100668539,0.19578635051161913,0.9499638305038556,17,1
AST-000411,6,3,7.354970439252122,0.103754924988714,2.2451864245128226,21,2
AST-000412,0,0,0.0,0.0,5.177698233778308,0,0
AST-000413,6,0,5.441119487271098,0.007551436824672599,115.90583611837314,2,0
AST-000414,3,1,9.073338686236928,0.2618768844152079,86.56940850098317,16,4
AST-000415,10,3,7.314181916708212,0.03862680378593749,8.42028102674199,14,6
AST-000416,1,0,4.963568452993301,0.028099116321804927,15.552427328089845,3,1
AST-000417,4,1,6.866392198798465,0.034913907252960875,8.646450530737077,17,0
AST-000418,2,0,3.568429129821899,0.01907009570096483,68.81892092666013,2,1
AST-000419,4,1,8.125144777813292,0.06235062178535342,43.043413599134105,4,0
AST-000420,4,0,5.263712660122544,0.101059206578092,16.188204835599414,14,4
AST-000421,0,0,0.0,0.0,238.64254395311863,1,0
AST-000422,3,1,8.077869108809091,0.29078791358883294,5.822383725559787,14,0
AST-000423,2,1,8.994239359555849,0.05895683556225386,96.25799241655962,2,0
AST-000424,4,0,4.079965664949909,0.028156475399749428,1.9952162641519648,2,0
AST-000425,1,0,6.390911805106459,0.028952315602180756,8.57844517006081,2,0
AST-000426,1,0,5.751624677946812,0.08289549986386016,80.43171560221059,1,0
AST-000427,5,0,4.268157939269453,0.16080674993444447,11.699702672786508,3,0
AST-000428,5,0,4.580234565939639,0.09048237145139344,6.056435436876448,22,0
AST-000429,6,0,5.224523802856088,0.022180813730105726,106.90751456775959,2,0
AST-000430,11,2,7.975152264916805,0.18761332111040066,70.26757394532068,9,4
AST-000431,3,0,3.9371781259612977,0.09014359639930805,10.416181794089765,3,1
AST-000432,4,0,5.297141979973064,0.010856099842957424,150.28701032868798,10,4
AST-000433,2,0,5.0219061328434025,0.05281665906973977,7.689626060885544,0,0
AST-000434,4,1,7.927706129226731,0.04485408217014785,4.846183889979305,2,1
AST-000435,0,0,0.0,0.0,6.989232077234321,0,0
AST-000436,3,1,6.97668178357135,0.05592498856742993,44.02252727574562,2,0
AST-000437,1,0,5.377915901607371,0.16916502652018814,26.808557950830966,3,1
AST-000438,1,0,5.192701214042112,0.03568787460280361,7.8828629252451865,2,0
AST-000439,6,1,7.603258311828678,0.1861933372655117,24.254766820498794,7,1
AST-000440,7,1,6.665068058346627,0.21131718896433876,17.386450444972525,12,3
AST-000441,9,1,9.011494488433387,0.07776469612006713,39.438675859577586,17,5
AST-000442,2,1,7.723366889208056,0.2067106325117138,15.372914435484445,4,1
AST-000443,5,0,5.554033226250369,0.008660849584342073,9.7005078349153,15,1
AST-000444,10,1,9.376667241756726,0.06067375893019395,176.6330519112079,13,3
AST-000445,2,0,6.9405290216307485,0.1557122480641417,11.335641946876473,1,0
AST-000446,4,2,6.651455613421672,0.048822416186280145,32.050839287025504,2,0
AST-000447,0,0,0.0,0.0,165.08271687890235,4,2
AST-000448,1,1,7.644232050541839,0.08491974885308522,4.957388429102222,0,0
AST-000449,2,0,5.57775908184188,0.06941479579075016,1.812765492025135,3,0
AST-000450,1,1,8.719412270198104,0.1600340474267519,52.879040392370754,2,1
AST-000451,5,1,10.0,0.18657039581288137,74.72914973583994,18,3
AST-000452,0,0,0.0,0.0,4.12451987597086,0,0
AST-000453,3,1,9.764534808705104,0.29520424934937683,59.280634791735025,1,2
AST-000454,4,0,5.002404219099008,0.23726087683850758,46.60574182919279,12,1
AST-000455,3,0,4.108048792549551,0.05416641576373132,8.836772783867708,16,5
AST-000456,8,2,10.0,0.10393675927397864,2.6529466579153422,20,3
AST-000457,1,0,5.337417851737474,0.031020197020882306,189.4222304325002,2,1
AST-000458,4,0,4.605563051460905,0.24073410109558405,41.255785701238544,3,0
AST-000459,3,2,7.910638499329006,0.10074213470250724,57.491864119233874,1,0
AST-000460,2,1,9.480951553921562,0.06506896023534438,0.019230045115422128,1,1
AST-000461,3,1,6.398703518940053,0.006801965826521168,32.25578777853677,0,0
AST-000462,4,3,7.135130468631049,0.0572512341708724,35.32487272995861,1,0
AST-000463,4,1,8.431029721491635,0.04656997037727015,3.5373156011505467,11,4
AST-000464,2,1,6.379251064053973,0.026510591144386298,37.678996977423985,3,1
AST-000465,1,0,4.177241895655174,0.02329207528695845,6.127995937399358,1,0
AST-000466,4,0,5.009437672565528,0.2583259520725363,44.83805851070493,2,0
AST-000467,5,1,9.441575199635038,0.40813131342027775,39.13297142383981,12,2
AST-000468,2,0,5.9788279270179245,0.4264651620864175,0.7499548169306511,1,0
AST-000469,3,1,9.140449929194915,0.053620611391437124,85.20992778682958,2,1
AST-000470,3,1,6.833074699845354,0.052395175833914336,9.493085033890555,4,0
AST-000471,1,0,3.843582383326076,0.02035245607049637,17.427399932318547,0,2
AST-000472,2,0,4.764277023999127,0.070548582509299,51.30885825230933,1,0
AST-000473,3,0,6.120081712355448,0.0010315111118629529,68.07933423156945,1,1
AST-000474,3,2,9.200949418292632,0.0007972991500918002,0.4036504988297457,5,1
AST-000475,7,0,5.148954306852063,0.32171858392515695,13.898864389617772,16,5
AST-000476,3,0,2.903783798013386,0.17546647356720174,65.28202290395947,3,0
AST-000477,9,2,9.269344110312058,0.23184026697924442,50.28236904638586,18,8
AST-000478,0,0,0.0,0.0,43.89803158304649,1,0
AST-000479,2,1,7.760136052361357,0.16667944077206495,86.26188800905719,0,0
AST-000480,1,0,5.756364243400081,0.2806256039797662,3.69642162492786,0,0
AST-000481,3,0,4.244939160090517,0.15673508503126363,42.053917544095505,1,1
AST-000482,1,1,8.722466089650538,0.20512949081294057,15.274252046694151,1,0
AST-000483,1,0,5.173156609997997,0.17739762962522684,10.27052176784874,1,0
AST-000484,3,0,6.845052976290632,0.2120142888756884,145.34080303035574,16,2
AST-000485,3,1,8.002022576689836,0.21684699504945384,30.46780973499628,13,1
AST-000486,5,1,9.28682582906949,0.24891410457865504,38.77350069604009,15,2
AST-000487,0,0,0.0,0.0,51.267572842641684,1,0
AST-000488,1,0,5.157620332114616,0.2488417080405315,3.308504016415262,3,1
AST-000489,1,0,4.626524662781324,0.07403481990023152,0.7172230983120731,1,1
AST-000490,3,1,8.649530769152976,0.3080592082512584,5.264029505245622,2,1
AST-000491,1,0,5.239523940785658,0.28397218238216887,24.299645212727345,1,1
AST-000492,1,0,6.204571875204076,0.02561015506869653,6.7015877026318424,2,1
AST-000493,3,2,8.627514399178898,0.2747041028765696,20.77417071523495,19,4
AST-000494,0,0,0.0,0.0,15.421988351841478,2,0
AST-000495,3,0,3.388804205268406,0.018323973799645732,5.763090001492358,1,1
AST-000496,1,0,4.423097596418798,0.06762403403265604,39.368594472662444,0,1
AST-000497,4,1,9.52014041870255,0.08448049827285552,6.55470375406054,3,0
AST-000498,2,1,9.07085075257345,0.16459121654421463,15.533280561510608,17,6
AST-000499,3,2,8.151699183610386,0.006690752094675308,1.469214807995222,2,0
AST-000500,5,0,4.409877557518481,0.25438896502232405,18.717099362237956,12,3
AST-000501,5,2,8.336374247085947,0.011538508693436448,13.911903524801428,4,0
AST-000502,3,0,3.7852782509579903,0.04416086892619619,102.55838401826392,1,0
AST-000503,4,2,8.820552725881058,0.45288210752160024,9.438666034696245,11,5
AST-000504,2,1,8.85254640504,0.13793663907220718,50.979464711286674,4,0
AST-000505,5,0,6.479958023494946,0.09168586627127942,16.602665547511247,2,2
AST-000506,1,0,5.808690495772147,0.13255750966339122,42.4425844248604,2,0
AST-000507,1,1,6.388365982127001,0.0016960430840790724,29.145623182949063,3,0
AST-000508,2,0,6.096062941373531,0.11062029581795968,5.920649018611529,16,0
AST-000509,3,0,5.305236891346267,0.03625246567504506,50.74157820430506,18,5
AST-000510,3,2,8.30623416317401,0.07693969209236622,37.147624219407504,10,1
AST-000511,1,0,5.154618828550313,0.0019080054460955719,46.468212202338975,2,1
AST-000512,2,0,5.241111745212258,0.001771318823063662,20.042702310802532,1,0
AST-000513,2,2,9.207626348349088,0.016272254156018885,92.48383893721603,1,1
AST-000514,5,1,8.019940359698728,0.27768700816651126,32.756248353956316,15,0
AST-000515,7,2,9.383588120227511,0.11079698384320166,34.29673214689039,15,0
AST-000516,4,1,10.0,0.02355678760965262,13.301335015592768,3,0
AST-000517,2,1,7.458041179453483,0.03884702792731392,15.590577644495964,2,0
AST-000518,3,1,7.843849489308677,0.046549518097320955,26.089208882918044,2,2
AST-000519,1,0,4.959797121721269,0.0009281507538876901,8.110183784681208,2,1
AST-000520,2,1,7.077168866658775,0.27554033165266556,33.928307882659986,1,1
AST-000521,2,0,4.835313297601201,0.3250107202806497,28.998854242655373,1,2
AST-000522,1,0,5.957861140185929,0.04560647317767368,3.70169944195126,3,0
AST-000523,4,2,8.458156318727022,0.34757350010365884,16.986352959838733,27,3
AST-000524,5,0,3.700810182988582,0.14451674846053053,19.425492885586433,14,3
AST-000525,6,2,9.419483094342818,0.08544992586287149,11.913886666614287,17,2
AST-000526,2,0,5.31760553212762,0.07566968676637643,122.8641553164371,2,0
AST-000527,4,1,9.084064463380175,0.11070359245413923,69.41605394198548,2,0
AST-000528,2,0,5.644876545101197,0.08201177012105001,37.37921035042753,1,1
AST-000529,1,0,5.898198670694132,0.12679760653548558,104.94699156846468,3,0
AST-000530,3,2,8.48280370564964,0.011752421986145843,2.0985897341812167,3,0
AST-000531,2,1,8.828042906354932,0.28018943343352365,10.718144491811186,7,0
AST-000532,0,0,0.0,0.0,121.47532027742399,4,0
AST-000533,6,0,5.376195316500953,0.19729330783960017,2.5036266009171597,14,3
AST-000534,4,0,4.869939798816136,0.4352909483074641,18.754748557168966,13,5
AST-000535,3,1,8.810105851976804,0.04614139020165043,88.37609455323512,21,1
AST-000536,3,0,3.5021900067143132,0.07418189590633396,27.28286078081811,18,5
AST-000537,3,2,9.188012504480815,0.0014764260441818148,45.595561887695894,0,1
AST-000538,8,3,8.617745039680006,0.105762880308223,33.46583349421472,18,11
AST-000539,2,1,7.941595886604125,0.08535429974816917,46.82476290424158,2,1
AST-000540,5,0,3.3842447920195196,0.055418550589462316,37.46821147758242,14,6
AST-000541,2,2,8.643922259859883,0.01731825669319559,38.52464306506643,2,2
AST-000542,2,0,3.8563761143133695,0.12009013629179054,51.17010776743403,3,0
AST-000543,2,0,3.9261854270223955,0.0363781352917449,2.353465749671001,2,1
AST-000544,2,0,2.883031770760555,0.11239102811986784,15.57708683703768,1,0
AST-000545,2,0,6.30257588232719,0.1167476948457553,3.82084542345337,4,1
AST-000546,3,1,7.100099794096718,0.01847528889135186,19.287161903964453,3,0
AST-000547,4,1,9.910806295212723,0.22927232152981375,47.21999071610881,18,3
AST-000548,2,0,6.371040138654186,0.10464240065048008,15.350865128677508,1,2
AST-000549,1,0,4.634864471865222,0.23245679874589126,141.01985930010727,2,0
AST-000550,4,0,4.754289705295325,0.1258697002427768,7.169850014194949,0,1
AST-000551,2,0,5.118559693170683,0.008776165114557581,34.70472074992204,3,0
AST-000552,4,0,4.263470700741917,0.04800302144026186,58.45061634783391,2,0
AST-000553,3,1,8.293590770589693,0.13962556339271032,121.02291758131936,9,2
AST-000554,0,0,0.0,0.0,0.8277326402511263,3,0
AST-000555,3,1,7.60221296671216,0.08792333839843192,42.68576905588879,3,0
AST-000556,1,0,6.893344971550883,0.02576557720066446,66.70422007353147,3,1
AST-000557,4,0,5.420609832631189,0.20312949298987806,66.73792487989476,2,0
AST-000558,2,1,9.122867896231055,0.03113189003388574,27.004310758175638,1,1
AST-000559,6,1,8.141229043890599,0.27924221383616155,87.39783818745693,13,4
AST-000560,2,0,4.340810739614147,0.20445916780651976,22.511264746851133,1,1
AST-000561,1,0,3.923249690052719,0.05062671449868144,16.15145983515986,2,0
AST-000562,1,0,5.449182916710546,0.10342134701767912,40.96097473240789,2,0
AST-000563,3,0,4.374459765227169,0.44746699977101934,9.357598942602925,0,1
AST-000564,6,1,9.235511157236212,0.09216265220663526,0.5960669217943494,12,3
AST-000565,3,1,7.968493307247365,0.10921464350046957,33.522637232418035,2,1
AST-000566,1,0,5.755645250601217,0.03350296814930595,158.7204084556237,3,0
AST-000567,4,0,5.6279754560796595,0.12998631179479375,176.05889008154165,12,3
AST-000568,1,0,7.153258882131751,0.10109314300353522,17.176485076796332,1,0
AST-000569,8,3,7.873429217801299,0.11480805443060955,4.40377007913998,18,1
AST-000570,2,1,8.09143877724868,0.08805748710906326,8.387534307734008,1,0
AST-000571,2,0,4.933691413141395,0.013135217225709293,36.773804073980166,1,0
AST-000572,7,3,9.644592685815104,0.08025376270401115,114.00525801999164,15,2
AST-000573,7,2,8.596015731442687,0.11617405862332818,40.05133659966995,13,4
AST-000574,1,0,3.7838541772489513,0.015768480659193153,0.25235627528143667,1,2
AST-000575,8,2,9.870937200046466,0.1792162680009134,78.41010197311687,12,5
AST-000576,1,0,3.8381873725714586,0.12154217358540229,4.903704204213427,3,0
AST-000577,2,1,8.49874034172904,0.10112127375766092,24.78975200872402,3,2
AST-000578,9,1,7.748167823352508,0.10444660480931853,21.904184630161808,0,0
AST-000579,3,1,7.760853143692852,0.289412974292353,27.891507625016743,1,1
AST-000580,5,0,3.996700858740664,0.0533691056159098,27.81112067146825,19,2
AST-000581,3,2,9.35922494434135,0.22603272260738064,5.4189725844792385,2,3
AST-000582,1,0,4.925288971603261,0.1386908070693263,2.818649921503506,0,0
AST-000583,11,3,8.08240847680753,0.08473381348950713,13.153449123005887,11,1
AST-000584,0,0,0.0,0.0,0.36051613416425754,3,0
AST-000585,1,0,6.07178256091394,0.025465744096857205,0.3786009781633269,6,1
AST-000586,1,0,4.935791395935419,0.02337381160384228,3.6332895098190563,1,0
AST-000587,2,0,4.468657494919973,0.03550155474119937,79.1981721532249,0,0
AST-000588,4,1,7.7055788986469596,0.254032340215577,19.169954289250573,11,2
AST-000589,2,0,5.266000550929488,0.15312973154052822,0.5831601508413402,1,0
AST-000590,4,0,3.534037753493693,0.11519218873544682,64.33457715495967,2,0
AST-000591,6,3,8.252976553029923,0.09181494928298214,21.523123428738625,20,4
AST-000592,1,1,6.966217913804478,0.05356618907834327,44.63277160677643,1,1
AST-000593,1,0,4.46644955973814,0.022785207195919047,15.793532976327675,2,0
AST-000594,8,1,10.0,0.1708341308242826,173.59196634933414,16,2
AST-000595,4,1,8.338378574934428,0.09088252535919657,163.19996806965517,4,1
AST-000596,0,0,0.0,0.0,19.10983997270309,0,1
AST-000597,2,0,4.731340942886311,0.036434289980625506,105.42164705156833,2,2
AST-000598,0,0,0.0,0.0,0.3447971753600746,2,0
AST-000599,4,0,3.677754051127554,0.05029805122995087,3.120763981180696,1,1
AST-000600,1,0,4.244930926322612,0.09240113952567139,55.81893594884222,0,0
AST-000601,4,0,6.266219240939867,0.060694890558521,45.05410781623991,15,6
AST-000602,3,0,4.854045960080682,0.16244405856238578,6.5262766026790535,3,2
AST-000603,2,0,4.169845726929986,0.02123165478082073,5.662970850801093,4,0
AST-000604,6,1,9.042264431164078,0.15600848107431328,20.348520802566735,14,4
AST-000605,1,0,4.902407819338069,0.029969118912090625,1.824736233022512,1,0
AST-000606,9,3,9.278482049635553,0.0569102349899751,22.192463933375457,12,2
AST-000607,1,0,3.7390634164764105,0.12178497158544259,2.4145765820585368,2,0
AST-000608,3,1,8.270722085070739,0.08564108658924591,10.725626299702649,2,0
AST-000609,3,0,5.001299197509998,0.3576295284958126,10.360887955204019,17,5
AST-000610,4,0,6.3205355543038895,0.0629472262991943,54.347276947311855,2,0
AST-000611,3,0,5.6037135096309525,0.1045486513094715,42.41629079120013,14,1
AST-000612,0,0,0.0,0.0,24.95648466591362,6,1
AST-000613,4,3,9.058072813259201,0.0016786352113681738,18.751924573401276,1,1
AST-000614,0,0,0.0,0.0,105.87329603964065,3,2
AST-000615,1,1,7.334042260668689,0.026542232225505353,28.78394685179292,4,0
AST-000616,2,0,5.692183448436266,0.36553321780483117,128.61827589511722,15,2
AST-000617,2,1,9.083957482994197,0.22850087020258378,15.873608214403484,1,1
AST-000618,3,1,7.739237912278988,0.08378441046867814,51.33191096258356,14,1
AST-000619,0,0,0.0,0.0,1.617853554814077,2,0
AST-000620,1,0,5.778288388657091,0.07371680215494458,111.5749935304005,3,1
AST-000621,2,1,9.246662481781986,0.047455254087003865,113.79643024818266,1,0
AST-000622,0,0,0.0,0.0,1.5252923152924847,2,0
AST-000623,3,1,8.478009956975233,0.03174820449817711,12.69395558684644,1,0
AST-000624,1,1,7.738956359651365,0.01359540966927806,57.931558508604375,4,0
AST-000625,3,1,8.972688297329023,0.0001566826217251239,155.77894747293328,4,2
AST-000626,8,2,7.580181030898999,0.06952299992834055,16.724013829124534,19,4
AST-000627,2,0,4.1622137466689,0.07296003960245548,32.72412966728744,16,4
AST-000628,0,0,0.0,0.0,36.25979385847079,3,0
AST-000629,2,0,5.833692916302591,0.009725009749029087,14.104307783433256,1,1
AST-000630,2,0,5.5516870019271325,0.03623557110491111,86.5926525087996,1,1
AST-000631,0,0,0.0,0.0,151.01209832103834,0,0
AST-000632,1,0,3.9417515885859613,0.3682953577186774,55.11474952442626,1,0
AST-000633,2,1,10.0,0.1871683725965356,9.812750662468309,3,0
AST-000634,7,1,9.981992753585942,0.11330315426511192,37.72193570233078,11,2
AST-000635,1,0,3.8087549614613905,0.017321245015722915,42.04551761970702,3,0
AST-000636,2,0,5.6561180834637055,0.23826122234566308,4.463499961902799,0,1
AST-000637,1,0,2.4988924492339364,0.019117724887212875,72.71031814987526,4,2
AST-000638,7,0,4.259472395699322,0.05015510195444652,40.75203062341227,18,3
AST-000639,1,0,3.275932940919554,0.01291068798490009,34.18908281361785,3,1
AST-000640,7,1,7.5479268822844885,0.12373364119414067,4.821121485758283,22,2
AST-000641,6,2,8.664972724487637,0.18074265612492899,123.50194691693729,17,1
AST-000642,6,2,8.983285708778984,0.04958057105147214,0.6272963155802094,16,2
AST-000643,8,0,4.232207403294863,0.0794785150685233,2.019536806459895,15,4
AST-000644,1,0,6.120210124612845,0.07248689474431917,74.8073379366541,2,1
AST-000645,5,1,8.382703837817667,0.01055504896037889,8.288318950280134,2,1
AST-000646,3,0,6.047748457291848,0.039086893209355975,1.8429877202201372,5,0
AST-000647,1,0,3.9807542738830226,0.2033365886346842,2.8657044932537534,1,1
AST-000648,3,1,6.392579443457866,0.04247939154333127,60.99752249325941,4,0
AST-000649,3,0,5.724885532492441,0.10169156874351959,22.077269264772198,1,1
AST-000650,1,0,3.543223379467464,0.02414466083056567,61.93333830199384,2,1
AST-000651,4,1,10.0,0.1399308107775494,41.00269961635919,16,2
AST-000652,0,0,0.0,0.0,102.6808401027772,1,0
AST-000653,1,0,6.311540881714407,0.08366473434037962,189.736704106841,3,0
AST-000654,5,1,10.0,0.1823069539286455,28.17404410299008,18,4
AST-000655,1,0,5.802691019209978,0.02893417374100434,101.26305697236116,2,0
AST-000656,6,2,8.96608868364024,0.19191479432823988,2.170898761265484,15,4
AST-000657,7,2,7.919593113520039,0.021702646732817993,0.7718768174002459,21,5
AST-000658,1,0,5.550753886885711,0.01837015153533118,30.829067389191394,3,2
AST-000659,2,0,4.995565966298973,0.04723259568580922,125.83075620359047,0,2
AST-000660,0,0,0.0,0.0,8.636950452170545,8,3
AST-000661,4,2,7.1641868453361015,0.03322004675623291,7.688875298420245,12,3
AST-000662,2,1,7.962226429139748,0.08651728920409722,57.00175687044987,1,0
AST-000663,2,0,5.437778273126852,0.07659280866107505,59.694736863955725,1,1
AST-000664,7,3,10.0,0.16600017840685283,21.879773117272588,11,5
AST-000665,1,0,4.627908830026452,0.0006815524322164273,53.66444704170281,2,2
AST-000666,2,1,7.722490148874654,0.14270283432829306,85.04442899615853,15,2
AST-000667,4,1,8.669746670144745,0.3660918439449509,0.6452815410838165,16,4
AST-000668,6,2,8.931328748706223,0.22645351053529508,16.0640268605405,19,4
AST-000669,3,1,8.438726735943426,0.1449496392061413,7.837892496277625,14,3
AST-000670,1,0,5.624819194555418,0.1888797111707345,92.30020982196415,0,0
AST-000671,7,2,9.555364747550405,0.07948820555557316,66.00184719512035,15,1
AST-000672,3,0,3.7142521285807226,0.004994350249725282,20.781966806466787,2,0
AST-000673,4,2,8.35553505204754,0.06153138802374973,5.059685887699991,4,0
AST-000674,5,3,9.69135277993202,0.013904425639568745,7.21998919166513,1,1
AST-000675,3,0,3.7030224681395456,0.20839579848076,53.442770484829474,10,1
AST-000676,1,1,8.21110424447803,0.08591361411147909,3.2035044932999615,19,5
AST-000677,1,0,4.120353815247763,0.21919483198845938,4.684332656628851,14,2
AST-000678,2,0,6.248893095396291,0.006207478035438842,72.16001066581701,4,0
AST-000679,4,0,3.6553325671334607,0.08778376624857083,4.444853326339167,19,1
AST-000680,4,0,5.677255725765178,0.22459962668942218,54.45632456731089,14,3
AST-000681,1,0,5.879660106688716,0.08000821654459814,1.066337722567062,1,0
AST-000682,1,1,9.570357297969087,0.08950164282776678,13.839017326291733,1,1
AST-000683,3,1,8.328733229162559,0.082266813116624,46.15828251434766,3,0
AST-000684,2,0,4.568994407524255,0.010525892707137673,39.210629760659685,1,0
AST-000685,2,1,8.693452283301648,0.0019264157781256072,30.914871691128386,1,0
AST-000686,1,0,6.56774859805516,0.03800326044940495,67.18513132591276,2,2
AST-000687,2,0,4.738356799952571,0.028343342647539016,62.24384892471003,0,0
AST-000688,3,0,4.181203116565148,0.29142081537353554,145.07546940833953,1,2
AST-000689,2,1,9.589342751506,0.039751746817759046,7.803896634081004,1,1
AST-000690,1,0,3.9833291626492286,0.01240745055415833,79.80955995818796,0,0
AST-000691,4,1,9.410986621135947,0.13810492395972623,9.776023791229075,17,3
AST-000692,0,0,0.0,0.0,3.9343287424952265,1,0
AST-000693,5,1,9.322425222707567,0.0792827250908191,0.4459149558132275,1,2
AST-000694,2,0,3.365447056456234,0.16638006036488276,46.053617079126454,3,1
AST-000695,1,0,4.196667184727605,0.022921256609910446,14.701004257727433,5,0
AST-000696,8,3,7.894777005670251,0.17810075051376872,9.041078975376724,17,3
AST-000697,1,0,4.814864626001188,0.020717899209114023,84.11559800451734,0,1
AST-000698,0,0,0.0,0.0,7.753795456342014,1,0
AST-000699,8,3,8.23724619363979,0.07846464498371435,10.38729800719932,17,3
AST-000700,2,1,8.190716321520034,0.021307059462028696,18.211523895375066,1,2
AST-000701,2,1,6.699020780160545,0.08419969753429517,362.4097179235903,0,2
AST-000702,4,2,9.11618656319136,0.017335912264134955,39.98181050686524,6,2
AST-000703,1,0,3.9241306835657173,0.019281397033744117,17.6361914648684,0,3
AST-000704,4,2,9.143195061047003,0.024849140957723764,23.41230197673815,13,2
AST-000705,1,1,6.746901171704257,0.11911895516118294,57.09600140832885,4,0
AST-000706,6,1,8.800324305178918,0.17439287389033928,9.01840248599294,15,3
AST-000707,3,1,8.559852922379726,0.08202451465513591,10.273202182587383,14,1
AST-000708,1,1,8.502990497904431,0.14701106169780317,14.961667832649962,3,0
AST-000709,1,0,3.940474615229945,0.05297501601081817,38.6660265097307,1,1
AST-000710,2,0,6.317452857996618,0.02040578685700781,15.128914202242369,3,0
AST-000711,1,1,8.494158491952492,0.016391765252449356,40.358383649006505,3,0
AST-000712,4,1,7.206871585212386,0.17056907630362678,45.77891910856188,0,1
AST-000713,2,0,6.029915231044183,0.1111757351235413,32.71045473062285,1,0
AST-000714,1,1,7.526517573201169,0.37198768810131666,73.75686648521307,4,0
AST-000715,2,1,8.206950866554466,0.27846385730871365,9.382573444974943,16,0
AST-000716,1,1,9.563592355583475,0.03666653188741239,12.155497579427415,1,0
AST-000717,1,0,5.090258038347659,0.05311750885870517,181.70104171982436,1,0
AST-000718,8,1,7.0621112876711845,0.2506975872000721,6.810123041163537,11,1
AST-000719,2,1,7.102966804864623,0.011049455204102863,1.521520279956306,2,0
AST-000720,0,0,0.0,0.0,9.249738973692208,2,0
AST-000721,3,0,5.142852974242552,0.12199641068921048,51.799530408845214,2,1
AST-000722,3,0,5.141667992077112,0.1299604300725425,1.2613195744698853,2,0
AST-000723,3,0,6.815191727441496,0.1076293900508886,23.156877541389022,0,0
AST-000724,2,0,3.575424275626688,0.14358470170850285,10.89811084054412,2,0
AST-000725,3,0,5.977756511075777,0.023605831760927627,31.19571994130285,0,1
AST-000726,6,2,9.548675355658498,0.07043284340233184,1.2111409465668013,14,5
AST-000727,1,0,6.215073863957287,0.06361549782029034,6.492393786625822,2,1
AST-000728,2,1,7.239014619922988,0.1021567885758681,94.4686554581435,0,1
AST-000729,1,0,4.64478124784324,0.1104024682926698,6.446672045492429,4,1
AST-000730,1,0,5.076962550069232,0.18142803981180403,20.699424680868894,1,1
AST-000731,4,1,8.125502532095382,0.00026653861130484786,9.974040755984293,1,1
AST-000732,5,0,5.2530615685702795,0.016656315478178592,0.4104482554288611,17,3
AST-000733,1,1,8.43784607161406,0.096334507786572,2.489333584904299,1,1
AST-000734,0,0,0.0,0.0,70.3908164910409,1,0
AST-000735,3,2,9.34275203451381,0.03179733317321302,12.652050965181807,4,0
AST-000736,4,0,3.505120533505678,0.16456441976808803,26.493919151354824,2,3
AST-000737,3,0,5.149420420595417,0.040844453455011094,101.69429096934827,3,1
AST-000738,2,0,3.711439925408951,0.08583559955366603,7.3664932329106145,5,1
AST-000739,4,1,6.883681639874085,0.11777810713631441,3.2150717026410405,2,0
AST-000740,2,0,4.937734081538009,0.02323973839090501,68.7480939648186,1,2
AST-000741,1,1,7.309657372188693,0.01568444205814944,0.933825547660628,1,2
AST-000742,2,0,6.334407384515317,0.047443638440370674,6.823450341221906,2,2
AST-000743,2,0,4.655254241982847,0.005965309062666135,19.829176562775363,1,0
AST-000744,1,0,6.496768487658344,0.12229352989164505,9.467764468959276,15,5
AST-000745,1,0,5.39447004120291,0.022282415869578038,46.676161968848355,2,0
AST-000746,5,1,8.33091794485923,0.06213192907384197,28.739704233181047,13,2
AST-000747,3,0,4.656441979993137,0.08862226615935086,14.901401919650798,1,0
AST-000748,5,1,7.159046456395318,0.009271975644767727,29.501699964548965,1,2
AST-000749,3,1,6.643548727988514,0.125248748403156,9.32303312293901,1,1
AST-000750,2,0,4.670751383636148,0.09874256246745416,10.054636554595046,1,0
AST-000751,3,1,8.769281303821456,0.09664829376568128,23.516939105444205,0,0
AST-000752,3,1,9.323090115733649,0.08596660021613711,35.72418742993408,3,1
AST-000753,3,0,6.075225533528809,0.3903014553074096,57.35692886817108,12,1
AST-000754,4,0,3.524523457312302,0.029513786596546524,14.450299889187098,3,0
AST-000755,2,0,5.3955207650798584,0.15179708998424873,16.20002994293605,1,0
AST-000756,2,1,8.08167638221361,0.044284550385652544,76.76685496190773,4,0
AST-000757,4,0,6.860730401409341,0.033607396108888236,49.50193948998363,18,2
AST-000758,4,0,7.241336536629289,0.3212166900244803,59.540605689990976,15,5
AST-000759,0,0,0.0,0.0,70.28396691262776,4,1
AST-000760,8,3,7.883452810497521,0.10320880642740159,3.501450155464291,15,1
AST-000761,3,0,3.1259411251290787,0.033989508605666206,0.6195623312248421,0,1
AST-000762,1,0,3.9932534908537596,0.011584842422037972,66.92833265305786,2,0
AST-000763,2,1,8.45470618177095,0.021379047004115605,35.36686833702554,3,0
AST-000764,9,3,9.061744269127017,0.07202060873775043,38.51066105113711,8,2
AST-000765,6,2,8.078437232707012,0.10239365383024865,100.53711296543939,5,2
AST-000766,3,1,8.841762482099567,0.1380148806737164,141.20872027826516,13,0
AST-000767,1,0,5.843659989044979,0.015820086946554485,19.73100724549431,2,0
AST-000768,9,2,9.684133004680348,0.346456296790137,12.238284647845864,16,6
AST-000769,1,0,3.867442236258882,0.0950535150087847,35.98957969304118,3,0
AST-000770,3,1,8.534064709389625,0.07549650640272831,11.792560816019995,4,0
AST-000771,2,0,5.355772648961662,0.018989843538233294,21.708564583390906,2,0
AST-000772,3,1,7.734231651219962,0.285885035335598,15.301171909345147,2,0
AST-000773,0,0,0.0,0.0,33.0309338089554,0,0
AST-000774,2,0,6.116459968040245,0.022057972507707094,8.395355352742058,5,2
AST-000775,4,1,9.920360882983175,0.13916828386459199,7.60567573315844,10,1
AST-000776,3,0,2.2234939947171104,0.10020768728245906,0.6237492428833737,4,0
AST-000777,1,0,5.309126720583311,0.16777284580342444,22.016838182901896,0,0
AST-000778,2,1,8.793630292296076,0.12972465604185515,3.9704422629887857,18,1
AST-000779,2,1,9.297841407213946,0.023257938915658395,25.67898524432031,1,0
AST-000780,1,1,9.243777552050675,0.05513078739024952,28.570673816423266,2,0
AST-000781,1,0,4.7152929564532,0.15402957766212494,132.64396075370146,4,1
AST-000782,2,1,8.291854193029948,0.04448205619584705,9.146522564792408,7,1
AST-000783,0,0,0.0,0.0,123.61134366281341,1,0
AST-000784,4,1,7.471104757007654,0.05831586890291578,40.92905622978295,3,0
AST-000785,7,0,4.804216057065122,0.28031621886544267,166.97765305803767,12,1
AST-000786,1,1,8.458488958826505,0.048999474380854516,10.629148649667671,2,0
AST-000787,3,1,7.936546518783402,0.08544149853246719,31.674797045595152,0,0
AST-000788,1,1,7.2652220144136574,0.45254491398931324,57.07502921581346,2,0
AST-000789,1,0,5.1639130709601995,0.009470473503616609,8.317548290180417,1,0
AST-000790,7,0,5.593754188320545,0.23374179584875235,7.252700188959886,1,0
AST-000791,9,3,9.331062733770912,0.2623419847372903,15.774898305174823,27,3
AST-000792,6,2,8.815775723639232,0.29542819522564123,18.950207567014395,16,2
AST-000793,2,0,4.827824241394336,0.021451954442990463,10.937443441656637,1,1
AST-000794,5,1,8.679497101233236,0.5288204083386153,68.5534160388579,10,4
AST-000795,2,0,4.158178123368215,0.02578314374086493,47.668588709186785,2,0
AST-000796,3,0,5.676786596542845,0.0013213940836764083,18.019144700776568,3,1
AST-000797,2,0,2.647169592852928,0.19352986999652497,9.67594600185327,3,0
AST-000798,3,2,7.986600403837322,0.20462576648307837,1.4276963141180996,4,0
AST-000799,6,1,8.80363157796902,0.07594799271416625,35.29780437676019,8,5
AST-000800,4,1,7.797580373967991,0.011497139887540555,33.15622298820871,1,2
AST-000801,7,1,8.267553823661201,0.1788585834448889,1.9801194528745991,3,1
AST-000802,5,0,4.929808002873655,0.14155824955874788,51.95200448283573,11,2
AST-000803,5,0,4.218647203449663,0.13841340390104567,101.80103457805362,15,1
AST-000804,3,0,4.138922915460327,0.20000081220308233,33.190146273254285,16,5
AST-000805,8,0,5.570970620123951,0.033232522036563635,33.63173914648104,3,1
AST-000806,3,1,9.218071839006125,0.06905940871862756,11.786789763260263,2,0
AST-000807,1,0,4.595684304707566,0.06427945192274075,113.2887066711724,1,1
AST-000808,4,0,4.243015400376339,0.14236529011435195,18.763335918483644,2,0
AST-000809,4,1,8.49205081335543,0.11274832314456378,28.32253452817126,20,4
AST-000810,2,1,7.311534045503507,0.1623536879177771,1.1741941618623892,17,5
AST-000811,5,1,7.393650974054704,0.35359552576639763,137.34130330782943,11,2
AST-000812,4,0,4.230920700437983,0.21300157063177663,7.522639545562944,2,0
AST-000813,4,1,9.792193606960394,0.3074985852526007,12.895483466606427,15,0
AST-000814,11,3,7.797293861602566,0.1633416116088998,33.42410579748919,16,4
AST-000815,3,0,5.563267138791904,0.06966003637561832,17.7913016943451,2,1
AST-000816,0,0,0.0,0.0,65.36437215364963,2,0
AST-000817,6,1,8.140242086574936,0.23609956247485755,33.69871120764121,18,1
AST-000818,2,0,5.701261536649747,0.0993487347085137,99.8707170037342,0,0
AST-000819,5,1,8.640813652873485,0.3878076299923753,52.69958486686144,20,4
AST-000820,2,0,4.516835148196527,0.018151779003432556,42.525695243028125,2,0
AST-000821,3,0,4.803737719747124,0.2661067813271382,67.42724135005291,15,2
AST-000822,7,1,10.0,0.2003228187825656,9.239940670585712,13,1
AST-000823,3,0,6.567906009807342,0.12631900792950188,26.51075179787014,3,0
AST-000824,8,3,8.041944050456259,0.06717972623372703,52.596842132041786,13,2
AST-000825,1,0,4.696857669801848,0.06638131934169741,25.19189818335626,4,0
AST-000826,1,1,8.97889040312288,0.060204463969016166,7.875184332904594,0,0
AST-000827,2,1,9.572177072568646,0.0365421729489345,10.928231744554848,3,0
AST-000828,3,0,7.123677970830322,0.056868925799953694,23.507520213924888,2,1
AST-000829,3,0,3.3560052521364474,0.21211515075738616,83.58153782102937,18,4
AST-000830,3,1,8.585849356734725,0.1581040239602772,16.80566001276132,13,6
AST-000831,0,0,0.0,0.0,1.1703634224730566,3,0
AST-000832,2,1,9.322322660057617,0.13792441425917848,27.873640057928775,2,0
AST-000833,0,0,0.0,0.0,26.878930327489055,2,0
AST-000834,6,0,5.688753598475198,0.07068457185899162,68.24933520095497,5,0
AST-000835,2,2,9.25547465681444,0.16569907626332386,14.328137739750716,17,5
AST-000836,3,0,5.834149440868594,0.007477662353588433,10.627288520665743,4,0
AST-000837,2,1,8.534524268896206,0.12821629068501633,76.38279666039517,0,0
AST-000838,0,0,0.0,0.0,172.8677054510129,1,0
AST-000839,2,1,7.156669194566363,0.17058903439214004,37.68649673002631,1,0
AST-000840,9,3,7.131651726605529,0.20698469689855548,73.80899807025246,18,4
AST-000841,6,2,9.423893287333295,0.04818797643934911,2.825880820955414,3,0
AST-000842,1,0,4.938324924048759,0.0783967044507848,27.193816800667296,2,0
AST-000843,4,0,4.839544972327238,0.19942282529229363,26.801470617811987,16,1
AST-000844,5,2,8.029855980451842,0.23809292242914745,1.4305135100376867,16,6
AST-000845,4,1,8.14606685022666,0.17944019274292475,11.081722406782607,17,3
AST-000846,3,0,4.892488877348129,0.1419513737633856,21.98134254243356,11,0
AST-000847,3,0,4.064899843916337,0.2165968365751515,34.78493145001498,13,6
AST-000848,0,0,0.0,0.0,7.179981467863611,1,1
AST-000849,3,2,8.375869941612006,0.06960821536365702,43.9739632806346,1,0
AST-000850,2,1,8.723776531176993,0.13013719478522706,7.92177599562186,0,1
AST-000851,10,4,8.919409785348046,0.2651449846490215,38.556142271814885,23,6
AST-000852,1,0,3.0744902517197916,0.1017696160545925,12.06073724483472,1,1
AST-000853,3,1,9.4997004688915,0.015493053937522802,58.617846902038515,7,2
AST-000854,1,0,4.051898015533124,0.027424386511247643,16.914890168270617,0,1
AST-000855,7,2,7.448680352495086,0.16948040479380927,27.066219820013988,13,6
AST-000856,3,1,10.0,0.146846487667314,8.39362059786762,4,1
AST-000857,4,1,8.933174824818947,0.11339481714602312,87.8207309699583,2,1
AST-000858,2,1,9.183705018967409,0.02339897725365383,124.57763193913772,2,1
AST-000859,5,1,7.955245044844752,0.1316887092215325,24.50103495517078,15,2
AST-000860,2,0,4.48346950882722,0.13795683068826514,91.7592241270603,1,1
AST-000861,1,0,4.218915291087115,0.0050627072127448726,1.6136811237456867,1,1
AST-000862,2,1,8.644166901388083,0.07093473251807114,33.41678645191721,3,1
AST-000863,2,0,2.902448467056854,0.0869208549256806,47.67828750791873,5,0
AST-000864,0,0,0.0,0.0,8.832725452046045,0,0
AST-000865,1,0,5.300257621202862,0.25582164412460273,15.215134117406642,1,1
AST-000866,3,1,9.58745910349722,0.02828217957793473,25.193493891741255,3,0
AST-000867,5,1,7.102400441620813,0.3230239549043396,0.1729854136962006,12,3
AST-000868,3,0,6.1309758288405325,0.16900317157795794,27.51165978164109,2,0
AST-000869,3,2,8.692964301712854,0.005068843126407779,21.978298156276583,1,1
AST-000870,4,1,7.017083414601927,0.14426492703246632,0.763825217438164,11,5
AST-000871,9,3,8.628681217155679,0.14870842877691168,3.6930899327145896,19,6
AST-000872,3,1,9.101991651951822,0.1702975647673819,21.732345684718762,3,0
AST-000873,0,0,0.0,0.0,24.5606899590495,0,0
AST-000874,3,2,8.38707629142181,0.09104097711803232,21.293416793902608,15,2
AST-000875,3,1,9.29480650602072,0.14225949390678164,5.915650682671334,13,4
AST-000876,1,0,4.365065566430089,0.14601291726327545,68.0065256184796,2,1
AST-000877,2,2,9.012074300843205,0.33433829031687934,104.85874091818258,2,1
AST-000878,2,2,8.627309956757234,0.12084775237713623,42.61882239700638,2,0
AST-000879,0,0,0.0,0.0,7.60997916761323,2,0
AST-000880,2,2,8.124916003346515,0.17133705595613652,10.585875401511654,1,1
AST-000881,3,1,10.0,0.02174580141159933,15.73786255516791,2,0
AST-000882,3,0,4.472270577253693,0.18513788789760502,38.76936818994541,2,3
AST-000883,2,2,9.130220437037014,0.017381084788097394,38.488618966106024,2,1
AST-000884,2,0,5.1383465515615985,0.18042628296068003,4.004972018200709,0,0
AST-000885,0,0,0.0,0.0,51.10762253341519,1,1
AST-000886,2,1,9.811383300380767,0.042133448746392146,0.4119108021663664,1,0
AST-000887,1,1,9.545851837248042,0.022994354738198778,5.63866078455957,0,0
AST-000888,9,0,4.566829768969644,0.2426821002501882,10.185707215069794,12,4
AST-000889,0,0,0.0,0.0,106.56427210321446,2,2
AST-000890,4,0,4.96656931730289,0.20431659324412907,9.394843209197852,22,1
AST-000891,0,0,0.0,0.0,7.5840261114308,1,1
AST-000892,1,1,9.269015663931375,0.0011397343413229821,39.306694420868624,1,1
AST-000893,3,1,8.984997902990578,0.1031312348737903,52.17421489415011,4,0
AST-000894,5,1,10.0,0.11314654623327283,48.49181420313295,18,0
AST-000895,3,2,10.0,0.44119647162948733,20.820912720611094,1,1
AST-000896,2,0,5.7704441201149494,0.017953947080473886,103.72509158558505,3,0
AST-000897,2,1,8.36753099650224,0.00565022857284958,6.121769664421329,0,1
AST-000898,8,2,8.055695149891005,0.1966862970856128,132.88454495618666,8,4
AST-000899,4,1,9.73091009389549,0.2339767642747958,77.13823522735437,9,3
AST-000900,2,0,3.8094432811589662,0.09258469603678911,52.87955904436288,2,0
AST-000901,2,0,4.162964140918887,0.21582735284423613,3.7000220584983317,4,0
AST-000902,3,0,5.908986680572504,0.08219189860387639,113.05270540532976,3,0
AST-000903,5,0,3.818090269690485,0.04413024957592502,1.1101650064404813,3,0
AST-000904,3,0,3.911762131989005,0.12136953764376898,31.978081631826715,2,1
AST-000905,2,0,5.466731581238553,0.11735998933891904,87.4900492750793,13,1
AST-000906,3,1,9.075554404725628,0.2584361179017988,10.110575041822186,12,4
AST-000907,2,0,4.991032942666179,0.05796712675109957,9.2237481444019,2,3
AST-000908,0,0,0.0,0.0,3.1885115212912956,1,0
AST-000909,2,1,9.126946709844882,0.07970701888225887,11.365957237714435,5,0
AST-000910,1,0,5.132948911651352,0.0352743400074043,18.824941623912583,3,0
AST-000911,2,0,4.73453952320768,0.014721131930596083,1.5319726873989374,2,0
AST-000912,1,0,4.194164120793442,0.0150352177212397,30.598034430553163,3,0
AST-000913,0,0,0.0,0.0,127.76207802151474,2,0
AST-000914,2,0,4.872820112569541,0.11062683651282965,19.30530497115369,3,0
AST-000915,5,2,9.034855653407224,0.1233200406339111,0.2048834255745412,12,1
AST-000916,2,0,6.1717004038846,0.1659489111934455,88.60825929412925,3,1
AST-000917,4,1,9.881874772371855,0.0012231580618920458,12.371215667455312,3,0
AST-000918,3,0,6.180072305228469,0.01440254787663371,88.36005114493825,0,1
AST-000919,1,1,8.035677487608137,0.08846404060397245,34.400810589000834,4,1
AST-000920,3,0,3.9517985010554995,0.08183891507344089,22.07929833937965,13,1
AST-000921,4,0,4.716063050089588,0.18527305078511047,34.58362457983846,15,1
AST-000922,3,1,8.58919356630944,0.03077154148786835,109.22771860309777,3,1
AST-000923,1,0,6.256585592607468,0.5877268273688782,34.61564934279773,14,2
AST-000924,3,0,4.962306068523332,0.009340226866748015,137.1250730632831,4,0
AST-000925,6,1,9.59923118953182,0.01546970303410476,20.352509044303194,13,1
AST-000926,6,0,5.13571850079002,0.00660004298557968,45.23866357457552,4,0
AST-000927,3,0,5.259748501333168,0.04703204921290884,9.520306475533198,2,1
AST-000928,3,0,6.647110388462782,0.0625658801743995,19.99446634505814,0,0
AST-000929,7,1,10.0,0.3549810549215906,55.03721380860108,20,8
AST-000930,0,0,0.0,0.0,216.68861732645863,2,2
AST-000931,6,2,8.715287295139511,0.37564613694593885,15.386420412585277,15,2
AST-000932,0,0,0.0,0.0,5.389026860704845,0,1
AST-000933,3,2,7.073052303749995,0.21264520106475293,45.47160409835046,16,7
AST-000934,4,0,5.634934599219585,0.008348205980700569,3.8913211327902264,0,2
AST-000935,9,1,8.48018653286847,0.10236102267534132,211.89700010088524,10,4
AST-000936,1,1,9.492377931402888,0.06015637710389441,12.896632036537863,1,2
AST-000937,3,1,7.562753793264148,0.16569477347281994,33.977375767048684,1,0
AST-000938,5,1,9.143907447860654,0.0437681742641401,7.9006232608929405,14,4
AST-000939,4,1,7.1197147368537035,0.3797120342934862,2.4017741278845106,13,5
AST-000940,1,1,8.774291446054297,0.11649324954782837,78.1520423682509,1,2
AST-000941,3,0,4.377401474746875,0.020239924899217825,14.151723720624169,4,1
AST-000942,0,0,0.0,0.0,28.15455131622087,2,1
AST-000943,6,2,9.336354841509085,0.02396374555804229,1.2660659534599172,1,0
AST-000944,4,0,2.119308910633359,0.08429095944651117,142.9266435201084,0,1
AST-000945,2,0,5.691293744609241,0.046140870550068075,2.7092221148578455,3,0
AST-000946,0,0,0.0,0.0,40.234096271753934,3,0
AST-000947,4,0,5.164196286399397,0.09214143097223387,82.28499515996761,9,4
AST-000948,4,1,6.7450110376919765,0.1246344850648659,8.538261647298697,16,4
AST-000949,1,0,4.605187498964694,0.028869022398188015,111.26798200910497,0,0
AST-000950,2,1,8.66669197464764,0.05232980929179649,2.519890234779945,1,1
AST-000951,4,1,8.128598276959353,0.05859577450529078,46.87719810121764,4,0
AST-000952,0,0,0.0,0.0,68.26291589095695,4,1
AST-000953,2,0,2.1827675135535705,0.08948736516903759,2.6483960355212837,1,3
AST-000954,0,0,0.0,0.0,4.234907204382917,4,0
AST-000955,2,0,6.10438745620303,0.0011479279379891791,13.282307079850945,0,1
AST-000956,1,0,5.42644860889569,0.06155516619070248,1.552805495939769,1,0
AST-000957,1,1,6.643399088383306,0.09563113766641418,15.095265776363986,17,1
AST-000958,6,2,7.695121070602594,0.06747517350469268,46.27362068967865,8,3
AST-000959,2,1,8.834307297236798,0.0005817610428109512,35.56079924243598,4,1
AST-000960,1,1,7.913037079656415,0.05629916024764855,156.39886038087283,6,2
AST-000961,8,1,7.825738376181901,0.1267400617981399,21.602124925069862,9,3
AST-000962,1,0,6.034840214244812,0.04026419520971081,20.939011393191556,2,0
AST-000963,6,2,8.223299527675186,0.3120509368908583,54.35804003207344,16,3
AST-000964,4,1,8.690705778747166,0.15708641089970693,2.855394697945432,14,6
AST-000965,4,2,6.835066518428182,0.14581026937408245,30.168810837060295,11,0
AST-000966,0,0,0.0,0.0,29.215831821842638,4,0
AST-000967,1,0,5.304808288202529,0.21710303026820313,33.609287405713204,0,0
AST-000968,5,4,8.34100122949389,0.12936729165075248,17.093130587704703,22,0
AST-000969,1,0,5.713819890957359,0.005164076639242551,16.772217163194203,0,0
AST-000970,1,1,9.241156291061047,0.09814832371236247,3.107344443124813,3,0
AST-000971,1,0,7.372874276075896,0.11680593171541455,5.7166639655923746,1,0
AST-000972,3,1,8.367109861091283,0.1132532665145082,11.007592200662138,5,0
AST-000973,5,0,4.303407133763776,0.3202978825231915,41.416962744112034,21,3
AST-000974,1,0,5.853531857924037,0.09087704053820736,58.113240578546566,2,0
AST-000975,1,0,5.6468028700108315,0.052059576127104934,115.75511779915774,12,3
AST-000976,5,0,4.648063623668058,0.06639583810287697,2.5452178638472502,21,4
AST-000977,1,0,5.725349697306505,0.13847999261307914,3.1971368701559792,0,0
AST-000978,5,1,7.407773572526466,0.20404278559476918,75.24328681228212,2,1
AST-000979,6,3,8.742640429900836,0.5963031227681758,109.47542763460761,13,1
AST-000980,3,0,4.893918457456109,0.05318080199143117,17.156126901812527,1,1
AST-000981,3,1,8.101329865381198,0.3145731728212902,56.49310389761741,10,2
AST-000982,4,0,4.439355291263164,0.0268755133157751,17.244992666845626,14,2
AST-000983,4,2,9.934879321734003,0.17758015134074043,38.51647018119166,0,0
AST-000984,1,0,4.456706930926693,0.04361045250922309,14.608283379270674,14,1
AST-000985,0,0,0.0,0.0,55.717769180629176,4,0
AST-000986,2,0,4.8403496762435125,0.23897012326341827,56.94472151579872,2,0
AST-000987,5,1,7.700074777769863,0.13916434778950654,21.159852206216655,14,8
AST-000988,2,0,4.956223209363044,0.19863996347732862,41.411592296918464,16,3
AST-000989,4,0,6.218839428995426,0.015016018015569808,18.10203496472087,0,1
AST-000990,3,1,6.932812337575173,0.08350427982071754,13.335000457179047,2,0
AST-000991,2,0,5.004964818777533,0.10621326426827978,177.08733582970706,1,1
AST-000992,0,0,0.0,0.0,20.386510508972833,6,1
AST-000993,4,1,6.546386966572541,0.02397039312514363,23.214700549011177,4,0
AST-000994,1,0,4.399435635422435,0.021790986730253495,6.149355845016494,2,0
AST-000995,3,0,5.657493412688111,0.042541844316256995,69.62944147780559,0,1
AST-000996,4,1,6.324692694488091,0.18805469315379617,2.7708291741904496,12,4
AST-000997,1,0,3.381443410829103,0.2874118077935127,85.38992880242121,2,1
AST-000998,0,0,0.0,0.0,16.888799972384163,2,0
AST-000999,7,0,4.3307822343265805,0.372899424520301,23.153173116918758,19,4
AST-001000,5,1,8.13600617883996,0.15869829088184842,15.778006766913697,13,4
AST-001001,6,1,8.820428481057064,0.13883169128587874,13.264401708620698,17,2
AST-001002,1,1,7.44256756579641,0.004294084593820043,51.371215248613304,2,0
AST-001003,1,0,4.051099834055453,0.2544854435659542,11.851937852545792,1,0
AST-001004,0,0,0.0,0.0,40.05362955661437,0,0
AST-001005,2,0,6.085394008194403,0.028392693358507883,91.5855460325842,1,0
AST-001006,4,1,8.224448660488756,0.14345005406476619,58.37467608580235,2,1
AST-001007,1,0,6.505749087562474,0.40368553593616385,107.86695368283326,2,0
AST-001008,3,0,4.882034461099657,0.11562579633491844,107.26298790311735,1,0
AST-001009,3,0,4.988100438298438,0.09411334584422379,3.3872886845451435,3,0
AST-001010,2,0,4.376950461870501,0.05091803540162153,24.0237140522789,1,0
AST-001011,2,0,5.373166318742509,0.11059054519681388,114.53163718947926,1,1
AST-001012,3,1,9.685931461216562,0.0011767462447528092,52.855055080946855,1,2
AST-001013,1,0,5.58655149617679,0.06328919227225926,96.33597094287106,3,0
AST-001014,4,2,7.628941792131837,0.07223606126050133,72.56365048557097,1,0
AST-001015,1,0,5.06985108521403,0.1416312992249554,87.88032914786056,3,0
AST-001016,3,0,4.222243941665658,0.034906543883929685,0.7433235140519477,2,1
AST-001017,1,0,4.864640070728858,0.07535614836965017,39.091546701363605,5,1
AST-001018,2,0,5.913451332646978,0.14017014394012225,32.52900273200507,4,0
AST-001019,4,1,8.073967156145445,0.06338253805824295,21.335604281258703,7,3
AST-001020,1,0,5.57846353390738,0.0075753294481624225,33.45003677185263,2,0
AST-001021,2,0,6.289848959234761,0.020164506497595866,2.9697703429368167,2,1
AST-001022,1,0,5.080082643268217,0.024985333623464966,86.11491548107635,12,1
AST-001023,2,1,7.975648954179556,0.08702821227015771,24.368534518638903,0,0
AST-001024,3,0,6.887938698880542,0.10767936090333836,2.4459726918459994,0,0
AST-001025,2,0,3.1748549192197517,0.02767447718335285,8.285285211425702,2,0
AST-001026,5,1,8.80873079605683,0.10629430425749074,184.06894951080838,13,4
AST-001027,1,1,7.41714120944752,0.025668129583257836,16.212975779454204,3,0
AST-001028,0,0,0.0,0.0,50.69036141942519,2,1
AST-001029,3,0,5.914181537053887,0.03259124086849545,13.189151475938276,2,0
AST-001030,2,0,5.197353588117949,0.03738622407347248,15.827667644323572,1,0
AST-001031,1,0,6.944389938592765,0.33808228249605343,6.60735201423027,1,0
AST-001032,6,0,6.49395496245152,0.38319763468538487,103.55041568647191,14,4
AST-001033,2,0,5.240483064461926,0.03352639551021354,52.10172522163625,0,2
AST-001034,4,0,7.27323802524963,0.1211339827178445,1.5657823492613756,3,0
AST-001035,3,0,5.419683961699451,0.2374714764084393,32.60528247455272,1,0
AST-001036,5,1,8.12426268233862,0.1642650680302205,29.972927960842213,4,0
AST-001037,6,2,7.698386878825167,0.25354986569609306,4.2131136841256485,21,2
AST-001038,6,2,9.02041239404844,0.10286712724844488,70.26591183031724,4,0
AST-001039,2,0,5.2686711829256225,0.12210585594470366,23.183686495696968,3,0
AST-001040,4,1,8.816332970227867,0.021765912886813513,7.744423529962692,6,0
AST-001041,1,0,4.6799079812006905,0.12251478328851041,4.83014231499501,1,0
AST-001042,1,1,8.85027931196485,0.0221078257819074,44.17090893422856,1,0
AST-001043,4,1,10.0,0.15692908890799123,23.113461794032172,15,3
AST-001044,1,0,5.299127758604259,0.0453036865692955,6.939551361825967,3,0
AST-001045,3,2,9.678067343685296,0.350893399567242,32.88118852707272,21,2
AST-001046,6,1,9.632210020695988,0.09675181515345237,8.46510488936989,14,4
AST-001047,3,0,3.6882540626756146,0.03958461387325271,20.6975352374336,14,3
AST-001048,3,0,5.340018081862586,0.12406485177820298,53.23374649335146,0,0
AST-001049,7,1,8.14814052131955,0.014322115922890078,0.5674287499627768,1,1
AST-001050,2,0,3.8602144799862392,0.039153620798366665,40.74177236251341,20,4
AST-001051,9,2,6.510307411593166,0.40612364415697183,32.047980287511216,11,2
AST-001052,5,3,10.0,0.294001080819161,55.89774705476368,11,2
AST-001053,2,1,9.573000669265646,0.08961924862032991,201.96263315339422,1,0
AST-001054,4,1,7.611041534797617,0.12430558904183459,106.34933454328409,0,0
AST-001055,8,2,8.199557750642576,0.1812244357336051,27.85862618235434,14,2
AST-001056,3,0,5.339635534938371,0.11387389567314295,11.675250245256498,3,0
AST-001057,2,0,5.382128266732375,0.03950404676928165,2.7339320943288454,1,1
AST-001058,0,0,0.0,0.0,234.03223402786043,2,3
AST-001059,2,0,4.410395211081564,0.2953317551230322,14.507988210189584,5,0
AST-001060,3,1,9.702388225187969,0.2997597940684245,36.280415766575636,1,1
AST-001061,0,0,0.0,0.0,39.10008037478168,3,0
AST-001062,0,0,0.0,0.0,108.73736957254647,4,0
AST-001063,1,0,5.185876209780156,0.028336539374420436,7.914198283554642,1,0
AST-001064,0,0,0.0,0.0,73.68191257585384,1,0
AST-001065,3,1,7.820022526565212,0.09041410721060077,94.22048237581194,2,1
AST-001066,7,2,6.527637447289612,0.07544583247677962,9.835842704521061,18,1
AST-001067,3,1,9.081017524023865,0.08852267301838646,10.696451305081816,0,1
AST-001068,1,0,3.79451068557945,0.09747794780495755,15.644864513462613,3,1
AST-001069,0,0,0.0,0.0,12.661467463722213,18,3
AST-001070,5,0,5.814009110358392,0.05218006864059871,8.785374593166047,13,3
AST-001071,1,1,8.254696976015596,0.13743203853565122,89.45809481820999,4,0
AST-001072,1,0,3.5507243669588906,0.25985371782406474,9.325607645756426,1,0
AST-001073,1,0,4.152970328157629,0.010338203053883662,36.55578109767,4,0
AST-001074,2,1,10.0,0.15672237355884988,0.07379922392610605,2,1
AST-001075,5,1,8.199975794640167,0.05731338307390947,9.752503796636866,21,2
AST-001076,3,1,8.169333617410585,0.11323030317087387,49.137605373483694,11,3
AST-001077,6,2,9.313820128931281,0.03202432026198951,29.009847608167124,11,5
AST-001078,1,0,4.483095497853574,0.0032724905525562593,13.217149717117586,3,0
AST-001079,2,0,7.6191300859090205,0.027878107972081363,44.209520522117096,1,2
AST-001080,1,0,5.273076185691081,0.08569887769194615,3.022471014689282,10,4
AST-001081,0,0,0.0,0.0,10.76070603722266,1,0
AST-001082,0,0,0.0,0.0,38.654215990222276,1,1
AST-001083,4,1,8.081007081766186,0.15571097658847402,63.74929539489502,22,1
AST-001084,0,0,0.0,0.0,27.11338141257406,2,1
AST-001085,1,0,5.170109405467744,0.19341066273461374,9.21219593530054,4,2
AST-001086,4,0,4.542117233293455,0.20791903245096857,4.925759296467418,19,2
AST-001087,1,0,5.563663513001403,0.06613293556190382,24.131536590843282,0,0
AST-001088,1,0,5.9661536828295585,0.17772671786336547,10.126288789806113,3,0
AST-001089,4,3,10.0,0.10416235381309703,34.67540604510947,2,1
AST-001090,2,0,4.120803975365576,0.3000708360902556,9.735559076890036,2,0
AST-001091,4,0,7.491371084501379,0.13779505905307388,106.36528748140086,3,2
AST-001092,2,0,6.762979137100305,0.01499135673580424,102.75308745496079,0,0
AST-001093,2,0,6.939158658064814,0.08679153200695905,22.43556781624583,6,0
AST-001094,6,0,4.680299503435425,0.2490295382887118,55.240408045761974,25,3
AST-001095,3,2,8.982221038860978,0.11911868378233971,10.94942297649663,2,0
AST-001096,6,1,9.252952925667634,0.37661847866047005,23.490283384386764,16,4
AST-001097,1,0,4.386347870295318,0.15734423965941335,72.88225810010712,0,2
AST-001098,4,1,7.236238823921331,0.016674648054366116,94.19076061649596,4,0
AST-001099,2,0,4.3456035126084975,0.2009041635239829,0.5805046809650707,2,0
AST-001100,0,0,0.0,0.0,41.1841598311613,3,1
AST-001101,5,1,8.170655100365133,0.22768196653939457,21.16341106282898,13,3
AST-001102,2,0,7.217385899036474,0.14638699494926485,33.88961437983389,0,0
AST-001103,2,1,8.993128950396029,0.09801895563251024,22.22718760198647,2,0
AST-001104,3,1,9.103563583294706,0.13824548550931925,22.749269640914974,0,0
AST-001105,2,0,4.357328382095726,0.31744356658680073,51.15914582892902,3,1
AST-001106,3,0,5.354001634149978,0.04173410127614041,60.903711009846745,4,0
AST-001107,0,0,0.0,0.0,8.867663380794735,1,0
AST-001108,2,0,4.052737189290031,0.18350206490591625,7.763352654395044,2,1
AST-001109,3,0,5.059784487750621,0.08068666167576598,18.575835844208225,3,1
AST-001110,2,0,6.803962879119396,0.20031524507577703,3.580255575496389,3,1
AST-001111,1,0,4.064530700675607,0.06380579878968014,43.43303478274025,2,0
AST-001112,1,0,3.8546614236164527,0.16131894516063405,65.262104701126,0,2
AST-001113,0,0,0.0,0.0,68.24403670873907,2,1
AST-001114,8,2,5.900960803224937,0.09349839284461935,63.74808766582189,7,2
AST-001115,2,0,6.301816769130677,0.22692418090984218,20.41416906456763,20,4
AST-001116,7,2,9.475735834689015,0.25532111516438083,135.21040979602634,14,2
AST-001117,2,0,6.8702398613905356,0.1438371724903873,9.146456518022767,2,1
AST-001118,3,0,5.079008591822494,0.2428478951743683,28.776117537886112,13,4
AST-001119,3,1,7.8894600034996705,0.21355888951073107,28.975046630354697,4,1
AST-001120,6,0,4.572012633272799,0.11428892498188,3.681218203489963,11,5
AST-001121,4,0,4.816460657206025,0.3219516974100215,2.571246210382444,3,0
AST-001122,1,0,5.6248465667332335,0.11922660701117639,3.215396383077951,3,1
AST-001123,3,1,9.900761153439708,0.26097090183062,15.085548825033351,2,1
AST-001124,1,0,6.722928326808222,0.023166474873665913,67.21416791119005,1,0
AST-001125,2,0,5.378061440092335,0.20397890352386996,10.900763889809028,17,0
AST-001126,6,1,7.960346236067736,0.1907504109872264,97.21973303655507,15,4
AST-001127,8,1,8.99758922819771,0.005152971271175176,6.365069126517251,8,7
AST-001128,1,0,4.15913517642112,0.07027355675624655,13.201974679011485,2,0
AST-001129,3,1,7.832079981180866,0.011081511333687346,35.90809838343985,2,1
AST-001130,2,0,5.767459161410016,0.007853425270727393,5.957083508239115,1,0
AST-001131,1,0,4.101942503582515,0.1447686863761315,17.329707626178855,15,2
AST-001132,1,0,4.507491554981102,0.0056441662346347595,54.91403057660363,3,1
AST-001133,1,0,3.516347919569439,0.0671081776955833,7.976778076831228,15,1
AST-001134,2,1,8.249605356879735,0.09807231827938816,25.81969754220675,3,0
AST-001135,3,0,6.561498256980065,0.07241761797088621,36.44575456600407,4,1
AST-001136,8,2,9.185155391727696,0.13830637496591142,154.33036854362194,10,2
AST-001137,3,0,5.517294003608898,0.16385194595653885,3.732145232507727,2,1
AST-001138,3,0,4.292676451577514,0.10615207338163715,41.79572960523313,4,0
AST-001139,1,0,4.581189348503647,0.35508634424982727,6.611136807066438,1,1
AST-001140,2,1,6.386497582904045,0.05116841995076342,86.99981931622297,11,4
AST-001141,3,0,5.742641570945406,0.1336723865986324,35.3266417991438,2,0
AST-001142,3,0,5.745347954056381,0.01820310657351414,10.602958198672123,2,1
AST-001143,3,1,9.209476326719257,0.07521781568168431,39.45256111423432,2,0
AST-001144,2,0,6.372631532249502,0.014724414614848701,18.207031018093154,1,3
AST-001145,1,0,5.376528575701795,0.012131444599420832,2.945304425278048,2,0
AST-001146,4,0,3.703607696790764,0.163672330346745,0.43142263403377235,2,0
AST-001147,8,3,8.647653556864036,0.1563826764559386,50.48179080457585,21,4
AST-001148,7,1,9.731235402299877,0.1779743290537117,21.983960603105974,16,1
AST-001149,2,0,5.410190051351263,0.0015105685042496844,20.14116144535428,4,1
AST-001150,6,0,5.170792743186048,0.21596777369322204,38.50418547849926,15,5
AST-001151,2,1,8.310728027934815,0.14908341376615056,26.66886938804851,0,1
AST-001152,2,2,9.686848623561987,0.025638921982344152,5.476154365089609,1,0
AST-001153,1,1,7.510306368059442,0.10668855692744787,50.835060965098855,2,0
AST-001154,2,0,3.8823490304565906,0.011497009118216241,27.484091096347115,1,1
AST-001155,1,1,9.316210397029124,0.09870849051490906,6.149364277907979,2,0
AST-001156,1,0,5.626373941812434,0.05917052855094121,11.919263999314625,0,0
AST-001157,7,1,9.855138176977428,0.3644751578496457,12.517682418993088,11,3
AST-001158,1,1,7.016135290194573,0.03511737968095463,21.802946985920183,2,0
AST-001159,3,1,9.16166876016703,0.06294597626076327,20.613801790326434,1,0
AST-001160,1,0,5.470099254047027,0.002707223270949559,126.04213390492646,0,1
AST-001161,1,0,5.926884821572664,0.04867787518160698,13.570687782048193,2,0
AST-001162,1,1,8.858545570778483,0.012799477964833734,126.80139621967236,2,0
AST-001163,2,0,5.976631687590133,0.2749427105147679,20.59407704567924,1,1
AST-001164,6,2,7.426718749898635,0.03428509477941871,44.1585500566709,15,4
AST-001165,10,3,9.199059196723042,0.1512499949671558,25.020415584249065,15,3
AST-001166,0,0,0.0,0.0,6.639656786071189,1,0
AST-001167,1,0,5.66735190076162,0.033425440729053915,79.29547845440801,0,1
AST-001168,4,0,4.346900934368507,0.17412149785594006,31.711686778166303,20,0
AST-001169,2,0,5.198199457362006,0.01701098480283696,15.757749266100316,3,1
AST-001170,1,0,5.468938723843831,0.1019530545163246,162.45544538887654,1,0
AST-001171,6,0,5.303696311018298,0.04366521098915265,7.3993174339394665,0,1
AST-001172,1,0,5.227295420428046,0.0016732841212893019,9.965451617665867,4,0
AST-001173,3,0,4.260475646482668,0.0998214822852863,96.23205288052874,14,4
AST-001174,0,0,0.0,0.0,56.907153787428896,0,0
AST-001175,2,0,2.9761442868902677,0.0652931371149269,23.799441247881774,2,0
AST-001176,0,0,0.0,0.0,58.72542619444214,3,1
AST-001177,3,0,5.246737170914709,0.30007093033719917,16.49505620725806,2,1
AST-001178,6,1,8.527528640621785,0.0775693852194233,118.15972373825761,24,3
AST-001179,0,0,0.0,0.0,2.9941654358357934,3,2
AST-001180,3,2,9.448371775515813,0.0826397576853055,20.07726524601232,5,0
AST-001181,4,0,5.395564186291736,0.40927685673391273,52.71235849612394,14,4
AST-001182,1,0,5.093839699922977,0.06847750786598923,12.793020892320415,2,2
AST-001183,1,0,4.380530513260611,0.1273467315672551,2.4033470712488896,3,1
AST-001184,0,0,0.0,0.0,11.43521698734274,0,2
AST-001185,1,1,9.190805935732211,0.2697887617777057,0.1921422776077626,3,0
AST-001186,1,0,5.861901087915954,0.006482615323196589,78.58386437566796,2,1
AST-001187,1,0,4.416369791607429,0.11849954718405292,4.102023904855906,0,0
AST-001188,3,1,6.786754220984969,0.010679486213511469,139.40582624137633,5,1
AST-001189,7,4,8.870993969153334,0.2271854116906359,120.25039126212795,15,3
AST-001190,2,0,7.158534947427327,0.250796285552764,0.30320024728965106,5,1
AST-001191,4,2,7.57296580093741,0.003006240496620943,27.56276379463641,1,0
AST-001192,2,1,8.398248545823249,0.019927514735880014,54.25612541772722,4,0
AST-001193,2,0,5.1675465666491265,0.04554391957145951,0.3570343032282329,13,4
AST-001194,2,1,8.477858531949215,0.02059795874953067,34.3531802828633,2,1
AST-001195,4,0,6.289994785104707,0.08911378273333333,14.898259607324418,13,3
AST-001196,2,0,3.948949127774313,0.0340458292253721,34.90422990425349,2,2
AST-001197,3,1,9.953512267408277,0.17586455701260853,43.962031996331916,20,0
AST-001198,1,1,8.528626623923378,0.03833381374510259,45.387848078795905,1,0
AST-001199,6,1,8.951180448973513,0.001922760307843602,7.13419701436559,0,0
AST-001200,2,0,5.151887432434022,0.07744027626646112,2.3765485527779657,2,0
AST-001201,5,1,8.397253767255359,0.2970482013517026,30.09528699237584,13,3
AST-001202,0,0,0.0,0.0,13.619983229763656,0,0
AST-001203,1,0,4.771891456900388,0.06504542588132553,34.392085849995844,0,0
AST-001204,3,0,7.028910420328293,0.03424240703735821,24.48973329618116,1,0
AST-001205,5,1,9.660348039330076,0.1266616865498586,147.20048764561187,14,4
AST-001206,3,0,4.935536061395129,0.14746378951546893,14.283998698633248,11,3
AST-001207,3,0,5.751914608771461,0.024467168222048558,72.24563521630593,2,0
AST-001208,2,1,9.164742872116516,0.019773938503285227,155.41997065708972,3,1
AST-001209,1,0,2.9538340397387297,0.17644200215416628,4.2134034685844295,1,0
AST-001210,4,0,4.524101842993029,0.26889707575663946,84.59190653953075,15,7
AST-001211,6,1,7.066157999127812,0.08466921087884871,14.070436731615521,10,0
AST-001212,2,0,5.030416235930421,0.1275841045498122,3.7438794997491778,0,1
AST-001213,2,0,6.200559726512555,0.13834227786265987,59.79625859298466,3,0
AST-001214,1,0,5.592425480048467,0.05290617046229966,44.41459052808911,13,2
AST-001215,1,0,5.161907196275945,0.34378043263305313,43.84313401262714,17,0
AST-001216,2,0,4.300297009732137,0.03506136862221794,21.90515810062289,1,1
AST-001217,3,1,6.903473074156452,0.04182807903080226,49.88673308025019,1,0
AST-001218,2,2,9.010486052686867,0.21667679454787536,39.4073259277001,2,0
AST-001219,0,0,0.0,0.0,2.5553804266062055,2,0
AST-001220,2,1,8.693091733856535,0.09654224236531322,61.97184978027604,2,1
AST-001221,1,0,4.894035683336385,0.03814136143546987,5.038374301235491,2,1
AST-001222,3,0,5.132782960277041,0.07665909065543376,39.88011012564625,2,0
AST-001223,1,0,4.740839178398064,0.08761711297138118,10.942585457236301,4,1
AST-001224,1,0,5.153293292122791,0.06988119833878759,59.58407355699854,3,1
AST-001225,4,1,8.185486022541594,0.044464963809283234,72.55728015881789,2,0
AST-001226,9,2,9.798733087815226,0.2162896073310908,85.45253367741124,15,2
AST-001227,1,0,4.613408514403158,0.04367229532257868,33.00042194647364,2,1
AST-001228,0,0,0.0,0.0,134.62575075493288,1,1
AST-001229,6,2,9.139108658496765,0.12348149616222857,65.57292102511911,2,0
AST-001230,11,5,7.106829369898669,0.18829589490930343,25.327114228761943,16,5
AST-001231,2,0,7.409418537515117,0.2007234893773759,76.70283641561883,6,3
AST-001232,1,0,6.889037893530894,0.014671091194725622,13.182376846743251,3,0
AST-001233,2,0,2.7515948418746334,0.11498548916158156,13.162782641832427,13,2
AST-001234,1,0,4.99513950612669,0.07304407987686884,17.090831610617947,3,0
AST-001235,3,0,3.0991851720556536,0.15722871333042163,12.320760636199797,8,5
AST-001236,1,0,3.703499897706096,0.06540567081313037,19.98111144898361,0,0
AST-001237,3,1,7.644631571437341,0.024280669687350338,41.83792138249731,4,1
AST-001238,4,1,9.06260921881868,0.007480727408444734,14.44037620812177,2,0
AST-001239,1,0,4.953590143497028,0.18664080503654581,56.43722111114447,0,1
AST-001240,2,1,9.193420171590517,0.06378407201428807,41.77307258597353,3,2
AST-001241,4,0,6.283161178026544,0.22397277485035416,53.74141394460482,14,2
AST-001242,6,1,7.021741336176339,0.17096390278916535,28.222111605714343,17,1
AST-001243,1,0,5.653619657810921,0.08468239113607275,117.54766649892026,1,1
AST-001244,0,0,0.0,0.0,19.865801145641253,2,0
AST-001245,3,0,3.316761328063455,0.3833527436360582,10.725957837985046,1,0
AST-001246,1,1,10.0,0.019804652359617793,34.28604486201509,1,0
AST-001247,4,1,9.057634575647162,0.027910442396269053,117.73941744976887,0,0
AST-001248,1,0,5.030730459767835,0.20935849884895863,29.408916784084866,2,1
AST-001249,7,0,4.673805855198753,0.21542592410297529,44.38979885995473,18,5
AST-001250,2,1,10.0,0.11110129917264458,15.235967695494985,1,1
AST-001251,0,0,0.0,0.0,85.34306784908382,4,0
AST-001252,3,1,10.0,0.04012660509514532,42.925327576996295,1,0
AST-001253,2,1,5.847422397667874,0.08885683169245281,7.155234683872444,2,0
AST-001254,7,0,4.159439867993301,0.1259779957435434,20.052790340713923,0,1
AST-001255,5,0,4.894264082157912,0.0288984564848206,12.250291447669088,13,1
AST-001256,1,0,5.947842255556803,0.023981694675569126,101.71970895713585,2,0
AST-001257,0,0,0.0,0.0,61.68847910559695,1,1
AST-001258,6,0,4.283170226279879,0.4130780427597696,5.1954182021068425,11,5
AST-001259,0,0,0.0,0.0,36.06164483952236,3,1
AST-001260,7,1,7.425816147370938,0.08160182611179212,19.62418576493117,17,1
AST-001261,0,0,0.0,0.0,4.895071427778192,4,0
AST-001262,0,0,0.0,0.0,49.61751024627985,0,1
AST-001263,11,2,7.481932433574276,0.2192761686452575,22.037497630656247,15,1
AST-001264,5,2,7.793362136327109,0.1812668941233743,0.01376149611225691,15,3
AST-001265,3,0,4.965981257522175,0.16743502626979728,7.86085640435757,1,0
AST-001266,1,1,8.433394193218561,0.042349610115770646,104.51781111516159,1,1
AST-001267,3,0,7.510687574454604,0.16374949471361724,82.01651884794774,8,2
AST-001268,3,1,8.654007479882345,0.03612905797555537,124.62804555475476,2,0
AST-001269,0,0,0.0,0.0,28.559272604707907,2,1
AST-001270,5,1,8.122507161973587,0.24507803123412367,11.647017711410541,16,5
AST-001271,2,0,5.493485046970903,0.06154297659319924,36.2038563764667,4,0
AST-001272,6,3,6.859208315219968,0.05888596225195021,34.837976531410135,16,6
AST-001273,6,1,6.970587222884109,0.19383798266793997,14.62655005571226,9,2
AST-001274,2,0,2.3121324815067252,0.04650303663142818,88.03731987939679,1,0
AST-001275,8,2,7.560094335891246,0.17898800182990834,9.650232662124946,20,2
AST-001276,3,1,10.0,0.20775119163475178,46.12628729978816,4,0
AST-001277,1,1,7.9597712140595664,0.0948211344448718,125.41196317168024,2,1
AST-001278,3,0,3.5058426961795677,0.08271137869705998,53.181462129276696,2,0
AST-001279,4,0,5.243115375365557,0.10004570372818106,43.98689039747464,7,4
AST-001280,2,0,6.26769224305554,0.05473780066315672,17.737595053115268,7,4
AST-001281,1,0,5.5045389413266115,0.019273521053609452,27.959456372874357,2,0
AST-001282,1,0,5.581178473394862,0.04895359400410232,2.8194931475553338,3,1
AST-001283,4,1,9.86308647718858,0.13091434108959646,0.4144900062979423,29,2
AST-001284,2,1,8.2410027801718,0.140425027683989,0.1747942109421533,1,0
AST-001285,4,2,7.226239264376464,0.23411363947239547,20.912095216244495,2,0
AST-001286,1,0,5.607402488917246,0.155442310601014,0.2940092939828044,5,0
AST-001287,5,0,4.997395249395624,0.11295435749701661,53.707781046385065,15,2
AST-001288,6,0,4.0821102762172075,0.10389088907691252,62.64246193687308,14,2
AST-001289,4,1,6.689686019124791,0.01739760384611429,7.653343795911706,20,8
AST-001290,4,0,5.996720181868975,0.08606916119653195,4.677024867230208,4,1
AST-001291,7,2,7.482820467846321,0.27585587801508527,0.7124430782619249,14,3
AST-001292,1,0,5.377588688138943,0.04905081349036619,85.58944058896606,3,2
AST-001293,5,2,8.091165984151962,0.1501659781317169,61.8244713520863,14,6
AST-001294,0,0,0.0,0.0,2.5705994177807123,4,1
AST-001295,0,0,0.0,0.0,27.47820670294607,1,1
AST-001296,4,0,5.452987841146684,0.11188501761894312,171.53857339549631,1,1
AST-001297,2,0,5.273097175803992,0.03485670156570799,11.889794884439473,1,1
AST-001298,6,2,6.9302136894799276,0.05983241484823657,15.275866158357827,16,3
AST-001299,5,1,8.615957695672872,0.12060498633617048,17.402998688050662,16,1
AST-001300,2,0,4.488315187227801,0.09231204339240348,26.71947390209242,0,2
AST-001301,5,0,5.111530407404147,0.16883115895369696,27.77659009636795,20,3
AST-001302,1,0,4.769991959925569,0.16338587561188947,11.72132766335628,2,1
AST-001303,8,1,7.033456320389756,0.03253215786406023,35.626886329430455,13,9
AST-001304,9,2,8.446314748872492,0.4575847597656775,58.71368956516778,19,3
AST-001305,8,0,3.3544174839569862,0.28295426281159936,6.852534386373021,11,6
AST-001306,1,1,9.52543600419987,0.0469732786739164,3.3668582654463886,6,0
AST-001307,1,0,5.463586660798947,0.015404590928174507,45.578619801198684,0,1
AST-001308,7,2,7.826212117763757,0.08468226062279169,54.82286457273862,16,4
AST-001309,1,0,4.401084327575337,0.0036802214740793244,38.52789310703731,0,0
AST-001310,5,1,6.202646413554882,0.03955938878133271,13.151061041624889,18,4
AST-001311,11,2,8.572917387261022,0.09859209005101026,2.524967137450948,17,4
AST-001312,2,0,4.472087255834619,0.020013323959149766,10.953008364559391,2,0
AST-001313,7,1,10.0,0.230704689490077,22.28389061555125,13,0
AST-001314,4,1,8.592178173398077,0.12420556950168793,58.50957068517907,9,5
AST-001315,4,0,6.217148532959099,0.09266870231053044,26.199843605359156,1,3
AST-001316,1,0,4.9226710316217455,0.061675046700929714,51.24523554767791,2,0
AST-001317,5,1,9.756826443835381,0.02559197712024429,0.27581518630547575,14,3
AST-001318,2,0,4.227093346950535,0.011748119745540513,44.00713978728216,3,0
AST-001319,2,0,5.552755726071636,0.30984640732944785,4.48985472259159,5,1
AST-001320,8,4,8.106970905868868,0.03300461165995814,73.46190908764214,11,5
AST-001321,0,0,0.0,0.0,17.156350531516427,0,0
AST-001322,5,1,7.688859604828538,0.2665122880853896,13.677431368517649,20,2
AST-001323,3,0,4.535253262322843,0.035575691430953314,31.25018434371632,1,0
AST-001324,2,1,8.92098452592781,0.16813017559957588,30.297299668872828,2,0
AST-001325,12,1,7.864418418770001,0.03080305204100174,8.723875328837563,22,2
AST-001326,3,1,9.410096193006812,0.08264158290040402,95.4375214875427,2,0
AST-001327,2,0,5.5658125147028805,0.16752082791074913,141.37803753119132,16,4
AST-001328,6,1,10.0,0.2488122298434183,10.24239812960241,12,3
AST-001329,3,1,9.865852842300619,0.1309605491390091,14.016576392931924,11,4
AST-001330,4,1,8.90519228640318,0.09111149709078607,2.4405348756096172,5,1
AST-001331,3,0,4.479651214581278,0.05117151358549981,25.055583062943892,0,2
AST-001332,3,0,5.6917099085578995,0.10861209290958855,19.20741091867443,14,4
AST-001333,0,0,0.0,0.0,15.805296283382646,1,0
AST-001334,1,0,6.8639237986373764,0.050657618510780995,110.74570331710197,3,0
AST-001335,1,0,4.943321143710534,0.007912927440951492,16.705662223410954,3,0
AST-001336,1,0,3.8117479662852376,0.05426662463365838,20.46506455521218,2,0
AST-001337,2,0,5.036908289119181,0.34831551157146123,23.69340760686169,7,2
AST-001338,4,1,8.80965081610107,0.2942593073245307,18.4598072391915,15,2
AST-001339,2,0,5.130401973946465,0.04852687549704843,48.54800969489154,15,3
AST-001340,1,0,5.901944326183992,0.006133340922652633,121.94740561574552,3,0
AST-001341,5,2,7.382128321961319,0.17688328820338395,2.6793931596121383,20,3
AST-001342,6,0,5.1233122265710325,0.004461632179902144,2.960213045936151,3,0
AST-001343,2,0,3.9563624967573094,0.07042150389471535,333.7636231207716,0,0
AST-001344,1,0,2.0897638975067063,0.1943961211843678,66.4735321844166,0,0
AST-001345,8,1,8.098280725417888,0.1973845065892999,20.97020903050818,19,4
AST-001346,5,1,7.620421823144758,0.03835287385753084,32.911375541432164,5,0
AST-001347,4,1,10.0,0.12397439221484331,67.5377226054042,11,1
AST-001348,5,0,5.12642934104001,0.07787217988081968,1.041564378145475,14,2
AST-001349,3,0,5.071901499683938,0.14941474993277631,18.427165702082327,13,1
AST-001350,0,0,0.0,0.0,60.98479724347257,3,0
AST-001351,1,0,5.280194778686988,0.10046021597207284,47.074421017617865,22,4
AST-001352,1,0,6.729385911019884,0.08585927028357969,23.16386624410519,3,0
AST-001353,0,0,0.0,0.0,22.933248100477236,0,0
AST-001354,0,0,0.0,0.0,138.10215134441697,5,0
AST-001355,4,1,8.117233440076507,0.1272282857600809,14.99583440396142,2,1
AST-001356,3,0,4.806019723135774,0.1508674843210384,166.8347682403549,3,0
AST-001357,2,0,5.2240800458457946,0.1131412861688504,31.81548403371361,1,1
AST-001358,2,0,6.663567067770966,0.0007896723659932131,41.60747923340877,4,1
AST-001359,7,3,9.009946087361236,0.1502719086637554,53.22215124077253,17,3
AST-001360,8,2,8.661143885584696,0.10836948012851688,22.968620577173787,12,3
AST-001361,3,1,9.317430269788126,0.02846790966359257,20.61573701131625,6,0
AST-001362,3,0,4.362386454919967,0.10005556436266863,0.7629750531016675,5,0
AST-001363,2,2,6.818082687524035,0.1575395898531676,4.640114607076639,1,0
AST-001364,3,0,4.177535543344817,0.17777167709317515,11.588422411486585,1,1
AST-001365,3,0,5.177819799149894,0.055992634557495674,21.845855670169918,1,0
AST-001366,2,1,10.0,0.15007124458676874,20.941616584602997,15,0
AST-001367,1,0,4.951548875136347,0.07842908591072137,13.788954505377635,2,0
AST-001368,3,0,5.79981378482738,0.16845223331443177,18.30330297884865,5,0
AST-001369,2,0,6.65704831933698,0.005696686648254621,146.10973895958685,2,0
AST-001370,0,0,0.0,0.0,34.816556174515725,1,1
AST-001371,2,1,9.307089859995216,0.11641567607156628,98.51946066092188,1,1
AST-001372,5,1,9.041774623169921,0.10555785194785802,76.1092907108654,2,0
AST-001373,6,1,7.616127810673412,0.1914381040099124,119.41749081608994,16,2
AST-001374,3,0,5.869385573472085,0.0008815529750379546,117.65225511540633,2,0
AST-001375,1,0,5.9230757668125,0.10621988831970228,2.4965422458650166,4,0
AST-001376,1,0,2.56310189883252,0.024875928909796268,11.73707433194846,2,2
AST-001377,0,0,0.0,0.0,37.59534170716032,3,0
AST-001378,1,0,4.764699789471405,0.007814804977286826,53.95761089076833,1,1
AST-001379,1,0,4.1467971262789165,0.04153772361881797,89.20358233664228,2,1
AST-001380,2,0,5.216709303221512,0.04096291518111501,2.7776664821910533,1,0
AST-001381,3,1,8.181057838388837,0.026516410083242313,3.5880719662769565,1,1
AST-001382,2,1,10.0,0.07913394510275153,9.086282321778137,2,0
AST-001383,3,0,5.215168540523932,0.029831978007405183,85.24006873499104,0,0
AST-001384,4,0,3.8074868651454747,0.1509635677057108,16.648496324619664,1,1
AST-001385,4,0,6.561983965879499,0.13628405073654729,3.6800365482325685,1,1
AST-001386,2,0,3.7857887435086406,0.01556497740264168,72.22505621474922,1,0
AST-001387,0,0,0.0,0.0,9.6099025330429,0,0
AST-001388,5,2,8.768411696648638,0.013605418303009782,6.053608128691542,1,0
AST-001389,4,1,7.780698076034647,0.024352927074426045,4.269216347771894,0,0
AST-001390,1,0,5.7295238357039935,0.08519489331490608,57.800764484801356,3,1
AST-001391,2,0,5.22123232520695,0.06538901091148883,8.390672942899482,3,0
AST-001392,0,0,0.0,0.0,30.67846474142541,2,0
AST-001393,5,1,8.008831991132443,0.31078354125779706,4.365883228139369,11,1
AST-001394,9,2,10.0,0.2777516310097096,0.28150145376636704,19,5
AST-001395,4,0,5.518541668952564,0.24454286551862123,18.513266542900197,12,3
AST-001396,6,1,7.350111453139168,0.20366278479038732,29.900710410281814,15,1
AST-001397,4,1,9.56535147095844,0.027352389954347404,10.303970097830334,17,2
AST-001398,4,0,5.652378673641004,0.17530592625449123,11.570935352819433,19,2
AST-001399,1,0,3.201739842148393,0.00404023394244631,4.972705361655025,5,0
AST-001400,0,0,0.0,0.0,15.281842643567671,3,0
AST-001401,6,3,9.895295358641919,0.04697055702234734,44.29545016808056,1,1
AST-001402,1,0,4.48783807216054,0.013122775899159021,58.25524927457118,1,0
AST-001403,3,1,9.026080508845666,0.2506926459735514,125.00265892072665,10,3
AST-001404,3,1,10.0,0.030663297557123336,87.03055312692229,3,1
AST-001405,9,1,7.731916177633141,0.25754621287189056,5.121965236754969,13,2
AST-001406,1,0,6.505254394132585,0.061646352239014594,61.916120156842844,2,0
AST-001407,1,0,6.348110748250017,0.011544970324148604,34.813293466903886,5,0
AST-001408,2,1,7.501341133098513,0.06899656293557518,34.95403315479302,2,0
AST-001409,4,2,6.977145055314581,0.11826477476102883,3.7123441117014195,3,0
AST-001410,1,0,4.422509136960063,0.03170636311012136,28.42333944125567,1,0
AST-001411,1,0,3.9997500348895336,0.277646139876408,56.83804583553947,11,4
AST-001412,4,1,7.792499753520171,0.08631459161156899,64.72128406032549,12,7
AST-001413,5,0,5.837591108994369,0.31817952997115023,26.928024121667786,11,2
AST-001414,2,1,9.173993379278297,0.12816902138576167,54.96659301639178,1,1
AST-001415,3,0,5.719303699188109,0.22799664894946753,55.6050354404433,13,3
AST-001416,0,0,0.0,0.0,109.42125956849256,8,0
AST-001417,1,0,7.793485234761302,0.16555760608403833,24.928636336765585,3,0
AST-001418,5,2,10.0,0.2749810008891621,12.145960578026534,13,1
AST-001419,4,0,5.290208932527031,0.1407957756396425,19.197965997817327,2,1
AST-001420,2,1,9.184291982009572,0.3471231906761806,24.614538771910887,3,0
AST-001421,3,0,5.290983230813154,0.021224440823525766,9.849628000287314,1,0
AST-001422,7,2,8.7689630752889,0.12582659439998442,1.2427500976510437,5,4
AST-001423,1,0,5.898942547651096,0.09383889302867908,109.97178838825612,1,2
AST-001424,1,0,4.973183781265714,0.018113936030972402,15.53739550244922,4,2
AST-001425,1,0,4.438018551801256,0.029677612232001608,27.719337978099347,4,1
AST-001426,11,2,8.821792772737856,0.521162009288218,55.092025526509666,23,4
AST-001427,5,1,8.077714473220821,0.0574194797524141,16.252708642259776,11,2
AST-001428,2,0,4.733498597574311,0.03454613611655656,16.78233867213742,1,1
AST-001429,3,1,7.082790476981871,0.11263865964295984,15.434297266449434,4,0
AST-001430,0,0,0.0,0.0,26.49985149564699,1,0
AST-001431,3,0,5.325062434326885,0.007083703704457732,2.5100122927551527,2,0
AST-001432,6,1,8.75411986041393,0.19413401356838209,5.237181371534245,12,2
AST-001433,1,0,4.669501354442048,0.059303234026026046,1.0901970947162716,1,0
AST-001434,0,0,0.0,0.0,3.4621943430605415,1,3
AST-001435,4,1,8.77008456494514,0.14229779299167797,25.021323620080995,15,5
AST-001436,1,0,4.443238001971669,0.17345632665781752,2.338518891237304,3,0
AST-001437,4,1,9.688811906586379,0.32178414428554064,23.883338345249374,15,2
AST-001438,6,0,3.5126088814125627,0.059050043702455875,86.00621590422699,16,1
AST-001439,5,2,9.47096121594964,0.31344905357917896,22.99430761051722,10,3
AST-001440,0,0,0.0,0.0,11.988098846504702,2,0
AST-001441,3,0,5.7175101105247625,0.34064081930815765,18.929446273693532,1,0
AST-001442,5,0,4.677899844656792,0.22967594892290313,35.871791713614094,8,3
AST-001443,0,0,0.0,0.0,0.5205369846200671,1,0
AST-001444,1,0,4.577748883961649,0.13225878617522427,27.271734653392592,0,0
AST-001445,3,0,5.802055394836172,0.06310839989624491,38.231251629110545,2,0
AST-001446,3,1,8.72991430212563,0.0839892258410825,76.66254348345441,1,1
AST-001447,3,0,4.15248816233895,0.0998823200895785,48.10575861368213,12,4
AST-001448,1,0,4.973260297091091,0.013436607365772449,4.755144146519367,3,0
AST-001449,0,0,0.0,0.0,17.308408259033563,1,2
AST-001450,7,2,9.595987975424437,0.3841491464991618,4.947353964633061,13,3
AST-001451,4,2,6.996266414789039,0.2349001051572429,13.151563417172158,15,6
AST-001452,1,0,5.02826035930017,0.0008461014791595512,36.79933105632453,1,1
AST-001453,4,0,5.45625007899069,0.15501216022293915,107.24661721227734,3,0
AST-001454,4,0,3.748202779767994,0.07493700758309575,25.153955274719447,2,0
AST-001455,3,2,7.370399261131951,0.0844774495919448,88.33121814468335,2,0
AST-001456,3,0,4.777501656630016,0.2620973911243797,13.53399709789044,16,3
AST-001457,0,0,0.0,0.0,5.313506877082315,0,0
AST-001458,3,1,8.009952290762703,0.17262064618562717,5.9093646532934105,4,1
AST-001459,2,0,4.3834556535443205,0.052888930013905905,39.34883280481277,1,0
AST-001460,2,1,9.264806633238933,0.17738254031511083,72.22483604754704,2,1
AST-001461,6,2,8.629671431906829,0.1506783930178154,118.28101694316531,0,0
AST-001462,2,2,9.836043841789708,0.1888771735423685,24.881434278304475,0,1
AST-001463,3,0,5.458241098125433,0.1630837174125097,26.85920653947103,17,3
AST-001464,1,0,6.227011303863971,0.039373787282769475,5.009616279432171,2,0
AST-001465,3,2,8.243397344150358,0.04683103834689285,55.37113139682525,15,1
AST-001466,1,1,10.0,0.06282397613812293,24.385472246613293,0,1
AST-001467,0,0,0.0,0.0,48.21517601563826,1,0
AST-001468,4,1,6.241823984708775,0.030851156477571088,9.233330476441626,4,1
AST-001469,2,0,4.616083796361413,0.09915176425732274,0.26311902258316383,1,0
AST-001470,0,0,0.0,0.0,1.8367483186107438,4,1
AST-001471,2,1,9.395510033934482,0.08736159156077446,91.19261015711724,4,1
AST-001472,1,0,4.399824698963751,0.09195040360215381,8.040902009728395,12,2
AST-001473,5,1,7.161787563941115,0.036663027712293586,29.030661936289434,9,4
AST-001474,5,0,2.847027593549567,0.1482583578167106,19.600831325248627,6,0
AST-001475,5,0,4.779481810621061,0.02793156163252688,8.160863904581674,2,1
AST-001476,11,0,4.3101026672913525,0.2402704045848943,16.70902710497454,15,4
AST-001477,0,0,0.0,0.0,24.222027409281115,1,0
AST-001478,7,0,6.00134610113526,0.2681427249551961,8.418242654267692,6,2
AST-001479,5,1,8.407990324386658,0.10821654355102868,30.935135705349968,20,2
AST-001480,2,0,3.904314016681634,0.11430594662949525,91.15084500530071,1,0
AST-001481,0,0,0.0,0.0,138.210982190174,2,1
AST-001482,1,0,6.258393320096828,0.1222914073191312,10.352395967639623,0,1
AST-001483,4,1,8.730855657660305,0.07498684450888479,7.2888716661272275,18,2
AST-001484,1,0,4.929905232154781,0.09928946181458345,8.94340419935607,6,0
AST-001485,5,1,7.550228168172714,0.5822530061446894,5.422346425863581,16,3
AST-001486,2,0,6.149243158109092,0.09320140985147483,4.296535319819897,2,1
AST-001487,1,0,5.261341802627685,0.20255034069145741,77.03316458360827,3,1
AST-001488,1,1,8.289205465907418,0.08754286394122059,13.67030840798207,2,2
AST-001489,1,0,4.531878257663985,0.020817802206726674,25.29186805531952,1,0
AST-001490,1,0,5.092370801663128,0.3230979668808273,11.678553072867393,1,0
AST-001491,0,0,0.0,0.0,9.432360529655353,1,1
AST-001492,5,2,6.445386929031442,0.1920607202515674,1.167175155017904,1,0
AST-001493,4,0,4.278060828599965,0.01847439620353927,25.94059500582291,0,0
AST-001494,1,0,5.760066323271532,0.12037507249813084,92.3435742277451,1,0
AST-001495,3,1,7.683163373727418,0.09392176301282001,12.060124413846419,22,2
AST-001496,5,3,8.418066511391258,0.015100632791800152,8.500472866471634,3,0
AST-001497,1,0,5.26415076887006,0.012710606727640416,25.186747582429486,0,0
AST-001498,5,1,8.16187500624844,0.2318606084620658,105.62845208174105,20,3
AST-001499,3,3,6.136058911757256,0.1549070033882287,19.682407100685303,14,6
AST-001500,1,0,5.491465984230614,0.004142704865420888,22.457557206266344,1,1
AST-001501,2,0,7.498024832016782,0.19366281346410952,98.70399302324184,1,0
AST-001502,1,0,3.7486363318550677,0.40077554453001035,27.259914366012147,17,3
AST-001503,7,1,9.460589441687679,0.13685514889676545,43.29153571780824,16,5
AST-001504,3,0,2.9205322908515208,0.14451527417725732,12.805976938911417,22,4
AST-001505,2,1,9.597794553880163,0.04466348075305686,31.06404397147494,4,1
AST-001506,1,0,2.859925095558168,0.028785009331646835,45.14305508529594,1,1
AST-001507,0,0,0.0,0.0,23.43074118023491,3,0
AST-001508,8,2,8.541748961329565,0.22317826579837946,103.35707393029219,17,1
AST-001509,3,3,9.413759542471771,0.008926323434754356,41.92186428096202,2,0
AST-001510,1,0,6.073849392997346,0.03806301362633928,106.46452265134994,1,0
AST-001511,3,0,4.712582904409158,0.16945429645906868,10.833544963698552,16,4
AST-001512,0,0,0.0,0.0,0.23265441394545966,3,0
AST-001513,3,1,7.9656089066920925,0.14675323929420514,16.105615924198137,1,0
AST-001514,3,1,8.206600461610883,0.12323458551430859,112.60970763949578,3,1
AST-001515,0,0,0.0,0.0,76.35814926080282,3,0
AST-001516,4,2,8.756025218534612,0.0069675378354616836,9.102162219094955,3,0
AST-001517,1,0,4.442444485187926,0.09839329208784188,48.35383047768004,1,2
AST-001518,2,0,5.50030790000589,0.13213132685454618,107.70114877870851,0,1
AST-001519,1,1,9.164376383192511,0.057090678993969565,82.06286094583663,1,0
AST-001520,2,0,7.42133987821533,0.03551306307995535,15.967857860731325,3,2
AST-001521,3,0,6.293924933320174,0.0010413251269403515,0.3659637294896916,1,0
AST-001522,0,0,0.0,0.0,33.66751355202651,3,1
AST-001523,1,0,4.7589510948718665,0.1425309152543795,28.005988947196208,2,0
AST-001524,2,0,3.2075044439070375,0.034445149177803176,185.5222065129043,0,1
AST-001525,3,2,6.808218555118495,0.016070369135828513,31.272439926219707,3,1
AST-001526,1,0,5.744467087097316,0.02333162541026197,8.260191391034551,2,0
AST-001527,5,0,5.018550206948334,5.842269897982115e-05,1.0408084504378399,2,0
AST-001528,0,0,0.0,0.0,5.547511257396548,5,1
AST-001529,2,0,4.831832516747326,0.12017177871190068,88.74992731424706,2,1
AST-001530,4,1,7.9566686147980885,0.17471337761923877,22.268365264893685,10,3
AST-001531,5,0,4.866587795299683,0.10267159085550188,37.111018282829605,0,1
AST-001532,1,1,7.530438027859592,0.11363736397773158,107.7557176775978,2,2
AST-001533,3,2,9.127347376010539,0.037124304544131924,161.4305274570763,2,0
AST-001534,6,0,4.677517383532631,0.16726623128817508,101.43599992142087,13,3
AST-001535,1,0,5.938427657653984,0.13638260266524926,36.76423929646913,2,0
AST-001536,1,1,8.231468902176267,0.20869976363428747,7.645383570398783,0,0
AST-001537,3,1,8.618965295943564,0.14094896111310512,11.679765535611683,1,1
AST-001538,2,0,4.861821364212347,0.15123140479701802,22.987197434384186,3,0
AST-001539,4,0,4.391360727825678,0.15219463615949538,51.40924328413266,13,6
AST-001540,3,0,3.019919367496628,0.05423379152406329,6.092761977626591,3,1
AST-001541,9,3,9.719710914049429,0.4961842543823219,29.702179812721965,12,1
AST-001542,6,0,5.736541871618808,0.2968210546319191,10.056384884305443,3,0
AST-001543,1,0,4.255074386878078,0.03508425856048744,4.289758925497827,2,0
AST-001544,2,0,5.774247433895156,0.02702116893653911,46.82584113804915,3,0
AST-001545,2,0,2.8360539887140077,0.0061448658688440785,47.78637640177939,5,1
AST-001546,3,1,8.617851988139817,0.21253980108128157,5.712545537773219,3,2
AST-001547,0,0,0.0,0.0,50.14780740857311,4,0
AST-001548,2,0,6.121325188070288,0.033722178935713984,35.805458162902625,3,1
AST-001549,3,1,9.091158228421785,0.25421222157194706,38.32392425381066,15,1
AST-001550,1,0,3.791518369206231,8.618174355514509e-05,18.08943286903567,2,1
AST-001551,3,1,9.103240936878398,0.15781469525103856,26.794323096937724,3,1
AST-001552,5,1,9.25061580438228,0.12688570392906529,3.515982457903848,1,0
AST-001553,1,0,5.881943264037892,0.012709275602117268,112.59074750680918,2,1
AST-001554,2,0,4.572155585411631,0.13915120306881332,1.543666376447924,2,0
AST-001555,6,1,10.0,0.05088501049441289,29.552461705596055,20,3
AST-001556,4,1,8.43852898946971,0.0262640393033154,40.92304542981326,20,8
AST-001557,2,1,8.662672758940287,0.1357254168194573,9.827612396590803,2,1
AST-001558,1,0,4.140507189967778,0.04068197875335913,208.17981864916896,0,0
AST-001559,6,1,10.0,0.12063082124964765,2.252855171848283,3,1
AST-001560,4,0,3.745003256976299,0.03745351798492835,2.6883436640090212,13,2
AST-001561,3,0,4.331884231956296,0.06160307932382046,2.7251513991582206,0,0
AST-001562,4,1,10.0,0.039214297016889416,68.50794719227521,3,0
AST-001563,3,1,7.988145161816272,0.40332651198958414,84.68064456025645,20,5
AST-001564,6,1,8.241217394242605,0.16147025156625752,14.729272894874613,22,3
AST-001565,2,2,8.142207426004681,0.03348753217226704,32.199591833945036,4,1
AST-001566,3,1,9.364762863473953,0.1596488049047364,21.91238449045946,21,4
AST-001567,2,1,9.010475387679076,0.14278120275110898,76.61772501438855,1,3
AST-001568,3,0,5.636731559167624,0.01160114875956135,13.673901581612409,3,1
AST-001569,3,0,6.706141262564767,0.15426683222028692,47.050833774288414,1,0
AST-001570,5,2,9.171348010585358,0.22448671259263178,32.44345014504696,20,3
AST-001571,3,0,5.451315952340755,0.09029317807402318,89.08063108209156,3,0
AST-001572,4,1,8.991196751630348,0.1830835683227667,16.582483161025703,1,1
AST-001573,7,3,9.455997526430838,0.4227706334407887,14.334412186626677,12,2
AST-001574,1,0,3.9510697835324153,0.06364262216616455,16.268833458990173,3,0
AST-001575,3,1,8.570818362102305,0.05598231112669343,22.815352140316648,22,2
AST-001576,4,0,6.380516353601294,0.08228237653297181,24.23083629502313,1,1
AST-001577,2,1,5.574812499645378,0.02611329179563194,15.188215587182285,0,0
AST-001578,3,0,5.051814596844195,0.2530089351698624,35.71905480421665,2,0
AST-001579,6,2,9.021442271137973,0.31803777516892867,144.460171673301,15,3
AST-001580,3,0,4.543124310960724,0.1657481600890577,96.0229840782185,2,1
AST-001581,1,0,3.8797827359486288,0.385802258353805,9.588096805981296,4,0
AST-001582,2,0,5.006901356343136,0.06733887521506016,97.08070158472027,3,0
AST-001583,4,1,9.91384563479453,0.07154855989673554,24.818716163437855,17,4
AST-001584,2,1,8.112629499514382,0.18539020255847527,53.879991961668104,0,0
AST-001585,4,1,7.66468907578766,0.03451577015166415,50.46197011245556,1,1
AST-001586,0,0,0.0,0.0,67.49414581304546,2,1
AST-001587,6,1,6.137862695417685,0.2966543481241383,2.7032475671292073,15,1
AST-001588,4,2,7.812013568114343,0.004377096626986679,9.8531768528141,3,0
AST-001589,1,0,4.139765752896082,0.09932434684220436,29.595485925611676,4,1
AST-001590,8,1,9.569038882985948,0.11415742209987462,25.957102654044327,20,2
AST-001591,5,0,5.437222301750149,0.2707143955775309,6.264286615829982,17,2
AST-001592,1,0,5.494798763998768,0.16126046119728554,3.4356122958457695,2,0
AST-001593,0,0,0.0,0.0,25.162183215377514,15,4
AST-001594,2,0,5.124844645033286,0.03764364460131152,6.634548266180651,0,0
AST-001595,1,0,5.94355237771022,0.09692380498021354,62.026665881645165,2,0
AST-001596,2,1,9.284543603031876,0.06559306675784438,12.53650456638184,2,0
AST-001597,3,1,7.569454655728024,0.2099721565182624,11.230383961288027,1,1
AST-001598,4,0,4.232050796247381,0.19379683434569756,100.8546913133531,9,4
AST-001599,2,1,9.172737608105969,0.024593980168594584,18.572595735891646,5,3
AST-001600,2,0,4.862477012901073,0.06333984758969159,4.676192894368032,3,0
AST-001601,1,0,5.445004122574888,0.23618575248834284,99.17139943566636,1,1
AST-001602,1,0,5.241935852463526,0.08310262075361377,15.190905330377351,4,0
AST-001603,0,0,0.0,0.0,88.61664326075784,4,2
AST-001604,5,1,9.275814454143081,0.0463330517287439,31.950210317814392,2,0
AST-001605,1,0,3.631867284180988,0.008397326267665421,20.745011726692766,0,0
AST-001606,4,0,4.849290669468052,0.1497482543412583,51.083168835870666,23,4
AST-001607,1,0,3.8166733889699382,0.017756309515763576,2.847822728429985,2,0
AST-001608,1,0,4.797321654381692,0.06136815251480869,38.278074020308104,3,1
AST-001609,3,2,8.37389171051004,0.16511725670364458,49.016637969216305,1,0
AST-001610,2,1,8.530707584194126,0.07133947672184039,29.732188851241627,1,0
AST-001611,4,0,5.2810367929711495,0.2404068705828282,43.69493764213636,19,5
AST-001612,5,1,8.458424758303043,0.3509185152444752,92.02597969599033,14,2
AST-001613,2,1,7.55549811997843,0.1238920432772044,12.561387433605677,1,2
AST-001614,2,0,4.369285517251692,0.07029871447606964,1.4926172550749144,4,1
AST-001615,2,0,4.914895856378582,0.11765710086904953,95.84779593161865,2,0
AST-001616,2,1,8.01648115210423,0.06690018179935542,42.65692025962947,2,2
AST-001617,1,1,7.676810477451155,0.20897076890112737,39.963673211724824,2,0
AST-001618,9,3,8.422768137705306,0.14230772287353605,40.07956921461654,16,3
AST-001619,5,2,8.862672887500143,0.10564557000545602,11.878300500595973,18,3
AST-001620,1,0,5.887249937253944,0.183860628199475,35.99721551404063,2,0
AST-001621,4,1,9.51708593254606,0.07525224864029166,70.8852819961099,22,1
AST-001622,6,1,8.156114683973994,0.24000199864062333,24.7319543128444,17,3
AST-001623,5,2,9.615817638922945,0.40334965136363177,8.894386378996355,17,3
AST-001624,3,2,8.217837160567427,0.28418075891467603,51.13957404698512,10,0
AST-001625,1,0,7.28445955830968,0.1604937818909065,64.38002201875447,2,0
AST-001626,1,1,8.426522643968243,0.09253612555235319,5.948425366093161,1,0
AST-001627,6,2,8.195246890274767,0.1695494016790963,7.624729830499775,10,6
AST-001628,3,0,4.50743844760175,0.1402784377867789,20.628004725031403,11,2
AST-001629,6,2,7.466494731206831,0.057878322286096635,34.191542141302676,11,2
AST-001630,3,2,10.0,0.04894339120084917,127.31618463835022,0,0
AST-001631,3,1,9.51758922079277,0.03185584684552975,70.46226946252173,1,0
AST-001632,2,0,6.144522769289669,0.04985618513626065,122.77473997647517,2,1
AST-001633,4,2,9.469584260053837,0.011316382796542734,95.28910179015666,2,1
AST-001634,4,0,5.967181062702774,0.11110992796136816,22.741495211259664,3,0
AST-001635,1,0,6.459074152787284,0.01657484360224238,4.771452644483089,0,0
AST-001636,1,0,4.652144073733067,0.09678589783656641,48.282899923642326,2,0
AST-001637,3,0,4.252707360951619,0.23258647534883006,19.816798065937192,1,1
AST-001638,0,0,0.0,0.0,11.267502649131547,1,2
AST-001639,1,0,5.5326440171530535,0.2471080501651644,24.981000499658332,4,0
AST-001640,2,0,5.436597116199405,0.03716764021637333,9.176467848737362,2,2
AST-001641,0,0,0.0,0.0,62.548303275328,3,0
AST-001642,7,1,7.9456099002157385,0.20854437799662381,5.972604518748066,17,3
AST-001643,0,0,0.0,0.0,7.525191378842602,2,0
AST-001644,3,1,7.862968091101826,0.1182786707159291,12.173764998487432,2,0
AST-001645,4,1,7.657558821873461,0.11041892697986376,33.11408911109107,10,4
AST-001646,2,0,5.330714990966032,0.15014866963381304,46.25656763975808,2,0
AST-001647,4,0,4.220600530022928,0.21755842620669769,6.232211566754258,21,4
AST-001648,0,0,0.0,0.0,18.635943534044074,5,1
AST-001649,2,1,7.424234627043447,0.10109021748349009,45.17098928964557,14,2
AST-001650,3,0,5.827101062734699,0.005739012572030033,22.6699355838998,1,1
AST-001651,3,1,6.8892642867832405,0.33255269324394315,6.6543425547854635,22,4
AST-001652,5,1,7.481175721030187,0.10404089256539913,7.834907116911911,18,6
AST-001653,6,2,10.0,0.18869331558510719,10.522331610158659,2,0
AST-001654,1,0,6.38188270823223,0.0431132216396192,2.1018850329172354,1,0
AST-001655,1,0,3.8149414562983552,0.15474279385569675,6.956873927160311,0,0
AST-001656,3,0,5.072436547125987,0.1620218190789669,5.840544999559036,3,0
AST-001657,0,0,0.0,0.0,0.38306129629268654,3,0
AST-001658,2,0,5.698661352733414,0.26584705473742165,27.022983223856535,18,5
AST-001659,3,0,5.27688779147199,0.09373872916693334,8.300570490467372,1,0
AST-001660,3,0,4.958735484918039,0.08252797557026331,11.840577397782537,0,2
AST-001661,7,0,4.520587560196353,0.09696791243643611,1.4968811694001751,14,1
AST-001662,1,1,9.236851949444898,0.26269231377835034,5.913272368758854,2,0
AST-001663,5,0,5.346454239778686,0.011123506100481774,152.4720515580982,3,0
AST-001664,6,3,7.062940828630055,0.07972183318230391,23.26978711835045,14,4
AST-001665,3,2,8.457632755656197,0.12804740260688224,12.325795631525109,18,2
AST-001666,2,1,7.628236529336146,0.2197670375083032,35.15622713194774,0,1
AST-001667,6,3,8.675890646076208,0.04194014079815854,72.75280290611583,12,3
AST-001668,1,0,4.984017141686943,0.052954334324942294,5.763467388541288,0,1
AST-001669,4,1,8.689115330666212,0.0798163468262135,89.16108973640233,1,1
AST-001670,4,1,9.05640448600072,0.2879356746609111,105.86986844798075,4,0
AST-001671,3,0,3.8534191907100057,0.050703214169836655,45.291126410048015,0,2
AST-001672,0,0,0.0,0.0,36.596995686112166,1,0
AST-001673,1,0,6.1242204264575575,0.17052157474149068,0.18753920691759596,0,1
AST-001674,1,1,9.34164486403973,0.06739643761797648,40.49331868484332,16,3
AST-001675,2,1,7.9815798719090765,0.26746214829815423,33.2929731115994,1,0
AST-001676,7,0,5.234269687696552,0.11808745754041214,10.078330438983347,12,1
AST-001677,1,0,4.330602213408068,0.2392920271760264,8.992149825660979,3,0
AST-001678,6,2,9.205983090934353,0.31950407670966047,143.06089148074008,22,2
AST-001679,2,0,4.330391316745756,0.2990072790783945,72.05980110293436,1,0
AST-001680,2,0,3.5337573566116633,0.014593853041347901,11.170246502297163,4,0
AST-001681,0,0,0.0,0.0,51.59260394556605,0,2
AST-001682,7,2,10.0,0.44301107210974294,6.912545738012847,21,5
AST-001683,5,1,9.497075027714379,0.06280321595722908,84.10014002978069,13,0
AST-001684,1,0,6.282624808517938,0.13931590229605795,9.162918983368371,3,0
AST-001685,2,0,3.936798743122319,0.06951238785740571,4.499196538747669,1,2
AST-001686,3,1,9.55630012965995,0.010852884268953943,44.321572309191,1,1
AST-001687,5,2,9.516630556024708,0.1696104745093003,1.6448248094059297,14,2
AST-001688,8,2,9.134090553202086,0.3756471540619363,22.046228874735895,18,2
AST-001689,6,2,7.133435896771905,0.24401424877143266,129.89466008694356,7,2
AST-001690,1,0,6.089623332925404,0.25919587249046244,28.740531064913096,19,3
AST-001691,3,0,5.842144790129352,0.10356349597601354,39.7946591068508,18,7
AST-001692,2,0,4.955686383762981,0.01251484749519686,41.494554830889655,0,0
AST-001693,4,1,8.124783136757356,0.03020647470513823,19.801056065169597,22,4
AST-001694,4,1,9.487506833152157,0.04799363512782921,4.83515780445011,16,1
AST-001695,5,0,3.6953250638140362,0.17941811864347518,20.725431668657038,13,6
AST-001696,3,1,7.9884393714336,0.07341603641385704,26.433424864612334,0,1
AST-001697,0,0,0.0,0.0,275.9716016427411,2,1
AST-001698,5,0,4.077620250853778,0.026360748184902326,66.42815765093943,0,2
AST-001699,2,0,6.723358042694926,0.12100377163948202,172.31464997076338,2,0
AST-001700,1,0,4.630894237382455,0.08757786262437256,44.02801566157518,2,0
AST-001701,3,0,4.410157336568085,0.0892669547383169,22.686783254049434,5,0
AST-001702,2,0,6.006379456408354,0.07805675695772106,24.611685934010097,1,0
AST-001703,1,0,5.557178235195479,0.16755088901426024,51.02793943201044,2,0
AST-001704,2,0,7.033650114202618,0.0034179001439485902,70.83260160977733,4,0
AST-001705,2,0,4.693464534530529,0.202041737656942,33.7171423905672,3,0
AST-001706,4,1,7.921447459636023,0.08774381623793004,0.30680679629387375,17,2
AST-001707,6,1,8.722611884165381,0.2300431010725601,17.75088053522192,19,1
AST-001708,2,0,4.723214082200111,0.012917030516666296,57.901849800314125,0,1
AST-001709,5,1,9.445096210103062,0.2242115991583501,0.9730020254245646,16,1
AST-001710,4,0,5.623034639041077,0.19177647565725095,5.297680256919291,18,3
AST-001711,3,1,8.791619776701397,0.04892206741828464,26.584646594530952,4,0
AST-001712,2,0,7.220479255584888,0.0905544947346789,0.4358929536789567,1,3
AST-001713,1,0,2.92169853614987,0.037459022314482913,71.22707793366163,7,1
AST-001714,1,0,4.688986712637827,0.0011196351740830823,18.886001941590422,4,0
AST-001715,3,0,4.904427478203955,0.19700829660708882,80.98809157736201,19,4
AST-001716,1,0,6.057095474211672,0.08771107671807514,16.923218306905333,5,1
AST-001717,2,0,5.693057234470243,0.10277345641038374,46.180386835770534,1,0
AST-001718,8,5,7.698546321217056,0.06048488400602881,55.51465657453094,18,6
AST-001719,5,1,7.351139759488127,0.05743007493518157,4.158477199085014,0,0
AST-001720,4,0,4.32481300944773,0.4215464266285049,17.22381043578603,15,3
AST-001721,2,0,4.742605858241875,0.24301021393104424,169.06736654667938,3,1
AST-001722,2,0,6.426201042960871,0.11521227900043365,2.969241497161001,5,1
AST-001723,3,0,5.6154496527661335,0.012057805715827378,2.9966518089316905,2,0
AST-001724,0,0,0.0,0.0,24.600564264833476,1,0
AST-001725,6,0,4.61532619044993,0.16319146147708966,1.2480597743903794,2,0
AST-001726,0,0,0.0,0.0,36.076747476475084,3,1
AST-001727,0,0,0.0,0.0,15.35206432139831,2,0
AST-001728,2,0,6.0774004554971075,0.0706145283086681,54.73508052218968,0,0
AST-001729,1,0,5.3373032988565345,0.03873280968452543,42.171387300718415,0,0
AST-001730,8,2,9.139857662789542,0.10291514301287903,44.519565098872285,11,2
AST-001731,1,0,6.919744092676519,0.09223982929441323,12.569522624788917,5,0
AST-001732,3,1,8.445896061059234,0.006199440047078643,55.378639267246,0,0
AST-001733,2,1,7.514322297097696,0.09714040231907,10.842933044091641,1,2
AST-001734,1,0,4.38500584053562,0.002066606495477414,3.95823060245496,1,0
AST-001735,2,0,5.027011182623689,0.24064306180127018,11.8912428327477,0,1
AST-001736,2,0,5.015129224752678,0.007619348425702997,96.02542142579838,2,0
AST-001737,6,2,7.910336099500363,0.2008904258050019,1.2396300785134948,15,5
AST-001738,3,0,6.367144495040304,0.02086108589924381,99.42193932038336,0,0
AST-001739,5,2,8.63235199882295,0.1899477537824005,11.90440405186386,2,1
AST-001740,0,0,0.0,0.0,11.784254158954283,2,0
AST-001741,6,1,7.078576310212766,0.39425944404998187,7.620435905036439,8,2
AST-001742,3,1,7.050514401625646,0.08025313374568402,8.484821842340477,5,1
AST-001743,2,1,7.849805569132595,0.16073081249575838,24.408666456960376,0,0
AST-001744,3,0,5.786185959012239,0.08462475507092017,81.76712940289488,3,1
AST-001745,0,0,0.0,0.0,4.544319719026716,5,0
AST-001746,2,0,3.9360467710638285,0.09217636636695921,157.93781131988743,4,1
AST-001747,3,2,6.639119500699639,0.1002200647193962,15.73992888613976,19,3
AST-001748,1,0,2.8630995252946017,0.07557246617726983,6.149932726209845,0,1
AST-001749,1,0,5.438471780523008,0.1488720143864055,6.954858677611922,3,1
AST-001750,7,0,6.517847555857364,0.12125096032133689,106.38955889113203,10,7
AST-001751,3,1,9.168173886439874,0.19834278890679852,9.561032670814143,2,0
AST-001752,1,0,5.318911240574203,0.31351772154838814,10.176991834144538,2,2
AST-001753,3,2,8.203386593197255,0.04320411224048114,19.015533179570454,1,0
AST-001754,1,0,5.329623074318944,0.07324859856404227,33.660026927099494,3,0
AST-001755,0,0,0.0,0.0,88.61333394640883,2,1
AST-001756,3,0,5.60984978985095,0.01600146875846702,10.060029099961572,4,0
AST-001757,6,0,4.591082545709391,0.09182104072894817,13.693151386048296,14,6
AST-001758,6,0,5.48752763868097,0.15015511644797155,51.607674953756316,13,4
AST-001759,7,3,6.649504321597543,0.12138104153666199,25.489823712340673,19,2
AST-001760,3,0,2.9032383234629613,0.18288495028242593,66.76937010930159,2,1
AST-001761,2,0,6.227194295542061,0.07695938428397658,21.078474939773802,3,2
AST-001762,3,0,4.189886786663007,0.17043823225847424,61.92479468839024,4,0
AST-001763,2,1,9.796477241576572,0.023906885503102115,3.4589486039935418,2,0
AST-001764,5,1,9.049948029375225,0.16423723028825188,29.850216275105918,16,2
AST-001765,0,0,0.0,0.0,56.276245695434625,2,0
AST-001766,9,0,5.053638483276124,0.13851693687837352,4.283181053283015,20,0
AST-001767,3,1,8.36783413622048,0.048443710973980446,32.17948610586529,3,0
AST-001768,1,1,9.545485970538701,0.0492427974550438,105.41646728392986,2,0
AST-001769,3,1,7.5752271555846304,0.07962043033507328,7.029579005448915,2,1
AST-001770,3,2,9.348268353546684,0.0930145769361532,53.73628141213778,1,0
AST-001771,9,3,7.756196949271906,0.10876889134099081,0.8459598775802856,18,6
AST-001772,1,0,3.6578068367245065,0.11220040838857359,42.94852708791539,14,4
AST-001773,1,1,7.219903618346882,0.06545877755272127,94.86630107722169,0,0
AST-001774,4,0,4.09408162655925,0.092257639052483,38.84196965078352,1,0
AST-001775,3,0,4.165835016678327,0.04448830271802718,29.275320016710275,2,0
AST-001776,7,1,8.084976365910883,0.12458722267913507,9.80093037850152,5,0
AST-001777,0,0,0.0,0.0,14.085195689915174,1,0
AST-001778,2,1,7.884928372311958,0.21898299698609847,149.60670423815537,18,2
AST-001779,0,0,0.0,0.0,2.515867160903953,1,0
AST-001780,1,1,9.914018660391061,0.07538841188764225,8.296289393886704,1,1
AST-001781,2,0,4.506736295884941,0.20792963963394528,28.877919160030583,17,1
AST-001782,4,2,8.095609361597484,0.0037882998135640653,16.914456384595457,0,1
AST-001783,4,3,7.984347979019388,0.014694580039166114,31.56583591621501,3,1
AST-001784,3,1,9.312017544274225,0.035820902042521335,30.939457325864836,3,0
AST-001785,1,0,2.804727334137437,0.15778100176092372,95.31688232502715,2,0
AST-001786,1,1,8.109747236303413,0.06492010208602164,93.86512016536632,3,1
AST-001787,2,0,4.874231759152017,0.07047768602285324,9.442264486270949,1,1
AST-001788,6,1,7.085357899436035,0.2271623755270031,3.5861534896263123,14,1
AST-001789,5,1,7.959740767036853,0.23971667210238526,16.690632521117017,7,1
AST-001790,2,0,4.300228034167893,0.1280252509239056,55.08689586762722,15,4
AST-001791,2,0,4.967965339275812,0.05334455984743148,80.75891615711835,5,0
AST-001792,6,2,7.889354744154128,0.08696959088645836,56.378034991126796,18,2
AST-001793,2,0,3.2205019707219438,0.06963144039953197,11.57205382737909,1,0
AST-001794,3,1,9.350227182448629,0.1088766849346772,30.619789752277466,1,1
AST-001795,5,0,5.106415973279659,0.07704734385599435,35.268969179250355,0,1
AST-001796,3,0,5.133109407034119,0.018882052629426115,33.855524733097795,3,0
AST-001797,2,1,9.9500497985475,0.003760670067055327,73.74707382227467,1,0
AST-001798,2,0,4.457961654458362,0.03837873299645529,15.649811710955657,4,0
AST-001799,6,2,9.855558720332848,0.08643669365753702,1.0784499961020588,13,3
AST-001800,1,0,5.125507528127259,0.07044316601524132,119.9223927587608,2,0
AST-001801,7,0,3.996709243916446,0.21942100215607369,9.626700599116678,15,1
AST-001802,4,2,8.469505353565113,0.06049619598308389,4.318552160372258,4,1
AST-001803,2,0,5.972625158249194,0.12276578277468299,20.304234332004643,2,0
AST-001804,0,0,0.0,0.0,50.03105718816292,3,1
AST-001805,0,0,0.0,0.0,81.08723610945704,2,1
AST-001806,1,0,6.2181973174555765,0.2871493184440537,53.12537828598311,3,0
AST-001807,2,0,6.226120649449855,0.09121844336939795,60.55228886264225,3,0
AST-001808,1,0,4.32134545689509,0.06504654734197358,11.291082735740922,1,0
AST-001809,2,2,7.659308029386274,0.027208037747576793,48.946001945079246,2,0
AST-001810,6,0,3.9923948865612937,0.20611083104682473,85.28964053290127,19,7
AST-001811,1,0,5.36383747820758,0.1819099305408419,9.402817199726371,4,2
AST-001812,2,0,4.33901818222307,0.004467796770079022,3.1390634472812895,1,0
AST-001813,5,1,9.36124275921386,0.22844278213082425,43.80176022857415,12,3
AST-001814,1,0,3.569965739346885,0.1355658207301401,56.69972337210256,2,0
AST-001815,6,2,8.73295215186019,0.2781317084692621,1.0733324453773956,13,0
AST-001816,9,1,8.511414927313284,0.3274509879237395,50.441987873588204,15,1
AST-001817,4,0,4.864495354520844,0.27737481665528,21.787246450202247,15,2
AST-001818,1,0,5.571529732196781,0.02238139943520545,11.408658377994332,0,0
AST-001819,1,0,4.60113392356063,0.1271262177866358,38.56282350870196,1,1
AST-001820,2,0,6.2936623061246095,0.04968338877616554,19.5349740763994,3,1
AST-001821,1,0,4.020348126606676,0.07764725290439035,125.65329933400346,2,0
AST-001822,4,1,9.475215376871203,0.013027171670609553,1.2639035081592407,2,0
AST-001823,1,0,3.7372297225915156,0.04169941990350295,11.675992018028508,1,0
AST-001824,5,0,4.927573278699912,0.2258961456219991,10.013878953399376,12,2
AST-001825,0,0,0.0,0.0,5.089043289399246,2,0
AST-001826,8,2,7.640009662779975,0.1007528639093916,11.996525975157427,17,1
AST-001827,6,1,8.027807001477274,0.04593194181379553,46.78349506263625,12,1
AST-001828,2,0,4.712695860954381,0.04197293368525586,13.576766576393695,1,0
AST-001829,1,0,6.400404151070231,0.008465881918869782,23.195508748407427,0,0
AST-001830,3,1,8.567518025441398,0.08718167942358022,88.01728553515252,2,1
AST-001831,3,1,9.341158132790008,0.0903570960382737,55.97209209603168,23,1
AST-001832,2,0,3.8808262531689612,0.14790842723107006,218.4467841481944,3,0
AST-001833,1,0,5.258392331923275,0.0016106089752572867,5.234552109802698,2,1
AST-001834,2,1,9.362964459562404,0.10345294600908982,11.127870910614627,1,0
AST-001835,8,2,7.905317495197587,0.2652993016263398,59.373996882288296,12,5
AST-001836,10,4,8.799398705665816,0.29239534843773096,14.452519109753494,16,2
AST-001837,1,0,4.731795624808417,0.06458104995418847,11.382213555794054,3,0
AST-001838,3,1,8.41838432927618,0.1315967122682036,47.79013712684194,2,0
AST-001839,3,0,4.483936221144023,0.13317269349158842,10.033557949694243,1,0
AST-001840,1,1,7.649009849408701,0.13450663493880227,2.2840427187754124,2,0
AST-001841,9,2,10.0,0.2647290949314717,2.395859976548122,17,3
AST-001842,5,1,8.229847371293397,0.19795090411273686,5.095941391223366,15,2
AST-001843,3,2,10.0,0.09078687210278623,7.335707260042778,21,2
AST-001844,5,0,5.218201677963687,0.15853685984825383,48.98264570863797,3,0
AST-001845,1,0,5.192410889979845,0.08820853319227441,5.43530827382348,3,0
AST-001846,1,0,5.551483188379944,0.2099883250860551,25.14951845132856,0,2
AST-001847,3,0,4.6424516019754325,0.2004629396475262,87.57301760612307,1,0
AST-001848,0,0,0.0,0.0,3.725863154464844,0,0
AST-001849,3,0,5.113177422167611,0.18483903340856897,24.771967194757035,11,3
AST-001850,1,0,5.500132980242976,0.09710854589827395,236.791903753997,3,0
AST-001851,4,0,4.869955812737078,0.04697010806184673,79.44087058608336,18,3
AST-001852,1,0,5.165587708622716,0.10170508319343015,5.730980655229017,2,0
AST-001853,0,0,0.0,0.0,0.7653421346054832,1,0
AST-001854,2,0,7.17664171480876,0.052055915168920754,16.281240611529093,2,1
AST-001855,2,0,5.105478830690291,0.1739881123958816,97.38140697027693,4,0
AST-001856,3,1,8.116394715915584,0.029863893229642485,2.538810596763451,2,0
AST-001857,4,1,7.941608157440104,0.05986002857813214,12.948771060958565,8,1
AST-001858,4,1,8.593559674949296,0.06653124492764598,20.71596619001786,2,1
AST-001859,4,0,4.330161423612088,0.23430054676968134,31.035612468384173,15,6
AST-001860,6,3,7.570213146264129,0.14683568701568173,5.643894563368406,15,2
AST-001861,1,1,9.04818722345702,0.09514699807606239,30.363089492733867,1,0
AST-001862,3,1,7.386304117464753,0.06453698539309166,11.198737652745178,15,2
AST-001863,1,0,2.7829491451295887,0.026024211878196157,4.071160297261399,3,0
AST-001864,2,1,9.0272806477357,0.03605436886711508,66.97634037318154,21,1
AST-001865,1,1,8.983418484186513,0.03285168166700032,39.22561198210595,1,2
AST-001866,0,0,0.0,0.0,203.70220552341704,1,1
AST-001867,2,0,4.93016757484588,0.13344699044561892,21.6161102853701,3,1
AST-001868,2,0,4.913359644817359,0.008326568054699056,30.91735613138715,3,0
AST-001869,2,0,5.411079579766102,0.22576478128681687,7.137503673736952,16,2
AST-001870,5,0,5.032747272586784,0.09516326118614256,79.60044303169023,10,6
AST-001871,3,1,9.258231670921868,0.21199049552363242,10.414024744728167,13,4
AST-001872,1,0,5.565731778202916,0.014921803958877888,13.330822360304781,1,0
AST-001873,4,0,4.6624037724896805,0.047981873191151346,104.06889986025209,2,1
AST-001874,1,0,5.186315872897117,0.004468403229397477,12.686930154906237,5,0
AST-001875,2,0,5.35351298613787,0.050695872855361264,22.965919246889317,4,0
AST-001876,0,0,0.0,0.0,3.086965186871205,0,1
AST-001877,2,2,8.353304728522325,0.02411588534271856,26.625283630751202,0,0
AST-001878,2,1,7.865464997383057,0.08738832202653236,68.13713119404997,5,0
AST-001879,1,0,5.604311758653698,0.01570388065737349,153.45980302891354,1,0
AST-001880,3,2,7.346764177870548,0.23686944333182683,0.10053675845532845,3,0
AST-001881,2,0,5.135246593986147,0.17452899401603336,2.0924678246014,0,0
AST-001882,2,0,4.810442725730653,0.3165389204250336,31.845192202434827,12,3
AST-001883,0,0,0.0,0.0,23.29660704280861,0,1
AST-001884,1,0,6.082413050956507,0.073023900063796,125.55470042809641,18,1
AST-001885,3,0,5.409227931479255,0.006527170489018672,29.36707897832198,1,0
AST-001886,2,1,7.641475398759772,0.05893268036882061,96.47070442672253,17,3
AST-001887,2,0,5.243629299560184,0.020742706526329535,62.58979087395635,6,0
AST-001888,1,0,5.237166001647,0.1074847739541899,16.66433369192371,2,1
AST-001889,2,0,3.881823410407621,0.21195389250986948,3.1280998969390095,2,0
AST-001890,6,1,7.726335417152758,0.11702564103879591,12.696741646849327,14,2
AST-001891,1,1,7.411752454310149,0.03292731145757377,77.52964290548563,3,2
AST-001892,4,2,6.5855539886045795,0.20246580367019246,1.5940703280939066,2,0
AST-001893,6,0,6.282369040688853,0.4165434457972016,7.0885328419435485,17,4
AST-001894,1,0,7.199882500743067,0.02805537191729228,12.754862832547193,2,0
AST-001895,4,0,4.473349108766179,0.05839983765952488,31.955143712551315,0,1
AST-001896,2,0,4.207849273801422,0.2690807959945693,24.571688163033915,1,0
AST-001897,1,0,4.179087819599612,0.28386437052562113,17.29113752156542,2,0
AST-001898,5,0,5.694748724395668,0.23654544864577037,164.74714061873655,1,0
AST-001899,4,1,9.562068911207941,0.2758533150538295,32.06615903998983,2,1
AST-001900,10,1,9.297910905858513,0.11575224532679286,15.825340899349147,26,7
AST-001901,6,1,9.324612509479413,0.17309677272574198,92.7378469768572,12,1
AST-001902,2,1,9.368541356773337,0.06345111451357932,88.33869048890642,0,1
AST-001903,0,0,0.0,0.0,8.171193557305877,3,1
AST-001904,4,0,3.430603789576582,0.02557013263633542,35.3172556649658,10,4
AST-001905,4,0,5.656432671432902,0.11215067335782275,49.5679362126386,13,6
AST-001906,6,1,8.45448443009798,0.2808765486630454,46.28358804429712,13,0
AST-001907,0,0,0.0,0.0,42.26836246014142,0,1
AST-001908,4,1,8.320214511879406,0.18401979326662796,33.145475777902746,13,2
AST-001909,3,0,5.342988800149571,0.29031703211272425,18.076073419421622,15,2
AST-001910,1,1,8.983330371701609,0.12333368054044733,5.427499199468286,3,0
AST-001911,3,1,8.457128644297459,0.07229069245292119,12.929974355557677,4,1
AST-001912,1,1,10.0,0.10809837153447854,0.3635611605866511,1,0
AST-001913,2,1,8.46283601103279,0.06932988257190273,97.88686645327509,3,0
AST-001914,7,3,7.461870189276428,0.2740508059540962,63.81642993394356,19,2
AST-001915,9,2,8.489836324557935,0.22748208590325808,25.370202534587754,20,1
AST-001916,6,4,8.057828795610416,0.10978734056019764,59.8920014178542,17,1
AST-001917,6,1,7.239955556784212,0.24938221955486733,8.30702257653051,14,1
AST-001918,2,1,10.0,0.0671325306800952,52.155507760935436,1,3
AST-001919,0,0,0.0,0.0,44.417658157411246,6,1
AST-001920,4,2,7.773474182684111,0.21517828235447514,107.38830747514643,14,3
AST-001921,1,0,5.419122387962565,0.12269231614011795,0.5571058759232493,1,0
AST-001922,1,0,6.01325340042475,0.014809836859567936,3.1440530053376357,0,1
AST-001923,3,0,3.297303122842804,0.03547198783229318,35.744992219462084,4,1
AST-001924,2,1,10.0,0.15235813966952,1.2243184002027223,2,0
AST-001925,0,0,0.0,0.0,40.66049777326394,4,0
AST-001926,1,1,9.620147209603061,0.14655398626329919,20.576064340167232,3,0
AST-001927,1,0,3.1992064749901474,0.11838287722271001,32.55035210362958,2,1
AST-001928,3,2,9.361243149670372,0.11928603779724171,33.687425856575295,18,0
AST-001929,3,0,4.352386815275798,0.23619386428581013,2.1587557865496705,13,5
AST-001930,8,1,10.0,0.19248811182691214,1.102194191048162,15,2
AST-001931,3,0,4.244201991475952,0.02203217872270646,27.504211822206464,0,0
AST-001932,12,2,7.606512713017906,0.1155785636873825,22.61371229351602,20,3
AST-001933,3,0,4.227432298164961,0.10544366511679863,66.52162351579123,17,2
AST-001934,2,0,5.531084699483046,0.015455966444183953,21.80834505371058,1,1
AST-001935,7,2,9.5205216854008,0.22643206984195227,34.79217984895067,12,3
AST-001936,2,0,4.042308454994288,0.21943376992897862,0.06611404955220565,0,1
AST-001937,5,0,5.551712999493412,0.0958911671354969,42.06454069125016,16,3
AST-001938,2,1,8.37042389879496,0.054270080905995284,0.5935872931407595,1,2
AST-001939,1,0,4.100237530718362,0.2927965614554342,55.18937634141454,0,1
AST-001940,1,0,5.142740796848222,0.11193894167525303,113.45179548868234,3,0
AST-001941,1,0,7.381452337642058,0.0915396246218538,2.194478214813725,6,1
AST-001942,2,1,8.754700353651668,0.14658509108369794,22.72843806571651,2,0
AST-001943,5,2,7.388426723281244,0.08217731610152934,5.466626714083803,18,3
AST-001944,6,2,9.251059090134612,0.3457944818479505,19.04923183740488,13,5
AST-001945,7,3,9.202582761009674,0.18961666332879337,0.8159305176514033,12,1
AST-001946,0,0,0.0,0.0,19.737135332505343,1,0
AST-001947,7,1,8.912835008585514,0.03582058909546122,9.292691333064463,16,4
AST-001948,1,0,2.825954970355754,0.04476677798249134,9.426850701117989,1,0
AST-001949,6,3,7.201652604501456,0.17576991847528176,1.41214659590474,11,4
AST-001950,1,0,4.779521463067496,0.10454031286341149,1.3075621122398453,3,0
AST-001951,3,0,4.480847883631563,0.11622283322194382,20.416797467938522,0,0
AST-001952,5,1,8.393776705703068,0.3163634139400893,32.72061836743768,12,6
AST-001953,5,1,8.761029188224319,0.030677489565922818,12.425436096999164,15,2
AST-001954,3,0,4.725761494425623,0.11385172073339143,24.956104564305356,3,0
AST-001955,7,0,5.453646558456758,0.09549461729362588,27.77861915155316,15,5
AST-001956,1,0,4.813693835001896,0.05597503754787614,4.149766182814454,1,1
AST-001957,2,0,5.30589226711884,0.10776618759327405,12.232786696777026,17,1
AST-001958,2,1,7.994266514155575,0.05354950084464598,19.525286680045788,1,4
AST-001959,5,2,9.270088581525988,0.2654862567471876,57.81828211452659,4,1
AST-001960,1,0,5.369106991817426,0.02262227984016948,4.589077079355869,3,0
AST-001961,3,0,3.317646166023061,0.009208607209378859,8.237962176457842,5,1
AST-001962,7,2,8.805676612487277,0.16482524829432127,44.715360663297844,20,2
AST-001963,3,0,5.257765937071194,0.11997033380421021,18.76672152144072,2,0
AST-001964,0,0,0.0,0.0,46.05077608298864,2,0
AST-001965,3,0,6.328945544832795,0.007781706323847919,37.42261492170576,2,0
AST-001966,1,0,4.57161307619727,0.0584375822158048,14.479557995117645,5,0
AST-001967,9,3,7.348938200278077,0.030357911740597765,40.9848297495426,12,6
AST-001968,4,1,7.124538927268284,0.03700523590786855,51.42166520822062,0,0
AST-001969,2,0,5.608113122419248,0.004762255377825867,226.46698124799727,4,0
AST-001970,0,0,0.0,0.0,11.892122836989099,3,1
AST-001971,2,1,7.076110672495306,0.02454421850654229,9.834745441816295,1,1
AST-001972,7,2,8.981018758147567,0.3728470894783714,49.66996443673764,13,4
AST-001973,1,0,5.712498158970258,0.07443891171207341,5.007948278059499,3,0
AST-001974,2,1,8.31707589180424,0.056679215176154076,7.273853830667292,1,2
AST-001975,6,3,9.116073143517879,0.06806253197508098,21.90722693180921,10,6
AST-001976,2,0,3.5414637780640845,0.01502386443912683,2.6513669442851246,2,0
AST-001977,1,0,4.439661551318312,0.18363654769603385,32.84481069073131,17,1
AST-001978,3,0,5.350956696131487,0.09714212341882136,19.111415596227054,2,1
AST-001979,3,2,10.0,0.27922109531273864,25.57687886611481,18,3
AST-001980,3,0,5.669377520639529,0.029013801527782174,28.95264290012977,1,0
AST-001981,0,0,0.0,0.0,70.66870561537077,2,2
AST-001982,4,1,7.482583281488488,0.29535833006859114,176.63238825276062,4,1
AST-001983,6,4,8.102105796090344,0.19582418443637115,91.70621478171591,7,3
AST-001984,6,1,9.849526019263129,0.07702926746025612,24.02380786129151,19,4
AST-001985,2,1,9.547300606588893,0.1425740197064223,14.119409747423244,0,1
AST-001986,4,2,9.809945012289296,0.17857862197639124,22.23365150612266,15,8
AST-001987,1,0,4.730624692608114,0.0456075544745401,74.7337172093705,3,5
AST-001988,2,0,4.715614797689181,0.2885188765319717,70.6731665592411,14,2
AST-001989,6,1,7.303979558472038,0.5173763140117346,69.37700365842916,14,2
AST-001990,1,1,9.226900069553462,0.021150459831270323,17.656445568866637,0,0
AST-001991,5,0,6.284246490288111,0.49158072968024047,32.51526402856366,17,4
AST-001992,5,2,8.266840073608021,0.12931985761823528,96.17968525112548,3,0
AST-001993,1,0,4.117794320410516,0.031170891642635663,4.897440640522206,1,0
AST-001994,0,0,0.0,0.0,31.39366274672078,3,0
AST-001995,4,1,9.605735918247714,0.15862300410167446,25.065302462210305,18,2
AST-001996,5,1,7.660862122923049,0.3306776179909299,6.57810468411347,14,2
AST-001997,2,0,3.989972558606574,0.2714731492910074,82.01449748318731,10,5
AST-001998,4,1,6.9572623091374135,0.06939418422795306,32.000164858861474,17,3
AST-001999,5,0,5.575357914237048,0.02246896158504997,82.62290059954431,21,2
AST-002000,1,0,7.892069376647598,0.04010330874857864,30.479260086004633,1,1
AST-002001,0,0,0.0,0.0,12.86353708155011,1,1
AST-002002,2,1,7.001092762638213,0.07825508908355064,1.819475995697872,2,1
AST-002003,3,0,4.395362103215849,0.07041336213238489,28.72348707665959,2,0
AST-002004,4,0,2.8996681239694286,0.05664829701090072,34.26515116993771,3,2
AST-002005,3,0,6.270513379255545,0.020073947568971028,23.58539383590354,1,1
AST-002006,7,1,7.952867092397819,0.11710669081376346,20.932823135890605,22,7
AST-002007,5,1,8.793977632211226,0.08808030900885223,10.175413841833041,15,2
AST-002008,3,1,8.524208262198623,0.30974937206535474,84.34281603693478,2,0
AST-002009,3,0,5.992695969726667,0.20308953721115913,13.609918676662257,22,2
AST-002010,1,0,4.983455949822336,0.15672383440214452,49.29467245573249,1,0
AST-002011,6,0,5.927780566483594,0.2575229841266477,121.00152141749018,21,2
AST-002012,3,1,8.673911971596038,0.021636010766343715,1.2391825608826104,2,0
AST-002013,3,1,7.698842731924797,0.05734077917526904,75.38223541992109,2,0
AST-002014,5,1,8.846678428036862,0.2074980862985643,106.31447571971592,9,3
AST-002015,3,0,5.193965794359899,0.0663358942610464,2.2293961274363423,0,2
AST-002016,2,0,4.702090724382007,0.09662548417481774,77.28256340781402,3,0
AST-002017,2,0,4.490097842409663,0.007902205023834133,25.698484681900013,4,0
AST-002018,3,1,10.0,0.11337326969408819,14.52321490741761,0,1
AST-002019,9,0,6.873767098874229,0.1986273536139623,0.524420863116831,16,1
AST-002020,0,0,0.0,0.0,120.99691569795964,3,0
AST-002021,6,1,7.106697458465852,0.24506358327044872,44.52447252479989,11,4
AST-002022,0,0,0.0,0.0,9.198719260291854,2,0
AST-002023,2,1,8.878842039901738,0.060400289323600975,54.63741034255254,3,0
AST-002024,1,1,9.199707761000582,0.03875758210254085,52.84783719534993,0,0
AST-002025,5,2,8.165696805668988,0.050513369416056345,102.05777888878681,17,4
AST-002026,0,0,0.0,0.0,74.89162305268603,0,1
AST-002027,4,0,6.662782962916,0.1427148271612904,19.936684765701955,1,1
AST-002028,0,0,0.0,0.0,7.081798192708046,4,0
AST-002029,3,0,3.7656531363535466,0.039215577809244555,72.49602296293804,0,0
AST-002030,4,1,6.3428651093093755,0.22106156202699317,30.918823859742105,15,2
AST-002031,3,2,7.4753752872279655,0.006081950645979147,71.8632486775956,1,0
AST-002032,1,0,5.525626488427294,0.05055621728843025,73.47303294802005,0,0
AST-002033,1,0,5.729243904634772,0.0029051999389792756,132.30354236441798,2,1
AST-002034,2,0,4.571091983288671,0.05985379501097187,5.461329232465424,4,1
AST-002035,3,0,5.314548298969054,0.07273987403428271,39.26344074691482,1,0
AST-002036,0,0,0.0,0.0,13.766531500660282,1,0
AST-002037,2,0,6.342443150630668,0.05784058498591843,121.37507682059127,1,2
AST-002038,4,1,7.107829520382335,0.025061138039893717,17.976346313309833,3,1
AST-002039,3,0,4.746146810206764,0.1858111424169568,15.83551970347211,5,0
AST-002040,2,0,3.7563775944865583,0.4452115655579257,146.71826863994545,15,2
AST-002041,3,0,1.8094370141452365,0.10163490907853866,36.72422804431685,13,5
AST-002042,4,0,5.248663792083873,0.23849154051596888,44.75565167481252,0,1
AST-002043,0,0,0.0,0.0,14.266897787282277,2,1
AST-002044,1,0,3.794745465342814,0.07641786834306172,13.422702001710242,14,1
AST-002045,9,1,6.641238143319963,0.12174832117135571,164.0509534175265,13,3
AST-002046,1,0,6.020562245602189,0.006288762835673053,0.4787537982388078,2,0
AST-002047,5,1,9.064774123044495,0.3826215211990952,55.37947185150085,16,2
AST-002048,7,1,10.0,0.13693533771712973,5.289855859673652,14,0
AST-002049,4,0,6.186017487997745,0.03151460040834302,29.003825094598607,2,0
AST-002050,4,0,4.388663521804251,0.06883716484633262,28.647876669880983,5,0
AST-002051,5,0,5.875514239521614,0.2091415296918777,75.67638976630859,8,6
AST-002052,2,1,8.490353452984136,0.03343939055500995,13.60228397259647,1,0
AST-002053,7,1,8.642084953905558,0.2136121147179507,7.261667412603387,20,1
AST-002054,5,1,7.773853217525421,0.2946125181263963,11.83620370324806,15,3
AST-002055,5,1,9.18326396541334,0.15194752873701897,38.074697778170815,20,2
AST-002056,0,0,0.0,0.0,41.098485032690235,0,1
AST-002057,0,0,0.0,0.0,23.118217739323175,1,1
AST-002058,2,1,8.367711250201417,0.0485681396649797,15.712823200593652,1,0
AST-002059,7,1,9.153709582245432,0.07178088154819125,60.4360904191407,15,3
AST-002060,5,2,7.303219308089641,0.14053760494433654,53.617517136485134,15,6
AST-002061,1,0,5.358010276545535,0.006200593110644701,84.48178980506161,0,0
AST-002062,2,1,7.134225365056781,0.09105803104629363,70.57095151387493,1,0
AST-002063,7,1,7.979025696131199,0.23331047818011208,8.620433476734595,22,3
AST-002064,4,1,7.932767022299233,0.01973417455567541,80.15301580674833,17,4
AST-002065,2,0,5.807087300972288,0.04377146934350923,2.9940943161494578,2,1
AST-002066,1,1,8.882638831998833,0.09439561795733305,42.507561667670366,1,0
AST-002067,6,2,9.439507887262819,0.24641259477370295,18.19992219783996,18,5
AST-002068,3,0,5.937117142027536,0.08238550429839633,66.34280608671288,21,3
AST-002069,4,2,10.0,0.11631271124922603,119.93417328869853,8,2
AST-002070,3,2,6.867231513273435,0.04891449023526958,56.513468953213426,1,1
AST-002071,3,0,4.383007852765034,0.049542380654013576,15.537388821662345,1,1
AST-002072,0,0,0.0,0.0,13.224922755175612,3,0
AST-002073,4,3,8.986832141951947,0.41866933861321637,1.2020118284911714,11,0
AST-002074,2,0,5.331079912392793,0.10589040761842927,53.03304882269935,13,3
AST-002075,8,2,7.788185511356384,0.16043003647281961,125.70994061270004,15,3
AST-002076,1,0,5.367550823949021,0.03708345541536998,13.49671690384114,2,1
AST-002077,2,0,6.193081923878234,0.1137970237825933,201.54650065620112,15,3
AST-002078,2,0,3.3975014420815643,0.043941134994118176,35.30648484165535,2,1
AST-002079,2,1,8.463694296291399,0.08715931289400299,57.77142912039513,3,1
AST-002080,0,0,0.0,0.0,2.566829606710998,0,0
AST-002081,10,2,7.420830661012662,0.1497602035321209,6.816891238521994,25,2
AST-002082,4,2,7.529758746206278,0.07577776427653994,216.13657463773856,19,3
AST-002083,3,0,4.750691518638245,0.013199475929736483,4.340213754690043,1,1
AST-002084,1,1,8.76791641226634,0.04512913212479043,2.2205885951595348,2,0
AST-002085,5,1,9.480668267746264,0.23745984523730065,18.24147156903485,14,4
AST-002086,3,1,8.907393454950055,0.02924410653284731,3.732473867624865,4,0
AST-002087,5,0,5.701461655713743,0.1984667464181647,6.256967678947493,15,2
AST-002088,1,0,5.982935243983198,0.08616828831699798,75.51024520028159,5,0
AST-002089,3,1,10.0,0.05616603724839309,29.041223324648463,0,1
AST-002090,4,0,5.0994923148862314,0.03331403748220607,14.251319644061848,2,0
AST-002091,1,0,3.1557842184994236,0.0565487713366648,25.627900684827587,3,1
AST-002092,1,0,6.520369217010018,0.013900811955632432,166.68174130814626,4,0
AST-002093,2,0,7.165419128039797,0.10575908553840337,10.494664811843794,2,0
AST-002094,0,0,0.0,0.0,4.5436779914602905,4,0
AST-002095,1,1,10.0,0.0689682658927445,117.72047927801023,3,0
AST-002096,3,0,5.668462268162231,0.09330855588615168,11.745812019641408,12,2
AST-002097,2,1,9.14855162446297,0.012382227107300362,27.064144166985976,1,0
AST-002098,4,0,5.161149383789119,0.016172403718914093,19.587881513070464,2,0
AST-002099,8,5,7.018817287355821,0.2743038048391104,1.0314293065614382,13,2
AST-002100,4,0,5.139702702458265,0.05428248777357221,29.433913548811205,2,0
AST-002101,0,0,0.0,0.0,10.10827845619991,2,2
AST-002102,8,1,9.221738301332287,0.3919699457454239,27.689499154731596,11,6
AST-002103,4,1,8.441622836257235,0.04056227629907833,8.049598175817529,11,3
AST-002104,4,1,6.976419256847626,0.14562868617376548,42.695376757577286,15,2
AST-002105,2,1,9.454195656521936,0.007280244028755189,128.7022602880975,2,1
AST-002106,6,2,8.568936575377768,0.1778693867477281,79.31979327337817,16,6
AST-002107,5,0,5.263653399739652,0.3025565106405354,0.41100047029791276,5,0
AST-002108,3,1,8.168802317544749,0.4191520276654161,99.45519404621855,1,0
AST-002109,4,1,9.226254270722382,0.0629101176334126,10.459693186331322,24,3
AST-002110,2,0,6.087231516826029,0.0009058811285232513,12.841044914328172,0,2
AST-002111,5,0,5.307327781882468,0.060490653554601086,76.04260845193183,11,3
AST-002112,3,1,9.94859923089249,0.01145252643622751,32.37978979706992,3,0
AST-002113,3,0,6.009558396882341,0.08310686653569832,23.826370626315796,3,0
AST-002114,4,0,5.366374752359491,0.04950361762407353,0.012027312689291149,16,6
AST-002115,2,0,4.693814747551013,0.031752692827705924,16.72015338233293,1,2
AST-002116,5,2,8.116472289958217,0.12278404224892295,43.165601584478964,12,3
AST-002117,6,0,3.1535845262771707,0.3222768308922234,4.355222608229254,17,0
AST-002118,0,0,0.0,0.0,36.18025880995311,16,2
AST-002119,1,0,4.8705169267283335,0.18536319223545514,0.5635552982248929,4,1
AST-002120,2,0,5.320339638825331,0.05602422616736814,48.84138477426286,2,1
AST-002121,4,1,8.575370265879275,0.27651086014506826,2.5986729564260975,17,4
AST-002122,6,0,5.938275822777592,0.20478427572229302,0.6883651734569793,11,4
AST-002123,2,0,5.283203091240766,0.008759643917729218,57.506666737657106,2,1
AST-002124,3,0,4.338444226789319,0.25788577416206837,58.68217254629151,18,4
AST-002125,3,1,7.817511936433056,0.029226327138490025,10.147834047319646,2,0
AST-002126,9,3,9.001470775138849,0.2292117396049796,4.430872759087868,10,4
AST-002127,1,0,3.8864174118812618,0.21972159999586596,68.98503189559874,0,1
AST-002128,1,0,4.7453448313965305,0.053529203605270054,66.56848464741987,3,0
AST-002129,0,0,0.0,0.0,10.029400046133748,5,0
AST-002130,0,0,0.0,0.0,15.624438070556243,2,1
AST-002131,3,1,7.986474251136534,0.11540436283244433,11.09091712421797,12,2
AST-002132,1,0,4.994752165268358,0.04849496345871245,35.73553725633517,0,1
AST-002133,7,1,8.683402114053502,0.23772907725015738,46.68353908812352,13,4
AST-002134,1,0,5.418207367042297,0.0790783182492996,129.68261437199845,1,0
AST-002135,2,1,8.550445941291283,0.004415763410278441,10.266853337470453,4,0
AST-002136,2,0,4.8976233901764745,0.2962346018389468,33.799051809611726,3,1
AST-002137,1,0,4.679148588980959,0.12176801519173523,5.436898612152987,2,0
AST-002138,2,0,6.147638198568477,0.08346079860829693,29.00525512688135,1,0
AST-002139,0,0,0.0,0.0,70.1242849721882,1,0
AST-002140,3,0,5.994078908858076,0.19470596386253028,16.740999450687706,14,5
AST-002141,1,1,8.508278787650651,0.12114959712334086,40.29482601155139,4,0
AST-002142,2,0,4.825269454551725,0.07174960761961527,50.191890865200975,2,0
AST-002143,14,4,8.70380164527497,0.34612417150931996,1.9090912490243874,17,1
AST-002144,1,0,4.151087090997221,0.015249354900093383,1.8184641862485353,3,0
AST-002145,3,1,9.408145903129457,0.0011309541654943266,1.9356384048923567,2,1
AST-002146,1,0,5.602438596020562,0.0963098663347097,8.088994889254606,1,2
AST-002147,5,1,7.965000105000671,0.016520534667147757,39.51774693462247,0,1
AST-002148,0,0,0.0,0.0,48.79777618590735,1,1
AST-002149,3,0,4.442393813567277,0.12240786489245786,34.3539760599972,3,1
AST-002150,4,1,7.525345556991976,0.12546448259533252,27.487680278016704,15,3
AST-002151,2,1,8.789028647763699,0.2107502521434405,92.95954157643044,9,4
AST-002152,1,0,4.849139960490337,0.07320313128314525,11.963127133818121,1,0
AST-002153,8,1,8.371949228194918,0.01568715922005196,31.438302728107274,15,5
AST-002154,0,0,0.0,0.0,37.83224015044759,1,0
AST-002155,0,0,0.0,0.0,5.740243737474876,4,0
AST-002156,2,0,5.796742089490541,0.03863510336039706,101.83647541609196,3,0
AST-002157,1,1,7.584478108837053,0.06101439800130306,48.14086822390088,2,0
AST-002158,2,1,8.43250034927088,0.17987700078492924,0.4455638621486917,1,1
AST-002159,0,0,0.0,0.0,3.0317218480969452,2,1
AST-002160,8,1,9.595497950422708,0.4205647355471937,79.76783512909196,17,6
AST-002161,6,1,8.451394527776982,0.146930576272653,11.518564492150576,10,2
AST-002162,1,0,3.777495462406293,0.004354857611956178,14.820933815381313,3,1
AST-002163,6,2,9.139814862882174,0.10187356833409138,38.98884654184215,16,5
AST-002164,8,0,5.703498847196443,0.23408009136695734,19.841060236234092,26,2
AST-002165,1,0,4.963146578856784,0.21773371771569697,42.05679146243567,1,1
AST-002166,4,1,8.972848456951777,0.041905865688208914,45.456003503831205,0,0
AST-002167,0,0,0.0,0.0,82.45576889152093,3,0
AST-002168,1,0,5.868373700044347,0.09751265906874079,35.806552944663785,3,0
AST-002169,0,0,0.0,0.0,20.580246204154594,1,2
AST-002170,0,0,0.0,0.0,75.28230541299666,6,1
AST-002171,1,0,6.368493007562307,0.027388475630573634,21.028411269601083,0,0
AST-002172,2,0,3.4520359986832982,0.09926597493811191,65.15225921746213,2,0
AST-002173,4,0,5.144273154830409,0.010649245865294206,38.297297613328084,0,1
AST-002174,3,0,6.268645123234352,0.0943552353744556,42.29054064395757,2,0
AST-002175,3,0,7.047262378598466,0.04154434462934371,22.153350693248175,6,0
AST-002176,0,0,0.0,0.0,45.42136700150813,2,1
AST-002177,2,1,8.740507993413889,0.0262640892674741,19.028862768683748,0,0
AST-002178,6,0,4.873263294982315,0.04865682938384889,39.236197233156275,16,3
AST-002179,3,0,5.013991811866599,0.0624301561975622,5.4737869908596215,3,1
AST-002180,2,1,8.619786285877872,0.003600616745666701,135.02917782843943,4,1
AST-002181,3,1,8.938984598485344,0.03419324548639653,2.660222867246296,0,1
AST-002182,4,0,7.25849172225532,0.3037551313693557,0.1450139707296371,14,2
AST-002183,5,3,9.707428032701667,0.16889798039408532,41.56051354405664,21,8
AST-002184,5,0,3.5154826500344925,0.028013639897457584,42.11230124964613,4,1
AST-002185,3,0,4.2294819647291195,0.030550395271333988,117.20670284247396,0,1
AST-002186,2,0,5.761855206558394,0.22641391435723687,1.474252922336206,2,1
AST-002187,1,0,3.8940125202427147,0.03527914006777294,23.99877379203869,3,0
AST-002188,9,2,7.407779935181733,0.08614754029127188,23.902583910076864,21,6
AST-002189,1,0,4.587714745881962,0.00845896367304681,14.479407745784068,2,0
AST-002190,2,0,5.831957491997901,0.23668823142888487,81.2229101468083,4,0
AST-002191,2,0,5.96262387679684,0.06131678057480975,65.09150687652965,2,2
AST-002192,1,0,4.1133677468066585,0.16256547637139418,84.10092850209756,2,0
AST-002193,8,4,6.643163105402377,0.3706052862923251,35.75061314709011,14,1
AST-002194,1,0,6.0388922990279585,0.20519904127992467,38.97059931650036,1,0
AST-002195,5,2,9.285917285574547,0.062408967907269186,49.38825730978284,16,3
AST-002196,0,0,0.0,0.0,65.59964600809738,1,1
AST-002197,1,0,4.865636936048739,0.057310301003331024,20.553311474429226,1,0
AST-002198,1,0,4.986581969677489,0.04721050700198829,70.90563498476506,4,1
AST-002199,5,3,8.637257545817315,0.3913165723042316,2.099257353887716,2,0
AST-002200,2,0,4.448256214438297,0.044622145364095415,26.398379160053477,4,0
AST-002201,0,0,0.0,0.0,2.9533353103986193,2,0
AST-002202,3,0,2.9852369459756174,0.3372629338172361,0.04286630649637573,14,1
AST-002203,4,1,9.57212243828356,0.22880482921825804,33.36874509226417,0,0
AST-002204,2,1,7.686500713385445,0.039997433453363374,0.10240372397178218,1,0
AST-002205,1,0,3.046257971062976,0.4203276816102658,91.40089261426606,1,1
AST-002206,0,0,0.0,0.0,0.1291057340428685,2,0
AST-002207,2,0,5.586570748574617,0.014055504371313077,38.56611990787826,18,3
AST-002208,2,1,8.256582929180766,0.21066890950559355,26.40953646481315,6,0
AST-002209,7,1,9.056524920228707,0.15799192604744408,17.408148449885783,14,2
AST-002210,3,0,3.1181464747075265,0.02825627739929926,41.148650553625124,1,0
AST-002211,10,0,6.257182236194113,0.28735955361089077,6.364355243956294,15,3
AST-002212,3,1,7.364504357527188,0.13576134638758844,12.158672928706444,16,5
AST-002213,3,0,5.840418354495557,0.17392202298768258,76.3838751848408,15,1
AST-002214,0,0,0.0,0.0,55.82937984726375,1,0
AST-002215,2,0,5.082080614574429,0.018933793002397732,6.76617905761192,1,2
AST-002216,1,0,3.343118677449966,0.00556413381200303,38.30912642325148,3,0
AST-002217,2,1,10.0,0.0727299991261906,50.53066098257857,0,0
AST-002218,1,0,6.187747642526425,0.06480802793552538,114.35466540350241,1,0
AST-002219,9,0,4.237024568864569,0.14272947765437466,29.901375680388497,12,4
AST-002220,2,0,6.45251604510838,0.03780208079076485,50.822496287243474,2,0
AST-002221,3,2,8.144740758334605,0.13993292954982509,19.68137119258391,15,4
AST-002222,2,0,4.613480853490106,0.22608507914016343,43.37332826063682,2,0
AST-002223,7,0,3.7355329428506443,0.30372554307611377,15.849943488264188,15,3
AST-002224,1,0,4.804532488306051,0.024295738552667697,29.10532322080897,1,0
AST-002225,4,2,8.466497652610844,0.2137564128748865,9.59655751511394,0,1
AST-002226,7,0,4.227998674632429,0.20660781218625035,98.49120390690196,10,4
AST-002227,2,0,5.733601887115125,0.0011570611716579854,67.72277727081807,2,0
AST-002228,2,0,6.5531827819878075,0.09722696499607206,89.6149439146518,17,4
AST-002229,4,1,9.22965493266535,0.3123654938304801,31.90326028459637,1,0
AST-002230,1,0,3.389653242871992,0.14605663661002494,34.93152116641702,5,0
AST-002231,4,1,7.024558801995755,0.10146125283790494,17.746434809461867,16,1
AST-002232,2,2,8.725692390899681,0.14552457474707245,6.49935155549823,1,1
AST-002233,5,1,9.48731433746811,0.07057735955211226,47.473612455182334,11,3
AST-002234,1,1,8.26125397282402,0.20149067993281097,26.049467045475204,2,0
AST-002235,6,1,8.60074162800208,0.0824452048926198,34.64375649592803,16,3
AST-002236,3,0,5.059215886222587,0.014008840643079895,59.383477824144144,2,0
AST-002237,3,0,4.714070674459867,0.058600134585122685,32.52534810287211,1,0
AST-002238,1,0,5.443713429570747,0.017811950983664757,27.27427063315712,0,1
AST-002239,3,1,8.817329036415481,0.07980238949814611,41.95684839394923,3,2
AST-002240,0,0,0.0,0.0,3.5532457944794404,1,0
AST-002241,0,0,0.0,0.0,92.34959120394366,1,0
AST-002242,3,1,6.817965520143492,0.040213718065101114,10.151057673924942,3,0
AST-002243,1,0,4.981350299560141,0.054910032442443066,8.23203127753304,1,1
AST-002244,2,0,4.563562628676578,0.009076725940117762,39.028143146278,0,0
AST-002245,3,0,4.360171110749971,0.029307375262049497,6.7459904822378105,1,1
AST-002246,1,0,4.115689122769207,0.021063918998131016,12.68153132766823,2,1
AST-002247,3,1,9.491465045074339,0.003635153993208109,113.64469076750893,1,2
AST-002248,1,0,4.8822550999445955,0.07864189885809729,0.1929563572576245,1,1
AST-002249,7,2,10.0,0.19776663131770505,165.61287874625273,12,2
AST-002250,2,0,4.7427440204633475,0.08081881701875482,9.706311080230547,1,1
AST-002251,4,1,7.838207949710418,0.1945680075161039,56.238688230046,16,2
AST-002252,3,0,5.938815273593901,0.029613609510211667,18.22296668163615,1,1
AST-002253,4,2,10.0,0.26914102510326304,21.1993636054754,7,4
AST-002254,2,1,8.00268714112532,0.1028684806029665,18.344690148547173,4,0
AST-002255,5,0,5.86950899317348,0.309154777868832,4.6466948433965545,2,0
AST-002256,0,0,0.0,0.0,44.398269987784886,13,1
AST-002257,6,2,8.249012163156973,0.13909406586043505,69.00903781027606,14,2
AST-002258,2,0,3.8966186268408736,0.22400352575750374,6.447416940330365,0,0
AST-002259,3,0,5.453777210285573,0.01411010625858085,81.3040258714763,1,0
AST-002260,3,0,4.789893330831532,0.019501265429446794,192.15045020492812,3,0
AST-002261,2,1,7.834809576318392,0.06903009293499493,54.429951565701856,3,3
AST-002262,5,0,6.037101100406747,0.18865766463887154,5.229802725468291,24,1
AST-002263,2,0,3.8092742569671554,0.14195919327663803,22.306961421325664,6,1
AST-002264,1,0,7.07670086430865,0.01857215297732201,110.15384106292498,0,0
AST-002265,5,1,9.100348162096214,0.28443136901836685,82.95669536608786,0,0
AST-002266,1,0,5.9861502088839345,0.0842043753104784,216.61947551926838,1,0
AST-002267,1,1,9.784333584181109,0.0374115978967371,13.504617928336959,0,0
AST-002268,2,0,5.872894439546033,0.19750193754471612,18.024690424887712,16,1
AST-002269,3,1,6.719535578781053,0.030771725224579473,86.30086235159914,1,0
AST-002270,8,2,6.872229146979015,0.3675086305157123,18.55364361375404,13,0
AST-002271,1,1,7.498581268639591,0.06063027700784101,4.864800278931453,3,0
AST-002272,3,1,8.061567346245315,0.020788863177459208,76.45817798602128,1,2
AST-002273,0,0,0.0,0.0,42.589195734177785,2,0
AST-002274,3,1,7.081285898268034,0.05906317059499613,46.94483887512387,1,1
AST-002275,1,0,4.012462612384217,0.005078439935639888,3.8316871964369015,14,5
AST-002276,1,1,7.901007441359893,0.06043964639652203,0.7514001974408987,0,0
AST-002277,2,0,5.095535186924357,0.026514822394707396,37.53269547446431,1,1
AST-002278,3,0,5.5332639275635085,0.056260526486157474,64.79947785669417,4,0
AST-002279,1,0,3.992271400001941,0.11207805346046633,98.92420325783428,4,0
AST-002280,9,1,10.0,0.2201365638530273,123.02012983210449,16,1
AST-002281,2,1,9.028231966503267,0.1408648154659748,72.47830650772629,1,1
AST-002282,0,0,0.0,0.0,25.73451033162092,18,4
AST-002283,2,1,8.648543064637925,0.009077363711667001,16.961721784961313,4,0
AST-002284,5,3,7.011501256799795,0.019413101104807214,17.07030094443382,0,0
AST-002285,2,2,8.38009431753507,0.0013714889545988545,33.95786154305382,1,0
AST-002286,6,1,8.578123103096425,0.04872271980684822,3.6750955634681666,11,5
AST-002287,7,1,9.312738137235108,0.16675204943952254,34.847737202288776,13,2
AST-002288,5,1,9.275556873734445,0.18805613868836207,61.43827682221018,2,0
AST-002289,4,1,9.953159180422093,0.028831006197098056,3.1540733941761223,3,1
AST-002290,3,0,5.269354097766983,0.02539738679806528,30.319414462796164,1,1
AST-002291,3,0,3.786547633068091,0.009575191475899561,48.24538065107211,3,1
AST-002292,4,0,6.17706351904248,0.20426747205084653,106.85546471147771,2,2
AST-002293,2,1,10.0,0.03285453728645967,69.85129679104585,1,1
AST-002294,1,0,5.599115323743603,0.10072965894638379,43.91686598217536,0,0
AST-002295,0,0,0.0,0.0,62.37475064264595,1,1
AST-002296,2,0,5.278582174807799,0.1443725581665004,21.530501971415553,3,0
AST-002297,5,1,8.072914106403175,0.09175401813575605,4.232567708727605,13,3
AST-002298,0,0,0.0,0.0,48.0089140785141,1,0
AST-002299,7,1,7.140771546251029,0.021585524466602647,38.01446748901809,16,1
AST-002300,2,0,4.808069360323414,0.08204692870885934,81.5605696478447,2,1
AST-002301,2,1,7.284970702644317,0.10988221028153747,8.954847126651249,1,0
AST-002302,0,0,0.0,0.0,33.899093118913314,0,0
AST-002303,1,0,4.121885787986558,0.1651812128363199,90.95674525964489,1,0
AST-002304,2,2,9.593415983816845,0.16750186516425505,76.59575899077429,2,1
AST-002305,0,0,0.0,0.0,26.563176684689378,0,2
AST-002306,6,0,4.563655844827853,0.08593592710497573,17.97551083912725,9,2
AST-002307,4,1,8.283408339911531,0.08131831655875552,84.98679075355524,3,1
AST-002308,4,1,8.185138419057921,0.33726901549524346,22.452062837196138,20,2
AST-002309,1,0,4.960706977516596,0.006443203024828868,33.91316869553078,3,1
AST-002310,1,0,5.950408356196999,0.07627256084531879,17.306932631249815,3,1
AST-002311,3,0,6.675023909038142,0.011419253421176305,43.35598951716453,0,0
AST-002312,9,3,8.761242825144093,0.15622852727434822,46.18684862954776,19,3
AST-002313,5,0,4.8033712541093445,0.045164323310444586,0.9445662757593756,1,0
AST-002314,8,2,7.483305721975373,0.2854518422572719,6.913288856572472,12,1
AST-002315,0,0,0.0,0.0,47.27149564638557,5,0
AST-002316,5,1,7.083294961031561,0.13584906320629614,83.16866841840432,19,3
AST-002317,2,2,8.293213121087788,0.009787853895643005,86.90926647685137,2,0
AST-002318,2,0,7.414859413474396,0.32543729591839005,14.572512199985054,5,0
AST-002319,1,0,6.761495706765843,0.10478285059850022,16.722268257269263,1,1
AST-002320,2,1,8.833917182402335,0.06898204457427164,15.41829373145897,1,0
AST-002321,3,0,6.033485681534456,0.043223096477021904,41.10939815081788,0,0
AST-002322,0,0,0.0,0.0,14.442767318374843,2,0
AST-002323,2,0,4.163930922276,0.17125379998577925,64.35442796292557,3,0
AST-002324,0,0,0.0,0.0,136.7955811027923,5,0
AST-002325,3,1,8.300484127720038,0.02569986309433696,145.34500923705284,1,0
AST-002326,2,1,9.543066976041091,0.06892545342534719,4.978501441297291,6,2
AST-002327,4,1,7.3741983106647435,0.08635837173183679,115.33711654600515,0,0
AST-002328,5,0,5.609108126197227,0.3563150649650926,50.737854817128586,12,2
AST-002329,6,1,9.3754622182507,0.010577914103243297,3.415194978936812,18,4
AST-002330,1,0,5.226681315630143,0.0634429944221113,38.35497739358888,0,0
AST-002331,6,0,4.337906473504047,0.06413807928952629,9.637106068221668,17,4
AST-002332,4,2,8.924966440482056,0.054002173358232645,138.53263517258412,3,1
AST-002333,0,0,0.0,0.0,57.06359482714411,3,1
AST-002334,0,0,0.0,0.0,114.98811821122794,4,3
AST-002335,7,2,9.696005191286146,0.10884971727197142,2.9076731563875446,15,5
AST-002336,2,0,3.822914301670677,0.033684294819872444,85.44226985454772,0,1
AST-002337,6,1,8.940698466592996,0.11905740381476267,31.628000626546367,18,4
AST-002338,8,2,9.110739998590265,0.07834402217655506,7.9302810672115465,18,2
AST-002339,2,0,5.479312365905995,0.06967135242563553,2.0977578127800083,1,0
AST-002340,1,1,9.006681426691564,0.1783558647304999,31.2162258153177,2,0
AST-002341,2,0,4.663018965693053,0.09595503078708502,333.0596366675358,3,1
AST-002342,2,0,3.9474455184215067,0.0881825395948302,47.929261381977085,2,0
AST-002343,1,0,3.4584583060613787,0.023493550126239843,1.7813441946663362,3,0
AST-002344,0,0,0.0,0.0,1.1832441114956789,1,0
AST-002345,2,1,8.518687284863384,4.9637138985155917e-05,27.66600550082159,2,0
AST-002346,2,0,5.367395031231238,8.400114502536399e-06,58.89235980093192,4,0
AST-002347,3,2,8.666741851913814,0.07196565622750066,18.040536072501986,2,0
AST-002348,2,1,8.331474906255755,0.026968243612929866,3.3148605703101173,1,0
AST-002349,2,1,9.578227045312738,0.021391695238649446,21.2964056924036,2,0
AST-002350,1,0,4.698419814735473,0.07214465940790668,28.240795579040615,3,0
AST-002351,1,0,5.729832535389857,0.15208077700572376,37.18668480978109,2,2
AST-002352,9,1,8.404799089033391,0.21858763077061205,25.25269289445722,14,5
AST-002353,2,0,2.7981277093356844,0.016885863611418615,5.203961136671606,4,0
AST-002354,2,0,4.393811207057637,0.03712336117667231,5.237434767581882,3,0
AST-002355,3,1,9.62158534380928,0.14698606900221672,5.802689361588102,12,1
AST-002356,5,2,7.578657134806321,0.01219555931887725,3.1983497855783374,1,0
AST-002357,6,1,9.174801405648656,0.2802842143201165,18.934554944046777,8,2
AST-002358,6,1,8.845535941053065,0.10476993790528447,2.5134272293676183,1,0
AST-002359,3,0,5.0942669993356215,0.07591862806176865,4.811781640460083,21,2
AST-002360,3,3,8.68278972934855,0.14459690172751738,16.816262097526117,10,0
AST-002361,3,2,9.130674849470479,0.08448584343069819,80.88569324494351,4,2
AST-002362,0,0,0.0,0.0,14.023128163851506,2,1
AST-002363,8,2,7.476564797338032,0.11164373628715282,17.669934821342043,12,5
AST-002364,4,0,6.1170184537571215,0.29667558756636203,7.577252826889932,17,1
AST-002365,9,1,10.0,0.2343712647170819,15.809250631658353,17,4
AST-002366,4,1,7.1723170918982415,0.07190369019737829,56.82722248264996,3,0
AST-002367,2,0,4.519043673169262,0.019460341373772602,4.32745731113317,16,1
AST-002368,4,1,10.0,0.10948413975526242,32.800353721136226,3,0
AST-002369,3,0,4.443688578019037,0.019189220880278218,33.14360750220538,3,2
AST-002370,0,0,0.0,0.0,34.55269644773169,0,0
AST-002371,4,1,8.388601885423062,0.0771425420744221,18.13374564087662,0,1
AST-002372,1,0,6.3847783130480416,0.09007024136282402,0.012149124925633515,2,0
AST-002373,3,1,8.242788081633757,0.04656940163160485,27.23396466753603,1,0
AST-002374,4,2,6.81180211581886,0.04328722573249376,55.418262625171316,2,0
AST-002375,4,0,5.619824982648854,0.011814472251198598,19.397387050532533,2,0
AST-002376,6,2,9.63680853075831,0.20297919383082322,26.470161147223084,12,8
AST-002377,2,1,8.914542201992381,0.020137773203735172,67.14307367087454,1,2
AST-002378,0,0,0.0,0.0,21.056512786869384,5,0
AST-002379,2,0,4.728235286185726,0.01837250520230228,81.10776013762182,0,0
AST-002380,0,0,0.0,0.0,5.604282674304052,6,0
AST-002381,0,0,0.0,0.0,16.00747586129842,1,0
AST-002382,2,0,5.795871081014143,0.16906276091754116,37.30555070744421,2,1
AST-002383,0,0,0.0,0.0,23.272758663311176,1,0
AST-002384,8,0,5.5159174142664025,0.2931506667121082,6.098659417794717,15,3
AST-002385,4,0,4.3027257225019975,0.030138711318364025,31.771586383276645,4,1
AST-002386,1,0,6.63416529908677,0.018736791228275394,19.8875502475569,1,0
AST-002387,5,1,6.610933371925143,0.013002900479025784,11.88594437592103,1,2
AST-002388,0,0,0.0,0.0,10.216158380073374,1,1
AST-002389,2,0,3.5028395431139807,0.1627092325005624,62.62692937643672,2,1
AST-002390,1,0,4.501594065037593,0.11878618904822487,35.382210208787036,4,2
AST-002391,3,0,3.432607528247006,0.04683656443754468,77.99761192222772,3,1
AST-002392,2,0,5.53204685881982,0.015648424059340773,251.52414651297954,3,2
AST-002393,0,0,0.0,0.0,125.71995907063963,1,1
AST-002394,1,0,4.401978027613988,0.08252976306518955,12.102766785402883,4,0
AST-002395,9,2,7.151069520094377,0.2518313281145445,82.3040963747787,15,3
AST-002396,6,3,9.450779853241922,0.03178316827297329,37.69670485935842,2,1
AST-002397,2,0,4.742479208963996,0.2984474917239344,49.27235757827182,6,0
AST-002398,2,0,5.070927217969194,0.09695678800450751,66.97601069232171,1,0
AST-002399,3,0,4.033500114622996,0.014461165247476072,1.2606360100372234,13,2
AST-002400,6,0,5.7241766727425825,0.1235026081134188,26.823379569570367,9,2
AST-002401,1,0,4.702040235892263,0.12568216106045435,3.6844229580894066,4,0
AST-002402,6,1,8.779301830808118,0.13015446465551544,91.89118774975816,18,5
AST-002403,4,2,7.792510855542048,0.11275056926061033,20.030435186217847,5,2
AST-002404,3,1,8.949552164710202,0.0636700791870799,166.1632927135176,18,8
AST-002405,2,0,4.815402111856759,0.01850530013265196,10.212733883908522,2,0
AST-002406,3,1,6.751484150327558,0.1063363542296363,8.044195164528551,2,0
AST-002407,1,1,8.846407178049498,0.01679944012823621,10.380977623001208,3,1
AST-002408,5,1,9.132089518605873,0.0796161555014446,11.072416131809335,3,2
AST-002409,2,0,4.00120196562285,0.07167630596729754,3.052897106974559,2,0
AST-002410,1,0,6.391543211507169,0.0656584011207144,28.290745210034494,4,1
AST-002411,3,0,3.970446520675027,0.07858899835695532,0.2866217194300676,2,0
AST-002412,1,0,5.485453764744379,0.07506669957658514,32.270987094394286,2,0
AST-002413,0,0,0.0,0.0,12.67856818802748,1,1
AST-002414,6,0,6.965270897269442,0.18545720511063535,157.16807358037906,12,3
AST-002415,9,2,7.415373862803801,0.22298140366530067,2.6315605342675026,13,5
AST-002416,5,1,9.291666899919061,0.22886410560371576,3.112868495782281,24,2
AST-002417,8,2,8.061359267711229,0.2283345967870473,136.15234687052748,17,1
AST-002418,3,0,4.065974172345761,0.1770962437438233,11.941685890462152,5,0
AST-002419,3,2,8.754517071621743,0.04841719412596565,12.341598218645922,1,0
AST-002420,1,0,6.001225446046434,0.02272212903510982,29.493087264365027,3,0
AST-002421,1,0,4.893924547355993,0.2322526513182308,7.576061369482844,2,1
AST-002422,6,0,3.5062844276271052,0.11737975286164348,30.605522353875777,2,2
AST-002423,3,0,3.7031660426252184,0.10852078013000546,8.443297080032018,13,6
AST-002424,1,0,5.753014107935747,0.002989679033607471,94.74783178028324,2,1
AST-002425,4,0,5.505651621920008,0.3053900339542081,58.14773133578818,8,4
AST-002426,1,1,9.011864118023507,0.050174287105153946,4.408120848644236,1,0
AST-002427,3,1,7.219044811911355,0.09152977954375353,34.361258518166885,21,6
AST-002428,1,0,4.351453221202521,0.09500822983856286,32.85063402875133,3,1
AST-002429,1,0,4.415278485664442,0.024286731480641446,12.045412481249949,4,0
AST-002430,5,2,7.267811388492968,0.3695388185920887,3.205196329289399,12,3
AST-002431,0,0,0.0,0.0,76.5405764675307,9,0
AST-002432,3,0,4.267232335784451,0.05712400989916369,120.0059200963433,1,1
AST-002433,1,0,4.770229334253326,0.004906962087290403,0.08203773452512467,0,2
AST-002434,3,1,7.687102899211806,0.1462016088833101,2.8998978345265836,1,2
AST-002435,2,1,7.327452745492879,0.16807441209488624,2.3578142849220245,1,0
AST-002436,1,0,3.778863435915033,0.12722453252074103,20.39381165807378,1,0
AST-002437,1,0,4.11701180927956,0.04689498836661143,6.708270009709168,0,0
AST-002438,0,0,0.0,0.0,31.05361767211393,2,2
AST-002439,0,0,0.0,0.0,25.742578201759663,2,0
AST-002440,4,1,8.65063892054622,0.019786520865064543,32.21536971290534,12,4
AST-002441,2,1,9.655949072299851,0.14223568316879706,4.311548869439048,20,5
AST-002442,2,1,8.54147251344949,0.18701097950615578,109.99032794602448,4,1
AST-002443,1,0,3.6915810890596124,0.006946299207698118,55.66751123733899,0,0
AST-002444,3,2,7.971704671848478,0.023088982341045443,122.10332684026177,3,0
AST-002445,4,2,9.601051214101005,0.1721996515518035,1.0070480475108052,16,2
AST-002446,8,2,8.504631497389934,0.1574956190472384,50.48174547036651,16,8
AST-002447,2,0,4.226150889260743,0.1311370048206928,74.1538537584807,17,3
AST-002448,4,1,7.958167901020495,0.06075189089062244,84.08055347711935,1,1
AST-002449,3,0,6.39602105191143,0.05754423478881676,18.91827339612512,1,0
AST-002450,3,0,6.0137412550409,0.18898340381999557,16.998339254359216,1,1
AST-002451,3,0,4.892137947300994,0.2579689719068141,95.17216068572434,1,2
AST-002452,3,0,4.813243893001239,0.19451602676209212,36.45858543343395,2,1
AST-002453,2,0,5.361420030124612,0.036535233069087486,34.315442780912576,5,1
AST-002454,7,1,7.847087202620301,0.49111731922344226,9.723341703213816,18,2
AST-002455,1,0,5.962227932143612,0.014130323228955442,2.182620284978173,3,1
AST-002456,4,1,8.569659475398762,0.2526994529399922,53.85990591868547,17,3
AST-002457,2,0,3.826709681266841,0.15279369957256064,0.6306090761554929,2,0
AST-002458,6,0,5.9131877687865035,0.39843156994732987,19.596637535042408,11,3
AST-002459,4,1,7.601019073827209,0.03587922978945555,96.3502320124518,20,2
AST-002460,9,3,6.693662555795818,0.015222704533208644,108.8089316519878,20,3
AST-002461,12,0,6.069644009493925,0.0133026432268206,19.66498161517707,18,4
AST-002462,6,3,9.444783760118797,0.2046522203706764,23.045181473740158,14,2
AST-002463,1,0,4.30185803556726,0.06432150702645127,39.36765048110521,3,0
AST-002464,0,0,0.0,0.0,181.74157768891467,0,1
AST-002465,2,0,5.886226243425052,0.1043685452375383,26.99621794424133,1,0
AST-002466,3,1,6.357950164014918,0.14517298120082897,69.92288918824428,14,3
AST-002467,3,0,4.205929338648515,0.18830437609325837,27.189214566904102,14,2
AST-002468,4,1,9.811299667991124,0.0898680866668651,4.867453433810519,3,0
AST-002469,2,0,7.176598151345735,0.08978968558817779,44.143931003887474,1,1
AST-002470,6,1,8.401521402412271,0.08707308330666884,16.818868248949205,2,0
AST-002471,4,0,5.780320184756136,0.13668234737896998,40.42485419674784,18,4
AST-002472,2,0,4.477344628244931,0.006760647796633975,3.0122207852210687,4,0
AST-002473,0,0,0.0,0.0,21.785930853510273,2,0
AST-002474,2,0,4.65193655698157,0.18812675348535565,32.59846385361973,2,1
AST-002475,1,0,3.3641828858324114,0.07097456134670055,18.846818795105783,1,0
AST-002476,1,0,4.829389478522247,0.006987647217781986,137.5768230045221,2,1
AST-002477,1,0,7.890196719636276,0.06353910605201507,37.50493243044312,0,1
AST-002478,3,0,4.582349968448648,0.09642853271905508,133.07030357131646,14,3
AST-002479,1,1,8.62959715384159,0.07224080693511623,6.257260868827753,1,1
AST-002480,4,0,5.428262968417514,0.061311422201779237,18.985871446840918,2,0
AST-002481,7,1,8.357568570271729,0.283468266004946,32.507296032506915,15,2
AST-002482,2,0,4.272117453510494,0.08263741470368778,96.50027423380432,12,2
AST-002483,5,0,5.380959695424668,0.1233415885227172,26.02466075817678,20,2
AST-002484,2,1,9.03354678116104,0.10108049345813486,54.36846059167198,1,1
AST-002485,6,4,8.610202548457364,0.1788263338928971,43.28618670135447,18,3
AST-002486,3,3,7.906806984393327,0.22759518765920456,0.30689541293817896,2,0
AST-002487,8,3,8.18796461192512,0.18308254404335786,10.432996866571067,13,3
AST-002488,2,0,4.245472974980925,0.12748564781391666,8.609533218505694,4,0
AST-002489,2,0,5.6337056394948455,0.09840528656517086,3.8553264625427563,3,0
AST-002490,2,0,5.2803704628217645,0.17524866546120357,34.10516042973292,2,1
AST-002491,2,0,5.113365835904326,0.058735606633893,2.719367947169359,0,0
AST-002492,6,2,7.514019824303829,0.16759322972129106,3.590248582750079,17,3
AST-002493,3,1,7.253672117941455,0.05772231301880227,61.110309495113455,3,1
AST-002494,1,0,4.866518145098664,0.16219500184790828,84.93191877996271,1,1
AST-002495,1,0,2.927312953408876,0.08597720310104964,32.971291761779966,2,1
AST-002496,2,0,5.470756099477168,0.07279404823409412,38.2826463543824,3,1
AST-002497,2,0,4.76818867672569,0.32314045738566916,1.6710500175730494,5,2
AST-002498,1,0,4.17524507800068,0.08015361310546636,18.177897705626318,14,5
AST-002499,4,2,6.9608000037417295,0.026999206600644057,213.72908317351326,15,2
AST-002500,2,0,5.07857126421832,0.05161293432125409,56.73112551544938,7,2
AST-002501,3,0,5.358665410725469,0.12856801696717254,9.308658244832664,4,1
AST-002502,2,1,9.93653669056255,0.277009635771691,120.33732434130636,0,1
AST-002503,3,2,7.9717498903345785,0.14902861745609727,55.69394905053373,4,2
AST-002504,3,1,9.889674231677244,0.0757958139543212,58.82571496936451,2,0
AST-002505,8,0,5.147047893339,0.039206754198843584,61.10788451024045,13,3
AST-002506,0,0,0.0,0.0,3.9556638911977733,2,1
AST-002507,3,0,6.886575025336677,0.03886865359530093,50.695742991962796,1,0
AST-002508,4,2,9.049045944708588,0.008527473873284614,14.544848994047616,1,1
AST-002509,4,0,5.415752115417994,0.22185223019758712,17.188773033101995,0,0
AST-002510,4,1,7.961747881411678,0.21685383766819202,33.370336187167425,18,0
AST-002511,2,0,3.738024431665102,0.007508162193201225,11.828156826010606,4,0
AST-002512,2,1,8.949415767503558,0.018632430920155922,60.62865717722343,0,0
AST-002513,2,0,5.403577463578487,0.04238556915110482,15.645231013364151,2,1
AST-002514,7,2,8.279778684426503,0.18384234417424172,48.67337684499998,13,3
AST-002515,4,0,4.7159235117092235,0.11066639284055915,33.28672917717846,24,4
AST-002516,4,0,3.6555193358899523,0.34161699161741377,31.294162105819332,2,0
AST-002517,2,1,8.017993446711339,0.09813314447443194,60.74700523747006,1,0
AST-002518,5,0,5.885196899283162,0.06574330376274784,60.85082775587576,1,0
AST-002519,2,1,8.47673160745332,0.03329189854787839,38.17542665873955,4,1
AST-002520,6,0,3.741919234030342,0.13870458908860522,6.3789403265816205,15,3
AST-002521,7,0,5.081435355119046,0.13929659417816484,5.2674562856305895,11,4
AST-002522,3,1,10.0,0.20703259037221794,165.26162241549466,17,1
AST-002523,4,3,10.0,0.16366128094335258,11.40015263409233,2,0
AST-002524,6,3,7.430275235897831,0.13091693459810427,12.462890011494183,26,4
AST-002525,1,0,3.7937351688544574,0.09318710239790369,12.67061883309809,2,1
AST-002526,7,1,7.8927132736600045,0.4648983165757111,13.261100281564557,9,2
AST-002527,2,0,4.507123074836563,0.0371638068288814,5.026946601459029,3,1
AST-002528,1,0,4.69624699790724,0.07598242091226486,114.73268186672355,2,2
AST-002529,2,0,3.432158743543936,0.06818335210053228,5.17554894302907,3,0
AST-002530,0,0,0.0,0.0,26.005920335285097,3,1
AST-002531,3,1,7.6827028283512755,0.02995854451287108,2.5267142924728097,2,1
AST-002532,11,4,8.510921858130311,0.08459962461023662,30.22586337188069,11,3
AST-002533,1,1,8.120315104648691,0.01205668007103533,82.32202745938831,2,0
AST-002534,3,0,4.507796099386723,0.014667825619451121,61.58164395163151,2,0
AST-002535,5,0,3.534719466477883,0.15888763637517136,188.811600626398,0,0
AST-002536,1,0,4.48426467663541,0.082860696011021,2.926843647232512,3,1
AST-002537,0,0,0.0,0.0,13.258864183355561,19,5
AST-002538,4,0,3.771075588225968,0.01391373707851717,58.03280956656731,1,2
AST-002539,0,0,0.0,0.0,174.31895378866287,1,1
AST-002540,7,0,5.2003738894896285,0.24862352759967193,207.0438437272789,10,6
AST-002541,4,0,3.1189589133015394,0.06950959422935889,7.011046522231379,13,6
AST-002542,0,0,0.0,0.0,171.39005480139724,3,0
AST-002543,5,0,6.044935088092175,0.2062079634513396,1.7548774394316962,10,3
AST-002544,3,0,6.9917623125338775,0.20044185549870827,8.944465867153772,2,0
AST-002545,7,0,3.9729228702595885,0.3757893349841341,46.0938956408866,15,3
AST-002546,2,0,4.89116798070772,0.03686078203457357,28.24993503765013,4,0
AST-002547,5,0,4.562324744644095,0.14068107675510144,45.37890460028681,25,1
AST-002548,0,0,0.0,0.0,12.674977121229837,2,0
AST-002549,2,0,4.16835870642129,0.09970159261450932,31.822824005119642,3,0
AST-002550,1,1,9.710559739226508,0.011024390109874061,58.60253317935266,0,0
AST-002551,1,0,5.888649709276296,0.146492634575467,9.116002702624966,2,1
AST-002552,5,2,7.833788068058533,0.06483240097838573,124.43143699289813,10,4
AST-002553,2,0,5.386181328517497,0.034023141557669445,75.25108464865951,2,0
AST-002554,0,0,0.0,0.0,62.19983405968028,3,1
AST-002555,1,0,3.5580256189377923,0.07422277929476277,52.062414424739565,1,0
AST-002556,2,1,8.238628320892774,0.026187541415710513,8.267223141913938,0,0
AST-002557,6,3,9.37302161993315,0.015315560641360844,107.45308097320809,14,2
AST-002558,5,0,2.3442799295853525,0.17374826485528314,7.874589922527423,3,0
AST-002559,5,2,8.142577437112307,0.1701141945540347,5.001876871367015,4,3
AST-002560,6,1,8.548128566748,0.36386534906359763,118.93446322653945,16,1
AST-002561,12,3,8.029772220635477,0.11398059230470532,46.80134506665801,20,4
AST-002562,5,1,7.872729316931872,0.15234212605574535,76.27318469080312,2,2
AST-002563,1,0,5.431876195305373,0.1699560017492933,35.56136568411369,2,0
AST-002564,3,1,8.517335339958684,0.09105800535715539,80.88363114035943,6,2
AST-002565,6,1,6.116070629108727,0.30492728838077776,87.88276532124377,14,5
AST-002566,3,1,8.116491782817633,0.29871252197880827,37.08921556880909,16,5
AST-002567,5,1,6.922798403744357,0.12913273742264847,29.519271920787926,18,3
AST-002568,4,1,8.609169869794314,0.14505098287804438,37.776448074951105,21,5
AST-002569,6,1,7.6010768817958985,0.08047250722164935,0.9157203969798953,14,3
AST-002570,13,3,8.958667357073283,0.14007760961182536,111.11283029627461,17,3
AST-002571,2,0,2.6199099610238914,0.009816823409844485,83.52196721416367,0,0
AST-002572,0,0,0.0,0.0,51.47124163581585,2,0
AST-002573,2,0,4.941530245573534,0.06128646002874835,44.06663114416026,2,1
AST-002574,1,0,3.296587218010231,0.150075331298652,2.519275601343997,1,1
AST-002575,5,1,9.05119853834398,0.22720257827546356,0.3837137129600933,20,2
AST-002576,3,0,5.782301766565023,0.16779173268827344,15.979992194803458,21,3
AST-002577,8,2,8.700374385689893,0.16364087865928031,130.550198943029,19,2
AST-002578,4,1,7.61559568213452,0.2569888466367772,71.87830336121212,13,4
AST-002579,0,0,0.0,0.0,30.429569963315544,1,0
AST-002580,8,1,7.750343645037242,0.14593451899009965,38.106454297357544,17,4
AST-002581,0,0,0.0,0.0,68.52856798473181,2,0
AST-002582,3,0,6.5012340704824005,0.009004480861422732,9.153151924999094,0,0
AST-002583,2,0,5.416437599988833,0.10773942654724851,39.99567920185104,1,1
AST-002584,2,0,3.0347728647635313,0.09116029560124053,6.066747649047156,13,6
AST-002585,1,0,4.891895000615223,0.027333345312451567,102.3425690150112,0,1
AST-002586,5,1,8.696441352380766,0.15734773829577053,25.53549783938755,13,1
AST-002587,2,1,6.72064260884444,0.22924777228722987,29.343435664860234,1,3
AST-002588,0,0,0.0,0.0,66.70615328275794,4,0
AST-002589,0,0,0.0,0.0,6.904484785901753,4,0
AST-002590,1,1,8.665481877419863,0.16702704582797023,26.0096404935743,1,3
AST-002591,3,1,7.395249379200372,0.03838539543897592,198.56435379196736,14,4
AST-002592,1,0,5.55148605862781,0.05240037152458234,1.9770286159270698,1,1
AST-002593,8,1,8.397499834507608,0.04743654025972777,158.84489133296302,19,2
AST-002594,8,0,6.229053645655029,0.21526905540968702,19.691323709238766,23,4
AST-002595,3,1,6.909476197221342,0.1398667654690126,3.8611955510880676,13,1
AST-002596,3,1,7.979093732593583,0.1295007697298011,104.25760116411024,3,1
AST-002597,2,1,6.588027507839265,0.05182114211441011,42.96794049070396,18,1
AST-002598,3,0,4.094323950251644,0.029569400932331062,30.109366422408275,2,0
AST-002599,0,0,0.0,0.0,21.78299850452394,4,1
AST-002600,2,1,9.519465594830677,0.027905970955375222,45.188629003881985,2,0
AST-002601,6,2,10.0,0.06805049997418063,122.00718421469774,11,2
AST-002602,1,0,4.298618608708054,0.0208010268189019,11.490313840071856,1,0
AST-002603,2,0,6.769525046382574,0.10951813625812848,21.16664960381966,1,0
AST-002604,5,1,9.620884444450008,0.038607491980959634,2.6757115426371,3,0
AST-002605,5,0,4.69086262529244,0.008181827296474507,117.86092393315349,0,0
AST-002606,3,1,8.696492043732412,0.07812568197675028,40.07766501295688,1,0
AST-002607,5,2,7.972889610965764,0.13694783918149317,73.83361114398907,16,1
AST-002608,1,0,5.8049643861896545,3.309696164620945e-05,50.03065999154032,1,0
AST-002609,3,1,7.040709753324419,0.11648416231578188,20.672527896304086,15,3
AST-002610,3,0,4.226998772659603,0.17233497084581348,36.92140136165534,1,1
AST-002611,6,2,8.671391757439393,0.33213241317121817,32.48105025767411,10,5
AST-002612,2,0,5.151485072839676,0.032019299241755006,31.242939889759512,3,0
AST-002613,2,1,8.569984747192189,0.2770106306597256,86.731915114275,3,1
AST-002614,2,0,3.856816093153734,0.09705499346908138,23.61763702658855,1,0
AST-002615,2,0,3.8325292827956616,0.04012185643568739,8.221552962525427,0,0
AST-002616,12,0,4.565985704786135,0.20909547925132915,13.596250137649475,16,6
AST-002617,2,1,6.45421980413939,0.12607487402297105,3.9155193245346034,4,0
AST-002618,5,1,9.361973671216042,0.16800546660900145,2.049947603142703,11,2
AST-002619,4,0,5.79787230409419,0.13468362588805277,10.28467747731707,13,0
AST-002620,0,0,0.0,0.0,271.24938687584125,3,0
AST-002621,3,0,5.029371334808738,0.2502974102607289,7.446232748707484,6,2
AST-002622,0,0,0.0,0.0,97.30866028488178,4,0
AST-002623,2,1,6.746095723701308,0.12476861583136584,139.35979603234006,0,0
AST-002624,6,1,9.279597094386457,0.11400575700695864,73.19535458765625,1,0
AST-002625,8,1,8.66399896956519,0.20434778735201561,77.79876832654351,14,1
AST-002626,2,1,10.0,0.025149850414945284,14.24613168984361,3,1
AST-002627,6,2,8.468361944131992,0.02647169895401075,2.189195205623559,1,0
AST-002628,4,0,4.80205070939407,0.02723456726482336,87.00348965789506,1,1
AST-002629,5,0,4.141810042000136,0.0017924984028388552,6.1570334770365776,3,0
AST-002630,3,0,5.488230007591075,0.09139718190163296,154.540243349158,12,3
AST-002631,5,1,9.047208934935378,0.06284566112073105,5.681147445469375,11,2
AST-002632,4,1,9.829348820052779,0.10483953680040206,60.27044085538917,13,2
AST-002633,5,3,9.411215461976076,0.1417481358001606,0.014966289873383413,15,7
AST-002634,3,1,8.059782030024678,0.05811678281774953,9.142146912212937,1,0
AST-002635,2,0,3.627137112076641,0.03185876772916418,8.923550396484469,3,0
AST-002636,1,1,9.499723151293686,0.07243333395062497,3.490500275615917,1,0
AST-002637,6,0,4.553157950048985,0.07183329703192416,0.16406292836030642,16,5
AST-002638,6,2,8.105733840443072,0.24941592664138976,8.96168330352577,22,2
AST-002639,4,0,4.696447263652297,0.1257913029360315,14.515060419795427,1,0
AST-002640,1,1,10.0,0.08220820029986357,8.872958527951292,4,0
AST-002641,2,1,8.967965515118856,0.015202878065613705,80.99014974965284,1,2
AST-002642,6,1,9.301725632199364,0.06068218957368781,29.218835989046198,14,1
AST-002643,1,0,6.465986334546095,0.07877043934591024,5.5032473710777605,1,0
AST-002644,3,1,8.799847722502358,0.2676731864966019,130.11891035034873,12,3
AST-002645,1,0,4.473412350035988,0.04865760849391243,33.049724731309496,3,0
AST-002646,4,1,7.179191585616521,0.19175637584341906,18.508571654069886,2,1
AST-002647,6,1,8.058210684154878,0.049979025152512215,42.83340041204529,13,2
AST-002648,1,1,8.79748053256592,0.2076569776101745,15.616616174547445,3,0
AST-002649,7,4,9.018711131571639,0.22105212816292313,58.656518309633846,15,3
AST-002650,3,0,4.679505929634584,0.07844231146775746,29.57182821213523,20,6
AST-002651,1,0,4.321606737858785,0.05459210723720816,126.54457071137314,0,1
AST-002652,4,1,8.199806590844416,0.06039494698564891,17.56982553635404,13,3
AST-002653,1,1,8.078499461095483,0.019408275679629466,74.0428075034854,5,1
AST-002654,1,0,6.167672809738685,0.07587466383196748,12.902978752637795,2,1
AST-002655,7,1,9.645401628852671,0.1263928563150967,4.118757736421458,18,3
AST-002656,3,1,8.92424852664383,0.06377400370706553,15.059984653955107,3,1
AST-002657,2,0,4.45647265322886,0.0032342155085584487,87.0798485044766,3,1
AST-002658,2,0,5.18952812993543,0.12031435368984675,16.482298822290847,16,3
AST-002659,5,1,9.576084800378577,0.17113752047003553,4.873926054370562,2,1
AST-002660,3,1,8.616924494936226,0.10262406427350947,109.3313873505152,16,8
AST-002661,6,0,5.268467248303647,0.10959896767139543,56.85339644114974,16,3
AST-002662,3,1,8.931030710523297,0.014095519901003434,5.006791513676242,1,0
AST-002663,2,0,4.999010179554838,0.0557696813118258,8.630074257832062,7,0
AST-002664,0,0,0.0,0.0,35.98846621610579,2,0
AST-002665,1,0,3.6297371058169734,0.08853800095885939,4.362913046434565,1,0
AST-002666,4,2,8.024093043347056,0.05457369072419536,68.64185766227155,10,3
AST-002667,4,2,9.638965107529827,0.2484796505609279,50.72353266472109,15,0
AST-002668,2,0,4.864620432179993,0.014566479098486834,42.77972685408186,1,0
AST-002669,4,1,9.270607737823608,0.15292823685177329,70.69607901588554,2,0
AST-002670,4,2,7.995342761768074,0.31590145116081525,27.864139232176697,20,3
AST-002671,2,0,5.417014199450676,0.02546231524675466,13.43536588290748,2,0
AST-002672,6,0,4.110771089299178,0.09679217921294932,1.0886917593138699,10,5
AST-002673,1,0,5.1456826268229765,0.20804427695905747,17.203941851713857,10,3
AST-002674,1,0,3.588889563567739,0.01667735232404432,35.27432223158334,3,1
AST-002675,3,0,6.374055336696903,0.17364632158836502,157.1867779247181,5,0
AST-002676,5,2,9.275925944762902,0.11805494475993068,99.3987684545805,18,1
AST-002677,3,0,5.823293840350031,0.033596715897102294,26.743708841056556,1,1
AST-002678,0,0,0.0,0.0,4.3097829673221595,3,0
AST-002679,3,0,5.072529190385669,0.19365370874650492,0.9781175980214002,18,5
AST-002680,5,1,8.365864977869352,0.3264778500403633,45.85034073248386,17,0
AST-002681,2,0,2.2219242628556843,0.10949609068834329,30.7274519231443,1,0
AST-002682,4,3,7.731250733257202,0.13232263005715067,1.419392555770664,2,1
AST-002683,3,0,4.661124897422031,0.036591580846558426,1.9817444452932524,3,0
AST-002684,3,0,5.154646977502037,0.06394439584589555,18.959615310917695,1,0
AST-002685,2,1,8.126156931519358,0.14371146942160545,263.38068288259433,0,0
AST-002686,3,0,5.578460128458704,0.04565726164608981,37.558461398031056,2,0
AST-002687,3,0,4.438607739641666,0.1569747862215446,23.355888059120343,0,0
AST-002688,2,1,9.495158997497901,0.06148536070130467,30.99408932749051,2,1
AST-002689,1,0,5.350888717159078,0.04696242757189344,6.3521473325884585,1,0
AST-002690,1,0,5.195821743545358,0.09577193752980531,61.74704795089049,2,0
AST-002691,2,0,3.9428870121167083,0.06683143758708594,90.93213598544821,1,1
AST-002692,1,0,5.762593439616853,0.014752470133698556,72.7969403366007,2,0
AST-002693,6,1,9.567859621868697,0.24042762247525284,161.5522646672614,15,2
AST-002694,2,0,6.067223172927883,0.0582695951483924,95.49646700656407,2,1
AST-002695,2,0,4.854094648540116,0.07616189965663527,28.225365015071645,4,1
AST-002696,2,0,5.254109801345017,0.17349605542066687,1.808180816848084,16,1
AST-002697,1,0,5.107919155909545,0.0794831492382815,4.3935043115522925,1,1
AST-002698,1,0,2.991965536357469,0.18218878608908404,5.982053870703632,16,1
AST-002699,1,0,5.768126265975116,0.13997288283667578,73.17448059221842,2,0
AST-002700,2,0,4.674894294274158,0.10850361339207075,88.4250185140813,3,1
AST-002701,3,0,5.069360594447882,0.1294627482276218,5.240602330049447,0,2
AST-002702,1,0,4.0265434610707675,0.09213662728190905,6.469466359716335,1,0
AST-002703,1,0,3.3204505427807907,0.21013269621545924,64.95454072821543,2,0
AST-002704,1,0,5.595828254464287,0.08784477526994384,19.94180789062593,0,0
AST-002705,2,1,9.306502192642085,0.11599194374222735,32.719896921088534,1,0
AST-002706,5,0,4.811901423381685,0.13523210097092264,0.7282754036109387,18,1
AST-002707,2,1,8.81587731857874,0.21788493829364464,16.535914215215264,2,0
AST-002708,4,2,7.281726156333352,0.10879317025781199,149.77154439810687,2,2
AST-002709,1,0,4.9650270023341845,0.0069779623488972695,8.336708811407318,3,0
AST-002710,2,0,5.319380440156258,0.07909270058679913,10.051601638248004,2,0
AST-002711,6,1,9.799431835187614,0.2992223459552588,8.96222547423099,13,2
AST-002712,2,0,5.089237544130216,0.002805177946866949,119.02129555480498,1,0
AST-002713,0,0,0.0,0.0,19.770512144000346,2,1
AST-002714,2,0,6.8456831085076395,0.039164012274714895,58.64472359367406,11,2
AST-002715,4,1,8.995000834964054,0.17337638084010829,84.1644459102394,15,4
AST-002716,5,1,8.977437594086497,0.12686640841987046,8.066604545955244,2,0
AST-002717,1,0,4.821101402698658,0.00013290557964112923,27.463802611759657,0,1
AST-002718,1,1,7.120083722795817,0.0018355616307421281,0.6237633177794514,3,0
AST-002719,3,1,8.53013672147678,0.22742338410167584,91.39699616317894,3,0
AST-002720,2,0,4.582095698788125,0.30383793804220777,48.927837193867695,3,0
AST-002721,2,0,5.843138798988942,0.27306909646698785,12.675005689826566,3,1
AST-002722,7,1,7.920538759742657,0.033002675019304796,21.5094788819881,14,6
AST-002723,1,0,4.052145904580004,0.004071747598115228,0.5942847829174497,2,1
AST-002724,2,1,8.660599803949813,0.19045966369758519,3.0358127986086694,2,0
AST-002725,4,1,8.115875589072562,0.03544624866658194,9.535257685325254,0,0
AST-002726,3,2,8.090451381797443,0.030252553028259348,14.764123550931712,3,1
AST-002727,0,0,0.0,0.0,53.48711497829469,2,0
AST-002728,2,1,9.380921338052094,0.07425480795088348,62.15526359690296,5,1
AST-002729,2,0,3.7986910074726437,0.07475594919329107,5.088114350718713,2,0
AST-002730,2,1,8.416535109123906,0.03186036132138111,96.57463138227509,3,0
AST-002731,1,0,4.2927472909692685,0.10832812400884047,66.01384507340313,2,1
AST-002732,0,0,0.0,0.0,46.94017492449598,2,1
AST-002733,2,0,4.09587860863077,0.12626077299914493,0.1371647215474059,2,0
AST-002734,4,0,6.465280627305513,0.06675181497847417,4.51173304076209,4,0
AST-002735,3,1,7.872193124931404,0.05255571689695707,36.37480597636088,1,2
AST-002736,2,1,8.601103851235655,0.24773741951836006,69.79407792000339,0,0
AST-002737,5,2,9.990282281263445,0.0718655321728448,68.54575000417228,16,5
AST-002738,4,0,5.2754517564401135,0.11772742927021393,62.46095206813995,9,2
AST-002739,0,0,0.0,0.0,15.775534520513876,1,1
AST-002740,7,3,9.218777445924829,0.038298775755891974,6.3360988171046895,21,5
AST-002741,3,1,7.531052520232866,0.0394207742782079,2.827678267350463,1,2
AST-002742,5,1,6.566783879891707,0.25157728751382075,30.463159222749358,26,3
AST-002743,1,0,5.365795161947513,0.1042402516929504,26.544253766318434,2,0
AST-002744,2,0,4.8840581421977625,0.02328564213085263,42.885725006249096,3,0
AST-002745,2,0,4.823501981048454,0.06207794179501822,41.91968232403871,0,0
AST-002746,3,0,5.1600698198629615,0.13169502057853788,83.19783474891973,0,0
AST-002747,2,0,4.4880820803764685,0.25245566973053835,66.33183998408178,21,2
AST-002748,3,1,8.796465366820845,0.05208638282243072,40.938893061550445,0,0
AST-002749,1,0,5.809727760692541,0.23850287495647263,138.3546615590323,0,2
AST-002750,2,0,4.77081260757289,0.18478498476279673,28.845758846795515,0,1
AST-002751,2,2,8.098080592203894,0.0905688215812615,140.09871873758172,0,0
AST-002752,2,1,7.662330601516897,0.15177824821182723,12.133890932066365,2,0
AST-002753,2,0,5.476084794831756,0.09526559991911836,216.76768642007363,6,1
AST-002754,1,0,6.136031359629074,0.15651904455502635,47.53362170009861,1,0
AST-002755,10,2,8.253539084349862,0.04731071694288417,0.4815993027798058,23,5
AST-002756,1,0,5.477386303541231,0.06095606014200994,13.639976947143388,3,1
AST-002757,3,1,7.97998180245697,0.09560440239115417,74.64017481447907,2,0
AST-002758,5,0,4.747176956630808,0.07237038302947281,8.58096407006717,3,0
AST-002759,3,0,6.295706355074965,0.0777972458850727,40.11771804518748,14,4
AST-002760,1,0,4.411893325522708,0.03586529868476583,44.0669155228586,1,0
AST-002761,2,0,5.728782817006151,0.029415566973952055,6.8369960447041205,5,3
AST-002762,4,1,7.963238220733094,0.11328556205401726,50.717322757046645,16,3
AST-002763,0,0,0.0,0.0,1.2430289617612154,3,0
AST-002764,4,0,5.995876128053248,0.22949165561948653,24.523138015776873,1,0
AST-002765,2,1,9.944434699187227,0.16130434050436948,22.50987802949416,2,0
AST-002766,2,0,4.564123243646359,0.1518363253330345,12.215940544509056,20,4
AST-002767,6,2,9.646478427886548,0.1235999141287279,3.058621084364548,21,3
AST-002768,8,0,4.0270166754762915,0.16531312012648441,10.761240176067709,15,2
AST-002769,1,0,6.262545398260503,0.0527887759761838,33.18435229493775,3,0
AST-002770,2,0,4.6682507192148535,0.022819197839455994,37.68527992822393,3,0
AST-002771,1,1,7.828935777275854,0.04536681272578837,1.0070735917578377,2,0
AST-002772,5,1,7.488727123312042,0.033950079201310865,80.63514967141434,13,4
AST-002773,8,3,10.0,0.08371483767319851,93.61254278643098,18,5
AST-002774,3,0,4.983060344172961,0.3233255762831514,37.89327277213331,3,0
AST-002775,2,0,6.261678910166227,0.12005320540896092,178.3165385671609,3,0
AST-002776,3,2,8.304087742554206,0.007497419220839677,270.46040368204393,2,0
AST-002777,1,0,4.956320099896439,0.1050634770376821,4.055605799248136,2,0
AST-002778,1,0,3.896463590639627,0.046968096488689166,147.7888550875491,3,0
AST-002779,2,1,10.0,0.1086245175687211,26.457592792217586,1,0
AST-002780,2,0,4.5422210112491666,0.008451833634129763,42.18085186356411,3,0
AST-002781,2,0,5.44426138821316,0.19284475314732477,16.56614958241402,5,0
AST-002782,12,0,3.6475594139990637,0.16487731364769753,13.021250971353364,17,1
AST-002783,2,0,4.7703190989144195,0.035936889220414485,90.4848464968574,14,3
AST-002784,3,1,8.803339271100318,0.06493236094206756,11.866097768136202,20,5
AST-002785,3,0,4.7556952256219756,0.1434685316156951,83.55885512079143,17,4
AST-002786,3,0,4.436012065440341,0.008169091335350657,1.664677318884505,2,1
AST-002787,1,0,2.7696715542255905,0.15602390766734825,159.19174937108656,2,2
AST-002788,4,1,8.658980930557961,0.08779154285996778,9.262308746264543,21,3
AST-002789,1,1,8.429835944702338,0.022864968607147266,11.03460467301467,1,0
AST-002790,3,0,3.8957063270835723,0.1194589496467683,4.47044929681598,1,0
AST-002791,2,0,5.25249228169572,0.02930510624035672,26.033402988035697,2,0
AST-002792,2,0,6.224527265638722,0.12641057713266862,32.46262850785472,16,4
AST-002793,1,0,3.78775267666503,0.006561504325947293,92.15642898460939,0,1
AST-002794,1,0,3.2954410705457673,0.03410304282617003,0.7864029416188162,1,0
AST-002795,3,0,3.441140421381312,0.005707339655611518,23.098986451255247,1,3
AST-002796,4,0,4.741501154208872,0.03508211865922743,24.847900304762955,13,3
AST-002797,3,2,7.567569518206712,0.11368101831601606,48.11053574422097,6,0
AST-002798,0,0,0.0,0.0,12.717697802453499,2,0
AST-002799,2,0,3.942097287480578,0.04115525584015688,41.16623115760934,1,0
AST-002800,1,1,8.721534075011764,0.25817545412255066,43.59119663334165,15,3
AST-002801,7,3,7.5766869198552005,0.09208453913393697,1.3408834480344098,20,1
AST-002802,1,0,4.623067912928712,0.22159707633591705,5.401686460862604,3,0
AST-002803,1,0,4.020261735698437,0.1765611304942035,20.865869037124188,2,0
AST-002804,10,3,8.96292609841244,0.07199290965786612,5.328643647410038,14,2
AST-002805,1,1,9.030550683028368,0.3128303918045293,42.30093749138789,0,0
AST-002806,4,0,5.5611134694822795,0.40110158932063356,146.57693530023727,18,2
AST-002807,2,0,4.716375819082474,0.024216628824036756,32.61932123680857,2,0
AST-002808,1,0,3.20549615035013,0.04016264920570432,13.714812775801809,0,1
AST-002809,2,0,4.265099909382128,0.09913611887346443,8.106948702343997,14,0
AST-002810,1,0,6.778498975466658,0.2078361372974627,15.998486255982844,1,0
AST-002811,1,0,4.796785195257307,0.11661718396608527,59.79358607881622,2,0
AST-002812,2,0,4.614946456849334,0.05124823977183057,4.360100335743334,0,0
AST-002813,4,2,9.850728936955749,0.31717223697392904,22.229374794391727,13,2
AST-002814,4,0,5.057081201981807,0.06755269414084582,46.76349288591453,0,0
AST-002815,5,1,8.299538986260954,0.14916962043295534,27.79136227807277,0,0
AST-002816,3,0,5.4750865809395375,0.3545928232294228,15.092382947829746,16,2
AST-002817,1,0,6.514240055899249,0.22091561350344818,0.6052343466648877,0,0
AST-002818,2,1,7.381940734918668,0.006125475461374436,8.821473258703579,2,0
AST-002819,1,1,7.214413814201329,0.00349723599546351,27.11667224978143,1,1
AST-002820,5,1,7.871534986308358,0.103809475469069,17.317892313387965,11,6
AST-002821,1,0,5.022701853656496,0.42327030060591364,19.79470902187206,2,0
AST-002822,0,0,0.0,0.0,7.6241561778752835,2,0
AST-002823,1,0,6.317232496057508,0.07275553294399521,23.730824098105426,3,0
AST-002824,4,0,4.350368751119545,0.19406468419774373,67.433275212081,20,1
AST-002825,5,1,8.034599610642818,0.0727555309210623,65.45916899353685,13,3
AST-002826,1,0,6.174970229926545,0.14675156275884646,14.943174988901395,1,0
AST-002827,1,1,8.826208112609107,0.21068373432314721,15.240596046335575,5,1
AST-002828,4,0,4.715447981374958,0.08105876302948213,19.38722181984317,18,2
AST-002829,3,0,4.810555146252673,0.0859462028799515,26.598885199747894,1,1
AST-002830,8,2,9.874323402952255,0.4263481381505453,16.034930757228214,15,0
AST-002831,5,3,10.0,0.0022141169850609195,5.247950381543401,3,0
AST-002832,5,0,6.633778233672818,0.11307998470315116,93.15887790625517,1,2
AST-002833,3,1,8.605608785513828,0.14487401526393157,58.340908928654386,2,0
AST-002834,3,1,8.87689047612847,0.22107703067693238,3.6607236904782945,12,4
AST-002835,5,0,5.903955658289849,0.042819279200722024,97.08559180208893,0,0
AST-002836,0,0,0.0,0.0,92.59615670318809,2,1
AST-002837,2,0,4.735327960046658,0.07077080980970087,13.568414042265143,4,0
AST-002838,7,2,7.857002835563598,0.06666576198323092,2.713700045530719,1,0
AST-002839,4,0,5.379445490822134,0.24685640899465408,9.625300025430679,2,0
AST-002840,5,1,7.332473225839368,0.07664176881594935,5.714198047512022,2,0
AST-002841,5,2,10.0,0.202310317151295,161.9308520672824,13,1
AST-002842,1,0,5.2491164607497955,0.02244163020689954,34.75789176802712,1,0
AST-002843,5,2,8.150350775132555,0.06880192095008648,30.081481771679016,12,3
AST-002844,3,1,8.359427447586024,0.06663157153958085,47.34835498903343,2,0
AST-002845,0,0,0.0,0.0,73.07903997079252,3,0
AST-002846,0,0,0.0,0.0,146.6874052512637,1,1
AST-002847,5,3,7.7155427444689355,0.13778979158614296,24.139384415553643,14,3
AST-002848,8,2,9.291232979679226,0.01014036742444175,27.090882439193088,22,2
AST-002849,2,0,4.335640314983087,0.23455575603095527,56.8387220031911,2,0
AST-002850,3,0,6.135014041143635,0.14475521065768646,176.55698711518679,13,5
AST-002851,6,2,8.315463694755481,0.07986042918266834,0.3942287902522922,2,0
AST-002852,1,0,4.827588515911795,0.05128014377975641,0.6151386873383246,4,1
AST-002853,5,2,7.942720038132859,0.1266687765614156,22.205322527798426,5,0
AST-002854,0,0,0.0,0.0,37.16165097196723,3,0
AST-002855,3,1,8.870841774494894,0.04846957472181459,90.21329022044253,1,0
AST-002856,3,1,8.228801363153794,0.1453600745627342,0.8315829647667949,17,4
AST-002857,6,2,9.367354817544863,0.17850366346247892,33.35523812994208,2,1
AST-002858,5,1,7.252687343213102,0.09355665363729254,1.8591688890460383,11,5
AST-002859,2,0,4.4637460877087065,0.10189957423535385,330.1738102405897,1,1
AST-002860,1,0,4.467215498223813,0.05719037518773083,110.7811367207265,1,0
AST-002861,6,3,7.554385425349485,0.36384132025154686,16.725721955327003,11,7
AST-002862,4,0,5.203554676104429,0.16401603424584563,2.527012723216977,15,5
AST-002863,6,0,3.748931016486772,0.41633598746166256,68.0625932726428,15,1
AST-002864,4,1,7.572059597550834,0.08286591400192557,15.248831849605185,2,1
AST-002865,6,1,8.396236490802062,0.12634934883797216,1.7772416031446117,19,4
AST-002866,6,1,7.318748987138024,0.20583009322103224,71.07932458731767,21,4
AST-002867,3,1,9.14123104944091,0.005543526101050859,2.0510359862089165,1,1
AST-002868,1,0,6.438585379033529,0.012808104777809026,69.04660734087035,1,0
AST-002869,1,0,5.550583902023055,0.16258574899940112,93.59575669236938,3,0
AST-002870,1,0,4.824351765442562,0.04014293765897864,3.3531883231557815,1,0
AST-002871,1,0,3.9540090104105183,0.14016631960976578,1.389665094282551,4,0
AST-002872,4,0,4.446144931664888,0.21443935072686046,35.68876015153083,13,7
AST-002873,0,0,0.0,0.0,129.53614893742784,1,0
AST-002874,6,2,9.720328984636344,0.1344995295609425,44.13935502910419,18,3
AST-002875,1,0,5.352895461398598,0.030980058020827612,7.710937553033846,1,0
AST-002876,2,1,8.325569267659212,0.11287832375950016,81.72210362913492,1,0
AST-002877,2,0,5.679948841085112,0.017665853105881344,85.58642237827048,1,0
AST-002878,3,0,3.2446567699150806,0.16693033146045888,50.3524846191995,3,0
AST-002879,9,1,8.29586471227256,0.30963019160165217,9.354919467176224,15,2
AST-002880,4,1,10.0,0.15632725368569111,1.9086218575880884,23,2
AST-002881,2,1,8.926626253984468,0.0008181038283989901,1.4287900794529897,3,2
AST-002882,6,0,3.098584127970078,0.20581579658501936,67.906972860716,14,5
AST-002883,0,0,0.0,0.0,34.78102268784868,2,0
AST-002884,3,0,4.904798794267018,0.12471540661684806,0.8946923559726133,1,2
AST-002885,4,2,9.268154103961031,0.055037498256366946,16.889148287379868,3,0
AST-002886,1,1,6.80107319505746,0.21890930075823223,22.495230950322576,1,0
AST-002887,1,1,8.562409973709713,0.05820764403450477,35.100079498561726,3,0
AST-002888,4,0,4.534495630402864,0.010633809770666348,60.7948426900473,2,1
AST-002889,0,0,0.0,0.0,42.925362227334546,3,2
AST-002890,3,0,5.770680788657855,0.3640341250267916,32.31859213105042,15,4
AST-002891,1,1,9.099054815299096,0.2660863157835195,51.624468321609776,1,1
AST-002892,0,0,0.0,0.0,51.25433300007609,1,0
AST-002893,4,2,6.092416875989556,0.14127143332337777,7.17448335633462,2,0
AST-002894,5,1,7.389389714852701,0.10597652590863924,290.75416806657165,15,2
AST-002895,3,1,7.414361047421645,0.14935680541103566,51.718567587346925,13,2
AST-002896,6,1,10.0,0.09593556977846915,37.154248910032926,19,3
AST-002897,4,1,8.89018593122353,0.0357205232774667,4.279193202989057,2,2
AST-002898,1,0,4.604996556408575,0.017281896738447815,22.308829305791836,1,2
AST-002899,2,1,9.102651291656576,0.12248655496804685,36.90336343854177,10,1
AST-002900,0,0,0.0,0.0,11.25987920731667,2,1
AST-002901,1,1,8.573534444253692,0.13115694155490343,1.9048906244382418,0,2
AST-002902,1,1,9.484270974769329,0.16494098841577767,67.37613429585868,1,0
AST-002903,2,0,5.689380176714418,0.1570372704570921,8.62353421985723,0,2
AST-002904,1,0,6.999024785076092,0.19797948504267773,178.38431017720401,6,0
AST-002905,3,1,8.75962072791235,0.47955992441278644,20.67404911212776,2,0
AST-002906,1,0,5.109958413247912,0.16631278546126696,0.15528099763174716,5,0
AST-002907,3,2,10.0,0.10298686516151516,74.66667192699208,4,1
AST-002908,3,1,7.951769793753457,0.2265478291438729,26.264248546353226,15,3
AST-002909,2,1,10.0,0.24298511881351453,20.842371454188736,6,1
AST-002910,3,0,4.797648440638253,0.010933598431763924,32.030086355248365,4,0
AST-002911,3,0,5.041092890551838,0.04764428648264173,8.097586823519155,0,0
AST-002912,3,0,5.289523945350135,0.06274977748681852,63.352367151926025,2,1
AST-002913,2,0,3.5152463731433308,0.08854786790649875,137.53853962943654,4,0
AST-002914,1,1,8.26268287371152,0.0473573595738084,107.27342616915983,1,0
AST-002915,3,1,7.606219597140939,0.09652764111136893,55.198851309124194,1,1
AST-002916,2,1,9.13363618974837,0.0526775281084231,41.155459779829776,1,1
AST-002917,10,0,4.559548435447692,0.20092597382081664,6.983550039737814,13,1
AST-002918,2,0,4.975038628226839,0.07935136088389161,22.896251954329905,1,1
AST-002919,4,2,8.293159727374597,0.041757074021547505,78.09924944869857,2,1
AST-002920,3,0,4.211865651500585,0.2852885467849291,56.907318093799,0,2
AST-002921,6,2,9.393831249192006,0.25197151586978755,7.287402421709514,16,3
AST-002922,2,0,6.184799047213239,0.26132941862975456,49.12948061138382,1,0
AST-002923,6,1,7.188150050147072,0.1063134842383922,9.679872183162233,15,2
AST-002924,0,0,0.0,0.0,1.1851042737354434,1,0
AST-002925,1,1,8.439471080751028,0.11184576748264496,10.812822106502239,0,0
AST-002926,1,0,3.0557887631589145,0.16568096080987813,39.36001869211407,1,0
AST-002927,2,0,5.148489733889152,0.03285729100303896,57.39285169062586,0,1
AST-002928,3,0,5.4749433245741175,0.07366764102615293,85.7827802699389,1,1
AST-002929,3,1,8.749359688517698,0.04021314640668694,28.545824062192835,4,1
AST-002930,1,0,4.694805564130867,0.07426246859059006,16.68707776676115,1,1
AST-002931,5,1,9.08175215478691,0.03726579491933266,46.37705681728709,3,0
AST-002932,1,0,5.331108598788892,0.1286486034240193,0.32037684011846557,1,1
AST-002933,5,0,3.4368831439282306,0.06040282541019044,40.718123816909156,15,3
AST-002934,8,2,9.414721659978124,0.13322489189336234,5.592308966817091,16,6
AST-002935,1,1,8.752957638654427,0.031059434196462184,62.09507322564181,4,1
AST-002936,4,1,9.637532350881486,0.26253480787560135,18.86958895025534,12,2
AST-002937,0,0,0.0,0.0,70.09332616847873,2,2
AST-002938,2,1,10.0,0.0834487251609488,29.3518798419108,3,0
AST-002939,0,0,0.0,0.0,5.550752766132341,1,0
AST-002940,0,0,0.0,0.0,28.80682840078838,2,1
AST-002941,2,0,4.6972965249704375,0.08860662732897694,21.79416912609036,2,0
AST-002942,1,1,9.288345707034786,0.15110338838745138,5.11418599627079,2,0
AST-002943,0,0,0.0,0.0,16.698563055709776,4,0
AST-002944,1,1,8.99138314910549,0.2261713699826186,7.973807348068599,1,1
AST-002945,5,0,5.904643305474226,0.3020598159674079,30.702896202591376,17,4
AST-002946,2,1,8.186643490768587,0.11381459663766472,48.20842405088165,19,6
AST-002947,2,0,3.263383199739791,0.07205750874910719,6.733105126833362,4,0
AST-002948,3,1,9.759564781588242,0.12208660521960694,55.36356261676311,3,0
AST-002949,4,0,4.558627213956744,0.020723491001267094,127.24958274197412,3,0
AST-002950,3,0,4.759830771037979,0.0021651270178445234,18.194823446674828,2,2
AST-002951,4,1,8.590815536485216,0.011527696484940942,64.74800006203145,1,0
AST-002952,0,0,0.0,0.0,12.710815879346406,4,1
AST-002953,2,0,5.480320625034704,0.03846183958131965,121.47059599691897,2,0
AST-002954,2,0,2.6369239118189083,0.01653261146210535,148.00486784369124,0,0
AST-002955,3,2,8.962829480454054,0.024965164617569636,13.987719807857266,23,2
AST-002956,6,3,9.501471866277283,0.06050025770664885,24.67690097264115,15,1
AST-002957,1,0,5.036566851066798,0.08224247730451985,3.478663646440039,3,0
AST-002958,3,0,5.695494096290954,0.2775690085570081,15.729910912880127,2,1
AST-002959,3,1,8.190034314426974,0.10979986079338189,6.262692126367976,18,3
AST-002960,4,1,7.711200220903374,0.016828118262031126,0.48133320648238187,5,0
AST-002961,5,3,8.907749723868198,0.03971231677526,28.53394822930159,1,0
AST-002962,3,2,7.903238229719695,0.050632308936244305,10.967901631195701,0,0
AST-002963,3,1,7.812081647591667,0.05098392881301167,25.34475076720378,1,1
AST-002964,2,0,4.947675091526075,0.12500449058256646,44.549242857232464,16,3
AST-002965,4,0,3.944336573257428,0.019292671728473817,16.563197070408364,1,0
AST-002966,0,0,0.0,0.0,17.89088686377032,4,0
AST-002967,6,2,8.571939442710338,0.11251410059276654,20.468980948277714,6,0
AST-002968,1,0,6.530663144580345,0.17838274765202772,56.753664301985296,4,1
AST-002969,2,1,7.29367544721336,0.11720080585716916,110.14187001948679,2,1
AST-002970,3,2,8.79442990128716,0.2761756558126452,5.915398228178467,16,1
AST-002971,2,0,4.920587548498958,0.062398276795979694,38.36002172645621,3,0
AST-002972,3,1,9.550962039071695,0.07779474229613517,43.24340389103476,6,0
AST-002973,0,0,0.0,0.0,95.56332507958608,1,0
AST-002974,2,0,4.603718322719532,0.2048793782321024,20.659591378023965,2,1
AST-002975,0,0,0.0,0.0,19.076534278830593,2,1
AST-002976,2,0,4.484663467464249,0.03445697650003371,2.5912268258084947,0,0
AST-002977,1,0,5.886012852345118,0.07607581802482961,49.03070777212057,1,2
AST-002978,4,1,9.16055543786222,0.17839634360722534,6.270617035299749,0,1
AST-002979,2,0,4.654762909632366,0.3083499151491661,17.527246154041197,2,0
AST-002980,3,1,7.414233546596783,0.3567415749101469,8.604296975413495,14,6
AST-002981,2,1,7.992226432724578,0.052759492881613655,8.326034931065786,3,0
AST-002982,0,0,0.0,0.0,81.41781562280073,3,1
AST-002983,0,0,0.0,0.0,7.610063931751157,1,1
AST-002984,2,1,8.001158752347676,0.0402535781403477,18.18298251955235,2,1
AST-002985,3,0,4.253001937225086,0.0306655260471224,8.003878887008126,0,0
AST-002986,3,1,8.98904896796483,0.012460946399279055,16.06650537534624,1,0
AST-002987,1,1,7.671426604937032,0.12251940404457996,38.70841748566877,0,0
AST-002988,3,1,9.290506836336462,0.0238208775560249,13.060852568752455,2,1
AST-002989,2,0,5.239850898255533,0.23119748409153926,29.213834314679662,1,1
AST-002990,1,0,5.151619572705761,0.0367200571962936,9.468261315016086,2,0
AST-002991,1,0,5.811660697554198,0.018968777557755143,14.297938536785127,1,0
AST-002992,5,0,4.774198227112217,0.009196204116889928,8.80645197110951,3,0
AST-002993,8,1,9.869481153491714,0.0874380221494428,113.33239370814792,17,5
AST-002994,7,1,8.341393468378556,0.18658470572654406,11.252143091309367,16,3
AST-002995,1,1,7.358729567192532,0.098837493634542,9.386081297614043,2,0
AST-002996,2,1,8.353892915200628,0.03529851236169498,0.7662238614148271,3,0
AST-002997,4,0,3.7775095222768256,0.21616562994725735,0.6081813689252236,1,1
AST-002998,2,0,6.183355541267362,0.05895460820742135,15.037247562852494,0,1
AST-002999,4,1,8.717135374643014,0.06588624400204557,95.06633321367758,2,1
AST-003000,6,1,7.892438462271928,0.006234824316771689,4.111248995517452,1,1
AST-003001,6,1,9.220008071249865,0.22231699551733708,87.43127931655744,18,1
AST-003002,1,1,8.632243882124959,0.059998193041391236,2.5580131866268156,1,0
AST-003003,1,0,4.85940802659648,0.008138535600957515,41.68646202711449,3,0
AST-003004,8,0,4.167591030700828,0.189982722963907,87.27003619800061,14,0
AST-003005,1,1,8.408640543830781,0.13752010472381515,13.310707810154032,1,0
AST-003006,0,0,0.0,0.0,6.29565144662894,2,0
AST-003007,3,1,9.970435382617593,0.008755626560086025,45.86207906860961,5,0
AST-003008,1,1,7.022753292541786,0.05109475243095003,19.691926761061737,6,1
AST-003009,0,0,0.0,0.0,22.381657901085983,2,1
AST-003010,5,1,7.728003066309309,0.024546210845058876,177.4728383873423,1,0
AST-003011,2,1,8.44718992839357,0.1506441694667459,123.22604932600572,0,0
AST-003012,2,1,9.404284940478098,0.025599925741571033,46.82924344852912,1,2
AST-003013,0,0,0.0,0.0,64.51158225331046,3,0
AST-003014,5,1,10.0,0.2224221329027227,10.567292042409626,19,4
AST-003015,3,0,6.277693636291536,0.16969492262489902,27.748740939703254,3,1
AST-003016,3,0,4.471122381611373,0.26288875526459565,52.388899333944345,2,0
AST-003017,2,0,4.3874220016911485,0.2812026102156364,51.02922465320556,6,1
AST-003018,0,0,0.0,0.0,174.18358766172574,2,0
AST-003019,2,0,5.157851551305458,0.02047603411705308,117.17555099751898,1,0
AST-003020,6,3,8.291847166416812,0.20340532032865394,7.491200412558387,13,3
AST-003021,1,0,3.8530539062588476,0.017538136534105356,0.38865298531928766,0,1
AST-003022,6,1,8.746341041587387,0.23649828947846613,15.654646492367801,13,4
AST-003023,3,1,8.19727902449084,0.22591491549414197,43.857981435146755,9,2
AST-003024,3,0,6.120931615727219,0.16436888785252332,3.0714629163039224,12,0
AST-003025,1,0,6.476134245584582,0.13777309212680577,169.5980889596257,0,1
AST-003026,3,0,3.7642832000573687,0.11033522621463747,8.877424294715926,10,4
AST-003027,2,0,4.911298005025814,0.037111681748371636,9.660862848678446,1,1
AST-003028,4,0,4.749584355809397,0.0389595140634417,15.563083134467826,0,0
AST-003029,1,0,5.182498058484434,0.07529396347232718,12.757596963862118,1,0
AST-003030,4,1,8.173370095923934,0.15884393384535755,48.31757387550685,24,0
AST-003031,3,1,9.262143405162446,0.4281511116020453,263.12462489761276,3,0
AST-003032,3,0,4.489046034684889,0.05241277932005999,3.137508631488658,2,0
AST-003033,1,1,9.45651810419239,0.01222611117603571,2.0929066539288237,1,1
AST-003034,3,1,8.298108644341562,0.01562974212234515,101.58556336483919,3,2
AST-003035,2,1,9.145730795417009,0.013739029091258414,5.897671316220175,2,0
AST-003036,5,2,7.319223672273643,0.06863598383968869,21.472788848352828,16,4
AST-003037,3,0,4.8616341269683785,0.24023836237279844,13.40489239232095,13,0
AST-003038,5,1,9.081370781858919,0.11135022516975306,53.42094343201391,15,4
AST-003039,3,1,8.688238310746382,0.07411248054074523,0.2725787548303654,1,1
AST-003040,0,0,0.0,0.0,7.994469130707538,0,2
AST-003041,1,0,5.250220212012245,0.14846566321686916,3.0030612078671375,1,0
AST-003042,1,1,5.688482844382948,0.07312528801490524,120.06961058255264,1,0
AST-003043,1,0,3.2730321068831323,0.060785556319240486,69.9609189278388,3,0
AST-003044,7,0,4.821942762293712,0.1514768600866753,9.759114562153016,21,2
AST-003045,3,1,7.3190959300764895,0.23528762853634422,5.818227753270133,1,0
AST-003046,6,2,8.549029945886353,0.25717078732322846,83.2439518834311,11,3
AST-003047,1,0,3.4867523240050025,0.4465608860249255,6.275158686452615,19,3
AST-003048,3,0,6.997023769289557,0.03572501718919875,2.280018026534137,1,2
AST-003049,7,1,7.750414384786026,0.1100344920227446,16.053972991232236,12,3
AST-003050,11,3,9.752645947273367,0.1641089396009993,8.208474472853334,12,1
AST-003051,5,1,8.604766453216644,0.05513148951748316,7.752179902868997,4,0
AST-003052,1,0,5.045164094046412,0.3586239886326991,3.616951426242358,3,0
AST-003053,1,0,4.7253088681677395,0.04380243548178926,6.111548691143537,4,1
AST-003054,2,0,5.948286426247516,0.1128458169059229,61.79306509093135,1,1
AST-003055,2,0,5.6714958127332356,0.26006788210217063,116.88440119717744,2,0
AST-003056,2,1,8.450845831749382,0.26302336343835664,27.782362956701125,0,1
AST-003057,3,0,5.138927634234566,0.0067019016274097185,13.665997681606669,1,0
AST-003058,2,0,6.369807456230242,0.01354443102511355,38.40441364195466,3,1
AST-003059,1,0,5.024478664633573,0.21728722971468106,21.185434274661926,2,1
AST-003060,1,1,8.453187815766363,0.13412320600274508,73.17700461508264,3,0
AST-003061,2,0,3.9641096823286066,0.09686218386464616,0.14612187205899052,2,0
AST-003062,0,0,0.0,0.0,39.88055597975581,2,0
AST-003063,4,1,8.555705057405179,0.054964217833860136,50.282915988016185,1,0
AST-003064,10,1,9.63219702724388,0.055029540936102586,19.348183737752265,16,1
AST-003065,1,1,8.96652728679939,0.26524474561952543,36.03449889863611,0,0
AST-003066,3,2,9.064743400749975,0.024964998090460433,11.076214859383622,1,1
AST-003067,2,2,9.740506612831085,0.09907771109257665,5.006478020666117,0,0
AST-003068,2,0,3.980513724265725,0.11624124965040875,36.633280424957675,3,1
AST-003069,5,0,5.599431093951716,0.29199732206563433,54.96876893830067,0,0
AST-003070,1,1,6.961887480869887,0.14406907518804002,5.5988604039853485,2,1
AST-003071,4,0,3.2383281327269344,0.2724251493440757,9.049647096680722,12,2
AST-003072,3,1,7.9094023187411935,0.12757130485125506,11.103962412682215,20,1
AST-003073,2,0,4.672963529297028,0.12974626641673348,28.219258268589382,3,0
AST-003074,1,0,3.2144489415321553,0.11846574697578291,13.019543233706603,19,4
AST-003075,1,0,4.168621668229747,0.11142645775912682,49.25735557385701,0,1
AST-003076,3,0,4.5524651463796095,0.09343779973036041,52.95247042753114,15,2
AST-003077,1,0,4.191079781601918,0.012628299990991918,16.018233801977097,1,0
AST-003078,2,0,6.0042471273749625,0.04695191387978196,37.43247106331286,3,0
AST-003079,1,1,9.282461872286294,0.005847913281423988,89.98666401047204,0,0
AST-003080,2,1,8.253600927148725,0.025734489922082805,129.48772997224967,3,0
AST-003081,8,0,5.551068054913321,0.08792489128697246,8.567604489150035,13,5
AST-003082,1,0,5.2084710527987506,0.1382630481350769,12.416054390059262,5,2
AST-003083,2,0,3.3288981798607447,0.12184861301967878,76.99735178346438,4,0
AST-003084,1,0,6.172131509945422,0.0833537786916115,0.5195487540154099,1,2
AST-003085,3,0,5.602743533521363,0.016261745037883853,16.892170700224746,2,1
AST-003086,2,1,7.985921232057504,0.01659360762645027,19.764263091750887,2,1
AST-003087,2,1,10.0,0.3236903679423608,2.7316434815329558,20,2
AST-003088,3,1,7.815115110130255,0.2231384061127347,15.176419012691586,13,1
AST-003089,1,0,4.137511010734945,0.14858774028324134,38.178950951119994,2,0
AST-003090,3,1,9.322560183050674,0.09859475474373194,26.137468542502422,3,1
AST-003091,4,1,7.891615260682298,0.03077311937136683,4.005223415968595,0,0
AST-003092,8,1,8.949763713446298,0.10355136810338639,88.86706242224999,9,4
AST-003093,6,1,6.207790938219919,0.21905125046952514,237.65705460867022,21,7
AST-003094,2,0,5.269276164526169,0.25675967991672527,22.274365115031042,2,0
AST-003095,3,0,5.050037898903012,0.28276604594991417,67.65272061191071,9,3
AST-003096,3,1,9.419144022926083,0.09590080360132554,7.76985850275024,4,0
AST-003097,3,1,7.396777478910097,0.04272727554750328,22.357680026525248,5,0
AST-003098,7,0,5.676555579114138,0.17870997278430567,26.762578109909313,11,1
AST-003099,2,0,4.84329687387789,0.1053231632489984,58.9754529803289,1,0
AST-003100,1,0,5.4821558567017,0.0894341463529882,45.54136153582355,5,1
AST-003101,1,0,4.831225354820098,0.02358115897139081,92.6049257880352,1,1
AST-003102,3,1,8.26043213130173,0.1561921145019081,52.44937804649247,2,0
AST-003103,1,1,8.379057403042788,0.05344920500750184,14.760671565840683,1,0
AST-003104,2,1,8.40558834512514,0.2386522843725275,25.675966111869236,16,5
AST-003105,1,1,6.52789054598357,0.28392943633963996,86.70178616369999,1,1
AST-003106,6,1,8.407260852425395,0.11558882224927432,12.637874106182506,16,2
AST-003107,2,0,4.169541639131672,0.0007152009838225381,15.366972780369792,2,1
AST-003108,2,1,8.489019143578162,0.3022148565367099,85.91276494380362,2,0
AST-003109,6,2,10.0,0.16357099404846906,68.46994853340726,23,4
AST-003110,4,0,6.1987220963401315,0.2545225436392426,6.840164197568008,0,0
AST-003111,3,0,5.445225081439851,0.030649633260000714,31.239247645692718,1,1
AST-003112,2,0,3.4193345142661777,0.01049970610095862,127.49505564552308,3,1
AST-003113,2,0,4.15684112628853,0.3384708612726418,6.937287839394429,1,0
AST-003114,2,0,4.519734784352055,0.14347302573216375,30.291785077965848,4,0
AST-003115,5,2,9.419107643745821,0.032222103955796666,46.61902956161788,13,4
AST-003116,8,0,5.494873382457419,0.28559628605687004,57.29517830541752,16,4
AST-003117,2,0,6.386918832122268,0.016807407655657015,15.012369688314521,0,0
AST-003118,5,2,9.00014640406842,0.07795037183286421,17.480377846152766,15,2
AST-003119,5,4,9.197099768386407,0.3753223290266037,3.7212400675264545,12,3
AST-003120,9,2,8.851224282510259,0.3285455356251533,44.88248055966502,16,3
AST-003121,2,1,8.73504580187523,0.30460849201989065,10.169699069425578,1,1
AST-003122,1,0,3.351762526173859,0.16779840759086187,30.182925470294496,2,0
AST-003123,3,1,8.066366633895163,0.1259658359583398,39.32134021232785,2,1
AST-003124,2,0,5.823200918158035,0.07788254894453688,17.156702530577057,2,1
AST-003125,0,0,0.0,0.0,5.650918404651302,2,3
AST-003126,1,0,4.614158259131297,0.11994623218654878,141.6479027043133,3,0
AST-003127,1,0,5.99116492973075,0.04017862290438499,42.22574837177654,1,2
AST-003128,1,0,4.457517790602665,0.027300574046918696,2.3298660053014784,4,0
AST-003129,1,0,4.623595064441932,0.2378152105914927,1.2917072057407146,1,0
AST-003130,1,0,2.7813483877778817,0.07113222723106112,53.50459319246005,3,1
AST-003131,7,1,9.772458048500384,0.1328423868198464,62.45085819296787,10,1
AST-003132,2,0,5.333245487034847,0.1058120548364933,77.66522853740945,3,0
AST-003133,8,1,7.822998052733155,0.14726758619331548,9.273890542921414,16,3
AST-003134,3,0,6.763298224796169,0.12640276491850092,24.426732781011392,17,4
AST-003135,6,3,8.403110936659042,0.2149623322678065,16.383457904138194,10,6
AST-003136,7,1,9.911088468934032,0.05570962532422256,25.55315192300969,14,4
AST-003137,6,1,7.1306375141636265,0.24740151085142315,3.2601218232092743,14,2
AST-003138,2,0,6.199711996693958,0.06456578110948752,38.06342894311107,1,1
AST-003139,7,1,9.46650650013357,0.19515052855262754,18.2888781915421,15,1
AST-003140,4,0,4.920233295321126,0.16011350479487663,11.39782029091067,18,1
AST-003141,8,0,4.6061044231649895,0.09636898692401509,10.283773333634565,14,2
AST-003142,1,1,7.709287086708843,0.028712635672683364,37.76873808161734,1,0
AST-003143,1,0,6.116256746064788,0.06200120952185207,34.737448452883925,3,0
AST-003144,2,0,4.318763951238583,0.08890438629007322,40.64481755592371,3,0
AST-003145,4,2,6.211682882524743,0.07231233309251119,17.158624812232915,1,2
AST-003146,5,2,9.690521759513528,0.174042239778655,94.67181106546134,15,3
AST-003147,2,0,5.3026457268190805,0.14134796798447685,12.296218744917752,0,0
AST-003148,4,1,8.265912363719163,0.24011311566399735,6.354846739072883,1,0
AST-003149,7,1,8.183339104671992,0.23375492912163567,18.62662434688747,3,0
AST-003150,0,0,0.0,0.0,169.20775274933166,2,0
AST-003151,1,0,4.731371982296085,0.02559582279073261,8.40992329945801,2,1
AST-003152,2,0,4.6469402097442645,0.2632809394401907,23.12468221961575,2,0
AST-003153,1,1,8.190999223244269,0.0013309819447373137,42.46702396530525,4,0
AST-003154,1,0,4.31687042686291,0.24144952677041578,7.194541411086474,1,0
AST-003155,0,0,0.0,0.0,28.41469724862241,3,0
AST-003156,7,1,8.820248696380153,0.22413706851075776,72.14478536588722,16,5
AST-003157,3,0,4.54337367283759,0.1930451300748103,2.0299042491861337,11,2
AST-003158,5,0,3.1774382153598655,0.32505519304304537,77.11852877882674,15,3
AST-003159,0,0,0.0,0.0,1.6185723270346506,1,0
AST-003160,3,1,9.093918216555949,0.009439473632590211,61.46923218761138,2,1
AST-003161,1,0,3.814087626372663,0.0821769757510769,2.529224781006671,4,1
AST-003162,4,2,8.927483679240309,0.05028199858532564,23.081892790347396,19,2
AST-003163,1,0,6.2418194197409065,0.3755303766251759,59.357962689316935,18,4
AST-003164,1,0,5.548300846056156,0.4365038639258118,20.879390388670576,1,0
AST-003165,5,0,5.123735665333453,0.11883107494417858,16.86333302963347,15,3
AST-003166,2,0,5.058512557833659,0.1394563755909286,6.508798796333041,3,0
AST-003167,5,2,8.624550923879312,0.03888177925316196,31.0471136110994,3,0
AST-003168,4,1,8.433131453440378,0.048539006530824214,1.9169814152923519,4,0
AST-003169,0,0,0.0,0.0,6.64283294667531,2,0
AST-003170,3,1,8.343152461578518,0.12773005749733643,35.4633110386307,1,0
AST-003171,4,0,5.886210481781032,0.10638772755042224,31.686012208447426,15,6
AST-003172,2,0,6.080068323526141,0.04243595315265723,25.415970820492973,2,1
AST-003173,2,0,4.773463984167672,0.37386693751406036,23.48723609597149,3,0
AST-003174,5,2,8.987504962474308,0.06357603222088953,2.360002301629524,20,2
AST-003175,2,0,5.409589067605504,0.03552561685572101,0.7507459286533879,2,0
AST-003176,2,1,8.615053748118335,0.11532612093704125,92.09086368890716,1,1
AST-003177,1,0,5.160836604213315,0.09927189302134004,23.795486627190982,2,0
AST-003178,3,1,8.685793848765565,0.1982767829671822,21.89155574974426,1,0
AST-003179,3,0,4.927338591042006,0.028616091640230316,2.6041883372572494,5,0
AST-003180,2,0,4.981873487122912,0.014147120371991636,5.87867847822475,1,1
AST-003181,1,0,5.73726149752068,0.10117710389995284,12.106700076985673,2,1
AST-003182,1,0,4.184938657201927,0.17924261908479694,54.83011409145098,1,2
AST-003183,7,2,7.186729581951374,0.1576880160062175,116.62933202396424,9,1
AST-003184,7,2,7.797744566086171,0.08083990003041037,38.363234937285945,21,6
AST-003185,6,1,8.277907523099527,0.12764836866947712,41.03594500285221,15,4
AST-003186,0,0,0.0,0.0,29.039038190697248,2,1
AST-003187,2,0,5.2132532021389855,0.17145491576366295,7.6364636908659325,1,1
AST-003188,7,1,7.888568807496508,0.10787842685522728,18.98415271020507,15,3
AST-003189,5,1,10.0,0.000987387390160121,116.52499673858686,1,0
AST-003190,3,1,9.06883048862355,0.011455167996766545,22.86751292149262,1,0
AST-003191,3,0,4.639145136853048,0.3147039662464876,14.311715382155306,14,3
AST-003192,0,0,0.0,0.0,7.3407451833221,1,1
AST-003193,0,0,0.0,0.0,29.203269799965707,7,0
AST-003194,8,0,5.680888079961909,0.10242052720527668,99.6980958066387,13,3
AST-003195,4,2,9.908915278265845,0.2456292834333935,80.83089751678625,17,4
AST-003196,2,0,6.6077294438988226,0.04871206061094661,15.40361963399194,1,1
AST-003197,1,0,5.7386126200150445,0.04127027297075001,36.06585486810443,0,0
AST-003198,1,0,4.1641715468257905,0.08591736075645888,24.82636292852266,3,2
AST-003199,4,1,9.908914697913376,0.27903976091112026,2.1495255113704705,19,2
AST-003200,5,3,8.317327795812053,0.021730942143667876,134.8582430547572,6,0
AST-003201,3,1,8.45499072700059,0.06099511605674865,37.25688489626726,5,1
AST-003202,3,2,8.572717736720564,0.15409804357925994,22.132323651025686,18,2
AST-003203,1,0,4.353681758858269,0.021625623831451432,1.7387446514171847,3,0
AST-003204,5,0,4.925241327056937,0.10228501483618083,240.34678042814636,13,6
AST-003205,6,1,7.744315231696055,0.21249841195961683,3.36411447290201,12,1
AST-003206,1,0,6.11887411279584,0.14299897417389576,56.92575092428409,2,1
AST-003207,6,3,7.291982338700633,0.23475693137195738,31.94977777839626,7,2
AST-003208,1,0,6.536966030361803,0.07567473608430837,2.6341785145165404,0,0
AST-003209,5,0,5.574480452400495,0.14835691696488348,11.351014124686925,16,6
AST-003210,6,1,8.685645491335894,0.11955756339216722,86.87931703735443,23,3
AST-003211,2,1,7.826971321288423,0.06542267372242698,63.35995760367289,0,1
AST-003212,4,0,6.786784928689619,0.15547551355560923,7.085615101422958,24,2
AST-003213,4,0,6.761485143608432,0.07899705548094073,19.721793788482792,10,4
AST-003214,1,0,5.205753994357135,0.06157809985928468,43.03018040088668,0,0
AST-003215,5,3,7.573774630024735,0.2229802057722512,16.26215279055104,3,0
AST-003216,0,0,0.0,0.0,30.817142830126347,2,0
AST-003217,1,1,8.459083490373999,0.45743888871288546,27.155970530717546,2,0
AST-003218,10,3,7.741071467891131,0.4161909637332888,17.558707251509723,17,5
AST-003219,4,1,8.413895137069547,0.10742709273891596,66.7305889263342,19,2
AST-003220,2,1,7.615103919440172,0.058653800483831585,7.753007639839589,2,0
AST-003221,2,0,4.61286982816103,0.06608563595424297,20.72278015018283,1,0
AST-003222,1,0,5.349013789582368,0.03092867542059972,83.14923530878463,0,0
AST-003223,2,0,4.665569501702098,0.0556233415388934,35.668747469891564,3,0
AST-003224,1,0,4.501516531169829,0.0291438115277277,1.4190500017018808,2,0
AST-003225,3,0,4.7754587999172005,0.060935849974014134,70.88771945792143,1,0
AST-003226,1,0,4.309190670679399,0.02667877719492498,52.61452701028148,1,0
AST-003227,1,0,4.39333023844255,0.15104371006890935,184.83253602960673,12,2
AST-003228,2,0,7.367140085405083,0.001165909677101023,56.29289838455094,2,1
AST-003229,2,0,4.376205476441072,0.08182981319424777,32.69505627024427,2,0
AST-003230,1,0,5.361912751936854,0.18692056725046605,102.90250797734366,2,0
AST-003231,10,3,7.567218104521974,0.03557405245500543,18.83206414795098,13,6
AST-003232,8,5,6.706500274186665,0.07571821699894977,68.46368840975592,18,3
AST-003233,5,1,7.745820395455242,0.12408198017952135,0.5743522906555215,16,2
AST-003234,3,1,8.42952003788506,0.12233418303758362,8.414708697446642,2,0
AST-003235,3,0,4.253770382584753,0.045079190653359406,38.239842765619024,2,0
AST-003236,2,1,6.8321790602101,0.02959543137137697,49.237663963203936,1,2
AST-003237,0,0,0.0,0.0,30.391084571503207,2,1
AST-003238,2,0,5.046289202769438,0.08375919009619316,53.31317583326256,4,1
AST-003239,5,3,9.200161147288616,0.08350834843540085,184.89231370236837,13,3
AST-003240,1,0,4.91210201217558,0.0481271717499883,45.85347155442072,0,1
AST-003241,4,0,4.193793077926075,0.007814365173957906,67.84381482014942,1,1
AST-003242,4,2,9.632465906005192,0.1590707926507063,10.503441186579721,21,1
AST-003243,1,0,6.896238041825548,0.13088225215821958,7.032036689211106,2,0
AST-003244,3,0,5.2505154487284775,0.07004311058913053,102.7816385794598,3,1
AST-003245,3,1,9.92363250703446,0.012625155268332675,84.51552105159168,3,0
AST-003246,1,0,5.714231835474635,0.08014250862650363,7.468162001479912,1,2
AST-003247,4,1,10.0,0.136201728878664,101.3760700133826,10,2
AST-003248,2,0,5.14032997881611,0.01609583540457481,38.346689507878814,1,0
AST-003249,4,2,9.383310580745936,0.35279228135055724,7.795341545492059,17,4
AST-003250,3,1,9.84257559878306,0.25143639870418055,43.289439046374724,19,5
AST-003251,4,2,8.559790754097314,0.23568755167859626,55.203626293381774,23,3
AST-003252,0,0,0.0,0.0,8.17795792897714,0,2
AST-003253,3,1,8.596625872904585,0.0063726443461027855,14.616594242946809,3,1
AST-003254,1,0,4.343079096020789,0.04636282431354325,11.038031137731382,2,0
AST-003255,2,0,3.6046178166967273,0.007316139872667672,16.002429182148585,1,0
AST-003256,8,1,9.72162099709961,0.17183807733230097,66.63708586257995,9,5
AST-003257,3,0,6.553336783937741,0.3239750941156588,50.93814670305156,4,0
AST-003258,6,3,8.34366678582532,0.10448431102599168,28.64245740956774,16,5
AST-003259,0,0,0.0,0.0,122.7943446974512,2,0
AST-003260,0,0,0.0,0.0,129.93952480299762,2,0
AST-003261,10,2,8.90692194356479,0.09988972422829226,91.48188395776421,9,1
AST-003262,3,1,6.990585249950515,0.11994465718890956,12.988121111207795,3,0
AST-003263,5,1,9.923414132896536,0.24146332374071433,7.922411361965023,13,0
AST-003264,3,1,7.877005140584359,0.02046990346614998,11.428591502493665,2,0
AST-003265,5,3,8.20133774195322,0.053697073652062804,32.48403830940102,10,4
AST-003266,3,0,4.317226685430302,0.011882885446248213,143.3297276765869,1,0
AST-003267,3,0,3.9799325863929305,0.17507709585237385,61.05422059262543,14,4
AST-003268,2,0,3.05298020964059,0.07233789663945277,156.5162130337822,3,0
AST-003269,1,0,5.16406179317451,0.16832622588699578,33.32586478750635,1,0
AST-003270,4,0,3.860912908561212,0.10345290838765107,61.95375105104258,12,2
AST-003271,2,0,5.637403998625684,0.40069925582475546,18.412036511857373,15,4
AST-003272,2,1,8.481315157242335,0.038750865118670395,14.559013102796264,0,0
AST-003273,1,0,4.8731946449963415,0.07170104961480295,10.978021062966205,3,0
AST-003274,1,0,4.723218693215907,0.38014801055153385,6.001981851041255,2,2
AST-003275,1,0,5.506351155041266,0.219340155096809,1.8634535179316591,2,2
AST-003276,5,0,5.105810813865411,0.12361977031275967,29.915334102521125,17,3
AST-003277,3,0,6.311443268398505,0.06353562846481457,23.177078771849253,1,0
AST-003278,1,0,4.182895092759203,0.17773899730938553,20.789936423032323,4,0
AST-003279,4,0,7.0284333864727015,0.32677196195383934,0.6445671056361439,2,0
AST-003280,3,0,6.572727447310261,0.07144491634220902,5.526471906037878,1,1
AST-003281,2,1,9.665160530846691,0.06487193411152666,12.775021472289914,10,2
AST-003282,5,1,8.26502969203886,0.07347665181440592,42.07447048516271,16,4
AST-003283,3,0,5.890515984970234,0.0022009638745844446,59.275690180002954,4,3
AST-003284,8,1,9.066478604672906,0.1849050686938951,38.76240986089789,19,0
AST-003285,3,0,4.28119434519466,0.07516806310786757,1.1935785544540696,4,0
AST-003286,1,0,4.167940914455069,0.04320593679420164,57.245096751464736,3,1
AST-003287,1,1,8.346843326256218,0.06765375499269301,10.6811946671131,1,0
AST-003288,1,0,3.350376724346586,0.018579560828554956,2.629212813860913,3,2
AST-003289,1,0,4.286797248208114,0.2874384020035593,8.045640428605253,0,0
AST-003290,1,0,4.572457629615062,0.2903943813733062,19.080121510442137,2,0
AST-003291,9,0,5.374997020649394,0.20937279310535423,0.8899517578115735,15,3
AST-003292,4,1,8.845589591158602,0.4071893609927312,9.466968484655276,14,1
AST-003293,3,0,3.2926432221001845,0.2291762632262596,12.033032018401002,10,5
AST-003294,1,1,9.990547790861703,0.0683994694995623,27.205536749067754,3,0
AST-003295,0,0,0.0,0.0,11.584655543980384,6,0
AST-003296,1,0,3.3536481193698924,0.007588237176138433,37.696163740192794,2,0
AST-003297,1,0,5.666021072374806,0.2975606285951667,59.60035924870246,0,1
AST-003298,5,2,9.664052868514064,0.04746038038987129,0.47047942365495576,2,0
AST-003299,2,0,5.095697198935919,0.033162925917184234,14.34454234765327,3,1
AST-003300,0,0,0.0,0.0,118.030108871128,2,0
AST-003301,1,1,9.219911380655805,0.1500210824535902,1.502444871756387,5,0
AST-003302,4,0,5.033932329315716,0.02978500758602693,46.933663403917,1,2
AST-003303,1,0,5.361912089796794,0.09908800816326294,46.79305705153994,2,0
AST-003304,2,0,4.531518175478087,0.02794931001364219,62.18981897790837,1,0
AST-003305,1,0,4.779615302857325,0.09767240216500137,38.04897083731393,1,1
AST-003306,7,1,9.229476096941818,0.09979938782302973,71.94640630134109,17,3
AST-003307,9,2,9.738617627220858,0.016571015976287563,71.65037740463885,1,0
AST-003308,6,1,8.287612685805195,0.028450092254538116,0.13971103258036088,14,3
AST-003309,5,1,7.635897025171728,0.05126357926865011,63.01019521399619,1,0
AST-003310,2,0,7.670015300880721,0.08912417399454849,10.665043091767748,3,0
AST-003311,6,2,8.77913620964625,0.29790961679013817,72.64293600181227,11,2
AST-003312,5,1,6.753825822938595,0.022438467999453197,7.81793506906334,0,0
AST-003313,6,1,7.970204830185693,0.06338269172389298,23.7280545984471,2,1
AST-003314,5,1,6.222460970407789,0.227362580646789,7.771084728832313,14,7
AST-003315,3,0,5.179077297153446,0.14047056297353974,56.55831479600737,3,1
AST-003316,2,1,8.681428167657996,0.06938860460687234,112.05006987301299,1,1
AST-003317,4,1,8.537318734787037,0.19091788652251646,4.878000973844903,18,3
AST-003318,4,1,8.11018675391366,0.048801465323766655,21.53680275497918,7,3
AST-003319,2,1,8.426091125941662,0.04196826375552017,127.06304488257308,1,1
AST-003320,0,0,0.0,0.0,51.215389400128274,3,0
AST-003321,3,1,9.478768942931769,0.18666618842530408,45.67929126825405,17,5
AST-003322,3,0,4.761511549871437,0.029378831512555353,103.69403473763971,3,0
AST-003323,2,1,8.807590523669425,0.00037433571052187826,35.288974613781015,6,0
AST-003324,1,0,5.747225741142445,0.08721137553767544,29.658185554246778,2,1
AST-003325,3,0,6.221753934166217,0.060906073308101716,50.65861108478305,12,4
AST-003326,2,1,7.959309032473995,0.002428070304455085,38.21988308985108,3,0
AST-003327,5,1,10.0,0.08379977219926055,23.79604480581508,14,4
AST-003328,4,0,5.919920289047866,0.23267879899123045,65.54403875334465,3,2
AST-003329,2,0,4.983992749022511,0.08138175827042095,8.080446284556187,2,0
AST-003330,5,2,8.445588162872964,0.06719479219148837,33.6294158105519,16,3
AST-003331,5,2,8.697408411365139,0.072204136579137,43.37960703416603,12,2
AST-003332,2,0,3.967358686610658,0.003956864336737333,66.36978164403955,5,0
AST-003333,1,0,4.217663277580102,0.022558171330028253,29.499983777408985,4,0
AST-003334,4,1,7.29179068655627,0.17095148281030714,57.71872707142596,17,2
AST-003335,1,0,5.554180620095859,0.17381390651354808,68.74687555658517,2,0
AST-003336,1,0,4.80030400115779,0.20225661040079945,48.489164340901354,5,0
AST-003337,0,0,0.0,0.0,1.9286228497287092,0,0
AST-003338,0,0,0.0,0.0,75.74006934011291,14,5
AST-003339,4,2,9.441272226248138,0.09303141584580944,17.32335482501061,17,4
AST-003340,5,1,6.589415818743269,0.1548207389028249,10.222859302377913,9,4
AST-003341,1,0,4.727839334949417,0.13425844218571584,43.988232387339146,2,1
AST-003342,0,0,0.0,0.0,49.265729810600924,1,0
AST-003343,1,0,4.368752984951064,0.127477462240556,21.628094408221997,2,0
AST-003344,2,0,2.875562210357163,0.02736316436213246,44.83979001471472,0,0
AST-003345,3,1,9.383555330171255,0.03521406674747714,7.207554746963192,2,1
AST-003346,1,0,3.2642246051448742,0.2565161043974721,50.15463780583338,1,0
AST-003347,2,0,3.972558722638139,0.2052997935783268,32.11505223310313,1,1
AST-003348,3,1,7.589781893209791,0.05699144174266667,4.649686651440879,0,1
AST-003349,2,0,5.96657380464389,0.15229051583742345,1.3443120165319276,3,0
AST-003350,9,4,8.608768254323897,0.015501172763209618,27.829788832326155,15,2
AST-003351,4,2,7.877639351716082,0.0316436902002846,3.0374355577045997,3,1
AST-003352,1,1,7.356438100707921,0.03102009074016484,5.63175553168385,6,0
AST-003353,3,0,5.353933928849213,0.1639365314842395,40.14852401204822,2,2
AST-003354,3,0,3.2692944102086487,0.03357645198855452,91.47878159579494,15,2
AST-003355,3,0,4.1304299249514385,0.06152397451925441,54.807831045748756,4,0
AST-003356,0,0,0.0,0.0,41.689554756938044,3,1
AST-003357,0,0,0.0,0.0,16.98896144780228,1,0
AST-003358,1,0,3.5596880464095815,0.027604295528264548,52.87692763516095,1,0
AST-003359,7,1,9.79518706993431,0.05028965696317655,32.583624758398095,18,0
AST-003360,2,0,4.993464482360074,0.044776475334466395,84.43095604185812,1,1
AST-003361,2,1,9.267730954418282,0.024398636029160505,19.311644380118764,2,0
AST-003362,0,0,0.0,0.0,17.384519255538148,4,1
AST-003363,2,0,4.810243975834057,0.039362353670406205,90.61185319520061,2,1
AST-003364,2,0,5.187180261059741,0.12016073418622344,0.5040915848653592,1,1
AST-003365,4,1,9.71379082062686,0.3226434452991844,17.274012142096545,2,1
AST-003366,10,1,10.0,0.1813697282193222,18.128027135959975,13,4
AST-003367,2,1,8.77746590845765,0.1514761453934643,18.82482608721624,15,3
AST-003368,8,1,7.66142235989211,0.05153127433463176,18.79083644450878,14,2
AST-003369,0,0,0.0,0.0,9.373567493744275,2,1
AST-003370,1,0,7.142311312574714,0.11738794251318153,6.225140450255001,3,1
AST-003371,1,1,9.23694410583302,0.08089561871122669,4.918896297101351,4,1
AST-003372,5,0,5.788204225012373,0.0564753839123639,38.623989767568865,2,0
AST-003373,0,0,0.0,0.0,33.252423739436956,3,0
AST-003374,2,1,9.30023026401302,0.2215601437455743,3.226925333519553,14,3
AST-003375,3,1,8.194872836815659,0.07806712909432281,15.350161717244264,3,2
AST-003376,8,0,5.385992151754184,0.18782491544920207,29.399956317890673,15,4
AST-003377,1,0,4.070030326922981,0.1290969933989485,54.87468396818778,4,1
AST-003378,1,0,3.7058373994444382,0.16562363898754112,57.983820229639434,2,0
AST-003379,1,0,4.028210648731344,0.23997118330564401,36.259160836735816,2,0
AST-003380,3,1,9.750273419749306,0.17995860883028328,80.04146636292995,1,0
AST-003381,2,0,3.7487268626864028,0.005365015173325712,81.0923719343299,1,0
AST-003382,3,1,10.0,0.20426653239197515,103.71471513949612,10,2
AST-003383,5,1,9.417449336689366,0.2553334908654772,41.95871223174793,15,1
AST-003384,2,0,5.988610111727995,0.06572457353953112,65.49078835953836,2,0
AST-003385,1,0,3.6985882771424943,0.009115713564572546,30.315058033403925,3,1
AST-003386,3,0,4.49284627250049,0.07931713415563989,50.86223423100598,17,4
AST-003387,4,0,5.3184794552258,0.1417011078192781,227.0611801471709,14,4
AST-003388,2,1,8.550928473265982,0.010626318713483138,100.93934656677457,2,0
AST-003389,4,0,6.353529812703864,0.2859372293186382,34.92854285399051,12,8
AST-003390,1,0,4.59215052535613,0.23873405346256388,90.21998646258402,0,1
AST-003391,7,2,9.45003641172602,0.015128240383298481,0.29332702777418795,2,0
AST-003392,2,0,6.0513688950039795,0.08344697687229731,4.5405375190322665,3,0
AST-003393,2,0,5.220318695386491,0.0744383670562267,154.17018077932343,1,1
AST-003394,0,0,0.0,0.0,22.546007691444288,2,1
AST-003395,2,0,3.511934984586856,0.18559897511157036,25.866706264508192,3,0
AST-003396,3,0,5.268187008082582,0.265520483754794,5.222928931006384,3,1
AST-003397,3,0,5.892145227884944,0.03628163725762292,22.99111335045858,13,2
AST-003398,5,0,4.324722908058921,0.19335150130795412,72.38894590749612,15,3
AST-003399,1,0,3.7848625562413503,0.039843043478284705,27.63513942704495,2,0
AST-003400,1,0,4.410036179533034,0.06403523804174927,1.199974556729674,2,2
AST-003401,3,1,8.27311150926603,0.02373408447004826,96.0536722945682,4,0
AST-003402,0,0,0.0,0.0,85.44854656294807,2,0
AST-003403,3,0,5.127894469127373,0.3783410091102549,18.964904581814398,2,0
AST-003404,0,0,0.0,0.0,33.933523543756216,1,0
AST-003405,1,0,2.818265981851398,0.06652048258313867,59.36571232533416,3,0
AST-003406,2,0,6.410520785477067,0.03080795602459456,86.93458031476555,5,2
AST-003407,3,0,3.5286670581012274,0.22036916582591168,152.36209167932054,3,1
AST-003408,5,0,4.718590399032399,0.04235385983230378,13.469311220036458,17,2
AST-003409,0,0,0.0,0.0,3.973734910073601,2,0
AST-003410,3,1,6.6136122250034575,0.2732745931058818,3.750772104197419,1,0
AST-003411,0,0,0.0,0.0,33.340104263648165,1,0
AST-003412,1,0,2.7044660139568433,0.14600121191741505,2.4739102800523534,3,0
AST-003413,1,0,5.862598692359419,0.37143461127570876,7.099500496410664,2,0
AST-003414,2,1,8.180104630273139,0.13766923994144611,15.65063459608903,19,3
AST-003415,1,0,4.825390105315718,0.19440071209803095,35.021542673487595,6,0
AST-003416,8,1,8.48487552316315,0.06098823128771207,45.100392157880506,10,6
AST-003417,2,1,6.718437714849474,0.12807776136948948,24.318938258883644,5,1
AST-003418,2,0,3.1147604722532556,0.026049897057223517,48.00402212756718,4,0
AST-003419,2,0,5.23968719970448,0.07172949925308209,63.336588634745404,0,3
AST-003420,4,2,8.191927868221976,0.09377587765229775,17.955349546855185,0,0
AST-003421,1,0,3.148395294765392,0.19549749047213913,23.437758248662178,2,3
AST-003422,8,4,8.635675093008413,0.32867248483762546,0.18714096345314382,12,3
AST-003423,3,1,8.713411819390867,0.13620302598251982,85.78596978029081,3,0
AST-003424,2,0,5.620124716356838,0.0893110415065591,166.23605137617218,2,0
AST-003425,6,1,8.909481258641671,0.3508051956741153,17.260915648694606,12,4
AST-003426,1,0,5.359206265349603,0.003231928131361929,4.126167639521163,2,1
AST-003427,1,1,8.324610835081167,0.20006456319539334,33.86303798182295,2,0
AST-003428,2,0,5.910853507048242,0.03326358834060755,25.339191066829187,0,0
AST-003429,7,1,9.17569905602604,0.08162646754814581,7.1135834688365644,2,0
AST-003430,2,2,8.081340703246575,0.209483131959763,48.80026230281766,3,1
AST-003431,3,1,6.155621066186006,0.09478327678518118,59.99670768348625,1,0
AST-003432,4,2,7.80038292313507,0.19301994745733456,12.90257291520866,1,0
AST-003433,1,0,3.8245636009125414,0.06352963979541378,70.04190216264519,0,1
AST-003434,0,0,0.0,0.0,24.060945574977886,3,0
AST-003435,2,2,7.359879987709748,0.010296321256899284,16.95210402756829,6,0
AST-003436,3,0,5.9309392584034635,0.1895656306519523,4.400538084174276,2,0
AST-003437,6,1,6.889724564274791,0.2501469675510069,9.765331633221328,15,2
AST-003438,1,0,3.396318550657309,0.26180015249884275,23.067783442948944,1,2
AST-003439,8,0,6.024596150979328,0.03492578823821631,29.403838529957802,11,3
AST-003440,3,0,4.377070596599196,0.07757895781440673,200.80490489964174,0,0
AST-003441,3,0,7.309556913332258,0.09590563301525552,9.955139098787802,1,0
AST-003442,1,0,6.5503273473508,0.1087389605781434,0.999054984971568,0,0
AST-003443,5,0,4.557240936857087,0.13965854850219972,10.739820229830102,16,6
AST-003444,3,1,6.9927044308861275,0.0412342927654464,6.17776638739725,1,0
AST-003445,2,0,5.689799082032179,0.21026574340623624,82.04401008383871,12,1
AST-003446,2,0,4.737181534159553,0.2051739775599133,16.437681336631154,13,4
AST-003447,1,0,6.071461689510005,0.002328280103061334,3.089558934321279,1,0
AST-003448,3,0,6.638305878716759,0.1700834883306709,61.41332526553075,2,0
AST-003449,0,0,0.0,0.0,58.71675172451622,2,0
AST-003450,1,0,5.50722902613424,0.024464027067985675,16.408746415433207,1,1
AST-003451,1,0,4.339781322327826,0.009966615773925477,42.70266741212491,3,0
AST-003452,6,1,9.539698620944067,0.3110810056020844,0.4709666989818337,10,2
AST-003453,1,0,4.020265366962066,0.21763060019599015,21.080358666027642,2,0
AST-003454,2,1,9.35914050816458,0.03336246197160996,7.567197128377972,2,0
AST-003455,2,0,5.328171658437059,0.12611443732747932,5.412422607054589,1,0
AST-003456,6,3,7.032588155516814,0.07243181774446532,50.88403050486741,17,5
AST-003457,1,1,7.146695395578452,0.010397766868259915,2.8344556472739355,1,0
AST-003458,9,2,8.31671454932318,0.1969127563350502,5.064696886825429,16,5
AST-003459,6,2,7.852391368322728,0.4567630644799798,36.43063659885119,14,2
AST-003460,4,1,6.028390384769624,0.3447865101154494,98.90869870095624,2,1
AST-003461,3,0,3.2627785875148723,0.30599922829529397,45.18266459102425,1,0
AST-003462,1,0,3.666893705144407,0.12644024077926283,14.205522211140776,2,1
AST-003463,4,0,5.599113790781086,0.07949665236338875,80.98961880970394,1,0
AST-003464,6,2,8.352335848362966,0.044432429574072764,29.997641045533435,16,2
AST-003465,1,0,3.9788277843649507,0.22566214852699532,5.19338025267132,3,0
AST-003466,3,1,7.951106995401323,0.0836935093926072,127.704872208634,3,0
AST-003467,4,2,9.399710933549093,0.08060665512123541,20.266051027894207,1,1
AST-003468,3,1,9.956638626622727,0.09715947539327893,70.48562294414951,3,0
AST-003469,2,0,3.5020200254659706,0.10310427070988784,14.034716331802992,1,0
AST-003470,3,0,4.317968024908682,0.024909342971902292,45.23955986642111,3,0
AST-003471,3,0,5.395204097716775,0.21199698735946368,18.876699199444726,13,2
AST-003472,1,1,8.129741204886502,0.01962187708931776,67.79181679315403,2,0
AST-003473,1,0,6.197542686997597,0.23546312772304598,103.2894442071992,1,0
AST-003474,5,0,3.864717135965061,0.11083174024828688,32.2934084038883,17,1
AST-003475,10,2,7.987849481228052,0.22239631703033777,18.374027253338635,18,4
AST-003476,2,1,8.671891423019606,0.046483285837860606,8.310728049467883,2,0
AST-003477,1,1,8.454490668712022,0.21543734873972342,70.34906369327683,1,0
AST-003478,5,2,8.104567936823665,0.08115524342429208,47.69210063996488,3,2
AST-003479,7,2,8.706033662905885,0.12536036925172794,28.212416507988245,3,1
AST-003480,8,3,9.129886446055147,0.15462813580382037,2.3803866035514987,12,1
AST-003481,2,0,4.426066895515073,0.031411637967105145,100.65886532308538,3,1
AST-003482,4,1,8.341727417792145,0.14884908358685567,74.18391678791878,15,3
AST-003483,3,0,3.7286704233746617,0.10981915255719293,105.96046529636081,1,2
AST-003484,2,0,4.06340425451292,0.03565790377022834,2.3586149744175002,0,0
AST-003485,0,0,0.0,0.0,10.55207040028071,4,0
AST-003486,2,0,5.0181135651225475,0.02944129902494217,16.586793382209766,3,3
AST-003487,3,0,4.856799531083448,0.004276311764123595,41.9145039953676,2,0
AST-003488,2,0,6.093985374352139,0.039017496394138276,86.29688261109557,3,0
AST-003489,4,1,7.5933835378426355,0.08805146797665445,72.12251906341274,2,1
AST-003490,7,1,7.860264512516298,0.1564462016423332,17.76663060682078,8,5
AST-003491,1,0,4.335515203157802,0.05722875074583704,66.71440333072158,4,1
AST-003492,3,0,7.762943094008431,0.2190208603761652,44.02001903719962,22,3
AST-003493,0,0,0.0,0.0,18.26724988778544,1,1
AST-003494,12,1,7.6035284224959305,0.4507830981440407,4.597857556113509,13,2
AST-003495,3,1,7.545210932303136,0.12249330128632104,45.749676964251286,10,3
AST-003496,2,0,3.702835892730673,0.020752108640040994,45.91835742197234,2,0
AST-003497,4,1,9.12249205196811,0.21104372409762906,6.667256582173341,24,5
AST-003498,2,0,6.743079671296741,0.01241449273052976,141.9367147079446,2,0
AST-003499,5,2,8.92485278575076,0.18468448094932258,2.6132318270824006,17,7
AST-003500,2,0,4.787734345666353,0.007928921051757918,54.887945639277525,2,0
AST-003501,2,0,4.025746128916735,0.12363489045664008,153.1836014645639,2,0
AST-003502,3,0,6.077951708495134,0.2030521048687104,53.14546289310178,4,0
AST-003503,1,0,4.586604902460183,0.32853685469278576,59.19210456878949,1,0
AST-003504,4,0,5.800728617283868,0.021082473749625012,0.46628249787420284,1,0
AST-003505,3,2,10.0,0.16440858544959228,70.18566586509652,13,4
AST-003506,3,0,3.9814435197045484,0.22994381840242534,4.881383703951083,19,3
AST-003507,1,0,6.333424209698159,0.02524284053396263,5.503026767651016,3,0
AST-003508,2,1,8.649583885177282,0.16327219581583055,22.237215606297145,13,5
AST-003509,10,4,8.845732600952429,0.12296618389718075,29.85200320224184,12,4
AST-003510,0,0,0.0,0.0,18.958791857861907,2,0
AST-003511,1,0,3.036701323618461,0.04589677659549781,14.021084771943386,1,0
AST-003512,2,0,5.679485423163901,0.056818522464137614,13.501856474829614,2,1
AST-003513,6,5,8.723000072329429,0.04433154934700969,61.88441034189357,12,1
AST-003514,3,0,5.840488615777698,0.07004292429946248,123.6564161610474,13,5
AST-003515,3,0,5.198076382150738,0.037829530348061906,42.575184982192546,3,1
AST-003516,1,1,7.991754318501714,0.1190249998460584,26.80841715826415,3,0
AST-003517,3,0,4.545608183633354,0.12897495011245236,3.0848868279699806,17,3
AST-003518,10,1,8.13621634095342,0.2905589579294572,15.087082382547543,15,2
AST-003519,7,0,5.605315227189846,0.4806184841500007,5.901228553586884,17,1
AST-003520,2,0,6.58315728722685,0.02514142263570045,1.1729486767972968,2,0
AST-003521,0,0,0.0,0.0,23.907356854901995,2,0
AST-003522,0,0,0.0,0.0,4.292438148004077,2,1
AST-003523,2,0,4.4221263577582945,0.04245818279015538,43.73865416976504,1,0
AST-003524,1,0,3.0059030857629425,0.4977101132664936,26.113971166942022,12,0
AST-003525,2,0,3.8305309754972026,0.037082843972557705,5.796679956449135,0,0
AST-003526,4,1,7.828828262446079,0.15833713779800976,37.42742480865781,14,3
AST-003527,2,0,5.173703900614242,0.2035904232363999,19.763321206884022,3,2
AST-003528,7,1,8.776714173048905,0.15532181081782637,56.43762750854607,17,3
AST-003529,2,0,4.180340967656745,0.001019003904055922,104.26593422091884,2,1
AST-003530,4,2,10.0,0.02083474102601468,2.1151511668809166,0,0
AST-003531,4,1,8.045930096041596,0.10305928236093685,21.956888649492704,0,0
AST-003532,2,0,5.407664475130478,0.17552756818983747,13.149485467407699,2,1
AST-003533,6,1,8.66655700616114,0.02982239195923871,45.798296298325845,12,4
AST-003534,2,0,5.437311742693901,0.22061591050507254,16.36041412284695,1,1
AST-003535,4,2,9.487107218982544,0.005951279082080421,5.621432140895669,1,0
AST-003536,8,0,4.912928115573154,0.11066798547070524,31.83717486779759,16,5
AST-003537,4,0,5.8546694716533425,0.08985816189648954,23.188461809765393,15,4
AST-003538,2,0,5.762445005311235,0.09299662305546487,23.602831396978463,2,0
AST-003539,4,0,5.625233788216508,0.22273551568464936,6.546015910561572,16,3
AST-003540,2,1,8.723318198849139,0.09625855190488455,8.101542186086169,6,2
AST-003541,3,0,3.8904338258420283,0.033843242142187265,96.60906860576084,5,1
AST-003542,4,1,7.6022209709244795,0.11959745340103956,5.063141796110189,2,0
AST-003543,4,2,6.7271777373261505,0.33744498310412674,71.91687862823028,2,0
AST-003544,1,0,6.045168784926892,0.1417751685079666,11.083285729623675,0,1
AST-003545,1,0,5.053553491467691,0.0800110408023029,65.97584128037666,2,1
AST-003546,0,0,0.0,0.0,165.70340375341533,3,1
AST-003547,3,0,3.723442150648812,0.15996452810685746,5.429629447415143,14,3
AST-003548,1,0,5.0194396183266194,0.11534563369564958,2.4312528328027097,1,0
AST-003549,9,2,7.86942767595552,0.1675782599991191,13.238756702602583,19,2
AST-003550,2,0,4.127003899782421,0.18920592409264747,7.852431369496539,14,5
AST-003551,2,0,4.141677662212713,0.026054573281501917,8.949949754572206,1,0
AST-003552,1,1,10.0,0.018971983973091095,27.655073321698033,1,1
AST-003553,3,0,5.849377477006261,0.04489996980853543,90.14385571772372,0,0
AST-003554,6,1,7.878965428162191,0.24415894159001483,75.20714167731191,18,0
AST-003555,3,0,3.873781560005199,0.05773255691133552,29.646700007736662,2,0
AST-003556,1,0,4.448688688391886,0.11952587529463556,25.058282794983302,0,0
AST-003557,3,0,6.655428186024737,0.16897571804066427,24.47640403794093,14,5
AST-003558,0,0,0.0,0.0,39.411796911135376,3,1
AST-003559,1,1,7.316326044104658,0.03569829339932145,32.486845721607565,1,0
AST-003560,6,0,3.849474226461176,0.04603098426268692,32.71959564412372,1,1
AST-003561,3,1,9.533906654813283,0.1516248483184214,68.58166191740838,17,4
AST-003562,5,0,4.025162941591095,0.08805027894949832,37.724707932662284,13,8
AST-003563,0,0,0.0,0.0,109.50191499997665,1,0
AST-003564,2,0,5.150688260269769,0.30904388734171373,37.478804258855035,3,1
AST-003565,6,2,9.367717069851812,0.23321757234251975,154.57422318528148,17,5
AST-003566,6,0,6.3756184711301795,0.04298862183329394,105.69465533377364,18,2
AST-003567,8,2,7.875309865005972,0.2677768751678032,22.3006930084838,18,2
AST-003568,1,0,5.765333051242186,0.038509130117172795,121.70587538544818,0,2
AST-003569,3,0,4.967342692029092,0.15895156684420791,5.662444463210092,10,0
AST-003570,3,1,8.80680842923724,0.023666630309367647,1.1071532634071415,2,1
AST-003571,3,0,7.388400540116205,0.03260231256083349,2.971371594157431,1,1
AST-003572,5,0,4.953104351203439,0.2246638041887266,11.379850927899733,11,3
AST-003573,2,0,5.970690917347969,0.03711774421585465,19.71310554894939,1,1
AST-003574,8,1,10.0,0.3695838797249837,62.12715900310592,16,7
AST-003575,1,0,4.41332335103932,0.010985623114360342,105.13686627785657,2,0
AST-003576,6,1,7.613708595234965,0.13217579650755307,24.260496554678245,21,4
AST-003577,1,0,4.845589162740685,0.038523853315320246,25.33078720226145,2,1
AST-003578,3,0,4.057179002768632,0.25443362787166884,5.3909635548698605,5,0
AST-003579,4,0,4.545050316278384,0.07929955403165263,46.05109097246753,1,0
AST-003580,3,2,8.059156028617743,0.1312123094594617,19.39564011866394,4,1
AST-003581,5,1,8.307033315546672,0.07266885248510618,3.3557502336863947,15,3
AST-003582,2,0,4.033407780262388,0.31422159873419603,109.94096198929671,2,1
AST-003583,1,0,5.254023116202605,0.24042885019127413,1.6687016240960408,2,0
AST-003584,4,0,4.549112587584301,0.31563385297669655,13.441671263396161,1,0
AST-003585,5,1,8.20174753457264,0.17197368830069268,5.821974406896794,19,4
AST-003586,1,0,5.639081735633269,0.0628301630406176,20.813667550530088,4,0
AST-003587,2,0,5.3017442201018525,0.12155712872203657,82.58372225780026,2,1
AST-003588,2,0,6.1513435203793785,0.0059955741141734355,26.885658583807913,2,0
AST-003589,5,0,6.251843224654485,0.320539893927365,13.005822264655928,8,1
AST-003590,2,1,8.122640135616614,0.2819193263413954,78.38377181580461,1,1
AST-003591,1,0,5.1530500638337395,0.015329911909966595,37.11693486970903,1,0
AST-003592,6,0,5.341938181798818,0.08093465480672384,14.711057059573154,10,5
AST-003593,6,2,7.907610047961732,0.26322007132793157,38.43994331835278,3,0
AST-003594,0,0,0.0,0.0,29.794343470757788,4,0
AST-003595,8,2,9.264688009178998,0.04390380734980166,13.765293760972455,12,3
AST-003596,1,0,6.156676514761047,0.030269087667553745,26.468986674939252,3,1
AST-003597,2,0,4.190868683427647,0.009320079689490847,48.38658988745277,3,0
AST-003598,1,0,5.2455850210210615,0.06478883973204856,12.365029682369668,2,1
AST-003599,1,0,4.36353655336849,0.06698302407287424,37.49791154061318,12,1
AST-003600,2,0,4.431637853042677,0.13572998648659085,16.34105159286886,1,1
AST-003601,0,0,0.0,0.0,12.640612292543228,1,1
AST-003602,2,0,5.751904715036461,0.13733286970042735,98.64202385587032,1,0
AST-003603,6,0,5.4461257417490705,0.41491039550288994,7.271054288412888,18,4
AST-003604,3,0,5.910307150668411,0.19766448033189568,4.3434135479875815,2,2
AST-003605,4,0,5.086686805310368,0.09020062888316896,12.002721166355267,1,2
AST-003606,2,1,7.124758545152346,0.05731370769847704,7.553631992781394,0,0
AST-003607,1,1,9.7543360830938,0.02521983733194587,22.23414405645025,1,1
AST-003608,4,1,9.4056984172572,0.06895379772798416,165.68427728243128,18,2
AST-003609,1,1,6.298204769312303,0.03558503303241285,95.0004183238366,1,0
AST-003610,6,0,4.725784202380144,0.09608285339886664,80.7386043607515,17,2
AST-003611,0,0,0.0,0.0,82.33769468109712,4,0
AST-003612,4,1,9.094102946926961,0.07511367338803644,17.397840398492043,16,2
AST-003613,1,0,5.875319948883362,0.023931957059761866,61.744691940292064,1,1
AST-003614,1,0,5.498795869708912,0.023878565973016366,0.6874693695878373,0,1
AST-003615,6,1,8.434013993527818,0.08960018797088738,20.44035926081438,12,2
AST-003616,4,1,7.220024898800508,0.05198671411871983,50.57502926676642,11,2
AST-003617,4,0,7.119863083102757,0.025713055789898905,2.480597910738104,2,0
AST-003618,1,1,10.0,0.05024128026953848,13.797376181339867,1,1
AST-003619,1,1,9.619223495757137,1.1806534207541853e-05,11.127491733128196,4,1
AST-003620,6,2,10.0,0.4387622388466265,36.09943589723927,19,3
AST-003621,3,0,4.000076814855156,0.021363929277969648,47.11283171114487,5,1
AST-003622,1,1,9.22277179382101,0.09461400709565174,38.752853800442104,1,0
AST-003623,1,0,5.8114551332359214,0.07072218812617713,134.50476961503136,2,0
AST-003624,3,2,6.629773933715355,0.05647710074142485,155.37672161918616,23,3
AST-003625,2,1,9.013512552220648,0.13705420955074518,13.949298180145703,1,1
AST-003626,3,1,7.720058701500969,0.030840951967616458,45.186918360634834,2,0
AST-003627,1,0,5.510755936991088,0.04932941462287861,37.2028722389635,4,1
AST-003628,0,0,0.0,0.0,2.4010860645518997,4,0
AST-003629,0,0,0.0,0.0,6.54905267585268,0,0
AST-003630,6,0,6.016147557016344,0.15661621795481795,21.80141183323668,14,6
AST-003631,4,2,9.52639990927413,0.035242059472077855,3.8658634592919845,18,3
AST-003632,2,0,4.027440886761793,0.08391772650835314,16.34619105769202,1,1
AST-003633,2,1,6.7711108479256366,0.4759309915932462,9.257546188721669,19,7
AST-003634,3,0,3.69707747745023,0.26626732516372037,163.294094203892,4,2
AST-003635,0,0,0.0,0.0,94.13947315433369,3,0
AST-003636,9,1,7.365955504982253,0.09002925090611376,2.3438890307207627,21,3
AST-003637,1,1,8.217131723581739,0.07236462720152516,267.21740897158764,3,1
AST-003638,2,0,5.094057697731559,0.009025527785451815,1.23239756428405,2,0
AST-003639,5,1,7.491200971390049,0.2870893775337699,4.2561982363652895,13,4
AST-003640,4,0,4.74779236939539,0.028803378947878846,48.32343166557032,2,0
AST-003641,5,3,6.410584275548013,0.1578310367929657,8.07159274729789,15,4
AST-003642,7,2,9.663971902814989,0.06942784272556307,7.563835595873452,14,3
AST-003643,2,0,5.636944277596285,0.03524889549243252,8.791514232837105,1,1
AST-003644,1,1,9.996046993969776,0.2732088832154815,272.4351255624147,3,0
AST-003645,2,1,8.131122109045764,0.05457753993565513,29.70693248010429,2,0
AST-003646,1,0,4.662356279980508,0.19701590625136794,35.435504820484674,2,0
AST-003647,0,0,0.0,0.0,47.475790150928006,2,1
AST-003648,7,1,8.058105492843671,0.2936052325961583,19.97529483845702,14,6
AST-003649,3,1,7.8193012270811755,0.01936799328922713,26.84676177002478,1,1
AST-003650,2,0,3.0855948447389268,0.030171130488513977,18.386631728731995,5,1
AST-003651,2,0,6.8681728242942,0.05156285380133762,0.011456769104450065,3,1
AST-003652,1,1,7.652246193727948,0.0832979768333961,5.169060684425723,1,1
AST-003653,5,1,8.36647504145629,0.04526377489228554,35.297672493206264,14,1
AST-003654,2,0,4.582377672552791,0.03317987038644184,142.07094565145184,1,1
AST-003655,7,0,4.851686046171003,0.1260163456997662,35.9886218383438,15,6
AST-003656,4,0,4.2113198756483055,0.17027379210498547,116.0214093083183,2,0
AST-003657,0,0,0.0,0.0,128.0317318993692,4,0
AST-003658,2,0,6.89334516868814,0.029635694682122442,0.8429772748424923,4,0
AST-003659,0,0,0.0,0.0,15.01119314676271,1,0
AST-003660,2,0,3.757027713162632,0.016960484811979152,19.836851553839075,1,0
AST-003661,3,0,4.498871650814539,0.0070085119175669125,123.9545680725848,2,0
AST-003662,4,0,3.7700545254758833,0.038802153007486274,155.8679456357079,7,1
AST-003663,5,2,6.992347679031875,0.06627630752726024,5.387251192214263,3,0
AST-003664,4,1,9.458006510373774,0.105042791516187,1.1527981317049996,14,4
AST-003665,5,1,8.309675607711819,0.17283215289671716,0.9445642548347446,2,0
AST-003666,1,0,6.323902949745089,0.052519266666944786,31.311390267496154,2,0
AST-003667,1,0,4.116043757728717,0.058949062767430296,1.8309631138318463,1,0
AST-003668,1,1,9.61005248491904,0.06704716324771837,0.028833416116989818,2,0
AST-003669,6,0,5.0244268550623445,0.12014577707554572,126.65660170394081,13,3
AST-003670,0,0,0.0,0.0,63.54324575019683,1,1
AST-003671,2,0,6.00664829487763,0.08636307304934518,19.91316496745243,4,1
AST-003672,1,0,5.280364021578998,0.0247108727065313,122.99608026436417,3,1
AST-003673,2,0,5.247116333732604,0.12579284770380614,12.703220577301371,2,1
AST-003674,6,3,9.169119191045494,0.08994066316998478,5.776960544564973,20,8
AST-003675,1,0,2.570690294160251,0.06227355006445624,0.09828254894557845,3,0
AST-003676,5,0,5.614737555926563,0.24975018503501445,3.875035635386501,15,7
AST-003677,0,0,0.0,0.0,86.80707193924086,1,1
AST-003678,5,1,7.361314832540402,0.1040248400719792,23.60471041314936,18,7
AST-003679,5,0,4.411489288833619,0.07822997645325791,19.910287890790887,16,3
AST-003680,2,0,4.225466954074307,0.07514893618318429,2.9685340905541757,0,0
AST-003681,1,0,6.57196558900865,0.03795697672383799,39.202112398228,0,0
AST-003682,5,2,7.641656202221014,0.2818288258251284,60.06252311799289,10,1
AST-003683,0,0,0.0,0.0,20.19579188197565,3,0
AST-003684,4,1,9.066641698334601,0.572885790455243,110.19114428098607,17,4
AST-003685,0,0,0.0,0.0,1.3274475574368003,2,0
AST-003686,3,2,7.834952159836659,0.07088521222293245,13.556686420208758,2,2
AST-003687,6,1,8.4677908960515,0.28375031034868936,55.98585400219476,18,5
AST-003688,1,0,4.143788089160215,0.28733281874966526,37.64310344561173,4,3
AST-003689,2,0,4.217751352696713,0.006177708430692204,25.021210369710367,2,1
AST-003690,0,0,0.0,0.0,8.827925053137655,1,1
AST-003691,3,0,6.743687434039639,0.1856402241589741,2.6538207978450052,1,0
AST-003692,5,0,5.013256609516385,0.03113110015333909,19.14998196227125,12,2
AST-003693,5,0,3.652125876494054,0.3239564038953823,25.38969416946975,12,2
AST-003694,1,0,6.202419212594103,0.10473287880551256,181.90980522972097,17,2
AST-003695,1,1,9.011746847854738,0.08028253632180787,22.36274053105773,1,1
AST-003696,4,0,6.068213220668804,0.09335098888635579,2.9569974079221635,2,1
AST-003697,8,0,4.600144974581811,0.23836445238875523,190.79928229508627,15,3
AST-003698,3,0,6.028419163823681,0.05851323153232694,197.4268563466363,1,1
AST-003699,2,0,4.705984968892575,0.024952452326584783,63.835789728765675,2,1
AST-003700,5,3,7.621639558047668,0.27312609554831885,49.90000903904258,16,4
AST-003701,4,2,7.334760375872977,0.048705187874592576,67.7504904603428,2,0
AST-003702,2,0,4.9820271949376105,0.13999956458113194,7.276477481147577,1,0
AST-003703,2,1,10.0,0.0705871907376078,8.961649844375886,2,0
AST-003704,0,0,0.0,0.0,30.731923477261603,3,1
AST-003705,1,0,4.230273124140418,0.13101234538513523,31.85294290646505,2,1
AST-003706,5,1,8.267190576850226,0.3863474339672574,83.84702605450447,16,4
AST-003707,2,0,6.602871223303433,0.03912441502684436,10.769535664736738,2,1
AST-003708,0,0,0.0,0.0,40.85051538355554,0,1
AST-003709,5,0,5.474821076684278,0.22526803354140248,204.31264542474642,19,3
AST-003710,3,0,4.8105501074139285,0.08706072635675434,5.240146365951681,0,0
AST-003711,2,1,7.661863549955582,0.0782716567180139,26.070020224137256,1,2
AST-003712,1,0,7.284783413551262,0.15221458599873086,24.986888692845632,3,0
AST-003713,5,1,7.942764005922206,0.13134401490002168,139.81206578986738,11,2
AST-003714,2,0,6.395902160801654,0.048471676516335056,0.675608793725954,0,0
AST-003715,2,0,4.946109727288181,0.015704807007196495,10.321291633871668,1,0
AST-003716,1,0,3.545324083837526,0.020829345317521196,41.26224345593425,1,0
AST-003717,0,0,0.0,0.0,284.56663024747314,1,0
AST-003718,3,0,6.754241191489701,0.1460651256502595,4.0084404805802984,2,1
AST-003719,2,0,4.715433912017565,0.007828203602699228,10.665710969948025,1,0
AST-003720,1,0,4.528456770559813,0.3137122777579463,32.922921408392,4,0
AST-003721,0,0,0.0,0.0,0.7804104193249816,1,0
AST-003722,2,0,3.778381725066808,0.05390766192543711,102.86593878291484,3,0
AST-003723,3,0,4.4234891054728696,0.043744891003350474,234.0700340230728,1,0
AST-003724,3,2,9.93127515028046,0.028537721912957927,0.5404517673229597,1,0
AST-003725,5,3,8.183371728606764,0.11518196594396754,8.455529189410612,19,4
AST-003726,3,3,7.140613946173828,0.0544984074023385,62.655103055353685,20,5
AST-003727,9,2,8.18486679779611,0.1281685853842783,134.9364996490988,12,2
AST-003728,2,0,4.882299283965477,0.008726636118870375,16.615626448047575,2,0
AST-003729,0,0,0.0,0.0,6.76690995485302,0,0
AST-003730,1,1,10.0,0.2575619125138702,77.24350778536716,2,0
AST-003731,3,0,7.394920384045112,0.07531648548976289,28.93541734576504,1,1
AST-003732,2,0,5.230294167073621,0.007220327400758267,167.72874249387237,1,1
AST-003733,7,2,9.786297361477374,0.1092389161617922,103.50082117418314,1,0
AST-003734,6,0,5.19673931892864,0.16466525142318333,9.435665729138677,1,2
AST-003735,5,1,6.774296765922525,0.09415861502509848,4.618076964796659,1,1
AST-003736,1,0,3.0926779199553716,0.25052838938080635,3.448321230361382,2,1
AST-003737,2,0,4.554219989128599,0.026622924434046073,106.63814749971091,2,1
AST-003738,2,1,7.443718266755107,0.14697813685897634,30.7652807511379,1,0
AST-003739,3,0,4.029219922089272,0.33481328970155433,6.595593696386481,0,0
AST-003740,6,1,6.842686520709519,0.022778499383496586,39.662572735108704,11,2
AST-003741,3,1,10.0,0.32273965351041056,41.22912312158173,4,0
AST-003742,2,0,6.73867892272983,0.020077950475387588,62.41451146513943,2,0
AST-003743,2,0,5.432936583797767,0.17537046908084644,28.840554851970058,21,2
AST-003744,6,0,4.143842497706931,0.19748618938246906,16.370165671686657,4,0
AST-003745,2,1,9.135591782823965,0.07162493382036991,2.204454594260845,5,1
AST-003746,4,2,8.784799469640205,0.011107859852010868,156.09137432947804,3,0
AST-003747,1,0,5.678637582047214,0.10907272578372983,34.40686097251161,3,0
AST-003748,3,2,8.10297294437988,0.03194440240373104,42.262008997785486,3,0
AST-003749,4,0,3.5105889725986863,0.1390810094693867,2.376304508197396,0,0
AST-003750,3,0,4.69474938686287,0.05659429286195518,4.751473794347495,0,0
AST-003751,4,1,8.296283098141268,0.1381083786620338,62.04913136377485,13,2
AST-003752,2,0,5.0700633120709675,0.29190791704845,11.651846953278026,2,0
AST-003753,1,0,3.947939176133774,0.08004636848681938,20.86899383510763,3,0
AST-003754,1,0,4.701235045784373,0.12064161885629146,17.813429689029466,5,0
AST-003755,1,0,5.588230257047286,0.09648178609985479,89.45369784704599,4,0
AST-003756,4,2,8.462137324657931,0.060866455710783286,113.62057791223785,17,1
AST-003757,0,0,0.0,0.0,65.91023138267758,3,1
AST-003758,10,3,6.97646202320158,0.07595094293447019,0.875398216828618,14,3
AST-003759,5,0,6.0135843712402135,0.018576882678805726,109.39945305775052,1,0
AST-003760,6,0,4.024226548880048,0.08777156101089081,19.59855483839331,20,1
AST-003761,1,0,5.408244656872808,0.2292889024979444,12.11089275487079,2,1
AST-003762,4,2,8.616499629857874,0.013251589805164348,121.31087727265516,2,1
AST-003763,4,1,7.283918465646007,0.32266069948264575,64.00334548772912,17,3
AST-003764,2,0,3.889556500523369,0.039275913237875465,46.124023578230506,14,0
AST-003765,1,0,4.45274814866406,0.2980906244399712,26.69694213870553,0,1
AST-003766,8,1,8.946960628397798,0.06647359479028353,39.046047693659176,19,3
AST-003767,0,0,0.0,0.0,44.76439888049517,2,0
AST-003768,2,0,5.751705496189986,0.13255372289566633,128.36879484317814,2,1
AST-003769,0,0,0.0,0.0,8.145053414030931,2,1
AST-003770,4,0,5.808660023755776,0.08457221144694425,59.75553167874665,18,6
AST-003771,3,0,4.517561936279449,0.07177977216604532,22.42378088370775,16,2
AST-003772,1,0,4.020792160571656,0.06978083544687994,128.1051689952816,2,0
AST-003773,1,1,8.651835804260912,0.009260290184074524,14.556622245367672,3,1
AST-003774,0,0,0.0,0.0,31.33146736018073,5,0
AST-003775,1,0,4.828666827281453,0.1436426596364654,3.625427135273932,3,2
AST-003776,0,0,0.0,0.0,33.13854191675228,2,1
AST-003777,1,0,5.447524956465221,0.11429965165698258,19.909423576095406,2,1
AST-003778,1,0,4.912760279785174,0.22367359180638383,25.924554493674396,1,0
AST-003779,4,0,6.037843643301397,0.028499036177175405,3.8646633512924966,1,0
AST-003780,2,0,4.301717710256242,0.17647021150472414,58.51424544846667,0,0
AST-003781,3,1,10.0,0.20611593507172254,306.29254817590186,13,2
AST-003782,4,1,8.13649198943947,0.08627817681677154,0.4886861649905092,1,0
AST-003783,2,1,9.8825871432506,0.02969516898944156,81.76880208390538,2,1
AST-003784,2,1,10.0,0.15238119746100048,42.326558739410814,4,1
AST-003785,0,0,0.0,0.0,9.896861109490782,1,1
AST-003786,3,0,4.925754212001357,0.016258783813416746,3.578619568054,6,0
AST-003787,2,0,5.982499716356232,0.14056486417048147,2.598491482780825,4,1
AST-003788,6,2,9.238962796440571,0.012020115347948264,23.941273051687283,9,3
AST-003789,3,1,8.228177392693551,0.038555082117341516,69.03177694776669,3,0
AST-003790,3,1,8.901847396505286,0.0057627638296805835,7.8459614142847505,2,0
AST-003791,1,1,6.832877580184512,0.32010300109656337,29.5184043856556,1,1
AST-003792,5,1,8.792141825085302,0.048712176437624884,2.745933502740577,2,0
AST-003793,5,0,5.156941647341843,0.21144835044878935,3.498326291222686,10,0
AST-003794,6,0,4.9479276997569865,0.31509555498369923,38.28192919567013,19,3
AST-003795,2,0,4.448283365984685,0.15415023293720564,29.770438220287843,1,1
AST-003796,5,1,8.467251985524024,0.03273239713734606,14.200947322523563,2,1
AST-003797,8,0,3.9511301456656307,0.030001659823857833,8.376713005279807,10,5
AST-003798,1,1,9.114321804548101,0.022001403686992164,16.24763251719129,3,0
AST-003799,7,0,5.399372666392675,0.060610729249394944,7.009386755573491,11,3
AST-003800,4,0,4.954994390267883,0.052188505025587896,73.70764211105569,12,4
AST-003801,3,1,7.5016489565522555,0.10344654154436451,177.81454903180267,1,1
AST-003802,2,2,9.51414394797769,0.19145231762576506,6.897647259413182,19,0
AST-003803,6,1,7.351341721904662,0.1804166450108915,1.2007355950868848,12,5
AST-003804,7,1,7.491300957908292,0.05103752683991528,70.37386817843296,12,1
AST-003805,6,0,8.144743028942102,0.08993567158483672,14.883484890468328,6,1
AST-003806,2,1,8.682799252906579,0.34075272269485385,9.142155171048275,4,1
AST-003807,2,0,3.5924347915035075,0.08547233784451387,60.75551991572525,5,0
AST-003808,0,0,0.0,0.0,45.62825817149219,3,0
AST-003809,2,0,5.061990646569238,0.1265455172785117,16.180342727679037,1,1
AST-003810,3,0,4.335137907032596,0.09362953562254847,30.73810361886986,2,1
AST-003811,0,0,0.0,0.0,4.87455215598373,3,0
AST-003812,1,0,5.112316934159384,0.11332816009864707,38.73265038416979,6,0
AST-003813,5,1,7.298276088310161,0.02070465835050899,14.23392790427794,1,0
AST-003814,1,0,5.152712810008786,0.05559224338428231,128.60607515891675,6,0
AST-003815,5,1,8.21039360984385,0.14615915997788956,100.93423174265496,12,2
AST-003816,2,0,4.875422717249982,0.06250321212529078,0.46578584844980675,1,0
AST-003817,1,0,4.984197654374245,0.005998911270091791,61.69887152157292,3,0
AST-003818,4,0,4.652611018747319,0.11220667678145647,46.513709055567396,9,5
AST-003819,1,0,5.384311932621133,0.05109269923833841,63.28896523450396,1,0
AST-003820,0,0,0.0,0.0,5.279525844260305,1,0
AST-003821,4,1,7.379589654545711,0.056066360916982416,42.18875230425362,12,1
AST-003822,9,1,8.969123738843823,0.045244630892230894,37.95747700650285,13,3
AST-003823,6,0,5.6093919868736375,0.12460826805827689,4.175418540979584,1,0
AST-003824,6,2,5.996416005667325,0.17764037692573098,14.739987048397786,15,1
AST-003825,4,1,5.5840471572320345,0.3013380812539125,7.168749502656173,15,3
AST-003826,0,0,0.0,0.0,104.262196121607,6,2
AST-003827,4,3,8.232003125714787,0.22754094514734552,25.64554159593826,3,1
AST-003828,1,0,5.656777154960951,0.12067790741519809,17.417756331420225,2,0
AST-003829,2,0,4.251301476142906,0.12019369155072537,9.610167454787845,4,0
AST-003830,1,0,5.206296097755898,0.07820447645248253,32.341564366075964,2,1
AST-003831,5,1,9.169056847648582,0.03715980385434468,32.2435725945014,14,2
AST-003832,1,0,5.477578372848942,0.004067572520852467,6.7511812427132725,2,3
AST-003833,1,0,4.198208194968549,0.09499249478175456,23.288258396192116,2,0
AST-003834,2,1,8.437261504789058,0.10877932227085158,45.88681199369621,1,0
AST-003835,2,0,4.379798362151552,0.10924991010206277,7.995485354762382,4,0
AST-003836,1,1,8.614738783307486,0.03018678669593882,15.921052645125291,4,2
AST-003837,1,0,5.338455573581874,0.185384659722131,52.02849319529821,2,0
AST-003838,2,0,6.25769379260706,0.011096886482947958,80.21185270018817,1,2
AST-003839,6,2,8.190870894188267,0.07530856089588284,61.421281143454024,8,4
AST-003840,2,1,9.44705764772651,0.07463884200774899,116.75378784271882,2,0
AST-003841,0,0,0.0,0.0,85.5373920889899,1,0
AST-003842,2,0,4.885387101263853,0.02977651803112618,5.756256635450109,2,0
AST-003843,3,0,4.3279878292495715,0.009667890014629471,105.94371663566805,1,2
AST-003844,1,0,4.91998960729165,0.07034388870219564,22.875499968302197,3,0
AST-003845,3,1,9.220615140181106,0.07633960349581477,11.88685941476813,3,1
AST-003846,7,1,8.576647420403708,0.1308780559447438,44.00340659212499,18,5
AST-003847,3,0,3.8712146066842665,0.01952307033151442,165.39997074767734,2,0
AST-003848,0,0,0.0,0.0,70.00666008388465,2,2
AST-003849,2,0,4.057621815453513,0.10250055591267615,46.84979509801926,1,1
AST-003850,3,1,8.35546932041879,0.2301124019773597,75.16435439937898,18,1
AST-003851,2,0,6.805997215185548,0.04412627272377097,3.2491225228808163,0,1
AST-003852,6,0,6.235280592817491,0.21557058593710524,7.502991273328791,23,4
AST-003853,1,0,4.586103930547026,0.16548220847142125,54.89575542752196,3,0
AST-003854,1,1,8.651935024385946,0.14926068289229502,23.670392619765984,2,1
AST-003855,4,0,5.937216395680142,0.10690311900949076,98.89470418167758,20,1
AST-003856,6,1,7.794057257111353,0.1552676721401318,5.129010180396199,17,3
AST-003857,1,0,7.872370507449341,0.029492803959998537,4.670796733657882,3,2
AST-003858,1,1,6.966222958628009,0.1620397965389537,48.26489014433111,1,0
AST-003859,0,0,0.0,0.0,1.6399735828856865,1,2
AST-003860,1,0,4.733735565443938,0.20574305884280458,5.282250725283381,5,0
AST-003861,4,1,8.616263431297982,0.15941163750088014,90.26269876996902,18,4
AST-003862,3,2,8.844608638940363,0.007273102009398129,2.0256264490214324,1,0
AST-003863,2,1,8.617737986112573,0.005123043305910705,113.4234687788848,0,0
AST-003864,4,1,7.311436508297337,0.24453385834925945,32.945698961199085,15,4
AST-003865,3,1,8.042349949351639,0.0506316957459942,41.5242173491329,2,0
AST-003866,3,1,6.660110537690356,0.16526032424304893,11.822567397785939,2,0
AST-003867,8,2,7.98934634579459,0.15948322330489662,24.795232797136435,22,5
AST-003868,1,0,5.207618290873451,0.01875894755189101,89.76672485225276,4,0
AST-003869,1,1,9.149114986889984,0.0019308440248238387,62.759795740918996,2,1
AST-003870,2,2,7.729247788478309,0.1410333331602791,142.7343393785869,3,0
AST-003871,1,1,8.601628200398142,0.07025315843537394,56.220466764519855,2,1
AST-003872,1,0,4.5392433903540415,0.008490829731784895,18.258648573604397,5,1
AST-003873,6,0,5.466906505316094,0.008379277044544175,94.79225023288303,2,0
AST-003874,8,1,8.230017402290374,0.21800461504896285,19.251014311001338,22,3
AST-003875,5,2,8.965761404149019,0.3248319311973787,12.793856209517443,16,3
AST-003876,4,0,4.873063655181759,0.07233240115235201,3.3305353766634935,14,5
AST-003877,1,0,6.0005643951081655,0.026865563230351802,3.4244480172702185,0,0
AST-003878,7,0,6.235643845676942,0.3679890941082216,11.540796787078463,12,4
AST-003879,2,1,6.845829140729196,0.03840142905112917,162.15266568508463,2,0
AST-003880,3,1,8.4799025171787,0.01697412067231478,40.27016073613106,1,2
AST-003881,4,1,7.935328539740521,0.3602723640466379,3.9314402981818337,12,3
AST-003882,4,1,8.961424218584671,0.03472606914157063,58.546561715100815,1,1
AST-003883,3,1,7.268503174914304,0.17376891561772367,76.38588044010675,1,1
AST-003884,8,3,7.9388082307815955,0.11700342789857471,0.6357942755132826,13,4
AST-003885,0,0,0.0,0.0,32.70564247056322,1,0
AST-003886,2,0,5.363694248088179,0.03963830788637217,10.977704778019206,2,1
AST-003887,5,1,8.304901898858205,0.10583770821119531,3.6611929658615234,2,1
AST-003888,4,0,4.095042286924029,0.1820515012806316,4.34216859987207,14,2
AST-003889,2,0,5.179173499855943,0.012231886756713094,69.17366164486884,6,0
AST-003890,1,1,9.36557531960561,0.3139835339526437,13.41916554608433,3,1
AST-003891,0,0,0.0,0.0,65.99155106640865,1,1
AST-003892,1,1,8.793330317165912,0.1420145204291181,2.835684585804732,6,0
AST-003893,7,1,8.188752092818339,0.1394375517201101,52.11488616159698,16,3
AST-003894,1,0,4.176364054573735,0.0032496432111680765,23.170033751610873,1,0
AST-003895,1,0,4.0618717736180106,0.06437366522063058,11.785120691686577,4,0
AST-003896,3,0,5.482372680580466,0.2823298864465557,22.5667801923345,2,0
AST-003897,1,0,5.867252924144765,0.17369532857323894,4.319516905327774,17,4
AST-003898,2,0,3.5414707922298874,0.21129186024954347,1.3090913390466516,2,0
AST-003899,0,0,0.0,0.0,18.320381597919212,2,0
AST-003900,1,0,5.101169082685035,0.11835098180993595,15.926395126080434,5,1
AST-003901,2,1,7.135142472793501,0.22089222112856305,36.50062251871127,0,0
AST-003902,1,0,5.300125810374139,0.14987260007450337,3.766917491749329,16,7
AST-003903,6,0,4.800444463163227,0.2263240253861688,21.56473679256932,13,2
AST-003904,6,1,7.706114561488347,0.28609011258164696,20.753169728097195,13,2
AST-003905,4,0,6.009572213137913,0.0792367315360652,92.34436746839476,13,2
AST-003906,4,0,4.987109352292654,0.28890574516864437,30.047719724641166,12,1
AST-003907,2,2,8.416450952371472,0.0013505702830587198,75.38030661939563,2,2
AST-003908,5,1,9.151833090653248,0.1318664360226727,7.836077520132154,11,2
AST-003909,3,1,8.05973664953725,0.11694002684661273,9.033442517496148,1,2
AST-003910,3,1,7.677790384947389,0.20708232031677926,2.541773556805422,2,0
AST-003911,3,0,4.1077797574974895,0.011257148318633423,14.244725047274581,1,0
AST-003912,7,2,6.293375857203648,0.1238136393634882,10.716391944566865,17,6
AST-003913,1,0,6.337942733335241,0.0575177968878759,67.00073266533835,1,2
AST-003914,5,1,9.83299390003988,0.393511118452253,17.24101895455009,19,2
AST-003915,0,0,0.0,0.0,12.854999937943235,1,0
AST-003916,0,0,0.0,0.0,6.8901698927202935,4,0
AST-003917,2,0,3.8620740145156987,0.03642245979408174,10.093806163011191,2,0
AST-003918,3,0,3.2051288858628766,0.08816347164702291,15.25868049648174,1,1
AST-003919,1,1,7.612691287907798,0.037736892891067984,12.460955462989975,4,2
AST-003920,2,1,8.905203055284298,0.03495784343919874,201.8698426953387,0,2
AST-003921,4,1,7.693484322690266,0.1579991140477435,124.94679603135492,17,4
AST-003922,0,0,0.0,0.0,14.314371625223515,0,2
AST-003923,3,2,10.0,0.3062803174128446,63.88652458508013,2,0
AST-003924,1,1,8.615708662206316,0.07006345052298998,64.51688940853502,3,2
AST-003925,2,1,8.977101666407416,0.040162017187833375,17.853139298519817,2,0
AST-003926,2,1,9.177903812952263,0.27402128510560525,31.435690789129566,4,0
AST-003927,2,0,4.167933988937046,0.0023261654816741596,52.425411725789004,0,1
AST-003928,1,0,5.796809388336346,0.0590749544628313,7.760620869697507,2,1
AST-003929,2,0,4.132651089679994,0.05468424821780275,7.427219685881085,4,0
AST-003930,5,2,8.584804454908085,0.2353680884261738,20.45025819678097,19,4
AST-003931,6,3,7.964935161497383,0.10327755048806204,33.84151368853005,20,3
AST-003932,1,0,5.119226936665289,0.018885686916931703,16.804873523329636,0,1
AST-003933,1,0,4.690955198631039,0.06187815556367477,102.73396384307244,1,0
AST-003934,5,0,5.093380165234312,0.010139991898796486,35.63592062408659,1,1
AST-003935,4,1,9.004090828105152,0.155387257754329,0.46891797364638116,2,0
AST-003936,5,1,7.833759861168438,0.38983335528381574,25.281996435715083,11,4
AST-003937,4,0,5.681287893663291,0.09094446412710908,70.54823673583591,2,0
AST-003938,1,1,8.150169097614471,0.21242983367570492,27.29975683062046,2,0
AST-003939,4,2,8.570392732620268,0.11507667750560821,7.200768662514053,2,0
AST-003940,6,2,7.574026786007123,0.2781221698780431,1.9760478628387461,12,4
AST-003941,4,0,4.8502901225529165,0.12422648378111403,34.577841622692716,11,3
AST-003942,5,2,9.233927513133587,0.24483052342631365,50.679713131801854,20,2
AST-003943,2,1,8.650626058075238,0.04886342851717717,20.996624747422246,1,1
AST-003944,4,3,8.444331242722226,0.3542381096763589,52.63239754866561,3,0
AST-003945,2,0,6.727304295452539,0.2941507452456156,20.060599917248123,1,0
AST-003946,4,1,7.841568111256196,0.00901600150587667,41.553608026821266,4,1
AST-003947,0,0,0.0,0.0,63.13584305112576,1,0
AST-003948,4,1,9.053164811588202,0.13615704961550168,41.229197069179065,1,0
AST-003949,2,1,10.0,0.11980028432594636,130.3531435665028,4,1
AST-003950,5,1,7.667667150589348,0.1269284694049663,6.159178739704287,13,4
AST-003951,1,0,4.402991168697535,0.04695133128800703,46.13910826517161,0,1
AST-003952,0,0,0.0,0.0,1.9558779902022572,4,0
AST-003953,4,1,7.89449992324216,0.025078908022022565,11.492626549505896,3,1
AST-003954,2,0,4.7402044081040575,0.003643885264182906,9.61250196096624,1,2
AST-003955,0,0,0.0,0.0,35.43965991862014,2,2
AST-003956,5,1,6.425896995654771,0.07456339364740748,110.38493000002691,2,2
AST-003957,2,1,8.46812061979574,0.06786482521304531,46.57225687993904,1,0
AST-003958,1,0,3.8496520122961906,0.12219472143101742,2.4559644239296046,4,0
AST-003959,1,0,5.9259807859683225,0.07834081993747874,69.01164623043296,1,0
AST-003960,1,1,7.871782791218789,0.056499358274740404,58.45151387517441,2,2
AST-003961,2,1,8.237481830898957,0.041892337697391896,2.65562850432514,1,0
AST-003962,2,1,9.761965349445198,0.08302210610282479,4.702694332178156,5,0
AST-003963,4,1,7.727262378092027,0.04423687223866781,4.433172355542687,1,0
AST-003964,9,2,8.380644752210426,0.09183358835370736,30.62173896670181,10,3
AST-003965,2,1,7.358702038918617,0.16325124782092382,53.58414861552061,3,1
AST-003966,2,0,3.2725376618012856,0.04324251566831337,80.79412571631221,3,0
AST-003967,4,1,6.652425344309073,0.07942481552276413,68.22105385065336,20,3
AST-003968,3,1,6.406178091878495,0.14465934828237398,35.11637864041302,14,3
AST-003969,6,2,6.50883051535108,0.37385369624380077,15.298886583974516,16,2
AST-003970,1,1,7.41739714754877,0.011588390477797599,189.29822052557708,2,0
AST-003971,2,1,8.888082896380716,0.021316480149818743,70.9586736375634,1,2
AST-003972,3,0,4.066487572704493,0.154115472282285,7.658683845364056,1,1
AST-003973,1,0,4.262712262927464,0.05844879259986891,37.92561579697871,1,0
AST-003974,3,1,8.698986847790463,0.10305375872387136,60.95976781051784,11,3
AST-003975,4,0,5.461807846566737,0.05053112626107204,53.892458484236755,2,0
AST-003976,4,3,9.066071781117078,0.2242387718168614,121.16805300353971,18,3
AST-003977,1,0,5.3419177533594375,0.07680405810820107,1.4866636793848271,4,2
AST-003978,2,1,9.609043427710002,0.019029181567936915,16.668709816691436,1,1
AST-003979,3,0,5.447320874802769,0.11488584341603185,56.47560213512477,12,4
AST-003980,8,1,7.930516623477028,0.23737633581853873,8.009568208007407,17,4
AST-003981,3,0,6.8632162388331714,0.14702666380625987,25.330903387848377,15,3
AST-003982,3,0,6.785274133566821,0.20913309308611633,25.352904655581252,15,6
AST-003983,1,0,3.9425900446109763,0.18836287808297364,11.229050567557247,2,0
AST-003984,7,4,8.827076515060423,0.015225337679145927,3.510920892383476,0,0
AST-003985,6,1,8.165158488591516,0.16145670606899812,30.154380585469823,14,2
AST-003986,3,2,9.388398967604596,0.12393038560004527,15.986399308718628,2,0
AST-003987,1,0,5.730389785112239,0.0377730296296409,6.61418782155765,4,1
AST-003988,1,0,2.999743749452375,0.16786228107823442,93.23197087008958,0,0
AST-003989,1,0,6.206063077504765,0.11740275725413396,64.3873536206661,1,0
AST-003990,1,0,5.478112581153034,0.04601303101864944,7.088430980954212,4,1
AST-003991,2,0,5.882631735378245,0.08275183971307644,47.49673741598823,13,2
AST-003992,1,0,6.110945237017824,0.16376978031984513,35.63045759824641,2,1
AST-003993,5,1,8.572183904742843,0.04345702811652453,12.573952398981119,1,1
AST-003994,1,0,5.348099181059124,0.18910170812262944,8.24392575196664,14,5
AST-003995,0,0,0.0,0.0,0.3916174789149204,2,1
AST-003996,7,2,8.635531662788873,0.07935416993555754,1.6798877895469104,14,5
AST-003997,1,0,4.446690912377746,0.06818866815564976,38.78034349476119,3,1
AST-003998,3,2,8.367141886172575,0.33245935170955454,11.541302293787927,14,1
AST-003999,3,0,4.694466626163727,0.054747769479396344,37.11036364554038,0,1
AST-004000,0,0,0.0,0.0,32.34288102729983,1,0
AST-004001,5,2,7.949347940927899,0.1719951109461614,44.87799244926932,14,3
AST-004002,9,1,8.627811667295193,0.12621097976164813,4.010591655707936,13,1
AST-004003,1,1,8.46704605078605,0.16748546350014024,28.45648588204155,3,0
AST-004004,7,1,9.03873279672619,0.28242368630429243,14.251221729530663,17,3
AST-004005,3,0,5.094342822768486,0.25417590034500853,36.643976814462825,1,2
AST-004006,3,1,10.0,0.1673587485092544,62.08153505828331,12,4
AST-004007,1,0,5.3644016569422,0.09824784325698356,28.686898066311525,4,0
AST-004008,2,0,5.978537124973199,0.019310914564964372,26.868533115957362,4,1
AST-004009,2,0,4.9841480048714,0.06325764659833097,7.197516084430273,1,1
AST-004010,1,0,2.974964804851202,0.22574809515085242,76.25271722205262,0,0
AST-004011,1,0,4.320861210664475,0.08358183325499052,7.721163236772278,3,0
AST-004012,2,0,5.851376180254611,0.018076117515549904,6.121059010754557,2,1
AST-004013,3,0,5.68881748569316,0.028196573475527162,66.47908082659004,1,0
AST-004014,2,0,5.947111382937361,0.0336832593850136,165.78384712819937,2,0
AST-004015,4,1,9.2875815678161,0.08239363105281453,8.6065377236427,1,0
AST-004016,4,1,8.538401159436557,0.20975133076581448,26.300748204761287,15,4
AST-004017,3,0,5.697435707620084,0.06470252520253066,2.7255529706403294,2,1
AST-004018,6,0,6.169628367103172,0.18206036837538522,157.95139224322247,18,3
AST-004019,3,0,6.6081207906215,0.05588000794332782,47.27504788106331,15,2
AST-004020,2,2,10.0,0.002643006662714887,82.36269685788061,0,0
AST-004021,3,0,7.381349352549135,0.07171689548545755,7.100534005660411,23,5
AST-004022,1,1,7.14350434727564,0.12487709373157402,54.94872041803864,0,0
AST-004023,4,2,8.095069761124478,0.09173334353974189,28.998576629822225,2,2
AST-004024,2,1,7.306892073098281,0.03480634875928486,28.127765561983754,2,0
AST-004025,3,1,7.550751469736626,0.023000194977864624,43.649969697601975,0,0
AST-004026,6,0,6.093149720304918,0.21390218266874925,56.54741562396331,21,5
AST-004027,4,0,4.97418743838507,0.11691932710410263,95.19572453221154,3,0
AST-004028,2,0,6.096416819709985,0.10802702820401024,54.62751610170518,3,0
AST-004029,4,0,4.667426651711904,0.16636671043506737,104.25205648227607,8,2
AST-004030,4,2,9.825005714323185,0.018267566507232,11.81258584788288,1,0
AST-004031,2,0,5.2345888310673105,0.0879129325043937,3.0286318680286795,2,1
AST-004032,1,1,8.719284723738442,0.10852639715728454,11.98239042579384,0,1
AST-004033,3,1,9.248500159960422,0.16115065769322406,1.1026532550077548,16,1
AST-004034,6,0,4.9426766529744315,0.09157265635221053,39.828892880367654,16,3
AST-004035,1,0,4.102606526346608,0.0038741240194778825,22.489666519047457,0,0
AST-004036,0,0,0.0,0.0,9.287740672225652,2,0
AST-004037,2,0,6.661480795241974,0.07104117960234965,33.404705596044046,0,0
AST-004038,1,0,4.843577029160896,0.0490112303483937,38.760993839916004,1,1
AST-004039,8,1,7.7357024220236426,0.3509638125971901,19.618115790210084,21,1
AST-004040,3,0,4.813953187144868,0.09295643659096807,9.99729998685572,1,0
AST-004041,1,0,3.9376158205820797,0.0016172467885276942,11.498390279736952,1,0
AST-004042,3,1,8.950523998769924,0.012345972326079925,55.46151644500257,18,3
AST-004043,6,0,5.2812924347172645,0.09835436354575974,121.40125623055773,17,1
AST-004044,1,0,5.508836264528587,0.04515484590568858,13.575642516353797,3,2
AST-004045,3,2,8.206344776541634,0.016570635135941075,81.6037740510891,3,0
AST-004046,2,0,6.542062326230468,0.16594432370284695,1.4415812460021202,2,1
AST-004047,1,1,9.098496823420314,0.09258005364875384,2.099891671456954,2,1
AST-004048,3,1,9.929332679761414,0.012734955085772858,47.53836778353198,1,1
AST-004049,2,0,4.14892457016798,0.2648171850470937,8.365581490186507,3,1
AST-004050,6,3,9.73525017867307,0.4565175261497641,13.247677209447682,14,2
AST-004051,2,0,4.468813570773799,0.18788920096352443,91.75741817730987,8,3
AST-004052,0,0,0.0,0.0,45.25178569385063,1,1
AST-004053,0,0,0.0,0.0,82.38073609006194,2,0
AST-004054,4,0,4.81438728927898,0.13757844032865427,6.020462849225013,11,2
AST-004055,3,0,6.020892113274086,0.3208932603936649,60.17513711178728,19,2
AST-004056,2,0,5.485678319910749,0.13121532126928498,16.164559313609132,18,3
AST-004057,3,2,6.562148566915619,0.09162250412881034,7.799384649097098,0,2
AST-004058,0,0,0.0,0.0,10.46626606355028,1,1
AST-004059,3,2,9.425822547981632,0.2435465727465588,116.1241029821432,13,1
AST-004060,3,2,10.0,0.030582028786679517,38.66050701560524,1,0
AST-004061,5,1,8.41843542956966,0.04862441408508373,10.346880202164664,0,0
AST-004062,2,0,4.769581044672175,0.04164152657227023,9.78994174445656,4,0
AST-004063,5,1,7.9850554088381696,0.38973249054538966,10.691799571717253,17,3
AST-004064,3,0,5.020308986379295,0.04016839693636353,47.45588081432415,2,1
AST-004065,0,0,0.0,0.0,14.833654979316771,16,3
AST-004066,2,0,4.934738540529621,0.004785409642689193,68.4126844019236,1,0
AST-004067,5,0,4.373666741148384,0.28406283989193853,5.231643598098986,12,5
AST-004068,3,1,9.301156848482574,0.016277198521666772,6.32166445645997,0,0
AST-004069,3,1,8.333182002991055,0.011347935747815329,22.52072130642569,2,1
AST-004070,6,1,8.864444538108739,0.11361923058923641,85.70997477350978,13,2
AST-004071,3,0,3.692115294603247,0.23708898800809877,0.1718631517860708,19,1
AST-004072,4,1,7.471022226425086,0.08329848506028215,73.23146498168386,12,4
AST-004073,2,0,4.231756351529377,0.03962953952261049,4.11742690462864,1,0
AST-004074,3,0,4.895975548835988,0.19633043289512878,66.69492109640582,3,0
AST-004075,0,0,0.0,0.0,6.136684450162873,2,0
AST-004076,1,0,4.9617171256812735,0.1172485278769403,122.49646298316907,2,0
AST-004077,5,1,7.8508457026993685,0.08550634439071157,47.285908948639175,15,5
AST-004078,5,1,10.0,0.07111533729447196,40.92079874327856,1,2
AST-004079,2,1,9.203157184374374,0.021052755684839525,156.31494525940198,3,0
AST-004080,2,0,4.768570690224734,0.06678775263003835,11.302393706031559,7,0
AST-004081,0,0,0.0,0.0,35.61169865736504,2,0
AST-004082,3,2,8.857131313663228,0.02350520612615559,213.4666077048943,16,6
AST-004083,0,0,0.0,0.0,79.73810476017324,1,1
AST-004084,3,1,7.560923503445489,0.21731159490509808,86.58669188095641,1,1
AST-004085,7,1,8.587551095747875,0.2547441966883172,24.52349208631321,18,3
AST-004086,2,0,4.856636708749362,0.11357073064228898,0.49897050997309333,0,0
AST-004087,1,0,6.484880838084658,0.0422097160143116,7.7872110316025385,1,0
AST-004088,2,0,3.4699840201511343,0.03325844081479917,41.21165159483641,4,0
AST-004089,2,0,4.88097146979491,0.08000510425844212,0.8976828047812492,0,1
AST-004090,2,0,4.255708673162206,0.007022563057728047,5.7056279734994355,2,0
AST-004091,2,0,4.605784570129313,0.14574811293410403,19.072124317334026,1,2
AST-004092,0,0,0.0,0.0,21.7755981110906,1,0
AST-004093,3,1,8.419393703588272,0.04265511782560998,56.08012540571438,3,0
AST-004094,3,0,3.6273631547395357,0.18649117408648147,68.6760068410218,3,1
AST-004095,1,0,4.770578398246749,0.0026302709823496206,150.45894605435953,4,0
AST-004096,7,2,9.379242543844565,0.08016999458323891,43.33003329496201,18,2
AST-004097,2,0,5.172679562837238,0.013017241205530826,76.21777939926268,0,0
AST-004098,5,1,8.753500446149221,0.205708103236523,15.479503856396695,12,2
AST-004099,3,1,9.309150690300322,0.14620002765796022,6.342490837007567,1,1
AST-004100,2,1,9.210782233999424,0.018251941405487637,33.257015314480235,4,0
AST-004101,1,0,4.0808221107934735,0.12307668245911625,29.808182498058585,2,0
AST-004102,2,0,5.652627052173998,0.15324017906257853,56.53339752337908,8,2
AST-004103,0,0,0.0,0.0,4.8221186985948865,3,2
AST-004104,1,0,6.074504928995747,0.010859423092158994,10.067730833909273,0,1
AST-004105,4,2,9.253682733834374,0.4329997950037798,27.1808710562108,9,2
AST-004106,2,0,4.477802343724415,0.13483750858522753,7.425245009701898,15,3
AST-004107,4,0,3.5961038643965226,0.03011468608400798,39.269575645162256,2,1
AST-004108,3,0,5.666511668677889,0.0755734775230314,8.687712549961962,14,5
AST-004109,7,1,8.599563679594942,0.18374114515095133,50.83479525986649,20,2
AST-004110,1,0,5.99381803993589,0.20197959728383233,4.632046774458684,4,0
AST-004111,1,0,5.0244909507178885,0.12846063817679826,38.620168634524425,2,1
AST-004112,1,0,4.5650749121221565,0.005969335064289377,134.80354536265625,1,0
AST-004113,4,0,3.985450018395206,0.02178416567575032,12.8878007362255,0,0
AST-004114,8,0,4.256329032579238,0.21615330787258508,73.67681678614227,12,1
AST-004115,4,1,9.827791242748035,0.09946289685716518,1.0333890774283183,4,0
AST-004116,3,0,4.860061830638361,0.159855444533058,16.657056318153657,1,0
AST-004117,3,1,9.298318137393533,0.2833558597685868,25.940098951433303,12,2
AST-004118,1,0,4.017185296051869,0.14332079269219453,222.45885629082866,1,1
AST-004119,4,2,7.100325820628889,0.06886198151900602,17.57867208097124,14,1
AST-004120,13,1,8.855366987396884,0.21432679093688267,27.14155073285902,14,1
AST-004121,4,1,9.354678474109813,0.07376375736618525,12.137660844940623,9,2
AST-004122,4,1,10.0,0.13659177747105433,35.99939634262723,15,3
AST-004123,0,0,0.0,0.0,8.83027505360539,1,1
AST-004124,3,0,4.107688960847858,0.018827307894063276,7.282129576192849,4,0
AST-004125,4,1,9.482656536621073,0.03877513294032619,1.5110285297400634,1,1
AST-004126,2,0,3.9256909880987063,0.12966025220102026,25.297694097692585,1,2
AST-004127,2,1,8.903825667948123,0.220301865068995,21.179358454434617,1,0
AST-004128,1,0,5.198228774663655,0.060749091566786165,5.0763287728089015,2,1
AST-004129,7,3,9.669249640334007,0.05314572106814184,4.001090446087919,17,7
AST-004130,4,1,9.777512001776087,0.05997659006757758,5.643320878559339,20,4
AST-004131,1,0,5.3969038733310315,0.018400988863175084,69.82652597945952,1,0
AST-004132,3,0,6.289199911599647,0.16213340551879393,14.896156639654105,2,1
AST-004133,4,0,5.4728486325514725,0.16929733632530405,10.360716752382524,2,0
AST-004134,1,1,7.90931186500471,0.004591829710551325,0.47046040968143954,16,2
AST-004135,3,1,7.19758428734502,0.025549887265887656,100.72623186880477,4,0
AST-004136,2,0,4.255616324541495,0.0172814879200161,10.533657570016674,1,0
AST-004137,3,0,4.229214418063046,0.014117463992683956,39.8033455247515,1,1
AST-004138,4,1,10.0,0.103257809147285,21.90840411125292,1,1
AST-004139,7,2,8.987116928979308,0.2902930123965717,54.55518257781028,17,1
AST-004140,2,0,4.277080416708885,0.153994380217856,23.080794891629715,1,2
AST-004141,1,0,4.9161079243799435,0.1755904879995862,37.38597053549023,0,0
AST-004142,5,1,6.5251203640223245,0.14411461337657083,111.25010512060834,16,3
AST-004143,2,1,8.006321991129857,0.132442702352004,26.972605682674725,18,5
AST-004144,5,0,3.253870310741485,0.15183550380416114,14.04925563824062,16,2
AST-004145,1,1,8.373260645190799,0.06281853498768339,66.1423322790774,0,1
AST-004146,1,0,3.344995794950225,0.025691571154041682,150.4700466269159,2,2
AST-004147,2,0,4.49897920926257,0.08274520782644185,83.83241460617758,4,0
AST-004148,0,0,0.0,0.0,120.17812723255703,1,0
AST-004149,2,1,7.91418218367846,0.13018765438161733,47.44185185769116,1,0
AST-004150,0,0,0.0,0.0,1.5208701164396352,3,0
AST-004151,1,0,4.981993328213984,0.18145628162873237,10.089783003319454,4,0
AST-004152,6,1,9.787852133163323,0.027197349579380484,11.896075000968839,17,1
AST-004153,3,0,6.723330399935562,0.22868867916267888,11.587283329829223,4,0
AST-004154,8,1,6.690523591518139,0.24167538644235317,3.3183742382181434,12,4
AST-004155,3,0,4.3052258677696695,0.08787520396550708,6.918216354897979,2,0
AST-004156,1,1,9.47402095430125,0.24084819676498143,32.444727273972106,2,0
AST-004157,2,0,4.389833862480531,0.05963087296334115,12.11453920693067,2,1
AST-004158,5,1,9.247878420055171,0.0694668611515192,18.534433304292175,14,2
AST-004159,5,0,5.265171320768889,0.12206857793231574,34.15708353329344,1,0
AST-004160,5,1,8.776626911716528,0.22578434078302384,2.973104961401476,10,4
AST-004161,1,0,3.244143966619677,0.021501117251525557,42.747694947364,3,0
AST-004162,7,2,9.612891670932866,0.12632521372113117,11.915529019480113,17,3
AST-004163,4,0,6.268051633840295,0.16232097614317587,8.002945159554725,3,2
AST-004164,4,0,4.652658729762293,0.17953854501401667,105.57066057357446,14,5
AST-004165,3,1,8.736947955300446,0.1579861592847675,97.53258655574706,0,1
AST-004166,2,0,4.724590457135693,0.25878461084819565,30.466351276685,21,6
AST-004167,1,0,5.031368519667481,0.08971473091168464,22.74524039820592,3,0
AST-004168,1,0,5.935883197537979,0.009953729688534266,9.249289263298117,2,1
AST-004169,6,2,7.74234883955693,0.09609412969636273,37.79463404295968,13,5
AST-004170,3,0,5.6439287183312015,0.05014247366320467,4.72114052056742,0,0
AST-004171,1,1,9.245739915019847,0.02383391524463421,11.332389018529621,2,1
AST-004172,6,0,5.998694343062912,0.20990068260636718,2.6057067216904035,12,6
AST-004173,3,0,5.010704455872822,0.04551870892195852,70.25233203943613,3,1
AST-004174,2,0,3.9789725833861294,0.16034714482584003,50.8865847672313,3,0
AST-004175,3,2,8.224946015754371,0.17371635326246448,2.57667454484823,1,0
AST-004176,4,0,5.179647214233942,0.0202980894540776,130.73293569158218,14,3
AST-004177,5,2,9.596306466814294,0.03309293997010224,5.715630465414914,2,0
AST-004178,0,0,0.0,0.0,113.3659318205974,2,0
AST-004179,6,0,3.7983690087061035,0.2094341841772103,15.618361440841586,12,4
AST-004180,4,1,6.957408596358331,0.07979128704357988,0.06320904688230558,11,1
AST-004181,4,1,7.673775669304257,0.23510871006804954,43.732248779339876,12,5
AST-004182,4,2,7.904689273063081,0.10320578424951764,148.0349415760733,18,3
AST-004183,3,0,4.136965105666636,0.01630780527613492,15.468042060343157,3,1
AST-004184,1,0,2.0945785902395664,0.16715110859640553,19.117380313359003,1,0
AST-004185,0,0,0.0,0.0,1.7476217830325171,1,0
AST-004186,6,4,8.58837547137727,0.10660311363951605,44.436187195998876,15,1
AST-004187,3,0,6.218253494812618,0.16258430196732737,36.75915133042594,10,2
AST-004188,3,0,6.302797554162862,0.004319557645184201,63.63036512106619,17,1
AST-004189,3,0,5.949499473439392,0.03832550507873831,8.757655955707587,3,0
AST-004190,0,0,0.0,0.0,17.80470874911942,3,0
AST-004191,1,0,6.8447641495822005,0.0081112691532144,64.97778982216641,0,0
AST-004192,1,0,4.811018886854936,0.04913432779642723,33.15968490264325,4,1
AST-004193,7,1,9.080892769246878,0.04736723866950528,9.61377920951076,13,1
AST-004194,3,0,4.7801444963379165,0.02843369012036954,4.645996390507098,2,2
AST-004195,0,0,0.0,0.0,0.4395584720692639,4,0
AST-004196,5,1,9.261096047129168,0.15838513447375177,9.060672672853038,14,2
AST-004197,1,1,7.6274291306393,0.08771297441412772,73.23934010136881,3,0
AST-004198,3,1,9.271754667695413,0.06772238655648347,4.1043766431745095,1,1
AST-004199,3,0,4.3185013004616275,0.020425850454304877,3.1984621551613297,0,0
AST-004200,2,1,8.735696222811434,0.2417656880216608,20.886249673732213,9,2
AST-004201,6,0,5.4206476898263265,0.0629230993443063,27.745210912656532,23,3
AST-004202,0,0,0.0,0.0,14.493033730949044,2,1
AST-004203,4,1,8.363006478359848,0.009798586609288975,38.87089309342979,2,1
AST-004204,1,0,3.6645976113724292,0.03718175307380371,18.6463301943137,0,0
AST-004205,4,1,9.773015666508423,0.0165345951644386,18.940426730681853,4,1
AST-004206,2,0,5.1643990936351845,0.003090821672952882,20.781405269256922,1,0
AST-004207,3,1,7.255467714939549,0.16910120745455307,12.0691134827702,1,0
AST-004208,1,0,7.691147858148664,0.168935016767683,2.5654015484079054,2,1
AST-004209,10,2,9.408215214320617,0.18894164420350082,86.79359988047516,20,3
AST-004210,1,1,9.8606921315111,0.09711799803214101,149.8294771744346,2,3
AST-004211,4,1,8.33435334811492,0.01909361314442319,4.45076916246487,3,0
AST-004212,1,1,10.0,0.1505402584332253,52.6044698406966,4,0
AST-004213,1,0,3.824734050018765,0.014970735094753933,0.04518903495619487,2,0
AST-004214,5,0,5.24337547311819,0.0027559083398022025,12.695590930595943,2,1
AST-004215,4,1,8.986715978384558,0.07490408582349312,39.143602306356755,2,0
AST-004216,6,1,7.552937533263812,0.07097661259987169,16.793069947933088,10,4
AST-004217,7,1,8.043541985984922,0.153716263032778,12.462950656272449,14,4
AST-004218,3,3,8.423801604909059,0.16258542044985547,7.196478364068896,13,5
AST-004219,4,0,3.4412877131521156,0.24411346236466133,101.50723974535401,3,0
AST-004220,8,1,8.87578149462963,0.1620952703923276,8.74677116304724,14,3
AST-004221,2,0,4.472282134838459,0.09457266227730575,7.506481398473372,0,2
AST-004222,1,0,4.924195822827444,0.22216134791051875,11.344615183961563,19,1
AST-004223,2,1,9.40430605788003,0.010543111678266676,101.80928585117199,1,1
AST-004224,2,1,9.180755851674924,0.09095239986091003,1.7229787023245673,4,1
AST-004225,2,0,4.156241044529895,0.2821438265452068,5.876902027863294,2,1
AST-004226,7,2,8.147911739877916,0.031336533496810204,71.95297680726998,21,2
AST-004227,4,1,8.017983805657693,0.24881707651505694,70.34421294420653,13,2
AST-004228,4,0,4.408461517670285,0.19725383676924235,12.069006357845712,8,2
AST-004229,2,0,4.629565167345491,0.053927247863782404,11.329776484912466,2,0
AST-004230,3,1,8.056141133670845,0.00035819427483122906,73.12121411630197,2,0
AST-004231,3,0,4.269888172850748,0.1557464612961291,17.22747838663808,12,6
AST-004232,4,1,7.107467047043217,0.06950969880701312,1.754227727252012,3,1
AST-004233,3,1,8.685266025338525,0.1603988250092195,51.77762086673202,16,1
AST-004234,4,2,7.87794150990296,0.20318096082620948,66.02843321515387,0,2
AST-004235,7,1,7.6059764253774835,0.20936832799277325,31.075157700868186,3,1
AST-004236,10,2,7.678976448731353,0.14520480323883506,6.803412826193976,21,1
AST-004237,0,0,0.0,0.0,66.41200800005444,3,0
AST-004238,1,0,3.633221753126412,0.07975370945862002,35.40483485086834,20,3
AST-004239,3,1,10.0,0.006335019139212669,49.70878026696309,3,0
AST-004240,6,1,9.005554913504257,0.15445152816309346,84.0578220212996,21,5
AST-004241,2,0,4.526098355888356,0.11686814745463033,105.92576590513768,1,0
AST-004242,9,1,7.198859227020074,0.025943919481923983,152.91141631447277,11,3
AST-004243,3,0,5.8128359910353335,0.23412453278443182,25.45708708882083,2,1
AST-004244,3,1,7.9828414109791,0.010865836735007635,5.330573574413193,2,0
AST-004245,2,1,7.174353456249037,0.1534491847013408,27.37241917232085,3,1
AST-004246,3,0,4.2219859289548225,0.15715334071969997,74.39443637096059,9,3
AST-004247,2,0,4.1434754859847,0.21302048960226838,55.71263399150958,1,1
AST-004248,1,0,5.254948366604466,1.4180811934517874e-05,11.609555374259644,2,0
AST-004249,6,0,4.532297102856797,0.26149435834195667,2.675918302640503,16,4
AST-004250,3,1,9.238622861744014,0.39551473826863454,17.74430922811633,3,1
AST-004251,2,0,4.696380543470417,0.07430268810548431,8.838810712558338,1,2
AST-004252,2,2,8.679589804893201,0.06715820803456388,65.93650679829251,3,1
AST-004253,0,0,0.0,0.0,16.805152269633354,19,1
AST-004254,3,1,8.321642013000487,0.10132776676829013,51.84511011280952,2,0
AST-004255,2,0,4.693791410775288,0.20740615878234409,24.060418839853806,2,0
AST-004256,4,0,4.980999071411457,0.4492738742566495,85.71867057293046,15,4
AST-004257,5,0,4.534544733301441,0.23755765794496975,17.511847272425026,21,1
AST-004258,2,2,7.777226227549098,0.09323693345950734,3.5863278100703786,1,0
AST-004259,6,0,4.466989170013896,0.20090671349738579,44.438794372541174,14,4
AST-004260,5,0,3.838590548708666,0.21146139706860637,14.1548762089001,9,2
AST-004261,1,0,5.2808690429686065,0.1309271581626489,17.521311049861147,1,1
AST-004262,3,1,8.189120008884656,0.17777165150708912,42.37106047287734,15,4
AST-004263,5,0,3.0486592112560773,0.10496184680600004,11.711157846714109,5,0
AST-004264,3,0,5.208244485718289,0.20557586389907237,5.783998455693299,1,0
AST-004265,2,0,3.985441787017497,0.05287406279682312,1.9501756088467113,4,1
AST-004266,2,1,7.688397128278078,0.026565875459062572,7.750759570756379,4,0
AST-004267,3,0,8.27679605600578,0.04483488520589198,2.7407165648337948,2,0
AST-004268,5,2,9.04968750683864,0.15026934867254005,54.87473864234447,12,2
AST-004269,3,0,4.444978059373656,0.11023387367712605,0.5587711266287836,0,0
AST-004270,0,0,0.0,0.0,0.7087503274089124,3,1
AST-004271,1,0,4.694844120318879,0.0566209379628149,30.49284760522826,2,0
AST-004272,3,0,8.015798468387562,0.3393827560895757,2.9825886547758476,15,4
AST-004273,2,0,5.30123883922385,0.046606440950384034,23.28997376143181,5,0
AST-004274,0,0,0.0,0.0,38.879367097699564,1,0
AST-004275,1,1,6.946978669212134,0.037811821728883706,10.644883673103184,1,0
AST-004276,1,1,8.383384237972916,0.28807607339409197,23.306736225657197,17,3
AST-004277,2,1,7.500269247262446,0.025028699674511413,60.353718281929304,5,0
AST-004278,3,1,9.506441597736174,0.12130343469168317,93.90433566045122,9,2
AST-004279,2,0,6.352892349610816,0.07500546281412224,15.036126587166546,2,0
AST-004280,4,0,3.965633229575893,0.005148585155018876,1.8805680831970455,2,0
AST-004281,1,1,7.369184227077819,0.04400110057784823,12.851273348659632,0,1
AST-004282,8,2,7.455670396598611,0.2740925711654831,28.64759347481093,13,3
AST-004283,1,1,10.0,0.17123038494279041,6.560182955552242,2,0
AST-004284,3,0,4.313721924088075,0.03492475619199536,8.62837817763936,2,1
AST-004285,1,0,4.6888493245502545,0.10952885873505164,43.94781036986641,0,0
AST-004286,1,0,5.563540803515971,0.0689790706381702,59.710562348220876,3,0
AST-004287,3,0,2.8995987868135247,0.04024943489791826,3.4166146226726823,0,0
AST-004288,4,0,5.791612302754824,0.4718755984215285,66.61278279746338,23,5
AST-004289,1,0,5.369311017472897,0.09330872630709051,25.900016752479527,1,0
AST-004290,2,0,3.8206252002944625,0.39632834341349926,91.3723399547283,2,0
AST-004291,3,2,7.825985267412122,0.09936824401193038,34.20080952986674,3,1
AST-004292,2,0,4.29361908071684,0.0010057943294508205,29.567851181172973,0,1
AST-004293,2,1,9.041383355570463,0.08649360263350932,57.108621784247525,3,1
AST-004294,2,0,6.144944273648956,0.2849901207728332,15.902635362105842,1,1
AST-004295,3,1,8.380057348041955,0.07271032024662018,1.2086180468426715,8,2
AST-004296,3,1,9.309194179755929,0.02887935047577983,92.76931544343718,0,1
AST-004297,5,0,4.2270729116710815,0.4062584134389329,15.988870402563348,15,4
AST-004298,1,0,5.009012467979393,0.01028697521222728,33.81202701103744,3,1
AST-004299,0,0,0.0,0.0,5.467610884516755,2,1
AST-004300,6,1,8.358906837224273,0.10464632310588406,5.069602688418709,16,6
AST-004301,0,0,0.0,0.0,11.476340937997234,16,4
AST-004302,3,0,3.252151964494977,0.11208067742217252,15.622374819632986,3,0
AST-004303,2,0,5.276244649937197,0.07799582048135287,22.64364112530805,0,1
AST-004304,0,0,0.0,0.0,54.20539755637714,0,1
AST-004305,1,0,4.568189294093587,0.0584317815810404,4.6754724611323,1,0
AST-004306,4,0,4.841668923613577,0.0402211491032958,36.145693542573326,1,0
AST-004307,6,2,9.459833901154587,0.07665601821341513,1.4053482018041377,9,2
AST-004308,4,2,6.30964356833365,0.007391512628049032,35.2171264195262,1,0
AST-004309,2,0,7.67836524438226,0.011684550517353589,8.524042525629689,0,0
AST-004310,2,0,4.07186104015867,0.04784421618344604,80.18703652158659,2,1
AST-004311,0,0,0.0,0.0,18.830152935028927,3,1
AST-004312,1,1,9.750393737604867,0.0004254704305147757,82.59612976787913,0,0
AST-004313,1,0,6.358601361844149,0.04644442240230661,54.36316594602293,2,0
AST-004314,8,1,6.753105045471387,0.13261132451475732,4.856374507464405,14,2
AST-004315,3,1,7.6081828596680445,0.12906204568699217,26.23963545517621,1,0
AST-004316,10,3,8.711629796573128,0.15598625752921472,79.20440436536272,15,2
AST-004317,1,0,3.900825867499514,0.0077551937231307155,24.501572776651678,2,0
AST-004318,3,2,8.953332133511692,0.06553161542684478,3.621074958698092,13,8
AST-004319,7,1,8.34939506833192,0.16024255539480228,8.676580159540727,16,3
AST-004320,4,1,6.621182821245711,0.151964471045742,78.55637467576658,12,3
AST-004321,4,1,9.671454716472473,0.16593154068575788,161.37158884748405,14,0
AST-004322,2,1,9.262150072471313,0.12927040487226485,12.990335221798901,0,0
AST-004323,1,0,5.166889249970939,0.18526451287828766,77.53342716499489,12,7
AST-004324,2,0,6.804385061297001,0.17445453268519315,55.208696905190536,8,5
AST-004325,3,0,5.5087109381614,0.03450026982203821,79.60137299084207,3,4
AST-004326,2,0,4.051219114015543,0.19503045458825788,13.317758990906642,1,0
AST-004327,4,1,7.124571095270122,0.06446200023452506,130.51933854385138,0,1
AST-004328,2,1,6.169659736302293,0.1339900168894127,20.50368408042401,3,0
AST-004329,2,1,7.4414783809837655,0.06294514038623446,36.459144165989066,3,0
AST-004330,0,0,0.0,0.0,12.332740090010008,4,0
AST-004331,3,1,8.300134661553193,0.1686805481258402,11.462569479408824,1,0
AST-004332,5,1,8.106409437456806,0.03574996283196285,105.88685297454047,20,3
AST-004333,2,1,8.725246108005232,0.12421115687214561,32.01851374012485,1,0
AST-004334,6,0,5.237201091465564,0.011946088871381547,52.61759532376551,18,1
AST-004335,3,0,6.0943510214651155,0.03869812404232004,15.717626758895008,1,1
AST-004336,2,0,5.737049025270308,0.022460010651831345,88.52558686642966,1,0
AST-004337,1,0,4.864049917436744,0.0030134386116620914,13.428970160149694,1,0
AST-004338,2,0,4.740684997038087,0.22963789552369437,75.28099356807235,5,1
AST-004339,5,0,5.90608042414116,0.02796800275205722,45.179418217850404,0,0
AST-004340,1,0,5.211800635370347,0.10027998660838881,7.693591820883428,1,0
AST-004341,2,1,7.972965202585511,0.0894086461258988,2.528267504540305,2,0
AST-004342,0,0,0.0,0.0,7.754113831700028,0,1
AST-004343,5,0,6.518820585025109,0.04637063874127068,28.19005253619269,1,1
AST-004344,2,2,9.623195811624615,0.1495654915280311,23.673906854957547,3,1
AST-004345,4,0,4.3282189716801645,0.014327841790679263,60.712702905001336,2,0
AST-004346,1,0,5.173685351495216,0.0011727554591435087,8.78793738802222,3,1
AST-004347,3,0,5.764281175351609,0.02501706080166544,47.03392842650171,2,1
AST-004348,2,0,6.158601008592946,0.1347299758750413,14.62482141042869,1,0
AST-004349,1,0,4.980821576183012,0.02571505100122716,8.877343047480004,2,1
AST-004350,1,0,3.5083225359079178,0.05090763088461697,26.468851813464184,3,2
AST-004351,2,0,5.848671295216649,0.05282487541535289,76.36749409228563,2,0
AST-004352,2,0,3.890757110332232,0.19428488163275132,25.71455944257204,3,0
AST-004353,3,0,4.4443076942844835,0.046526871950170016,1.190332826045636,3,0
AST-004354,2,0,4.916947543084365,0.06281119745837459,86.99754099777083,2,1
AST-004355,0,0,0.0,0.0,10.02361026748708,2,1
AST-004356,7,2,8.590237522063024,0.3214453303299645,3.4131050286739506,13,3
AST-004357,5,1,10.0,0.23807276766116459,44.23387508516224,17,5
AST-004358,3,1,8.643981824740491,0.08540970064130272,85.61381899736567,0,0
AST-004359,5,1,7.539855174772493,0.36176213495154363,131.0186200089952,12,4
AST-004360,5,2,5.683347459239616,0.02762473336509637,11.596723578163605,4,1
AST-004361,1,0,4.760988501770625,0.16306852502331778,7.373894636358323,1,0
AST-004362,2,0,5.188657910978519,0.12381774694308376,19.93389356609694,9,4
AST-004363,2,2,10.0,0.11479945183468368,5.625753362349429,16,4
AST-004364,2,0,2.815573868544759,0.18283227073889863,17.505162420423954,3,1
AST-004365,2,1,10.0,0.03664786517824899,13.57305893255977,1,2
AST-004366,5,1,9.330226861267748,0.0672371832898926,54.078817120619064,4,3
AST-004367,2,0,6.019716101746823,0.02163242748529651,91.19825884462318,3,1
AST-004368,1,0,5.384433125644171,0.10299791923108645,11.95412945875603,1,0
AST-004369,5,2,6.799597045833011,0.04733013076900846,9.30493031657165,4,0
AST-004370,5,3,6.877646544518715,0.133231299803703,50.461696368771385,16,2
AST-004371,4,3,7.662448569771359,0.029052472903798057,58.089798687321334,1,0
AST-004372,2,0,6.001342897729815,0.18339272137833765,0.4082486483428996,21,1
AST-004373,3,0,5.056971983481442,0.14355357199434782,34.253982067040894,2,1
AST-004374,2,0,4.968156964658958,0.07549956163939524,24.650481664967014,2,1
AST-004375,2,0,5.373042671134879,0.07869515889087876,87.34170501018751,0,0
AST-004376,1,0,5.742011259838002,0.2201264524153291,10.555273803168895,2,2
AST-004377,1,0,4.51480570887918,0.0268889482929401,16.195719538351177,4,3
AST-004378,3,1,8.175431242836726,0.07059186436171457,17.807097597172575,0,0
AST-004379,3,1,8.059397210587969,0.30264870490867823,3.5452260095973647,1,2
AST-004380,3,2,8.01553915294262,0.3250104322840146,102.56352175873737,4,1
AST-004381,1,0,4.411666601067606,0.24559354178529,26.294963423487392,3,0
AST-004382,1,0,6.008622908016738,0.10778094131537798,17.880744372127463,2,0
AST-004383,0,0,0.0,0.0,82.30971638940882,2,0
AST-004384,0,0,0.0,0.0,38.92671374164358,1,1
AST-004385,3,1,7.078999021904804,0.028167836342163063,44.25221550061937,3,1
AST-004386,12,1,8.169928614859144,0.12119568242613114,4.506499529063119,13,6
AST-004387,2,0,3.889034644541827,0.09047771500850064,3.7547510525710575,2,0
AST-004388,4,1,8.422643488311788,0.05776133830509727,43.04408132569538,3,0
AST-004389,4,1,8.999456903967763,0.12996132969255042,70.70737238003701,0,0
AST-004390,1,1,9.01435114364597,0.020010633528371725,1.8774765732569527,1,1
AST-004391,4,1,7.261308278114424,0.1022410727540908,99.62773157881396,3,3
AST-004392,2,1,10.0,0.02771278759066421,19.14961535847855,1,0
AST-004393,4,1,7.133822361782636,0.05914899632761549,83.75307179623371,11,5
AST-004394,1,0,4.984950834150717,0.08308218552331678,22.11366235578878,3,0
AST-004395,3,1,9.443235492177504,0.2649086265230268,9.132892368980357,4,1
AST-004396,0,0,0.0,0.0,10.972110850779975,5,0
AST-004397,1,1,8.625976985780845,0.16246686374739575,44.96526577249866,1,0
AST-004398,1,0,5.0543606731455455,0.043120983134917704,17.669321777498638,3,1
AST-004399,6,1,7.680634565077844,0.13265290279736414,74.12260326673818,18,2
AST-004400,6,3,9.6677797927928,0.039836223596983175,35.159933270929216,6,3
AST-004401,3,0,4.597633528054538,0.23570395001141026,12.193148663276432,19,1
AST-004402,1,0,3.3261393809508135,0.08776042180603069,7.454060949198381,0,0
AST-004403,6,0,4.478879608961284,0.1528079659532027,11.81304136388259,17,6
AST-004404,1,0,4.945597573247575,0.059536922953557045,93.80848070573143,1,0
AST-004405,4,1,8.59138100591395,0.3149203300391061,17.236287444687356,18,7
AST-004406,2,0,5.582678794497235,0.3393434721001625,1.8723900728125298,12,6
AST-004407,2,0,5.836362767926146,0.0006415324177942908,15.990283430906763,1,1
AST-004408,2,0,3.641188978609164,0.25057013832362296,1.5813073092735486,2,0
AST-004409,1,0,4.493838248777964,0.19415280440980554,1.6049212244889308,2,0
AST-004410,3,0,4.109676849563487,0.17000198971559977,11.40833674274893,29,2
AST-004411,1,0,5.313825304469962,0.07781047713854672,5.363820767476929,2,0
AST-004412,8,3,7.968909379854234,0.32373614699866127,6.20658201762245,14,4
AST-004413,0,0,0.0,0.0,0.8490159386671993,5,0
AST-004414,0,0,0.0,0.0,50.27621785996731,1,0
AST-004415,2,2,8.867693927480136,0.10173395436345938,2.284977015592681,5,1
AST-004416,4,1,7.984273913308394,0.10882022624821193,46.025196596406886,14,8
AST-004417,0,0,0.0,0.0,45.52836062439631,2,1
AST-004418,1,0,5.05317800618204,0.2915746328852582,4.246884359758861,7,0
AST-004419,0,0,0.0,0.0,18.480527930406694,0,0
AST-004420,2,1,8.62419473823625,0.2489368381187362,4.8093165505798146,1,0
AST-004421,2,0,3.835066782275441,0.0289466650999721,20.787685874441227,2,2
AST-004422,5,2,9.555943289633735,0.22537804839337844,0.3253575439901094,2,0
AST-004423,4,1,8.403812932035875,0.12400724421020196,5.641467298554154,13,2
AST-004424,4,0,5.04988820193903,0.03254362235806558,176.28185718441802,16,3
AST-004425,0,0,0.0,0.0,4.7882778594757855,2,1
AST-004426,4,1,8.353423127651268,0.131813370218442,99.35157095090432,8,2
AST-004427,7,2,6.81661310675614,0.2210962431255319,2.323324055897382,15,5
AST-004428,2,0,5.403982437311383,0.11083886676256284,58.10792543207259,3,1
AST-004429,3,2,8.19806443541388,0.01857860511441189,111.01344303312364,1,1
AST-004430,7,2,8.498057923454125,0.12642790718422875,117.244074997709,1,1
AST-004431,1,1,8.710096710998188,0.04774184219790911,11.082072654786263,3,1
AST-004432,1,0,5.563951520838402,0.03653989803792705,26.311040264675466,1,2
AST-004433,5,0,5.919643765159639,0.06466619278271378,8.803347810547857,11,1
AST-004434,4,2,8.246197738640262,0.11710938948829551,8.299107930758112,21,3
AST-004435,2,1,8.261074594981755,0.1721801711454858,15.78905028343898,3,0
AST-004436,1,0,6.087509144564768,0.010317303738528375,47.77094062546618,8,1
AST-004437,1,0,5.907864614790639,0.022542874636900877,132.4380365713772,3,1
AST-004438,8,0,5.599234498696019,0.18353582970103005,22.719357194446633,12,4
AST-004439,3,0,5.2526108530715465,0.329230453202983,154.3632722816972,0,0
AST-004440,3,1,9.883360209396004,0.0870645505577872,105.98659319816518,3,1
AST-004441,5,1,7.882071202054763,0.40378251020085676,8.793225482415284,2,0
AST-004442,3,1,9.449467881965749,0.016384804499735308,68.14453734051945,4,0
AST-004443,1,0,4.175867805976997,0.032172336254669635,6.977279850252808,0,1
AST-004444,4,1,7.477493141956497,0.11773104304112057,6.767574141073429,13,1
AST-004445,3,0,7.277320615854638,0.06516639598517512,54.712793192230734,3,1
AST-004446,2,0,6.136481416717634,0.43783956231990034,32.95161772364444,13,3
AST-004447,2,0,4.796714261559841,0.14184158010790915,8.45013949164574,1,0
AST-004448,4,0,2.992326794610438,0.017506725411142163,71.6435792677438,3,2
AST-004449,5,1,6.86037080987213,0.0066603970107020245,10.254466756508727,2,0
AST-004450,4,2,9.067817336185097,0.2677732645680739,21.06899378712581,15,2
AST-004451,5,0,5.711461905137009,0.08670000071809063,6.463989198090455,13,6
AST-004452,2,0,5.190121063218182,0.12429948422350777,98.73733065872102,2,1
AST-004453,10,4,8.960192491606929,0.38431876598035974,66.32398397309369,17,3
AST-004454,3,0,2.0646752900530085,0.009476569077755822,27.03448540175858,2,1
AST-004455,2,1,8.461722618048737,0.02022981040721197,32.33233933121199,0,3
AST-004456,2,1,9.65297474448765,0.2964035913427291,105.35471517134214,3,0
AST-004457,9,3,8.335567091513408,0.2760673036608217,5.02041780378769,9,4
AST-004458,2,0,5.996997418911655,0.002278520223665977,53.02276277047122,2,0
AST-004459,0,0,0.0,0.0,13.225509978920972,3,0
AST-004460,1,0,4.55150660242459,0.07891219671208259,109.44083187484253,3,1
AST-004461,2,0,5.75553244288904,0.20260582968391025,22.203644598052954,1,0
AST-004462,1,0,4.650186378858424,0.1706494393153863,0.7175347508602636,0,0
AST-004463,2,1,8.288927562667181,0.11678520607914353,10.309492385603612,2,0
AST-004464,3,1,9.083904358876511,0.18945693808023684,8.275606169637358,3,0
AST-004465,6,1,8.455973381297158,0.18162848218256453,91.89732253455435,12,1
AST-004466,2,1,10.0,0.0005056582837312369,9.53511664814691,4,0
AST-004467,2,0,3.788154280420759,0.15293985919351616,12.283344253796415,3,1
AST-004468,3,1,8.813038985515318,0.3583070533080048,46.977598428953215,1,0
AST-004469,0,0,0.0,0.0,81.00916371674569,1,1
AST-004470,2,0,6.669436253427536,0.19576365603529172,0.841791069644971,21,3
AST-004471,0,0,0.0,0.0,26.18044497483043,2,0
AST-004472,8,3,8.360919648148473,0.15358387915512553,6.736909476775731,18,2
AST-004473,4,0,5.292459081054745,0.21661203179535057,6.018895971469837,11,3
AST-004474,2,0,6.331618801392812,0.19521694952506996,60.29368529697523,10,7
AST-004475,2,0,4.924383011550669,0.044805600008874076,3.124466193371803,1,0
AST-004476,2,0,4.375349855776909,0.11645599702311898,24.237384605854633,2,0
AST-004477,0,0,0.0,0.0,3.246233640570421,0,1
AST-004478,7,2,8.146204918854796,0.0628731013102705,19.78645639512317,14,4
AST-004479,3,0,5.047560958350599,0.016370597998706986,15.270556610135888,2,1
AST-004480,2,0,2.7440152696395876,0.07819515003309488,20.801709887971153,2,0
AST-004481,1,0,3.8525638503753625,0.005606664099125465,13.972160485421929,0,0
AST-004482,1,0,5.15920236746693,0.041752158654250755,89.19329176102745,1,2
AST-004483,7,1,6.968542926915257,0.10406346616846826,38.44373992903537,14,6
AST-004484,1,1,9.044887240972349,0.02194182318134487,49.70138489559188,3,1
AST-004485,3,1,8.023022165610907,0.1477438949107964,24.360376366612176,3,1
AST-004486,2,1,7.55032102236696,0.0058695310611624535,10.680759738654174,2,1
AST-004487,2,0,5.391104475310129,0.09513847928047721,9.6016656693143,0,0
AST-004488,5,1,8.6164301801485,0.08472876651831296,9.797941767279891,20,0
AST-004489,5,1,8.726057748494643,0.05572903835212378,13.31085669006008,16,3
AST-004490,2,0,5.200801577045604,0.045948970871027714,144.38070381058228,1,1
AST-004491,3,1,8.298920393168526,0.18292891133950323,75.39735729225725,1,0
AST-004492,2,0,3.519259473867236,0.02467150403464445,1.9421564782158007,2,0
AST-004493,6,0,3.3118047868113916,0.09946874885553966,81.93764043635937,15,3
AST-004494,5,1,6.216297640892487,0.2681640001671151,113.12872130857969,9,3
AST-004495,6,2,8.956086112700412,0.09491266523547227,15.123064231489119,18,4
AST-004496,1,1,8.101130293510483,0.03150870217756812,42.72794433644059,1,0
AST-004497,5,2,8.187043181324118,0.1620109119567983,54.878208374263735,14,2
AST-004498,4,0,2.9476612099030803,0.198675925544857,0.9294626316552039,10,4
AST-004499,3,0,3.597523865627232,0.022142176253063677,11.083603926390408,0,0
AST-004500,1,1,7.237965762374426,0.07316652077834233,18.788915143334442,3,1
AST-004501,3,1,7.178530676573077,0.12224908291498605,41.78246743405251,12,3
AST-004502,3,0,4.718568684927558,0.04509755676231993,16.898841667135137,6,0
AST-004503,2,1,7.674708070443747,0.021767228558515792,25.742425180059804,3,0
AST-004504,0,0,0.0,0.0,0.8230058776915226,1,2
AST-004505,2,0,5.688845435475762,0.03194646244907906,14.80460358834566,1,0
AST-004506,0,0,0.0,0.0,149.02740488602336,1,1
AST-004507,4,1,8.624996454342664,0.01228869958560492,98.25923251719013,1,1
AST-004508,5,1,6.41877850113457,0.07498675813752026,62.10718157543571,19,2
AST-004509,6,1,10.0,0.15139213803705845,1.3276738826595098,14,9
AST-004510,8,1,7.908027683345442,0.08430333173041495,95.90848619859892,13,3
AST-004511,2,0,5.456947819099662,0.040613693015850494,4.528232719715892,2,1
AST-004512,1,0,5.751143555821409,0.09252504211566616,14.014406129116534,4,1
AST-004513,4,0,5.3315780058056665,0.003726486184457399,9.722827987248735,4,1
AST-004514,1,0,3.770863754688807,0.13080235176314667,8.762364593356766,1,0
AST-004515,3,0,4.700855064887557,0.0317548446649907,52.591545757331794,1,0
AST-004516,5,2,7.266677771875069,0.1811375517501853,6.225067429212757,14,5
AST-004517,2,1,8.421446672673369,0.13520371901340775,92.69732974613822,3,0
AST-004518,2,0,3.6898722168308717,0.11022095909702907,24.157718443454396,3,0
AST-004519,3,1,8.486103407660561,0.029941726963083348,0.443873186084458,3,1
AST-004520,1,0,4.915633891840015,0.03304974022794798,83.87954403006556,1,0
AST-004521,3,0,6.55992509007152,0.052346216857808436,54.28965680590928,14,1
AST-004522,1,0,5.4635799608753794,0.06015806404487653,70.03624093940007,18,3
AST-004523,3,1,8.533879852591303,0.13351768935124025,28.72948248305392,1,1
AST-004524,3,1,7.815039841139882,0.16394449252528048,76.83049596398394,2,0
AST-004525,1,0,4.745264481243653,0.010102299585969901,1.7771622224732007,4,0
AST-004526,6,2,7.286423965914316,0.13560681870661134,43.23193403415573,12,2
AST-004527,3,1,9.211522015476353,0.22733234533945385,2.128787012730981,1,1
AST-004528,1,0,5.387443977189821,0.0027224971330397476,12.27584601725787,1,1
AST-004529,0,0,0.0,0.0,51.45746255664305,1,0
AST-004530,1,0,5.746303504380983,0.01768344376204978,21.96284735047808,1,1
AST-004531,3,0,5.022909041217428,0.01526842908122271,61.41906497929147,1,0
AST-004532,1,0,6.800585166419641,0.1223912769268361,1.8698391584288518,5,1
AST-004533,1,0,3.720982822577014,0.07156360827976384,47.1679741452131,1,1
AST-004534,2,1,10.0,0.12762804864026497,27.107673181249456,0,1
AST-004535,7,0,5.699234837300489,0.18669540177993402,7.038841852807262,12,4
AST-004536,4,0,5.462777073097837,0.08366798673544897,50.348446968926,1,2
AST-004537,1,0,4.413684434939709,0.017956538345169016,60.23365206158523,0,0
AST-004538,2,0,1.9793210421153682,0.09074014683068449,144.22493736876896,20,4
AST-004539,6,0,5.117008141540681,0.27806310344338375,162.78362621074248,19,0
AST-004540,5,1,9.283332991389155,0.15000560492760998,48.20601828397194,0,0
AST-004541,3,1,8.983854175575154,0.03434733242760133,7.659400547578382,3,0
AST-004542,6,2,8.474216977423602,0.03752744825826942,49.13011503951873,1,0
AST-004543,7,3,8.675887963695217,0.18039645243021124,26.931373777087025,20,1
AST-004544,2,0,4.38003618505667,0.1174362251528681,23.260082646630217,13,1
AST-004545,3,0,4.953755632273847,0.1727796707064847,4.506213466335075,2,0
AST-004546,5,1,8.070285628460379,0.0884277584608074,98.30469670157731,0,0
AST-004547,5,1,7.809040425849252,0.1060380764382552,71.85169101798589,1,0
AST-004548,3,0,3.1435674318082265,0.180662868155225,141.99648988177557,2,0
AST-004549,5,1,8.521194812943076,0.17188723561949615,54.63673116706884,2,0
AST-004550,4,0,5.927932562407095,0.11788946588210762,12.778708314484946,2,0
AST-004551,3,0,3.234731002765609,0.17433170173254103,9.752838596982997,2,0
AST-004552,2,1,9.368187596949983,0.05717653274133266,19.317056579540154,0,1
AST-004553,4,1,8.890891869077297,0.06940470585728883,36.16866536255268,1,1
AST-004554,1,0,5.698150401925571,0.09125677758086659,14.811544523655911,1,1
AST-004555,3,1,7.472753402511221,0.04095106967067376,36.212624347788974,0,0
AST-004556,2,0,4.801986903908032,0.40100251897764055,7.418761555245488,0,1
AST-004557,5,0,5.073369449182178,0.26834181238645244,20.721022066331592,14,1
AST-004558,3,1,9.384936943076825,0.010331331939045348,124.50968876900633,4,0
AST-004559,9,1,7.578257463149809,0.09703250100512008,7.858307213205201,9,1
AST-004560,2,1,8.643221127365377,0.009980947061326694,3.3454882384170532,3,0
AST-004561,3,1,8.753981729951347,0.12079100533517789,20.88888289069799,27,4
AST-004562,5,1,9.919845389384683,0.18889853429602124,94.45853341525573,12,1
AST-004563,2,0,4.2716147883733715,0.1051307312390719,24.202715258149244,1,0
AST-004564,1,0,4.463754955218652,0.1513379605689295,39.06224102206187,0,1
AST-004565,1,0,5.993352930124568,0.24383297480728428,10.905544492432247,3,0
AST-004566,9,2,8.811029691706214,0.021010568050599164,1.0610433722505546,15,2
AST-004567,2,0,6.13592386024164,0.06299558430492204,1.0260378683656792,1,1
AST-004568,0,0,0.0,0.0,7.765215298245244,4,0
AST-004569,1,0,5.227057987762617,0.08060645004785183,33.054834662690325,0,0
AST-004570,6,0,3.6701650863865516,0.07986765125446238,8.13633407402734,17,3
AST-004571,3,0,3.1156157466071126,0.040747252364289596,11.386618799471337,1,1
AST-004572,0,0,0.0,0.0,20.385427512769425,1,1
AST-004573,2,1,8.396440367194236,0.11133720463194348,22.798138695039043,3,0
AST-004574,2,1,8.359060056801605,0.035197488870991396,68.86423882680396,1,0
AST-004575,3,0,4.705716887503803,0.18209063365707212,40.766669684744905,1,0
AST-004576,2,0,5.8290940103998,0.1585571334446807,14.371143407214833,0,1
AST-004577,5,0,5.291005619201457,0.11245282480159048,13.455367684000716,17,4
AST-004578,5,1,8.83162464453435,0.04920668677288786,50.95793175819239,16,1
AST-004579,3,1,8.285101224716735,0.15772457526170125,44.75410536043068,15,4
AST-004580,1,0,3.0780198180200493,0.06301266228587149,53.908795093770614,5,0
AST-004581,8,2,9.439410022851998,0.14348605619873053,26.186963115678402,14,1
AST-004582,1,1,8.389480288998461,0.05483846464822907,126.44826337255158,3,0
AST-004583,4,0,3.8938141946071685,0.17257815910202665,56.566560292589756,3,0
AST-004584,3,1,10.0,0.24687538168298856,16.211624670912162,14,4
AST-004585,6,2,9.730178623991947,0.15490325026963364,1.0719896638515338,11,0
AST-004586,4,1,8.57002385004846,0.02548992322762917,16.54616868006452,0,0
AST-004587,5,1,7.753581004122341,0.05385525263005572,6.289688775505099,13,1
AST-004588,5,1,6.79162625401149,0.037782129001463785,15.686813681060483,16,3
AST-004589,1,1,8.693540696148288,0.04933266792249051,2.3637921797086547,6,1
AST-004590,4,0,3.948459549333728,0.006960966363608437,1.1959505128959544,1,0
AST-004591,5,2,8.436618509043099,0.23641355283464965,186.79930334209243,17,2
AST-004592,2,0,5.191169985353335,0.07806717424839774,7.671458018090189,2,1
AST-004593,2,0,5.669051497559177,9.748232411388603e-05,24.215970342149504,2,0
AST-004594,5,0,5.806707782981051,0.2919833948725565,12.046904961171219,17,5
AST-004595,3,0,4.257333183774845,0.017736589198629783,74.82035968898937,1,0
AST-004596,2,0,6.1845855599523,0.10137976695175957,22.946155264527277,0,1
AST-004597,2,0,5.040295570517641,0.13984755840153454,12.048833337510587,0,0
AST-004598,2,0,4.212545871772415,0.015244770955662812,71.31961964843916,1,0
AST-004599,4,1,9.3374950343113,0.09647141921103335,27.46153127328448,16,3
AST-004600,3,0,6.662155502413198,0.08119135350998624,3.528970461960879,4,0
AST-004601,3,1,8.952350223778723,0.00512814928040436,18.770770211516858,2,1
AST-004602,5,0,5.1051380963907125,0.11407080626503036,24.017359155198644,13,6
AST-004603,7,2,9.407064952615386,0.1475925895683226,24.610366824113374,15,6
AST-004604,3,1,7.001876028698864,0.029153724915655623,15.407579291693212,2,1
AST-004605,9,1,7.081409840440394,0.04844817314857175,235.66525314297743,17,2
AST-004606,3,0,5.801622730680492,0.22111760097201522,36.83969824456954,1,0
AST-004607,2,1,9.5657607548744,0.21348541636059237,33.55053555111585,2,0
AST-004608,1,1,7.627717119017869,0.06994179923385688,25.105369325574006,1,2
AST-004609,4,0,3.923394672631439,0.2386097518181489,66.74547766667607,3,0
AST-004610,1,0,4.255572308521503,0.2725707951784775,5.2661204510867785,2,0
AST-004611,1,0,5.879429278716467,0.060672598871897326,76.57878479652078,1,1
AST-004612,2,0,4.516840636432002,0.08200267895520552,10.125693795511637,3,0
AST-004613,1,0,4.349050595477067,0.0065546562112483685,143.9231552169874,0,0
AST-004614,4,0,4.2033312150260365,0.06328656219890413,15.849355894977093,1,0
AST-004615,1,1,8.794251170299628,0.021108154853336402,57.87493633097976,1,1
AST-004616,2,0,3.834230915897783,0.0666166227358134,19.261324021300105,1,1
AST-004617,0,0,0.0,0.0,30.695919778939995,1,0
AST-004618,3,0,2.642632706762118,0.11124573754162877,62.29070115150142,3,0
AST-004619,1,0,4.488217358417425,0.0881933985838151,160.02266841951902,3,0
AST-004620,1,0,4.7142597033250455,0.15057533631112577,45.81113964342529,2,1
AST-004621,1,0,6.991147210573578,0.12197910673972219,23.332552387166402,4,1
AST-004622,5,0,3.0403281303368916,0.07921239103875183,97.176334324474,6,3
AST-004623,1,0,5.808674328121866,0.4650741506940311,16.831015036216662,18,4
AST-004624,6,1,8.636735940399715,0.15328750590200305,101.56389601544544,14,6
AST-004625,3,0,6.043266511715604,0.06828329059830739,2.5914070035793126,1,1
AST-004626,1,1,10.0,0.01531219940254872,12.307744550404605,1,0
AST-004627,3,0,5.051291951902692,0.047328594370106315,1.4391947061801895,2,0
AST-004628,6,1,7.639679037045617,0.10734809513286936,211.04790439857427,16,4
AST-004629,4,1,10.0,0.02908076650480146,10.505352997074134,2,1
AST-004630,2,0,5.850805496826718,0.02301802372182248,99.34742641425949,0,1
AST-004631,3,1,6.642418959160283,0.05554934157164168,22.42972073217945,2,0
AST-004632,3,0,6.608222958981922,0.20502997866229303,44.55405126029834,17,3
AST-004633,2,1,7.600079942280412,0.06748243557849479,8.065331706426775,3,1
AST-004634,2,0,5.41469377881764,0.024315694213177825,131.72838127441446,0,0
AST-004635,4,1,10.0,0.20003621462223298,16.396700415709955,24,7
AST-004636,1,0,4.510885000834691,0.10439966955420227,14.927678557276955,2,1
AST-004637,3,0,4.91695075029753,0.022776654524961887,11.732408792178076,1,1
AST-004638,1,0,5.686025737512781,0.08893148192482218,74.23530785215027,3,0
AST-004639,2,1,7.46646860139645,0.02432043228466132,13.093698005148322,5,0
AST-004640,4,0,6.95203756994936,0.05645401502133053,100.38914011260542,0,0
AST-004641,5,2,8.925252621051401,0.10520369402298436,7.325382211343021,3,0
AST-004642,4,0,8.4575369664246,0.08086855949299127,2.01442226276304,1,0
AST-004643,1,0,6.027337239417367,0.378013719108077,25.96016067851703,15,1
AST-004644,1,0,6.314997409692202,0.05645228083082042,17.612718076806342,2,2
AST-004645,4,0,4.371232331118715,0.02096415906426494,3.2300761223025685,2,0
AST-004646,4,2,8.983957620574545,0.11173680917372614,12.935298467005179,6,0
AST-004647,2,1,9.1565628226662,0.1210871390382886,6.259701462806163,14,4
AST-004648,1,0,5.561082237320234,0.054712665850749916,14.713475927631242,3,0
AST-004649,1,0,3.5369241031362737,0.015171649112035028,27.965092399806576,0,1
AST-004650,3,1,8.669702721973618,0.12472717975753121,4.2385909480144655,1,0
AST-004651,1,0,4.446537925269993,0.15958081213274278,46.382948295198794,0,1
AST-004652,1,0,4.8644551865336325,0.12529974457657833,0.6369140430455162,2,2
AST-004653,4,0,5.877645533975607,0.13446456902564424,96.55887580147258,15,5
AST-004654,2,0,4.636709177572435,0.07609127028455878,62.96571458728604,1,1
AST-004655,3,1,10.0,0.08413223345844938,3.8648963553842632,19,6
AST-004656,4,1,9.372649730446549,0.08401279219060932,72.3186177634737,0,0
AST-004657,5,2,8.903965445342557,0.1727121388674518,54.96159715488305,20,3
AST-004658,1,1,8.857426529962089,0.15053548768168226,97.9699820107167,1,1
AST-004659,0,0,0.0,0.0,231.56683858911845,0,4
AST-004660,4,0,6.618252819397924,0.20428487857069835,12.847446699152945,4,0
AST-004661,1,0,3.3696742700730358,0.04980941292225001,2.316490684615288,6,1
AST-004662,3,0,5.870083273981793,0.26731361526712377,1.5374137190176573,11,2
AST-004663,0,0,0.0,0.0,15.442299141758063,1,0
AST-004664,4,0,4.7915002124895745,0.04219369619359647,0.6588990670619568,2,1
AST-004665,3,0,5.142078014022054,0.15204819246155363,6.783031211740779,3,2
AST-004666,2,0,4.279190487016627,0.06531754258040787,1.0240476999055739,15,5
AST-004667,3,0,5.4659260146759765,0.038209781822235556,6.989339723194381,1,0
AST-004668,5,1,10.0,0.08649455084617103,41.941678021042456,16,4
AST-004669,5,0,5.620187886517933,0.09074528982228468,8.355655841328302,12,3
AST-004670,3,0,4.785485759666532,0.1719977057370528,22.090712190896735,14,4
AST-004671,1,0,3.7006928412096833,0.2118551053351278,3.024933132758073,0,0
AST-004672,5,2,7.4254915357102,0.024875368077143665,161.6371980726024,3,2
AST-004673,2,0,3.296625705171407,0.006310328868908427,18.469983674816167,5,0
AST-004674,6,0,4.834748868129805,0.2479488994034508,22.480121613768375,18,3
AST-004675,2,2,8.777725140207398,0.07137073890884128,57.78589080951576,15,2
AST-004676,1,0,4.655918111668273,0.07149713684537194,52.178859827156444,5,0
AST-004677,4,1,7.964848921146907,0.16800899500243824,15.664919410183867,15,2
AST-004678,0,0,0.0,0.0,10.423366174897188,1,0
AST-004679,2,0,5.463402105544395,0.05392349017936351,29.91124397278457,1,0
AST-004680,2,0,5.280189587803873,0.006976296577713223,0.31878553549389443,0,0
AST-004681,6,1,8.376128451008416,0.43653402062432717,32.04895895748073,12,7
AST-004682,8,2,7.884508840733719,0.12166593620428011,50.65197213870195,16,4
AST-004683,6,1,9.765390920097119,0.04292632176084584,39.62431518222464,7,4
AST-004684,5,3,8.126342417651816,0.14932391736522965,34.79578170942415,19,3
AST-004685,2,0,6.038122157276099,0.04757860920933181,30.305256913389357,2,0
AST-004686,6,2,8.154795450743562,0.31521574797945556,13.30020922819126,20,2
AST-004687,1,1,8.528355026516344,0.015031308573616757,12.535925104837954,3,1
AST-004688,3,0,5.299134698827823,0.3467181837244497,68.14280624820931,22,1
AST-004689,3,0,4.58695451745414,0.03454485868800767,7.088098483622804,16,3
AST-004690,2,0,3.944776897624228,0.041474400447027805,5.204336755011134,1,1
AST-004691,1,0,2.448561651192236,0.11551069158352913,41.058363723585146,3,2
AST-004692,1,0,4.5805737651591265,0.03072175529049067,72.3558346658857,0,0
AST-004693,8,1,8.568501121775167,0.08208610626762283,21.981034999654195,14,2
AST-004694,0,0,0.0,0.0,43.87247802081895,2,1
AST-004695,3,2,10.0,0.09440695803525315,49.232824226852365,4,0
AST-004696,4,0,5.5511666202543415,0.04681832545450284,8.486812026901232,16,2
AST-004697,1,0,5.167926842114879,0.1264892280591491,4.558550330225445,4,1
AST-004698,2,0,4.831756885597105,0.10359437072896609,115.12036296057477,2,0
AST-004699,5,1,8.857611298507404,0.09127831192815641,6.678278222742088,3,0
AST-004700,3,0,5.762303056018549,0.0071799250476161985,46.65345618148117,1,1
AST-004701,6,2,10.0,0.16340426176029088,7.498755723483528,10,6
AST-004702,3,2,8.701847294181873,0.3788499128899912,27.45487099898224,1,1
AST-004703,2,0,4.400096121250572,0.014066677879448264,9.242604698778221,2,0
AST-004704,2,1,8.168957235413489,0.07547931160848273,0.5626901527469155,4,0
AST-004705,1,1,7.554349585531304,0.018892442060918047,109.23719835712012,4,0
AST-004706,3,0,7.818143567149487,0.2304323589627014,39.93250258198217,19,7
AST-004707,3,0,3.697770813755067,0.09845270375334876,26.163689819576597,9,4
AST-004708,1,0,4.692174195440826,0.033621530991255845,82.87700093004337,3,0
AST-004709,0,0,0.0,0.0,30.96147621893868,1,0
AST-004710,3,1,8.701090981442754,0.10102852922865026,4.5457960031278075,2,1
AST-004711,4,0,4.827952124584145,0.026641918176701286,74.79964744690561,1,3
AST-004712,3,0,4.568198462315343,0.11328636200717544,31.104081317397778,0,2
AST-004713,0,0,0.0,0.0,24.458625921282557,14,3
AST-004714,1,0,5.546412114866007,0.02056591460373489,60.1715940199272,3,1
AST-004715,1,0,5.184952893460776,0.032310167992685226,40.07440558593358,1,0
AST-004716,1,1,8.52179577314666,0.17290109844553453,42.3728877383355,2,0
AST-004717,2,1,8.230170474524359,0.06545038390532965,94.6957546325956,1,1
AST-004718,4,0,4.669962199007144,0.0921473502859948,28.26554188133138,20,5
AST-004719,0,0,0.0,0.0,15.196511038756759,4,0
AST-004720,1,0,5.422110502650952,0.15478898163346197,17.066400856259904,1,1
AST-004721,2,0,5.728657218772486,0.12247958107487222,138.6573800257911,0,0
AST-004722,7,1,10.0,0.2968063328287958,1.7304417348400023,9,1
AST-004723,2,1,9.913517598360457,0.17365137777306525,7.240994794578418,2,0
AST-004724,7,0,4.656824542341084,0.05733894572462625,67.25324319666296,23,1
AST-004725,2,1,8.088663893450574,0.11689355759748059,67.43607580446651,1,0
AST-004726,2,0,4.420204331533195,0.31894273495248526,111.54275690720976,12,2
AST-004727,5,1,7.816510264733863,0.16752186669868685,22.675344204541208,18,1
AST-004728,7,3,9.403705434989444,0.09807042370839746,193.33397712667045,0,0
AST-004729,3,2,8.575264426670808,0.08040845937933175,15.164293851768267,6,5
AST-004730,2,1,8.420606922989476,0.01939628312539648,19.032402558624437,0,1
AST-004731,1,0,5.650894823337625,0.11675995004550384,11.991118892329343,3,0
AST-004732,3,1,9.759557255448488,0.014476682025955735,13.593648375432199,2,0
AST-004733,3,1,9.79051436604648,0.06763310803085724,50.657428504225074,2,0
AST-004734,2,0,6.228469770226917,0.16674296713411527,41.82556598910783,1,0
AST-004735,7,5,7.5928815024411005,0.3593058863145817,27.950410096492487,13,1
AST-004736,8,2,9.63135897827641,0.05153110237223618,11.738742763717038,17,3
AST-004737,1,0,4.597873852542136,0.02064940031888496,15.615495490521804,3,0
AST-004738,7,1,9.111340805312437,0.5070098623234853,18.044208889388706,16,4
AST-004739,1,0,5.317588468668357,0.09495436393007398,71.26681798993668,1,1
AST-004740,0,0,0.0,0.0,4.666473970729035,1,1
AST-004741,6,2,8.208665208023685,0.07238647100692872,9.789176745938638,14,2
AST-004742,1,0,6.335380175701033,0.10040488035160228,2.749220928777242,1,0
AST-004743,2,1,9.682832574448716,0.019157693247348277,2.432071150298392,2,0
AST-004744,3,0,5.026631588472405,0.20223237574863429,46.10303446303093,15,2
AST-004745,2,1,7.849192381593128,0.03472484277965979,6.978116437279729,1,0
AST-004746,2,0,4.669164825026986,0.06982184725303954,8.304275463629576,0,0
AST-004747,3,1,9.586319081984652,0.0450774085580554,73.35693978232149,2,0
AST-004748,2,0,6.133160305755715,0.26172308459973775,52.11016749474841,3,1
AST-004749,4,0,6.78557523264552,0.12952609530457557,5.282035775960351,17,3
AST-004750,7,2,8.411952597028547,0.01120201016324059,30.914826144204437,2,2
AST-004751,3,0,7.740251476306538,0.2734885070259428,2.368012490914526,0,0
AST-004752,2,1,7.854448965721254,0.23382362000021792,69.96702055266121,3,0
AST-004753,2,1,10.0,0.17692227337250083,47.85772862558854,4,1
AST-004754,2,0,6.748888937956415,0.006571135317068631,10.444909820317191,1,1
AST-004755,0,0,0.0,0.0,0.021235972289596842,3,1
AST-004756,2,0,5.615651993211756,0.17568866334353764,69.28923019836499,6,1
AST-004757,4,1,7.940824619962533,0.3419657064372733,0.2511067855266834,2,1
AST-004758,2,2,8.658171749016256,0.07129403967467014,111.52438439967841,4,0
AST-004759,5,2,9.858057322745521,0.03397647670052482,13.636280000335551,13,3
AST-004760,1,0,4.95108507545721,0.18714159173289302,17.840074854591386,12,2
AST-004761,9,1,7.450869661753379,0.09649607122120542,32.67632551347964,20,1
AST-004762,3,1,7.105980743557383,0.08092964571051482,18.937838643935137,3,0
AST-004763,3,0,4.412358143532528,0.04161917164609948,13.786514731850787,1,0
AST-004764,8,2,8.696798149024461,0.15792296013334226,4.510621835706753,17,2
AST-004765,1,0,6.300970628843868,0.047388474885418586,107.40508551638365,2,0
AST-004766,2,0,4.461843759514821,0.12036987208064949,40.640194045141406,3,0
AST-004767,6,3,9.029048624823572,0.19413651916276453,6.762112946535552,16,3
AST-004768,3,1,10.0,0.10995246801989597,32.53232738614895,16,2
AST-004769,6,2,6.971251987454276,0.09301200960737492,20.041735043434915,19,3
AST-004770,8,2,9.033630537893554,0.16449001557208792,17.92896971216374,11,1
AST-004771,0,0,0.0,0.0,48.344617424987405,5,0
AST-004772,2,1,7.566000986491815,0.10949104825667441,48.36028919005322,1,2
AST-004773,6,0,5.315656870786931,0.1238723207425393,81.44125932879489,13,6
AST-004774,2,0,6.8141488475001,0.06641387351819457,13.302474605706452,0,0
AST-004775,6,3,8.504419414626776,0.3952603659257661,29.751447190955766,13,3
AST-004776,1,0,4.312267056112644,0.16455592865968285,62.48332442354588,4,0
AST-004777,0,0,0.0,0.0,15.616101354999113,2,0
AST-004778,1,0,5.26693328081247,0.3643809375847857,4.748137949638329,14,3
AST-004779,2,1,8.34236325722875,0.0010969368928744712,32.80408030532936,2,0
AST-004780,7,0,4.189760887781098,0.19567839242664506,39.30767273889812,13,5
AST-004781,0,0,0.0,0.0,2.227402043063348,0,2
AST-004782,7,1,8.980436488702402,0.1785242263217698,12.423118627511814,21,3
AST-004783,2,0,4.466458417702606,0.17885191423602553,11.70105794944348,2,2
AST-004784,2,0,4.658670648245359,0.1249183097071441,15.723086491616499,3,0
AST-004785,2,1,8.274180308426352,0.14281674488501267,76.52969290294014,0,0
AST-004786,3,0,5.787825612299966,0.1195750725924843,28.29446865385582,0,0
AST-004787,6,2,8.941058947577766,0.13401586573981775,9.70938639698798,10,4
AST-004788,5,1,8.422338861963642,0.01361711956417664,30.88724559887798,2,0
AST-004789,2,0,5.5193911204526245,0.022018965119586717,47.370865220312986,3,1
AST-004790,5,1,8.758952672298461,0.1882238535755338,15.075932285862395,1,0
AST-004791,5,2,9.35747054551922,0.0834602019610005,5.145838544989633,2,1
AST-004792,0,0,0.0,0.0,29.386095985625285,2,1
AST-004793,2,0,6.97227513514875,0.14442652897267774,22.93830402104915,2,0
AST-004794,3,1,8.344626601120565,0.1581904658714805,114.52925223924161,2,1
AST-004795,7,3,8.099715578027082,0.04977359761205989,30.400764775195206,15,2
AST-004796,2,0,4.667731029448767,0.12406362468105185,35.96584539044952,4,0
AST-004797,2,1,8.660585615871282,0.20355199814230227,24.033923225520358,19,2
AST-004798,2,0,4.110140207554991,0.08339975251437863,104.35157222121363,2,0
AST-004799,2,1,8.690143761494241,0.09757957506194898,9.782641735755494,3,0
AST-004800,2,1,8.735149705348235,0.08879375682379692,2.4315351065695827,2,3
AST-004801,2,1,9.900936593802715,0.06287711668071919,28.980807310073057,1,0
AST-004802,3,0,4.208184892500747,0.06043962679615017,28.440621742791976,0,0
AST-004803,7,3,10.0,0.11260922948570656,25.393952539696407,15,2
AST-004804,5,0,4.517812588278318,0.061427414374240485,26.09809030286671,1,1
AST-004805,7,2,7.796435051168444,0.344958874001286,93.1432460413094,13,1
AST-004806,3,0,4.550484514993293,0.4646843651083002,101.92616117243281,3,1
AST-004807,0,0,0.0,0.0,9.167312709123586,1,0
AST-004808,4,0,5.4014561618630434,0.14600626529582506,59.62337349066953,3,1
AST-004809,5,0,5.747377501033628,0.046354520263779314,16.879416263240024,10,3
AST-004810,2,0,3.991065032811748,0.016985206454515126,1.0427477354382106,3,1
AST-004811,5,2,6.804218627293581,0.10475958167301003,84.34138161086429,13,1
AST-004812,0,0,0.0,0.0,17.26278624798919,3,0
AST-004813,2,1,8.847803973171855,0.19929694723304908,8.913453739307045,4,0
AST-004814,0,0,0.0,0.0,128.19640546151902,3,0
AST-004815,5,1,8.695655840853155,0.26450567206322995,27.292844315543075,16,5
AST-004816,3,1,7.4610324255799,0.08146238318482134,72.83039208110534,20,2
AST-004817,2,1,7.901675337097133,0.09073371552341704,13.211381158772603,3,0
AST-004818,4,1,8.973829999473898,0.08522431391033063,56.54955508659589,11,3
AST-004819,3,1,8.642477523210387,0.19448380089102185,2.372737836112532,2,0
AST-004820,5,1,9.614395869826026,0.09587204788796856,81.9795714902703,12,2
AST-004821,5,0,5.8835368485637405,0.029854322326062565,1.0200477832532344,13,5
AST-004822,4,1,7.996698904268028,0.05009780065279665,49.13134052582515,20,2
AST-004823,2,0,7.154062847159862,0.09810496242292853,4.428686237238742,17,1
AST-004824,1,0,3.6288261355243927,0.029864787222722667,1.0926128263100963,4,1
AST-004825,1,0,4.343347160876589,0.011931997658005997,5.146420301470883,2,1
AST-004826,3,1,8.612704527524564,0.0020439559948951386,8.968815235294855,2,0
AST-004827,1,1,7.236837549484299,0.013433108451392131,11.295557216959196,0,0
AST-004828,2,0,3.7808619779985753,0.12873703036966766,6.977589267648633,3,1
AST-004829,3,1,6.680640734361001,0.11460857105406956,13.498423928423499,2,1
AST-004830,1,1,9.226318582586256,0.009890688215422197,55.22767568170024,1,0
AST-004831,1,0,1.3325011342887376,0.018194450493612974,77.08005057075057,1,0
AST-004832,1,0,5.408492080962461,0.024371428487777312,165.4846299737939,0,0
AST-004833,1,0,5.94879545219079,0.03710697871203077,29.264322146110114,5,1
AST-004834,4,1,8.918615774572311,0.4088347327747014,25.065468608730882,8,2
AST-004835,3,1,7.866788098599976,0.035289944067414265,38.05066163180559,0,0
AST-004836,6,3,7.250675667289374,0.15199112403427872,29.967002814092417,11,3
AST-004837,6,2,10.0,0.08371752088181098,24.23566442165517,5,0
AST-004838,1,0,5.385810703091947,0.09713931916921865,100.30188159763095,3,0
AST-004839,4,1,7.060672954354187,0.13265939838138302,13.908312840169437,1,1
AST-004840,3,1,7.785679054979674,0.062131610553916465,11.586150624492749,4,1
AST-004841,3,1,9.669950623364258,0.06158742161997727,143.86106576421204,2,0
AST-004842,0,0,0.0,0.0,41.71783194262342,1,0
AST-004843,0,0,0.0,0.0,5.759039002864149,1,1
AST-004844,5,2,10.0,0.0496495497648641,10.030072841906218,3,0
AST-004845,6,1,8.654072976782807,0.10227381678590307,93.69670649888876,10,4
AST-004846,2,0,4.261677839993008,0.0019181080578645285,23.732745011982594,1,0
AST-004847,1,0,3.5299537726323007,0.038767471434954494,35.60088186059891,1,0
AST-004848,4,0,7.069088730145692,0.14120211853942216,1.303350866103967,5,0
AST-004849,3,2,6.417257531744058,0.031181836025374873,8.896430552596115,2,0
AST-004850,5,0,4.919465522304581,0.10208120073230832,7.8318917858727675,12,1
AST-004851,0,0,0.0,0.0,115.73859870036823,3,0
AST-004852,2,1,8.315348558413673,0.04023247727002221,17.133692649372335,2,0
AST-004853,1,1,9.666829573771878,0.23383044709224035,27.150821923942352,2,2
AST-004854,2,0,5.825025839526111,0.2662585438207065,28.924136220575857,2,1
AST-004855,4,1,8.981110111957152,0.17958232988725173,3.875304394831515,3,0
AST-004856,8,4,8.627362653478215,0.13055672406115218,133.9500568753665,20,2
AST-004857,3,1,8.087823068448344,0.060086226422856874,60.66671869463464,1,1
AST-004858,2,0,4.497049576027061,0.21669659721609302,20.277224499069025,3,0
AST-004859,1,0,4.259324465932036,0.03286182226485724,6.839141940662776,3,2
AST-004860,2,0,4.540095440140732,0.4254222575064888,3.8018209171662374,3,0
AST-004861,1,0,5.15872852293787,0.06609206204600049,119.33395108471315,5,0
AST-004862,0,0,0.0,0.0,20.300116052692065,2,0
AST-004863,2,0,5.235195335778779,0.07922993928934803,10.851524005861982,0,2
AST-004864,4,1,8.29501956237474,0.20532022331907562,124.92076764405869,0,1
AST-004865,1,0,7.356932782267764,0.0015587068762914413,52.27774982844994,2,1
AST-004866,2,0,7.0116006907845385,0.022933338781849114,16.236775265178313,1,0
AST-004867,0,0,0.0,0.0,36.522470647856565,1,1
AST-004868,1,0,3.2336842731300175,0.01564185310612056,16.44685178505249,4,0
AST-004869,1,0,5.621305708847093,0.06617379600845308,9.665601178748155,2,3
AST-004870,1,0,6.519148963860603,0.0006403456232247004,9.919469443301223,5,0
AST-004871,5,1,6.330829894227282,0.07216938573500341,74.92020907059455,19,4
AST-004872,4,1,9.09002645223719,0.4115220923826405,5.216931557242947,15,3
AST-004873,7,1,9.482977843427987,0.08442240343019274,49.14663732314545,10,5
AST-004874,3,0,5.359477267299119,0.21077745866965128,15.618446723397295,16,3
AST-004875,6,2,8.979172919369761,0.29388568118001696,2.8546442616025542,20,3
AST-004876,6,0,4.542782325008136,0.13020400952555902,11.100843471165685,14,3
AST-004877,5,2,8.9087600203831,0.12519994771778936,10.959694181481549,14,4
AST-004878,8,1,8.486419811490096,0.14687190790820778,167.21553089358366,20,3
AST-004879,1,0,4.553784502079959,0.15765050912325193,35.30027396508583,2,0
AST-004880,3,2,8.236006693581974,0.05024354076110519,40.061418897044646,7,1
AST-004881,4,1,7.068029021051579,0.15190024563084104,2.0232516467144346,20,1
AST-004882,2,0,3.9273331735032193,0.053350446200148484,31.56226888628846,2,0
AST-004883,4,3,7.459923326098478,0.10355366613651039,50.906537995523344,6,5
AST-004884,4,1,8.926867155960997,0.006993592401354964,31.566037559618835,3,1
AST-004885,3,0,4.236407305197176,0.042785743401303755,46.652263557979765,2,0
AST-004886,6,1,9.622356846671163,0.21919999390547681,12.334347321205131,9,5
AST-004887,8,2,8.335149075725115,0.05478048995804602,3.765638069662311,20,1
AST-004888,4,1,8.69583525350644,0.0092428734373292,23.84367581843437,2,0
AST-004889,4,0,4.446639042166049,0.08428109268140832,9.953269400603908,21,2
AST-004890,8,2,9.024563586273258,0.2139469630864449,109.6996680381949,18,3
AST-004891,3,0,5.1385110574077775,0.10792527630781804,30.449169596892617,2,0
AST-004892,3,0,6.341664868934721,0.021138631007902847,42.23951080297746,1,2
AST-004893,2,0,6.100107625293539,0.055483586424459656,17.48355729736233,0,0
AST-004894,3,0,3.6102337851648043,0.3253043153717176,1.882331098823521,4,0
AST-004895,2,1,9.648429491353209,0.07345784448927321,4.118453649756861,2,0
AST-004896,2,0,4.55901462079715,0.031012533322013872,25.63833837874156,2,1
AST-004897,3,0,4.781416425093116,0.04278512424539693,13.182848361051683,0,1
AST-004898,5,0,6.647903453792649,0.09842110662512729,23.693006810755183,20,2
AST-004899,1,0,5.0116717075975,0.06464020639697901,24.469986377344828,0,0
AST-004900,1,1,8.206489709449166,0.026029359358811052,8.706427356301965,2,0
AST-004901,1,0,6.372721174256495,0.09845242275887275,18.276414140015067,3,0
AST-004902,1,0,3.2884518026470935,0.13668014140277893,62.938839548751396,11,5
AST-004903,2,1,8.96396779387074,0.06926407431494497,126.6755981609518,20,4
AST-004904,0,0,0.0,0.0,72.26409389289987,3,0
AST-004905,5,0,4.5456911801227395,0.08653768410312217,98.02327482559474,14,5
AST-004906,6,1,8.954416041374559,0.1473656618823136,49.46089388177699,15,2
AST-004907,7,0,2.943179121825205,0.10820254164633819,2.9622495699856777,11,4
AST-004908,1,0,7.01228679298967,0.40591147072073896,0.8533392609700605,21,3
AST-004909,2,0,5.602030726196561,0.01891389423621684,13.873085278558817,2,1
AST-004910,2,0,5.7797668539961435,0.545157133612232,20.825076046211617,2,0
AST-004911,3,1,7.564736770217803,0.16114139238377223,0.15987324848953433,2,0
AST-004912,2,2,7.093392648316106,0.05100817245604101,20.08283888557871,4,0
AST-004913,4,0,5.103348339282377,0.01639683000239741,3.622733238344058,1,0
AST-004914,1,0,4.324674848430206,0.1117781200817837,44.6926920559775,15,5
AST-004915,2,1,8.032996476995955,0.16630967368049532,87.03147030316431,1,2
AST-004916,4,1,9.992277300794072,0.44435771939859126,1.4413427099393097,15,3
AST-004917,1,0,4.74373759715801,0.1259652491278457,13.524660148871872,3,0
AST-004918,1,0,5.5446603442073705,0.0006535681942466271,61.939486742322735,3,0
AST-004919,3,0,5.20625226817364,0.06774419458901472,7.9037233985825,5,1
AST-004920,1,0,6.669865304941908,0.04022713536835406,21.55438902972564,5,0
AST-004921,3,0,3.5467550001578245,0.24542760156349577,76.87034523067683,19,2
AST-004922,5,2,7.869274749873242,0.17074119089716358,45.87204743819152,16,3
AST-004923,0,0,0.0,0.0,23.70919012395961,1,1
AST-004924,7,1,10.0,0.0737412126738599,59.97715927063579,8,9
AST-004925,2,1,5.345143781656801,0.061408179252652184,53.892126285537806,15,2
AST-004926,3,0,5.535870244139632,0.12174386225694811,4.210440888682502,1,1
AST-004927,4,1,9.133487235457977,0.07503373620684219,137.90780132654237,2,1
AST-004928,0,0,0.0,0.0,25.797701675479246,2,0
AST-004929,1,1,7.593366379599345,0.026642350812690507,196.2698256982444,1,0
AST-004930,6,1,7.667489675028361,0.23221224840512153,147.79798333721962,16,3
AST-004931,1,0,5.39051441459947,0.011118652596461687,41.32454862411452,3,0
AST-004932,2,0,5.063266921149525,0.38623801587229306,32.990322697786524,2,0
AST-004933,5,1,7.52015498454053,0.034220831224197,113.37797130521749,2,0
AST-004934,9,1,8.630827308232448,0.22719519186887882,21.885119409018774,17,1
AST-004935,9,3,8.897996444986068,0.1505796472629995,2.2919974654299913,17,2
AST-004936,2,0,5.588875403980341,0.1860791276684364,3.324098714762428,2,0
AST-004937,0,0,0.0,0.0,30.47426453120597,2,0
AST-004938,0,0,0.0,0.0,11.926642762240492,4,1
AST-004939,2,1,8.107605126104378,0.413463775423218,13.351340481413178,19,1
AST-004940,4,2,7.054487417864061,0.22971531484089958,7.706152283462899,1,1
AST-004941,3,1,9.02494594891423,0.07180273630217009,44.52699015240976,13,4
AST-004942,9,0,3.5724306404032444,0.13615720375598947,71.33640973162632,11,6
AST-004943,0,0,0.0,0.0,22.25416646748294,3,2
AST-004944,3,0,4.48076452390016,0.038066421181489486,23.79927233487103,1,1
AST-004945,4,0,5.166228292701665,0.03309293360533016,9.175536646417866,4,0
AST-004946,2,0,4.444568096932287,0.18527187592937588,83.42367339630553,1,0
AST-004947,3,0,3.7273377206253797,0.0066694945001405884,15.798018627108846,2,0
AST-004948,2,1,8.902494208928164,0.03992098405247726,19.261496177168777,0,0
AST-004949,3,0,5.228446244685522,0.06577278638262221,297.9751074641969,2,1
AST-004950,1,0,3.07807550147263,0.007721359318433374,10.750697548132413,2,1
AST-004951,8,1,8.271941850115644,0.0862744881135663,4.114832195671545,15,5
AST-004952,4,0,5.3035496693184445,0.14052234652019924,170.39336704260992,0,0
AST-004953,3,1,9.018384705273084,0.1541968473807431,56.3699556161269,0,1
AST-004954,4,0,4.571486176056469,0.3612859855483518,3.567702683476402,20,4
AST-004955,2,0,6.957068473984441,0.04956626421172903,58.80059657337823,0,1
AST-004956,4,1,8.584192869489389,0.026485332352235127,22.074957431680787,12,4
AST-004957,3,1,9.491304490406355,0.3233601235916754,7.469049666577563,16,7
AST-004958,1,0,4.551693494635963,0.0673373092864466,109.92901244374627,0,1
AST-004959,2,0,5.905442712984975,0.009549705588154496,53.18430525175472,5,2
AST-004960,1,0,4.887144825843459,0.034452100758237736,59.49294152087336,1,0
AST-004961,3,1,9.752186803345829,0.002618533969990823,24.687822639726704,1,0
AST-004962,1,1,8.096372930686284,0.14514454932455328,66.53960062072413,5,1
AST-004963,4,0,5.151952977306681,0.4017795451248531,66.4127630469796,12,2
AST-004964,1,0,4.6307064887947815,0.0787702724365291,8.480951832788193,2,0
AST-004965,0,0,0.0,0.0,59.219949169074866,0,0
AST-004966,5,0,5.122885126519489,0.13239686697786424,32.1466337817639,14,4
AST-004967,8,1,6.4634464979198905,0.14168019636827112,20.94073421942242,25,3
AST-004968,2,0,6.2731026527245195,0.15781926174114222,43.00727818706372,2,0
AST-004969,1,0,3.420955501301425,0.018915795403636082,7.748354804882155,2,0
AST-004970,3,1,9.724978423449288,0.1628925741070567,20.31822263603355,2,1
AST-004971,5,1,9.152717625751984,0.23547080971879084,36.37352474439281,18,2
AST-004972,2,0,5.964658215403073,0.0638846633268777,200.8572619510781,3,0
AST-004973,9,4,7.817344028149636,0.31580233337303815,1.8189997817888144,10,4
AST-004974,5,1,8.260685503756786,0.061151905979536056,117.52704658746282,2,0
AST-004975,4,2,9.291144684588716,0.19810424060149767,34.528147452252554,12,2
AST-004976,5,0,3.4697085736277975,0.03252482628220854,34.59403372546513,3,1
AST-004977,3,1,7.499022090531352,0.20742834221584586,54.96584832695351,17,1
AST-004978,7,0,3.269058846365068,0.03933576501249635,2.705276513885984,16,4
AST-004979,1,0,6.003101860511266,0.10348595511836739,3.108373427863415,2,1
AST-004980,9,3,8.271588542355985,0.07672130275779768,116.921641953707,15,1
AST-004981,4,0,5.860225912314301,0.3208162842036953,2.2408153795852432,19,1
AST-004982,2,2,9.223958216417165,0.16900174885254174,16.638369694102913,11,2
AST-004983,2,0,6.169138185257069,0.011684681388445682,80.01580443063989,2,1
AST-004984,1,0,4.535859428629985,0.042711315131922716,28.952786746888073,1,1
AST-004985,3,0,3.762382942538096,0.08633968983894982,39.65398866895119,14,2
AST-004986,2,0,5.227731335908986,0.0795290093707274,33.49319361622742,11,1
AST-004987,1,0,4.786025989440285,0.09061629065313628,5.495722722031019,1,0
AST-004988,11,2,9.40271215782653,0.07284888390927385,58.490640751671926,8,1
AST-004989,7,1,8.67192868068028,0.17329451277515695,29.191880032412886,1,2
AST-004990,3,1,9.401915530667361,0.20580746870829608,20.37560427730268,17,2
AST-004991,1,1,9.670598295184417,0.05157540907870405,10.871764549932706,2,0
AST-004992,0,0,0.0,0.0,2.0538345902993385,4,0
AST-004993,3,0,3.0762773135887844,0.1747801778143902,186.01045263521547,1,1
AST-004994,1,1,7.144846157098682,0.0022212925928657814,95.27563181228166,3,0
AST-004995,0,0,0.0,0.0,48.470717055927096,4,0
AST-004996,2,0,4.80126737769982,0.21742971476084702,30.97844178491985,3,0
AST-004997,0,0,0.0,0.0,158.9185584489818,3,1
AST-004998,2,1,9.13793246043866,0.03570702022482296,9.225918486113779,3,0
AST-004999,6,1,8.95480709638753,0.17026407764012078,40.2074127586112,9,2
AST-005000,3,1,8.437092641125714,0.1796109414199751,24.979594622779057,1,0
AST-005001,2,1,8.840978225828813,0.1253643843311127,6.424941122247242,0,0
AST-005002,0,0,0.0,0.0,5.750864144790246,2,0
AST-005003,8,4,7.938432923973326,0.2248435763107312,49.4829950321043,15,1
AST-005004,4,0,5.713235683072756,0.33882280046771074,5.928910426324418,16,4
AST-005005,3,0,3.2153965203574835,0.17561031690197246,28.814049138499943,3,1
AST-005006,3,1,8.120793360262594,0.19125975106928447,8.799316947215921,8,2
AST-005007,5,0,5.847510063036853,0.26454839338778885,34.50061128172116,16,2
AST-005008,2,0,3.882257711685997,0.009546143495201165,25.27947180783578,3,2
AST-005009,5,1,7.35040116926766,0.14793530543968214,3.664811347539813,17,3
AST-005010,1,1,7.863239129340982,0.28686438748179677,53.006823566052255,1,2
AST-005011,5,0,4.969909958657341,0.0037170403146259134,36.993599768585405,2,0
AST-005012,1,1,8.353311346650342,0.02007194775713549,37.29766203323638,4,0
AST-005013,3,1,9.10950016530819,0.1589275931146892,33.07176256831872,2,0
AST-005014,2,0,6.296476378472019,0.018598287315451066,64.87621475820326,0,1
AST-005015,1,0,5.168267898672866,0.05884719472104391,87.9694326652876,2,2
AST-005016,0,0,0.0,0.0,82.20947128456638,2,1
AST-005017,2,0,4.915286384363193,0.0018197185122256555,75.70530667155873,1,2
AST-005018,4,1,7.904170575270252,0.1844964469101999,13.846770527987115,2,2
AST-005019,2,0,6.124279908465187,0.16676521918173692,9.150738144265356,1,0
AST-005020,3,2,8.24167226752009,0.06721204776234961,189.84564636957174,3,1
AST-005021,7,0,3.741478265498385,0.161675260793013,131.90172804506142,16,5
AST-005022,3,2,9.342615802184408,0.017576779759754167,96.37755935764812,1,0
AST-005023,2,0,5.86208455467077,0.07396260717102379,65.47321977132913,1,1
AST-005024,4,1,9.02353574478507,0.15556205138348436,4.173199740165659,0,1
AST-005025,1,1,8.588057410937331,0.05100161348097278,5.562258667921359,1,0
AST-005026,2,1,8.323905560563365,0.08729967111085218,16.16555546254744,3,0
AST-005027,3,2,7.943781638307203,0.05113806892930951,22.10248615098333,1,0
AST-005028,3,2,9.683874163689866,0.15826150354474608,39.388716544082634,20,5
AST-005029,1,0,4.335639620490472,0.029575266646669228,22.50435274205423,2,1
AST-005030,3,1,7.024430551727892,0.016081053845643966,24.92647416565665,2,1
AST-005031,4,0,5.837367048685933,0.08979390187740219,41.740249511051694,2,0
AST-005032,3,0,4.868133783800767,0.3038991325361897,95.71427626980787,22,4
AST-005033,3,0,5.744583377425002,0.11519628478387323,7.590455501616745,14,2
AST-005034,1,0,5.057571504156241,0.1543948355157828,14.178778867961961,1,1
AST-005035,2,0,5.478520314720826,0.21028860112793288,0.1657111330804632,1,1
AST-005036,2,1,7.80470175481373,0.15273798779344128,22.231336584828124,17,4
AST-005037,0,0,0.0,0.0,0.4651394978433787,5,2
AST-005038,2,1,7.324298945237212,0.13501442701387278,79.915744732189,1,0
AST-005039,1,0,3.2450486361783426,0.11579481350688874,18.470228158822636,4,1
AST-005040,2,1,7.858477490200601,0.0063036358423765,0.9417921301554101,2,0
AST-005041,4,1,8.177685895136085,0.12432652246269242,93.54651462774986,15,1
AST-005042,3,2,9.53820356896765,0.23169246056965564,29.624859700764425,9,4
AST-005043,4,2,7.947106675545347,0.16931746226154903,147.5473910711001,15,2
AST-005044,2,0,4.569380804707401,0.13635539305324246,37.09990668497403,2,0
AST-005045,1,0,5.091258426602613,0.02712295421957311,70.44334190517742,2,0
AST-005046,1,1,7.184002045633275,0.06345717924552631,40.450762119808026,2,0
AST-005047,4,0,6.827633132152937,0.34150944697443986,77.17112436355379,15,3
AST-005048,3,0,4.558928889781953,0.06128517387658832,64.52132115560246,26,4
AST-005049,2,0,5.634616400428051,0.08007271947545846,9.442390088514038,1,0
AST-005050,2,0,5.300422549385553,0.00799570933703933,8.272117157249948,0,2
AST-005051,0,0,0.0,0.0,22.463296205938832,2,0
AST-005052,4,1,8.533085809161754,0.12022513508677307,0.4064287426844625,13,2
AST-005053,0,0,0.0,0.0,43.20609429020814,3,0
AST-005054,3,0,5.358873201534537,0.03389266786862245,10.993990758750988,0,0
AST-005055,2,0,6.204186792133591,0.10170635995789597,94.38894745379855,0,0
AST-005056,1,0,6.051341152614644,0.11745501403059071,51.96437549421128,5,0
AST-005057,9,5,9.037742615492952,0.0881820651967087,6.641803050934274,13,5
AST-005058,8,4,7.927889275289641,0.10417003377506939,2.7521044174964704,14,0
AST-005059,8,3,7.984966354064711,0.10209990156476058,102.95557964786403,11,7
AST-005060,7,0,5.723577614955548,0.3776885394777175,146.1759554308592,15,2
AST-005061,2,1,7.811803724836676,0.147773457511988,18.628735566303707,2,0
AST-005062,3,1,8.530573604980146,0.2643372580581145,13.576288566859473,0,1
AST-005063,3,2,8.79158258737004,5.491368136456017e-06,15.45802574703913,2,1
AST-005064,3,0,3.664098039503937,0.18334571343509393,4.445531420699377,25,4
AST-005065,1,0,4.730863358667943,0.1507150724592519,12.8960313555428,2,1
AST-005066,2,0,5.391746643769495,0.05712304312480813,57.032634400641776,3,2
AST-005067,3,1,8.098035591012367,0.005378418483145247,31.652345371128874,1,1
AST-005068,2,0,6.433258707719929,0.013790419341526697,32.437272743257374,2,0
AST-005069,6,0,4.049313350272079,0.3167183421706342,30.838554607063266,12,5
AST-005070,5,1,9.861305572018358,0.22757012355264328,12.491433770758116,13,4
AST-005071,2,1,10.0,0.0017593402079752445,16.5672048462005,0,1
AST-005072,3,1,9.587029690775749,0.09908121309227645,13.77684709715247,0,0
AST-005073,6,2,9.677857055833954,0.1367364445693422,91.85815238948653,18,2
AST-005074,3,1,7.896915696605593,0.3941103411368526,22.316767670888627,15,1
AST-005075,2,0,3.687413822437396,0.04255888068134176,1.070066097708295,2,0
AST-005076,2,2,8.71715819607838,0.19123386239233492,34.14645976998603,1,0
AST-005077,1,1,7.820349152798149,0.02684494422092593,85.36045407608937,3,1
AST-005078,3,1,8.262831793685512,0.0511572215647682,57.47431958342399,4,1
AST-005079,4,0,4.140583277572991,0.2619341929153112,3.765121556096661,21,3
AST-005080,0,0,0.0,0.0,5.621144441827629,4,1
AST-005081,5,1,9.346928527420726,0.09898964126575663,7.2578723663780025,3,0
AST-005082,1,0,4.367973203756874,0.015251939145881917,8.920140894101149,1,2
AST-005083,2,2,8.714021754162435,0.01100039940511815,34.090871518420734,2,0
AST-005084,4,1,7.81916872830734,0.03905170316261312,24.04547979442802,2,0
AST-005085,3,0,4.75611778571842,0.0150381534863922,49.66270238702377,2,0
AST-005086,0,0,0.0,0.0,8.052643363391168,3,0
AST-005087,1,0,3.9115588184990764,0.0670796859504182,40.99767197056001,3,1
AST-005088,0,0,0.0,0.0,12.639779905615152,3,0
AST-005089,2,1,7.281238222498136,0.006511487156220535,182.35750950194526,3,0
AST-005090,3,0,4.966150764066072,0.04451873412382743,36.05073416766618,2,1
AST-005091,3,0,4.937132494107025,0.0689706513021729,18.223080938528554,1,0
AST-005092,2,1,9.385759623330314,0.08919479542774593,44.7133308955393,1,1
AST-005093,2,0,3.5866385431325742,0.11690057809334921,8.754619499816432,0,0
AST-005094,4,2,8.490056322033883,0.10050990987918398,27.941556325940986,18,2
AST-005095,5,0,4.405668320117373,0.06362770722835846,107.77604288615004,18,1
AST-005096,2,0,6.692113081904961,0.05525711653003453,114.45042958405523,2,0
AST-005097,7,3,10.0,0.15933760309582157,7.224305397678763,7,5
AST-005098,2,0,6.096036367115341,0.09524982711522266,7.762452930633732,3,0
AST-005099,1,0,5.824765204111843,0.04849016118349417,214.31080465096426,2,0
AST-005100,4,0,4.741344035554627,0.126416422387016,45.21094419535094,0,0
AST-005101,2,0,4.859712342506172,0.0822719512832778,9.198235724541014,2,0
AST-005102,1,0,4.635456590207959,0.10233963453890041,3.719134411297558,3,1
AST-005103,1,0,5.327239230119638,0.037883502074476674,62.79584137799124,5,0
AST-005104,2,0,4.305689541528914,0.08376078566400877,106.46080036357134,13,4
AST-005105,4,1,7.406791209711124,0.03772964702558395,74.30384020505333,1,0
AST-005106,0,0,0.0,0.0,14.011016418823205,3,0
AST-005107,3,0,4.472715746690699,0.1667070070129709,122.06462051644414,3,0
AST-005108,1,0,3.763649317945303,0.10961298562346956,0.08885605836716165,0,0
AST-005109,7,1,10.0,0.16857050859356093,93.4772956489471,12,1
AST-005110,5,1,9.382773508561865,0.20770576284795791,161.94403196883388,12,5
AST-005111,2,0,5.527384419936362,0.031335538094441645,107.25133934526328,12,2
AST-005112,1,0,4.68927775018854,0.016724953389580917,5.34382653822003,1,1
AST-005113,1,0,4.95627332251226,0.06916514035721306,30.26669306583048,3,0
AST-005114,2,0,6.044355244356046,0.006432554533506518,20.065070775481363,1,1
AST-005115,1,0,5.7828815522088295,0.027894552378858583,54.397883593881076,0,1
AST-005116,1,0,6.194539796995879,0.02293439069517941,8.75131587261854,2,0
AST-005117,5,3,8.72379347130085,0.09924035771029897,124.27494062725161,17,1
AST-005118,2,0,6.285099531652258,0.032579713733917375,4.572501415971166,2,0
AST-005119,1,0,4.0966839447406755,0.03669656624744138,67.44214419727322,2,0
AST-005120,5,2,6.710301667583832,0.11924353089227213,128.29481190251917,5,3
AST-005121,5,0,4.571932754128089,0.12616269991694526,119.73615569742684,17,4
AST-005122,1,0,4.27534922878234,0.06026655376918891,35.194773929444494,3,0
AST-005123,4,2,8.429123298919079,0.027102954826307455,52.64043458594308,0,0
AST-005124,1,0,5.46843357732727,0.21248230877883612,28.913570355372553,1,1
AST-005125,1,1,7.506352428593528,0.028793009681250675,44.40702485484802,2,0
AST-005126,2,1,9.621390257177456,0.05567572214075098,22.60227434096905,2,1
AST-005127,1,1,8.310108709811761,0.11200743255822454,2.981258007623562,3,2
AST-005128,1,0,6.798395754568998,0.15881540714947576,36.51766554766662,5,0
AST-005129,4,0,4.5382200414438065,0.13001153471708177,35.001007495967656,2,0
AST-005130,8,0,6.323641097289094,0.2775382770594105,23.34321197443581,24,1
AST-005131,10,5,7.238000133056897,0.08823266541032528,16.393977325514996,10,3
AST-005132,0,0,0.0,0.0,7.602677957172527,1,0
AST-005133,4,1,8.639953111317757,0.11299477265834341,7.542588381377287,14,4
AST-005134,0,0,0.0,0.0,0.6267166209794486,4,0
AST-005135,1,0,4.608176076368461,0.11184891048035485,0.617547353137475,2,0
AST-005136,4,0,6.012129698139657,0.08478114043491365,36.78441856875194,1,0
AST-005137,3,0,4.821630624795441,0.07712026180322659,158.6514892638712,0,0
AST-005138,5,1,10.0,0.10126475197778424,28.842186753696474,2,0
AST-005139,2,0,4.144611814143851,0.33105249227448935,44.33574121567525,16,5
AST-005140,4,1,9.384032253606255,0.09239815174310066,64.18838634266329,2,0
AST-005141,4,2,8.55230807273609,0.09797236112372716,53.525907098107574,18,4
AST-005142,4,0,4.065438943728705,0.034760235572826925,113.0493899319341,3,0
AST-005143,1,0,5.486709392515095,0.1245333610252495,12.227064919476685,4,0
AST-005144,2,1,8.646142773149121,0.008077774637568156,4.8083209246481875,4,0
AST-005145,3,0,5.444440162492942,0.10467502210962798,3.3548136936669573,6,1
AST-005146,3,1,8.824225326350604,0.20417207575409724,97.36070200399419,1,1
AST-005147,2,0,5.804625303724244,0.19584151860469662,33.36134878357553,2,1
AST-005148,1,0,6.263360351700489,0.06928226861597798,9.024023122663348,0,1
AST-005149,2,0,3.8892430308425734,0.07389061781979477,56.09657348565816,0,1
AST-005150,1,0,4.1956861451650775,0.06629435081921863,56.572533228721596,2,0
AST-005151,1,0,4.224246117953413,0.003353450168237271,0.8451903912128943,2,1
AST-005152,5,1,7.539379837351513,0.14563781077084476,29.716564978525334,4,0
AST-005153,4,0,3.6588827214424393,0.0926817151457037,68.86251552143061,17,3
AST-005154,2,0,5.011612107063087,0.1349241381670035,51.524281354967975,15,4
AST-005155,1,1,7.948998281488247,0.06499398338626428,21.80815191780823,1,1
AST-005156,2,2,9.281145608824835,0.02469523421189346,43.857497294260824,0,0
AST-005157,1,0,6.272312812393497,0.17291418090390145,66.39752432285127,3,0
AST-005158,1,1,8.517755552001933,0.11927096694465637,45.836410628182996,14,3
AST-005159,5,2,9.481283222889973,0.12406245235423043,6.474405265336246,2,1
AST-005160,3,1,8.516868592248304,0.11570778663122631,4.458134165944652,0,1
AST-005161,3,0,6.106328725923162,0.32686774600715723,71.35921745496634,1,2
AST-005162,1,0,6.5565850701086745,0.0017901588085399202,16.9126541351444,1,0
AST-005163,3,1,7.728427381822344,0.28766018411274835,55.05146165160591,8,5
AST-005164,7,0,5.704207261680706,0.1171681654311442,54.07348983877344,14,3
AST-005165,3,0,5.340595916447679,0.12529519396307082,33.52236575746823,3,0
AST-005166,2,2,8.17160420960914,0.21693848488748574,64.36517459166998,17,5
AST-005167,1,1,7.225895145461479,0.07376195782123433,80.42611311229953,1,3
AST-005168,4,0,5.120044143540965,0.034614814039206576,3.912616375354119,18,5
AST-005169,3,0,5.000225647290137,0.06331506054188307,7.9777329270077395,21,1
AST-005170,2,1,7.9993675678639935,0.07523359412936795,2.6452388106584754,4,1
AST-005171,7,0,4.273870880120926,0.28462247354935993,71.38750224449943,20,1
AST-005172,3,0,7.382826721075171,0.0027993662271397104,25.870110054825442,5,1
AST-005173,0,0,0.0,0.0,93.43757905790272,1,1
AST-005174,1,0,5.72302045924221,0.028977044275159004,46.41507621953152,1,1
AST-005175,0,0,0.0,0.0,1.2086182895609074,0,1
AST-005176,5,1,9.296504220537862,0.22610889427070396,12.971570016317921,0,1
AST-005177,5,1,6.071183521298817,0.049176531055329105,23.14932638411661,2,0
AST-005178,5,0,6.659416369667072,0.15345511158546762,22.01599638476612,19,1
AST-005179,5,1,7.800006767967513,0.034053614269964394,5.055047504387808,1,0
AST-005180,0,0,0.0,0.0,105.18437575617192,1,0
AST-005181,1,0,6.638327240745232,0.026704063305440187,27.715705927638545,1,0
AST-005182,2,0,5.3569510548259585,0.0780897871060668,0.9562962404354396,1,0
AST-005183,2,1,8.572052345691846,0.058248764522764715,16.47714629842404,0,1
AST-005184,2,1,7.355581282552796,0.0693346470072924,26.17435907200631,1,0
AST-005185,7,1,7.870121863909426,0.06010951754327479,19.24014711724961,22,4
AST-005186,4,2,9.354996962332539,0.08974314031897669,2.7268736536572,1,1
AST-005187,1,0,5.256740046236418,0.016381876886398646,24.47961837066224,4,0
AST-005188,6,3,6.702633393308321,0.10682203817546158,99.54341642885782,19,4
AST-005189,3,0,6.050834643006304,0.11127738337424777,24.354544166910767,2,2
AST-005190,2,1,8.103481794666358,0.14938700072721378,19.843102549977043,0,0
AST-005191,3,0,6.141939031390864,0.25207678703166975,24.564262671693594,0,0
AST-005192,5,0,4.852355566048205,0.013073822399259798,50.076353666887144,18,6
AST-005193,6,2,8.631932100150362,0.25172803775298297,0.4068417809567085,13,3
AST-005194,7,2,9.464510345685868,0.26452292018974,23.32433931651186,15,5
AST-005195,1,1,8.168751566050478,0.08543405720384549,5.849003828479107,2,0
AST-005196,1,0,4.426677599520359,0.05184549128700259,55.01707389259503,3,1
AST-005197,4,1,7.24710310411465,0.006165172486829887,143.1129398528322,17,5
AST-005198,4,2,8.674810215709124,0.1505487788314202,15.489605870866308,3,0
AST-005199,2,0,4.6449913183907325,0.14522587021864394,3.679701095403655,2,0
AST-005200,3,0,5.561002198553183,0.19148876135039397,72.19089530308528,18,5
AST-005201,3,0,4.759017039248858,0.030282481219890918,27.43228474414226,2,1
AST-005202,4,3,8.967280920304326,0.009077044264606078,17.835700216164266,1,2
AST-005203,7,2,8.914530163130797,0.07919148664263286,5.522554337281354,18,3
AST-005204,3,2,7.883232923493296,0.002768190194040563,53.03890855496756,4,1
AST-005205,1,0,6.088264916165815,0.06763114289331426,2.225747121422491,3,0
AST-005206,2,1,7.8111511524846495,0.1834013714735519,44.61544737728622,8,2
AST-005207,5,1,6.872386683927914,0.07134690077217037,30.476592490147898,17,6
AST-005208,1,0,4.775066593280569,0.0503996171209274,41.22014739945599,2,0
AST-005209,3,1,6.815961954593089,0.1538112930105761,36.65601016479726,4,1
AST-005210,6,2,8.682911098194428,0.2021608659131932,1.5959543393980726,13,1
AST-005211,2,0,4.379048382045447,0.038723858366493204,38.43966876107121,3,0
AST-005212,3,0,6.0372965124746125,0.05642596039879016,172.29061981868517,1,0
AST-005213,2,1,8.725954396006108,0.007773449359770754,1.2669666426831296,0,0
AST-005214,5,0,3.3116792597444498,0.4568236085248535,59.848254000087934,14,4
AST-005215,2,0,5.104204551315146,0.24643618520264401,80.7786647597538,13,4
AST-005216,5,1,10.0,0.06879028331211721,13.362604247013879,4,0
AST-005217,5,0,6.061766588722281,0.18776817699734985,2.5783069314434726,14,3
AST-005218,7,1,9.664242308268696,0.1281185583193826,17.728903236827605,14,1
AST-005219,0,0,0.0,0.0,166.84052118362234,2,2
AST-005220,2,0,5.729666186266956,0.12446272974105285,26.20678313538634,0,1
AST-005221,5,1,8.049977263131595,0.05223205864788611,70.86873110334423,3,0
AST-005222,1,0,6.040209483978488,0.1793691197249559,8.75337652979088,23,4
AST-005223,2,0,5.776168332417338,0.16774427141167583,3.7253254012378902,0,1
AST-005224,2,1,8.084379359426329,0.21350424132548654,22.894328705898637,3,0
AST-005225,3,0,4.397370778171913,0.05129623193389341,39.393415679198505,4,2
AST-005226,1,0,5.1459149073366,0.025193568996548822,55.40240730270978,4,0
AST-005227,2,0,3.41670653310934,0.06014959017504048,79.82526641591603,15,2
AST-005228,4,1,7.890178721177913,0.03650223568288603,7.4076915707188355,0,0
AST-005229,3,0,5.257139987837321,0.18508935908731142,75.03896147180981,9,3
AST-005230,6,1,7.128857878704474,0.04564930696396416,64.23103283983124,3,0
AST-005231,0,0,0.0,0.0,2.3694005458848344,4,1
AST-005232,3,0,3.3866013240196873,0.08120790342178934,125.67920010744642,21,4
AST-005233,3,0,3.6439794565135224,0.09876589038988909,3.7109777253869236,1,1
AST-005234,2,1,6.432127445971023,0.20150698779402626,162.68063810202725,3,0
AST-005235,3,1,9.154610232190445,0.10200085215972773,34.28007031656122,14,2
AST-005236,0,0,0.0,0.0,20.965580391358095,3,0
AST-005237,2,1,10.0,0.1784543517267356,46.87073123188995,2,0
AST-005238,1,1,8.002060393075999,0.10181703244353218,16.334956362431196,2,2
AST-005239,0,0,0.0,0.0,17.642465773564705,2,1
AST-005240,4,0,4.849068430815107,0.16671665539173608,44.39033424233869,11,1
AST-005241,5,0,3.722601184212772,0.020288113376437697,62.112130110590435,14,1
AST-005242,0,0,0.0,0.0,14.262312273566046,0,1
AST-005243,6,1,8.566983325913672,0.24699898535055173,8.234079833489997,15,2
AST-005244,1,0,5.002045233254995,0.09986881836831085,8.624966546266503,15,0
AST-005245,1,0,4.5847552527205835,0.2186483920603044,62.07416963668253,1,0
AST-005246,1,0,4.949090511566952,0.13947801785392963,8.37058018478882,2,0
AST-005247,0,0,0.0,0.0,32.2915659518971,1,0
AST-005248,10,3,9.250263404969942,0.12521071983322804,32.06211630469366,10,1
AST-005249,4,0,4.821188065695009,0.25329030058206387,36.07757188540628,21,3
AST-005250,2,0,6.495207725879596,0.0390685260516613,29.45347292899499,0,0
AST-005251,8,1,8.927188772462285,0.17251705542115386,19.91399807024491,21,1
AST-005252,2,1,8.379187631417052,0.04667838760724481,18.91284667040489,2,0
AST-005253,1,0,5.142518626739271,0.017949166743927703,2.057232902397911,3,1
AST-005254,5,3,9.1054286642958,0.11820760199285586,49.86345059278279,20,4
AST-005255,2,0,5.795241331388954,0.16623248536279292,20.137428454462395,2,1
AST-005256,0,0,0.0,0.0,66.15276777745265,3,0
AST-005257,2,1,8.990288653352037,0.1499682089585094,56.25608195788391,1,1
AST-005258,1,0,4.844762456359753,0.10537457573362835,14.620307365522622,3,0
AST-005259,4,0,6.713153423149361,0.24943943326326842,45.980777535019456,5,0
AST-005260,3,0,5.114281599941183,0.2968199888903981,26.734076609154567,1,0
AST-005261,10,2,9.850948180950978,0.07742766746522152,52.96534645161249,14,2
AST-005262,5,1,9.292526534846592,0.16976521310007303,0.6705373364895941,13,4
AST-005263,0,0,0.0,0.0,37.5912758177881,2,1
AST-005264,4,0,6.115723711736606,0.15267913425053017,83.86893711538612,2,0
AST-005265,3,0,5.354258390987471,0.15193836602929314,81.15596828099257,21,5
AST-005266,3,1,7.101942585065814,0.01831403623363521,110.49283421614953,3,0
AST-005267,0,0,0.0,0.0,127.40470788329512,2,1
AST-005268,1,0,4.956059771907775,0.0018795498814262652,5.211383350359067,2,2
AST-005269,2,1,8.72260948088106,0.08444035269789953,7.9102604976231135,2,1
AST-005270,2,0,5.858297285856999,0.05657787230776324,22.40537165104417,1,0
AST-005271,2,0,4.311290118903038,0.052126641172527556,205.177917792052,1,1
AST-005272,2,1,6.588760548619484,0.014225541117842152,10.297705442502949,2,0
AST-005273,5,1,8.043513636962828,0.052246655016530634,30.05435550611101,20,3
AST-005274,2,0,5.499994983731985,0.4794387556651194,26.277661111148205,20,3
AST-005275,4,0,4.968553864733905,0.026695604423402484,3.918961697384406,3,1
AST-005276,4,1,7.559830144936198,0.034584694674110114,124.00132768767027,14,2
AST-005277,3,0,5.517434729792908,0.025158348005964178,76.6488299722535,1,1
AST-005278,4,1,8.81310525714204,0.26068030353382765,9.960551696442803,2,0
AST-005279,5,1,8.342818584714141,0.12479762771767365,17.86792386966208,12,3
AST-005280,6,2,10.0,0.22563192042529323,9.220241196026198,4,1
AST-005281,1,0,3.461959641982591,0.08208313599994829,30.27186679595172,1,0
AST-005282,2,1,7.629659417699436,0.07900948193042111,6.423296930834725,0,0
AST-005283,3,1,9.10741102055584,0.06314030803403219,30.902500967655033,16,7
AST-005284,1,0,5.018642292817798,0.07524977730788672,4.28813411697592,1,0
AST-005285,4,1,8.04608216831889,0.11104101589286387,9.233427167340267,10,2
AST-005286,7,0,4.079862117855918,0.14048958037799583,8.847049059417136,26,3
AST-005287,3,1,7.1409347405281824,0.36811304958228686,59.550145302626476,12,5
AST-005288,3,1,9.340553486383307,0.08105515311622478,72.69963915202351,3,1
AST-005289,2,1,8.38527955291839,0.46157353176349825,128.467384561295,2,0
AST-005290,4,2,9.290607893358883,0.03226281797788282,9.808046647768087,0,1
AST-005291,2,0,3.4257963464205505,0.18947955624695417,161.4944213491382,3,3
AST-005292,6,4,9.702207834882746,0.2340824593846289,8.919889362195647,11,5
AST-005293,2,0,5.610683258510272,0.02008938676959048,41.86648929369186,1,1
AST-005294,6,3,7.903710657049954,0.38623926167984557,17.727270221711592,15,1
AST-005295,5,0,5.567139596298821,0.17945650069016106,45.26773926665536,4,0
AST-005296,2,1,9.026717148290333,0.12915581220054506,51.97980772808791,12,2
AST-005297,3,0,5.8854811590339144,0.21803421091030178,27.61863089704082,1,0
AST-005298,1,0,4.575329753033877,0.3036149638509835,57.37336222507246,1,0
AST-005299,4,0,3.9214150419468954,0.285581416317701,0.7462069383856362,14,1
AST-005300,1,0,3.5943355729903192,0.028625711161590444,8.335992889754552,2,1
AST-005301,3,0,4.39515199897749,0.056537134359335744,143.80499808604273,2,0
AST-005302,2,0,3.250040124191483,0.028108996185275133,29.765353540381128,0,0
AST-005303,1,0,5.6440423151881385,0.023086464825805446,57.24187238511064,4,0
AST-005304,7,3,8.05218890749114,0.2367750099416758,20.263163613259408,13,2
AST-005305,6,1,7.417426612916794,0.15854726627316654,5.8982413997564285,15,2
AST-005306,2,1,9.38601597649204,0.07973361686561746,8.639599378211724,2,2
AST-005307,0,0,0.0,0.0,11.200276109437322,1,1
AST-005308,2,0,4.892927539476956,0.47009958985028505,48.59300277057433,3,0
AST-005309,8,2,10.0,0.4821998103474375,86.65187173772964,13,2
AST-005310,6,1,9.287530312081339,0.21127899993108085,38.31275389047455,11,7
AST-005311,4,4,8.547021771882445,0.15467007611116834,19.343920897260567,12,2
AST-005312,2,0,5.138794884394032,0.03901362346738573,28.250356851214708,3,1
AST-005313,2,1,6.850182164492957,0.08072982192289205,5.541889335987229,3,1
AST-005314,2,0,3.5891446681984682,0.02095930192163106,44.811089944396144,2,1
AST-005315,1,0,3.7774860715654093,0.187766362093534,37.726062489550095,6,0
AST-005316,6,0,3.151093008067339,0.1684084132063714,0.3154765151133596,21,4
AST-005317,1,0,4.484551394630637,0.005093722837552724,40.39212885363282,5,1
AST-005318,6,2,10.0,0.21095123014825662,42.8655546563249,17,4
AST-005319,2,0,4.4941795317362025,0.13499796310645176,78.64630027259604,3,0
AST-005320,7,2,8.78677861866883,0.17174371981684164,34.348748316996044,20,3
AST-005321,3,0,5.628444267171904,0.06674521747530841,78.70451549833393,4,1
AST-005322,3,1,8.21322059646081,0.08585088708143893,62.09546027745531,0,0
AST-005323,1,1,8.62277720919908,0.050819402937958974,1.7219906895219452,1,1
AST-005324,4,1,8.144361084888027,0.18571466513790458,17.09432099492475,16,4
AST-005325,1,0,4.309101911336989,0.05328013327476426,74.84285471252525,5,1
AST-005326,5,2,8.585064024442932,0.04425547555552339,13.792667046184565,18,1
AST-005327,2,2,8.097846421177174,0.03456336016411983,13.302023431162072,2,2
AST-005328,1,0,4.304224612026176,0.011816761450510898,125.30649811043969,2,0
AST-005329,7,2,8.238141621686513,0.1294901432772518,14.59289371465847,17,5
AST-005330,0,0,0.0,0.0,0.8228097393277567,1,1
AST-005331,3,1,9.696688256389852,0.12513601329571822,47.22241445894137,1,2
AST-005332,4,0,5.873623655124146,0.05818595651702865,138.3227293978012,2,0
AST-005333,1,0,5.8683261523926085,0.20692854093855761,16.206632130871196,13,3
AST-005334,3,1,8.197653623490453,0.06466475569669813,5.264632122059869,4,4
AST-005335,3,0,3.818966773218797,0.011380139024117749,9.274335445917576,2,0
AST-005336,1,0,5.882987540781872,0.03510630404921368,1.0107101506549772,4,1
AST-005337,3,0,3.276497774057437,0.04280491251044511,30.813231892493157,5,0
AST-005338,2,0,6.304928287091203,0.1170547767644481,7.7874522137287,3,1
AST-005339,3,0,6.962242170801183,0.01792587996612104,30.028030152880334,0,0
AST-005340,7,0,6.047825941938877,0.5451929364166318,21.682960524285125,13,3
AST-005341,3,0,5.009667024056979,0.08586658729346623,27.26479748230126,3,0
AST-005342,3,0,3.8013938105228067,0.03670571217110386,66.38022383041009,24,2
AST-005343,8,1,8.120255902273525,0.4881144795012917,14.912676950484883,11,3
AST-005344,10,2,8.101027045927461,0.05155234508084497,75.10480418850634,15,3
AST-005345,1,0,5.339922788478206,0.1088458768995645,10.272857278970342,3,0
AST-005346,1,0,5.201223747689405,0.036526572550885615,88.10162914000882,5,0
AST-005347,1,0,6.562773114444226,0.16003999567031274,138.15526678865814,13,5
AST-005348,1,0,4.64182320883719,0.16804002748122443,42.507789465716826,4,0
AST-005349,2,0,6.005653744916515,0.016446276154893615,6.264028478517125,1,0
AST-005350,2,0,5.202062419496178,0.46011429456700986,0.3679337192447101,16,3
AST-005351,0,0,0.0,0.0,59.24356237271298,4,0
AST-005352,2,1,8.723658057501835,0.11951855470402858,39.07232994092098,1,1
AST-005353,1,0,5.674333004768634,0.07468341163046456,7.212563031374933,0,0
AST-005354,5,0,3.3608638628356777,0.06329435316147894,6.592580965849509,12,3
AST-005355,1,1,7.337486582722994,0.042017211722773395,5.002495844230228,1,0
AST-005356,6,0,3.8103409127368493,0.17039789894761764,126.60090774576746,8,2
AST-005357,2,0,5.3861545838149745,0.002153652656278131,11.81433917772292,2,0
AST-005358,0,0,0.0,0.0,11.135705609483782,2,0
AST-005359,1,1,7.41466177823955,0.08210160005433538,38.87072732304734,2,0
AST-005360,1,0,5.521482449689226,0.050533990861152074,53.26145809593064,2,1
AST-005361,0,0,0.0,0.0,56.268214878221656,4,1
AST-005362,2,1,8.512892216463221,0.1743981678382527,0.8023825273002337,1,0
AST-005363,5,1,9.097517269114334,0.1826089419888728,138.39546747687882,12,3
AST-005364,2,0,4.420855226010175,0.16321520065699466,29.39340916898865,1,2
AST-005365,5,2,9.117681158261819,0.12485490468031556,61.04981930817235,3,0
AST-005366,2,0,7.031149009346826,0.005231045411706128,54.48032943754996,1,0
AST-005367,0,0,0.0,0.0,29.98316541016837,18,5
AST-005368,0,0,0.0,0.0,3.6677781879448594,3,0
AST-005369,2,1,9.275582190786375,0.04009620285274611,49.48448369077694,2,1
AST-005370,5,0,4.4964518492666645,0.2377954732760477,1.887101794957087,16,2
AST-005371,4,1,9.294748999713784,0.009327935170416643,2.046348503085827,3,0
AST-005372,3,1,8.05989159876875,0.10459952684277452,53.083256280206456,5,2
AST-005373,1,0,6.169898565762642,0.20789181005089633,18.931560973090633,3,1
AST-005374,6,1,9.952608602793461,0.08099096721469089,11.155718463149666,15,2
AST-005375,5,1,8.45543810339529,0.11627796209592188,32.014695798797185,0,0
AST-005376,2,2,7.6710139236096335,0.06911055083597893,40.03481088576027,1,0
AST-005377,4,2,9.151127887360389,0.11737948013311138,0.8582121366298406,13,4
AST-005378,3,0,4.806960522802845,0.026897514856826874,240.53915563128933,3,0
AST-005379,9,2,8.524123908509454,0.17412677967056212,24.467819951767193,13,3
AST-005380,1,0,4.885833753319563,0.020597457477044036,11.463343146078069,1,0
AST-005381,3,0,6.2960080008187544,0.0806056433868784,3.92504083852225,3,1
AST-005382,0,0,0.0,0.0,10.545741305990138,1,0
AST-005383,1,1,8.36566728302299,0.12903227788175836,13.599776971474904,3,3
AST-005384,2,0,6.252808457382512,0.22111994645668326,159.65700611607588,1,0
AST-005385,0,0,0.0,0.0,10.556585929683608,5,0
AST-005386,1,0,4.513628135148736,0.03159486733636772,184.49652931085294,4,0
AST-005387,9,2,9.306305752128559,0.25989077940631583,16.3417642004379,18,1
AST-005388,1,0,5.559021568113104,0.3335899461083159,39.237483160019515,3,0
AST-005389,6,1,7.103100869343496,0.00913292027000826,133.65558131775742,13,2
AST-005390,3,2,7.106467608864721,0.09952053197264107,4.7289714318853635,13,3
AST-005391,5,2,8.975218686732344,0.2197448901569776,12.363468271413657,14,4
AST-005392,6,0,3.9972950459939076,0.07808320033327662,17.17009739484311,13,3
AST-005393,4,1,8.864617673708318,0.06009772698355488,109.90819987716087,2,1
AST-005394,6,1,7.819016200446401,0.15007780864139378,143.709263166888,17,5
AST-005395,7,1,9.748443201661784,0.17527631740627006,16.50628728301801,19,4
AST-005396,4,0,5.394399803873664,0.04895815835067741,71.6994119980349,25,7
AST-005397,1,0,3.6842853341100055,0.06273466610942846,34.33124979885792,3,1
AST-005398,2,0,5.442891922506447,0.1464121851259278,5.163143140202336,17,4
AST-005399,0,0,0.0,0.0,98.15284309726073,14,3
AST-005400,5,2,8.66716562664401,0.22873707256322245,19.495557224480592,10,3
AST-005401,4,0,4.465516526089134,0.11291411369675326,10.341031869744858,3,1
AST-005402,2,1,8.975297849031902,0.14276197101561727,97.96051930007647,3,1
AST-005403,6,1,9.214648138819769,0.10498059714935855,141.3507259724683,10,2
AST-005404,1,0,5.536906390526899,0.04950529981084989,70.24008585870371,3,0
AST-005405,0,0,0.0,0.0,79.20464503066036,2,0
AST-005406,3,1,9.432772741445149,0.11218012263579058,8.459152147065783,13,1
AST-005407,3,2,7.249817270224312,0.01869989540914509,24.389946195521368,2,0
AST-005408,2,0,3.729892672194889,0.2314558114062057,3.681732518820887,1,1
AST-005409,3,2,8.217258817786933,0.26025846207853404,41.995171904492096,2,0
AST-005410,1,0,6.731054271041762,0.3326458873029892,31.941611763685046,2,0
AST-005411,1,0,6.6794799143188115,0.20263804323461096,30.678825782525507,0,0
AST-005412,7,3,9.908220676119381,0.011927807934271834,15.915288841103838,4,0
AST-005413,4,0,5.0486475600406155,0.060477681498735454,28.057708485293492,2,1
AST-005414,0,0,0.0,0.0,11.498713457835843,1,0
AST-005415,5,0,5.492753126757681,0.09696331951174869,7.061915053083703,9,1
AST-005416,3,1,7.901291847732337,0.11572319603043837,78.95398630227156,1,1
AST-005417,3,0,5.754416374778757,0.06294369040374694,16.8668685038516,1,0
AST-005418,6,3,8.945317016467873,0.11365374860693307,35.82120197414751,1,0
AST-005419,4,0,7.066775299689472,0.03639667137866296,37.97270608250734,18,7
AST-005420,6,3,10.0,0.09665872061923257,16.517417645558325,15,6
AST-005421,1,0,4.293584889000856,0.027146233700549968,53.395885513410306,5,0
AST-005422,2,1,8.632240363244579,0.03158921153421715,12.366943977071758,3,2
AST-005423,5,1,8.268385652195583,0.12663891295666022,58.27887087046879,3,1
AST-005424,5,0,4.548428281627227,0.06875499451966978,10.274677424737428,12,3
AST-005425,1,0,5.038975075824118,0.07625679190093732,33.69485629359855,3,1
AST-005426,4,1,6.717786051123039,0.00035124508646278894,41.01679107647625,4,0
AST-005427,6,1,7.893944007815186,0.16040646006652148,8.556537503174217,18,5
AST-005428,2,1,9.627620727884338,0.31767404214592554,3.3454899535156315,23,5
AST-005429,2,0,1.8566280725303819,0.20381496949031958,1.6976934956374485,2,1
AST-005430,10,0,3.4119019129254804,0.0013286074397276337,8.059774686832748,14,2
AST-005431,1,0,6.155075574117852,0.049247791959132425,1.779070892035024,2,1
AST-005432,3,0,6.332099614061353,0.16384099232848984,32.01099407945406,21,2
AST-005433,0,0,0.0,0.0,140.150811431889,2,1
AST-005434,0,0,0.0,0.0,5.1309521946147285,1,0
AST-005435,3,1,9.494209689589749,0.08952004265019853,18.72782202197213,2,1
AST-005436,1,0,5.21184176990538,0.12123550385280389,28.670601489604778,1,0
AST-005437,3,1,8.28327741604202,0.03129673397606092,5.171192470373276,1,0
AST-005438,0,0,0.0,0.0,45.66386151429874,0,0
AST-005439,1,0,4.804317661454258,0.00029824652087742404,5.436895602256312,5,0
AST-005440,4,1,8.709223558088384,0.026043803917782892,12.823078231355822,4,1
AST-005441,3,0,5.981961744405959,0.19320216427768133,8.880048844869888,13,2
AST-005442,2,0,4.423840013804121,0.11244280816496917,8.590405588074677,1,1
AST-005443,0,0,0.0,0.0,8.95554098601711,2,0
AST-005444,2,1,9.933743308021366,0.0114819979356534,12.05848171704782,2,0
AST-005445,1,0,3.9463438219523317,0.10185489593472195,13.539656990592794,3,1
AST-005446,0,0,0.0,0.0,95.25022819381175,2,1
AST-005447,3,1,8.656941466719429,0.15977791193480465,36.50072111070098,3,1
AST-005448,6,1,9.063961199965338,0.06998787574683392,31.90794165464568,2,0
AST-005449,2,0,5.177665242665774,0.0015898506620090898,50.1679008312916,2,0
AST-005450,2,1,7.829202123174278,0.3546657715536483,0.09774307235611533,15,2
AST-005451,2,0,3.1434027644037577,0.0860657128414733,42.55557454660877,2,0
AST-005452,4,1,7.115038008878306,0.009907515571007507,0.3786060974477551,2,1
AST-005453,4,0,4.579669306567991,0.13115306244767477,36.41067329136614,2,0
AST-005454,6,2,9.35359465105122,0.024559680279972185,55.51295810946588,13,3
AST-005455,1,0,5.397033334683325,0.07392575316584049,0.3542677476776724,3,0
AST-005456,4,0,6.092768481295162,0.004022621625071908,3.7020824029570223,18,6
AST-005457,2,0,5.548675394546994,0.02880132809644067,9.844551930657733,3,1
AST-005458,6,1,8.483131050787549,0.022106949597862795,70.5836257119822,4,2
AST-005459,5,1,9.687231839122397,0.10633963659672649,77.90036668309239,9,2
AST-005460,5,2,8.79544084461135,0.006158959935977735,57.58214533832761,14,4
AST-005461,0,0,0.0,0.0,6.38321557238229,1,0
AST-005462,1,0,5.213129580218439,0.08744972125496751,43.48103983858756,1,0
AST-005463,1,1,7.629967165346471,0.0966279806535324,3.509471052102848,2,0
AST-005464,8,1,8.96573711549416,0.47361307497570626,3.6100408701779605,14,2
AST-005465,2,0,4.9616446323035825,0.122904523724014,32.34249166423455,0,2
AST-005466,2,0,3.986370409565208,0.1105361941506101,107.61385447040273,2,0
AST-005467,3,1,10.0,0.07636654480125127,11.319203816964226,1,0
AST-005468,3,0,5.011950085900468,0.3344128124083628,41.76718256627385,4,1
AST-005469,5,1,8.333995059674553,0.11919318972187345,42.43962008824851,2,2
AST-005470,1,0,4.248608258764708,0.005616224831884498,100.73675217591092,0,0
AST-005471,0,0,0.0,0.0,34.719107859547854,4,0
AST-005472,2,1,8.59061540765517,0.2379502841273289,9.017688027430443,1,0
AST-005473,2,0,6.253718048131999,0.04347759456910328,1.539438246894599,2,1
AST-005474,1,0,5.820052533419346,0.00963224360657545,33.41721080912396,1,1
AST-005475,2,1,7.870855881811532,0.25441193585017413,23.011413982039045,2,0
AST-005476,0,0,0.0,0.0,3.762617711460195,3,0
AST-005477,5,1,10.0,0.1630623480936277,137.24394335673722,1,0
AST-005478,5,0,4.56690048456026,0.012907363930126698,39.90097086087352,1,2
AST-005479,4,0,5.1271859944207545,0.15514342441957263,50.61142860669494,11,2
AST-005480,1,0,5.874880390103999,0.01001223227993776,46.8243184113961,0,1
AST-005481,1,0,4.65565434002502,0.1562155681750904,16.465692356138764,1,0
AST-005482,3,0,3.380357622100686,0.2044468179783797,0.7497287961316421,4,0
AST-005483,1,1,10.0,0.050067421937161856,13.964751572723198,5,0
AST-005484,2,0,4.832782278120096,0.016627445265890103,9.470781172048657,1,0
AST-005485,1,0,6.002708607873323,0.09177172413040573,120.98487399660462,2,1
AST-005486,1,0,4.562527107236509,0.23594932558845866,29.578720014244503,4,0
AST-005487,0,0,0.0,0.0,1.3549506419543418,0,1
AST-005488,0,0,0.0,0.0,9.788222910691983,2,0
AST-005489,2,1,8.286542495639331,0.09677336831126791,66.89166752348116,22,3
AST-005490,5,0,5.132706208954014,0.05939099690278275,23.625124325834893,8,4
AST-005491,7,2,8.363420087579753,0.23913123504925193,32.77011339673878,10,0
AST-005492,2,0,5.173481110182803,0.25776552971456634,61.7180492682073,2,0
AST-005493,8,1,7.845588240298193,0.23555460429701006,45.80990164501048,11,0
AST-005494,3,1,8.232030086407773,0.13912038969244211,21.662687403214083,7,2
AST-005495,10,3,6.423376138570972,0.4500169231156959,28.94534389652826,23,2
AST-005496,2,0,4.6290235613824695,0.038819763990395745,43.938592938673395,1,0
AST-005497,8,3,7.917805968981236,0.10671097826060129,52.99886803087501,18,4
AST-005498,2,0,4.488878348035592,0.1499821336513452,8.565420797761202,1,0
AST-005499,1,0,5.757925502353942,0.19411378540142674,6.142091101052289,1,1
AST-005500,1,0,4.822226621525384,0.09336662512222436,14.1215878397429,2,0
AST-005501,8,2,9.859949403153124,0.4870558836766928,30.05531246373451,19,4
AST-005502,5,1,8.010682352523007,0.3849615822500925,2.583976766793491,19,3
AST-005503,0,0,0.0,0.0,18.915518564519964,3,0
AST-005504,0,0,0.0,0.0,7.648961878506474,4,0
AST-005505,2,0,3.9545236609047727,0.3590031969771192,13.081807564225121,1,0
AST-005506,3,0,4.9116408623070615,0.1833474478768982,12.799936239142314,1,1
AST-005507,6,0,3.4134211919390984,0.025507562407341592,34.85941076938373,2,0
AST-005508,6,2,7.814378943230038,0.0240564566627714,9.877356500939046,1,0
AST-005509,6,0,6.409649929364332,0.1568430036082296,9.634679243518475,13,5
AST-005510,1,0,5.6754091426360285,0.003558443807254678,91.73307007629732,1,1
AST-005511,2,0,4.428565163872368,0.1484996170244868,36.700745666612804,4,0
AST-005512,5,1,8.872745080892232,0.23664780285045556,29.22998249953608,13,4
AST-005513,4,1,8.860116731521464,0.35803430577856676,62.05235106736363,17,3
AST-005514,6,2,9.387035151680937,0.1213314557012773,7.759206737938741,24,2
AST-005515,1,0,3.476897727672144,0.12481070612260055,16.029304863937984,1,0
AST-005516,6,1,5.170194552756678,0.10407415482511911,27.616121917327828,10,5
AST-005517,1,0,4.910943940215134,0.006075143037508029,75.69599089240799,1,0
AST-005518,3,0,4.474510438336409,0.1200181033956084,7.632942855698647,22,2
AST-005519,6,0,5.206128355341404,0.07609165669661824,30.514084027945835,24,5
AST-005520,6,2,9.652861720080962,0.18893491553932928,20.895862119873456,12,5
AST-005521,2,0,5.399008305263741,0.1278954189730837,195.51130616142402,2,0
AST-005522,1,1,9.482181880773693,0.09369027445409646,8.160872131904956,2,0
AST-005523,7,2,8.522785554125651,0.42416089962644343,23.291141666853036,13,3
AST-005524,4,2,8.531633875645218,0.06138089067590247,38.44728611921061,17,3
AST-005525,2,0,5.944500553535851,0.16571798034219776,21.93507148147726,2,0
AST-005526,10,1,9.369075518100377,0.15730997032658506,14.139552011203035,17,1
AST-005527,3,2,9.647558266029668,0.056699008443569406,31.349645348947718,1,1
AST-005528,3,2,8.71719031073901,0.057523396762526234,15.706271902600406,2,0
AST-005529,1,0,4.258806755448164,0.0470003039213226,117.3286963210159,3,0
AST-005530,0,0,0.0,0.0,24.477767986686754,0,0
AST-005531,3,0,5.841522448417693,0.0040130185872287285,17.999957864237658,2,0
AST-005532,6,2,9.381281591083294,0.14230666777040435,25.009397462568494,17,3
AST-005533,4,0,4.603754520642095,0.07751997013379185,25.167121817507187,0,1
AST-005534,2,1,7.9220768113212925,0.18090384734985726,45.93098596735448,0,0
AST-005535,10,1,9.03292741206588,0.1094583711499871,20.005833011146215,16,3
AST-005536,8,1,7.028933698630702,0.08792058215499193,28.32600406590478,13,1
AST-005537,4,1,7.490194634733919,0.07092396000674611,32.54092003915138,3,0
AST-005538,2,0,5.154169229657355,0.03253809457128225,27.166033221281683,2,0
AST-005539,3,1,8.090831260498948,0.025891569490101997,11.867657622946462,2,0
AST-005540,4,1,8.447439362585783,0.09168817289579197,1.4986480120088923,15,3
AST-005541,1,0,4.270138221369476,0.12991044570773622,25.205648957153105,3,1
AST-005542,1,0,4.989712939947734,0.08588899634177874,70.41955121460789,0,0
AST-005543,8,1,8.637234924161758,0.25487650540529666,18.875431252687726,13,2
AST-005544,4,0,5.4905265362199245,0.05138465047200247,29.8862379964931,2,1
AST-005545,3,1,8.038470345496323,0.029376297445930084,18.12103464986585,0,0
AST-005546,7,1,9.923233263287734,0.2879041632331677,48.05553140313118,12,2
AST-005547,2,1,7.764749893229917,0.25093997573250393,15.775741328137585,1,0
AST-005548,2,1,8.137181518951625,0.011881557207572736,2.3889564307029083,3,0
AST-005549,4,0,7.238188401564578,0.31631800632453827,18.723598668086257,12,5
AST-005550,7,2,6.715392733010006,0.2620974486995503,126.84333162039461,20,1
AST-005551,2,2,9.203507082323105,0.12982623486167608,5.692103073316681,1,1
AST-005552,1,0,5.050556413690393,0.2506867313932121,34.96051838620302,4,1
AST-005553,3,0,4.659787301877683,0.18858159674040617,47.559102909261654,12,1
AST-005554,1,0,6.897256439682867,0.009801037192602995,18.064180920454824,0,0
AST-005555,4,2,7.561308409931356,0.00941225649378459,87.38596822470983,1,0
AST-005556,3,1,9.809777879394426,0.04560995934027931,52.66117589464276,2,0
AST-005557,4,0,5.27273384622957,0.1519486988632768,8.525437081572187,2,0
AST-005558,2,0,5.213709978036514,0.13456590189630313,3.1923386859758196,13,1
AST-005559,0,0,0.0,0.0,31.52113705940021,1,1
AST-005560,6,1,7.9839703714917665,0.22233818581939296,18.46587284607714,17,5
AST-005561,5,0,3.803561187079617,0.07262935148834464,87.75739684323455,10,2
AST-005562,2,0,5.816086783302179,0.08070982731086694,32.10686606804969,15,1
AST-005563,4,0,6.473238741856417,0.17610281475612383,4.315486537794056,18,2
AST-005564,4,1,8.305314973203648,0.07166351163925484,27.056484449799896,11,2
AST-005565,3,0,5.319341692683779,0.4041411722650236,33.44140422853901,3,0
AST-005566,2,2,9.569758151882603,0.039024247721713354,28.95189399981477,1,0
AST-005567,3,0,4.284035683407902,0.2124623727916406,60.927475814833315,18,3
AST-005568,1,1,8.42013674606494,0.051739909226614186,71.95607221215089,1,1
AST-005569,4,0,5.8952523127904595,0.03579962521731106,1.1747119882002592,2,0
AST-005570,2,2,9.507138786260402,0.06805599515976712,28.858510179379643,2,0
AST-005571,0,0,0.0,0.0,8.437397882491657,2,0
AST-005572,3,1,7.596575962174564,0.11738381065028243,39.7783946845332,8,2
AST-005573,2,1,9.22707076677107,0.18564803709026254,16.680215779059843,14,3
AST-005574,0,0,0.0,0.0,32.78230063489854,3,1
AST-005575,3,3,10.0,0.10873832521770278,6.25393545120488,17,3
AST-005576,2,0,3.4338871436047267,0.02639726744480799,7.534350582693293,1,1
AST-005577,5,1,8.952954037157568,0.034452730781940645,30.60085489567967,17,5
AST-005578,4,0,4.622873162269738,0.24252610819802506,17.794323089795764,1,1
AST-005579,2,0,5.177728449489954,0.1520982307946441,98.24907245584751,17,1
AST-005580,2,0,3.571697167847187,0.052009000518013625,106.2591154101805,2,1
AST-005581,2,0,4.040005638795061,0.01658011576035784,5.296895114260555,5,0
AST-005582,4,1,9.067600094738074,0.07228723448462845,11.24182626338172,21,1
AST-005583,0,0,0.0,0.0,0.5676245926889566,1,1
AST-005584,4,1,9.435143744711263,0.21003815878214702,13.24825636375053,12,7
AST-005585,1,1,8.53294368804739,0.32261591782483906,52.55954027891037,3,2
AST-005586,2,0,1.9431461019024217,0.26253791106994934,19.126099203585483,3,3
AST-005587,1,0,5.820940166883541,0.32498397022166764,18.783440215591515,1,0
AST-005588,2,0,5.783660701951508,0.08932840792549182,1.5307738133136741,2,0
AST-005589,2,0,6.8355058601403655,0.07216510441434767,12.40010551700706,1,0
AST-005590,10,0,4.9619827423961205,0.15648209831884907,29.364076735472505,11,1
AST-005591,2,0,3.2109897616176806,0.1745605348462692,2.139041074122692,1,0
AST-005592,3,1,7.78251644485214,0.06491835183758952,28.856248903920317,14,6
AST-005593,1,0,5.938809781583932,0.02857217591093189,1.4752203813141347,3,1
AST-005594,2,0,5.167545283364872,0.11085910194301843,30.546035630512264,3,0
AST-005595,0,0,0.0,0.0,49.949265271946146,1,1
AST-005596,0,0,0.0,0.0,0.02505724137175457,0,1
AST-005597,9,1,7.411563391323924,0.11660639848337563,19.749909715097385,16,4
AST-005598,1,0,4.249157526778117,0.04345350057347171,8.331670206505464,1,0
AST-005599,5,2,7.498162253269866,0.08092974915300112,139.74939775150378,1,1
AST-005600,1,0,5.362287148109051,0.20390483214726704,22.561201701276925,1,0
AST-005601,0,0,0.0,0.0,27.135013968149508,2,0
AST-005602,7,1,8.157571424208522,0.05627163245419891,46.83872472176834,0,1
AST-005603,2,1,8.814848576184879,0.1808598309828168,79.11793511610466,1,0
AST-005604,0,0,0.0,0.0,6.975497184196977,2,0
AST-005605,5,1,8.636699454384752,0.2808024753619499,20.731290219382796,10,2
AST-005606,3,0,4.087673221271461,0.012390203077799202,15.599095679730855,20,2
AST-005607,5,1,6.926169368178648,0.04025428695046854,4.180654289381507,2,0
AST-005608,3,2,9.263632579765288,0.06717292794700762,27.37248795242905,1,0
AST-005609,10,3,9.306075213814932,0.022893012274995676,7.128395402708057,12,3
AST-005610,7,1,8.136401625273308,0.13745659364113877,18.458811306209117,18,1
AST-005611,8,4,7.816593085023014,0.33586283580934295,15.439149165396625,13,3
AST-005612,4,1,7.742640018142603,0.43962692824865124,3.8391020813622347,20,4
AST-005613,1,0,5.553075752686239,0.08048167338388133,52.134946123830176,2,0
AST-005614,8,1,8.365529635961249,0.15369805406016854,21.324731175931944,16,5
AST-005615,7,2,8.778615790211514,0.16481609139439937,92.22668534014541,16,1
AST-005616,4,2,8.94731141863389,0.026746622116164537,3.93409192904203,6,1
AST-005617,3,1,8.606510523380178,0.03236920315695398,7.765398770322407,2,2
AST-005618,4,0,6.446655634019367,0.08108863065151073,24.82799377717861,0,1
AST-005619,1,0,6.30509010358047,0.15376797127517494,210.1700928590567,2,1
AST-005620,1,0,5.170560242827132,0.1636270058190183,91.75847707356634,1,1
AST-005621,2,0,6.293817434152388,0.02730481472716523,11.806651941566994,0,1
AST-005622,4,1,8.787593472842252,0.12101374373470127,27.536929622931304,6,0
AST-005623,1,0,6.806569270101095,0.1198392106948913,128.73814606425898,3,0
AST-005624,0,0,0.0,0.0,46.62276758442767,1,0
AST-005625,3,1,6.45409055230671,0.046634509791432285,41.98527993090417,20,4
AST-005626,6,2,9.33875565345302,0.2999541933988389,33.36725255215454,2,0
AST-005627,5,0,5.315581292962645,0.1578083595199883,2.669003067269332,14,3
AST-005628,7,1,8.663357480374298,0.20438638794144046,10.193756955413589,17,4
AST-005629,8,1,7.271027673217198,0.06996825622945207,8.849780707528648,21,5
AST-005630,5,1,8.760667906147525,0.07266151434562933,105.20344337954047,12,2
AST-005631,6,2,10.0,0.1887475390855237,77.00597888612478,1,0
AST-005632,2,0,5.140331550440468,0.010193837387933743,24.778843563019944,2,1
AST-005633,3,0,4.743681858993094,0.021722763074735477,143.1198380501254,2,1
AST-005634,9,0,3.629466240053043,0.40014745637652455,166.62783089082583,11,3
AST-005635,0,0,0.0,0.0,2.7001479990079624,1,0
AST-005636,2,1,8.73188014090199,0.07264791019998597,2.353368191521667,4,1
AST-005637,3,0,5.659914164171249,0.08185932781693875,6.203046256418421,10,0
AST-005638,5,1,7.619352190974521,0.23520140301051773,11.16629080689472,10,4
AST-005639,6,1,7.895616803835678,0.2057022857835967,48.533855654790415,17,0
AST-005640,1,1,8.222104280967027,0.013963005630914878,52.189148858041186,2,0
AST-005641,3,1,7.701425055313191,0.1938791615888962,4.201424667739583,2,0
AST-005642,1,0,5.671744269184358,0.4349996334506934,23.12736353951273,2,2
AST-005643,2,0,5.255236191932297,0.15559495025489445,109.59685313539059,2,0
AST-005644,2,1,7.68389048352297,0.05211496487405859,40.930780494609046,15,2
AST-005645,2,0,4.950447301793249,0.1870034990317246,6.669739987521569,1,0
AST-005646,2,0,5.884978837197951,0.04357715723766964,5.708541341206245,0,0
AST-005647,4,1,8.921659829975896,0.30601870787667484,2.8114304324988075,13,1
AST-005648,1,0,3.5766492840223334,0.26490888978608296,1.4656316171612414,1,0
AST-005649,10,1,9.063316364025571,0.15870632063034792,28.14625910990576,12,2
AST-005650,7,2,8.674272053429252,0.0671898214301505,3.6879693395699142,14,6
AST-005651,2,0,4.929684255252188,0.10530080777376624,124.25033619347647,13,1
AST-005652,1,0,5.20955596705918,0.00033130836277318367,23.089230416780296,3,0
AST-005653,6,2,9.143918183807891,0.052489915816295654,15.667333841488587,1,0
AST-005654,4,2,8.920715321597257,0.049508308851253346,43.26007973283841,15,4
AST-005655,4,2,9.489166998308903,0.23109014644949383,53.86878343117631,17,0
AST-005656,0,0,0.0,0.0,89.9534584065649,0,1
AST-005657,1,0,7.463369946258437,0.20161030204697208,70.02484081225522,4,0
AST-005658,1,0,5.545908163495718,0.27709930532152965,63.29463128531951,2,1
AST-005659,8,1,8.257495606314539,0.05120036735663477,9.551801903615095,18,2
AST-005660,4,0,4.179697270224905,0.10379205579779814,13.686487217056758,2,0
AST-005661,3,0,5.859788540664948,0.08547376974241525,9.817044509373593,3,0
AST-005662,1,1,8.286655396781486,0.030713405914813762,3.8981880083276668,3,0
AST-005663,3,1,8.778430403675385,0.14256201780611116,82.48099589912471,3,0
AST-005664,3,0,4.926503971382017,0.10491639330293588,6.778868453267349,11,2
AST-005665,1,1,8.36687823016042,0.1212549185152146,41.44452571882065,3,0
AST-005666,2,0,3.3269412756316443,0.06117813909739058,56.23722096605154,2,0
AST-005667,1,0,5.533165240462026,0.023201056249248075,28.711740075552438,2,0
AST-005668,1,0,5.208940121103384,0.04753545661209911,6.957057405151168,2,0
AST-005669,6,2,7.405762870206381,0.15231642258774125,17.701122052157313,3,0
AST-005670,6,0,6.042495517181797,0.011046825332560782,36.8333660349642,2,0
AST-005671,4,0,3.3502581695621636,0.07952437280491252,40.401205986973,3,2
AST-005672,4,0,5.446231286104258,0.0423199110465917,11.714303131154292,16,4
AST-005673,5,2,9.02009363792751,0.07854984392956119,62.18833718030259,3,0
AST-005674,3,0,5.07541281648896,0.25463290209285905,8.75777215703227,19,0
AST-005675,2,0,7.847701249815504,0.07369074989189091,2.181142341915847,1,1
AST-005676,1,1,10.0,0.050219803269432935,3.774610982904881,1,0
AST-005677,2,2,7.562157737658222,0.03179716461981371,14.928406349800863,3,0
AST-005678,1,0,4.25874359455473,0.005318331051063268,102.19752123637353,4,0
AST-005679,3,2,8.813764313723652,0.0276707113825558,57.85402039589456,6,0
AST-005680,4,1,7.740985439757891,0.04160801178946647,8.794103684881737,1,1
AST-005681,0,0,0.0,0.0,3.4830155491303794,0,0
AST-005682,2,1,10.0,0.22211096584006243,4.733265812413906,1,1
AST-005683,2,1,8.68096698102559,0.06534770504041269,80.45474799103737,1,0
AST-005684,1,0,5.556735171717795,0.2127247941736454,19.64769073229879,3,1
AST-005685,2,0,3.6804468648215978,0.10999223148779709,9.496056419570342,1,1
AST-005686,10,2,7.741062319616163,0.08255514599094224,21.910498979537536,14,1
AST-005687,2,1,6.487827801042277,0.022603835472923658,26.201448305530185,1,1
AST-005688,5,1,8.232624060509593,0.03499345730361957,196.41719737369743,20,7
AST-005689,2,1,9.773036382023216,0.07929486406725124,5.063879361515208,1,2
AST-005690,2,0,3.924976024903871,0.2651512449449365,10.326040783089077,15,4
AST-005691,2,2,9.067452750896786,0.04221958105003905,5.363250726180193,2,0
AST-005692,8,2,8.304682788171187,0.19617495163061863,76.19062244322593,15,2
AST-005693,2,0,5.215573943944556,0.005043145145416334,71.78008313186884,5,0
AST-005694,0,0,0.0,0.0,40.144244979241684,1,0
AST-005695,1,0,6.172468428253952,0.01437354971848351,4.021606194885859,4,1
AST-005696,2,1,8.301787837313528,0.042575332098534945,7.9350278248747825,0,0
AST-005697,5,1,8.127111229812291,0.30652185000293697,63.2219265332259,15,6
AST-005698,3,1,7.767288917087594,0.08928646586378004,11.71197852531655,2,0
AST-005699,1,0,6.878792907053926,0.15966091386323,7.829756026828879,2,0
AST-005700,6,1,9.263644286083267,0.10202708651088346,7.2886879496370165,1,1
AST-005701,2,0,6.006300258635153,0.04901686888494059,4.182404602806603,1,1
AST-005702,2,0,4.402749954005152,0.0005842934908348543,60.75668625903891,4,1
AST-005703,1,0,5.1958828084305315,0.022261347146911015,11.581772801336768,0,1
AST-005704,2,1,8.503660442619971,0.12850206791800406,25.841113012541804,4,0
AST-005705,1,0,3.772970669838113,0.025171076176620222,59.9739540332722,1,1
AST-005706,1,1,7.374209060590204,0.052286700350044686,108.06746546222992,1,1
AST-005707,3,0,3.669865951139538,0.030351630899299778,156.49482896820032,3,0
AST-005708,0,0,0.0,0.0,15.676199804197566,2,1
AST-005709,5,0,3.575349692770711,0.17389708330163292,11.132534536841666,2,1
AST-005710,0,0,0.0,0.0,78.54552632027992,1,3
AST-005711,3,0,6.613911381053058,0.03779422962672354,2.902324627227764,11,1
AST-005712,5,1,7.723738981225223,0.2103920334545099,52.41066746150409,20,4
AST-005713,6,1,7.201643731175157,0.15406683689073736,16.87906990518424,20,2
AST-005714,4,1,8.69137042949053,0.09612272857044099,6.220335575826697,3,0
AST-005715,4,1,8.660954635786643,0.1919069394686508,97.1810328603797,9,0
AST-005716,3,0,4.735333495121991,0.03495824715297164,12.781288756282263,3,0
AST-005717,2,0,5.760100742325484,0.044973328178604915,67.73227928077729,2,2
AST-005718,1,1,7.646862842886453,0.2934284413388922,58.40236319921176,2,0
AST-005719,6,2,8.606076176571653,0.17517800944133805,70.40776575876423,19,3
AST-005720,3,1,7.637067379015737,0.08355881212623772,3.6509280725561255,19,2
AST-005721,0,0,0.0,0.0,7.913610370498283,2,1
AST-005722,2,0,5.605295835036669,0.24433251108312784,106.57735599225255,4,1
AST-005723,1,0,5.097268071266492,0.019067021228557735,16.80093692763893,3,2
AST-005724,2,1,10.0,0.07065555012623312,1.841948501577293,18,5
AST-005725,10,2,7.041706554868075,0.14741681775385007,17.163939909544723,20,4
AST-005726,4,1,7.154165640904953,0.04904070319123984,44.335843017587415,1,1
AST-005727,2,1,9.75931554717141,0.2861357283182952,10.200486136191078,4,1
AST-005728,1,0,4.384545497303994,0.051444384965391,4.718765554488491,1,1
AST-005729,7,1,8.606496086418854,0.10932075996892303,16.30078001702147,11,3
AST-005730,7,1,8.814529991060398,0.12756401536835413,39.47264721273036,10,2
AST-005731,2,1,8.107944933826092,0.16639613716623608,4.398838600912701,5,0
AST-005732,2,1,8.210009069467475,0.023974648116586856,17.983423609551707,5,0
AST-005733,9,0,5.127096623763394,0.06033949249178694,42.89886451471044,21,2
AST-005734,3,0,4.18142126852635,0.011956885055297876,10.981043021910288,1,0
AST-005735,4,0,4.7860571847435995,0.27352738457353476,10.682446661856153,16,1
AST-005736,1,0,5.930299982163818,0.03147113813335119,34.885545409416764,2,0
AST-005737,3,0,4.816245298263807,0.07100975080868394,62.13009296565127,14,9
AST-005738,7,2,7.337392252338379,0.203965630360362,3.368257851639007,15,5
AST-005739,2,0,5.63293376477446,0.006888989762595772,58.886495500327165,3,0
AST-005740,8,1,9.166871962279208,0.09689519894510581,3.4505618860736553,17,1
AST-005741,0,0,0.0,0.0,69.14460024227215,2,2
AST-005742,9,3,6.043019877635961,0.07769787065606507,18.83316407989295,7,1
AST-005743,5,2,8.71386127716362,0.2751892111625041,36.619485250824965,20,3
AST-005744,4,1,10.0,0.10547911378210546,21.35835887550798,2,0
AST-005745,2,0,5.780645200245012,0.11607950351594586,15.917147275887846,1,1
AST-005746,2,0,4.268322588899841,0.06098451288014923,78.34746218284963,2,0
AST-005747,6,0,3.062572257493225,0.29283698933345376,48.24586178207679,15,5
AST-005748,6,1,7.726590871539061,0.08192533142271677,11.325195405631717,24,1
AST-005749,3,1,9.137993874206005,0.09384647000253322,34.00994870918446,1,0
AST-005750,6,0,4.631346675600042,0.16241446667369,3.0691800324562815,12,1
AST-005751,2,0,6.059391847777959,0.22673523562014497,37.96593837078933,1,0
AST-005752,1,0,3.940853465345253,0.22930280890896823,70.29560155211621,2,0
AST-005753,0,0,0.0,0.0,54.9357105852787,4,0
AST-005754,2,0,4.1770639934487805,0.105022084033828,38.4206145266502,1,1
AST-005755,2,0,5.63849332306456,0.09635524798151691,79.784041912791,1,1
AST-005756,3,0,4.881784128395936,0.06171241361574689,16.752772453650614,0,2
AST-005757,2,1,7.960643399556794,0.07377055805646941,6.465759697538643,2,0
AST-005758,5,2,9.295478414183952,0.10855667979923157,15.124288464712428,13,2
AST-005759,0,0,0.0,0.0,5.032207910832311,2,1
AST-005760,1,0,3.388776946242939,0.11549370474816383,32.368326306698094,0,0
AST-005761,2,1,9.532335339754791,0.03270459345558357,21.058599346143513,4,0
AST-005762,4,0,4.798866396726582,0.29015090109645786,3.5005976838584103,17,3
AST-005763,5,1,9.610763300268207,0.09697979027786895,8.313844405314834,11,5
AST-005764,4,1,8.64857962361942,0.2447433886178746,84.45489594549498,24,3
AST-005765,5,1,9.344105972259058,0.23399980577911275,12.781602339197255,24,1
AST-005766,2,0,3.883821438680418,0.0289081307136632,9.218579987478883,3,0
AST-005767,3,0,4.096995724069641,0.006667776037444808,6.988619977816528,1,0
AST-005768,6,1,8.30075293371718,0.025628923616799873,32.167001457191525,8,2
AST-005769,5,2,6.954690613472593,0.2331736355332794,114.27152225288678,13,2
AST-005770,1,0,3.8604508878608064,0.040520146197185504,37.88516343439186,3,1
AST-005771,5,1,9.555667517844215,0.15153852756247246,91.56930983263486,13,2
AST-005772,5,1,7.021487397811681,0.15124281149884355,6.212173046567085,20,2
AST-005773,1,0,4.076375539427381,0.22223995277420558,2.8936185749602648,11,4
AST-005774,4,0,4.7762404753876755,0.18618757595277388,9.762772616939191,11,0
AST-005775,4,0,5.0399527387231,0.01563548359383051,91.01617502496956,3,0
AST-005776,2,0,3.5216887570624253,0.15515734698648428,44.006793288408666,1,2
AST-005777,2,1,7.948897961860526,0.1512811457315346,24.72052730457556,1,0
AST-005778,6,1,8.520080369156013,0.057993258358132564,12.443740485413915,3,0
AST-005779,4,1,8.997317763452163,0.08383780911665861,43.29261441083909,8,4
AST-005780,2,0,3.971802711754437,0.13922760939588155,1.5615697841951148,2,0
AST-005781,3,2,7.145580176191022,0.05425661737743631,39.72900971132971,1,0
AST-005782,3,0,3.799857857454814,0.09075651820048751,26.575829083951394,0,1
AST-005783,6,1,8.374085855515856,0.14699341876018387,9.747395369716264,14,6
AST-005784,0,0,0.0,0.0,3.1626953519790977,4,0
AST-005785,1,0,4.887528223411471,0.059633536432760745,25.557907695193066,3,0
AST-005786,3,0,4.771736227011783,0.013873113949968784,150.48206909075978,2,0
AST-005787,1,0,4.6880118464955824,0.03612846461432727,6.639229929133818,1,0
AST-005788,4,1,8.248235554212638,0.2796664568422824,0.7360346864872707,13,3
AST-005789,6,2,8.862339313548093,0.20243622098811306,40.31507828296288,18,2
AST-005790,4,0,6.037571741136059,0.0022689474641176713,15.585380891515532,2,0
AST-005791,5,0,5.138068008279852,0.2311055201964797,9.59941346885089,12,1
AST-005792,1,0,5.490442960366552,0.014597858210421706,34.82332961672249,2,0
AST-005793,6,3,7.392722402454944,0.24475685987772616,15.356425149265846,20,4
AST-005794,0,0,0.0,0.0,20.98813212267378,1,1
AST-005795,3,0,5.515159321193928,0.25063590565159244,113.24228278706003,18,1
AST-005796,2,0,6.537781858285788,0.03521544436887063,4.999435250969301,2,0
AST-005797,3,1,8.250732165918798,0.10208341824074148,176.05586881756298,1,0
AST-005798,4,3,8.253287196850415,0.12655809721183886,33.20940229642736,2,0
AST-005799,1,0,3.6683548249413134,0.008060701714216786,18.989312182563047,1,0
AST-005800,6,0,5.838153290149124,0.1682277225849313,25.06561802251449,11,2
AST-005801,1,1,7.134271501637684,0.036810883203713535,2.1212896216342707,4,0
AST-005802,2,0,5.1951623149063915,0.0405530892569268,2.3814222468676003,1,3
AST-005803,4,1,9.564913606271702,0.08338782341520698,15.317186394381787,19,3
AST-005804,2,0,4.7629125023184695,0.16260085858191015,52.55421840885333,0,0
AST-005805,6,3,8.369962179967606,0.14504853640533863,6.851741701568113,12,5
AST-005806,1,0,6.957341192505009,0.027300612218231983,1.367345706258729,3,0
AST-005807,5,0,2.567689152547215,0.06242500930042578,8.875123564270007,1,0
AST-005808,1,0,4.816141078995294,0.09575386179409724,142.4068039035509,12,1
AST-005809,1,0,3.9132157213033936,0.0395946435054054,16.715216758434643,4,1
AST-005810,1,1,9.030868930980997,0.011224614454739336,8.61114500114967,2,0
AST-005811,8,2,9.760667615482502,0.014640867511386315,24.449468324894255,15,3
AST-005812,2,0,3.8574549517285437,0.034582216163338994,14.490907633589751,1,1
AST-005813,6,2,9.090435003927803,0.12586532525475197,22.431084920949274,15,6
AST-005814,6,1,8.839561821325107,0.18902077884111956,2.5520131405363116,11,1
AST-005815,2,0,5.812468048917427,0.12032342755662005,7.143509531438409,3,1
AST-005816,7,3,8.050717625268724,0.08213719095807337,237.76100643770855,12,1
AST-005817,2,0,6.129998418279233,0.02876114179966587,42.55216831978294,4,1
AST-005818,2,0,5.730263150608586,0.24256281718257655,20.442433504116647,5,1
AST-005819,3,1,8.497794755319175,0.1204888720230266,33.778576795849695,9,2
AST-005820,0,0,0.0,0.0,5.921760747651125,17,4
AST-005821,2,1,9.222839018649433,0.13169515789940692,14.963606977502726,17,3
AST-005822,5,0,5.524050428090993,0.17694660628681574,142.5771716879098,14,9
AST-005823,2,0,4.616581869494605,0.28791746944788355,28.05664630215655,2,0
AST-005824,4,1,6.604788146970778,0.12888599945187842,12.776508032340047,2,2
AST-005825,5,1,6.64012613328116,0.030357855353526305,25.512844817442364,3,0
AST-005826,2,0,6.168894776339873,0.1064448677945489,136.22696372083058,4,1
AST-005827,1,0,4.245995860363385,0.004752038755511537,34.75654965976383,1,0
AST-005828,4,1,7.393647923364311,0.3905233459270065,8.326363918322903,16,2
AST-005829,4,0,4.910406882634516,0.04399940814336177,44.12505195380129,1,0
AST-005830,4,0,5.23044486545964,0.04212848096578671,96.62603100998936,11,1
AST-005831,9,4,7.763561961484781,0.3416345100876084,11.460243688021489,13,2
AST-005832,0,0,0.0,0.0,85.70837031323583,3,0
AST-005833,2,1,8.139492310923641,0.01116241708792147,42.936846259305085,1,0
AST-005834,2,0,3.8952334007543663,0.10290249896934738,26.71340485155353,2,1
AST-005835,2,0,3.7066148341482705,0.003050487160101305,36.90988364533045,2,0
AST-005836,2,0,5.787246111579302,0.18414949605063177,47.66506117836075,10,5
AST-005837,4,0,3.6418962643731714,0.055452488333711004,23.850321629672923,4,1
AST-005838,7,2,9.15397807719167,0.3751734708796921,9.77877058102724,14,5
AST-005839,7,0,5.520122932103918,0.050857418598732065,23.343227749111886,12,5
AST-005840,3,3,8.437633522360306,0.2889195652606944,9.196020562746053,3,0
AST-005841,8,2,9.747426161724432,0.1195165712507646,31.75075720885399,10,5
AST-005842,0,0,0.0,0.0,15.815559196344465,1,0
AST-005843,1,0,3.4444903389627903,0.03359673398043392,2.6574655387964956,1,1
AST-005844,2,2,8.56473146800034,0.060580084211973535,13.160947121408629,1,1
AST-005845,4,1,8.370197097941842,0.027237624079182735,27.02862706064422,2,2
AST-005846,2,1,9.716528689588788,0.40228031207197845,25.807288766903927,0,1
AST-005847,6,1,6.5588923965364705,0.20581488306314752,8.384074059250802,9,3
AST-005848,2,0,5.0453600859978325,0.17078008136334968,30.75002973296132,1,1
AST-005849,2,2,8.639903657410828,0.24149217410125826,49.569196892140816,4,0
AST-005850,3,1,9.640258249458352,0.27478169319440116,24.934382938958457,4,1
AST-005851,1,0,5.203806668120873,0.07082022883320341,34.77859226961804,1,0
AST-005852,1,1,8.880561120980188,0.09338814316299726,36.8041664525707,3,1
AST-005853,1,0,6.64447347312152,0.19935640895279766,8.613541985366826,3,0
AST-005854,1,0,4.676766200562955,0.04661982057365265,40.33064617690611,1,0
AST-005855,1,0,5.063581335187393,0.03963450597272509,9.587685497866433,2,0
AST-005856,3,0,5.473294616595859,0.14582407470314773,20.8575393195985,2,1
AST-005857,4,0,3.987743751987065,0.04408124379864952,20.531117818759274,16,6
AST-005858,2,0,3.5320538495922413,0.046852612518445906,175.55451243358507,1,2
AST-005859,6,0,5.315862053449625,0.24549339895604494,43.655766237273184,22,3
AST-005860,1,0,5.080574273113575,0.1875005230913357,0.7170035630900452,0,1
AST-005861,2,1,10.0,0.2035188769781694,128.88827459888336,0,0
AST-005862,2,0,4.753712517389946,0.1881608419538104,27.64943466198491,4,0
AST-005863,5,2,8.932050234472724,0.039151150332122034,0.4959869004763422,4,0
AST-005864,0,0,0.0,0.0,3.3964642696157914,5,0
AST-005865,1,0,4.47557422890639,0.15869141245233392,35.06508382808529,20,1
AST-005866,0,0,0.0,0.0,67.94571284226556,1,1
AST-005867,7,1,7.242514755882396,0.22486373862127734,31.955162294568826,11,6
AST-005868,0,0,0.0,0.0,9.421088852407888,2,0
AST-005869,5,1,9.788176680783089,0.194976261013691,50.38659819210528,1,1
AST-005870,0,0,0.0,0.0,18.29079489593607,1,0
AST-005871,1,1,7.421822588802673,0.13956418925189143,3.4357079639109918,2,0
AST-005872,4,1,9.635726977180756,0.24950488255924008,4.306986394392559,10,1
AST-005873,5,2,9.486100029290881,0.09046968840325963,166.4730442671802,15,1
AST-005874,5,2,8.470051904814623,0.046791077402259705,23.199440617932318,13,5
AST-005875,3,1,9.013091290217027,0.09433118730782795,1.9700395071357144,2,0
AST-005876,2,0,4.385499817938345,0.18814026025922403,96.75802954445614,2,0
AST-005877,4,0,4.3747535607827395,0.11915409888530942,29.42934240384045,12,2
AST-005878,2,1,8.50922880926469,0.09484904308209911,8.717893028921202,4,3
AST-005879,12,2,8.481382139852188,0.10323208236221551,9.720632420229164,18,3
AST-005880,1,1,7.166574904753091,0.058812939214913436,6.443975466150515,2,0
AST-005881,4,0,4.3595102707315,0.10230946526075528,39.20384821627236,10,2
AST-005882,6,2,7.279928841954925,0.1805996845401577,29.304331846728356,20,2
AST-005883,6,1,9.336446613583362,0.3252805673638352,18.80724408027055,15,0
AST-005884,3,1,8.965093793011727,0.015473282184739827,5.736455759781938,6,0
AST-005885,2,0,5.444155547275465,0.4167741642868364,18.8427136198074,2,2
AST-005886,3,2,5.620870358152526,0.05341688530066667,65.73083442949299,0,0
AST-005887,5,1,7.3129936539173315,0.22121960566286983,23.62609495513998,8,1
AST-005888,6,1,8.825171299685561,0.1467192339051532,72.26988460975802,21,4
AST-005889,2,1,9.755864461633472,0.0791048898085341,37.17261769559342,2,0
AST-005890,2,0,5.396024184271965,0.009166950118731436,17.309141876631575,2,1
AST-005891,4,0,5.672904594631726,0.013256865756332063,4.579865856760116,3,0
AST-005892,2,0,5.554325125538332,0.12042271205068425,1.5497052340891002,13,0
AST-005893,1,0,5.453117921109776,0.18444160108796862,15.984711955412108,1,0
AST-005894,1,0,4.945746012933329,0.1735244887308015,59.08918103485859,2,0
AST-005895,2,0,4.026836055432717,0.1665554176909989,14.191046015389775,1,0
AST-005896,1,1,9.374266353545883,0.13478474465270418,24.211320366978978,6,2
AST-005897,5,1,9.103832854728694,0.16476290359769502,11.315906844100073,12,2
AST-005898,2,0,5.409841086691108,0.03404748127740108,11.257415327606422,3,0
AST-005899,1,0,5.249528112409517,0.16510650638713809,9.124008373427582,0,0
AST-005900,3,2,7.832562868566921,0.03113294637543477,0.5446208012541667,0,0
AST-005901,3,2,9.695134667955497,0.06308029740827321,170.41069070823787,0,0
AST-005902,2,0,3.2140957007148687,0.13088369346555506,21.33424182338979,2,0
AST-005903,2,0,4.764347573858543,0.006485929464123966,31.925233267442547,1,0
AST-005904,2,2,9.640777404912672,0.001035105193190349,44.45995316124285,3,0
AST-005905,4,0,4.880857857569025,0.21326526723030942,11.67155253588893,3,1
AST-005906,8,1,8.403647511032437,0.12235621018177939,9.684886400252303,10,2
AST-005907,5,1,7.76393643780726,0.1586373457755629,9.126578064499187,16,2
AST-005908,7,1,10.0,0.1826299059321875,181.15645034860034,24,4
AST-005909,4,0,6.079521076768742,0.042742741798588405,32.949564392533134,15,3
AST-005910,1,0,7.002834489332269,0.15034449163008778,68.91689473817372,4,0
AST-005911,4,1,8.290776539074185,0.17832298543397584,23.06542844090853,3,0
AST-005912,10,3,7.315609852073801,0.1821914273358156,5.131310688923471,11,1
AST-005913,4,1,5.968364181166573,0.14174609932795165,38.14615434662172,4,0
AST-005914,1,0,6.239609249610799,0.04349665000965052,309.0499225647985,0,0
AST-005915,3,0,5.287906695220151,0.08925597845352634,18.64359145285296,3,0
AST-005916,1,0,4.988797904240551,0.10242033315952925,49.83337324893832,2,1
AST-005917,1,0,4.100798821518915,0.05974705795812434,14.21131538942393,2,0
AST-005918,0,0,0.0,0.0,58.73480779431591,1,0
AST-005919,2,1,8.484254453734174,0.07317087277221263,28.881356383579785,4,0
AST-005920,5,0,5.089725201050991,0.19090019297175945,27.569713950837478,18,5
AST-005921,1,0,3.184148506219177,0.2874628362939869,0.13862589423181323,1,0
AST-005922,3,1,9.781940700165519,0.10076514272265576,2.2436445268994536,14,1
AST-005923,4,0,4.77397832603563,0.057636784335229625,14.045042667805474,0,1
AST-005924,2,1,8.275690872492989,0.002349775483018235,44.65349190918679,1,0
AST-005925,4,2,8.582992422258808,0.028335340192125625,28.62104609775063,0,0
AST-005926,2,0,5.694011975079271,0.06420966331712934,16.51346232071684,2,1
AST-005927,1,0,4.921641148547121,0.01484479059758346,117.78192000874071,4,0
AST-005928,2,0,5.3804179800482075,0.06871801536691503,30.4871007621401,4,1
AST-005929,4,3,6.997132148008445,0.13869215121720807,0.8659319131991893,18,5
AST-005930,3,1,8.36178091970992,0.0677215815469682,54.03434184575123,20,4
AST-005931,1,0,5.196117368980351,0.27288919406248147,10.474667183126876,2,0
AST-005932,1,0,4.7259573133456545,0.1831763123979582,288.1101714429364,1,2
AST-005933,4,1,9.822255845714315,0.27454736296628124,104.38684624143337,2,2
AST-005934,1,0,4.520168092122298,0.20188902964492716,64.38493174569433,1,2
AST-005935,1,0,5.782418588524091,0.0077382862344953325,14.598681844117221,3,0
AST-005936,6,0,4.903585330010083,0.10357595184121808,30.35415192968654,19,3
AST-005937,1,0,5.604451582310903,0.02893131367848773,46.58727123864901,1,0
AST-005938,8,2,9.6223856219146,0.24138304610495792,28.736247329413565,12,1
AST-005939,1,0,5.68059302472604,0.0318966699711449,55.070574339519474,1,1
AST-005940,2,0,4.007553606376195,0.20550317385410738,6.75089106036491,10,1
AST-005941,1,0,5.511375605141759,0.031025444947295495,8.593532667532568,2,1
AST-005942,7,1,9.19717384842743,0.21691824398494958,239.77717138224548,11,1
AST-005943,5,0,5.036372377133431,0.02209866797934161,9.851048863142823,20,2
AST-005944,0,0,0.0,0.0,6.570757291946151,2,0
AST-005945,1,0,5.946164127506995,0.09361797324581078,25.279165874757666,3,0
AST-005946,4,0,4.2567926945093415,0.047177223717864536,250.62546902657343,15,2
AST-005947,5,0,4.5030775225309885,0.09690054473202141,4.4407380672258014,14,4
AST-005948,2,0,5.3055077191821685,0.14079908164933982,43.043893265586206,4,0
AST-005949,6,1,9.196992531117555,0.20074501996497754,67.95694048063095,1,0
AST-005950,2,0,4.710851065696794,0.1565078807907719,159.05773242288888,1,1
AST-005951,2,0,6.3785480111385375,0.34155388918034213,19.285343905419488,4,0
AST-005952,2,0,1.6284252221158053,0.0682782724965976,14.62908535385465,2,0
AST-005953,0,0,0.0,0.0,19.854610122911932,0,0
AST-005954,4,2,8.005785143345134,0.016321906263825892,5.038558885128471,4,1
AST-005955,5,1,8.487105238101663,0.11167495362734024,27.838990577267484,18,5
AST-005956,6,0,5.097872855047145,0.15396683694073326,7.202803751620946,15,0
AST-005957,1,1,10.0,0.1681272063134785,18.50632031070007,3,0
AST-005958,9,2,6.793793365098257,0.19522579155237688,19.833306390280722,15,3
AST-005959,0,0,0.0,0.0,167.18481058210574,3,0
AST-005960,2,1,9.401134178163074,0.0490681504652404,72.52832141189751,0,0
AST-005961,10,3,9.192414614096515,0.17749307596364047,27.594100833491684,19,1
AST-005962,3,1,7.691448445968685,0.11173588404280588,174.4182939460773,2,0
AST-005963,1,0,5.173721319895793,0.01928881053732238,33.798958407764935,0,0
AST-005964,1,0,5.092622100057224,0.0714088067918399,20.207492283440782,1,0
AST-005965,2,1,8.268903643580522,0.009509849194474307,2.395544235043028,4,0
AST-005966,4,0,5.99557329402263,0.10889978159767978,62.01690746369383,12,7
AST-005967,2,2,10.0,0.1842734099984012,19.02966046533726,11,1
AST-005968,1,1,8.002522108144891,0.05856220222054777,5.966548057469964,15,1
AST-005969,5,2,8.629507977556163,0.16008670453530346,192.67625555569546,13,4
AST-005970,5,0,3.741992056966832,0.12121809854217577,50.06303658941454,7,3
AST-005971,3,0,4.880031644691311,0.11806052608809459,48.51229189321867,10,3
AST-005972,0,0,0.0,0.0,7.824952204519082,1,0
AST-005973,5,2,9.923108921830737,0.15134181657599333,2.5174565782066516,14,0
AST-005974,2,0,6.430066591331505,0.02648601728925119,20.609711781432967,0,1
AST-005975,3,0,4.269181269845269,0.16825622115702243,49.73590101737172,15,0
AST-005976,0,0,0.0,0.0,10.637627483825378,2,0
AST-005977,8,2,7.814237438619924,0.2940643016238111,126.09140561176768,8,4
AST-005978,4,1,8.732804815150166,0.03937417555026708,0.5569966470658468,23,2
AST-005979,5,2,9.197883746962313,0.11738033841692391,22.28354293796799,17,2
AST-005980,8,1,7.888650694530795,0.07845994341869204,14.470711002700781,13,4
AST-005981,4,0,4.505703576245118,0.048823911717326446,41.16743386613144,2,1
AST-005982,4,2,9.908690176413618,0.06616999226451237,25.91402232034655,4,1
AST-005983,2,1,8.328007129680167,0.029313726553041722,16.88696386948541,1,1
AST-005984,0,0,0.0,0.0,22.016241308388206,2,0
AST-005985,1,0,5.412692929039446,0.1907205366826883,101.47864257174385,2,2
AST-005986,2,1,7.710466762895026,0.2630202892357759,20.06067120716306,1,1
AST-005987,4,2,8.108386140138524,0.30869580417159453,5.986990243865126,0,0
AST-005988,6,2,8.407619530945254,0.14520310151608096,56.46876689711378,14,4
AST-005989,4,0,4.5289548398552295,0.07464013550619414,32.38423945300783,14,0
AST-005990,5,1,9.541648410338347,0.21169943937881158,118.70804810992071,4,1
AST-005991,2,1,9.350442003595935,0.01668363578139607,17.29911890035467,4,0
AST-005992,3,0,5.397794775071606,0.16109876080047278,47.67794817610433,0,0
AST-005993,0,0,0.0,0.0,126.50344700729471,2,1
AST-005994,1,0,4.452856900752593,0.1711575769389499,26.99720736082376,4,1
AST-005995,2,0,5.564668253521295,0.04967845799445121,52.43192607062643,2,0
AST-005996,2,1,8.529548350145847,0.0011240525669243882,76.49943295090883,2,0
AST-005997,4,0,6.127204425453969,0.06896922688855785,36.54869475639859,4,2
AST-005998,0,0,0.0,0.0,21.817485332617895,3,0
AST-005999,2,0,5.163607677192637,0.005966739635768787,29.20533203839869,5,1
AST-006000,7,0,4.874972042623494,0.028187005098289343,35.74543101830798,11,2
AST-006001,3,0,5.100891473426218,0.11245567636811135,12.863284298010276,11,1
AST-006002,0,0,0.0,0.0,13.59662068290108,4,1
AST-006003,1,0,5.215200566241153,0.041607937507317096,151.2754239592503,0,0
AST-006004,2,0,4.471639318463259,0.08536300925429674,78.49907832293854,1,0
AST-006005,2,1,7.4142377245487205,0.033435891193782215,29.69769852204329,0,0
AST-006006,1,1,7.635178864346333,0.15171623713260002,51.008318064741154,2,1
AST-006007,4,1,9.587419393686393,0.17235381849292505,41.152394506161386,2,0
AST-006008,1,0,4.861368329148964,0.11662234837004866,24.834025173303733,1,0
AST-006009,0,0,0.0,0.0,13.496387009981788,2,2
AST-006010,3,0,5.710017361109261,0.1736125764813852,29.899674931695355,18,1
AST-006011,5,1,8.092497078160518,0.23053409989136112,1.4802305922797812,3,0
AST-006012,1,0,4.85429334724698,0.06811196760982972,65.38497200738345,1,0
AST-006013,3,0,4.228306579385567,0.0010361847997733228,36.0480202769333,2,0
AST-006014,1,0,5.539879622003385,0.0046838819304487155,6.596375320540515,1,0
AST-006015,3,1,7.7106022556926685,0.13358360170500186,112.14010090331244,12,2
AST-006016,1,0,3.4168610958019108,0.014644817941091898,21.549950532630998,0,0
AST-006017,3,1,9.795524957281344,0.1501362242007255,43.46066044606499,1,1
AST-006018,1,0,4.598710061383843,0.0744170517550621,15.21488362746825,0,0
AST-006019,0,0,0.0,0.0,26.07821782139286,5,0
AST-006020,2,1,8.492254959766365,0.011710420191907928,79.36334810162404,1,1
AST-006021,0,0,0.0,0.0,318.94105608383745,1,0
AST-006022,9,3,9.341715279342349,0.24243720151562836,87.88546377987211,13,2
AST-006023,2,0,3.8857641647271883,0.24934944013766852,35.38554761305256,3,0
AST-006024,1,0,4.39171480352872,0.047256572071820095,14.749928931348887,2,1
AST-006025,0,0,0.0,0.0,32.63336554802823,2,0
AST-006026,10,1,8.001294132851763,0.1402076635302382,54.592690529557146,18,3
AST-006027,5,2,8.234196088220745,0.11111145169195565,209.7308318487444,23,5
AST-006028,8,2,9.268742560320149,0.31747020356145134,7.669141355452462,8,3
AST-006029,7,2,9.732108000654529,0.2715000222975861,61.70522422294694,10,3
AST-006030,3,0,6.527733478793691,0.322102861361019,72.05811558172658,15,2
AST-006031,2,1,8.11366850383479,0.08982657119836096,11.036283004024742,2,2
AST-006032,4,2,8.11319531939791,0.25336569720121155,0.5155643970949576,19,2
AST-006033,2,0,4.305531075385245,0.14668100111143134,23.60411114659146,12,2
AST-006034,4,1,7.6391396078212175,0.26838924347097776,7.619561492043644,1,0
AST-006035,1,0,4.260982125251201,0.07868959457021171,4.379312133803868,4,0
AST-006036,3,0,2.855168436785967,0.07379143031574402,3.0302446114140253,21,4
AST-006037,3,1,9.621788785931757,0.18342031407312345,131.3924954802396,17,5
AST-006038,4,1,6.730002850406468,0.06285035512776076,36.03705007180567,18,2
AST-006039,0,0,0.0,0.0,4.9477536924776935,13,2
AST-006040,1,0,4.836408233305205,0.4163811320253359,22.96366456279513,15,1
AST-006041,2,1,7.533225367694742,0.022032547908809777,22.028191627128134,1,0
AST-006042,0,0,0.0,0.0,3.625140656003436,5,0
AST-006043,0,0,0.0,0.0,11.794446860685676,2,0
AST-006044,6,3,6.819697175719418,0.16372469029411751,3.4522287061921304,1,1
AST-006045,2,1,7.86706787743711,0.13847622874027768,87.41280629720238,2,1
AST-006046,3,0,5.871978498960751,0.10262364953378267,110.19689937041854,3,0
AST-006047,1,0,4.775854449155486,0.01882489499577929,87.08404541557731,4,0
AST-006048,5,0,4.441700809342011,0.16200364343818477,43.45452832310128,16,2
AST-006049,1,0,4.913972981906336,0.1638647198856153,12.307719473348763,3,1
AST-006050,4,0,6.024373347563618,0.126255277643669,10.895310004478102,13,5
AST-006051,7,2,8.004092526480983,0.10955806806932372,6.509268975116536,19,1
AST-006052,3,0,5.105154215082488,0.23730556501276606,0.44197128432578314,4,1
AST-006053,3,1,9.250777450104573,0.025187879516975265,168.76013584072055,5,0
AST-006054,1,0,4.313115386699465,0.30218710259325443,56.82472851349917,9,3
AST-006055,2,0,4.387466429560089,0.2404935065508281,0.5621126486946824,11,1
AST-006056,3,1,8.832657455762453,0.04082356969064035,61.52166134642361,2,1
AST-006057,1,0,5.131116694713282,0.031513510323725284,30.675117186399504,4,0
AST-006058,3,0,6.320098338285256,0.2071934146065577,60.99546889752271,1,1
AST-006059,3,1,7.850799863546126,0.03672975547960929,6.29638592788179,1,2
AST-006060,4,2,8.028723033260016,0.12111599324037031,3.0602488002731745,1,0
AST-006061,1,1,8.197652164595196,0.019282795978624485,76.66080833183389,7,1
AST-006062,5,1,7.288634491920809,0.005516943968821446,35.690001055275026,1,0
AST-006063,4,1,8.184293951544841,0.17156079399448826,1.5084021923454505,21,1
AST-006064,3,1,9.397954812638783,0.05372331577217486,15.723362098846488,2,1
AST-006065,9,1,7.571788000027363,0.25456916926075907,17.321430075229642,19,5
AST-006066,7,1,8.892545124075312,0.1122047285722014,101.27741186402696,14,2
AST-006067,7,2,8.363788959887296,0.25993716903059527,88.15443191892514,15,2
AST-006068,1,1,7.831496569247467,0.07820984739583847,48.322396034740514,2,1
AST-006069,2,0,4.580247206135763,0.0541093611417289,26.79062793585399,4,0
AST-006070,2,0,4.5386866564493165,0.07205067668606283,171.0314227886555,18,4
AST-006071,4,0,4.828362564911703,0.09752612458028334,8.894138176152307,14,4
AST-006072,2,1,8.409830311375305,0.07639472860630522,22.27889753141049,1,0
AST-006073,1,1,8.695456188638836,0.02567479677286854,41.38928275201447,1,1
AST-006074,5,2,9.898185560253166,0.10803204883094945,42.61548791614243,15,2
AST-006075,0,0,0.0,0.0,43.76669974501798,5,0
AST-006076,4,2,7.55777258603251,0.08171797512344024,11.142883736144412,3,2
AST-006077,6,0,5.792671152287779,0.047096008973602624,4.02514157462768,19,4
AST-006078,3,1,9.398374038040641,0.3568073201813085,9.079233955451866,3,0
AST-006079,3,0,5.0610408677381375,0.1513348949186263,12.510737368015333,2,0
AST-006080,3,0,4.267371919517705,0.015740288240197325,41.91053870166661,12,2
AST-006081,3,0,2.9358980363541005,0.06535123816704462,35.41850092755336,1,0
AST-006082,2,1,8.77539180784447,0.35313406892343696,98.30507380905402,0,0
AST-006083,1,0,6.100677436742281,0.07077310416222184,0.8325253621508311,2,0
AST-006084,1,0,6.374605255635107,0.15547012258791723,2.899233879335413,2,1
AST-006085,5,1,7.974169117034849,0.10526055592033984,29.332040360659548,23,6
AST-006086,3,0,5.24217264927814,0.0063189121705172465,20.973543348608082,2,0
AST-006087,2,0,5.026115509846849,0.020596001744876587,34.504256292965046,0,1
AST-006088,4,1,7.071047736680254,0.18010304333780283,70.21992670322834,4,1
AST-006089,2,0,5.222709355026408,0.0011920430555105114,6.122613660968769,4,1
AST-006090,1,0,3.0271004166618134,0.020524479266145295,41.49879622990815,3,1
AST-006091,1,0,4.731459052529841,0.026796111113351714,21.553801773651553,1,1
AST-006092,1,0,5.811866326865147,0.13397161089392745,47.28020578520257,3,0
AST-006093,0,0,0.0,0.0,3.9245497336611104,1,0
AST-006094,1,0,4.867994609376368,0.0018394656135583404,1.266763576303548,2,0
AST-006095,7,3,10.0,0.16840460034349558,44.66734296395738,13,2
AST-006096,1,0,4.5563227773238895,0.07328445623795679,43.83130194822865,2,0
AST-006097,1,0,3.6533808704282773,0.5263832597433195,47.2411127441835,3,0
AST-006098,2,1,9.37180600369064,0.13155507389241383,2.1140285775447207,2,2
AST-006099,6,1,8.657151701129393,0.12268318937287033,44.93186710002715,14,0
AST-006100,0,0,0.0,0.0,164.21423719956832,0,2
AST-006101,6,1,8.419685924904451,0.07068372979194054,18.4634862800653,5,2
AST-006102,3,0,4.6445082652788825,0.030809575603979563,0.6767205389949764,0,0
AST-006103,9,2,9.959483179203408,0.13809188014454235,12.290314891410253,19,3
AST-006104,2,0,5.757451441565402,0.06572399662805176,47.913132848976566,1,1
AST-006105,3,0,4.276670655004656,0.14770536353926855,27.37281359203824,20,2
AST-006106,5,1,8.527631669884784,0.14252185431073827,83.8722502528844,17,5
AST-006107,1,0,4.414277062908394,0.08440484306315787,102.19459658163113,2,0
AST-006108,0,0,0.0,0.0,20.88097676016112,2,1
AST-006109,1,0,4.428827715523809,0.05105115982276473,220.57645815937803,6,0
AST-006110,3,0,4.224794112363896,0.036076014565606385,95.8505576846629,0,0
AST-006111,2,0,3.9365081853957364,0.15324191160428033,1.9201337149024917,10,3
AST-006112,3,2,9.089305341968487,0.13222045533123558,3.8852664214574384,2,1
AST-006113,1,0,5.22018704050611,0.09116037369673267,81.21132685416394,0,0
AST-006114,3,0,4.250813370318152,0.03849093439828707,59.98804820310876,3,0
AST-006115,2,1,7.738612610943092,0.06420475901001838,131.39997420235647,0,0
AST-006116,2,0,7.020247791972629,0.1431363642725507,106.71701197995662,22,4
AST-006117,0,0,0.0,0.0,6.72359573307859,6,4
AST-006118,2,0,5.019305042403844,0.08909378239003762,104.27516666071278,3,0
AST-006119,1,0,5.873673882389992,0.09995146361194922,9.103012487564975,10,1
AST-006120,6,2,8.112183119526597,0.1228425262705002,6.842506516963408,7,0
AST-006121,1,0,5.034704889008635,0.10976218471999424,98.08276668610247,1,0
AST-006122,2,0,6.078304593431193,0.4140258751495726,33.88447331348707,14,4
AST-006123,3,0,5.0859339137867945,0.004383158581781916,16.839098364792417,5,1
AST-006124,3,0,3.8623742492827136,0.060918498606583174,16.50354766637943,2,1
AST-006125,3,0,4.342044753390392,0.013606255216261277,14.584819521758234,1,1
AST-006126,8,1,8.779879217579175,0.09913273965941816,0.33906911236929366,8,3
AST-006127,1,1,9.13743023837129,0.36715408714998427,37.051182899630874,5,0
AST-006128,0,0,0.0,0.0,15.587681980647533,3,0
AST-006129,5,1,7.594155800607671,0.15600836693969908,9.228579445478132,1,0
AST-006130,2,1,8.952548580386349,0.04170515516070381,34.44161988842321,5,1
AST-006131,3,0,4.069832525817107,0.2656177285315243,9.786533408346257,17,1
AST-006132,2,0,3.925044115058226,0.03255502977571156,10.058432149339247,1,1
AST-006133,3,1,8.716468155326139,0.030112542124374354,37.69055764016593,2,0
AST-006134,5,0,3.853553803128386,0.07368721198013628,74.83862592498686,1,0
AST-006135,3,1,8.347074110466936,0.05890470291250021,122.3648829522083,0,2
AST-006136,1,0,4.733998170439974,0.008930409943926531,3.469627437354851,3,0
AST-006137,4,0,4.223668316429491,0.0014657022158128703,109.91826963745484,3,0
AST-006138,2,1,9.271365311881802,0.030542754716334716,7.5188753744395616,3,0
AST-006139,2,0,4.627628015019441,0.09643067665785249,145.88303808436942,0,0
AST-006140,3,1,8.182638676736298,0.157075504556034,30.583452592088427,1,0
AST-006141,3,1,7.64129121728613,0.051684624823043056,4.3786974702442985,2,0
AST-006142,7,2,10.0,0.06422756952326077,138.1146467018434,18,2
AST-006143,0,0,0.0,0.0,0.8218034932690078,1,0
AST-006144,5,0,4.378796508262963,0.07946977715078642,69.16759361621294,14,4
AST-006145,2,0,5.336722877672764,0.24319262879257786,24.744769053280674,1,2
AST-006146,1,0,5.197662891633515,0.0177657357743386,9.335204214138358,1,0
AST-006147,0,0,0.0,0.0,1.0633454433088,5,1
AST-006148,4,0,2.2137663664254315,0.12234111985293175,13.768232960737583,4,1
AST-006149,2,0,5.60374446029753,0.16011435312418637,174.6110493007445,3,0
AST-006150,5,0,4.124017369354367,0.06860192643842898,60.1541275709873,19,3
AST-006151,4,0,5.518880890596296,0.004324774677717247,87.56363334123648,3,0
AST-006152,1,0,5.0158382094380976,0.03272459631883361,3.3785195615916646,4,1
AST-006153,3,0,5.303589873878352,0.12457175133490808,2.954307459714971,2,0
AST-006154,5,2,8.27351321196609,0.2390297193039943,41.88804635212135,13,1
AST-006155,7,0,5.719842173429943,0.13788515513280616,0.012471134186537202,14,4
AST-006156,1,0,3.627701433410737,0.1212314782304973,132.33127448543948,5,1
AST-006157,2,0,4.388496151955926,0.004803293864560585,62.482663577051554,2,0
AST-006158,2,0,3.577039595850034,0.1312840819732868,92.76105689099847,2,0
AST-006159,8,1,7.649539678123109,0.20392537959548354,136.10129654512565,18,1
AST-006160,4,1,7.457690756157161,0.13186949176841584,21.416442704108558,12,7
AST-006161,6,2,8.833677576045297,0.4020248642764173,14.669435636405003,16,4
AST-006162,5,0,2.896460129569249,0.009864247674955784,49.03190020194072,1,0
AST-006163,2,0,5.267064928453537,0.20390597837549115,56.32219030282176,2,1
AST-006164,6,2,9.9790013120504,0.2339291311747482,56.870193906531476,12,4
AST-006165,5,2,9.251799905487792,0.16121364395051335,22.198431883158232,11,4
AST-006166,6,3,7.273067808220397,0.09285237024545324,31.834009670125244,8,3
AST-006167,6,1,8.961140092596303,0.010116788338710709,78.33293525610654,2,1
AST-006168,4,0,6.026860816126569,0.03877539293812775,17.41257624779185,2,1
AST-006169,0,0,0.0,0.0,1.8110562234670302,1,0
AST-006170,9,0,6.38938643191327,0.13730054075088627,25.902130934812007,15,6
AST-006171,0,0,0.0,0.0,40.092756991810624,0,0
AST-006172,2,0,5.694120487904906,0.17745889421977176,5.090957842060405,4,0
AST-006173,1,0,4.387927963200163,0.036090341931597526,10.357929220574364,1,0
AST-006174,2,0,5.332246671171049,0.16828181373691908,18.550944388637227,2,1
AST-006175,1,0,4.705366065487987,0.010106469698416757,1.872456367299871,2,1
AST-006176,1,0,5.080772295228818,0.14162778939954554,135.1523483993873,1,1
AST-006177,0,0,0.0,0.0,160.7705728983965,1,0
AST-006178,4,1,7.644213331212699,0.2685921498869785,41.829688123553105,16,0
AST-006179,3,1,8.45664372358733,0.13860346939309032,10.323935935222126,15,0
AST-006180,3,1,10.0,0.06861117722928389,23.195355625447593,0,0
AST-006181,4,0,6.043485526024988,0.059530609308562465,11.103943956042674,13,1
AST-006182,1,0,5.515118910870928,0.49233340820647936,107.77990775875836,1,0
AST-006183,4,0,5.159547969541633,0.011449900811064735,20.431065491299904,13,3
AST-006184,6,1,9.455021965536373,0.07293527496042879,8.118302957390053,12,2
AST-006185,2,0,4.485543259580259,0.46537097243227754,3.78352498331657,1,1
AST-006186,4,1,9.187070014074406,0.0541979101093209,21.773788576124293,2,0
AST-006187,2,1,7.452036091571803,0.0933332881128595,20.898231676582174,1,0
AST-006188,9,3,7.863921084276991,0.18192409253842906,46.48295580535667,19,5
AST-006189,1,0,4.656295150866365,0.19906482465701106,51.25125027597589,2,0
AST-006190,5,1,9.968126461768382,0.08684774248601337,31.91696627619646,4,0
AST-006191,0,0,0.0,0.0,11.184187093919219,4,0
AST-006192,4,0,5.33654830716659,0.06658395613154847,98.92351543671904,16,3
AST-006193,5,2,8.043344314930966,0.13150236491313122,6.654961759550512,14,1
AST-006194,3,0,4.565315234335359,0.21884190329211692,36.66470134562778,0,0
AST-006195,6,2,9.659122540055677,0.07890655025873752,48.54131991151584,9,5
AST-006196,2,1,8.48019450686823,0.21184517618497498,20.159431332650335,13,1
AST-006197,5,1,9.10886561578104,0.035844568749844485,122.3408198959184,9,3
AST-006198,0,0,0.0,0.0,81.78099483574766,1,0
AST-006199,2,0,7.086030591812904,0.09768889285284094,130.7023768866419,0,0
AST-006200,0,0,0.0,0.0,61.926748534155664,4,0
AST-006201,4,1,8.760098071959776,0.004096780206958053,96.30428216151682,1,3
AST-006202,1,0,4.000958439016124,0.05086748779985073,20.578276809151287,7,0
AST-006203,0,0,0.0,0.0,12.858054869791985,2,0
AST-006204,4,2,8.794568726231958,0.00789059821312752,118.6797315927475,2,0
AST-006205,2,0,5.673651956465676,0.07419460962963291,3.2339014194906763,3,0
AST-006206,0,0,0.0,0.0,13.792203630711619,1,1
AST-006207,0,0,0.0,0.0,2.2287385753694826,1,1
AST-006208,3,1,7.516888880186608,0.1886703182503472,66.29297075268047,18,6
AST-006209,5,1,8.099675854790334,0.35002758962596187,52.348617862339886,16,3
AST-006210,2,1,8.896514371589191,0.10706976911083037,101.99673357971126,1,0
AST-006211,6,0,3.3963729577075803,0.12324149120736631,21.25953859812234,14,3
AST-006212,3,2,8.108057663343656,0.0831986770688191,19.22448311346481,2,0
AST-006213,5,0,5.358742401518691,0.13657874961331165,81.73073204776631,19,6
AST-006214,2,0,4.838626476634145,0.07884789587681625,4.212615118713695,1,1
AST-006215,3,0,4.837014119461852,0.010496897108411783,28.810558136638704,4,2
AST-006216,1,1,9.464196348628304,0.03628487570754881,57.892161778156996,5,0
AST-006217,0,0,0.0,0.0,30.979840087122334,1,2
AST-006218,2,0,3.893674980356785,0.23801869077419238,17.089231809993368,1,0
AST-006219,3,1,7.469805842527038,0.04640370643903441,40.383698614279155,0,0
AST-006220,2,1,9.408361686632727,0.042425059837269484,78.46262726600264,3,1
AST-006221,5,0,4.535414390851305,0.1352464230105219,39.28394733203745,19,3
AST-006222,4,1,9.573647816598163,0.05903631533697939,54.78795942294082,4,0
AST-006223,4,1,9.230065364717074,0.07411618706177711,60.898842153376,5,1
AST-006224,2,0,5.730284757527819,0.07392345181086307,12.810835222825228,0,0
AST-006225,4,0,4.3601708862379684,0.08361717991823928,55.95741182611449,7,3
AST-006226,4,0,4.408717333579991,0.08686627319611613,53.29667907877843,0,0
AST-006227,2,0,7.597881897458692,0.025295017754719915,33.71124618542974,1,0
AST-006228,1,0,6.27557453149468,0.008034601213133761,17.3163000990278,1,2
AST-006229,2,0,6.685036321323009,0.06033765498924485,14.891024981853398,0,1
AST-006230,2,0,3.2165940036668275,0.18220778450511063,0.8371200007169995,0,0
AST-006231,0,0,0.0,0.0,60.075654252426766,1,0
AST-006232,5,2,9.467466153110985,0.2317464050391189,17.013124921296093,1,0
AST-006233,3,2,9.540333569442705,0.1609724188160037,34.890832848694586,0,0
AST-006234,1,0,6.046534293534383,0.025352847702397138,75.02254244317166,2,0
AST-006235,3,0,5.679239947962736,0.004944669900727727,6.644575836174211,3,0
AST-006236,3,1,8.923709445393621,0.008040303135785628,68.99428745849606,2,0
AST-006237,8,4,9.033600781955462,0.21036500627671467,32.22867466944015,15,0
AST-006238,3,0,5.8026231567335325,0.09469687689945734,3.5553901335352993,2,0
AST-006239,2,0,4.7151013932507535,0.17477775878027682,79.65881688205383,7,6
AST-006240,2,0,6.28828714985496,0.185936861344869,17.052157919785575,0,0
AST-006241,3,0,5.971556131469043,0.09623479152180407,17.374467283064032,3,0
AST-006242,3,1,8.494711114548117,0.024876488863789886,25.35859068572063,19,2
AST-006243,0,0,0.0,0.0,30.603623775309032,5,0
AST-006244,1,1,8.300485373841727,0.15278921750809635,24.039862666778813,1,0
AST-006245,0,0,0.0,0.0,34.492311125588756,3,1
AST-006246,3,0,5.434836717547459,0.027189248979460855,5.999233618902783,0,0
AST-006247,4,0,6.5982022318668285,0.20122763066293675,15.065497440968333,20,6
AST-006248,1,0,4.42032718094344,0.07400534931503817,3.440218870797834,1,0
AST-006249,3,0,5.942591890700732,0.07104357117112366,46.76997148335665,0,1
AST-006250,4,0,6.107341533951036,0.0923075329967713,106.01353327712623,17,1
AST-006251,6,3,8.940644559529055,0.22312032503802168,23.99398275982919,12,4
AST-006252,8,0,4.453753305887113,0.1292838429617288,204.81662634915526,11,1
AST-006253,3,1,8.802135693204907,0.00101757241277201,3.238453001934827,1,0
AST-006254,10,2,7.380752449654187,0.33254825398776994,19.424505374851893,13,4
AST-006255,4,0,4.076994863722108,0.14912499727959672,166.31143134903726,17,2
AST-006256,5,1,9.236020696176645,0.11745786153641548,75.07771067305741,9,5
AST-006257,7,1,8.935864495226927,0.01765647961945181,81.48153312068432,23,3
AST-006258,6,0,3.775601412541978,0.2051611515266983,4.538723267725416,19,2
AST-006259,4,0,3.4166552233422482,0.005453099848155373,65.17168332378672,4,0
AST-006260,2,0,6.498722519553953,0.0035214366871335655,163.8145744502594,2,0
AST-006261,6,1,8.70785625790412,0.22435583794970804,41.02012214339256,14,4
AST-006262,1,0,4.599764802750948,0.01702568645016182,69.89074694977836,3,0
AST-006263,2,2,8.019773124359695,0.023217716210642246,16.672851558910857,2,0
AST-006264,0,0,0.0,0.0,27.102055206722977,3,0
AST-006265,5,0,5.151715886916736,0.11746555100659428,33.10871769773215,18,2
AST-006266,2,2,8.601524862990964,0.0021393984782099433,8.745726303810445,2,0
AST-006267,1,0,2.964100228163038,0.04146945331840752,104.90805588076773,2,0
AST-006268,2,1,10.0,0.1581894818717542,28.34504174359774,2,0
AST-006269,4,1,9.864442700727807,0.11142187697311481,116.73550263631375,1,0
AST-006270,4,0,5.230006863401591,0.140336225802403,46.005558936576264,4,1
AST-006271,3,1,9.610499762745132,0.023714758955717327,28.037891859262963,3,1
AST-006272,5,0,7.015544379948979,0.041842049218550156,83.63222024932918,15,2
AST-006273,7,2,8.140379494167721,0.04152392124094033,100.53767620664344,22,3
AST-006274,3,0,4.928361283812521,0.16421927414885323,1.2057257539987927,16,4
AST-006275,1,0,5.040606174943918,0.21184028208751754,87.63045323016605,5,0
AST-006276,3,1,7.321158233221043,0.14703645817000857,23.113057279492132,0,1
AST-006277,3,0,3.9229235801884266,0.09181094007296776,16.614482394441684,1,0
AST-006278,1,0,5.489747443078009,0.0902820381953185,23.18283947735025,1,0
AST-006279,4,0,5.262936933638647,0.11868358098784972,18.721533887841833,1,1
AST-006280,7,2,10.0,0.16692775380445754,13.162837781656954,20,4
AST-006281,2,0,5.32591425401569,0.03094667884917356,23.350067263892505,2,1
AST-006282,1,0,7.037810178193487,0.01722204960845756,56.83699607613116,3,0
AST-006283,7,0,3.211238007436289,0.13245321911226735,46.027501530176096,11,4
AST-006284,0,0,0.0,0.0,14.556384266186392,1,1
AST-006285,2,2,8.63906223074255,0.09749808879437652,10.365552065320596,15,1
AST-006286,3,1,9.642172025623143,0.18128421859572372,22.51607189973549,12,1
AST-006287,3,0,4.7006363526909345,0.07562654525145479,12.782977592096326,3,0
AST-006288,0,0,0.0,0.0,11.413313550293296,3,0
AST-006289,4,3,9.840593539739828,0.44034683901280225,39.30859964736226,16,3
AST-006290,5,1,9.885250840590412,0.08635761909548292,43.38660649554106,0,0
AST-006291,3,0,7.053615383930213,0.33628745364582635,64.14045107160484,4,0
AST-006292,4,0,3.512799476944038,0.1778999195023338,44.95045832208421,14,4
AST-006293,2,1,8.094042308769472,0.086667648900316,4.221278540650816,2,0
AST-006294,2,0,7.157325428235177,0.059816303929339246,176.30841287958836,1,1
AST-006295,2,0,4.227236096592555,0.10136176859671574,86.86299667148388,2,0
AST-006296,1,0,4.399306197004507,0.38499719114501607,4.255884054781895,16,1
AST-006297,3,0,4.981277382217145,0.04040400544130724,12.04259359621613,1,1
AST-006298,1,0,6.639530514107243,0.014107831448037381,24.30642686314632,2,0
AST-006299,4,1,7.543653183223905,0.020674054615389206,17.46877726548319,0,1
AST-006300,3,1,7.219319204734924,0.027887984778024514,62.34767084529846,2,1
AST-006301,7,3,7.865714177533137,0.14755125916674308,79.8868312958793,18,3
AST-006302,2,1,9.82797814690859,0.11272561927739523,10.292112859885723,18,2
AST-006303,2,0,5.3636904995843455,0.012617714531041446,89.97940921231246,3,2
AST-006304,2,1,6.05317246050254,0.010136816858159634,14.55935482892644,1,0
AST-006305,2,0,5.112593796471667,0.0010276258354450364,8.613982740409348,2,0
AST-006306,3,1,8.275454331830987,0.28669755392331453,15.144446845949501,1,0
AST-006307,2,2,9.189468909642597,0.32164830438728287,9.968322092859935,3,1
AST-006308,2,1,8.565053967140974,0.25374139372126286,48.9722968278871,3,0
AST-006309,3,1,8.730361487549933,0.01531318947849566,8.744437799540469,3,0
AST-006310,2,0,4.95350501183475,0.2784762220837757,29.440042712601265,2,0
AST-006311,5,4,7.554162379260373,0.0984438126778453,13.766429057633449,19,3
AST-006312,2,0,5.275769333728781,0.2591838624225424,109.98899003070622,13,2
AST-006313,1,1,7.871045236386351,0.010870741072182595,4.656281757136396,3,1
AST-006314,0,0,0.0,0.0,23.77922411174596,1,1
AST-006315,1,0,6.893822752314028,0.2775292858757143,27.44710652622209,20,3
AST-006316,5,0,4.344507532893676,0.012514112293574863,10.490491868632812,13,2
AST-006317,2,1,8.3801690812715,0.08002008175507315,117.00106157103916,0,2
AST-006318,7,1,8.369669435042013,0.2579646068791934,81.51424626289307,8,4
AST-006319,4,0,4.208637968279189,0.15971030336307426,11.267687600750874,17,4
AST-006320,0,0,0.0,0.0,97.63782773813023,3,0
AST-006321,3,2,8.833533154058692,0.01624669867357508,29.471175928188952,0,1
AST-006322,2,1,9.534061169503522,0.04208913762834037,1.8926637589636481,2,2
AST-006323,3,1,6.28444395800209,0.02536389812955082,78.05153775446465,2,0
AST-006324,0,0,0.0,0.0,1.9725757946316251,1,1
AST-006325,7,1,8.617394690641886,0.19432127264902693,25.75451556868695,16,7
AST-006326,2,0,5.432843870891507,0.22658398713027542,2.767683587409872,11,4
AST-006327,2,0,4.83710682773757,0.03541508189508733,67.95949974278444,3,2
AST-006328,0,0,0.0,0.0,13.788861869282103,3,1
AST-006329,3,2,8.86336332598108,0.12280047772724816,21.691033309200737,1,0
AST-006330,0,0,0.0,0.0,95.94040009304757,4,0
AST-006331,5,2,8.488801537788788,0.16903781103554333,1.6108085235427565,1,2
AST-006332,5,1,8.698240747310228,0.04085661933801121,15.914671297423489,15,1
AST-006333,6,2,8.449771034595841,0.23393952963329595,20.732719251950368,4,0
AST-006334,2,1,7.982203804467358,0.39129852613276495,17.847410163898484,2,1
AST-006335,1,0,5.941797688484639,0.11156180245013206,99.66105078252589,1,1
AST-006336,2,1,7.55513497289088,0.2610203279708873,132.9193293394475,0,1
AST-006337,7,3,7.330010868948255,0.03137717690474413,35.55043929800392,2,3
AST-006338,2,1,6.844363565988597,0.02342025909646989,47.08470339229504,0,0
AST-006339,0,0,0.0,0.0,170.22092545051422,4,0
AST-006340,2,0,4.81685970857399,0.0507480813321206,23.26478612215208,2,0
AST-006341,1,0,4.6258485857149285,0.11683108070058018,70.50965875310783,1,1
AST-006342,4,1,6.00980942739203,0.04810184620708536,25.392386487511022,2,1
AST-006343,3,0,5.046995134174342,0.03142488730174507,23.485543820734883,3,0
AST-006344,4,0,5.756069731838776,0.19132272742452697,101.18515378682442,13,2
AST-006345,5,1,7.910832857986209,0.029781178469537598,16.83737483161416,4,1
AST-006346,1,1,8.409180612614001,0.19462552387384288,51.602586021636476,0,0
AST-006347,1,0,5.443427949572838,0.024100240382990523,119.09928563753154,3,0
AST-006348,4,0,4.39597300526005,0.12508496916238102,38.179246927470054,0,1
AST-006349,7,0,4.884208420046644,0.1466532811051499,35.50012909425322,15,6
AST-006350,3,0,5.455890748964241,0.018693994555974865,43.58478261020842,0,0
AST-006351,4,1,8.416603766820929,0.13323032517409975,29.934806877563645,17,1
AST-006352,3,1,8.724276483099763,0.0565524517812151,47.770284938873274,1,0
AST-006353,0,0,0.0,0.0,31.17049474411217,2,2
AST-006354,7,1,9.022503831728207,0.055021285044454575,10.675580473615835,19,5
AST-006355,3,0,3.453991818786399,0.20811882062611983,17.313509198314005,3,0
AST-006356,1,0,5.169910862664457,0.0037382778677762826,38.2114566233569,2,2
AST-006357,3,1,8.976827209765176,0.04826194641800847,1.8831933885010397,16,1
AST-006358,3,0,5.315238143252695,0.1836814005274563,58.74484072758884,9,2
AST-006359,2,0,6.406006496681179,0.11860508460117314,3.2505028358738155,0,1
AST-006360,2,1,7.513172889114418,0.01275881936244208,6.085932181426638,0,1
AST-006361,2,1,8.290849896595894,0.216675011903038,20.615131500926697,3,1
AST-006362,0,0,0.0,0.0,3.2280562140464744,3,0
AST-006363,2,0,5.864803817013168,0.02148386812343473,27.305389025831154,1,1
AST-006364,5,1,7.693665961769061,0.026879395655616506,34.97213507661505,17,3
AST-006365,0,0,0.0,0.0,42.671783143194276,1,0
AST-006366,6,1,7.76643200745826,0.04799721315489481,5.83047566922829,20,8
AST-006367,1,0,3.9535817737726995,0.1849174637158335,100.05150672516523,0,0
AST-006368,5,2,7.3414555631521345,0.16033781753495235,54.04477309847262,4,0
AST-006369,5,0,4.828487882892588,0.21087416095291436,19.32536912167265,16,0
AST-006370,2,1,7.6275268436973445,0.053686146521109444,135.89072638899557,1,2
AST-006371,2,1,9.53441951079445,0.09224402130009203,0.49145479013070126,1,0
AST-006372,7,2,8.454889638155217,0.15354529110639806,37.81360929311447,1,0
AST-006373,2,1,8.291980027534626,0.13138270403659322,2.4574224312776263,18,4
AST-006374,2,0,5.534369444178743,0.09392900706832763,37.26507701480636,2,0
AST-006375,1,1,8.470268489995759,0.016133278339905,100.76108852263502,3,3
AST-006376,1,0,5.560351948198648,0.004801758818472508,20.911346810377466,1,0
AST-006377,2,0,4.856077012766889,0.18893556619015975,23.063374111910477,0,0
AST-006378,5,0,4.202123610423411,0.11692379811904353,37.686760619921756,17,3
AST-006379,2,1,7.673001132537947,0.15259620941962637,0.07116983646490843,0,1
AST-006380,4,2,6.189466270678996,0.03542879419336743,80.23035714410382,3,0
AST-006381,2,1,9.011430389565831,0.07050303128690014,43.64928815653314,1,1
AST-006382,10,1,6.90127181659801,0.08533027466546933,153.51233603749162,18,2
AST-006383,5,2,7.883465412920686,0.16419302458891866,67.0688279806713,23,4
AST-006384,5,1,8.903747775735004,0.20081005728190934,37.575302754039775,15,2
AST-006385,2,2,6.9421679661743685,0.03510371943022922,3.865844577346294,2,1
AST-006386,1,0,5.276449393668783,0.08310300581287504,97.49892654395512,0,0
AST-006387,2,0,4.177999134588229,0.022629093354529586,15.088192163794952,1,1
AST-006388,9,0,5.521407606470679,0.14376660022789822,3.813035275307381,11,1
AST-006389,7,2,8.682304581073144,0.017702170487134416,4.397007903144223,15,4
AST-006390,9,0,4.103178594999585,0.08025867635577652,7.516595244805233,18,5
AST-006391,3,1,9.84871049680212,0.3589277254812682,36.14904742696319,1,2
AST-006392,1,0,6.731744181134597,0.05010017414813778,27.544789002287075,0,0
AST-006393,3,1,7.736962619572658,0.005807365081853326,59.49401695844178,3,0
AST-006394,6,1,8.562336181385591,0.1727827405348196,60.26712575792384,17,3
AST-006395,2,1,8.860285160263201,0.1092427366266858,25.218260248707136,4,0
AST-006396,10,0,6.482473667519604,0.04410860833391129,0.41149358686611726,12,2
AST-006397,2,0,3.322739724938933,0.5245965618262095,12.915686548025063,4,2
AST-006398,2,1,9.208037432461477,0.012991448801302263,5.170253149519085,4,1
AST-006399,0,0,0.0,0.0,35.74037365828591,2,1
AST-006400,3,1,8.117101099840893,0.09077131537374186,30.55875795514159,4,1
AST-006401,3,0,5.207444850752712,0.16497225646490885,88.39220421686757,5,0
AST-006402,2,1,9.069628469593143,0.162084309222017,65.00267846348385,1,0
AST-006403,2,0,5.923117030447326,0.10016116192597328,0.5964383090960242,4,2
AST-006404,1,1,7.496755146019845,0.22653290460854283,1.1930659598980906,2,0
AST-006405,4,0,5.452451566788058,0.20762527183864957,25.05738676939122,14,5
AST-006406,5,2,9.29391510173389,0.16076884000919853,29.368684342926073,16,1
AST-006407,1,1,7.591882265324246,0.026018434450377576,213.80428308385214,2,0
AST-006408,1,0,4.287711076103053,0.26733230661363366,10.523639074485445,2,1
AST-006409,2,0,4.777833942813848,0.11156798099318327,69.89102194458385,0,1
AST-006410,6,0,4.1088619994355735,0.2721867943216075,23.068328575517683,19,1
AST-006411,3,0,4.722340989844451,0.08210876783336211,18.639704159623292,2,0
AST-006412,4,1,8.48893396299108,0.19413538976329964,27.486513613942606,1,1
AST-006413,4,1,8.873905123576545,0.08615014273594637,53.455922522799945,13,3
AST-006414,1,0,6.059564764705722,0.05353083022687196,41.36015873687056,0,1
AST-006415,5,1,7.712751635743799,0.27410112402134407,1.0009606681445828,15,2
AST-006416,2,1,8.120198135100917,0.007988086718474728,33.97905975491832,1,0
AST-006417,1,0,5.617799901117827,0.020777475262471673,33.594329207934415,3,1
AST-006418,1,0,7.2022773730689575,0.014489730645231173,13.053026252398054,1,2
AST-006419,2,0,4.9775925467552,0.202826929443007,100.79939229905592,22,2
AST-006420,3,1,8.853133810615187,0.2569588220865725,33.962739806246326,16,1
AST-006421,4,0,5.227506014877408,0.06621294683073842,10.237430751278886,1,0
AST-006422,2,1,8.276163540247794,0.06410106817001378,45.029999093043045,2,1
AST-006423,4,0,4.457942000016741,0.06735322719680545,18.37103677468831,1,0
AST-006424,5,0,5.742530708093151,0.25035193916907594,23.415299172690986,15,8
AST-006425,0,0,0.0,0.0,10.3085124923706,3,1
AST-006426,3,0,5.96298038828453,0.09299183826053052,34.104983749039484,12,0
AST-006427,2,0,5.056270889376908,0.13212918316515015,68.3756105733024,2,2
AST-006428,2,1,8.220727110970602,0.046015956770939254,32.782570858412896,2,0
AST-006429,3,1,8.857734436153308,0.22019813683513903,82.81305353903944,3,1
AST-006430,4,0,5.099688531250118,0.30803766280941797,2.050751427380841,9,1
AST-006431,3,0,4.800542486258456,0.10935630293808972,21.332826551349015,16,1
AST-006432,5,1,7.634721617637577,0.12331971515776353,82.66079140017307,1,0
AST-006433,3,1,8.966598999683708,0.11813098608334795,40.05196821364556,0,1
AST-006434,1,0,6.75907992650513,0.009165483933982184,75.65076373212608,2,1
AST-006435,1,0,5.334299992153991,0.14922740076857388,12.524429263919215,1,0
AST-006436,3,1,7.463901071054689,0.15087474950255295,26.898882985997773,21,3
AST-006437,1,0,4.406312893967698,0.22112503622899993,6.575588957904969,2,0
AST-006438,3,2,10.0,0.167237109730475,29.773545566621433,12,1
AST-006439,5,0,4.167175561058787,0.09421072839984403,56.09140623628964,14,1
AST-006440,6,2,9.709497692429956,0.168617939764556,14.98612549949046,14,4
AST-006441,3,2,7.673715580287027,0.041828214530662676,24.176418056766618,21,2
AST-006442,0,0,0.0,0.0,65.84442124821685,2,0
AST-006443,1,0,6.249863724720536,0.12203794683308623,11.014273223619881,8,3
AST-006444,4,3,8.937577932466517,0.23128100868845552,111.23229704760588,3,2
AST-006445,3,0,5.020082315433614,0.41675890817255956,0.34430947741799345,1,1
AST-006446,6,1,7.893145546507342,0.15263715973419079,43.583970745763715,13,3
AST-006447,1,0,6.278655263582301,0.1586030581643331,28.06112270413526,0,0
AST-006448,7,2,7.869761679307351,0.04645117819698569,50.13966529912147,12,2
AST-006449,6,2,7.416522478840314,0.09402321051649612,52.48746864941795,11,5
AST-006450,8,1,9.027882309959514,0.17322705731994914,24.225872154939893,9,5
AST-006451,3,0,4.357276265641405,0.32615053008213174,34.51011257309439,1,0
AST-006452,2,0,4.748107917287961,0.00972294704669055,4.738741620377877,1,0
AST-006453,1,0,6.508821034320566,0.013185126999859463,145.20657462743347,5,0
AST-006454,5,2,6.802739826128312,0.36598574069762974,17.191679245979795,11,4
AST-006455,1,0,4.874838535783366,0.018632501079965485,46.914615915851456,2,0
AST-006456,0,0,0.0,0.0,10.978571847885847,0,0
AST-006457,4,1,8.453829801108217,0.015998556554986304,80.41473872036492,1,2
AST-006458,2,0,3.641695101539012,0.059742988022671965,35.9792633340838,1,0
AST-006459,2,0,4.248345753290043,0.19556206840937812,25.216624726255848,2,1
AST-006460,6,3,9.348498797229096,0.016920622222075053,9.054837489198086,3,0
AST-006461,4,2,9.030331306562285,0.23928431443056228,8.33988434134224,3,1
AST-006462,7,1,7.68524785994579,0.14537839089598864,4.505098759313401,19,1
AST-006463,5,1,10.0,0.007360902727129355,102.9696878782912,2,0
AST-006464,4,0,5.223198825998436,0.5516492227646869,36.744439968326944,1,1
AST-006465,1,0,6.133895560461907,0.026381172739569244,50.3510715552213,2,1
AST-006466,9,0,4.51232956723252,0.11362817900451648,37.258890145253254,20,4
AST-006467,0,0,0.0,0.0,18.185056698471683,2,2
AST-006468,0,0,0.0,0.0,37.14461198553744,1,0
AST-006469,0,0,0.0,0.0,4.1180882335930695,2,0
AST-006470,1,0,3.029512090109006,0.04467868546257932,77.75937068366342,2,0
AST-006471,1,0,6.37368429565251,0.06086340229492641,0.6806094935488795,4,0
AST-006472,2,0,5.302313930289513,0.08838407357807623,93.20944544882359,0,0
AST-006473,3,0,4.811820546114582,0.08244075176519006,6.480745354350295,23,1
AST-006474,2,0,4.724243448324713,0.020778898185882605,45.88972840292153,1,0
AST-006475,3,0,5.0647157443273345,0.17906381588093043,2.0072767036926087,5,0
AST-006476,1,0,3.125712065429572,0.29175136415871356,27.74115671330362,3,0
AST-006477,4,0,4.544513275867068,0.02152964321693946,0.41194838820705265,0,0
AST-006478,2,1,9.487760566669346,0.16681554481493432,45.80893048273434,12,3
AST-006479,3,2,9.748005403894929,0.17772602788523692,24.206270420177386,1,0
AST-006480,5,2,7.450402748510728,0.2411842222480795,160.75654948054125,16,3
AST-006481,4,0,6.351606979017013,0.12046288690111397,36.8226481772324,16,2
AST-006482,3,0,3.5550250987791703,0.11743283298039324,66.00529531680448,0,0
AST-006483,4,2,9.077669181622419,0.16615911298245756,0.8049733231409923,12,6
AST-006484,2,0,5.288905004352258,0.0030547011137513303,29.935666388932493,4,0
AST-006485,1,0,4.496462952811224,0.07127521608138224,2.944268870625465,3,0
AST-006486,0,0,0.0,0.0,112.80990408293458,1,1
AST-006487,2,0,4.710310910273208,0.036499071326761424,31.764027576783576,1,0
AST-006488,1,0,6.529012550205423,0.04557541719096014,49.7916134077658,3,2
AST-006489,2,0,5.197330739854147,0.03664018725149934,2.8986866689244586,1,0
AST-006490,3,0,4.599569973853425,0.006782755675655839,26.95121445427741,3,1
AST-006491,2,0,6.062297791861925,0.06696920464082107,0.014526352050577968,2,0
AST-006492,0,0,0.0,0.0,50.188756282142265,4,0
AST-006493,3,1,9.138752775217359,0.05402000923825049,32.542522353635114,1,0
AST-006494,2,1,9.504634805821382,0.17593717543740672,93.24076889788982,1,0
AST-006495,4,1,7.558041680846163,0.0866128070954105,91.82812421654405,1,1
AST-006496,4,2,8.873921831262061,0.032116183766833444,10.262780920092233,2,1
AST-006497,4,1,9.283543208628364,0.14877316436029944,58.59528502072875,1,0
AST-006498,4,0,5.9669831294033315,0.09034588218464493,26.110408372247516,2,0
AST-006499,0,0,0.0,0.0,100.9149693492638,1,1
AST-006500,2,1,9.398357421204363,0.1410810207095851,7.7126047555193,1,1
AST-006501,5,0,5.841170329639758,0.09469455723288266,49.418887766991595,6,4
AST-006502,2,1,8.280757497902261,0.10990727807323077,15.981461883014633,1,0
AST-006503,1,1,7.999872824037772,0.1891256422498762,38.49822263040799,2,0
AST-006504,4,1,8.62877693317624,0.004619868849455651,2.4644622399810703,0,0
AST-006505,2,0,5.04376387503369,0.1319245202989789,1.1686477282045697,4,0
AST-006506,1,0,5.026355643593094,0.022746966591259833,58.905254419275195,3,1
AST-006507,0,0,0.0,0.0,61.739905294178,0,3
AST-006508,1,0,4.675046285454803,0.005389633933154518,53.897654085009165,1,1
AST-006509,3,1,7.677082958739768,0.01637603398799411,4.515445051666615,0,2
AST-006510,4,0,6.3244041249958265,0.18342987946504832,10.247472845781038,19,7
AST-006511,2,0,5.720571754283777,0.03254306914624484,15.40736284289163,1,0
AST-006512,1,0,4.707994690082813,0.04747911154242977,31.040812906079964,4,0
AST-006513,3,1,7.1092512745519905,0.19979592660940085,25.947715468995828,18,2
AST-006514,2,0,6.201594484142812,0.0685318950813796,52.04435554145617,1,0
AST-006515,6,1,7.8220262210790175,0.24961853282178464,4.246707981485659,14,3
AST-006516,4,3,7.434769552062572,0.062322303731670144,119.08737225008686,1,0
AST-006517,1,0,6.693868680438689,0.031795136398583064,40.018874385750074,2,1
AST-006518,2,0,5.990748612613169,0.14342178471371533,11.17397034548445,0,1
AST-006519,4,2,8.497986141373985,0.236853203151172,59.61624400941112,16,0
AST-006520,7,1,8.732333158458301,0.01144260346080682,7.30551567710725,2,1
AST-006521,9,2,8.865480052029017,0.24637746639138772,7.769017001828701,17,2
AST-006522,0,0,0.0,0.0,4.956440305400319,4,0
AST-006523,2,0,5.844950098723965,0.00400424903988027,27.98247243967844,1,0
AST-006524,8,0,6.4803147115692985,0.21021933033244564,4.161021556820047,9,2
AST-006525,3,0,5.9811938630992865,0.015837873329181223,6.381536709396495,3,0
AST-006526,2,1,8.386028559347508,0.015867670155965796,69.22455491528076,11,5
AST-006527,2,0,5.140970377270835,0.05274891406855379,62.124828071183885,4,0
AST-006528,3,1,7.6977599453622965,0.053218407541306446,71.57828974133385,11,4
AST-006529,0,0,0.0,0.0,45.33849164476533,1,1
AST-006530,0,0,0.0,0.0,77.23208860940211,3,1
AST-006531,6,1,8.592532294381819,0.4226121184991107,8.244923357833,14,2
AST-006532,4,1,7.592589872815636,0.009992936003971845,10.056077232757337,2,0
AST-006533,4,1,7.756548667790113,0.051281296348302564,0.6140355068267909,1,1
AST-006534,1,0,5.020262685044865,0.12277539368472726,85.21423209125035,2,0
AST-006535,3,1,7.987780714044729,0.03984242030099585,28.757094504339843,5,1
AST-006536,5,1,8.127484695217703,0.11399744158158905,122.34433709788395,14,3
AST-006537,1,1,6.688924161130047,0.0189648301157772,17.606357668992217,2,0
AST-006538,2,1,8.293724926836326,0.13288014184123287,147.57050005606533,1,1
AST-006539,2,0,7.7336700337382585,0.15032891639350957,54.759765563475625,1,0
AST-006540,4,1,9.282704480705187,0.16887233895830595,88.92013986524313,19,3
AST-006541,1,0,5.1837655933674816,0.03475346868745004,24.904572447220318,0,1
AST-006542,2,2,8.310645400068625,0.13839931405130232,115.3594176244397,2,0
AST-006543,3,1,6.972753062835661,0.22724718820801695,0.7566364226587239,1,0
AST-006544,1,0,5.246357639925206,0.034564542764151905,218.25317654471053,1,1
AST-006545,5,1,9.123648016674029,0.3297933171089368,3.0747913435932435,14,2
AST-006546,1,1,9.70267618654707,0.027937946655396735,113.00184175997983,1,2
AST-006547,0,0,0.0,0.0,38.047605612375115,2,0
AST-006548,1,0,6.068225037130659,0.008136971373935481,48.286614133371145,0,1
AST-006549,1,1,9.371565385880864,0.12797007167451394,23.50722510255931,17,5
AST-006550,1,0,2.6481437845222526,0.13341253809019546,6.459985356030985,3,0
AST-006551,1,0,3.5688090802827332,0.08652345802100854,55.81673331651001,4,0
AST-006552,1,0,3.6364883445815117,0.16512173284793114,6.637125487283186,2,0
AST-006553,4,1,9.62001423827839,0.3484641448594774,19.521435525648656,10,2
AST-006554,4,2,8.441458539900514,0.2208926195536648,6.824402893935857,1,2
AST-006555,1,0,4.941836903038747,0.23264759125603318,24.155812234377052,2,3
AST-006556,1,1,9.929075959476789,0.16191073742021525,13.528436312774533,0,0
AST-006557,3,0,4.486503868319806,0.01510049562197673,26.377470657139757,1,0
AST-006558,1,0,5.191509467527462,0.06556146655843187,13.982782029915304,15,3
AST-006559,3,1,7.224370896341903,0.07172938906716562,7.762121100353834,2,0
AST-006560,5,1,9.21131637248222,0.0890556330574209,16.574064366438662,8,3
AST-006561,2,0,5.1819967514921235,0.15835365894702869,1.068688594592559,0,0
AST-006562,3,0,5.474913659100962,0.014813445273018762,51.80328922951548,1,1
AST-006563,4,0,5.784264652972259,0.004337114612303815,68.69874750887449,3,0
AST-006564,1,1,8.733179283099405,0.27534614287362724,44.82767529470938,14,1
AST-006565,2,0,4.49377219238819,0.21147587587220568,67.13561542708172,1,1
AST-006566,1,0,6.535789979115835,0.4261946346215881,4.490239096701229,20,4
AST-006567,2,0,6.416044804390913,0.034099718718788835,3.5166560403124683,2,0
AST-006568,2,0,5.2340551050619695,0.015252956806964426,21.182246732708236,2,1
AST-006569,6,1,8.227570402399714,0.2866594375263433,122.95608117759508,16,1
AST-006570,5,0,6.519430815232535,0.15021826580554923,5.86135790021307,19,1
AST-006571,1,0,5.478024391313426,0.05949201919504663,2.1017720525458747,0,1
AST-006572,0,0,0.0,0.0,27.84546978297696,2,1
AST-006573,2,0,5.775758990621674,0.0015897004102109248,15.532184474665272,3,0
AST-006574,0,0,0.0,0.0,26.108940961544484,4,1
AST-006575,3,0,3.706274542844066,0.041483260205953734,32.53598226575721,2,1
AST-006576,5,0,3.3688235956808112,0.05893291178666665,98.53437748661017,2,1
AST-006577,1,1,7.686335166824778,0.10569419473886943,31.57243453746934,2,0
AST-006578,3,0,5.886280067584339,0.0039103329853871025,47.601903194196474,2,0
AST-006579,6,2,9.174965452092843,0.39525364728336243,14.538485778727889,10,4
AST-006580,1,0,5.62088958718133,0.023862608539324037,76.92585776507052,3,1
AST-006581,3,1,7.704566902420321,0.20515359450600254,7.2229961333218835,3,0
AST-006582,9,0,6.429728533197668,0.1769941428807614,13.935171811326832,14,2
AST-006583,0,0,0.0,0.0,28.80114261268882,3,2
AST-006584,2,0,3.606090751296371,0.03475820007183834,0.7449633214802175,2,0
AST-006585,3,2,8.177806498426145,0.03961792997410359,134.477848849309,0,0
AST-006586,3,0,4.077682477780769,0.039420536243920154,2.768476303896605,3,1
AST-006587,5,0,4.489422133016206,0.08044393183661393,115.55913430583928,15,4
AST-006588,3,0,4.230932674268627,0.12506481031775474,19.960207188379293,3,0
AST-006589,1,0,2.948018881293849,0.0121121770024257,65.03883700460277,4,0
AST-006590,0,0,0.0,0.0,0.7283843144663342,1,1
AST-006591,4,1,8.729631244664269,0.10652788087553726,17.04329748596885,14,0
AST-006592,3,0,5.083923146210522,0.04132204241010785,6.994280885673741,4,0
AST-006593,4,1,8.905109601161083,0.0673068605626417,0.355982361752706,2,0
AST-006594,1,0,1.8779203458350513,0.02477102774334043,37.650374153421524,1,1
AST-006595,6,4,8.026627812802806,0.2097057945636861,9.724968126770165,3,0
AST-006596,0,0,0.0,0.0,137.05038845926478,0,1
AST-006597,0,0,0.0,0.0,61.218897738341944,3,0
AST-006598,2,0,5.1047362646508105,0.028251042930018004,6.720357409283909,1,1
AST-006599,2,0,6.686429983057026,0.017782346016917312,74.77740607769776,1,0
AST-006600,2,1,10.0,0.004564332322490264,0.6836239055870468,2,0
AST-006601,1,0,3.9400643910743476,0.21082210187324926,9.000195550188419,3,0
AST-006602,3,1,8.221338204718403,0.28262238939616136,4.125288623575715,9,3
AST-006603,3,1,8.906576691890228,0.012659348250032353,58.76723031745238,3,0
AST-006604,2,0,4.130395383744164,0.01301526238580611,18.401564156838457,1,0
AST-006605,2,0,4.369439009981068,0.16395440435564296,180.59307757014068,1,0
AST-006606,1,0,4.903329457473254,0.12219612116518815,9.10418259484394,3,0
AST-006607,1,0,4.853886426800056,0.1860030530557267,59.130154530206326,1,0
AST-006608,5,2,7.679655123518328,0.2607634744365479,42.66102205080214,12,2
AST-006609,2,0,4.578217794727718,0.07677758272057374,70.08096477400547,2,1
AST-006610,3,0,5.34875229335294,0.1697436743137151,16.086824871634942,19,6
AST-006611,10,2,8.426542184231561,0.1541285853961005,120.45091637029032,17,1
AST-006612,2,1,7.491173949957888,0.12261445109492743,78.42868892575481,3,0
AST-006613,4,2,10.0,0.12602783654112415,15.942485584085501,15,2
AST-006614,1,0,7.986630269095965,0.03424560136564635,43.38870287239396,1,0
AST-006615,1,0,5.997675475783473,0.30038749545614857,1.9998623215160716,4,0
AST-006616,4,1,8.507989982583782,0.04074279755072541,7.271112173683902,2,1
AST-006617,1,0,4.59335740097769,0.16170585832204473,13.735418114714557,4,1
AST-006618,2,1,8.406194500855314,0.3095359530666916,8.842662283712052,17,3
AST-006619,4,2,8.487323393500207,0.09747815994982266,153.14144329910027,15,5
AST-006620,0,0,0.0,0.0,18.40655922642975,13,2
AST-006621,5,0,5.317576078934316,0.05726011979599166,34.643749310675446,0,0
AST-006622,1,0,5.590421457126431,0.0641212060811884,72.96884934843641,3,0
AST-006623,0,0,0.0,0.0,0.6683616146501649,0,2
AST-006624,3,2,9.106161948502951,0.2329791593861433,50.20921320189746,1,1
AST-006625,1,0,4.480967971002368,0.11289886158139852,8.128571675557339,1,2
AST-006626,1,0,4.140123992463852,0.07420067741628764,13.63447390353179,2,0
AST-006627,2,1,8.73692331536493,0.07011907160028752,136.5859830079659,3,0
AST-006628,2,1,8.39743643749302,0.0736082199656395,55.077928591057756,1,0
AST-006629,2,0,6.472767063087298,0.15990707184093528,13.691385159770416,1,0
AST-006630,2,0,5.705786309735218,0.2308185090215209,86.94170233267073,4,1
AST-006631,5,1,7.639067779946928,0.1734050798881846,2.2234001077246774,17,4
AST-006632,3,0,4.773591474875789,0.01302336863421912,13.436140609430678,1,1
AST-006633,2,1,7.760347806410451,0.03111290507015,62.63603146324737,4,0
AST-006634,3,0,6.780610831361677,0.21534420867283094,16.12842499077996,10,4
AST-006635,3,1,7.7332198008072215,0.32776531755502825,24.0449761992857,18,2
AST-006636,2,1,7.243417841908327,0.05336861496888483,18.75787291850864,22,3
AST-006637,0,0,0.0,0.0,6.338153323677299,1,0
AST-006638,2,0,3.7050075792269093,0.05349731703199591,28.429766984447106,1,0
AST-006639,3,0,3.7217499386490553,0.10163957942298277,3.602350945882395,17,1
AST-006640,7,1,8.985450792647017,0.19388096394461224,24.97525202245666,19,3
AST-006641,3,1,8.569777315189866,0.07541851292659328,3.7496643559647413,1,0
AST-006642,1,0,7.2848064764146265,0.09833649196324609,12.747315598351594,2,0
AST-006643,2,0,7.2264591751337885,0.008238271069493529,12.433180651513752,1,1
AST-006644,1,0,5.232247111552452,0.12787811042774805,163.8309227790924,1,0
AST-006645,1,0,5.822016157237149,0.09129329822161317,60.15947375728903,1,2
AST-006646,4,3,8.319535252186656,0.018063442872610497,17.902413336924095,3,1
AST-006647,3,1,9.53282224193331,0.1750526167576828,58.02877639583676,17,3
AST-006648,4,1,8.528809038346282,0.0425584253191965,115.30637783268793,5,2
AST-006649,1,0,4.620596790628989,0.061395728035140644,11.508841853216424,22,2
AST-006650,2,1,7.873544573087087,0.013155077660665633,56.18947783487985,3,0
AST-006651,2,0,4.844885975368177,0.048889488691521946,48.71307933299774,5,1
AST-006652,0,0,0.0,0.0,4.211598265030323,2,0
AST-006653,5,1,9.537100307659298,0.09805699258751831,153.1645906112277,15,2
AST-006654,2,0,5.046661685320531,0.008526806367727173,6.569935289835625,2,1
AST-006655,1,1,7.333604007558163,0.21083065376959773,36.08226799180434,3,0
AST-006656,8,2,9.952193821068354,0.11748301675018882,124.7740157491335,14,1
AST-006657,2,0,5.092932879270602,0.10428787266564055,41.49907714236527,2,2
AST-006658,6,1,9.465538046487218,0.02131239133195465,29.03806400626543,14,2
AST-006659,2,0,2.9410173017308874,0.35429180196527965,5.508251306493939,16,2
AST-006660,8,1,7.281499446766723,0.18286696265947636,15.045855940236985,12,1
AST-006661,2,2,5.816454625104197,0.0389432173822016,17.950938403546736,3,0
AST-006662,4,0,4.289312482215811,0.049337414879808965,49.90483029843174,1,1
AST-006663,7,0,5.844738279919722,0.5157335296615384,19.659685278643185,13,3
AST-006664,4,1,8.714750917199629,0.010345562587326633,3.2706877474400526,0,1
AST-006665,2,0,5.184436921840445,0.161484715513331,8.10091658253377,1,1
AST-006666,5,1,10.0,0.22200190416116114,9.220147825798165,21,1
AST-006667,1,0,5.363901646294265,0.0097348191146802,31.44192028906524,2,0
AST-006668,1,1,8.520711890874443,0.10276363517406734,77.9737733128752,18,3
AST-006669,6,1,7.0823340934138255,0.12582071572787937,38.756699030562295,11,2
AST-006670,7,2,9.527234750807287,0.2840690170188094,0.7058873224517437,26,6
AST-006671,6,2,10.0,0.002012171887854975,49.43309632462049,2,0
AST-006672,3,1,6.549102498644,0.26826785077797605,6.9721888828369805,2,0
AST-006673,1,0,5.260305367081178,0.004518937949591199,0.6895326419419862,1,1
AST-006674,4,1,8.021099503392543,0.29475028037253476,21.31070122836303,2,0
AST-006675,5,0,3.6472961549078633,0.1943394901566121,0.3982970731731833,4,0
AST-006676,3,1,7.729671436214709,0.007679449782623306,60.495252794262186,2,0
AST-006677,1,0,4.439322828954573,0.02538779769797637,4.254522422314345,2,1
AST-006678,1,0,4.500196566684606,0.05091233472578191,1.720542753644725,3,0
AST-006679,4,0,4.394776093818283,0.0762849922887019,94.97614782020658,17,2
AST-006680,1,1,8.53705944486122,0.14123169823760384,74.8198825521057,0,1
AST-006681,2,0,4.263651618708193,0.01154432771299658,9.968272949405334,1,1
AST-006682,0,0,0.0,0.0,42.86356506720701,1,1
AST-006683,2,0,4.20279874698168,0.11052352457253821,26.65914850236035,20,3
AST-006684,0,0,0.0,0.0,2.426378971085023,4,0
AST-006685,1,1,10.0,0.07801258824754431,6.665376938467805,4,0
AST-006686,1,0,4.461516699417115,0.003598957229660754,6.839906815899259,2,1
AST-006687,2,1,7.4866118826433965,0.08179357533480433,123.1918706599478,0,0
AST-006688,4,1,7.2210697682783955,0.03946095654783699,85.90648308337032,16,2
AST-006689,8,1,7.193251035915797,0.1373061712037229,27.77083757924964,21,4
AST-006690,2,1,7.5036107315664005,0.0037992341362157508,57.59770700717142,0,0
AST-006691,6,2,7.541569011532448,0.04295926122033006,29.140296012499146,17,3
AST-006692,7,1,9.641816028214146,0.2344356861679978,9.230272552552432,14,1
AST-006693,4,2,5.396546164188303,0.46324372548865494,2.221046888156512,21,2
AST-006694,2,0,4.180060427365694,0.08079164622975543,34.628970156643405,0,0
AST-006695,1,0,6.472476703491561,0.15722514463221804,98.92895591657965,1,0
AST-006696,2,0,4.086276900651492,0.04057290119680328,93.93498328971094,0,1
AST-006697,2,0,5.2459495962819025,0.10847212391046952,0.533429407086099,1,1
AST-006698,4,2,9.181949071845786,0.08880624780483543,3.0532154050363784,2,0
AST-006699,4,1,6.084245803806204,0.2728209789561198,89.93327114311752,11,4
AST-006700,8,1,10.0,0.09939523748827994,56.600626451483755,17,1
AST-006701,8,2,5.882213687762551,0.10084832477620315,5.429500422875297,17,5
AST-006702,3,0,3.0727539936516832,0.01829265640460293,70.86200449732854,2,0
AST-006703,1,1,8.063919389416547,0.04079283896392039,6.139383823676417,0,1
AST-006704,2,0,4.825676701222555,0.13871454368310754,12.60671469858288,2,0
AST-006705,4,0,6.137653348011258,0.0696636986295064,59.747646052489856,2,0
AST-006706,4,1,9.413437968283908,0.24969331852561583,144.73844638419706,15,4
AST-006707,3,0,4.270580109394136,0.19649885449389354,12.7080568398654,2,1
AST-006708,5,2,9.243097862888806,0.2525870576947333,1.260385846001154,20,3
AST-006709,4,0,6.384390406521577,0.25265378480455136,118.23566295050358,1,1
AST-006710,4,0,6.359169700611616,0.21887761112681028,4.620206980477323,1,0
AST-006711,5,1,8.756761716606844,0.04635243535912394,10.079525811992355,2,1
AST-006712,4,2,8.135117435436788,0.03094596600619947,16.68250260584686,1,1
AST-006713,2,1,8.432607721986773,0.02250019601321554,9.20407007293276,4,0
AST-006714,4,0,7.600438941852518,0.18293473006873223,33.04740452917909,1,1
AST-006715,4,2,8.449480498369029,0.05786597930482149,44.16686069926048,1,0
AST-006716,6,2,7.941195233214774,0.20696746094674037,8.141334849971473,14,4
AST-006717,4,1,8.129516845329077,0.07887655428080484,52.80683269236604,8,1
AST-006718,6,0,6.015745884148977,0.25127571961349354,12.004233646966258,23,4
AST-006719,5,0,5.331963699046113,0.10567797619086967,85.82006032299253,15,2
AST-006720,4,1,9.719106804627124,0.28536191782397385,42.025418987259094,12,4
AST-006721,1,0,4.303154473307893,0.06988077760556724,15.332403672714012,3,0
AST-006722,1,0,3.434003150776433,0.03623196023653966,7.655019223921158,7,4
AST-006723,4,2,9.389222816311038,0.17016841296290475,4.320802439762854,4,1
AST-006724,6,2,8.77226596875769,0.09694143077851543,14.274376653637425,16,3
AST-006725,1,0,4.166509964474704,0.05096141476826604,6.446878735048347,8,0
AST-006726,3,1,9.850925254955202,0.017214300262216573,6.254509937057502,0,0
AST-006727,1,0,5.7435130568421435,0.16978571251365873,8.50160919859073,14,4
AST-006728,2,0,3.6526858753011355,0.11461033058753496,0.7980864151214857,0,0
AST-006729,4,0,4.79054504981094,0.0038714230330074593,37.63724169726525,14,4
AST-006730,2,1,7.799891708116334,0.3877989104960512,40.46408200092167,17,2
AST-006731,0,0,0.0,0.0,7.676214638364564,0,1
AST-006732,2,1,8.123660930589633,0.3764935845788766,64.29465212124242,3,2
AST-006733,7,5,7.676281888921718,0.043596858165069946,44.54409715557063,15,3
AST-006734,4,0,5.33964157215359,0.10385827187710905,39.09936178324192,0,0
AST-006735,6,0,6.477505313877637,0.26166002289642626,14.57769938844831,14,2
AST-006736,8,3,8.556971344814185,0.178484829163631,10.149412311943848,21,3
AST-006737,3,0,5.1744525192744755,0.15453457445778163,18.419859862998795,2,0
AST-006738,2,1,7.554366758157527,0.009166192537916102,0.2510059136391898,2,1
AST-006739,2,1,7.749735574628202,0.06357014825165197,5.4110737972969405,4,0
AST-006740,1,0,5.6648198465021355,0.03461868393678487,30.15533368351484,2,0
AST-006741,0,0,0.0,0.0,1.909441884583711,2,1
AST-006742,10,3,9.259983240849596,0.20946377504832367,18.681083905437156,20,3
AST-006743,1,0,3.565830143889306,0.03319128433020044,35.693871114611184,0,1
AST-006744,7,2,9.788142041067747,0.22271398683858942,47.51288522611882,12,2
AST-006745,0,0,0.0,0.0,196.8602717974469,5,4
AST-006746,2,0,6.383464700543458,0.08410926234697241,11.50128751279521,3,0
AST-006747,0,0,0.0,0.0,30.762442488084137,1,1
AST-006748,8,2,9.346412467420924,0.19264229041558076,7.152831698951589,19,4
AST-006749,3,0,6.328781170952684,0.03205668792208397,30.019153314239347,1,1
AST-006750,2,1,10.0,0.08192147485299517,155.55040315235232,2,1
AST-006751,5,2,10.0,0.2473783290510456,28.376176831844948,12,3
AST-006752,2,0,5.605337715803814,0.1410562143284968,18.715865126858084,2,1
AST-006753,2,0,5.227683220431113,0.05715464960773136,5.074093944473277,3,0
AST-006754,0,0,0.0,0.0,72.41141515425355,1,0
AST-006755,6,2,7.165884032595391,0.19359858010627665,5.047439937477575,12,2
AST-006756,5,1,6.299167304465372,0.08439259546223987,84.35378145721215,2,0
AST-006757,0,0,0.0,0.0,30.800110412883743,5,0
AST-006758,1,1,8.337718744210136,0.021647655110409447,37.31249842671286,1,3
AST-006759,4,1,6.494935800611662,0.07831603377121608,10.540679187809818,25,5
AST-006760,1,0,3.9427138077947603,0.03693322424890316,156.41407811398517,1,0
AST-006761,3,1,8.934835248281548,0.09787749512986531,26.95783109279442,3,0
AST-006762,1,0,4.303339191144625,0.10495032189616428,16.863109977221,0,2
AST-006763,0,0,0.0,0.0,10.656259804417044,4,0
AST-006764,4,2,8.753030472639717,0.039125965413160595,43.8038572338654,16,2
AST-006765,1,0,5.288306614676971,0.21952658485695403,199.82553030696505,4,0
AST-006766,3,1,8.806148523884428,0.12182512054182405,120.64105611901795,15,4
AST-006767,7,2,8.75746781941943,0.30480464238733884,3.2802624952014185,17,0
AST-006768,7,0,5.203642877829302,0.09690460818451341,162.7273812973771,11,1
AST-006769,4,0,4.177000071695201,0.10058158484286489,45.88537596853988,3,1
AST-006770,3,1,8.527956914907554,0.1949065868515451,26.61109148725064,12,2
AST-006771,1,0,6.159519447561765,0.08598658877766073,20.646355755582668,1,1
AST-006772,6,0,5.223013592836696,0.17046976865642272,41.59850428300025,9,2
AST-006773,3,0,5.973784276297242,0.24641966498686368,45.856826316737674,3,1
AST-006774,3,0,6.357522044462951,0.08896160823409203,27.231058478759593,7,8
AST-006775,0,0,0.0,0.0,7.517357640103944,1,0
AST-006776,8,0,5.809986192264096,0.21655461611960375,43.383823589301514,12,2
AST-006777,9,2,8.82243509765478,0.3559043034403992,41.721718951731255,12,5
AST-006778,10,0,4.8190054476158855,0.13030367185785147,13.354568946809954,18,2
AST-006779,7,2,9.101454655706325,0.1538863222623629,7.899063637321774,15,3
AST-006780,3,0,5.388160318039987,0.38994685846011623,8.382710295188444,3,0
AST-006781,0,0,0.0,0.0,22.547598587450885,3,0
AST-006782,6,1,7.020888412028551,0.0637783513940443,75.21227792603908,19,3
AST-006783,2,0,4.117970042397481,0.14494698813462628,9.071662238253412,6,0
AST-006784,3,2,7.312981657057194,0.022953066950907975,15.90372348841026,1,1
AST-006785,2,0,5.541102186011251,0.06831648634074608,101.06299557933222,4,0
AST-006786,1,0,5.841729064174906,0.22851305036417188,72.52806690285566,2,1
AST-006787,0,0,0.0,0.0,0.5734977920826,0,2
AST-006788,1,0,4.644383551025388,0.003958294039578684,1.5919638781280288,1,0
AST-006789,1,1,9.340273562502729,0.02398672740820252,0.48331097201066875,3,0
AST-006790,3,1,7.87521334231004,0.010020390928522444,49.493136669512424,2,0
AST-006791,3,0,5.205842051867134,0.06659094958914473,4.822082123486232,0,0
AST-006792,4,0,5.60424335712236,0.0806887807583718,26.400192397569832,2,0
AST-006793,2,1,8.663257714665518,0.07443313165347927,45.48203564521423,2,0
AST-006794,1,0,5.697281583837293,0.17043982357909487,50.845800881339656,1,0
AST-006795,5,1,8.375494408329535,0.4608214710601053,2.999973714007635,13,0
AST-006796,0,0,0.0,0.0,2.7205861691348594,1,0
AST-006797,5,0,4.244084599801652,0.17786521953091428,20.550273360146548,16,7
AST-006798,2,0,4.206185003679579,0.013455375410564149,18.055984382208337,10,6
AST-006799,1,0,5.029501930801975,0.07550913175812116,13.607713725567336,2,0
AST-006800,2,0,3.7210526130871857,0.13121383452532592,38.050900186672244,4,1
AST-006801,2,0,6.496313575177184,0.08515355221691588,20.610283117608187,2,1
AST-006802,2,0,5.230349843157652,0.08411148567870301,94.75140173844682,0,0
AST-006803,3,0,5.555238385601911,0.02597928640930426,47.942816736808055,3,0
AST-006804,2,0,4.736847886282143,0.10600377688388815,42.73410428210775,1,1
AST-006805,0,0,0.0,0.0,148.87140425721708,3,1
AST-006806,1,1,9.184477544118,0.1262981469938815,16.500173341811614,0,2
AST-006807,7,2,8.436760604648228,0.12294968914348034,48.85447168418279,13,3
AST-006808,5,1,7.93510993863977,0.05822219452339019,30.602040534754284,3,0
AST-006809,8,2,7.3626182788516665,0.21248713749170678,37.319979603739746,8,0
AST-006810,3,0,6.033988689368741,0.09638916605003298,7.039754877972207,1,0
AST-006811,4,0,3.4521094066346976,0.002231308658893645,3.0362696367446618,6,0
AST-006812,1,0,4.693023520778599,0.019025884155415732,86.27024500848646,0,1
AST-006813,4,1,7.5209878004097614,0.05866977853344938,45.433107209773596,16,5
AST-006814,2,0,4.618417715483391,0.003334358846637007,21.531169486202216,1,0
AST-006815,2,0,4.930618946932754,0.06716809109391572,35.868865003664176,2,0
AST-006816,5,0,4.983622381708369,0.13830777510176706,10.176320587048107,15,2
AST-006817,3,1,8.610472481804166,0.05157449193238115,7.9668699152582345,1,1
AST-006818,2,1,7.6926447993844,0.0564171443058591,20.687520153096102,1,0
AST-006819,8,2,9.167918492665482,0.1352615142485624,87.5188079611903,17,4
AST-006820,4,1,7.3184782119890475,0.09599569455053214,1.9320022397120675,13,6
AST-006821,1,1,7.73477482623544,0.0997947741309509,83.9656060328758,1,0
AST-006822,2,1,8.41477162674914,0.04827936199476961,46.826365144005216,0,2
AST-006823,4,1,10.0,0.22773897656714318,38.23250563762041,8,2
AST-006824,10,3,8.989713297881986,0.2170851720560585,70.79373076420669,16,2
AST-006825,0,0,0.0,0.0,124.32414081840791,2,0
AST-006826,3,0,5.379588318582929,0.10635151908590175,5.126758317284477,10,4
AST-006827,1,1,8.42983315452719,0.13397595551728309,36.095694323156245,3,0
AST-006828,3,3,8.09185257738094,0.09849598676128002,38.75264830618315,2,0
AST-006829,4,1,7.949407108854504,0.09937784274252028,20.200586652035877,5,1
AST-006830,4,0,5.204097934087351,0.08369589084650915,115.87255534462943,1,0
AST-006831,7,0,4.7607490256768505,0.09395127903451789,2.5238647804413494,1,0
AST-006832,1,0,5.632952253897744,0.36929042321480965,2.7675273762068375,2,0
AST-006833,0,0,0.0,0.0,39.53348458778148,4,1
AST-006834,2,0,3.793906574584774,0.2757821147283845,8.157001511897885,1,2
AST-006835,1,0,5.20124719905926,0.035228063295991395,40.88005454423163,2,0
AST-006836,7,1,8.772615556827267,0.3140971216565171,11.805726151410425,17,0
AST-006837,4,0,5.881379623774182,0.1461452320312385,11.3112269275207,12,2
AST-006838,3,1,7.622282797103609,0.11867464934171812,8.395501666627032,1,0
AST-006839,4,1,7.632143322255665,0.1658148723429393,5.855834865986762,17,3
AST-006840,1,0,3.5344859734517904,0.12461318247055071,22.659212282640272,5,1
AST-006841,1,0,5.089346244113579,0.14587001723701387,29.59792435795603,1,0
AST-006842,4,1,7.344505662385216,0.09923341140513442,83.46586661812704,20,0
AST-006843,0,0,0.0,0.0,57.1697797888385,4,0
AST-006844,1,0,6.012929435401851,0.09147569112127239,17.160833898453955,2,0
AST-006845,1,0,6.519720233999135,0.24501746232161248,41.3931527421744,6,0
AST-006846,2,0,3.910699053692002,0.17669692735834938,19.452231709076006,4,2
AST-006847,3,1,9.156667635023776,0.011894203273609091,142.18595919612605,1,1
AST-006848,3,1,10.0,0.2668127324730607,6.664422125989795,11,0
AST-006849,3,0,4.630056183195982,0.10185199520252568,83.93445515990416,2,0
AST-006850,4,1,9.017298541751606,0.03668097071458487,94.14044351169987,18,0
AST-006851,3,1,7.888533702434266,0.16772220176104435,71.79057081730397,16,4
AST-006852,2,1,7.550668961708091,0.02994205212738309,51.314293753307325,0,1
AST-006853,5,0,4.693136606834156,0.1359357664921937,79.15710020629598,2,1
AST-006854,0,0,0.0,0.0,22.774529582965567,2,0
AST-006855,1,1,8.73911034353654,0.10269242761912839,33.47577186111753,1,0
AST-006856,2,1,8.841475676134435,0.2618639364573287,14.225967102383636,0,0
AST-006857,2,0,6.110195918609776,0.09091416805410223,22.489978600028113,19,3
AST-006858,7,1,8.58612469353197,0.17575509280042811,21.606594814289732,15,2
AST-006859,2,1,7.638075207700644,0.23839984152277088,48.399811857206245,2,0
AST-006860,4,0,5.101635363357686,0.1885251294880519,45.54565958889146,6,0
AST-006861,4,2,7.584052651502178,0.09181738844172477,28.26677402503349,3,0
AST-006862,2,1,10.0,0.11927530641543524,16.346538189621665,1,1
AST-006863,11,2,7.4597058449118885,0.1328940044141358,33.826653802396834,13,3
AST-006864,7,2,9.813379341447739,0.11689670118725141,50.62828734450424,19,3
AST-006865,2,0,5.524551081181684,0.054389973129618595,33.34914323152668,3,2
AST-006866,2,0,4.834213240308444,0.1200809342333949,21.47138932661576,2,1
AST-006867,5,2,10.0,0.01888914403900718,28.06924608064466,1,0
AST-006868,4,1,7.983365130523866,0.0747130201112647,41.30246581954034,0,0
AST-006869,1,0,4.237958580446945,0.021438015863001092,76.25125222265729,4,2
AST-006870,1,0,4.313052521613473,0.10559838641092766,6.782299822210799,2,1
AST-006871,4,1,9.59943267111893,0.034600501898196995,19.604340564933935,1,0
AST-006872,1,0,4.993820144519242,0.05385556897948278,20.894133860867875,5,0
AST-006873,2,0,6.454174226513799,0.06269222301677484,100.31888317905374,2,1
AST-006874,3,0,5.141265164860352,0.14218448684851392,17.98012555193568,3,0
AST-006875,0,0,0.0,0.0,28.07158988338427,2,1
AST-006876,2,1,8.332798600667298,0.02388352405025199,0.8552004564939244,3,0
AST-006877,3,0,5.766983436384686,0.09649318423915589,0.5289287694586505,4,0
AST-006878,2,0,4.446578650558491,0.053409626936017765,91.78677300069756,1,0
AST-006879,4,0,4.376069643641925,0.47439819521086724,12.316553655223247,14,5
AST-006880,1,0,5.673821762527516,0.2419835351090184,2.1704197490530173,4,1
AST-006881,2,0,5.560615997312008,0.15806148020597036,116.07606579820333,2,1
AST-006882,9,0,5.430179214417747,0.07392546308898647,47.21876888199984,9,4
AST-006883,3,2,7.975488760781772,0.06922128676821225,11.893416441471414,2,0
AST-006884,4,1,9.174353713480338,0.29756996396190616,3.929998596441427,15,4
AST-006885,4,0,5.010211373731392,0.02578534826503606,0.7158944831065741,2,2
AST-006886,1,0,4.5577981441082205,0.05335485515847671,15.821341159371878,1,0
AST-006887,4,1,8.83758763371309,0.055324515654894886,22.73631513903619,1,2
AST-006888,0,0,0.0,0.0,16.047657801698648,1,0
AST-006889,2,0,5.482062876882491,0.007187063395852057,32.9939225860223,0,0
AST-006890,1,0,4.052368751186357,0.09973084895380702,1.543320763200149,1,0
AST-006891,6,1,8.157246311152617,0.1625333861447053,84.51055166768711,14,3
AST-006892,2,1,8.91618761808181,0.0068698252299007005,55.20285308701548,2,1
AST-006893,4,0,3.6547622830869235,0.09598802133039752,85.35501548515303,2,1
AST-006894,1,0,5.125318352063006,0.042250846572262954,67.7002546630008,1,0
AST-006895,3,1,7.068712198686875,0.070079320980799,92.25124060893228,17,2
AST-006896,4,0,5.538062315952379,0.20266806018508274,48.894336447594476,17,3
AST-006897,5,0,5.598362351097485,0.124740209388778,1.7117844294694018,10,2
AST-006898,2,0,3.056149259593674,0.09199821692910791,45.48822798678484,1,0
AST-006899,2,0,4.669680799609954,0.049989330598555405,129.1414077146568,1,0
AST-006900,0,0,0.0,0.0,91.78781434764937,1,0
AST-006901,0,0,0.0,0.0,3.6050735751217458,2,1
AST-006902,2,1,6.722957417812635,0.1510509557948651,210.21522864725563,16,4
AST-006903,6,1,6.569985819133155,0.12325511157952376,85.14321857850477,18,2
AST-006904,4,1,9.76976135430951,0.25890562049717386,3.021889347838911,4,0
AST-006905,0,0,0.0,0.0,107.33117152605591,4,2
AST-006906,4,0,5.91650566917106,0.03631913778932481,10.700495139037221,4,1
AST-006907,2,1,8.810030581366266,0.0901759205475964,8.769018706380121,0,1
AST-006908,1,0,6.334937004551729,0.0009449886843691859,21.165108320097616,2,2
AST-006909,0,0,0.0,0.0,5.83573165205094,0,0
AST-006910,3,0,3.5345172727195164,0.0843450635483194,142.45544885906804,16,7
AST-006911,1,0,5.519167261162656,0.05062901240651692,133.63225696118178,1,1
AST-006912,3,2,8.044052835328586,0.040357920615379614,17.470414753813287,17,2
AST-006913,7,0,5.395663786540455,0.07694752075677394,8.150908263086723,3,0
AST-006914,3,0,5.408662647497206,0.05074414418089745,145.67430318490256,2,1
AST-006915,0,0,0.0,0.0,15.959596275568572,1,2
AST-006916,3,0,5.609802237366166,0.05236864332813278,0.7186054211206305,3,0
AST-006917,3,0,4.971801329485299,0.048381029134502915,14.852218376748874,1,1
AST-006918,2,0,5.82682155431147,0.05059911699986767,17.819799504886905,0,0
AST-006919,2,0,4.0476980573441175,0.008637461362658532,27.536020673301476,4,1
AST-006920,3,0,2.8805469958176175,0.06463619940082947,29.28756424152797,17,5
AST-006921,2,0,4.980110887432563,0.18953009395775045,4.411041476767932,1,0
AST-006922,6,0,7.1675173546163045,0.16533534535720137,12.74110761047831,16,3
AST-006923,5,0,5.663256851563238,0.14890025785408662,0.9031096351613507,3,0
AST-006924,3,0,3.5404985495170322,0.14847218102014811,53.07234272876728,3,0
AST-006925,3,0,5.097759452937037,0.019684341997174608,78.00525298267192,2,0
AST-006926,1,1,10.0,0.21252058367715665,105.06075290202159,10,5
AST-006927,4,0,4.925257219980967,0.06078766142168572,89.24705754690645,1,0
AST-006928,1,0,4.7749239262076655,0.10115737523963819,33.86048088459861,1,0
AST-006929,1,0,3.9678828640990744,0.24361541970972972,23.35686466515775,2,0
AST-006930,0,0,0.0,0.0,29.386618543255363,6,0
AST-006931,11,1,7.138529691516125,0.32611209545701986,24.461375213020627,10,1
AST-006932,2,0,4.4791576774752135,0.14707024693121262,14.172000268132459,4,1
AST-006933,0,0,0.0,0.0,13.661775039743079,1,0
AST-006934,2,0,3.6831130790430935,0.2523495486194409,111.78830468347512,13,2
AST-006935,3,0,5.485355528899042,0.04304404075563678,11.192315466819984,4,1
AST-006936,1,0,7.0112574380938595,0.03625066228397913,44.37035036154635,4,0
AST-006937,1,0,5.370229555595651,0.10664380319569042,36.4089653333694,3,2
AST-006938,7,2,9.677012847394874,0.47212202941844716,17.31174975566413,9,3
AST-006939,1,0,4.249495173678791,0.1476587921613486,6.414101633710364,15,6
AST-006940,4,1,7.625867377771297,0.04229889123239931,160.26466713813915,1,0
AST-006941,2,1,8.592996807573883,0.2907136113366129,69.7157040174591,16,2
AST-006942,1,0,4.244850193420499,0.12334435220615574,3.886199493329648,4,0
AST-006943,6,2,7.90120356424844,0.02292710071120152,2.468097021405082,0,2
AST-006944,2,0,5.33335857340328,0.01681767037385446,3.737922703965446,4,1
AST-006945,2,0,6.3463041094662245,0.14827197226188113,17.249964662533593,4,1
AST-006946,1,0,4.868844317903182,0.04275943167385028,0.8032763401684516,2,0
AST-006947,4,0,5.731360936327093,0.04409449876351645,4.633416418025655,19,2
AST-006948,1,1,10.0,0.05788737782621222,7.762485409993874,0,2
AST-006949,1,0,2.7496965619313287,0.25968746912394547,12.180244130565143,14,3
AST-006950,1,0,5.4928152710979985,0.08335866958631713,69.81934651359468,1,0
AST-006951,0,0,0.0,0.0,15.454718782131796,0,1
AST-006952,1,1,7.971253470088134,0.048503212922958755,5.484251344396977,1,0
AST-006953,1,0,6.1356254153736565,0.02614866407230285,17.209489041642716,1,0
AST-006954,8,1,9.87625528108607,0.4062407725393871,44.70047544664244,18,2
AST-006955,2,1,7.850170383705551,0.009987981711301549,35.56182144961247,2,0
AST-006956,5,1,7.664673869772211,0.07558687039952793,9.887364055550872,16,0
AST-006957,5,0,5.164456543320807,0.15816969932234667,51.031438827783454,10,4
AST-006958,3,1,10.0,0.010238491472330668,29.366029260110867,2,1
AST-006959,2,0,5.478481274468975,0.05482070832308292,12.087874363750597,3,1
AST-006960,5,0,6.228892883961543,0.07490657553226379,10.134432303655146,3,2
AST-006961,1,1,8.910953419259467,0.053648106266730285,232.91374703693862,0,1
AST-006962,1,0,3.381000133011934,0.0881575067756627,52.56176160260258,7,0
AST-006963,0,0,0.0,0.0,24.228480839922035,3,1
AST-006964,1,0,4.3495449591283295,0.059045735694193656,40.35104291270032,3,0
AST-006965,6,1,8.207742256266124,0.2861367075115637,63.456287625587855,15,5
AST-006966,2,0,3.440475853897203,0.03170466095349932,37.40373032450132,2,0
AST-006967,0,0,0.0,0.0,1.1295924770503738,0,0
AST-006968,3,1,8.366991975251887,0.07163413671016104,1.5037345068281778,0,1
AST-006969,3,1,7.071107234155322,0.09208735828646376,11.468212690771042,11,3
AST-006970,0,0,0.0,0.0,26.41337945484626,1,0
AST-006971,1,0,6.0292838628175485,0.023543175391499877,49.156820030336085,4,0
AST-006972,9,0,4.625808185461334,0.3690191682726037,29.48395170554758,18,2
AST-006973,4,0,4.850033350584453,0.19872642435120155,29.339498158120875,14,2
AST-006974,5,1,8.525152526813288,0.3045574777320379,2.8252844232283008,20,2
AST-006975,3,1,7.625334130155602,0.16220326522044476,7.145537908313944,2,1
AST-006976,10,3,10.0,0.18835545328142866,16.765563506120813,18,1
AST-006977,3,1,9.405961967274209,0.04772378225980275,85.74678056327498,3,0
AST-006978,1,0,6.109222594163829,0.35392289523126924,179.87271882413805,16,1
AST-006979,4,2,9.376378913812177,0.06302709188757771,25.71361820130445,3,0
AST-006980,5,1,9.591279312200818,0.14008607648185187,9.249253752460419,14,5
AST-006981,5,2,9.477540765768461,0.24588420086648224,40.322451337564125,8,4
AST-006982,2,1,8.408949132136359,0.07470177938200116,20.871575869474217,2,0
AST-006983,10,2,8.05878930874288,0.15115319606896424,7.511473074382325,20,0
AST-006984,1,0,3.964825200344833,0.061321087191438736,38.089797564834946,7,1
AST-006985,2,0,4.350820158161828,0.18237074759855448,0.8567373126517651,3,0
AST-006986,3,0,5.920731268849183,0.11593285001218602,3.270161984544297,0,1
AST-006987,9,1,7.491061679226348,0.09747824088008958,35.85532209633993,12,2
AST-006988,1,0,5.799946652748086,0.028530597914194152,117.70406839213861,2,1
AST-006989,4,0,5.130620190701549,0.1418117381338097,1.8167709305803958,0,1
AST-006990,1,0,5.047911401730474,0.007517874885361725,34.9766212304007,1,0
AST-006991,1,0,4.8304748273865235,0.20091726412822172,59.95878032610677,12,0
AST-006992,7,0,2.815450551902074,0.21390336142882754,23.054706535230434,17,3
AST-006993,1,0,4.150143095051231,0.01837218076175713,0.3969469064879577,0,1
AST-006994,2,0,4.786842565110434,0.10369489496676992,14.576995478554878,2,0
AST-006995,1,0,4.868932490978117,0.0986308774444751,2.206405557969385,2,0
AST-006996,4,0,5.522990892501309,0.11188749310850664,2.313047821409073,2,0
AST-006997,3,1,9.016219101314901,0.2963636945758559,27.694175618038106,3,0
AST-006998,1,0,3.6608510172686506,0.29666413328307034,32.417633793959816,4,0
AST-006999,8,0,3.558825917663755,0.08674831090827541,9.495110506051784,15,2
AST-007000,2,0,5.742161449725561,0.10460038448807026,4.712754407832994,2,1
AST-007001,1,0,4.24313595930304,0.14158806961301268,0.9782224786889595,2,1
AST-007002,1,0,6.184630070885719,0.10673053172286118,22.190321079717677,0,0
AST-007003,0,0,0.0,0.0,34.87172947541141,2,0
AST-007004,0,0,0.0,0.0,80.45665756313647,4,0
AST-007005,1,1,8.143670650064204,0.2703981672947833,307.00166041002564,1,0
AST-007006,4,2,8.384676662902448,0.05025599457832807,18.835225555747783,16,0
AST-007007,0,0,0.0,0.0,3.3626561812499545,2,1
AST-007008,3,1,7.239644929924117,0.015105767615094141,40.79388471344517,1,0
AST-007009,3,1,7.856353395899476,0.03452041847151583,17.226734386731685,14,4
AST-007010,3,1,10.0,0.1368114893973152,32.98527378040896,12,4
AST-007011,4,2,8.068205913298279,0.21157759301888768,113.82565514653623,9,0
AST-007012,5,1,8.348676581133482,0.19316155852715644,2.3673010964015893,25,4
AST-007013,4,0,5.014480653895582,0.04404740812996719,73.36303786867505,14,2
AST-007014,0,0,0.0,0.0,0.9098335962441203,3,0
AST-007015,0,0,0.0,0.0,9.751166191435413,18,4
AST-007016,6,2,8.142685776030541,0.13386966021264624,14.71678319150107,1,0
AST-007017,2,0,5.421355089052295,0.008588414717606834,6.181388957484245,0,1
AST-007018,2,0,4.238264585671362,0.0009603593329052815,114.43909365226801,0,0
AST-007019,2,0,5.346313647348237,0.02374799557482133,23.738785704609704,1,0
AST-007020,2,0,4.423978343172817,0.1057527986336382,2.217413800371956,1,0
AST-007021,2,0,6.332032513279338,0.01326669810089999,12.80136996568935,1,1
AST-007022,4,1,10.0,0.10635119277771746,47.72686600334163,6,0
AST-007023,3,0,3.145040909699133,0.04529198355511533,58.9088148035218,12,2
AST-007024,4,0,6.86343367239553,0.2302069538609305,13.457699704552455,13,8
AST-007025,3,0,4.800651238791314,0.09347245994943154,39.77183826671017,7,2
AST-007026,8,2,9.506310039500812,0.11301673908356684,12.67541614443145,12,0
AST-007027,3,0,5.945982854175756,0.404786049659895,51.391674254272985,1,0
AST-007028,2,1,6.812469738814358,0.0603738011258421,39.20246312856985,20,1
AST-007029,0,0,0.0,0.0,1.7608526850552009,4,0
AST-007030,1,0,3.5441792079710828,0.02286375033850188,57.106757288497676,1,0
AST-007031,1,1,7.0724262343453095,0.055736887044743985,2.3557476566788402,2,0
AST-007032,4,1,9.938162829015324,0.1123261692171788,23.974656784103864,5,0
AST-007033,1,1,9.340364129156885,0.14442276317227448,18.920225303165594,1,0
AST-007034,2,0,3.2961240858335836,0.03461381898760451,9.68495997476117,2,0
AST-007035,2,0,3.516554216754029,0.05232867214539933,18.239112967886008,5,0
AST-007036,0,0,0.0,0.0,6.058201877928494,2,1
AST-007037,1,1,9.488500327009854,0.052497462024164304,107.08423026988768,4,0
AST-007038,3,1,8.92783470452192,0.0942135178299864,57.676141074309804,10,4
AST-007039,0,0,0.0,0.0,18.52770715451132,0,1
AST-007040,0,0,0.0,0.0,79.98349659102102,3,2
AST-007041,3,1,8.246496851612356,0.1765417063011744,1.6199503769099377,5,0
AST-007042,6,1,8.918014578834068,0.07752911067896459,1.0559674511214083,14,6
AST-007043,5,1,8.399253010591849,0.20243184941097384,106.99438860774983,1,0
AST-007044,5,1,8.54326513074041,0.021208187107497715,93.53881547702876,26,4
AST-007045,1,0,7.310596839733192,0.2687229173170444,20.59171643547581,5,0
AST-007046,2,0,4.6427116617798445,0.13039067725101264,76.37196068036067,2,2
AST-007047,4,2,7.195069332134649,0.05086495396059975,4.268329153923834,2,1
AST-007048,3,0,5.1599017465951835,0.09120641222419262,6.877003133077314,2,2
AST-007049,4,1,8.458091249316045,0.06836781083333417,16.545898305674786,1,0
AST-007050,0,0,0.0,0.0,80.57929701258179,3,0
AST-007051,2,0,4.5301999012962915,0.01574745288444548,57.901588558259974,4,0
AST-007052,4,2,7.384473541176226,0.2862891789027152,70.83224557684437,17,2
AST-007053,4,1,8.673611070510061,0.1020574235832175,16.830106691138543,5,0
AST-007054,2,2,9.710226442536161,0.01175167223860805,5.019213943386265,2,1
AST-007055,3,1,8.723908964356927,0.04659642760323695,60.71520604897869,3,1
AST-007056,3,2,8.069114529708012,0.10035383851285588,0.8090595894871689,1,1
AST-007057,1,1,7.94224079101826,0.042919268753530866,36.706136885374356,3,0
AST-007058,6,2,8.439310639924253,0.3315781347047821,54.33484567388321,17,3
AST-007059,5,1,9.092440986326697,0.034069126517521545,22.555630894495994,24,1
AST-007060,2,1,8.84044109166451,0.09482083239436973,41.09224220052286,2,0
AST-007061,7,3,8.722424078012665,0.25367073100485865,56.23360212334636,17,3
AST-007062,1,1,7.319817065796759,0.09124502078433622,0.3707643137716862,2,1
AST-007063,3,2,9.931132989605594,0.026505744031938734,50.79097965159275,3,0
AST-007064,1,0,4.795313445809524,0.20705380934024162,21.13309768405889,2,0
AST-007065,1,1,10.0,0.04042217103437596,136.8464643288862,1,0
AST-007066,1,0,5.571097925885573,0.10579572844626148,9.388266129848594,2,0
AST-007067,2,0,2.938997491545314,0.42700668901811023,24.33408065886656,1,0
AST-007068,3,1,6.935797748789589,0.38854495907154557,120.50254305160563,2,0
AST-007069,2,1,8.984935597045112,0.11725637991096097,53.020267482273525,17,3
AST-007070,0,0,0.0,0.0,82.88118002360949,1,1
AST-007071,5,2,8.104179528717575,0.05747666761054789,140.1890814963402,23,1
AST-007072,2,0,4.585475347147179,0.03348751430687572,7.219114567616904,3,0
AST-007073,3,1,5.358057966697142,0.2332488205275171,1.132262763017715,0,0
AST-007074,7,1,8.705345061936818,0.2914611555655156,100.4671823822576,18,4
AST-007075,1,0,5.321085527758212,0.14004788636438603,99.92933292376945,1,1
AST-007076,1,1,10.0,0.11750244542305148,0.617524917637171,3,0
AST-007077,3,1,8.119499724414384,0.027778769941875454,147.14954180106685,1,0
AST-007078,2,0,4.841000048509535,0.00765966576481175,47.598649677407316,2,2
AST-007079,4,1,8.174529726183259,0.0016762228815493162,7.001083079057118,3,0
AST-007080,1,0,7.603208381614159,0.13144091103104802,30.9156801959147,1,2
AST-007081,4,0,5.23460608420678,0.36301148325131843,49.73176066027071,16,5
AST-007082,3,0,4.506048747213626,0.041397950942795386,37.96630765838794,3,1
AST-007083,0,0,0.0,0.0,6.209856418985626,0,1
AST-007084,0,0,0.0,0.0,4.625877003765225,1,1
AST-007085,4,1,8.197543602371821,0.029359662425347887,88.17218635862211,2,0
AST-007086,0,0,0.0,0.0,101.07690465906695,3,0
AST-007087,2,1,9.339046186598901,0.017115857666544606,60.08396281891024,4,0
AST-007088,0,0,0.0,0.0,16.41949869886914,2,0
AST-007089,1,1,8.170050246662088,0.3211321579902524,0.536109734775095,14,3
AST-007090,1,0,5.013999662498695,0.2715847470446928,45.40201069960435,3,1
AST-007091,6,0,5.072213816993589,0.11849301214352341,7.988865232080192,14,2
AST-007092,0,0,0.0,0.0,51.169887241222106,3,0
AST-007093,3,2,8.170753053822944,0.15459042963357145,19.96892348328143,4,0
AST-007094,1,1,8.508572437884137,0.09307847878169154,113.25028221865107,1,0
AST-007095,6,1,7.829262995631154,0.2068248422977069,4.2770413997864045,17,5
AST-007096,2,1,8.656416845261685,0.03111970810766391,78.51562071297107,2,0
AST-007097,3,0,5.124581961710443,0.24567449144488576,30.739960167894328,13,1
AST-007098,3,0,4.7632257167163266,0.05721929389222045,42.011333366675,14,7
AST-007099,7,1,8.10554180530575,0.15215397100753356,32.922616137158165,22,7
AST-007100,0,0,0.0,0.0,3.845539002108516,1,2
AST-007101,6,2,7.36361160266194,0.11042129530357322,80.83162654166091,18,1
AST-007102,3,2,7.5494695750878,0.06748262179265772,0.3505639802388938,25,3
AST-007103,1,0,5.806687578567104,0.06378125159278075,23.66686626162178,4,0
AST-007104,1,0,4.447395178452632,0.25801257270674727,29.415880288617746,7,4
AST-007105,3,0,6.481894965983194,0.08038020488600789,29.15164126393465,12,3
AST-007106,3,0,4.989485998563602,0.04104016584250508,1.1693639861895804,2,0
AST-007107,2,0,5.3920467874333005,0.0730177753329355,136.8184994971926,6,0
AST-007108,2,0,5.4089356543432,0.021383270117815323,18.459589472521007,1,0
AST-007109,0,0,0.0,0.0,55.95009914767749,1,0
AST-007110,1,0,5.302803863332238,0.0006655183745874501,59.19128632355043,0,0
AST-007111,1,1,7.062290223913702,0.10099124487791142,98.52073597309612,1,0
AST-007112,2,1,9.462854007491442,0.01496672430341786,15.786513340611426,1,0
AST-007113,1,0,4.281376882147699,0.0842667730373696,86.82736897261435,0,1
AST-007114,4,1,9.14308696400824,0.041269498671183326,91.96429826566798,17,0
AST-007115,3,0,4.321649011100362,0.07827533645254985,1.9974080966569558,3,0
AST-007116,5,2,8.739437524419882,0.19431399880029532,9.977398566230328,12,2
AST-007117,2,1,7.8861712220313835,0.008311391907191499,240.25604112929858,0,0
AST-007118,9,1,9.500651177044343,0.14174143591497068,29.63335297038684,15,5
AST-007119,5,0,4.961322893196193,0.07555390279788471,36.54966288464515,23,3
AST-007120,2,0,5.457624470574859,0.025360177027768317,30.508874808712832,3,0
AST-007121,3,0,4.434044617578384,0.034861040277722036,9.389222224174675,0,0
AST-007122,0,0,0.0,0.0,47.171238654883346,2,1
AST-007123,6,2,8.469067832527289,0.33851590826254546,32.219903728767406,18,4
AST-007124,7,4,8.650187694114523,0.11117025288676635,1.2716684261864033,22,4
AST-007125,2,0,3.764956379571416,0.19443709422494457,15.065128752176209,1,0
AST-007126,1,0,6.15332134390614,0.0009066661256355238,108.49067279721653,1,1
AST-007127,6,2,8.879934839887865,0.1737271807318988,43.983331199051314,3,0
AST-007128,1,0,3.540959529468668,0.014079731207221146,49.780251816889454,3,0
AST-007129,1,0,4.554647612762839,0.23032095797456523,5.380661190922281,12,2
AST-007130,0,0,0.0,0.0,36.83173568454629,2,0
AST-007131,7,1,7.457971444028035,0.21605003943632833,96.8375097463034,10,3
AST-007132,5,0,5.984094071001116,0.08415087296667446,3.345983506977517,17,1
AST-007133,7,2,8.630003892995653,0.12442818256130082,81.69075503830179,19,7
AST-007134,0,0,0.0,0.0,31.24157307870919,3,0
AST-007135,0,0,0.0,0.0,59.91580764211909,4,1
AST-007136,4,1,7.752777181246904,0.05558317987087333,31.04728405079082,1,0
AST-007137,4,0,3.5636279470606755,0.20774448958368744,27.056841008958397,17,1
AST-007138,0,0,0.0,0.0,137.59302133304143,2,1
AST-007139,4,1,7.694318225764616,0.03845263881313612,63.74606381915025,3,3
AST-007140,6,1,7.907835788726893,0.056308055130261166,50.59144705065515,16,0
AST-007141,2,0,4.677611873367094,0.006394243608051748,93.35262747414644,0,0
AST-007142,2,2,9.19517865717543,0.2696673531082235,11.022507479544206,5,0
AST-007143,3,0,5.813029132133776,0.09255203516518731,19.32795025793938,1,0
AST-007144,1,0,4.784472452171945,0.05044908588778318,21.578288427952156,2,0
AST-007145,2,0,4.743499089694135,0.06691529080186269,39.838412786375564,4,1
AST-007146,1,0,5.126393771298542,0.07225028064084951,155.2532189774211,4,0
AST-007147,3,1,7.415418775284424,0.1425549342059134,23.592213430810606,13,3
AST-007148,5,0,4.985289117401997,0.08155895863582557,57.16472533345161,14,1
AST-007149,1,0,4.824273194115197,0.17020253915209776,9.479182991075945,2,0
AST-007150,7,1,7.379779295708045,0.1110437281516254,18.791765668377597,6,4
AST-007151,2,0,4.677000567950996,0.08812521643248085,95.61708973665627,3,1
AST-007152,3,2,9.39295769822503,0.06309720021400411,11.403344402420172,1,2
AST-007153,4,0,3.9298304567200617,0.15820630487675974,66.31575575024254,17,3
AST-007154,0,0,0.0,0.0,51.92758938500439,1,0
AST-007155,4,1,7.566137027630029,0.06925128249399026,40.787018066539865,5,1
AST-007156,2,0,4.765108185479532,0.13288660993120974,22.626127920350402,2,0
AST-007157,3,1,8.873453964810835,0.052498397290525786,26.32306957106069,1,0
AST-007158,3,2,7.610269895289106,0.30944646755327937,28.204416098164227,2,0
AST-007159,5,1,8.098229955054578,0.20059731220864355,70.4882982142385,11,10
AST-007160,0,0,0.0,0.0,48.42390704282679,1,0
AST-007161,6,0,5.376454002491894,0.15605881369072466,1.537679959337085,18,2
AST-007162,0,0,0.0,0.0,81.12977081003017,1,0
AST-007163,0,0,0.0,0.0,2.718672441449568,3,1
AST-007164,1,1,9.069805091416303,0.01800342641051441,23.886704883628123,4,0
AST-007165,3,1,8.766973554980718,0.032039050628574366,14.79894551165761,2,0
AST-007166,3,1,8.472336722297953,0.3438684768832051,420.75406704189436,11,4
AST-007167,2,1,10.0,0.053046477109578015,74.79832807693222,3,0
AST-007168,1,0,6.415641362992798,0.011700240061988287,178.22072331597667,2,0
AST-007169,0,0,0.0,0.0,138.01794368941418,2,0
AST-007170,2,0,4.8518456346567564,0.038225216703395015,13.170118361120107,0,1
AST-007171,3,1,8.373708591308674,0.11161458976745656,11.598891326255016,1,1
AST-007172,3,1,7.049439956666566,0.056763493048811085,30.936707347251037,2,0
AST-007173,2,0,3.2369844956548333,0.08782788250011303,6.375448099489118,1,0
AST-007174,4,1,8.150102022659212,0.03424664589975082,47.007805958702804,2,1
AST-007175,8,4,10.0,0.32335943268711387,28.380032994700322,13,5
AST-007176,4,2,9.478550446249846,0.11873976527944807,138.4058413098418,0,0
AST-007177,4,0,4.660555010740293,0.0668467640767281,46.975911140963866,18,3
AST-007178,3,0,5.438176067909082,0.09546344821834334,16.010122730687957,1,0
AST-007179,2,1,7.482657035538001,0.10640329753032361,5.846924345498054,6,0
AST-007180,2,0,5.6079618360065,0.040869733206355674,42.41179216712214,1,0
AST-007181,0,0,0.0,0.0,71.84246061447446,2,0
AST-007182,3,0,6.309140410964494,0.04536067382631012,1.7698439387988223,4,1
AST-007183,2,0,5.0726258746754285,0.14757258593434253,6.513364734924433,3,0
AST-007184,1,0,1.7598563375322205,0.13830675010513377,68.6155419268837,3,0
AST-007185,6,0,4.817848505965042,0.19292617527284928,2.789052845040324,7,1
AST-007186,3,0,4.833026676779379,0.12429033614465383,1.95715125949236,13,3
AST-007187,4,1,8.400037257385328,0.24812904916658118,28.82521397264784,11,5
AST-007188,5,1,6.584099555599905,0.044709687864751775,9.664849690936357,2,1
AST-007189,1,1,10.0,0.09073323857730033,10.86405817471639,1,0
AST-007190,1,0,5.126639143010848,0.10746565421502018,10.302359890224198,2,0
AST-007191,0,0,0.0,0.0,153.3671061372646,4,1
AST-007192,2,2,7.982845061939024,0.146954432732547,0.11121514493515276,2,0
AST-007193,2,0,4.44789098601134,0.009726109065608154,16.05176521005276,2,0
AST-007194,0,0,0.0,0.0,18.855229969039872,0,2
AST-007195,6,3,9.696249217283123,0.1282913788435703,22.98876118112213,17,2
AST-007196,4,2,8.531285157625135,0.03325946000169676,33.18990408252306,14,3
AST-007197,1,0,5.1094196628822335,0.018893930714832297,30.88701299628156,1,0
AST-007198,3,0,6.131171289729273,0.11290578351716105,11.966531765407062,3,0
AST-007199,9,0,4.5468468400299376,0.08303643365829042,47.696763030879595,13,1
AST-007200,3,0,6.347370601122118,0.043003549436802825,17.195179260686412,1,2
AST-007201,0,0,0.0,0.0,72.09061437316738,4,1
AST-007202,6,2,7.740884775985013,0.0016224906068706302,4.9981471224967615,0,1
AST-007203,0,0,0.0,0.0,6.894816763430553,0,0
AST-007204,3,0,4.878092054727329,0.07349450467131138,22.05839736638982,1,3
AST-007205,4,1,9.681577228503958,0.109787378800982,10.13243127776098,8,5
AST-007206,1,1,8.79026121708141,0.017475483901899146,10.633801222691032,0,0
AST-007207,4,1,8.88547373387791,0.08326695874982441,57.927576385995664,2,1
AST-007208,2,1,7.286443972646902,0.04010649040865315,0.43995866619121804,1,0
AST-007209,5,1,8.68413837143301,0.2553668751755515,34.934029097069676,17,4
AST-007210,2,1,6.892611331617738,0.030642412968825715,28.152227988948443,5,2
AST-007211,1,1,7.851383960130026,0.0054579574090211705,10.465083347494245,5,0
AST-007212,3,2,8.549951676049176,0.056487188816793564,42.46189424143943,4,0
AST-007213,1,0,3.7232399674329075,0.15278813038391856,2.975495691554071,3,0
AST-007214,2,0,7.317857605023784,0.2191749165879522,18.00820260783043,3,0
AST-007215,1,0,4.513045665199972,0.230881437191651,0.23814274279655495,3,0
AST-007216,6,2,9.702464314806914,0.2633317540129566,22.0682150896584,14,1
AST-007217,8,2,9.387560776920816,0.12173630367648867,3.3969315860109486,16,1
AST-007218,2,0,5.742785429328816,0.04814626486103242,65.04428814232158,1,1
AST-007219,2,0,5.488073277831092,0.06607437334658123,7.227861884926788,2,1
AST-007220,1,0,4.055096515213852,0.06129043827771867,59.895824681613995,3,0
AST-007221,6,0,5.576641149542378,0.22186817513188972,90.62299308361514,16,6
AST-007222,2,0,4.919819010496751,0.03787371800398974,17.844222389947486,4,0
AST-007223,5,1,6.65910318844905,0.021863347656577915,10.445747030709416,12,3
AST-007224,2,0,5.643183029184063,0.009305782327798124,29.719798736566663,2,0
AST-007225,7,1,8.349432719276727,0.09553687818439205,7.8597811742111885,13,5
AST-007226,7,2,6.784699627347384,0.04864839157445927,26.776937866796185,18,2
AST-007227,4,2,10.0,0.22477213169698174,57.53749780012572,15,6
AST-007228,3,1,10.0,0.0953511760242426,38.07757276425416,0,1
AST-007229,2,0,5.421137179850493,0.02453906300925492,1.3446641838356712,0,0
AST-007230,4,1,8.878709220443529,0.03681775749878326,128.84510716085438,2,0
AST-007231,2,1,8.671433516759803,0.135858073012822,29.717897228509628,0,0
AST-007232,4,1,6.292432793266176,0.03986072526194631,93.58179166101448,1,0
AST-007233,4,0,5.5210130739321,0.09210885591830878,8.804593047300886,2,0
AST-007234,2,0,5.360640154434655,0.08260116515536836,26.426910967941442,1,0
AST-007235,1,0,5.45341029056567,0.0007110725201047145,137.85895495121866,2,0
AST-007236,0,0,0.0,0.0,28.625882256717397,3,0
AST-007237,1,0,4.838649262102373,0.011665967048412398,80.85412723167357,1,1
AST-007238,1,0,5.271599689174095,0.07286103352691838,72.99464349641686,4,0
AST-007239,3,1,8.34947511904225,0.08290351598936112,63.50465389216758,4,1
AST-007240,4,0,4.996642070798366,0.17587790711678095,12.588334214396284,18,4
AST-007241,1,0,5.359346768335876,0.36005323061321326,1.7388724816513232,4,1
AST-007242,2,0,5.338158443669094,0.022023015563744596,116.1926694612742,2,0
AST-007243,0,0,0.0,0.0,124.77497351298811,3,0
AST-007244,0,0,0.0,0.0,85.03937459419313,1,0
AST-007245,1,0,3.9656637977897446,0.026746107052169166,4.22205990092404,0,0
AST-007246,5,2,7.978028301238504,0.0059724625835787,14.013536964890429,20,2
AST-007247,1,0,3.839305855895702,0.1690734079759615,14.932091418799478,2,1
AST-007248,4,0,4.310116537441115,0.040217593945022896,1.7595227120357138,2,2
AST-007249,1,0,4.9152254351236495,0.06860861468396215,6.227965888231202,2,4
AST-007250,3,1,7.523124802221995,0.00723854820381678,20.579050754962594,2,0
AST-007251,4,0,7.040942699672914,0.11899675556458322,0.594746201942158,12,2
AST-007252,1,0,6.651177275046292,0.032857631341027864,0.3005289470937021,4,0
AST-007253,5,1,7.184626534095279,0.07180617426625499,86.09556584497096,22,3
AST-007254,2,0,5.032312639610651,0.0519392866918949,40.06152912885004,2,1
AST-007255,6,1,10.0,0.26824344118671417,9.697710759644199,21,2
AST-007256,1,0,4.318947631115514,0.08015229793392135,17.454207674861006,4,0
AST-007257,4,1,9.211172718716721,0.025447048829027093,26.90562212149403,1,2
AST-007258,4,0,6.545702467667896,0.23960186103521877,183.09832602745496,15,5
AST-007259,2,0,5.391996655082216,0.013011885513756288,156.5582525328981,1,0
AST-007260,2,0,6.113084634568109,0.02465572726443857,25.72763034820964,1,0
AST-007261,3,0,3.6854786478571735,0.09841709140936342,34.65926122275121,4,1
AST-007262,2,0,4.460375916006066,0.2014924594505947,14.026355100329386,1,0
AST-007263,2,1,8.447769065856948,0.04524433473030258,13.271938104800704,0,2
AST-007264,2,1,8.361954496296313,0.01805512549558496,8.941564373016199,1,0
AST-007265,1,0,6.045698507356893,0.11222415724391625,3.2529627281672404,1,0
AST-007266,2,1,8.829727788715156,0.052929645792428176,1.1569184379767177,2,1
AST-007267,0,0,0.0,0.0,165.12959092700098,3,0
AST-007268,3,1,6.519900315254239,0.29449425674910146,60.90061172835063,3,0
AST-007269,3,1,8.327748152236248,0.12842810287786666,13.947053393068835,14,4
AST-007270,2,0,3.8025308118171233,0.0013283055442870346,70.94487652773142,1,2
AST-007271,7,2,7.761922260590697,0.23525652992317672,24.41139867981836,15,5
AST-007272,3,0,4.549694544947882,0.032343040853788425,38.283713064823786,3,1
AST-007273,3,0,5.639519880077812,0.09109793094633001,53.08018015126819,1,0
AST-007274,2,1,8.486029951885683,0.10253558159939169,136.31729793852946,1,0
AST-007275,2,0,6.50730115314288,0.008158153944291154,49.011311152270295,2,0
AST-007276,0,0,0.0,0.0,38.027216178971535,2,0
AST-007277,2,0,4.6295138269281,0.05589569271704664,6.913413322215975,1,1
AST-007278,1,0,3.563769753140013,0.055964441127619405,87.24860117778461,1,0
AST-007279,9,2,8.309266775162989,0.27446615689134446,72.08424248236803,8,1
AST-007280,6,1,9.531854925032718,0.06669755725653571,2.9731735619311577,9,3
AST-007281,0,0,0.0,0.0,45.946792251198964,2,0
AST-007282,2,0,4.516941823933097,0.06753211891656227,7.201221481610852,0,0
AST-007283,0,0,0.0,0.0,15.871357340543879,2,0
AST-007284,1,0,5.137738744076823,0.27930284723029675,22.465430528225827,3,0
AST-007285,2,1,7.969728640338367,0.0162809418621468,17.00272734310294,0,1
AST-007286,2,1,7.94414165309965,0.042282280506853696,32.89406511498718,0,0
AST-007287,7,1,8.38045816994705,0.20156117197744866,15.50848584345927,17,3
AST-007288,1,0,4.981515880192405,0.001368803105216724,29.99479803110985,1,1
AST-007289,3,1,8.990865999909701,0.02314165988991012,88.48391643031296,5,0
AST-007290,8,1,8.461063525567454,0.10834088710031467,0.1149609213555576,11,1
AST-007291,0,0,0.0,0.0,42.896721952560746,0,0
AST-007292,1,0,4.805774881867654,0.14769134007692722,3.47744666412632,2,0
AST-007293,5,1,6.67832576081782,0.2788681462028468,22.178369969956016,11,2
AST-007294,2,0,4.645163983520255,0.08359133578674921,13.800664777817886,1,0
AST-007295,2,0,4.40676534360469,0.19342057674242338,26.7022976016725,1,0
AST-007296,1,1,8.996826930692615,0.139617599967267,13.676220293662178,0,0
AST-007297,2,0,5.404917770579655,0.32686360298668155,7.555900795068895,0,1
AST-007298,6,1,8.813585662954843,0.5334671834758045,8.317366249230675,19,5
AST-007299,3,1,9.226284237143252,0.016290645336932485,125.93273531424744,1,0
AST-007300,1,0,5.595389803825718,0.04056285576756025,43.90828562522237,1,2
AST-007301,1,0,6.102548108161358,0.09715827849595945,57.22386237807426,6,0
AST-007302,5,2,9.128332762061968,0.06247283714872932,28.95819181977674,14,4
AST-007303,1,1,8.57824529101798,0.15282225350853498,23.36206023380642,2,0
AST-007304,2,0,6.105529192220144,0.009326079956827221,123.44887719943615,1,0
AST-007305,2,0,5.468346011075565,0.2666963994423891,30.253733261052837,21,2
AST-007306,4,1,9.035748111432484,0.11014917241717934,17.074780103564297,17,2
AST-007307,3,1,7.8787569972076135,0.1376471410260182,2.9409845515338087,2,2
AST-007308,1,0,4.108249771392734,0.10046861475215768,101.84163184117267,4,0
AST-007309,1,0,4.737533202375644,0.006725614339232951,70.66284467669821,5,1
AST-007310,4,1,9.45499784852674,0.03319301783754648,22.47576432750408,3,0
AST-007311,1,1,8.374144999077,0.048631796285192035,11.681112684350875,1,0
AST-007312,2,0,4.4961876252145645,0.22160821939797468,1.2812991870571901,1,0
AST-007313,1,0,4.452508559975406,0.011752517655246503,29.700089764962296,2,0
AST-007314,5,3,9.720205559206956,0.054931277618645157,55.27355963038157,0,0
AST-007315,6,2,6.99544729503206,0.09873690977624687,25.14380193137127,12,3
AST-007316,2,0,3.8068984134150075,0.25506697567997316,34.86630227330869,0,0
AST-007317,1,0,3.958455053713662,0.030934895462120426,35.12438649440458,2,2
AST-007318,3,2,7.9191727763283914,0.16278034277367287,5.008000210641323,8,4
AST-007319,3,1,9.043569575787366,0.036252844122440744,12.01360513730552,2,1
AST-007320,3,1,7.925992843597628,0.1264112869587632,10.390147043243099,0,1
AST-007321,2,1,7.035422328979994,0.1408162317709078,1.3290993119370798,2,0
AST-007322,2,0,5.746465529241673,0.035976044069859436,90.35595445596833,2,2
AST-007323,2,1,8.960327738122437,0.09066652230616513,19.78247074838352,4,0
AST-007324,2,1,9.861058083173074,0.19023942987014,26.242887830908444,0,0
AST-007325,3,0,7.3414949825635585,0.27431515301754317,2.830004919182788,0,1
AST-007326,2,0,4.544778370365136,0.31497990083813976,18.854994240401854,0,0
AST-007327,4,1,9.570899500623877,0.04865725286221354,13.158944061930281,0,0
AST-007328,3,0,4.130246379672149,0.03066408097989407,11.167680507477762,2,0
AST-007329,4,1,8.83026762873957,0.01473085148591318,4.725895331866516,5,0
AST-007330,1,0,3.4643145997806735,0.0009287332996503481,13.85275348999885,1,0
AST-007331,1,0,5.080333113200182,0.14207341787122413,2.714768056309369,16,3
AST-007332,1,0,6.2163398259718505,0.033533098150444314,90.41299278157115,1,0
AST-007333,0,0,0.0,0.0,19.32667807211596,2,0
AST-007334,0,0,0.0,0.0,69.25049726376929,2,1
AST-007335,3,0,3.9775074488023012,0.16264503331820182,21.68558139042782,2,0
AST-007336,8,2,9.754324218578892,0.1449429199922268,39.05899765573423,14,3
AST-007337,6,2,9.38421890767141,0.1258382901282678,14.895690413781288,13,0
AST-007338,0,0,0.0,0.0,4.445718688617049,3,1
AST-007339,7,2,8.038400139272225,0.05034261064356577,65.24605062502805,13,4
AST-007340,3,0,4.121137052005654,0.026846431538493667,128.66232055063773,2,0
AST-007341,5,2,8.660497024097975,0.12543195984698474,16.888802864825287,13,3
AST-007342,3,1,8.971160141451097,0.12538514222088268,25.230402366077115,1,0
AST-007343,1,0,4.812785899922067,0.005499636563193696,14.079806188821092,1,1
AST-007344,5,2,8.81803328983666,0.08993373429868357,16.678944521182476,17,2
AST-007345,4,2,8.606081597239886,0.027725433297603595,214.00640708437484,0,0
AST-007346,5,1,10.0,0.17339100597649104,31.432660296286905,20,2
AST-007347,3,2,9.348079984418625,0.06260126108711142,23.15047567674281,2,1
AST-007348,3,0,6.929542134795385,0.16389317628760103,7.059219580970242,1,0
AST-007349,3,0,4.154102206583968,0.061215298180391196,54.64238860604161,3,1
AST-007350,3,2,9.164455805616475,0.0780342410820828,0.38824881683783996,1,1
AST-007351,2,0,5.00967874460473,0.3843342565449153,36.053691391749354,2,0
AST-007352,2,0,5.446371420158689,0.02489221450369956,7.094311237833111,5,0
AST-007353,4,0,4.561402913739931,0.2922469429096972,14.063742185615478,2,0
AST-007354,4,1,7.583994789783741,0.041877670626450175,67.17272185213325,26,2
AST-007355,1,0,3.9849641645311396,0.015291439609766644,81.92645939416401,3,0
AST-007356,4,0,6.112382649040922,0.25918610527792973,2.848957315842725,9,6
AST-007357,2,0,4.542912497863571,0.014545656844514188,27.21909727409941,1,1
AST-007358,2,0,5.3431367732560275,0.0951544162814301,44.02681539639128,1,0
AST-007359,0,0,0.0,0.0,12.807341853958047,1,0
AST-007360,4,1,7.916759746228459,0.13198071031053746,84.98980435055019,15,3
AST-007361,0,0,0.0,0.0,37.19250184623882,3,1
AST-007362,2,1,8.000070247321512,0.03691789803169292,10.152104270057883,0,0
AST-007363,5,1,7.874174354199248,0.14224408647618905,21.60096781487366,18,3
AST-007364,1,0,5.721127924245849,0.007898601207940871,34.321221919225685,4,0
AST-007365,6,1,8.29544810273814,0.07222651204329564,80.14793657958684,12,6
AST-007366,1,0,5.2496241907526215,0.10399860150481757,73.7974887160344,0,0
AST-007367,1,0,4.911718735681874,0.015367404713442221,45.741607435331446,1,1
AST-007368,3,1,9.288869037561303,0.05140049985201245,4.024504629142548,1,0
AST-007369,0,0,0.0,0.0,39.012175625285124,0,0
AST-007370,6,1,9.62388776340896,0.04715332536840288,6.017621205889454,20,5
AST-007371,5,0,5.61564915680435,0.28161178042641255,24.574526700297383,11,3
AST-007372,2,0,5.4839522158588325,0.13346794911795978,5.281071965010925,2,0
AST-007373,7,3,9.131560966081796,0.1082342623725227,37.46378837751741,12,2
AST-007374,4,2,7.52080676170401,0.07842633884584403,78.55937048153123,2,3
AST-007375,3,1,8.781414478765699,0.119571184242392,93.47820261769313,0,0
AST-007376,1,0,5.406704649371063,0.14058472259502877,38.449782767343116,2,1
AST-007377,0,0,0.0,0.0,31.828287020212585,0,0
AST-007378,5,1,9.201560825840183,0.0703472009791741,55.91192109357349,3,0
AST-007379,3,0,5.032113411296442,0.012931517456686043,8.997596326902027,4,1
AST-007380,0,0,0.0,0.0,37.71030225291927,3,0
AST-007381,2,0,5.696179085462068,0.0727257730524262,4.7776443915482005,21,4
AST-007382,3,1,9.181634565733122,0.22064184640175524,7.356805104810538,13,2
AST-007383,0,0,0.0,0.0,71.3104360629344,3,0
AST-007384,3,0,6.517501703735349,0.16880513376800657,36.995592444176474,2,0
AST-007385,3,2,8.644125743107471,0.07409047354546407,108.00014300794514,3,0
AST-007386,6,4,8.345475884743177,0.11673119219505061,28.0684348843724,18,3
AST-007387,2,0,5.894680828118604,0.05148551420248236,160.99264709097955,3,1
AST-007388,2,0,4.493103510352601,0.10350127590527454,68.84310821826303,1,2
AST-007389,2,0,6.530567395586353,0.0893854370073691,28.290275818023982,16,6
AST-007390,4,2,10.0,0.0955778329914632,141.95698190869277,4,1
AST-007391,1,0,3.571045528338977,0.15905707953995513,55.31288695334707,2,0
AST-007392,1,0,6.826882752658011,0.0780323527651033,3.52641841054979,1,1
AST-007393,4,1,8.703766888930572,0.05374860762838279,19.66391878135129,2,0
AST-007394,4,1,7.573878513423439,0.05009389971896001,0.9666771722415374,17,1
AST-007395,2,1,7.283470424834367,0.09884960064882592,3.858192671655747,3,2
AST-007396,1,0,2.6650528108135476,0.020042628687956025,29.786521021499524,4,0
AST-007397,0,0,0.0,0.0,11.446686548223182,2,0
AST-007398,0,0,0.0,0.0,47.063553470732,3,0
AST-007399,1,0,4.203667615220718,0.032021753000362974,20.571198780734782,1,0
AST-007400,0,0,0.0,0.0,38.51627911648676,3,0
AST-007401,1,0,4.2063309021720166,0.10039094534356148,1.581817341508855,3,0
AST-007402,1,0,4.757846357305937,0.08932905867763791,1.5923553319562105,1,0
AST-007403,0,0,0.0,0.0,33.265258493685714,2,0
AST-007404,2,0,4.329276113435221,0.07297591221050939,50.198262323810845,1,0
AST-007405,3,1,9.569198963915063,0.23494276950480514,32.98920443797929,14,1
AST-007406,1,0,6.220428827639866,0.12071499186560138,61.45364433993848,2,0
AST-007407,8,2,5.744874911614321,0.1352097701786562,19.02097015278922,13,2
AST-007408,2,0,4.9639029074288805,0.14094929775532225,44.56949955009451,1,1
AST-007409,4,1,8.506315896980379,0.17468066435786167,3.528576583759189,10,1
AST-007410,3,1,6.615252845803998,0.003476811148422117,125.3906626548197,3,0
AST-007411,3,0,4.6317678453532425,0.07367288185220812,3.439069431563774,5,0
AST-007412,2,0,4.697167082313844,0.005382381291651255,19.611283182634782,0,1
AST-007413,1,0,5.580543194991859,0.1196044293781188,47.86614955604794,2,0
AST-007414,4,2,7.896902199993823,0.13699474665014694,12.883450312138862,18,6
AST-007415,1,0,3.8432263995028055,0.1386352845654829,36.84748915780188,0,0
AST-007416,1,0,6.502563555284723,0.0951842805913037,7.457389124600062,4,0
AST-007417,2,1,8.178335953813983,0.3028605480724938,26.4279457164319,17,3
AST-007418,1,0,4.574650610485391,0.02898074751855989,51.767555871265095,1,2
AST-007419,0,0,0.0,0.0,104.66629766995361,5,0
AST-007420,3,1,8.119269060269529,0.06738394948138758,3.34156891385065,1,0
AST-007421,2,0,5.362615632296409,0.055745348926080275,27.618783071021593,1,2
AST-007422,7,2,8.349009733454881,0.11987166015232305,46.16955931620168,17,3
AST-007423,6,2,7.435032019340788,0.06581525236583959,66.55843377639414,2,0
AST-007424,1,0,4.649882630761002,0.14182724386552295,3.881116430845823,1,0
AST-007425,1,1,8.189053484642344,0.20182850960801013,21.09858019132795,1,0
AST-007426,1,0,4.896316314225029,0.009579832371811807,88.50346173458001,2,0
AST-007427,3,1,9.973617170798505,0.032453641339640966,80.44562685507813,1,0
AST-007428,1,0,5.77947529842762,0.1774467907126286,167.52776348150908,1,0
AST-007429,0,0,0.0,0.0,29.52752523599392,2,0
AST-007430,3,0,2.8216072550582867,0.13155066372672897,79.41823540577764,12,5
AST-007431,2,0,4.72458020954477,0.019914432395548996,110.56037023767249,4,2
AST-007432,2,0,5.349852119421593,0.02205334377673699,151.75433953876686,1,1
AST-007433,5,1,7.989804893032841,0.08962015376651225,2.235143965144017,0,0
AST-007434,11,2,7.791026835120838,0.19158090867935879,15.44539199740075,26,1
AST-007435,1,1,8.90736641029676,0.03402130625547637,54.34394540257415,2,0
AST-007436,11,2,8.195420216979896,0.16978200373980407,18.946825054264657,13,2
AST-007437,5,0,4.851822289545447,0.1762988787814887,9.948089313936674,24,4
AST-007438,7,1,9.106527352244541,0.14994069222347456,3.914571675737454,13,1
AST-007439,2,0,7.701177936915842,0.21821821652071058,114.51591172371361,5,2
AST-007440,4,0,4.84741682024268,0.010988432383818343,18.818147722109344,2,0
AST-007441,1,0,5.708146094293549,0.12638941605022191,41.629035628315656,2,0
AST-007442,5,3,9.44313690217888,0.24313554374357058,62.848495370045434,11,2
AST-007443,7,1,9.698034641925837,0.21313325649347825,62.96881506118035,13,3
AST-007444,4,1,7.993660760333261,0.26827046163833684,1.9026989876925664,10,3
AST-007445,2,0,5.532091761356094,0.0603278900374253,42.20629980620929,2,0
AST-007446,2,0,5.346242897465156,0.15367613253794887,26.637169612392533,3,0
AST-007447,5,0,4.61387434693534,0.015460378495702894,5.42414973184224,2,0
AST-007448,1,0,4.763490378257422,0.10161012991721205,50.51331516790209,3,0
AST-007449,0,0,0.0,0.0,51.77033213779935,2,0
AST-007450,0,0,0.0,0.0,68.55535885553212,0,0
AST-007451,1,0,5.150422555556283,0.1633441030808544,79.15217949420774,23,6
AST-007452,1,0,5.139781810070212,0.31901710734693073,6.151683874974879,2,0
AST-007453,0,0,0.0,0.0,1.7107261139310943,17,1
AST-007454,5,0,4.664890894490012,0.3143282065110909,15.680895312130488,16,6
AST-007455,0,0,0.0,0.0,37.32214546484682,0,0
AST-007456,4,0,3.8623165348820523,0.002044394170652859,1.6871954100810427,1,0
AST-007457,4,1,9.629929253634225,0.1941286330965795,56.64794753678952,2,1
AST-007458,2,0,6.051160581067931,0.00295696061020436,52.70678993196166,2,0
AST-007459,1,0,5.240042003552436,0.12011058444218564,8.388949414983118,5,2
AST-007460,2,0,5.6976303175952925,0.010515840361376292,6.097214535192785,3,1
AST-007461,2,0,5.240155921453209,0.19158386296714663,1.3584994367408265,13,3
AST-007462,1,0,4.026949641214718,0.036798051552227797,108.31540221673862,1,0
AST-007463,1,0,4.330748805957029,0.05207018927614136,12.886028750500344,2,1
AST-007464,5,0,4.810014619989879,0.054987735418471836,12.172163358082141,11,0
AST-007465,5,2,9.32857290761577,0.10447261807792976,9.342352303919219,2,1
AST-007466,1,0,4.016125903440164,0.05438635666785939,20.271538860432827,0,0
AST-007467,4,0,6.286437610673737,0.23734551962453695,35.72951044093441,14,4
AST-007468,0,0,0.0,0.0,2.475975837073576,0,0
AST-007469,2,1,8.6819132052467,0.03414990151684278,18.24286735544509,2,1
AST-007470,3,1,9.322941425420971,0.018286613413127463,83.47838216354728,13,3
AST-007471,1,0,4.8662956170105485,0.12504449700960216,18.800015760708867,1,0
AST-007472,1,0,5.386679179132624,0.0873785870664174,38.6372212825098,3,0
AST-007473,2,0,2.7473445650972037,0.13987003796175893,9.513835826588267,1,0
AST-007474,3,3,8.798078512519568,0.31430192917611216,61.35255733858543,2,0
AST-007475,5,1,7.551171386541911,0.12155045050584197,92.53387362903894,11,2
AST-007476,4,1,6.634323219108866,0.019700718995898085,2.0243811446377116,12,3
AST-007477,2,1,7.763804152523145,0.0022864319101735774,75.95368862946675,3,1
AST-007478,5,0,6.92971307336385,0.16006835290628324,18.82057726227941,13,3
AST-007479,6,1,9.270894860115986,0.030742300253008406,21.417133489059317,19,3
AST-007480,1,0,6.064566645519648,0.04004076210411284,15.384500269825072,1,1
AST-007481,1,0,6.027522077679386,0.017715723107637787,15.39022488589382,4,1
AST-007482,0,0,0.0,0.0,58.905196649650634,2,1
AST-007483,2,1,9.12663756175198,0.05505967354423453,57.48176656770927,2,1
AST-007484,4,0,6.369352590731148,0.03749194868606818,125.86074204136108,0,1
AST-007485,1,0,5.026997408136799,0.008235045455747644,50.208965775399406,1,0
AST-007486,1,0,3.6323583133231008,0.06275181389734896,23.885000556764275,4,0
AST-007487,2,0,4.623299547921442,0.1298269598851273,1.2000414559816535,9,3
AST-007488,7,1,8.462909930603393,0.41694056509680716,8.280961053932241,12,5
AST-007489,4,1,9.614346415814714,0.09365940865458496,2.298733872691155,5,0
AST-007490,5,1,6.618087689386387,0.12762207275087817,2.5851166365900284,17,6
AST-007491,1,0,5.044469114979089,0.020745637262146406,14.86113850369916,3,0
AST-007492,2,0,4.734447185324774,0.036927987914450996,0.9003999299216362,0,0
AST-007493,0,0,0.0,0.0,13.299787936458703,3,1
AST-007494,6,1,8.529588469935483,0.17409928853728296,106.6889396003464,11,5
AST-007495,3,0,5.39054014006799,0.2365964373566162,6.6202804793448635,14,2
AST-007496,2,0,4.942530665910378,0.35164540190836807,60.075752664493386,23,1
AST-007497,7,2,7.812547284324631,0.12265975865603605,21.766470818926894,16,6
AST-007498,3,2,8.051264200879736,0.04380027827666752,6.441993103518919,2,0
AST-007499,4,1,8.575683382933075,0.03432845712935802,21.368484292727818,18,4
AST-007500,4,1,7.3402972970667175,0.055248714404943805,17.0610461965268,3,1
AST-007501,1,0,5.713416387770742,0.05756650327215354,4.399404283950852,5,0
AST-007502,4,0,5.406522723660021,0.004807727596507589,55.47083917635308,0,0
AST-007503,5,0,4.094736372369223,0.06745077650111199,18.976202040126346,3,0
AST-007504,4,0,5.24468106683133,0.13361224210597983,17.222493231925682,1,0
AST-007505,1,0,5.23288788653869,0.2398581592170106,14.648294973802745,2,1
AST-007506,3,0,5.208875711104401,0.10941448007867184,7.311778983293561,2,0
AST-007507,0,0,0.0,0.0,50.376636130911734,1,0
AST-007508,1,0,6.475297138654703,0.11046836193822823,12.49609667939217,2,0
AST-007509,3,1,10.0,0.018544160726441387,2.5128996975081193,1,1
AST-007510,2,0,4.0102406066691145,0.037362583902703285,11.649175407399829,2,0
AST-007511,5,0,4.391405041001962,0.25028605056920433,46.27015077135119,18,0
AST-007512,5,1,9.68786786493285,0.1149376281723726,58.10736881030565,16,6
AST-007513,1,0,6.545017989616791,0.10574386160954649,41.80320171580203,1,0
AST-007514,4,1,7.8397652926315615,0.12260681093372994,7.638923114008508,10,3
AST-007515,3,0,5.521229753670882,0.29662568505798,76.92754617448207,3,0
AST-007516,3,2,8.740057228657294,0.10510242171042779,72.1732861847679,2,1
AST-007517,1,1,7.807909870007178,0.13747707494960995,24.044203462874016,4,1
AST-007518,4,0,6.290453039846893,0.10069564880145994,38.68963863458738,0,0
AST-007519,1,0,4.271862177098625,0.07943023981179982,98.35405254878104,3,0
AST-007520,1,0,4.925255719845539,0.01587085245509671,5.972855963664014,4,1
AST-007521,2,0,3.505122291308739,0.0353238044801935,27.549882364129267,3,1
AST-007522,3,0,4.481742304446067,0.02615726669166754,31.634874000902343,1,0
AST-007523,4,1,9.001789058024151,0.1555045642064529,52.68263666452656,10,3
AST-007524,1,1,10.0,0.044409690643931916,12.312297460355932,0,0
AST-007525,11,2,8.67155557402676,0.34036504651109994,2.2022814690026795,14,3
AST-007526,5,1,9.125766548655974,0.1351708947148725,10.668337167205873,1,3
AST-007527,3,0,5.631366054848073,0.17399367028893362,68.17270452781129,17,1
AST-007528,0,0,0.0,0.0,34.91023932684033,3,1
AST-007529,5,0,4.531953116823007,0.20911899995933456,55.758777643656835,14,3
AST-007530,7,2,7.9376404329839785,0.16935457469775095,12.410624394740196,18,3
AST-007531,1,0,1.7252476985961915,0.005700518013731161,58.75235415145939,4,0
AST-007532,4,2,8.667904416354874,0.04749181238547392,8.674334736562093,1,0
AST-007533,3,0,4.9294540234295425,0.01897688768328058,35.610778093721116,4,0
AST-007534,6,3,9.095919494154463,0.044563828031449815,98.8389196265949,13,1
AST-007535,2,0,6.250242895340799,0.07345305015977342,151.7533556924434,1,0
AST-007536,1,1,8.190420486559766,0.09097691994348613,5.841266985131448,4,1
AST-007537,1,0,5.930575906753646,0.08329467433508458,58.383583656885456,2,0
AST-007538,1,0,4.358333713763159,0.19559416874588995,18.787162612180616,0,0
AST-007539,2,0,4.454741463917191,0.026142906373456475,76.52296246375454,2,0
AST-007540,9,1,7.035989259888504,0.26297865591431857,14.24401207997507,8,2
AST-007541,3,2,8.443050773405025,0.06706799607004783,6.626371859867406,2,0
AST-007542,7,2,9.366206652557302,0.08813709932611508,36.6037521485503,12,3
AST-007543,1,0,4.819233513721147,0.08084152667627445,25.2628367970824,4,0
AST-007544,1,0,5.638586691702836,0.0279824431249468,3.5709070627821697,0,0
AST-007545,0,0,0.0,0.0,6.688492979050419,2,2
AST-007546,6,1,8.250353202412906,0.13525629852731305,57.684266515645355,18,4
AST-007547,1,0,5.826180719644887,0.08739760100926536,32.56973082394698,0,1
AST-007548,2,0,4.1630209050974,0.040337522174689174,10.44014512768535,2,0
AST-007549,2,1,8.892027335638705,0.1885761233384402,17.13336796173624,4,0
AST-007550,2,0,5.062923764530857,0.048282448002275026,264.5377694943731,2,1
AST-007551,5,1,9.419762124460918,0.41615040846559964,45.43960735791102,13,1
AST-007552,0,0,0.0,0.0,50.76935529059531,5,0
AST-007553,3,1,7.7910711889568365,0.23550781480170419,28.889947771736317,4,0
AST-007554,1,0,5.447112373484144,0.12974269475812308,183.633597986553,4,0
AST-007555,1,1,9.398088087178126,0.15644500766784047,5.365218831456748,1,0
AST-007556,3,1,9.88548820583576,0.059331073334018145,81.88645061827431,2,0
AST-007557,4,1,8.463686451539543,0.07101843408819711,102.32688382470857,2,1
AST-007558,3,0,5.404457657192259,0.10771629263658283,44.239524394675506,2,0
AST-007559,2,0,6.76754300672785,0.07024265692902881,74.4822527063001,1,1
AST-007560,2,0,5.46770726663433,0.07301664625567461,39.88481317424751,4,1
AST-007561,1,0,6.566592727846796,0.19730582241183214,6.816772045089772,8,0
AST-007562,4,1,9.966422042501053,0.06399956659066748,54.12702442371419,1,1
AST-007563,2,1,10.0,0.014938585475309903,12.892918425273434,2,0
AST-007564,0,0,0.0,0.0,70.87377209254853,2,0
AST-007565,4,0,4.303846881893221,0.04260344817590319,26.84639960377171,1,1
AST-007566,2,0,5.484818043372412,0.2266159241103339,71.65945998663437,19,3
AST-007567,1,0,3.3622725701724,0.06958663940322182,9.552928288007235,2,0
AST-007568,1,0,5.592915468816087,0.03915022076763977,84.53777905161834,3,0
AST-007569,1,0,3.6078319518193656,0.02232057664566402,39.20478345170034,1,0
AST-007570,0,0,0.0,0.0,40.62964343466085,4,0
AST-007571,1,0,4.710186682519868,0.08496899576941375,8.178927077893263,16,2
AST-007572,2,0,4.657979715501153,0.003951160441908655,13.276030820115652,4,4
AST-007573,0,0,0.0,0.0,74.79567656558784,3,0
AST-007574,2,1,8.638012036201399,0.01917168510486947,7.321680800352811,1,0
AST-007575,5,1,10.0,0.11287679437685091,2.20971447547595,14,2
AST-007576,2,0,5.158831306827549,0.16688386312006157,40.651254963220794,12,3
AST-007577,2,0,6.553069975644193,0.06913975179982063,6.104204270303284,2,0
AST-007578,1,0,5.233039237143211,0.26715859726962393,123.9560950464193,12,2
AST-007579,4,3,7.608004442155461,0.18871274270071098,10.903501030741012,2,0
AST-007580,1,0,5.043114376457817,0.3950835974678243,25.103366103682905,1,0
AST-007581,4,0,3.7831689847687042,0.0024472751638746067,72.81303256141733,1,1
AST-007582,3,1,9.694348554978475,0.028639525647708185,5.437792627929106,2,0
AST-007583,3,0,5.19614144240915,0.04683052347517077,6.385087651535105,4,0
AST-007584,2,1,8.507918729273086,0.12027661908855489,23.50020955927622,7,4
AST-007585,1,0,5.806431821472785,0.1673859713959861,25.304758510888714,2,1
AST-007586,5,1,7.934184877962856,0.17991974127984328,6.284294415217018,4,0
AST-007587,0,0,0.0,0.0,16.645002831257706,1,0
AST-007588,4,2,8.627106082186037,0.03353347143639984,82.42492948005578,0,0
AST-007589,1,1,8.755834893650928,0.031509992934183426,37.332318598561805,4,0
AST-007590,0,0,0.0,0.0,45.98365401118582,0,0
AST-007591,4,0,5.238108126865782,0.009355685067717842,9.293262027228602,2,1
AST-007592,2,1,8.39682055485541,0.0266000195577784,59.975274495562196,1,1
AST-007593,4,1,8.441451672733423,0.07822391519540349,23.691075936111776,2,1
AST-007594,2,0,5.4603216541207935,0.290450021869104,12.87423965789393,2,1
AST-007595,0,0,0.0,0.0,10.582484495474578,3,0
AST-007596,2,0,4.066990363025402,0.0005037581041891623,31.268330872400245,3,0
AST-007597,2,0,4.973457987178042,0.06800002350845992,39.5222926650337,3,1
AST-007598,2,0,3.9455539013344287,0.11580640950212509,14.272235759824623,1,2
AST-007599,2,0,7.201421028077457,0.05053191622102166,88.65565169760487,3,2
AST-007600,4,1,9.900106932050523,0.0351144530603379,35.99421691100783,13,1
AST-007601,6,1,10.0,0.08143088363162092,36.2462664015953,19,5
AST-007602,5,0,4.635514480804032,0.17890230763990872,15.260017518169281,21,3
AST-007603,5,0,5.304417523081938,0.044020354868070495,23.938731933046846,3,3
AST-007604,2,0,4.515430840385228,0.05919362822716695,2.0561016898287425,0,0
AST-007605,1,0,6.6281898942225945,0.1068896252252869,14.669510444394088,2,0
AST-007606,1,0,4.60342875238767,0.0021680730028753774,34.6037730255332,2,0
AST-007607,2,0,5.1707413503929756,0.06478426629523931,35.18368426410912,2,0
AST-007608,8,2,8.814736286365186,0.3149732244503915,104.01146837213489,14,6
AST-007609,3,1,10.0,0.13631148362948478,35.21072996794857,3,1
AST-007610,2,1,9.341417871506774,0.08282475331849803,3.090834526434613,3,0
AST-007611,2,0,5.014294187834662,0.12438111483863387,15.395725558968373,1,0
AST-007612,2,0,6.712578593163762,0.14108238029942638,60.08876015150624,2,1
AST-007613,1,0,5.198965532207754,0.07920391149543443,33.823161650279495,1,0
AST-007614,2,0,6.224931480036499,0.06925791215312352,97.04074307243658,0,1
AST-007615,3,2,7.413217152551194,0.001809909597167967,11.62803660220103,3,1
AST-007616,6,2,10.0,0.12132128170799522,2.537163205696519,17,2
AST-007617,0,0,0.0,0.0,118.85218559386438,1,1
AST-007618,6,1,9.126679733439559,0.22674713917907285,25.555477764024616,16,2
AST-007619,1,1,7.834265075138752,0.08310580457390901,71.58575377892348,1,0
AST-007620,1,0,3.948028125279166,0.12839960211440551,23.20376661285792,0,2
AST-007621,4,0,5.201686928463703,0.1553689339770052,52.619019973091405,1,1
AST-007622,8,3,9.027081035729053,0.03064434938004187,4.170835173629022,27,1
AST-007623,1,0,4.015028579519403,0.008666948720408657,40.50389172701559,3,2
AST-007624,1,0,5.077570853574997,0.11796143058221048,18.09866510029635,0,0
AST-007625,2,0,2.8815024210423634,0.07654129428701231,4.995761085839467,0,0
AST-007626,2,1,7.762889761363263,0.19369993442903918,11.367715265516258,0,0
AST-007627,1,1,8.097911485448089,0.014305878194575754,29.60510054502714,3,1
AST-007628,4,2,6.537994919208586,0.0830642764297129,30.373582599182082,11,0
AST-007629,1,0,5.562375576903518,0.060764770439249,44.01873604222984,0,0
AST-007630,2,1,10.0,0.20057127516708612,7.621448062441786,3,0
AST-007631,5,1,9.481957511084481,0.18922747604545215,37.67982353822379,20,5
AST-007632,6,2,7.541957598655161,0.038582311394388384,46.05909736564574,13,2
AST-007633,6,3,8.495885498634454,0.16043625702872746,44.89526385871996,3,1
AST-007634,2,0,5.160323075582058,0.2176075527951121,34.48711979772219,3,0
AST-007635,2,0,5.192417105132017,0.02548098667429909,46.92261883370896,1,0
AST-007636,6,0,5.067410177778084,0.2636422455281896,65.39303024308106,12,2
AST-007637,4,1,8.313973637365788,0.10579626489346731,2.18522519532709,14,1
AST-007638,1,1,7.927087501911483,0.102913131086519,159.10332115071245,17,3
AST-007639,1,0,5.686568959011657,0.23226663277002074,56.74682390354789,0,0
AST-007640,1,0,6.4309752426215585,0.185021110517738,22.93530330142606,0,0
AST-007641,5,2,7.931088706500078,0.0002844000494473729,41.816927960586014,2,0
AST-007642,1,1,7.3274796336329455,0.036469339979570636,18.177628773710765,2,0
AST-007643,6,3,9.608747931916739,0.037097989516900874,145.0354567492902,13,2
AST-007644,3,1,8.543435306066785,0.2653082725690448,4.742029127482171,2,0
AST-007645,2,2,7.080312887524968,0.28933329250435735,4.600877107338388,2,2
AST-007646,5,1,7.911398833979395,0.18420150384835152,1.531268455762413,11,1
AST-007647,1,0,6.569766614932517,0.00681460377277463,77.98203807859575,1,0
AST-007648,1,0,4.929770154103862,0.06294801320822113,36.5944181151811,0,2
AST-007649,6,1,9.313445687047457,0.03465649685003801,30.298339066315226,14,3
AST-007650,6,1,6.880431744183188,0.2530773173034192,43.63134598525317,13,0
AST-007651,5,1,7.731294560941523,0.2721002398912378,208.60386006706426,13,3
AST-007652,1,0,6.3500848422167495,0.03034730482082653,118.3823016044916,1,0
AST-007653,4,1,8.4219469732774,0.008440680086295813,38.34026273326132,5,1
AST-007654,4,2,9.326596031097472,0.07490889118590507,84.9463394565319,2,0
AST-007655,0,0,0.0,0.0,112.6148084283397,3,0
AST-007656,2,0,4.969446518277905,0.1887875767697796,0.2826660616027592,2,1
AST-007657,8,1,8.655127656541598,0.14555535343101983,43.03977328712516,13,4
AST-007658,1,1,7.875597414566254,0.1694907439691513,1.388911109206927,2,0
AST-007659,3,1,6.433744141052106,0.08191248635495686,66.16699302329101,2,0
AST-007660,8,0,6.256428373723658,0.1512658892333126,16.00440280868122,21,4
AST-007661,7,1,10.0,0.2003010890658338,11.818471800404538,18,2
AST-007662,3,1,7.852436395149555,0.09251667375932761,44.46342541571225,3,1
AST-007663,8,2,10.0,0.28287754728025194,194.95557789593423,12,6
AST-007664,6,1,9.342850026381726,0.23222829316214463,6.356963570154447,11,5
AST-007665,2,0,2.9296300805711253,0.062058674833981704,16.465706579724387,15,3
AST-007666,3,0,3.7293819441450826,0.12895469375223612,37.51313271564545,18,6
AST-007667,4,1,5.8481157103491945,0.2092570309857341,0.3956344965402171,17,0
AST-007668,1,0,5.688782531159144,0.06808023630133524,11.496827693939402,0,1
AST-007669,2,0,4.517345552902417,0.0211423253805574,44.19760207590861,3,0
AST-007670,2,0,4.753778573789571,0.0028073567132532603,23.68792831716453,3,0
AST-007671,4,0,4.601339928675161,0.09620217728760987,14.929020010262366,4,0
AST-007672,0,0,0.0,0.0,3.252042204495711,2,0
AST-007673,0,0,0.0,0.0,14.03304138146303,5,0
AST-007674,3,1,9.677529299288409,0.03151797040069796,41.92455380593198,2,0
AST-007675,7,2,7.855303130141995,0.12611930415757558,59.99725368268432,14,3
AST-007676,7,0,3.910017579079091,0.24465242247742755,26.68050692035961,12,3
AST-007677,2,0,5.488325561309134,0.0033463288815245326,38.75881498622758,1,1
AST-007678,2,0,4.775355763368525,0.028232064838577105,84.11489218927252,2,0
AST-007679,0,0,0.0,0.0,143.05340344929832,12,5
AST-007680,1,1,9.47141795154805,0.12630036578302573,4.873107782526175,21,3
AST-007681,4,2,7.89132103300909,0.10987189750330338,2.726811264014091,14,2
AST-007682,10,2,6.335365461282427,0.13893608676223015,2.5309189346736183,13,5
AST-007683,3,0,4.692673464223145,0.5429382148795943,39.78094305874221,12,1
AST-007684,1,0,7.805033939708602,0.14265193633348514,1.6380434136638446,5,2
AST-007685,0,0,0.0,0.0,18.923785803056898,4,1
AST-007686,2,0,4.2814117714242474,0.13790422842754957,84.95012257576542,15,5
AST-007687,3,0,4.834731070106029,0.04397868728937079,5.289394275446492,3,2
AST-007688,7,1,9.259264001667091,0.23244802612849697,110.5215546865665,19,1
AST-007689,2,0,4.1063650982275695,0.0947258967879404,6.131425598218615,3,0
AST-007690,2,1,10.0,0.14825341333801345,42.91642159835413,17,1
AST-007691,1,0,4.109910791740749,0.06893297694739695,119.42590184301545,3,1
AST-007692,2,1,7.743012944968107,0.010835505713225623,14.66528783684402,5,0
AST-007693,2,0,6.902627844362128,0.04821686880948756,137.26342877692005,2,0
AST-007694,9,1,9.101837479760313,0.39371983492959006,99.89791277138985,13,1
AST-007695,2,0,6.982653664753032,0.03179540504348469,74.0888769614165,3,1
AST-007696,6,1,10.0,0.0820497357815564,0.2858824096200832,14,1
AST-007697,8,4,9.315682372945433,0.5565003335378991,11.362074302004503,16,1
AST-007698,2,0,3.374136689053856,0.10408325143621727,73.89800175124604,13,5
AST-007699,3,0,4.5003721129007515,0.15379646842973663,22.443385356799922,15,6
AST-007700,3,0,3.9625191392114423,0.02008998111660274,233.98739130111016,2,1
AST-007701,1,0,4.577267438183118,0.02195218843831577,10.002720604910046,2,1
AST-007702,3,1,7.592643192181883,0.09821793309373854,77.02243635256161,2,0
AST-007703,4,1,7.719042464383565,0.10500658000988909,37.813758717494196,11,3
AST-007704,3,2,9.910472194764623,0.1764938700109566,27.267231143205166,15,4
AST-007705,5,1,9.44577785674676,0.03584266731904484,67.26894620113181,3,1
AST-007706,3,0,3.500783188967345,0.1290325463138605,10.083372162768674,1,1
AST-007707,1,0,5.467354348720283,0.0035135093666285133,2.1530526320419265,2,3
AST-007708,3,2,6.888305780708069,0.22685448290378518,5.759178291187821,1,0
AST-007709,0,0,0.0,0.0,51.32691088427789,2,2
AST-007710,0,0,0.0,0.0,52.4127307090163,2,0
AST-007711,3,1,8.122325564927358,0.003690034396561547,3.905301464974646,0,2
AST-007712,2,0,3.83772338092831,0.09392944011266215,21.444893229818046,2,0
AST-007713,2,1,9.22191547711345,0.014811343212926192,0.8917882900280657,1,1
AST-007714,2,0,4.3568814471423565,0.24407965211116275,44.07357805100737,2,2
AST-007715,2,0,4.780715402000069,0.035150088201097385,22.056937324779152,0,1
AST-007716,1,0,4.030471678695744,0.06754193782114667,43.91971193458787,2,1
AST-007717,4,2,8.075275565091513,0.20750425854612647,6.468062107300432,2,0
AST-007718,3,0,5.297529160864271,0.006277017641141964,50.025521717369124,1,0
AST-007719,1,1,8.017050760279162,0.15882401157897902,30.194476843188713,1,0
AST-007720,1,0,3.1010851464187974,0.10569558322437192,82.26102127000533,1,0
AST-007721,3,2,9.23973860510191,0.11959047837880386,14.791241569262452,11,2
AST-007722,2,0,5.675186813817795,0.02455983312444607,32.733825888780856,2,1
AST-007723,3,1,8.060526588792955,0.20153034154847488,16.77305005254274,2,1
AST-007724,1,0,5.807226699215641,0.027620397784345836,88.23715121855636,1,2
AST-007725,3,1,8.111578505464367,0.054252771077423,75.30955452927542,1,2
AST-007726,1,0,3.844969120711264,0.2742899541684365,0.8074690836794568,18,3
AST-007727,3,1,8.94833838758728,0.12101705678489567,46.88771008561231,6,0
AST-007728,2,0,6.237458182977974,0.17990910080964614,7.368076844751449,2,3
AST-007729,1,0,5.350832736049059,0.11175041363657581,51.09605667741244,4,0
AST-007730,5,1,9.356542175015964,0.027841059054324394,117.95395607195253,0,0
AST-007731,3,0,4.621922392527459,0.00495618415769277,8.347172841150902,1,2
AST-007732,2,0,4.904855470215216,0.14287755702627566,9.695999402376225,1,0
AST-007733,1,0,6.336210450289273,0.3571493206034713,32.33904619767717,5,0
AST-007734,1,0,5.91511778447996,0.2224364502666656,2.191620643377397,4,0
AST-007735,0,0,0.0,0.0,44.68324535745605,4,1
AST-007736,2,0,4.568036125493374,0.12098709620826548,14.670447454118321,18,3
AST-007737,1,0,4.86614531733337,0.07665404111346594,14.504076732286979,2,0
AST-007738,5,1,8.794077920176127,0.11277323021907147,58.731109745772045,2,1
AST-007739,1,1,7.3991837299466905,0.014151589494864817,40.720849431853935,3,0
AST-007740,1,1,6.776725249039988,0.09978335171874742,29.791241204734874,4,0
AST-007741,1,0,5.874913102163804,0.17086336843475683,15.669222640507407,17,2
AST-007742,2,0,3.674558193589796,0.07895851881488647,1.7344812101439702,2,0
AST-007743,2,0,4.84965077489233,0.0909109010443449,35.170292274570514,3,0
AST-007744,2,1,9.34801247323078,0.07186006671779607,198.47265463468923,3,0
AST-007745,1,0,4.515006853813172,0.014224041390292241,49.50747739582611,2,0
AST-007746,5,1,7.990830178159524,0.1510560793821819,0.7170702751497925,3,1
AST-007747,4,1,9.461278902679691,0.1214911138219749,34.303608402151546,11,6
AST-007748,2,1,9.410493586428997,0.26755515261172425,12.343965784369633,24,3
AST-007749,3,0,6.601912537745186,0.1422239209735328,73.05709011949762,4,0
AST-007750,6,3,8.352207345079266,0.41396919426120277,23.56886727113402,18,7
AST-007751,0,0,0.0,0.0,79.65365505750886,4,1
AST-007752,4,2,8.607055714174157,0.12969523846120473,5.880518987251535,8,2
AST-007753,4,3,8.551161536634137,0.1236856092381657,13.211618127505172,12,0
AST-007754,4,2,7.358894872045119,0.17472733451853056,69.08577154878114,0,1
AST-007755,0,0,0.0,0.0,11.142819017450817,0,2
AST-007756,6,1,7.3122644588272285,0.18173589089108216,30.98137012788232,11,0
AST-007757,1,0,6.774218059515011,0.011048040787073853,64.46419285478783,1,5
AST-007758,2,0,4.442528387761087,0.0029899652449425023,1.4754503294722388,1,0
AST-007759,0,0,0.0,0.0,7.852109277544732,1,0
AST-007760,4,2,9.134984520243153,0.06187182274218991,28.042664223970668,11,5
AST-007761,5,2,9.2846457440629,0.23105175451613003,36.70249775180285,22,3
AST-007762,1,0,4.161780322333578,0.10014963111052473,9.879553513663929,4,0
AST-007763,7,4,7.2242140160267105,0.1564070913134491,67.44607749529116,19,1
AST-007764,2,2,10.0,0.07746172638610807,44.482990986428305,3,0
AST-007765,6,1,10.0,0.1277750554234942,47.888195956243784,17,3
AST-007766,1,1,9.42837568166776,0.008703521908975288,30.529078965093365,0,0
AST-007767,2,0,4.793440759640432,0.00029544073895596863,82.59412698685881,1,1
AST-007768,0,0,0.0,0.0,5.921256395581252,4,0
AST-007769,2,1,8.856408433714803,0.06561363044716398,26.736001175184303,6,0
AST-007770,3,1,9.07919688687963,0.0008090357062778569,2.2441396821493793,1,0
AST-007771,3,0,4.764585019926386,0.11114155619289591,17.657913790931115,16,1
AST-007772,1,1,8.06520821772952,0.07604375874734513,88.82725441994184,2,1
AST-007773,4,0,4.508006738858682,0.17529734867833602,6.77726957517145,15,2
AST-007774,3,0,3.759915210978755,0.03330108999877643,19.486539857117712,5,0
AST-007775,1,0,5.048225699052507,0.03752436794126326,19.36317969249482,4,0
AST-007776,2,0,5.301811816154362,0.15647105950472598,17.257388112738585,3,0
AST-007777,8,3,8.935803937857768,0.3029402435346245,34.4224553097734,11,1
AST-007778,0,0,0.0,0.0,31.36650271544456,4,3
AST-007779,6,2,9.558220875340602,0.029850168575089046,119.04613191030052,13,1
AST-007780,5,1,8.751912021226119,0.057257984629502524,3.235484085964331,16,3
AST-007781,0,0,0.0,0.0,126.97194233778137,1,1
AST-007782,2,0,4.965222803949633,0.20539946112152785,3.9692930982561423,2,0
AST-007783,6,1,8.490139394887636,0.04530105578139282,5.320902385057011,15,5
AST-007784,6,2,9.333244000206196,0.13722191891635366,21.51470578184945,17,2
AST-007785,3,0,4.619040805307994,0.0077348523425429016,51.670706266753044,2,1
AST-007786,1,0,4.846894616121067,0.07409927442311184,18.53641835124925,3,0
AST-007787,1,0,4.855145964481957,0.05084747474824463,33.26305850706934,1,0
AST-007788,2,0,4.821346811246571,0.05882818776987165,3.629310005289329,4,0
AST-007789,2,1,8.26839686664831,0.42362393552724215,62.19769967090861,3,1
AST-007790,3,1,8.019087722888623,0.00847791903136889,22.94042754008963,4,0
AST-007791,0,0,0.0,0.0,11.778152934444417,0,0
AST-007792,3,2,9.917903307930809,0.02643813766901411,64.24745866948211,0,0
AST-007793,2,0,4.55756545806355,0.12983125622488867,48.126808389892055,21,1
AST-007794,3,1,8.276749064326488,0.1073430292540128,73.7949052203375,14,3
AST-007795,4,0,6.614088018582548,0.25580815145899216,108.102089909404,12,3
AST-007796,6,1,9.62249401797247,0.05323349786491067,18.04344112684802,19,5
AST-007797,2,1,8.939631962973843,0.23671126075574733,20.559669178433406,1,1
AST-007798,3,1,8.703662702585415,0.039270524080917496,31.51646280639462,10,4
AST-007799,4,0,4.805960123854319,0.11405433337610432,61.68689774318044,13,3
AST-007800,2,0,5.0284672955401835,0.24898137372192403,18.298483110109398,27,1
AST-007801,1,0,4.870375857664392,0.09398633371168418,28.54793991651488,1,0
AST-007802,4,0,4.451086038150397,0.16990433623192946,76.46758193160329,1,0
AST-007803,3,1,10.0,0.23256919834703424,57.34534008932278,3,0
AST-007804,2,1,9.23139502826724,0.009559721358516252,10.876400739705732,1,2
AST-007805,6,0,5.660820106997776,0.3137661626592659,78.00661365097551,16,1
AST-007806,1,0,3.621937934262825,0.035314310950147795,10.798161683548242,2,0
AST-007807,6,2,9.382806865325882,0.18383492386343955,77.28274996558801,13,3
AST-007808,3,1,6.4392923910564415,0.040928848066684766,3.5485894834995277,2,2
AST-007809,0,0,0.0,0.0,15.569355968154316,2,0
AST-007810,1,0,5.801442500287116,0.04620935472354908,93.02141708721625,3,0
AST-007811,3,2,9.26758066732977,0.1090406366913576,5.393082091396399,2,0
AST-007812,2,0,2.952050446895498,0.018184796101758716,168.93033810737126,4,0
AST-007813,0,0,0.0,0.0,45.152067608764185,1,1
AST-007814,5,1,9.911288199229524,0.16122612428605418,13.69522772506256,2,0
AST-007815,7,1,7.599304219559024,0.11205250890648114,3.996602317747158,22,0
AST-007816,1,0,5.776673500632247,0.13834464252773412,70.38677823056344,4,0
AST-007817,7,2,8.587114955511742,0.17894883591509111,42.07913776333491,15,2
AST-007818,0,0,0.0,0.0,0.3421445994787093,1,2
AST-007819,1,0,5.262055234812103,0.1184664292058711,9.314465366589387,3,0
AST-007820,2,0,4.761820663946605,0.03953648791371535,8.610698564928942,1,0
AST-007821,5,1,10.0,0.0898225407058634,31.348086437947114,14,4
AST-007822,1,0,6.25236609205534,0.13443359956855602,114.00959330141767,4,2
AST-007823,3,0,6.737887993696882,0.11720264940673436,3.1546096027169113,6,1
AST-007824,5,2,8.598884873750833,0.3328301178668261,62.10357836173212,19,3
AST-007825,0,0,0.0,0.0,46.18831947221685,1,0
AST-007826,3,0,5.4281083806763615,0.0537604397791418,28.019145429259076,3,0
AST-007827,4,0,6.10184017204394,0.11327027021829775,15.503178998712155,12,1
AST-007828,0,0,0.0,0.0,5.793404842672403,3,0
AST-007829,1,0,5.0835635213362975,0.04845169469985038,106.51415893938685,0,1
AST-007830,4,1,8.598000508947985,0.08202380331215772,1.7497084557136209,2,0
AST-007831,1,0,5.705419971741256,0.024426981526765663,74.0465771111814,4,1
AST-007832,2,0,5.098331354658956,0.05738918005950183,5.288952938694788,3,1
AST-007833,2,0,4.538782690872689,0.002184788176453474,106.15181823129817,1,0
AST-007834,3,0,4.487037422011287,0.3608528122444262,23.088707454851832,19,9
AST-007835,1,1,8.032765822017064,0.012622096666794608,7.600244226831746,4,2
AST-007836,4,1,7.145429362561355,0.0663232738839837,6.735874271742488,1,1
AST-007837,1,0,4.146900425027523,0.16664337307461996,35.346016865764,12,0
AST-007838,1,0,6.801915206412119,0.20643890396530828,89.3003497616446,0,0
AST-007839,3,0,5.548678734780184,0.3161189594402378,35.232021639828055,18,7
AST-007840,2,0,5.611599224342851,0.143664422362302,22.74149682320068,22,3
AST-007841,4,2,8.146364450258346,0.003101394206174056,21.28140579064308,1,0
AST-007842,3,3,6.4618809415528276,0.25825183188059314,12.774434214333615,3,0
AST-007843,5,2,9.073466380396527,0.05401051192638117,71.47265482488012,13,6
AST-007844,10,0,5.423516969929947,0.11297351794081446,4.8169856287615165,13,4
AST-007845,4,0,5.530286785891137,0.1582095154529203,24.10710114409556,0,0
AST-007846,4,0,5.22917575334498,0.07066985012816175,9.316618743836058,2,2
AST-007847,3,0,3.6559873600046044,0.13152669302757766,76.72231048336397,1,0
AST-007848,3,0,6.715016322900604,0.014522282937210954,70.20804302791404,0,1
AST-007849,2,0,6.412336411092389,0.006233289617581009,4.638755190598978,3,0
AST-007850,6,1,10.0,0.13298775563893542,58.21993068625993,3,0
AST-007851,6,0,3.1552315495839336,0.13637840574755397,22.892518847196325,11,3
AST-007852,3,0,5.49939609033597,0.11033865038757108,207.6943214476135,0,0
AST-007853,6,1,9.568409973951118,0.4554876872690489,39.168074635933486,15,1
AST-007854,0,0,0.0,0.0,28.949950679492055,2,0
AST-007855,2,0,4.996819010324181,0.030601645759442245,7.923071231937128,3,0
AST-007856,3,1,9.086231616744621,0.018845617898695446,37.017022347606726,0,1
AST-007857,1,0,5.7511517620514185,0.1260206178584167,10.28733701330571,3,0
AST-007858,0,0,0.0,0.0,2.5836570074531906,2,0
AST-007859,7,3,7.442367327606776,0.18624212712585134,61.0190846337668,14,4
AST-007860,1,1,10.0,0.00539277089849879,67.49304392902451,3,1
AST-007861,6,0,6.472672714201432,0.062034303959185425,130.70998897555575,9,4
AST-007862,0,0,0.0,0.0,136.4742192449302,3,2
AST-007863,1,0,5.7125890123233445,0.1404037898836385,68.82434040037529,0,1
AST-007864,2,0,3.789441056137379,0.08226214799681131,31.827568712617666,5,0
AST-007865,1,0,4.877379917480399,0.21961624654109255,20.243089396593216,18,2
AST-007866,1,0,3.6874087840702545,0.04941373230322039,0.5374803172798449,1,0
AST-007867,2,1,10.0,0.1752820917236641,24.245671115162608,2,2
AST-007868,9,3,8.915226478031592,0.05459982248145168,50.69699782284643,21,4
AST-007869,9,1,9.327707652109016,0.39082077345796684,77.33677773505303,12,2
AST-007870,1,0,4.920122793451481,0.05615068457688333,25.601319781858454,3,2
AST-007871,1,0,2.1126830869524094,0.1695968976838072,22.885159151511605,17,1
AST-007872,2,1,7.531005150298293,0.03872985614443197,1.2341375986177174,1,0
AST-007873,7,0,3.778329677949947,0.47222530065347224,2.1990995889030915,19,3
AST-007874,3,0,5.213231167159491,0.06184930728394382,3.3693291742438065,1,0
AST-007875,2,0,4.453211087642472,0.06468309042938096,13.40406586340125,1,0
AST-007876,1,0,6.2145596317904275,0.060840398524264955,5.495844295917887,5,1
AST-007877,3,0,4.348756851112692,0.018672743331370867,56.61325066026738,2,0
AST-007878,1,1,8.721878715691997,0.005298227195769947,73.4337893216487,1,0
AST-007879,4,0,4.264567279453873,0.31593140469227016,224.3666043753121,13,5
AST-007880,3,0,6.169273838423662,0.20952236622756987,119.18356418915715,9,4
AST-007881,2,0,5.701061955723044,0.15633840955195757,49.35516595055037,0,2
AST-007882,2,1,7.571395903081341,0.017332136244867978,2.6002657448283237,1,2
AST-007883,1,0,4.976488832185706,0.033520343596217396,4.236600390204048,0,1
AST-007884,3,0,4.258612133611506,0.013972971762403086,8.284587910036608,1,1
AST-007885,10,3,9.921070432446417,0.10873982352660297,38.11085762824296,15,4
AST-007886,1,0,4.311586205604575,0.0702732668025055,13.374146502493694,3,2
AST-007887,3,1,9.310780024002703,0.21813538987537479,5.238883859717172,5,0
AST-007888,0,0,0.0,0.0,4.425012144948926,2,1
AST-007889,0,0,0.0,0.0,22.06357900296247,1,0
AST-007890,1,0,6.597186912587331,0.29569767314526163,9.250788071083063,1,1
AST-007891,0,0,0.0,0.0,1.6269647959992457,2,0
AST-007892,1,0,3.6745026605731264,0.012248499612437652,36.71835513702533,0,1
AST-007893,4,0,5.058346277662424,0.128479815106408,33.97240065891547,1,1
AST-007894,2,1,7.8755037335523435,0.1801280992278282,106.29278260386265,2,1
AST-007895,2,0,6.917003083125886,0.043772557585224914,0.3301044762613741,1,0
AST-007896,7,1,9.317204150547107,0.12654840117464608,26.228729800068127,1,1
AST-007897,0,0,0.0,0.0,29.922969084570216,15,5
AST-007898,1,1,7.082574144748275,0.04181971224371069,74.05009800819879,2,0
AST-007899,3,1,10.0,0.05105275797132579,1.2489113875817857,17,0
AST-007900,2,0,4.757128541453007,0.07258747299845886,1.9901763115047555,0,0
AST-007901,1,1,7.62022692744529,0.0501091569253744,100.75078613776594,3,1
AST-007902,1,0,5.625196110435683,0.03824742325731392,55.77296250743713,4,0
AST-007903,2,0,4.655749943057054,0.00837387321842191,5.130856433012108,1,0
AST-007904,6,0,4.48892746366157,0.3072831427233979,21.177916695367394,15,6
AST-007905,2,1,9.72349430878302,0.0029248758069548506,4.711460682115713,3,0
AST-007906,2,0,3.4795186653266215,0.15952214876746176,50.84850705072575,1,0
AST-007907,6,0,4.3917827007673464,0.2689048092385364,136.4868573343198,20,3
AST-007908,0,0,0.0,0.0,29.951141118828808,1,2
AST-007909,6,1,9.055551042771157,0.1692875686982944,1.7067255402281345,5,0
AST-007910,5,1,7.000722719449231,0.05355520342329653,26.43282542869426,2,1
AST-007911,3,0,5.6869277973209975,0.4233480669519498,7.671201760812422,2,0
AST-007912,2,0,5.553114905877101,0.01699611857859758,70.6474423093801,0,1
AST-007913,3,1,7.519819103371304,0.047765384978691094,16.377070115460477,4,0
AST-007914,7,2,6.384492075021383,0.06349698317667188,49.75620205560473,17,1
AST-007915,8,1,7.327855910895424,0.43772191126949134,40.76870600105036,19,4
AST-007916,4,0,5.939871522918203,0.04207470257874376,15.024387420757407,3,0
AST-007917,4,2,8.38845735563691,0.11491293736099858,1.0995219313026086,1,0
AST-007918,1,0,4.179991697118869,0.02724077824568593,62.308050895576905,1,0
AST-007919,3,1,9.386664007237336,0.053395800741460255,36.321842564347385,1,0
AST-007920,1,0,4.4455943586258915,0.01649919160739354,54.48638274163267,0,0
AST-007921,5,2,9.499744257790748,0.2734497906956473,37.55463956881279,21,3
AST-007922,8,0,5.060978621398558,0.09787280222401992,24.50575670065794,11,1
AST-007923,2,0,3.3571497000923056,0.05565219968021767,60.35931964485238,1,0
AST-007924,1,1,9.221163658369266,0.02200300300649848,5.719151344355008,2,0
AST-007925,2,0,5.184203194275731,0.07068840960856608,29.217472530281498,2,1
AST-007926,1,0,5.513048349570025,0.05058847477343958,135.2942287295143,1,2
AST-007927,1,0,4.616887879033886,0.10324239279827188,45.37804544007974,0,0
AST-007928,1,0,4.145326420447727,0.14283173385929004,9.298100847601287,2,0
AST-007929,5,0,5.977633333865658,0.16426616208021622,14.685396518138155,2,1
AST-007930,1,0,5.462903933745899,0.05676586821436653,10.144547169041662,0,0
AST-007931,4,0,4.76430829576148,0.33398802100222197,114.05386827101174,2,1
AST-007932,5,0,5.188591747664968,0.23772299839151845,24.325347002939814,25,1
AST-007933,2,0,4.3103903443792495,0.05254175995384596,66.48702165864555,2,2
AST-007934,2,1,8.818481961412886,0.01882804615786171,84.6630811664491,2,1
AST-007935,2,0,6.001395046310603,0.06407303361266811,32.56631629963279,6,1
AST-007936,3,0,7.683031618879268,0.03073624192672052,34.88152443746637,3,0
AST-007937,5,1,8.590035987661864,0.29347219921821394,26.783660745581425,18,1
AST-007938,3,0,5.961697538403083,0.006151873204895635,12.89167359649566,2,0
AST-007939,4,1,9.20170976238025,0.05097353121097003,13.32883490075254,18,2
AST-007940,3,1,8.917402776583986,0.12423981059837151,83.76496754945612,2,1
AST-007941,1,0,4.644581699362706,0.1894509810201117,24.161468147121543,5,0
AST-007942,2,0,4.231471058575726,0.04450750302647472,52.502283269250825,4,0
AST-007943,2,1,8.054112959574256,0.013743931817874578,88.39493275347358,4,0
AST-007944,3,1,8.393450157906448,0.0591641092853336,6.472557970257161,3,0
AST-007945,2,0,4.573113317609513,0.03773485678235728,25.75015466436352,13,7
AST-007946,1,0,3.7684545365558133,0.004313029296175646,78.46034251386524,1,2
AST-007947,6,3,9.132699143638387,0.031771912911046904,22.039472594882085,1,2
AST-007948,0,0,0.0,0.0,46.072640595346456,1,0
AST-007949,1,0,5.967761895837623,0.1661057831004274,26.172422508657014,1,2
AST-007950,1,0,4.591413609816714,0.0778938027517422,45.39848312102883,3,1
AST-007951,1,0,3.757604803227369,0.23378710080233692,78.85509563565334,1,0
AST-007952,0,0,0.0,0.0,27.431379131919755,3,1
AST-007953,4,0,5.08992633099027,0.021126172805437316,11.582363540448979,2,1
AST-007954,2,0,5.006340647498933,0.06538748058257685,43.49509599402201,9,2
AST-007955,2,2,7.3528657545879135,0.1620066138462223,97.48855661099365,16,3
AST-007956,2,0,4.432428326253435,0.17951899623472845,45.016458544618054,0,0
AST-007957,9,3,9.141384764581126,0.1530682502305766,241.3943487918806,18,3
AST-007958,5,0,5.318975246938638,0.3059603136963838,39.33659794511854,13,4
AST-007959,5,0,4.597142959523693,0.2530634603633823,64.86778397662417,1,1
AST-007960,1,0,6.346578731817691,0.03715087316604689,16.328057885310145,4,0
AST-007961,1,0,2.7996381077106722,0.18595108805315919,1.625510417512726,1,2
AST-007962,1,1,7.455400210781911,0.09710233444316672,4.287651273612382,1,1
AST-007963,6,1,7.606022241278575,0.27643218123678864,14.978796687087101,13,5
AST-007964,4,1,9.667029522990592,0.22354145822769603,151.1157547744475,16,5
AST-007965,4,2,9.24380835870655,0.32572004910186597,81.72306983832978,14,4
AST-007966,2,0,7.458646614381649,0.015516348546187943,5.06531473653245,2,0
AST-007967,1,0,5.5528519765383,0.036029746810254205,5.279315899020272,3,0
AST-007968,3,1,8.472119957090925,0.02942387712497084,107.76860285400944,1,0
AST-007969,9,1,10.0,0.011731442059928892,6.497589625787311,2,0
AST-007970,2,0,4.0577349406677055,0.0498021851200711,56.21889980742426,5,0
AST-007971,1,1,7.745020415713271,0.036304092561761495,66.62369216416909,3,0
AST-007972,1,0,3.647861018876906,0.08034103982544634,25.902096017298337,2,0
AST-007973,3,0,5.749535018946466,0.0015729094339939256,31.94162560354093,1,0
AST-007974,5,0,5.129177702957221,0.06915177194756965,8.513758031389191,15,4
AST-007975,0,0,0.0,0.0,12.554844969215075,1,0
AST-007976,2,0,5.105053308354735,0.2057202662669843,9.021766286465944,15,2
AST-007977,2,0,5.04486559789571,0.5180723519972734,23.604302630000397,16,2
AST-007978,4,3,6.923866555709458,0.19913793730467197,27.700195447332582,29,0
AST-007979,3,2,9.957342723735355,0.09431069202974257,65.81109313554683,20,5
AST-007980,2,0,4.380848612541847,0.03616086416306681,86.80769957959859,6,0
AST-007981,3,1,8.967450553443914,0.06642718700743386,58.231286859451394,2,1
AST-007982,15,2,7.802576594866585,0.08446513460578316,6.821329171590472,14,2
AST-007983,4,0,4.547346508911251,0.15407731679490738,17.722871108596653,11,3
AST-007984,2,0,4.675991181717651,0.1748908479652651,67.11962158269414,3,0
AST-007985,3,2,8.590945740232721,0.15795693396738839,4.712206398534584,18,2
AST-007986,1,1,9.461117682925796,0.07760287080072474,24.29600553369241,3,1
AST-007987,2,0,4.498021312640202,0.15774028832040712,76.62903729483371,2,0
AST-007988,1,1,8.091311113121066,0.006687614474812236,19.261641126926794,0,1
AST-007989,0,0,0.0,0.0,3.6090794883928012,2,1
AST-007990,1,0,4.293017021741994,0.003931487044306166,14.924893921948179,0,0
AST-007991,1,0,5.385080859468631,0.06107335152296968,86.78374802799752,2,0
AST-007992,1,1,9.831637629284053,0.02600783067306378,4.04598881520735,0,1
AST-007993,3,0,5.437631702525787,0.3193094423451959,30.239700045883378,14,1
AST-007994,1,0,4.822833833541208,0.03380299478361746,2.9642907688823326,1,0
AST-007995,1,0,6.7630561600597785,0.03216245069116188,20.356986601099123,2,0
AST-007996,3,0,4.319155644666227,0.16698344836074003,45.83020038594305,1,0
AST-007997,2,0,5.12940722425181,0.014164081236693084,173.96824237823822,3,1
AST-007998,4,1,10.0,0.036226885561504475,58.047810124508885,0,0
AST-007999,2,1,7.24119787078736,0.08029485449524346,176.99039703901406,2,0
AST-008000,7,2,8.308647748971431,0.055259382191131724,27.288384685442374,9,3
AST-008001,1,0,5.429413170131642,0.2550720142819055,45.67727332364711,2,1
AST-008002,2,0,5.301630535750361,0.06254566172083724,35.229361437253985,5,0
AST-008003,6,0,4.61220269055739,0.10973312943448531,15.533457689349719,16,3
AST-008004,6,2,10.0,0.10697872637639061,50.24171858732815,13,2
AST-008005,2,1,8.04724493138191,0.07927288921405763,110.43934753089997,0,2
AST-008006,3,0,4.289460728707274,0.028340505241662924,58.41493690014848,1,0
AST-008007,3,1,8.346167893151444,0.17106351506037534,33.584371291572246,0,0
AST-008008,0,0,0.0,0.0,103.10226752588562,0,0
AST-008009,0,0,0.0,0.0,20.88152878160272,1,0
AST-008010,5,1,9.295068358448484,0.0352428146424012,65.04244616542937,17,5
AST-008011,3,0,5.059318230843181,0.12989319482899397,49.99766732631275,1,1
AST-008012,2,0,4.539085108920025,0.0383152057198773,93.62661043407678,3,0
AST-008013,3,1,9.554848756608855,0.05938312633124497,24.32827904561899,2,2
AST-008014,1,1,8.672685973714879,0.09787799446847781,3.156292518884181,17,1
AST-008015,2,1,8.237874143175024,0.0062985527277691425,10.982335305529066,2,1
AST-008016,1,0,4.189683022250456,0.01994177209120529,80.86504929987808,1,1
AST-008017,0,0,0.0,0.0,3.7141689445888293,3,0
AST-008018,1,0,4.770229127247056,0.12977392351739686,78.0266843777709,1,0
AST-008019,5,0,5.944630487245359,0.08816486257483779,32.0825826438389,13,5
AST-008020,2,0,4.3846327529603215,0.1384295085619839,27.661164321995482,1,1
AST-008021,2,0,5.224375700285606,0.06930231574075911,2.795627445606403,3,1
AST-008022,1,1,8.356175311185781,0.03841622460805737,29.789508458676217,2,0
AST-008023,5,1,7.899901133604786,0.22123941289288732,7.201302951604272,18,2
AST-008024,1,0,5.285394247238418,0.049196682046697714,20.38160275067103,2,0
AST-008025,8,2,8.845613141409382,0.14877709154181532,15.916438061733887,9,1
AST-008026,1,1,7.89939159472557,0.35075358514453553,15.4266295705153,2,0
AST-008027,2,0,4.522253760235471,0.052230609553071586,22.001754091815577,1,1
AST-008028,2,0,4.204222379367273,0.1670263228952662,6.972659513646649,1,1
AST-008029,3,1,9.558103545018582,0.03875362997274793,10.22782213910242,2,1
AST-008030,4,1,9.905410087756971,0.12261820933421282,45.2551366758898,15,1
AST-008031,3,1,8.201083171472554,0.16945917558096643,150.84879348752682,12,1
AST-008032,3,2,9.215183506596222,0.0569126747132324,91.84690491279578,2,2
AST-008033,0,0,0.0,0.0,3.4998993260178297,3,0
AST-008034,2,0,4.749728303368802,0.13438365792926565,75.37061844355435,2,0
AST-008035,5,1,9.265154170792698,0.06200528168889003,25.3384017359658,11,5
AST-008036,2,0,4.520664613992001,0.07196482543733376,82.10909090656646,4,0
AST-008037,2,0,4.654242441012818,0.05070879073692159,68.51761826961773,4,1
AST-008038,0,0,0.0,0.0,211.95284546347773,2,0
AST-008039,2,0,4.559663216595847,0.03231562412580002,20.439285785335258,3,2
AST-008040,6,0,5.540459665862316,0.25644489343521,30.24305966064295,9,3
AST-008041,2,0,5.551538789165762,0.15164950303850044,130.98819496473033,17,2
AST-008042,1,1,7.902419765527821,0.1514829543174911,72.43541965350828,1,0
AST-008043,4,2,7.418537621656936,0.28472797184852,104.2069425653409,2,2
AST-008044,3,0,5.6177584025239495,0.03702321065705568,43.89045748133984,1,3
AST-008045,4,2,6.760254148219702,0.1269663962058391,8.467965528741932,10,1
AST-008046,1,0,5.8803100980455,0.053890054911559584,23.963896932286765,1,0
AST-008047,2,0,6.557709854814203,0.09647909819798321,2.1035424018081534,2,1
AST-008048,6,1,9.575376709568541,0.046604871452151586,25.670455596164622,0,1
AST-008049,0,0,0.0,0.0,1.9083618555890702,2,0
AST-008050,1,0,5.280600182270958,0.0838909765292572,134.4966269213098,2,0
AST-008051,0,0,0.0,0.0,2.8203998900185163,3,0
AST-008052,5,1,7.939653323109572,0.21353614034629878,36.956895771646614,12,1
AST-008053,3,2,8.260655647257442,0.004310334668844952,0.24244098621367044,2,1
AST-008054,1,0,3.7623140123212444,0.08894468391538282,21.932616735000106,5,1
AST-008055,3,1,6.627538598539646,0.24771520960478544,32.186459826567564,2,1
AST-008056,1,0,4.22083591869347,0.0015231462827868553,89.11678782992132,0,0
AST-008057,7,3,8.304970195299832,0.13013056586913765,10.923785437799278,3,2
AST-008058,1,0,4.186413933724721,0.020112101707023114,70.68898346899562,2,0
AST-008059,1,0,4.821120842080394,0.0034600609290648112,38.93315867426422,2,1
AST-008060,1,0,5.1937021720393,0.14180302464218944,2.3327761619649094,3,0
AST-008061,2,1,10.0,0.1685086866606185,44.18475424967772,1,1
AST-008062,2,0,4.79961715970511,0.0827072816533077,24.461000804804126,2,0
AST-008063,5,0,4.907299168453772,0.09685351174620155,62.54095733591245,12,0
AST-008064,1,1,7.512795760236096,0.16438032558239635,13.141413747677245,1,1
AST-008065,1,0,5.011959197860076,0.16498076620937124,21.52183220009793,3,1
AST-008066,2,0,5.599233617661288,0.2381420949774952,0.9429214693119431,4,1
AST-008067,0,0,0.0,0.0,91.994987034347,2,0
AST-008068,6,0,4.884997086556003,0.0405081132282338,28.203195537289034,27,1
AST-008069,0,0,0.0,0.0,31.563983599262915,2,0
AST-008070,3,0,4.319190982512286,0.028099211064616433,56.722400814673065,14,2
AST-008071,2,0,5.08300168138566,0.0666627186825858,22.765595521754623,1,0
AST-008072,7,0,6.015055927132579,0.16348610021733515,29.117046427243892,13,2
AST-008073,4,1,9.415803979369846,0.18625372690507663,0.5467799566321403,12,4
AST-008074,2,0,5.432440184537797,0.043442949749662556,8.409703005908497,2,1
AST-008075,4,0,5.296361363222056,0.09992707090807994,202.92323055761238,14,6
AST-008076,2,0,5.11755044384284,0.04077597038711315,0.19165356105431794,5,0
AST-008077,9,3,7.412917504477133,0.18928756254236087,28.769681771675003,14,2
AST-008078,5,0,6.147893674537118,0.15361556026110185,184.27257864579693,17,5
AST-008079,6,0,5.714738969296029,0.28233175146834705,30.649512804550408,25,3
AST-008080,1,0,3.643127663897929,0.14124687954049522,8.947193582096261,1,0
AST-008081,5,2,8.27154778759502,0.16933225502571533,4.540267739420668,15,1
AST-008082,3,1,7.697778192142987,0.04319416914621447,52.22534769617403,1,0
AST-008083,1,0,7.012033472549158,0.03698247109439796,45.16553731532643,2,1
AST-008084,2,0,3.7203124608570333,0.09340812506855356,2.174107944879024,0,0
AST-008085,4,1,8.635686129872328,0.04633841137041974,56.695996162340464,16,4
AST-008086,3,1,9.115532907708289,0.1302434367634545,80.57367954142742,3,1
AST-008087,2,1,7.288029408334675,0.018237797811694337,96.320070245244,1,1
AST-008088,1,1,9.581762516159564,0.01978751118897058,4.518080828363628,2,0
AST-008089,0,0,0.0,0.0,17.281536092621526,0,0
AST-008090,5,1,7.581301462201306,0.048845647813789916,98.6595020475421,18,2
AST-008091,2,0,5.703365814221886,0.12715198785559143,68.98469323869814,20,3
AST-008092,2,0,4.846356524175979,0.10747219330752626,40.05583336609803,0,1
AST-008093,4,1,7.389068960292031,0.11596998810840768,8.080748246989838,5,1
AST-008094,5,0,3.9955397494118037,0.031187576632262196,23.201555685005296,2,0
AST-008095,0,0,0.0,0.0,24.403321141203573,0,1
AST-008096,2,0,4.260629063762755,0.025772208187259046,5.684373837743681,3,1
AST-008097,5,0,4.345161522642819,0.005471644494990128,147.49065938341755,0,0
AST-008098,5,0,6.543681898565975,0.15451910926481893,78.89743925384134,3,0
AST-008099,0,0,0.0,0.0,268.11898232794647,4,0
AST-008100,2,2,8.232181903416016,0.047730267650877053,5.235532730142745,0,2
AST-008101,1,0,3.910588138650707,0.09932693660595958,12.02460491805454,4,0
AST-008102,0,0,0.0,0.0,55.73650632685318,1,0
AST-008103,2,0,5.685287214490906,0.3429309077341741,34.289573983051575,5,0
AST-008104,2,1,9.010167574968158,0.14934602152183984,14.356792107000512,17,3
AST-008105,1,0,4.334245725332657,0.06456883698582416,13.86032367624858,2,0
AST-008106,9,2,8.406290415610378,0.011930483394120514,1.690383982165088,2,3
AST-008107,1,0,4.1724656869628935,0.03422396723853266,96.85821130400608,5,1
AST-008108,7,3,8.078972191847553,0.16282900477686127,15.26106732923089,10,2
AST-008109,8,3,10.0,0.19699368609812312,15.291926441977845,12,4
AST-008110,0,0,0.0,0.0,31.330096176314353,10,1
AST-008111,2,0,3.5439613157309093,0.0005014018133350911,52.411820893902565,2,0
AST-008112,2,0,5.361389739235114,0.12603797409754133,25.115614811150284,2,2
AST-008113,4,1,7.693858801889,0.23937681699084012,4.545169825616281,22,5
AST-008114,0,0,0.0,0.0,8.259641823871306,2,3
AST-008115,7,1,8.270826462280967,0.07509863375122183,27.652498392935634,17,3
AST-008116,1,1,7.331723298072201,0.01688458053086216,87.10293039121416,3,0
AST-008117,2,1,9.426462053264624,0.09808315560495647,38.62682626148039,5,0
AST-008118,4,1,9.12385601478936,0.011256041055013589,85.903172887071,17,1
AST-008119,2,0,4.2532701814705405,0.02414521314269564,76.41118370188991,0,1
AST-008120,0,0,0.0,0.0,6.451907844416208,3,1
AST-008121,2,1,9.664949377171096,0.04179028381492905,38.726555205083315,3,0
AST-008122,4,0,4.351260344891914,0.16964893194405745,193.29608892331146,14,4
AST-008123,2,1,10.0,0.14253565624667563,67.56262688594602,1,1
AST-008124,0,0,0.0,0.0,5.632350522628479,1,0
AST-008125,1,0,3.7441585590387167,0.05079062288138784,47.22009585307237,1,0
AST-008126,4,1,7.485792232398381,0.082603478747206,26.862905515293797,19,0
AST-008127,7,1,8.610605268982415,0.0665776607460778,69.20247894185222,13,3
AST-008128,0,0,0.0,0.0,12.080245488491476,2,0
AST-008129,3,1,8.400692734351171,0.3041760418477618,79.54813494513631,1,1
AST-008130,2,0,4.368895812075253,0.06896650360629844,112.89786104980544,3,0
AST-008131,2,1,10.0,0.010610030827920345,38.5793350874886,1,0
AST-008132,3,0,4.614905424871468,0.17700936560048863,17.57935870090436,19,2
AST-008133,5,1,8.135932930760458,0.00815810667221944,64.19755698992186,3,0
AST-008134,1,0,2.7166764400452617,0.054616676045180376,152.96956508605533,1,1
AST-008135,0,0,0.0,0.0,38.43449194596631,0,1
AST-008136,1,0,6.476840044472818,0.13171825325620526,15.434532116037204,2,0
AST-008137,5,0,4.340128772794276,0.08798053782906601,4.837020336829797,0,1
AST-008138,1,1,9.692667693574363,0.008535746666963646,35.66304123426614,3,1
AST-008139,6,2,7.840180794134611,0.2602026732118735,2.2501498603280856,15,4
AST-008140,1,0,4.20971808245012,0.07633370364325058,4.482259731123987,1,0
AST-008141,3,2,8.73042792036102,0.12718596926349507,157.39926482566366,2,0
AST-008142,1,1,8.865738099880382,0.1472819533763626,160.30842244533903,0,1
AST-008143,6,0,3.706474560459168,0.049047588484075325,135.36157975806327,17,4
AST-008144,0,0,0.0,0.0,91.50994644555465,4,0
AST-008145,6,1,8.406463659585306,0.363043551548541,28.28316831459338,13,1
AST-008146,6,1,8.617503562689402,0.2704489353411401,21.036322332958143,13,3
AST-008147,3,1,8.925423401899678,0.07694888754817869,47.80703522870931,20,1
AST-008148,1,0,4.9921587589080705,0.2371749307531811,0.13604729542957117,4,0
AST-008149,0,0,0.0,0.0,24.551995922312567,0,0
AST-008150,2,0,7.318459203017715,0.10843269060568463,2.257106914417658,1,0
AST-008151,1,0,3.9759066190691392,0.03003343581914511,153.57220800137648,2,1
AST-008152,4,1,8.292739141500071,0.2734176180831593,6.8533316103547,12,2
AST-008153,5,1,7.690728345019553,0.03828577949159492,68.68333985115494,1,0
AST-008154,0,0,0.0,0.0,35.89899515835959,2,0
AST-008155,1,0,4.702093095683929,0.0013891246367510465,50.465834398034175,1,0
AST-008156,3,1,7.4924534932991,0.15564466494725637,6.144202307941558,16,2
AST-008157,0,0,0.0,0.0,0.12652861917690114,2,0
AST-008158,6,3,10.0,0.043405577258234886,45.97947649551665,1,1
AST-008159,3,2,8.465476962540341,0.0560530586165764,63.16951465061405,4,1
AST-008160,3,0,4.476377697121825,0.1359201360251653,36.1461393458115,8,1
AST-008161,1,1,6.930202790889029,0.04504500645263681,7.7430178642173155,2,1
AST-008162,3,0,4.462465242670291,0.0635028266362126,1.6444209433205805,2,0
AST-008163,2,0,5.514583568514864,0.14894317047146008,0.0768925665926453,2,2
AST-008164,3,0,5.174552689385254,0.0703724968915154,15.876660330139472,19,1
AST-008165,5,0,4.102730819177329,0.20669113523482144,0.7700956476212802,2,2
AST-008166,7,1,9.061658990612607,0.11192251091015766,1.376760750425817,19,2
AST-008167,3,1,7.539970359415515,0.20801096087885973,11.523048113783739,1,1
AST-008168,1,0,5.417193877060701,0.1802224630129429,34.988610919774594,3,0
AST-008169,5,1,9.044541239105502,0.02650931388965707,92.247593048465,3,0
AST-008170,4,1,8.55491034894644,0.2047849544124978,39.38254941172725,0,0
AST-008171,6,1,9.921186174461168,0.0032654145086135973,224.85846761767525,1,0
AST-008172,0,0,0.0,0.0,36.86315680241043,2,1
AST-008173,2,1,10.0,0.048744981789160834,7.801618737425057,4,0
AST-008174,2,0,3.5295341079610956,0.09092003386322224,49.966976588011335,1,1
AST-008175,2,0,3.6674887610892872,0.03958219199040448,2.0060518140087913,0,0
AST-008176,6,1,6.705057108927126,0.06250395095353346,4.547178060498299,19,2
AST-008177,7,1,8.061841876444957,0.1784232469152346,81.85886438689258,14,5
AST-008178,2,0,2.704987109322399,0.09192805492193443,19.844364832557098,3,0
AST-008179,4,1,8.582889685366334,0.015406559652283162,18.43080908823856,1,0
AST-008180,5,1,8.586357717377997,0.32401323228353046,18.733705850443116,20,4
AST-008181,10,4,7.724547572582134,0.1545220183321424,2.7886130604490647,12,5
AST-008182,8,2,8.173138598703776,0.03763115663041808,98.99729590579547,17,4
AST-008183,1,0,4.849288509729113,0.1443327824245131,30.641669540220317,2,0
AST-008184,3,0,4.984665343576255,0.07505132076270657,130.51197079788633,2,3
AST-008185,3,1,8.038570277771656,0.15015844941083323,29.7608166743819,1,0
AST-008186,4,1,8.112466513360838,0.0024766058344555565,23.716950023693112,1,1
AST-008187,0,0,0.0,0.0,29.397993259408953,3,1
AST-008188,2,0,3.876413921767287,0.07647238714076182,57.830516012304514,0,0
AST-008189,3,2,8.023039800155596,0.1360271287121449,1.069130824849369,3,1
AST-008190,0,0,0.0,0.0,43.34968983343779,4,2
AST-008191,1,1,7.639669645667429,0.013186543326984367,112.06387337404522,2,0
AST-008192,3,0,3.9896123921972606,0.06224262934711961,43.35065111883677,2,1
AST-008193,10,2,7.348131111392676,0.184430355615003,17.92016701853973,17,3
AST-008194,7,1,7.662640296715855,0.18799361104500922,1.3618299052203502,15,2
AST-008195,3,0,5.765568752604958,0.038559611117769774,0.11585472527175963,4,0
AST-008196,6,1,9.323323598559158,0.18818807358327375,24.11267664828342,16,3
AST-008197,0,0,0.0,0.0,0.023337275842920245,2,0
AST-008198,4,1,8.955155657866317,0.23569169220133024,8.078649346002411,5,0
AST-008199,6,1,8.859253069029862,0.15509117178552442,168.864045482886,14,3
AST-008200,0,0,0.0,0.0,3.19147200149418,1,1
AST-008201,3,0,4.534155392378743,0.0574783923049462,60.80305982008915,1,0
AST-008202,2,0,5.802193248433827,0.07315112007429991,99.97002813272032,2,0
AST-008203,2,2,9.768793482234438,0.037652621202124675,1.7214222952009886,1,0
AST-008204,1,0,3.404732892716413,0.03439645495768941,142.9132764265408,2,1
AST-008205,1,0,4.692772014517182,0.047124287697378635,34.9295563726968,3,1
AST-008206,2,1,8.14340645453483,0.054449662132748156,10.56081186185352,1,0
AST-008207,6,1,8.474454028013954,0.1508508418735585,3.7859498902285975,10,7
AST-008208,4,0,5.444240415548197,0.02952991496045268,177.57432479872432,4,1
AST-008209,2,0,7.084829899893968,0.19026963155844542,17.200325052036185,4,0
AST-008210,1,1,7.143034811720316,0.22851541234040598,58.60485011168874,2,0
AST-008211,4,1,7.2668788747227895,0.08744586610529038,14.073783799422028,11,6
AST-008212,5,2,9.348872160869817,0.10111071566154885,7.382390456043621,17,1
AST-008213,9,0,5.416561113388999,0.1966993403393156,4.208394267265162,16,4
AST-008214,2,0,4.567080211033978,0.031183559924707716,52.65810791033114,2,0
AST-008215,1,0,4.649620470070283,0.03012650185355842,13.5142966075969,2,0
AST-008216,2,0,4.889073692132806,0.09100888164147572,12.848003981710157,0,0
AST-008217,3,1,8.933352240744782,0.24152941874409375,19.419240359377913,1,0
AST-008218,0,0,0.0,0.0,7.3241848054678265,1,2
AST-008219,6,1,9.392347533340025,0.26380382177486245,26.29836326466304,16,7
AST-008220,2,0,6.301984974182094,0.21619362703374861,34.67256184435629,3,1
AST-008221,5,1,9.435203142115126,0.09324413248333564,16.00770053860356,10,5
AST-008222,1,0,4.792743421719749,0.07079170015536189,11.54460107067685,1,2
AST-008223,2,0,3.635331866053959,0.18544498727350933,31.738347132403117,12,1
AST-008224,2,0,4.208517044293363,0.012255382352774607,15.452542418005828,2,1
AST-008225,4,0,2.9796854188105226,0.16745282834478056,219.2762199959153,20,5
AST-008226,1,0,7.197897525517801,0.02015319523259451,24.814301275644056,2,0
AST-008227,6,2,9.759168014144661,0.16984975534894667,35.77667056138664,25,2
AST-008228,2,0,4.488091089851839,0.04244844004062868,31.885768869077907,4,0
AST-008229,0,0,0.0,0.0,74.33670470247519,1,0
AST-008230,2,0,4.854868735804526,0.06847303574566518,3.9560725030849424,0,0
AST-008231,1,0,5.75558733547212,0.04859414103803368,23.490792543536063,3,2
AST-008232,4,2,9.069813378320951,0.04915484673649522,19.529220265110382,1,1
AST-008233,1,0,4.877724747101316,0.3238048888520039,24.036132946927214,11,2
AST-008234,1,1,8.65697028020245,0.040981052779936786,1.0094938930765103,1,0
AST-008235,5,0,4.450338297354754,0.023818358355557682,32.05049773021206,12,2
AST-008236,3,1,9.041844135945098,0.1096206765374335,59.76442935491894,1,1
AST-008237,3,1,6.6456532845247365,0.15274604793411442,101.41882335805707,2,0
AST-008238,2,0,5.47290747121067,0.0018462477092352628,39.500780330071805,3,1
AST-008239,3,1,7.019676331793362,0.06544558045480292,21.838733196278834,18,1
AST-008240,0,0,0.0,0.0,11.981359665161772,1,0
AST-008241,3,0,5.09442183323331,0.01738844682360284,17.05997194311482,2,0
AST-008242,3,1,8.762475497551492,0.06397905375759581,14.607350893212478,2,0
AST-008243,1,0,4.176738067492928,0.06635474295334329,48.83844655600364,3,0
AST-008244,3,0,4.220928410915679,0.27037406032038097,15.371336889246216,2,1
AST-008245,0,0,0.0,0.0,7.751094947515371,2,1
AST-008246,2,1,7.9458997531874775,0.02004778574606481,0.7195233429530468,4,1
AST-008247,2,1,9.4703612216274,0.18762074477943952,61.41944067004986,1,1
AST-008248,7,2,8.449859538123665,0.17064884456813884,15.111943215236314,23,4
AST-008249,2,0,4.999366634633534,0.09039353167104601,7.297368681811602,1,0
AST-008250,4,0,4.9046961317981,0.029400581094371343,52.7179190496358,14,1
AST-008251,3,0,5.374075205383357,0.16045547833462862,15.197377563860528,1,0
AST-008252,1,1,8.489992533668392,0.07237194366012288,2.0990576487956187,4,1
AST-008253,5,0,5.3035059926579535,0.06635782484593844,233.48802571127317,3,0
AST-008254,4,0,6.74398673279217,0.04726888044594925,61.369164738137925,1,0
AST-008255,0,0,0.0,0.0,7.19225423123963,1,0
AST-008256,1,0,5.6937660388886995,0.028876332798958574,47.26379827615969,3,1
AST-008257,1,0,3.0167969976176843,0.0319324378234972,151.8123571828687,3,1
AST-008258,1,0,4.23372726525067,0.05424642397859698,19.710047556583486,1,1
AST-008259,2,0,5.126087284929263,0.13234323862387748,9.088235181084928,2,0
AST-008260,2,1,7.9260005362353425,0.012157902123678427,99.80681063794934,4,0
AST-008261,5,2,8.881254570688933,0.4394478489016917,75.87298678658195,11,5
AST-008262,3,1,8.5182940434589,0.4898710600323189,31.163621305453145,18,3
AST-008263,2,1,8.412436875903746,0.050555159306975635,12.908034469689092,3,0
AST-008264,3,0,4.808460755266575,0.24308378498907993,51.240805070330985,15,2
AST-008265,5,0,3.7385044750230865,0.09861781442554207,120.59108188083279,16,2
AST-008266,2,1,8.276023878687564,0.0694675564140209,3.3470454293010388,4,1
AST-008267,4,1,9.6548704856633,0.04102970923380935,181.24582273016568,3,0
AST-008268,2,0,5.168030103014829,0.17505834029031597,15.891619219606904,12,2
AST-008269,4,1,9.411539152875983,0.0729998990849461,26.918570106978322,0,0
AST-008270,1,0,5.2711089467479,0.025621036725589574,58.36692247982741,3,1
AST-008271,2,0,5.589225281778993,0.058118283504413226,3.9080755920434087,0,0
AST-008272,4,3,9.647312281046526,0.10158148616175161,38.58707516156679,15,2
AST-008273,8,1,7.795983110752266,0.07367718758636461,100.87362626975418,19,3
AST-008274,1,0,6.092694274587411,0.05923757508037349,2.5315515811874634,1,0
AST-008275,6,2,6.1019129011465285,0.07025678335304614,3.2764276583794185,15,3
AST-008276,0,0,0.0,0.0,179.66927608267858,1,0
AST-008277,2,0,7.22127794430117,0.021442341778262018,16.135243772315448,3,1
AST-008278,2,1,8.451918477466668,0.1616887969517369,0.5817113136930517,3,0
AST-008279,6,1,9.654595801307707,0.1447643959335007,8.702028039041576,15,4
AST-008280,0,0,0.0,0.0,66.34574251840854,1,1
AST-008281,2,0,5.464956458472119,0.169437172734517,75.54315476187864,2,0
AST-008282,2,1,7.349689710453951,0.04357315764990611,89.49448822116224,4,0
AST-008283,0,0,0.0,0.0,2.961122801686751,2,2
AST-008284,1,0,4.179321250040781,0.01075060436048522,21.722203544090224,1,1
AST-008285,3,1,9.539180132634,0.19855270321707472,6.421322209702605,2,1
AST-008286,8,1,9.771553249282999,0.08847948797801619,12.299738845897446,17,5
AST-008287,2,1,8.0998963410898,0.15266819655660702,13.786594364248284,5,0
AST-008288,1,0,4.725941384340935,0.1315507558341746,5.169437797429656,1,0
AST-008289,6,2,9.72100406598968,0.16021018969018053,125.26471451338007,2,1
AST-008290,1,0,3.4018041011481914,0.08852423544349741,98.17958297995426,1,0
AST-008291,1,0,6.157096780091786,0.03652125934300083,6.565714844343501,3,1
AST-008292,1,1,8.512580856113193,0.06747975498281772,37.62852911669777,16,1
AST-008293,1,1,8.647730672374184,0.005486605820205972,76.13183066242298,2,2
AST-008294,3,0,5.0464558668434885,0.1589941734577893,7.846407871494848,15,3
AST-008295,7,4,10.0,0.1574122851299106,46.82708724605065,19,1
AST-008296,4,1,8.433137333743593,0.10639292935232011,62.203215003774574,1,1
AST-008297,3,0,3.715424067761982,0.10453494447253858,79.52681061151397,0,0
AST-008298,5,1,8.461545099777494,0.014792384915041153,45.67267495811541,0,0
AST-008299,1,0,4.8316265654929165,0.033736283947671725,53.12172875814168,5,0
AST-008300,3,0,4.738372575289596,0.018625582525568563,148.19221657555974,2,2
AST-008301,3,0,6.198921063424039,0.3501970829331972,8.146421250328094,3,0
AST-008302,3,0,5.281985992022602,0.03963511318915623,72.55773198657326,2,0
AST-008303,5,0,5.683314063326695,0.24821496551856448,43.57180904713512,7,6
AST-008304,2,1,5.027061493690275,0.3202806695801701,4.30311625782348,2,0
AST-008305,2,0,4.859587107254121,0.1516100234032451,9.211871726535767,3,1
AST-008306,1,0,4.706082169662999,0.2709732237544143,191.46310844950213,3,0
AST-008307,1,0,6.4240556642142295,0.36466062777610536,18.184583693510614,1,0
AST-008308,0,0,0.0,0.0,18.15806168656083,1,0
AST-008309,6,2,9.547938418429862,0.31872687656727394,57.885368074939265,14,3
AST-008310,7,1,8.295008461031514,0.20412654596796642,18.33646943742126,11,2
AST-008311,3,0,4.073144260464494,0.06539919974272182,27.351539076011687,0,0
AST-008312,2,0,4.550916918489436,0.011451076892700503,36.42162683419491,2,0
AST-008313,0,0,0.0,0.0,55.18064340679867,1,0
AST-008314,1,1,8.717266249822247,0.08603573595536776,65.28354381799379,1,1
AST-008315,8,1,8.704322561664918,0.12572939800989053,11.156035470399368,16,7
AST-008316,3,1,8.568365962890795,0.1826354035593021,59.20020711898526,23,4
AST-008317,3,1,8.511623073935578,0.0056230327529008615,107.58015880869574,2,0
AST-008318,4,2,9.518749591922715,0.1722519433882885,174.44529717107838,2,1
AST-008319,1,0,5.233088694608415,0.14008344803247505,0.9268915079133033,3,0
AST-008320,1,1,8.057865204711625,0.01882521083653752,54.256909511342464,2,0
AST-008321,3,0,5.3487504897885465,0.14316291824219948,7.076048648820861,3,0
AST-008322,3,1,9.292328649293687,0.009895800353140432,51.61787631236016,1,0
AST-008323,4,1,10.0,0.010847654643623972,6.317543513930194,0,0
AST-008324,0,0,0.0,0.0,10.582775453075365,0,0
AST-008325,3,0,4.209452845435587,0.34706110129230844,9.56553138593999,2,1
AST-008326,1,0,5.3162870954761505,0.056942223730670996,4.391876514482449,3,2
AST-008327,2,0,4.132972842705167,0.3648823341533478,11.55466438964691,1,0
AST-008328,1,0,5.265180139005188,0.3884189878855801,70.81471114112875,4,0
AST-008329,3,0,6.557953644740345,0.14533943716251405,2.247575041514466,2,0
AST-008330,3,1,7.607448315638695,0.33361649634193863,90.79051985636156,17,3
AST-008331,0,0,0.0,0.0,31.287353116385397,1,0
AST-008332,7,1,8.601915211552553,0.15859973520123474,72.86634305070915,16,2
AST-008333,3,1,9.12350283945869,0.023434271556067914,52.09258829693869,3,0
AST-008334,1,0,4.271072154472908,0.1590964756934075,13.312148196089604,3,1
AST-008335,2,0,6.606982138728265,0.09477063008907897,7.534058462355941,3,3
AST-008336,5,1,9.190696084690291,0.014323994797681615,122.45961527610126,1,0
AST-008337,1,0,5.353811328249583,0.1734691698653432,22.510958820964806,1,0
AST-008338,2,0,4.591811088734038,0.2642012814371435,51.07561609144077,13,4
AST-008339,0,0,0.0,0.0,33.83039331221074,2,0
AST-008340,0,0,0.0,0.0,110.13381111322043,1,1
AST-008341,0,0,0.0,0.0,4.13324157887065,3,0
AST-008342,5,0,6.020084574954995,0.12009360845333009,16.343908186427402,2,0
AST-008343,5,0,6.067818140143314,0.25921452992395627,136.13468474152498,12,2
AST-008344,8,4,9.06466846538428,0.12239846854571493,53.319213507073,10,5
AST-008345,2,0,4.446292618485796,0.21605550911594185,69.67503804810788,2,0
AST-008346,2,0,8.091220938570606,0.061301019847927914,102.52847060085183,2,0
AST-008347,0,0,0.0,0.0,47.14346098459433,6,0
AST-008348,6,1,9.892497954666359,0.11534312472232086,14.208924578195203,20,2
AST-008349,3,0,5.209490297132213,0.11235986236350771,38.499896362050855,2,2
AST-008350,3,1,7.824046845462566,0.09080441802245809,104.53673544841571,12,1
AST-008351,0,0,0.0,0.0,14.216976618755158,5,0
AST-008352,3,3,8.059416143507601,0.15612114424981507,14.237112116066058,15,4
AST-008353,3,1,6.563179382813863,0.01000902016301397,7.033357414982733,2,0
AST-008354,1,1,8.606643323680585,0.056646567971522045,106.24804632701046,0,1
AST-008355,0,0,0.0,0.0,78.41612583243291,3,0
AST-008356,1,0,2.9566815169746676,0.10162956387469768,5.998930823193692,9,4
AST-008357,5,2,5.7734693468214235,0.04593562172249449,14.405573138752546,16,3
AST-008358,3,0,4.685054812827048,0.032482368976872504,15.482317737068254,12,2
AST-008359,3,0,3.3957948709612635,0.010569338727063308,114.31812326836801,16,1
AST-008360,2,0,4.017398181150468,0.12467661589124107,4.473417627308954,2,0
AST-008361,7,0,3.9218329641140217,0.13847075310671228,20.452055035508376,16,2
AST-008362,6,2,10.0,0.4342873170439999,5.939941183902039,15,2
AST-008363,0,0,0.0,0.0,20.44837599964554,4,0
AST-008364,3,1,8.210518861461829,0.07805467455419324,12.788499039493477,3,0
AST-008365,1,0,4.673908286523136,0.13389224360906518,39.75213514326291,1,0
AST-008366,4,2,8.207508124881407,0.21558156434990816,42.84803775032333,1,0
AST-008367,5,0,4.621534364487417,0.0675591030433099,72.0457868951302,18,2
AST-008368,2,1,8.772441357116202,0.026459216755592912,37.503167415196934,3,0
AST-008369,4,2,7.650283550029779,0.09739126882136244,33.54556028572329,2,0
AST-008370,2,0,3.696841122377318,0.1360001703016547,41.048390387279774,2,0
AST-008371,1,0,5.99721052644411,0.12603991069701193,344.942057308339,2,0
AST-008372,2,0,4.0911463632108385,0.06401877991182954,105.0859909078394,1,0
AST-008373,3,1,9.116945375649872,0.2526507239812406,9.634745947318484,15,3
AST-008374,1,0,4.016437625350581,0.2161359555602269,18.694381148225162,2,1
AST-008375,5,1,9.255090043809474,0.0717168523294211,0.6353957565753928,10,3
AST-008376,1,0,4.559167559633625,0.09157349767558744,1.622373615624301,4,0
AST-008377,8,3,8.125178160548204,0.38580471395151117,61.027765788498996,11,3
AST-008378,1,0,5.637243337139929,0.10323111527305874,45.759782928406075,2,1
AST-008379,1,0,6.249289189294958,0.07552410463148611,33.247004704893946,1,1
AST-008380,0,0,0.0,0.0,11.839664714609519,1,0
AST-008381,7,3,8.620909803920876,0.042336911694861604,5.742971203845474,11,4
AST-008382,2,0,4.24708965448339,0.0407131798547401,12.813962950796082,2,0
AST-008383,6,1,8.449169117796778,0.18947378595482414,4.6777903649411074,5,1
AST-008384,10,1,8.67656944732595,0.04279115510627582,9.479369596226201,10,6
AST-008385,2,0,5.8536632687624905,0.003578086565508045,55.354630830373175,2,0
AST-008386,2,0,5.657759423968376,0.10040247345469644,57.59209865827338,3,0
AST-008387,3,2,8.983221268655523,0.2384831442834429,39.343269178945484,1,0
AST-008388,4,0,3.576042466740996,0.07616979888830448,72.17175284216376,4,1
AST-008389,0,0,0.0,0.0,7.390893218320966,2,0
AST-008390,5,1,7.709655881107975,0.07762111108079123,114.42589007923192,2,0
AST-008391,6,1,8.184787554834024,0.1428215701276989,82.1652148953406,14,5
AST-008392,0,0,0.0,0.0,7.867714415430258,2,0
AST-008393,0,0,0.0,0.0,66.35081480292263,5,0
AST-008394,4,0,4.371666638320593,0.2064122075603393,36.540504400233026,1,0
AST-008395,3,0,5.563051332430208,0.08885407597513559,2.5596803243743445,2,0
AST-008396,2,0,4.356374838069479,0.0075085282117314245,68.88446029944352,2,0
AST-008397,5,0,3.2083739100273103,0.34400468730543166,74.27926630011855,17,3
AST-008398,1,0,6.211354398431418,0.1869397768853492,149.4008202982973,21,2
AST-008399,4,0,5.587302575801615,0.21529105431372053,37.896599688273675,18,3
AST-008400,2,1,7.928837870311759,0.0378360762851801,42.90755789601753,1,0
AST-008401,5,1,7.478569757447289,0.275621452813498,4.281183591480779,18,4
AST-008402,5,0,6.942353104021822,0.07783183991104933,22.767750258117157,10,6
AST-008403,0,0,0.0,0.0,59.16173980068332,2,2
AST-008404,6,1,9.727380938600147,0.07328829792024098,30.871896767945895,3,1
AST-008405,0,0,0.0,0.0,5.297295588825581,0,1
AST-008406,0,0,0.0,0.0,10.046970642769823,3,0
AST-008407,5,2,6.276318891207583,0.10163457021417274,42.634714358637495,12,2
AST-008408,2,0,2.125673177706143,0.06758393594274348,0.4958210382237933,7,0
AST-008409,1,0,6.239372920763977,0.029383909710153765,19.860374374496754,2,1
AST-008410,2,1,9.268695904125403,0.3696972941828805,5.1423746432717365,2,0
AST-008411,1,0,5.5858917546435425,0.04908507122229559,223.82277189139137,2,1
AST-008412,5,0,4.79064917559781,0.03949334976460022,0.05330921496373659,0,0
AST-008413,5,0,7.2859951979488145,0.3912569331271078,38.450442722109685,17,3
AST-008414,1,1,7.147863305717557,0.0662385298461133,23.34811385722222,1,0
AST-008415,3,1,9.476737593695244,0.03595024728623363,17.39342284954851,17,1
AST-008416,2,1,8.743726078591271,0.05305844456795431,41.27128868408677,4,0
AST-008417,3,0,3.9709066830610347,0.07589877224900658,3.767041551024448,3,0
AST-008418,1,0,6.356713368506963,0.05882585789711079,26.175338936937095,2,0
AST-008419,8,1,9.112985718158706,0.006845377264782959,60.74893365598584,9,3
AST-008420,2,1,8.821668806344448,0.029948779051020495,5.740616449229942,2,0
AST-008421,3,0,5.191788463055915,0.0030640297844552783,139.21032221667997,2,0
AST-008422,5,1,8.035386255737839,0.07735266532442185,19.848207610861174,5,0
AST-008423,5,1,8.553193512597739,0.06557517070565155,45.76341464141738,16,5
AST-008424,3,0,5.257542627917823,0.08626522475291695,80.65084577616744,1,0
AST-008425,5,0,6.96765544380538,0.03134073321439739,32.03644989595068,2,0
AST-008426,0,0,0.0,0.0,18.118068275739542,1,2
AST-008427,2,0,3.541807792604248,0.1887530029829233,47.34680245760137,6,0
AST-008428,11,0,4.770363410347021,0.13996461632918708,178.92151105827685,19,1
AST-008429,7,1,7.531510317967446,0.17934152046358537,46.55593782551382,12,3
AST-008430,4,1,7.437863926292981,0.04417150091701854,22.11509942972003,4,0
AST-008431,4,0,6.162018683744039,0.23971947184126546,17.251787271262383,15,4
AST-008432,7,0,5.348179462627421,0.1429834914303404,0.20673657445111993,11,1
AST-008433,2,1,8.53310232946277,0.06010594919633675,5.039973456809957,1,2
AST-008434,6,0,4.346408892479149,0.12540087015630974,10.681500691492658,12,1
AST-008435,3,0,5.561268788429606,0.20250973905285494,63.01049945077233,2,1
AST-008436,1,0,5.03697903014114,0.08188623259018908,136.8824129392931,4,0
AST-008437,4,1,8.092002116357003,0.125428032637389,5.5367715803620055,3,1
AST-008438,2,1,9.693213171303643,0.031046157672651682,25.165426520427342,6,0
AST-008439,1,1,10.0,0.05164154827871293,97.70381583937146,6,1
AST-008440,2,0,6.128469135585889,0.16857092749452768,43.87971760342151,16,3
AST-008441,4,1,9.147422728278368,0.10981734135685835,6.6199900833012535,20,2
AST-008442,3,0,5.269684827628771,0.019362187385995495,10.904587992389043,18,3
AST-008443,0,0,0.0,0.0,10.399899486514114,2,2
AST-008444,12,4,8.90519112324197,0.09257033238897287,167.39330356222675,9,2
AST-008445,1,0,3.745917721643642,0.039741920066322156,1.5662667693320524,3,0
AST-008446,4,0,5.677792783892106,0.056182949891896046,27.01806598484251,1,0
AST-008447,2,1,8.759357598585192,0.13518152215641624,30.95565880622987,2,0
AST-008448,1,1,7.583850805705716,0.2038512933635899,10.109764598414742,1,0
AST-008449,1,0,5.8354563678636024,0.0036463747513554,69.78007152178311,2,1
AST-008450,2,0,3.5792903680532167,0.037398198012586835,26.448343665273732,5,1
AST-008451,2,0,4.681661197683606,0.36895561763123047,27.038797828609272,16,4
AST-008452,8,2,8.788267114606626,0.28261925322266,3.162370632754171,20,5
AST-008453,1,1,8.566503347203332,0.40621722545706795,96.64146133788125,23,6
AST-008454,1,1,7.72683381357655,0.020005912861641075,4.1549032877608525,2,0
AST-008455,7,3,5.867368265113644,0.2779662103043741,28.771302769638144,17,3
AST-008456,5,2,9.079433430269654,0.3691911989988473,34.374342979523355,20,6
AST-008457,1,1,10.0,0.15081744352824755,33.75483270177612,3,0
AST-008458,7,2,9.010053536589789,0.04559279798794699,20.932335538980126,12,2
AST-008459,1,1,7.843105345258654,0.26304872556192666,24.2621141102025,1,0
AST-008460,3,0,5.377571181037913,0.03331332044403622,0.8006750942303548,2,0
AST-008461,0,0,0.0,0.0,7.6244133232143305,3,1
AST-008462,4,0,5.230070914615178,0.032436595619410785,13.312882906187642,1,0
AST-008463,3,0,4.725969034692049,0.044836797246992806,68.34115798249331,14,2
AST-008464,2,0,5.387557717125181,0.009298403995768837,28.90159581583023,1,0
AST-008465,4,2,8.548228808304506,0.040514630204023204,2.9572586870807775,2,0
AST-008466,4,2,10.0,0.21080879746057163,102.57270805901811,16,2
AST-008467,8,0,4.653781468233957,0.2904314804335785,7.7095535899850764,11,3
AST-008468,2,1,8.494599007476163,0.09994609444873051,13.911763859588143,2,2
AST-008469,3,2,7.585714487886555,0.023383256558708692,241.02017002285376,3,0
AST-008470,2,0,5.059026405240504,0.0813218339062219,27.140167890940337,1,0
AST-008471,2,1,9.216639081365242,0.11728621704131893,29.541607887764606,1,1
AST-008472,4,0,4.8330577563706445,0.20779265073740744,117.00372333703459,1,1
AST-008473,3,0,6.004686224520276,0.13660315127313286,0.48022583198067503,2,0
AST-008474,4,2,9.439100507483355,0.1434191671297116,2.9967861975763763,14,0
AST-008475,3,0,5.657700671146342,0.3894311253453109,34.13795379359657,11,1
AST-008476,1,0,6.163806228955649,0.023739712567143613,14.511096404450534,0,0
AST-008477,1,0,5.192860491226699,0.04985451885909124,4.108283875414761,4,0
AST-008478,2,1,7.952322672514917,0.05398265073031841,67.96916573364166,2,1
AST-008479,4,1,8.945263627231457,0.06277937349907883,1.1607239488160412,0,0
AST-008480,2,1,7.14101130793888,0.03247634781321574,1.793501445554417,2,1
AST-008481,0,0,0.0,0.0,105.79500086487772,3,0
AST-008482,3,0,5.31471766060186,0.04633832138302183,12.891598667032474,1,1
AST-008483,4,0,3.4371105404025464,0.08405700432655656,91.56571321566379,1,0
AST-008484,4,3,8.305333905886584,0.22430509107910263,129.70712546648087,0,0
AST-008485,3,0,7.825386157925548,0.24222124391014818,7.854004115657697,1,0
AST-008486,1,1,9.329836645738958,0.07708063007165655,4.169004257714737,1,0
AST-008487,3,0,4.810349185130582,0.23075634303125483,13.383944878111425,0,0
AST-008488,1,0,4.279309822835954,0.09921848279590058,119.1866362899129,1,0
AST-008489,2,0,5.4448573965505105,0.04310273049799874,66.99194710718795,2,0
AST-008490,3,0,4.227286187156668,0.1935107623282008,27.72147818837291,3,0
AST-008491,2,1,10.0,0.0901456718447904,0.6617578724742255,1,1
AST-008492,2,1,7.413851103722213,0.1409493447564493,6.726156054376083,1,0
AST-008493,6,0,4.605837266982384,0.17189137352075812,90.49146243759233,21,5
AST-008494,1,0,4.792143358049032,0.19406696823207684,4.877073874733795,4,0
AST-008495,0,0,0.0,0.0,3.9218800080784098,1,1
AST-008496,4,1,8.912782543368559,0.15844169190029206,1.0951698618027186,17,6
AST-008497,5,2,7.234814485088362,0.031711542657549344,18.21493469397759,17,4
AST-008498,0,0,0.0,0.0,6.588687645050216,0,1
AST-008499,3,0,5.5400356661650125,0.15637938806695115,14.630394340608825,19,2
AST-008500,1,0,3.246378007467058,0.2111831077312779,32.12358528925681,1,0
AST-008501,4,1,8.28825311375492,0.16856093983323173,98.76685965421245,16,5
AST-008502,2,1,8.246308688150902,0.3696616591735082,5.642878096964625,2,1
AST-008503,7,1,8.158237004955573,0.20315834163388793,14.596902543661875,14,3
AST-008504,7,0,5.367223586138037,0.07810745436582549,43.206127551929,19,7
AST-008505,1,1,10.0,0.040884702205352154,0.24738329082114544,3,1
AST-008506,6,1,8.339434618078354,0.22938661952431114,22.746998861878776,14,3
AST-008507,3,1,8.281295336754521,0.25882062318433025,19.484653857640126,2,0
AST-008508,5,0,3.6604845142529197,0.17643871392122099,11.572054941426135,4,2
AST-008509,3,1,8.589656879963778,0.21909880385552974,31.596962121082253,1,1
AST-008510,7,3,8.02222938881483,0.13654991638034972,4.826111355035564,10,5
AST-008511,4,2,8.762547172875772,0.012049836663799624,33.26019200495901,3,0
AST-008512,0,0,0.0,0.0,56.895547233089175,1,1
AST-008513,3,0,5.218508446545102,0.004834149050978567,252.73360682077387,3,2
AST-008514,4,0,3.441744027620609,0.0036741503736443027,7.599660234572566,1,1
AST-008515,5,0,4.875440546724259,0.0981405467614972,4.72469750431765,1,0
AST-008516,3,1,8.253174718563315,0.2126759019204022,95.08130332884112,12,6
AST-008517,7,1,7.812166031309268,0.055595408104379594,26.212995733322025,12,1
AST-008518,4,1,8.313692697298942,0.030726515213043336,16.90664751276181,0,0
AST-008519,2,0,5.3039423309143965,0.22263389014526272,114.78212052050641,1,0
AST-008520,4,1,8.205464565528127,0.09500499876949232,11.324032345716097,3,0
AST-008521,3,1,9.190850697781858,0.050055897516615294,99.62576057400771,1,0
AST-008522,4,0,4.9493701504155405,0.050913341047143755,77.3395730956643,4,0
AST-008523,0,0,0.0,0.0,28.867907235007554,3,1
AST-008524,1,0,4.077211146031676,0.04151097914713636,6.153096229218673,1,1
AST-008525,7,1,9.249974455017108,0.015997332985917885,32.35552987332907,0,2
AST-008526,1,1,9.21769996254423,0.093161752286393,7.736055398114133,7,3
AST-008527,4,0,4.353749301955743,0.04217736901669116,11.547081027993343,18,6
AST-008528,7,1,9.006999574761648,0.04520870563579764,16.421513408476677,2,0
AST-008529,3,2,9.461729439556109,0.06387873534380704,11.910713227602878,2,0
AST-008530,1,0,4.868941799593383,0.057313124494310225,59.87852577846919,1,0
AST-008531,8,3,6.552962930198307,0.07846511537698535,129.7206054730455,22,4
AST-008532,1,0,6.082104026716786,0.020580276462761622,40.81955675339011,3,0
AST-008533,2,0,5.030191381942899,0.2571233791676046,102.26898947161546,16,3
AST-008534,1,0,4.8639995490832,0.019893159129744747,55.9576669948229,2,0
AST-008535,1,0,4.86117725887241,0.2528266455158712,5.147381230902381,1,1
AST-008536,1,0,5.184922470830314,0.03349684098557876,7.799895833739532,6,0
AST-008537,2,0,4.253117187421223,0.07390960430863855,29.402682184137866,4,0
AST-008538,1,0,7.670606776926762,0.18846129953615987,17.692580439379682,1,0
AST-008539,2,1,8.438529195576223,0.04059416839541205,12.059468811615904,4,1
AST-008540,3,0,6.565540855882382,0.030737852729160058,69.78582724003921,11,2
AST-008541,3,0,5.297347169975192,0.24462347273977364,119.44996950006481,3,1
AST-008542,2,0,4.8941201758374895,0.08779194254357385,23.38542580718309,2,1
AST-008543,0,0,0.0,0.0,0.6729075390090878,0,1
AST-008544,5,0,5.08454438922776,0.1490034548739025,90.36233900153765,3,0
AST-008545,1,0,5.080298184563187,0.20323003817270605,45.54699934975561,1,1
AST-008546,1,0,2.0554554759923676,0.12364046336928804,35.10668569988106,0,0
AST-008547,2,0,3.9873383868284846,0.03855728483201581,6.591836497568042,3,0
AST-008548,2,1,8.456062967752603,0.00810223194409031,93.65449961918786,3,0
AST-008549,3,0,5.008868126057129,0.05832987727434468,0.23190020504599543,1,1
AST-008550,3,1,6.390900662329331,0.12899490784880335,12.597041464988857,0,1
AST-008551,6,1,8.388943370772484,0.2290335096313114,24.209011140279248,19,0
AST-008552,1,0,6.069887418889339,0.17718929403933062,3.220425235332913,1,0
AST-008553,2,0,5.225233559511738,0.17830350440434084,20.42949655938445,15,7
AST-008554,4,1,8.854240712305,0.08057698182130539,3.8182640311714606,1,0
AST-008555,1,0,6.26416614908057,0.023851281362328183,9.093127554568618,1,1
AST-008556,0,0,0.0,0.0,2.22719150834876,1,0
AST-008557,3,0,4.585069121878407,0.005831966094403008,38.801084254062616,2,0
AST-008558,2,1,10.0,0.13363677189216217,9.682585726151705,3,1
AST-008559,2,0,3.5849701150176903,0.21348099594954487,5.567002400358273,2,1
AST-008560,1,0,4.609404461230317,0.26590975058357924,2.284291506271945,2,0
AST-008561,0,0,0.0,0.0,29.048087524670816,3,0
AST-008562,7,3,9.044762090944827,0.09504146160067667,57.49359165567643,13,3
AST-008563,9,1,7.623451231804508,0.12751151590063098,67.65413862629421,14,4
AST-008564,4,1,7.73534353825337,0.015788668135812138,42.584206683091594,1,3
AST-008565,1,0,5.335454373483358,0.026727695570854353,29.56849988154939,5,0
AST-008566,1,0,4.631641180864226,0.041250130075326394,92.53106506238282,0,0
AST-008567,2,0,6.37922728880847,0.09883156417199274,28.1727226449599,1,0
AST-008568,4,1,6.614038672271032,0.2446081782505785,29.687883738395655,11,2
AST-008569,1,0,6.8717823242404945,0.2321827253539389,78.11217131730567,4,0
AST-008570,4,0,5.388299430455823,0.030559857319575966,5.876176513469835,3,1
AST-008571,2,0,3.534556557065981,0.20955941075578338,7.2609896485499865,3,0
AST-008572,5,2,9.149174707823402,0.3595190121416234,14.718552416456845,14,4
AST-008573,2,0,3.491414861484037,0.10743512468100043,1.9654085284428138,2,0
AST-008574,4,2,7.171424211311044,0.09959382805781626,123.83484826907201,2,4
AST-008575,2,0,4.72121400641079,0.0661246137019495,4.0452395167090245,3,1
AST-008576,2,0,6.462165226633173,0.11377487111954997,2.6598705010150487,1,2
AST-008577,0,0,0.0,0.0,35.1375309513528,2,0
AST-008578,9,3,9.587157007489246,0.20009962188184546,50.67092381122991,12,2
AST-008579,0,0,0.0,0.0,11.912106324962714,3,2
AST-008580,5,1,8.883321450562976,0.16209503366262126,6.738286836779955,13,6
AST-008581,0,0,0.0,0.0,13.56153416420555,5,1
AST-008582,0,0,0.0,0.0,4.147243511321546,7,0
AST-008583,4,0,5.308284560801708,0.4157373876776389,11.184196037295683,23,1
AST-008584,1,1,9.754634464358224,0.10566034599501073,24.807625921661586,4,0
AST-008585,2,0,5.537832387481909,0.45250003404355865,3.6548441444055166,13,4
AST-008586,3,0,4.541441014900211,0.5282663965097945,24.160029442340424,12,6
AST-008587,2,1,8.906096873704149,0.0205941506201022,17.302366217644078,3,0
AST-008588,5,0,4.706054138284744,0.1380293573500442,37.86437470678383,17,2
AST-008589,7,2,9.87358494865078,0.09529398332749965,12.643082055330918,21,1
AST-008590,2,0,4.022960388146373,0.0389082052290577,79.67553144256019,3,0
AST-008591,3,0,4.971903184314431,0.034097127678357216,62.526419610960154,0,0
AST-008592,0,0,0.0,0.0,0.41484164664355816,2,0
AST-008593,3,0,4.590749482369381,0.10125561208277588,4.112283559988117,3,0
AST-008594,1,0,6.060899127553112,0.0881385139028891,7.872145392692074,1,0
AST-008595,2,1,8.722683900210354,0.07221022901637134,63.439375473639465,1,0
AST-008596,4,2,9.626072616676504,0.05204880797023243,65.32329240969948,3,1
AST-008597,0,0,0.0,0.0,9.171317365941107,0,0
AST-008598,0,0,0.0,0.0,35.81438883080771,5,1
AST-008599,5,0,4.424378844173238,0.01837224456367644,3.6187456535779443,1,0
AST-008600,2,0,5.776998401760342,0.16214217731774574,120.9473691243305,1,0
AST-008601,3,1,8.091538858092637,0.147427676655061,49.2280019874814,14,3
AST-008602,4,0,6.774694520806906,0.08345594273621018,26.661747464569217,0,0
AST-008603,2,0,5.681324191329818,0.02203602370018662,2.6012319857782433,4,0
AST-008604,2,1,8.168279954500084,0.029387654107687098,52.10175605798483,2,3
AST-008605,3,0,6.634822909359996,0.16472343184395294,14.187673252077081,0,0
AST-008606,0,0,0.0,0.0,225.80346832633154,3,1
AST-008607,8,2,6.609724893579278,0.3183011780131661,84.78031526609038,19,1
AST-008608,2,0,4.647060980403699,0.14088951281473186,30.458369672829058,3,0
AST-008609,5,2,7.1803146893111105,0.10978984399878405,16.523628064876593,21,3
AST-008610,2,0,5.350808348675805,0.004870913333232164,29.01198223439268,2,0
AST-008611,3,2,7.731240440905291,0.09564683556294333,38.36743891525076,2,0
AST-008612,2,0,5.862196050865062,0.2150810047010301,66.734118802769,14,3
AST-008613,8,2,8.204376903419375,0.0665630795401832,101.53703519553886,14,1
AST-008614,1,0,7.793689001121191,0.04076863786965302,1.4778806341899158,1,0
AST-008615,6,2,8.862420390942017,0.1787924984681098,25.35114635151089,10,3
AST-008616,1,0,5.5024252564031055,0.02175885967531016,87.2077997077472,2,0
AST-008617,8,2,9.10488860814371,0.07447081016080818,4.125922539685568,16,1
AST-008618,1,0,5.293418708451519,0.057538536122436916,19.07344603896807,2,1
AST-008619,6,1,9.77021827320505,0.10505237434311694,29.383972751953547,15,5
AST-008620,1,0,5.347533457394793,0.02163001348745044,60.61506810129982,2,1
AST-008621,2,1,8.846276436646113,0.19246105721965026,47.98187333263429,4,1
AST-008622,4,1,8.904004012872296,0.008836424814928872,153.93347470528457,3,2
AST-008623,2,0,6.199737122695515,0.035253286656993295,2.701029198896366,2,0
AST-008624,2,0,4.5184166366225105,0.2411969368837738,34.81035814945514,1,0
AST-008625,1,0,2.8851615755077966,0.024822433374617658,19.332465375530788,1,2
AST-008626,3,1,8.82151645677445,0.016693606679262205,23.076666319955606,2,0
AST-008627,3,1,9.14310260306639,0.27766882381495583,89.43593933336187,13,1
AST-008628,2,0,4.012445539173115,0.011632998927985272,83.42790607517469,3,3
AST-008629,6,2,7.42233796296257,0.184453608269604,144.57280030042608,12,4
AST-008630,2,0,4.107810530021691,0.1166232458658896,20.236474531406216,1,1
AST-008631,0,0,0.0,0.0,2.0331517387454605,2,0
AST-008632,4,2,9.069882227345929,0.11627413837642923,24.527559598007933,3,3
AST-008633,3,0,6.163952336805493,0.11745501595978612,3.7231083361560193,2,0
AST-008634,3,0,3.9616318770511674,0.08201537897792831,6.154601036380427,3,0
AST-008635,1,0,5.514890913188521,0.39251013262821893,68.36114822979694,2,1
AST-008636,1,0,5.2071410329267165,0.14477090659615954,21.17300150635662,4,0
AST-008637,4,0,4.415163730977786,0.092525178079709,10.178381021716179,3,0
AST-008638,1,0,6.10455591989777,0.05959850235650697,106.99696046931675,0,0
AST-008639,3,1,10.0,0.31625158304085194,2.1895277895110197,16,2
AST-008640,5,1,7.211137056065323,0.2330412060215293,5.9889466813030126,17,2
AST-008641,2,0,5.18689368981835,0.06213037619423331,29.844251307629712,15,1
AST-008642,3,0,4.960775693127427,0.06917418800202257,4.066818961867509,17,2
AST-008643,3,0,5.090784603751915,0.2005137779824337,53.98970418183423,1,1
AST-008644,3,0,4.709697650166418,0.16198765565425677,51.261771825177,1,0
AST-008645,7,0,5.641980076074377,0.1478197688187046,11.926336860552126,16,3
AST-008646,4,0,5.171633822368062,0.03388292462864423,25.18771836373701,1,0
AST-008647,5,0,3.6318901742976455,0.15716642922833754,59.44577606064153,12,3
AST-008648,2,0,4.954199897499665,0.06948640885522131,8.829266034228215,1,1
AST-008649,6,1,8.800122617205066,0.005182418684819193,48.43007524971644,0,1
AST-008650,1,0,6.287967408078318,0.028216149097399383,39.98317473208102,1,0
AST-008651,2,1,8.1056683158656,0.18215172669868046,0.034883288225884025,15,4
AST-008652,6,0,5.170205812454689,0.33586409628259295,14.73539539204604,20,0
AST-008653,7,2,7.6308159622559355,0.039556980383511194,68.99661042379279,18,5
AST-008654,2,0,6.411729800207101,0.03236436617446313,18.811609947686527,0,0
AST-008655,1,0,5.121620881828583,0.0664619130579211,24.23515816792299,2,1
AST-008656,1,0,6.670347896770011,0.02159232522669278,1.1397013171990316,2,0
AST-008657,4,1,8.321716500537766,0.1916147850493593,32.68220880305598,13,4
AST-008658,2,1,8.357474027456288,0.12528816500653958,1.3781551130809786,1,1
AST-008659,4,0,5.211577122288718,0.10513079188736496,39.49235273412864,1,1
AST-008660,1,0,5.572319316780678,0.046769328673390134,14.514603881864993,2,0
AST-008661,2,0,6.59047967530617,0.0687354618958261,31.463382306497586,2,1
AST-008662,2,0,6.477574598141425,0.07414594088513315,20.238640182021996,4,2
AST-008663,3,0,4.220009222839986,0.012897217363871229,32.70817075829389,3,0
AST-008664,4,1,8.226067073458916,0.04253362949157456,13.158686518651077,1,1
AST-008665,4,2,6.032038700839152,0.14338729207999296,1.2973352388182475,17,1
AST-008666,0,0,0.0,0.0,20.832105309019042,2,0
AST-008667,4,1,8.503990917741644,0.05213382513084615,5.175565683341671,0,0
AST-008668,4,3,10.0,0.03795192476872336,21.466917871505167,1,0
AST-008669,4,0,3.481151104532951,0.06902927565135104,15.538061102684528,14,1
AST-008670,1,0,6.237839523372515,0.2506763366408882,9.743359136920532,0,1
AST-008671,2,1,8.329270942270615,0.019592698632090295,229.46865825510667,1,1
AST-008672,1,0,5.731486851040128,0.15915198612355483,70.36445187288875,3,0
AST-008673,1,0,4.840067371433837,0.010024906778623893,68.36136681504983,1,1
AST-008674,3,0,5.47877741228502,0.17080448108740076,33.566744546888586,19,1
AST-008675,3,1,7.717253446607752,0.1858071854993096,2.47861434696345,24,1
AST-008676,2,0,3.1853317913499883,0.29871322430460523,2.850880827841551,1,1
AST-008677,3,1,8.995451128499194,0.21763681847296376,10.628312517310677,1,1
AST-008678,3,1,9.688102244203481,0.01164037061431055,105.27895043211294,2,0
AST-008679,2,0,5.371424144625642,0.12570729900989225,139.1435362293741,2,0
AST-008680,6,4,9.943517932086948,0.2698947022330719,31.432458434392135,14,6
AST-008681,0,0,0.0,0.0,43.333663976636736,2,1
AST-008682,1,1,9.252120968481021,0.029807672624644486,110.97787182884875,3,1
AST-008683,6,1,8.209327103297497,0.062280972933456046,1.9974761507401728,16,2
AST-008684,1,1,10.0,0.07064542026130086,75.32246009061055,2,0
AST-008685,5,1,7.086045364982326,0.038547782030953485,186.3779281454143,4,0
AST-008686,2,0,5.245389261969019,0.015689113329921157,196.42325898652294,4,0
AST-008687,0,0,0.0,0.0,103.39036865530983,1,0
AST-008688,3,0,4.000060912503462,0.06510394872303293,43.789819122221246,23,2
AST-008689,1,0,6.27858757955988,0.02500313246987373,42.34939113937238,2,0
AST-008690,1,0,3.387808662116364,0.07765138975193907,56.18202422233988,1,0
AST-008691,4,2,7.898417778295385,0.027018769109255263,154.5186104258975,4,1
AST-008692,2,0,4.79130623455452,0.03127002368570787,64.67614725927521,2,0
AST-008693,7,2,8.040705884773764,0.058006290418694935,25.352228499351664,24,0
AST-008694,4,0,5.40389493289698,0.29275012913178394,14.496621202347372,3,1
AST-008695,7,0,4.837821564390651,0.06515876400548175,1.6923292289290128,15,1
AST-008696,4,1,8.01287477833669,0.10325462355210074,67.10166023189633,19,3
AST-008697,5,0,5.972315066755972,0.15149159622103606,77.47088039834347,13,5
AST-008698,10,2,8.41088279426547,0.12201404243382775,28.328449675536252,17,1
AST-008699,4,0,5.51720640763501,0.05775279114660158,0.5532598032897037,1,0
AST-008700,5,0,3.5004254311857235,0.08397042926027012,3.6041679052204896,17,4
AST-008701,1,1,7.888200969060217,0.06344088397291606,39.95914042663444,3,1
AST-008702,2,1,8.138528934072351,0.016697905220844866,129.96153568595287,2,0
AST-008703,2,0,6.314416123959122,0.028180539877879347,88.4747228835714,3,1
AST-008704,3,1,9.22517223229327,0.0572747459456687,25.133410317203367,2,0
AST-008705,1,0,2.988904287140216,0.07665832976352122,47.42988568472668,1,1
AST-008706,2,1,9.039233193522314,0.0005818047261430788,9.339493136755031,1,0
AST-008707,1,0,6.946904300124033,0.017337217964760843,41.629119327060984,8,0
AST-008708,0,0,0.0,0.0,12.052502384691424,2,1
AST-008709,1,1,7.447317498704953,0.04188940779526281,18.38132738451279,1,1
AST-008710,5,0,4.780134755346667,0.13034320670770969,12.823106766170508,10,4
AST-008711,1,1,9.003982641543196,0.1484052317501188,11.216730122637244,4,1
AST-008712,1,1,7.676529976668697,0.16071220202819866,268.8280780232588,3,1
AST-008713,1,0,5.1859893462761875,0.10074778421968918,25.95185646299632,0,0
AST-008714,3,0,6.315758877321269,0.09113614157537149,8.140103881060854,0,1
AST-008715,0,0,0.0,0.0,16.413036494774026,5,1
AST-008716,2,0,4.464985286032566,0.022502991459899042,77.03708699937809,1,0
AST-008717,2,0,6.479126843662298,0.06178534070042994,11.594533008815567,1,1
AST-008718,5,2,7.416791751562098,0.3086801111608269,65.47245483048172,2,0
AST-008719,1,0,5.340176644972243,0.10674188665403177,8.32463533718249,1,1
AST-008720,4,3,6.9099204890304255,0.16067465791563632,3.060551847826312,16,3
AST-008721,1,0,3.8312191780773923,0.06772367856051172,3.144365943316647,2,1
AST-008722,3,1,7.783268911450322,0.060986372909793675,15.029968072040145,18,3
AST-008723,8,4,9.143812287383398,0.17886114051971,120.31564759513951,13,2
AST-008724,3,1,8.901729780784484,0.03933201649858302,1.9927890028340471,2,5
AST-008725,7,1,8.335534205431465,0.08535732718098508,5.824168240535586,22,1
AST-008726,5,1,9.539159484311435,0.4435534361006362,19.039397776603163,14,3
AST-008727,1,0,5.043649875326331,0.0954058464983404,102.63339287937785,1,0
AST-008728,1,0,5.894821615148803,0.10788264211355766,4.188906755211232,1,2
AST-008729,2,0,6.254136535956622,0.06707954806865267,16.45323284625559,0,1
AST-008730,2,0,4.290642743248869,0.019681684825068022,47.920008153639586,1,0
AST-008731,2,1,7.844357304752636,0.09264854275670459,21.00291109589758,1,0
AST-008732,3,0,3.4317791459579863,0.016476099226118313,45.63485133518336,10,1
AST-008733,4,1,8.457423472245365,0.34084681229231467,33.345051051427575,20,2
AST-008734,1,0,6.439749219052863,0.12904066312792392,73.17164398604173,3,1
AST-008735,3,1,8.92066884098977,0.04183391018973002,2.5942612671088816,14,3
AST-008736,4,1,8.873025908313815,0.22222824641960695,70.92449328806302,16,6
AST-008737,1,1,9.505075358166774,0.06564663653527439,185.61915800915168,2,0
AST-008738,2,1,10.0,0.01569156834750179,2.153057582264893,2,0
AST-008739,2,1,9.01736501028918,0.02250483194950081,42.60713959799816,4,1
AST-008740,6,1,9.20189767974285,0.06571118084518147,6.990514412437903,16,3
AST-008741,3,1,8.46860409375983,0.048104647462435375,128.61516128849573,17,2
AST-008742,3,1,8.883132165195368,0.03966430131723753,13.170386075114996,1,0
AST-008743,0,0,0.0,0.0,69.94903642012493,2,0
AST-008744,4,1,7.98770373890091,0.14564523980641447,41.281660274576595,19,2
AST-008745,5,1,8.467895125812074,0.2515725797925625,8.197627610552884,11,4
AST-008746,1,1,7.892841025172398,0.08235953176227502,15.39140674101399,4,1
AST-008747,3,1,9.182649438184669,0.019404715631782327,15.505737219175929,3,0
AST-008748,6,1,8.378600157339198,0.13419110181142366,4.95167912694169,15,4
AST-008749,3,1,8.882668132999205,0.05393531881907048,73.01859980982044,1,0
AST-008750,1,0,3.035347222046308,0.0349959088976641,148.9280483165747,3,1
AST-008751,4,0,3.522045150303074,0.11284716611363167,38.75372155953149,18,2
AST-008752,2,0,5.846297836808317,0.04996698618289384,0.14107522822483903,0,0
AST-008753,4,2,7.667856370403769,0.03915109178284734,0.09396568715238167,11,2
AST-008754,1,0,4.0181233915327175,0.04005318777586586,6.367215883526865,3,0
AST-008755,1,0,4.131145086708807,0.11308867142025522,22.496799814994045,1,1
AST-008756,6,0,5.200216674515678,0.12889341604130025,81.54911448223372,4,0
AST-008757,1,0,4.525607493536745,0.10312842821110384,4.8710389008369415,1,1
AST-008758,1,1,8.058430233819482,0.0337365813044373,25.023548645694767,5,0
AST-008759,2,1,7.860548667043923,0.014143562042120895,46.72075588572201,3,0
AST-008760,1,0,5.737559267475755,0.056197040975528426,23.215961672528422,1,1
AST-008761,6,1,8.07289336535676,0.0014139846988752876,8.0538556959348,22,7
AST-008762,3,0,4.6767758867253395,0.008623554750692859,5.002672755217958,5,0
AST-008763,3,1,7.725791133285868,0.04292680136019647,39.19333323397341,1,1
AST-008764,0,0,0.0,0.0,0.8293951491116647,3,0
AST-008765,2,0,6.760320334901437,0.01668163525437764,4.115864629474518,1,1
AST-008766,4,1,9.107910582631375,0.04275304861645392,6.7438635824720805,4,2
AST-008767,3,1,9.111703318520679,0.07935532708054395,1.8760593428810288,3,1
AST-008768,8,0,5.977669893234218,0.38200230992906087,45.133924392688634,18,4
AST-008769,2,0,4.568332829633435,0.03774084653979643,85.07832302751935,3,2
AST-008770,4,1,8.33726187740119,0.07877789743749067,67.87161788931687,1,0
AST-008771,0,0,0.0,0.0,3.599564699239908,1,1
AST-008772,4,1,9.008511389661239,0.021548016710798312,46.876044722121975,3,1
AST-008773,3,0,4.998022061104084,0.08220617803552857,31.788442072784576,3,0
AST-008774,9,2,7.870230309071168,0.1221900848155543,76.03446163749646,13,2
AST-008775,1,0,5.176351287201408,0.01786904463012513,121.44730538274445,1,0
AST-008776,1,0,6.816154810350181,0.12439407088510547,10.242588261097561,3,0
AST-008777,1,0,5.042728791729007,0.0005164439399403591,0.9525156001307707,3,0
AST-008778,7,0,5.197554839673695,0.14188131780277158,9.139378867220959,12,1
AST-008779,0,0,0.0,0.0,88.16038524865507,3,0
AST-008780,1,0,6.176033136218087,0.06825328241696678,92.02473030168102,0,0
AST-008781,4,1,9.391323687924443,0.07168902733070397,41.64673906048674,2,1
AST-008782,2,1,10.0,0.03800632844399339,102.37829552326446,12,1
AST-008783,0,0,0.0,0.0,1.1225014848589678,2,1
AST-008784,3,2,10.0,0.18532865619929031,73.75472305864277,1,2
AST-008785,3,0,6.003061879475957,0.02644469304608722,20.115424377371088,14,2
AST-008786,1,0,6.251866433676646,0.007376280305265861,7.228846777526029,2,0
AST-008787,2,0,5.6665741831118055,0.016131979873922977,2.314536294696895,3,1
AST-008788,3,2,7.69284108364035,0.08378561424731279,120.41622380926736,1,0
AST-008789,2,0,3.1784515795399813,0.23779942987114672,4.404943275709798,16,2
AST-008790,2,0,5.397381803482482,0.04823566787000329,4.831712024723044,2,0
AST-008791,1,0,4.403182169408443,0.22878742405923222,18.570123570654307,1,0
AST-008792,5,1,7.789664406011299,0.10487379641400772,9.271488671454657,19,2
AST-008793,4,1,8.088441598203977,0.058644047941355394,3.5675535295018057,2,0
AST-008794,4,3,5.9736616102607,0.13711899884514725,33.14212440698479,2,0
AST-008795,6,2,7.491664056391105,0.04886851933026665,10.962389161713089,14,3
AST-008796,2,1,7.00008767873641,0.22329191255248124,55.23970368521279,0,0
AST-008797,4,0,3.7877431158122405,0.11939248505657475,20.944635723130638,2,1
AST-008798,1,0,4.187530501600566,0.3026868746586803,6.338154719796297,2,1
AST-008799,1,0,4.851153211637371,0.17863976085870525,97.0323768036003,0,0
AST-008800,10,3,9.006691270557221,0.1892708791847337,26.55520125096316,12,0
AST-008801,2,1,10.0,0.06686716270315875,10.967169337621351,3,0
AST-008802,0,0,0.0,0.0,43.358207537938725,0,0
AST-008803,5,0,6.168183277338031,0.17895285291722227,41.56331493213697,24,5
AST-008804,0,0,0.0,0.0,37.880670692307994,2,1
AST-008805,3,1,6.361359824903989,0.002107806646818532,21.21846001316354,1,0
AST-008806,2,0,4.028090898630445,0.051865485499910935,5.107532598762987,0,0
AST-008807,3,1,9.236397336000325,0.22402574974604386,6.7495833049920675,4,0
AST-008808,1,0,5.124181943008834,0.4405015839707286,30.062347718704274,1,1
AST-008809,3,1,6.579657149467533,0.06707221569683709,70.79042262763964,2,1
AST-008810,5,1,8.847841888132269,0.11575690678695819,11.340342758418265,1,1
AST-008811,3,1,7.405978751182818,0.06616583821417765,48.45488402418667,2,0
AST-008812,4,1,7.927073137268856,0.09239966567052303,26.20337894740464,1,0
AST-008813,2,1,8.196834776806417,0.005576869921465743,12.12025125266294,5,0
AST-008814,2,0,5.081955603374844,0.23170750683029384,0.001556770687246917,2,2
AST-008815,2,0,5.652217216134201,0.0007469432217670094,41.07808541538174,0,0
AST-008816,3,0,5.3074443489609235,0.171945845045846,6.294580885863442,1,2
AST-008817,3,0,5.985029833461014,0.1409735152391983,14.536248586862577,2,0
AST-008818,3,1,8.936140093099326,0.01209913185646151,64.15250884760866,4,0
AST-008819,2,0,5.215179586603311,0.1002488162880548,27.851884918048867,3,1
AST-008820,0,0,0.0,0.0,26.120548588683764,1,1
AST-008821,3,0,4.258277585556023,0.0410292552361789,27.716218149070333,4,0
AST-008822,4,2,9.704504747127052,0.12821735078105737,11.093460697747972,2,1
AST-008823,5,1,7.921438255659547,0.17923314533360388,81.11770078007649,14,1
AST-008824,3,0,6.75432276461429,0.3670871654636067,5.541671523281085,19,3
AST-008825,1,0,5.969955462943746,0.1305213656826712,37.54799193457606,2,0
AST-008826,1,0,6.079722772699248,0.0018680124384578996,151.46398236595533,1,0
AST-008827,3,0,4.2815128174907695,0.006146736983160053,19.95174055849118,3,0
AST-008828,5,1,9.471445990519562,0.2829033523038247,82.77422873032118,11,5
AST-008829,3,0,6.902037513535039,0.25437349175841506,53.797621990435225,17,1
AST-008830,3,0,6.143123506649525,0.0014578075729257671,31.94025672883141,0,1
AST-008831,2,0,7.203071555412958,0.22021477830627614,11.396172175407818,14,4
AST-008832,2,0,5.540698448126763,0.2982401574411292,101.3913332326283,1,0
AST-008833,1,0,6.393223551351888,0.027296308297757983,22.735239049694044,2,2
AST-008834,4,2,9.097376834343962,0.14812994629931692,80.71627109873178,17,3
AST-008835,2,1,7.109904852915934,0.003626938053113169,22.387643662102228,2,1
AST-008836,2,1,9.703586857966295,0.11271740001835935,42.161112286409434,12,2
AST-008837,0,0,0.0,0.0,17.440791613114655,2,0
AST-008838,2,1,7.102547732270321,0.2871647741859638,55.23053032508874,0,0
AST-008839,2,0,4.669939286274217,0.05126124337707159,2.927633536188707,1,0
AST-008840,3,1,8.920434796580823,0.005365575696238209,2.095895490716039,1,0
AST-008841,0,0,0.0,0.0,3.220521914747572,2,0
AST-008842,1,0,6.164590105899485,0.02918238046876607,38.96672138066511,2,0
AST-008843,0,0,0.0,0.0,1.480154200441046,2,1
AST-008844,1,0,5.420319028372217,0.021146412296498548,2.9136473684408823,1,0
AST-008845,8,0,4.872378906553912,0.008317948167576819,3.4816620136758445,15,3
AST-008846,2,0,4.8846104404087765,0.06748944645704821,5.7154659942105805,4,0
AST-008847,1,0,5.48235212032312,0.07446539874278589,90.26344482662732,1,0
AST-008848,4,1,9.327202903682334,0.12985787021514553,102.9541712127176,3,0
AST-008849,1,0,5.292890707657792,0.002906196251678721,25.63754585793219,2,0
AST-008850,2,1,9.393254897191415,0.2361330930747462,0.9972848241072622,2,1
AST-008851,2,1,8.921579283986002,0.047452534477782776,68.92292268173236,3,0
AST-008852,2,0,7.182909420844638,0.16556681180584146,9.619044858106863,5,2
AST-008853,0,0,0.0,0.0,9.658452859094554,1,1
AST-008854,0,0,0.0,0.0,115.53072289872843,2,0
AST-008855,5,0,5.449384540115309,0.40231404861731573,19.828003783808295,24,3
AST-008856,3,0,3.5935134091231045,0.04668911534131298,33.12373085126458,1,0
AST-008857,4,0,5.1672611165429,0.26675397325023215,3.060789496157426,14,3
AST-008858,3,2,8.736391119432387,0.09368452741517418,34.58739968514665,3,1
AST-008859,2,0,3.3814521579729337,0.009178248830535243,8.767436020675937,0,1
AST-008860,4,1,8.953919532323242,0.08118347993630215,14.366649537740624,2,0
AST-008861,5,1,9.146997672175223,0.28079584210881475,57.57289232270853,19,2
AST-008862,2,0,4.4912525816260995,0.17808197769364417,47.86600107931438,2,0
AST-008863,1,1,9.841524493065629,0.12555054658509596,21.57683505364783,1,0
AST-008864,2,0,3.446111903258052,0.09129224810900197,25.823452630751056,0,0
AST-008865,2,1,8.20738784205364,0.12078694644819137,29.43688423759748,1,0
AST-008866,4,0,5.856556364465264,0.2393710985654345,5.59784299414223,14,4
AST-008867,6,2,9.436261684896188,0.27186278328523394,56.65998716907158,13,4
AST-008868,7,0,5.630429805229661,0.26132277723481223,2.6702338508952392,15,4
AST-008869,0,0,0.0,0.0,21.119969366848252,4,0
AST-008870,6,1,5.964858878766092,0.16503113028102895,24.061273896645897,10,4
AST-008871,3,0,4.197824704734981,0.13071919758979278,15.892182166175676,2,0
AST-008872,1,0,5.617885536181727,0.00882324238926015,6.8041038649379315,2,0
AST-008873,4,0,6.300511487487662,0.054435622009868685,68.50917280459072,13,2
AST-008874,1,0,6.1217867759348845,0.010082450594538158,39.024907771193824,0,0
AST-008875,3,0,6.563526735036546,0.10634738627867386,0.849201563209004,1,2
AST-008876,3,1,10.0,0.05721996807760909,161.53868774650877,6,0
AST-008877,1,0,5.067062751883289,0.054053864383208194,32.576938909782626,3,0
AST-008878,2,0,5.244666428009563,0.01642743562683158,88.23728572281995,1,0
AST-008879,2,1,8.075033434528105,0.14096103034232757,3.117277427766188,2,0
AST-008880,7,2,7.841322825831889,0.08412394926330048,69.54802413438456,16,8
AST-008881,2,1,7.6144343350546935,0.13268529840894663,63.012516258924414,16,3
AST-008882,4,1,7.8223639581464415,0.24361853033488529,10.675375090786089,19,3
AST-008883,3,0,5.0640665086658165,0.06515209819354123,3.5877527862187844,1,0
AST-008884,4,1,9.621525444871118,0.09073629667994333,2.410093872213317,11,2
AST-008885,5,0,5.318515000345532,0.14446597396224573,40.37997160144593,11,1
AST-008886,2,1,8.485815870376053,0.03929249462873531,1.1085158346648005,3,0
AST-008887,1,1,8.439308732140123,0.0463882820752575,32.61044601214746,0,1
AST-008888,0,0,0.0,0.0,2.4002724041968206,1,1
AST-008889,6,0,4.641865673183796,0.042954746860733445,14.559261007252829,2,0
AST-008890,3,1,7.091545916086617,0.01223678037258355,34.522374746328744,0,0
AST-008891,0,0,0.0,0.0,11.274716502301978,1,0
AST-008892,0,0,0.0,0.0,29.65110471440117,3,0
AST-008893,3,2,7.899883419684299,0.18868213847380302,0.9336301264712883,1,0
AST-008894,2,1,8.127575354531823,0.03907492695935628,4.495586299180509,3,2
AST-008895,8,1,10.0,0.046167598989751514,4.160968937788799,17,2
AST-008896,5,1,8.316591238701616,0.15478532769391323,64.14853774015042,19,3
AST-008897,1,0,3.1466492669780024,0.15680955004397057,7.902416915022972,3,0
AST-008898,1,1,9.052834271753351,0.11700726082847461,29.202518597039713,2,2
AST-008899,0,0,0.0,0.0,191.5043968927797,3,2
AST-008900,3,0,6.732497383756741,0.1574506952464648,57.27563062714742,4,0
AST-008901,4,0,3.239350303645585,0.14129171116689065,15.867710523394617,1,1
AST-008902,6,1,9.604174324641747,0.05775529728579279,57.05627543283482,16,7
AST-008903,0,0,0.0,0.0,43.937652143177004,2,0
AST-008904,1,0,6.024793919619778,0.14796609514337472,56.05033005347076,19,5
AST-008905,4,0,3.721282052737446,0.33037279476695713,0.30140034203961924,9,3
AST-008906,2,0,6.984135150449047,0.09893860105406449,142.31617923363603,2,1
AST-008907,4,2,7.763073973317089,0.2077153596989216,19.540263095294307,0,0
AST-008908,2,1,7.784503064466553,0.008397214630420107,113.80890903393588,1,0
AST-008909,4,1,8.393309103754584,0.23205716408093452,11.274965364747004,0,1
AST-008910,2,0,5.722326742577899,0.07784282435236733,4.02963962846414,1,0
AST-008911,8,5,8.291766686378399,0.1297531301532497,105.32955830782456,14,3
AST-008912,1,0,6.0967112913599655,0.1114554476750175,72.7807515636229,9,5
AST-008913,4,2,8.109631788420055,0.09586148123404127,56.12074366934765,13,3
AST-008914,2,0,4.944463009169535,0.08034432260496978,26.65976975155469,4,0
AST-008915,3,2,7.426225730304114,0.004070814046605248,19.43959650628245,3,0
AST-008916,1,0,4.866127456792242,0.006705028543517113,152.0944040445982,4,0
AST-008917,2,0,7.245760352044482,0.08700113489968993,8.27678329512992,4,0
AST-008918,2,1,9.273184021070985,0.13315247187119697,43.528137171856876,1,0
AST-008919,2,0,8.307458402322196,0.049258822603290994,47.28180926189076,2,1
AST-008920,2,0,6.448232746707857,0.09052651001710152,2.9503652379303795,2,1
AST-008921,7,1,8.832469350755451,0.21142226809532688,13.909666797018412,7,7
AST-008922,4,1,7.3612983624646215,0.33314916128691807,8.012918145110666,23,5
AST-008923,0,0,0.0,0.0,2.5030342953372915,3,1
AST-008924,6,1,7.644664552570069,0.34476955517146574,40.0434256704233,20,0
AST-008925,2,0,3.901614975376698,0.04104392095116939,41.914240814131155,4,1
AST-008926,0,0,0.0,0.0,8.93600135227111,3,0
AST-008927,4,0,4.187778309830605,0.18432429626729102,48.99026275876503,15,5
AST-008928,1,0,6.251885059774368,0.22895980735763038,14.74617723414395,2,1
AST-008929,5,0,4.375618513112471,0.4390027355343217,115.43487071885421,13,1
AST-008930,2,1,9.85064236488302,0.11521155049080249,21.1311503930236,4,1
AST-008931,6,0,5.298566093614052,0.12245030682996304,1.4746988577892584,12,3
AST-008932,3,2,8.225144342181217,0.12131974810795802,69.82171467408428,13,3
AST-008933,5,0,4.851892396303613,0.04113305535721686,35.306021650270864,2,0
AST-008934,3,0,4.506260850533233,0.1875369106124212,95.1437501538511,1,0
AST-008935,3,1,9.246073939272366,0.08062972784211171,46.80167188987147,6,0
AST-008936,0,0,0.0,0.0,26.52358775128041,1,2
AST-008937,1,1,7.440762006178643,0.04926351176001701,48.237816818701816,3,1
AST-008938,1,1,7.64038231015827,0.06426564115894373,221.93223291990125,14,1
AST-008939,3,1,7.450384173177758,0.027415588874910125,30.212770648684316,2,1
AST-008940,2,0,5.777180776754945,0.19940108423585534,166.03866369476975,15,0
AST-008941,4,0,6.5018191146730135,0.0936562737135803,6.457803654122438,17,3
AST-008942,4,1,9.69346565238921,0.07261112723502662,26.89906294225381,1,0
AST-008943,2,0,5.424408853590674,0.0017288845997978832,4.374983320705956,3,2
AST-008944,3,0,6.253999828067881,0.009753530108774234,11.25631181212523,5,1
AST-008945,0,0,0.0,0.0,2.938759444576685,3,0
AST-008946,1,0,5.506350158593265,0.011510407041530678,90.21660040332583,4,1
AST-008947,3,1,7.996872895151051,0.0010895793421273419,182.83622714832026,0,1
AST-008948,2,0,4.503256980606712,0.0024681703296876548,52.31603107432515,5,0
AST-008949,5,1,8.63284911690243,0.03688482173380569,13.342024440495042,1,1
AST-008950,3,0,6.693526295856197,0.04121933240455539,47.60114014123761,14,2
AST-008951,7,1,10.0,0.15441364465746388,84.75316258378871,6,4
AST-008952,6,0,5.59652164458209,0.01605434618577643,24.755326295543156,4,1
AST-008953,0,0,0.0,0.0,2.548402710522611,2,0
AST-008954,5,0,4.0570144227096865,0.055260198515706294,89.22627348661922,21,5
AST-008955,7,0,5.495891766424646,0.21576656827094134,1.0544557607791927,8,2
AST-008956,1,0,7.8958876356501495,0.28072457399698214,35.03249441733395,2,0
AST-008957,5,1,7.724570686888505,0.17518528495408012,38.21528940249656,1,0
AST-008958,3,0,4.755575237343468,0.020680203187160934,2.4725997182408244,0,0
AST-008959,0,0,0.0,0.0,26.349522056202183,1,1
AST-008960,1,0,6.653705996072382,0.018697945731183014,83.12871481346068,1,0
AST-008961,4,0,5.7376375374343365,0.05567564245580927,87.59220726758471,1,0
AST-008962,3,0,4.862653751196684,0.07341677945861713,23.28245180622063,4,0
AST-008963,2,0,4.309835502139576,0.007871885879663023,13.594747057178864,1,0
AST-008964,2,1,9.80729777779441,0.04550451867595929,17.972862756828434,0,0
AST-008965,4,1,7.302656998128762,0.15811650735261212,1.480457745059565,3,1
AST-008966,4,2,5.9180940712636625,0.32357146494625993,5.010592690646541,15,0
AST-008967,0,0,0.0,0.0,4.20162105972687,5,2
AST-008968,5,0,5.959465014223871,0.05213952789400535,16.858787420084948,15,2
AST-008969,4,2,6.983542146412781,0.02166002909282984,51.20328425877364,1,1
AST-008970,0,0,0.0,0.0,82.32621272517298,0,1
AST-008971,3,1,8.03328021767328,0.10024639430151289,10.779830886082715,1,1
AST-008972,3,0,3.669216031316374,0.0003167278103106068,62.542622743937024,3,0
AST-008973,1,1,8.764068916231546,0.030788333159591206,13.55475066741328,2,1
AST-008974,1,1,7.692322445038339,0.020228766094336527,46.32228245949695,3,0
AST-008975,3,1,7.787109171374433,0.06145530572075588,2.3482256557584376,9,7
AST-008976,5,1,7.426277015885616,0.14028644559470477,152.56437930034895,18,1
AST-008977,2,0,5.2167951423997945,0.007076119008894583,21.464599448995603,1,1
AST-008978,5,0,6.115221586971771,0.0719576766268444,13.666182674967546,15,4
AST-008979,1,0,4.005920518915685,0.05999801688237507,37.523171458823214,2,1
AST-008980,4,2,8.954356365972416,0.20695855494266557,1.8998827981446351,1,1
AST-008981,0,0,0.0,0.0,1.345182662324229,1,1
AST-008982,3,0,3.732605871482095,0.15090646679009911,3.5232225193233844,2,1
AST-008983,2,0,5.087962406008882,0.07434478521902303,27.910870164156037,0,0
AST-008984,2,1,9.371891091794325,0.120873262709813,1.8519160673567847,2,1
AST-008985,0,0,0.0,0.0,61.27382422882786,4,1
AST-008986,2,1,8.399165614133281,0.06819164551902201,120.495908238996,1,0
AST-008987,1,0,3.928441004711457,0.045212229661640055,128.66091346767047,2,0
AST-008988,1,0,5.167929966484348,0.10644554722251753,0.7174836360794219,6,2
AST-008989,2,1,8.810628388061438,0.03848640915821516,10.185492529283755,1,0
AST-008990,2,0,4.222398148189891,0.1050605913968178,20.086736875663554,1,1
AST-008991,6,1,6.748938583032535,0.012425725162658574,47.35910209295177,22,2
AST-008992,6,0,5.802459869623327,0.1691735246101859,93.54773201724878,1,0
AST-008993,1,0,5.25882303230277,0.04538420741367045,149.60420903074373,1,0
AST-008994,1,0,3.830842139577977,0.02546887302791455,1.4079522970616147,3,1
AST-008995,4,1,10.0,0.13476926010589393,8.140983140767425,18,7
AST-008996,3,1,8.894479412423932,0.0062998322498803135,0.25891051460221953,3,1
AST-008997,2,0,3.394209670376164,0.12815148664748877,17.438308122581503,2,0
AST-008998,2,0,5.578240081551988,0.00960451818338173,85.69857167574249,2,1
AST-008999,7,1,9.869070691643433,0.1077260379987845,128.6565892053222,15,1
AST-009000,3,1,8.205416547002109,0.061614226336485625,13.704295842978826,2,0
AST-009001,2,0,6.865824911390412,0.1072596428794214,34.97583169992891,6,2
AST-009002,3,0,4.871810350129101,0.028133003963725162,38.35653783896811,4,0
AST-009003,2,0,6.1240171713583145,0.24048870953266735,85.49401397072364,1,0
AST-009004,4,0,2.7558885540567,0.07224081963105403,32.06505236221382,1,1
AST-009005,5,1,8.487172872230628,0.016941462360116906,25.170704444006525,13,1
AST-009006,1,0,6.275755393087553,0.3250454280234307,17.308776470586917,0,0
AST-009007,0,0,0.0,0.0,89.12436431192138,1,0
AST-009008,0,0,0.0,0.0,3.880889141777427,3,1
AST-009009,3,1,9.496884014210359,0.0355021179747306,4.4367576995545255,1,0
AST-009010,1,1,9.38103126958826,0.2512276599599013,67.54305448099461,1,0
AST-009011,3,0,5.400571388484133,0.13965078367817502,134.54396869237257,3,0
AST-009012,0,0,0.0,0.0,55.54899159058162,3,1
AST-009013,3,0,5.189986647847692,0.05461278771337605,14.020038066641986,2,0
AST-009014,3,0,5.2434488049586605,0.1489159960363793,13.298807776725024,1,1
AST-009015,5,0,2.8695977623863804,0.02920055143862295,31.688813298845407,18,1
AST-009016,2,0,4.51674640967065,0.007732776438376192,39.567205288006036,1,0
AST-009017,4,2,8.339912098054711,0.1668347889534382,8.645700125297262,16,7
AST-009018,1,1,9.036886829343011,0.08811865044388031,13.763158197156828,4,0
AST-009019,1,0,4.439066190852408,0.013452039678863463,8.249927581719785,2,1
AST-009020,0,0,0.0,0.0,60.561998927780216,1,0
AST-009021,2,0,4.062075574867886,0.01996423815492,10.828236824626778,2,0
AST-009022,1,0,7.383261448298069,0.045922749673256116,54.54458450850041,3,0
AST-009023,6,4,7.298639847374004,0.06495456627800508,146.97996993582404,21,4
AST-009024,2,1,7.0526899590313485,0.1315854767147699,140.88216376301284,13,4
AST-009025,0,0,0.0,0.0,138.17789325720534,0,0
AST-009026,4,2,7.718256347228236,0.2319465713150538,32.992620693869995,19,4
AST-009027,2,1,7.104335497028524,0.003978903499620348,8.715839581260202,1,4
AST-009028,4,0,4.791286396205876,0.4657965711312028,202.38687105555033,8,3
AST-009029,3,0,4.972818185572692,0.38894766728719915,11.097827287140632,3,0
AST-009030,4,1,9.029126807161443,0.020867674390215772,2.8292709836265075,18,2
AST-009031,1,0,5.21288169678836,0.19106604393429957,17.677443152459283,3,1
AST-009032,8,1,8.586207089997073,0.3554736973496314,27.679943018314237,18,4
AST-009033,1,0,5.496038700405837,0.06520232853565186,46.114936170116145,1,1
AST-009034,1,1,9.338408149717138,0.03278069752267778,9.020544767568454,1,1
AST-009035,3,1,7.928783186616485,0.16412437976368585,9.815713761931299,2,0
AST-009036,5,1,7.976442579317165,0.10247740161261445,55.168329533349464,16,5
AST-009037,1,0,5.747387242244895,0.2554013212710193,9.760310838665573,2,0
AST-009038,1,0,4.724895405468307,0.030432630751135704,30.633972574584817,2,2
AST-009039,3,0,4.2284000144132525,0.07538846130673031,62.46963480983804,0,2
AST-009040,6,1,7.826829137438822,0.1673425549402827,31.833162040999675,13,1
AST-009041,1,0,3.5303461496131314,0.13062971842119944,3.5783969453206317,3,1
AST-009042,2,0,5.415908902993949,0.18813903955270805,21.918915676325177,6,1
AST-009043,4,1,10.0,0.201524338178697,28.17645816196014,11,3
AST-009044,0,0,0.0,0.0,46.725645804090355,1,0
AST-009045,1,0,4.35014929732198,0.02939109217042682,27.843887830307914,2,1
AST-009046,4,1,6.422589341581078,0.07051819027189046,22.711856563975896,3,0
AST-009047,5,0,3.960797962520491,0.022790397260116415,15.425993095492522,18,2
AST-009048,2,1,8.410527060271958,0.14784653821936436,15.573110643380046,3,1
AST-009049,1,0,5.787416726246696,0.00015184067691314106,1.6071795504570516,0,2
AST-009050,3,0,5.755578878031908,0.15525311516927923,27.134970226765844,15,4
AST-009051,1,0,4.5827032425261045,0.023338029765414617,64.00038248556126,3,0
AST-009052,8,2,8.437720885699804,0.24155549025025633,103.40652925678076,10,2
AST-009053,1,0,4.392211772017376,0.07875729958496956,53.52469512447492,1,0
AST-009054,2,0,4.503666002617267,0.06341088965576631,8.332046214448145,3,0
AST-009055,0,0,0.0,0.0,34.386643887418465,0,0
AST-009056,0,0,0.0,0.0,4.1678388467976,2,0
AST-009057,1,0,3.748909339626729,0.001991506253629349,90.64707483613637,1,3
AST-009058,2,0,5.09575130314589,0.23479471328538035,8.94480085498168,2,0
AST-009059,6,2,9.104382507669825,0.18688708512652988,207.97003655532535,14,5
AST-009060,3,0,4.520744323547855,0.007409685222519531,32.6398974808735,2,0
AST-009061,4,0,7.409757365003836,0.340964012223258,16.385217103364262,15,6
AST-009062,1,1,8.414046592386454,0.03177221202030605,13.725015046462307,4,1
AST-009063,3,1,7.684935805406912,0.06937133413344344,60.96727311672671,1,0
AST-009064,4,1,10.0,0.15945203256058252,12.901173842733304,19,0
AST-009065,0,0,0.0,0.0,89.49908167075802,0,0
AST-009066,3,0,7.408947434571581,0.11894702607486984,28.01672605087689,16,0
AST-009067,0,0,0.0,0.0,24.42390771223271,1,1
AST-009068,3,1,8.132277127093012,0.0489734228057836,2.3806282567514248,0,1
AST-009069,7,2,8.422773963175837,0.050333541808713474,6.3314180790190635,1,0
AST-009070,1,0,5.634188689354811,0.1293527205229735,85.34862028124076,1,0
AST-009071,2,0,6.211694266798078,0.13852064371625378,16.680972131716736,1,0
AST-009072,5,1,9.521532924360029,0.3900625681963875,7.582729715114982,13,3
AST-009073,2,0,5.016953887709584,0.002302752479533751,2.4145703985098605,0,0
AST-009074,3,1,9.226338310160319,0.002929023090547527,11.70155847674722,2,2
AST-009075,5,0,4.027665052648311,0.05695696114883076,79.2821128957776,7,6
AST-009076,6,1,7.584862571619724,0.11771966813082797,12.700118859675971,22,1
AST-009077,4,1,8.63794301672427,0.07365159339443515,27.19409415004054,3,1
AST-009078,2,0,2.781734407239152,0.040720154079016524,71.83329531649397,2,1
AST-009079,1,0,5.003365599434613,0.3726390894980256,131.8114289046075,2,0
AST-009080,2,1,9.460636768494288,0.005960890795512065,6.599228407957149,1,0
AST-009081,1,0,5.390554234355696,0.054606622464577516,3.8076819018908434,1,1
AST-009082,5,1,9.903066318397087,0.22074365569331145,1.7799276066881782,12,3
AST-009083,1,0,4.579931257986081,0.055574798916407694,172.4968621253966,0,1
AST-009084,1,0,3.546625870458893,0.038262639845208564,25.563276842349982,3,0
AST-009085,2,0,4.212149015067562,0.11426809788410676,75.22241935706911,11,1
AST-009086,1,0,5.092631003917412,0.0031378874944014722,3.7963357953939023,2,0
AST-009087,8,0,6.6874902834689145,0.06069325355619915,14.111745212402232,13,2
AST-009088,1,0,6.895369144745642,0.002554547771870021,6.55420485888368,1,0
AST-009089,3,0,2.992742726292701,0.06413818387361464,18.014035512687503,0,1
AST-009090,2,0,4.781120665019663,0.0990334581370189,66.60758207078185,18,4
AST-009091,3,0,4.233362258804853,0.15649985668328145,19.702592703099636,2,0
AST-009092,4,0,4.343661121137505,0.25645269390257913,110.67415427249641,14,2
AST-009093,1,0,4.772376712849971,0.003658853867937316,1.024163208155601,1,0
AST-009094,4,0,4.235297550013859,0.066471971335114,214.54183415591768,14,4
AST-009095,4,3,9.09490756936722,0.005632352354380893,7.285567129165489,2,0
AST-009096,4,0,6.6399582906942785,0.1827114218104758,86.28799223873122,2,1
AST-009097,1,0,6.597852444157331,0.07214265530325481,31.720958669602606,4,0
AST-009098,3,0,4.210728041584817,0.02994870950939048,59.038202034491505,2,0
AST-009099,1,0,4.858774116835468,0.18587752505020874,9.346250615003527,1,0
AST-009100,1,1,10.0,0.08539243350529681,64.42751777859269,1,1
AST-009101,3,0,5.482082337456163,0.21749770270100802,9.882048920606163,2,0
AST-009102,3,1,9.784727965184711,0.011120883405107782,16.744235251887876,2,1
AST-009103,4,1,9.131726582283667,0.05910521419562198,104.15574781039005,17,2
AST-009104,2,1,9.522681382465603,0.0011781552543295895,39.04242301783677,2,0
AST-009105,0,0,0.0,0.0,50.22214308934791,3,1
AST-009106,1,1,7.859461549999479,0.1543057626443702,42.35531028146092,4,0
AST-009107,2,0,3.097385969768651,0.02910585421216581,52.65040243826381,3,0
AST-009108,7,1,7.315955882262786,0.22036454748791118,90.07757990582324,16,1
AST-009109,2,0,4.625724028818023,0.3597813782096802,11.363575116261558,1,0
AST-009110,1,0,3.083992672392627,0.18853240917324465,2.3161063415507623,3,1
AST-009111,2,1,9.386524554877257,0.11934080627414889,8.170594880838182,1,0
AST-009112,5,0,5.0458798473110535,0.04214877170569828,4.246139486413705,14,3
AST-009113,1,0,4.714514609871578,0.05556576132801655,19.05169788144248,4,0
AST-009114,3,0,4.871731287596775,0.5515336521081475,56.42477015173657,25,4
AST-009115,3,1,9.632219628659925,0.22878483783481082,44.165383150006896,3,3
AST-009116,11,3,7.521838677718819,0.0644190769341575,88.355358171058,16,1
AST-009117,1,0,3.7885326635177368,0.006527123829537399,33.96879369097728,2,0
AST-009118,5,1,8.031676845528722,0.1532095052823811,12.012710068870835,16,4
AST-009119,1,0,6.494528140623767,0.0430778961857123,9.805822591193344,3,0
AST-009120,1,0,4.23498554381124,0.05801263976408733,27.249507447257525,0,0
AST-009121,5,1,8.778475224858314,0.13612705018714252,72.29362278468398,12,4
AST-009122,3,0,4.421476567963704,0.32742069171401506,42.875125444136316,1,2
AST-009123,2,2,6.387363742405783,0.012550761800740147,8.709332535320463,0,1
AST-009124,3,0,3.912250911065284,0.2530016154442781,9.387139750151416,15,6
AST-009125,1,1,7.41215866443342,0.04541330516036365,79.2381737446739,2,0
AST-009126,0,0,0.0,0.0,68.57004952468445,6,0
AST-009127,0,0,0.0,0.0,125.40491054148032,4,0
AST-009128,2,1,6.653280216461931,0.01770776769669358,1.0550965673304404,0,0
AST-009129,3,0,4.90046212719914,0.17893493550616002,15.254715706763161,20,2
AST-009130,4,1,8.323734624324942,0.07493554477632014,11.010042054087332,4,0
AST-009131,0,0,0.0,0.0,11.717746468836118,3,0
AST-009132,3,0,4.968657436937907,0.003763246995992663,13.18936606241989,3,0
AST-009133,0,0,0.0,0.0,74.34455744033743,1,0
AST-009134,11,2,7.01619319705837,0.23719899653266618,9.641308208068821,21,3
AST-009135,4,0,4.584782725400512,0.13054001973504753,28.167948581368364,14,1
AST-009136,0,0,0.0,0.0,47.16246173085932,2,0
AST-009137,2,1,8.016795268836717,0.17250202748834761,137.48423513392595,3,0
AST-009138,8,3,8.419253682480035,0.059141774482228,25.742265855931432,16,6
AST-009139,3,0,3.2683334846378047,0.1324149241410422,108.519505102384,1,1
AST-009140,2,0,5.854355262393657,0.04430808237701046,194.28963366315264,2,0
AST-009141,0,0,0.0,0.0,21.24343688373325,5,0
AST-009142,2,0,5.868477948065058,0.05562835580091335,9.37531234852261,3,1
AST-009143,4,1,8.694745867787857,0.11682387859489358,50.78137023112578,15,3
AST-009144,2,1,7.403217155347455,0.05134845727638731,12.46506083268284,3,0
AST-009145,4,0,5.901321884968564,0.35512943364508753,16.002832233743952,25,2
AST-009146,3,0,4.058936590980209,0.0467032735817341,8.05632403727522,2,1
AST-009147,1,0,3.449268397652241,0.01568788752777697,32.36632492441428,0,1
AST-009148,6,0,4.511631764392089,0.09154264995523476,11.86863042953233,10,2
AST-009149,4,1,8.26255210263457,0.24096292332856997,84.40984613543766,19,8
AST-009150,6,2,8.644548712293052,0.21340859204920287,122.06322495798952,12,2
AST-009151,2,1,7.557786297610159,0.03817834530827771,0.21305111901710294,2,0
AST-009152,4,2,10.0,0.18622708570855617,21.10167633545612,14,2
AST-009153,2,0,5.477607240472724,0.030824579636674444,10.190742083774131,5,2
AST-009154,3,1,9.167101093108826,0.06573475468497259,134.95440692241547,1,1
AST-009155,1,0,6.080808165231426,0.15986068579131643,4.884584734065316,2,0
AST-009156,1,1,8.78913180192368,0.0005388569887135482,17.598139803138427,2,1
AST-009157,3,0,5.3141656835977775,0.2895737687451502,66.15675039027357,21,3
AST-009158,1,1,8.316859153101225,0.12852083855455057,50.82297567786085,4,0
AST-009159,3,0,4.847622835436699,0.11694057892386914,2.2773161328520346,1,0
AST-009160,2,0,5.6111968000911805,0.0014442885229812136,7.505716022690988,1,0
AST-009161,1,0,3.7575520174520585,0.19275623307189205,51.310158824007516,2,0
AST-009162,1,0,3.9752669296880576,0.11388619592315367,8.143375938969317,2,0
AST-009163,1,0,7.102012050032647,0.14412223010317737,38.959621363704606,5,2
AST-009164,3,0,4.750840234549915,0.20912590206307116,2.5413644222471667,2,0
AST-009165,1,1,10.0,0.10286146265020824,18.56999029683569,3,0
AST-009166,3,0,5.800103667069081,0.06538417826900342,0.017515454358871252,6,2
AST-009167,0,0,0.0,0.0,42.672263433932834,3,1
AST-009168,5,2,7.693717452240193,0.031166778618352233,2.9175631473958292,2,2
AST-009169,8,1,8.211554935467522,0.21440283678420918,120.77318072347536,14,4
AST-009170,2,0,3.104031142990194,0.042551663869249724,0.2491144016157691,0,0
AST-009171,4,2,8.594399803331255,0.3576473234948791,98.47754600195088,14,2
AST-009172,3,1,7.693134986061818,0.029359588903206973,128.04757952401704,3,0
AST-009173,4,1,8.030106318038413,0.12494769511968187,1.0527187241769476,13,4
AST-009174,1,0,4.432830308199661,0.1607136372856025,25.020557960174425,2,0
AST-009175,1,0,3.889929046928696,0.19703133262086467,105.19629814994246,3,0
AST-009176,1,1,5.707782923010464,0.0941362519843896,68.85040331431149,3,0
AST-009177,3,0,4.871020709176278,0.14744242498763277,3.114075158840297,1,1
AST-009178,3,0,4.8383506680968384,0.128886120197365,117.74646560789778,17,2
AST-009179,2,1,6.790244601553498,0.08605282732323874,6.698283813391138,2,0
AST-009180,1,0,4.423111676508793,0.08168889080470812,28.835649153285917,1,0
AST-009181,4,0,4.61917789878078,0.35629136791212196,51.13023576233384,2,0
AST-009182,6,2,8.892363284675934,0.04501851280560672,6.480159013471927,17,2
AST-009183,3,1,7.8326665260037975,0.172453070931233,52.47536155431912,14,5
AST-009184,1,1,8.882575809516792,0.029136891553112103,26.805315773684583,1,0
AST-009185,0,0,0.0,0.0,9.651399871148463,3,1
AST-009186,0,0,0.0,0.0,3.5315702038042165,2,0
AST-009187,1,1,7.346052057569796,0.014045303005645904,10.920927385788856,3,1
AST-009188,1,1,7.258824748821094,0.07351131393679503,29.81518081995449,1,0
AST-009189,0,0,0.0,0.0,23.606326303819156,2,1
AST-009190,1,0,4.6494892494283855,0.13227831371809895,30.442371209657253,8,6
AST-009191,6,3,8.083683546836738,0.29319186220841753,30.457592891906334,19,3
AST-009192,1,0,5.127789609618434,0.014043573519835824,40.09331308857173,1,0
AST-009193,1,1,6.610528788718312,0.06693632502557349,97.21759531152419,3,0
AST-009194,2,0,5.51350343402242,0.18792796859777045,84.64946078802856,17,2
AST-009195,0,0,0.0,0.0,45.952886734553935,0,1
AST-009196,4,0,4.293179389365818,0.057428665046448564,72.74417591329164,4,2
AST-009197,2,0,4.735346523658641,0.20576379798757524,8.706809558492253,14,1
AST-009198,1,0,5.339274377653466,0.06073706061615171,5.309868173338885,4,0
AST-009199,0,0,0.0,0.0,33.33399625858743,3,0
AST-009200,2,0,4.109518017510715,0.08257594841854365,47.44093383558355,3,0
AST-009201,2,0,6.06037151094046,0.11634027541196915,3.63535206760802,3,0
AST-009202,3,2,7.622953024016419,0.10032581200311833,116.3852874212121,2,0
AST-009203,2,0,3.7483796407455325,0.32318759681125653,5.105982631797215,1,0
AST-009204,2,2,8.010774961753752,0.12399659078965077,13.831647976811475,4,0
AST-009205,5,1,8.486073595938782,0.16634518851022176,148.83044589334463,17,6
AST-009206,0,0,0.0,0.0,66.49948204423899,1,0
AST-009207,2,0,4.88597643259876,0.07699328054099912,10.071790242857666,0,0
AST-009208,3,0,5.598399699931015,0.01480192510959124,20.71569446842054,0,1
AST-009209,4,1,9.566782980552333,0.13351504068292372,58.310427981116376,0,0
AST-009210,6,1,6.967143919047425,0.07525500464236862,112.54018408288714,16,6
AST-009211,2,0,5.562653592876911,0.2391681691294074,13.137695550490333,3,1
AST-009212,3,0,4.57852288659021,0.027701309266610585,134.23995946891802,1,1
AST-009213,2,0,5.138357846630759,0.10532791028233422,43.64052032877859,4,1
AST-009214,3,0,4.119259815399423,0.26522489043892244,22.858902194933467,2,0
AST-009215,2,1,7.667020526236957,0.0716655282311983,135.19171579920618,5,3
AST-009216,2,0,4.6603367419756765,0.04035687034155312,117.97321973343139,2,2
AST-009217,3,0,4.376673728633583,0.04051251243551519,23.480617944652963,5,0
AST-009218,9,4,7.677153973738417,0.10402957353662244,20.16049094213284,12,2
AST-009219,4,0,3.9731085485405537,0.15953382626147905,177.77326156614131,9,1
AST-009220,8,3,8.530358647533479,0.053656247589484764,79.49917676223458,18,2
AST-009221,5,2,8.090656292668802,0.12615959525090803,27.628296154516995,11,2
AST-009222,4,2,7.022491437851519,0.004984879627310014,47.87442817032817,9,2
AST-009223,3,0,4.0706856134652645,0.12175977163533856,16.852365335689115,18,2
AST-009224,1,0,5.8043364608597185,0.030930113311996788,144.94265739658098,1,1
AST-009225,1,0,3.6475355635373248,0.06798547928643979,20.379351520666827,4,0
AST-009226,4,2,9.333986806402706,0.13097315076862248,6.8480767499634485,15,1
AST-009227,2,1,7.95731802576785,0.03117412787606525,92.51785158777821,1,2
AST-009228,0,0,0.0,0.0,8.844196620588715,1,1
AST-009229,2,0,4.465414090477095,0.0405537179065075,57.86838675949846,0,0
AST-009230,5,0,5.9668612133776,0.025643470923233956,22.05216926588523,2,0
AST-009231,0,0,0.0,0.0,64.38207865056177,1,0
AST-009232,0,0,0.0,0.0,45.73416466532137,2,0
AST-009233,5,1,8.53365244931612,0.17668975877442114,26.09662971994637,2,2
AST-009234,5,1,9.4576497636691,0.20817165896458187,16.96674013294802,9,3
AST-009235,4,1,8.442053298729926,0.06561070209832268,8.217455614007816,15,1
AST-009236,6,1,7.515768964703951,0.07507746363516393,120.36389838325547,15,3
AST-009237,4,0,3.8270944464760652,0.2031492824677953,51.012780079837285,10,2
AST-009238,5,0,5.20538186400767,0.04084624532801393,19.822075370804786,2,0
AST-009239,2,1,8.062656158944552,0.026432854625831337,115.79426671791637,0,2
AST-009240,2,1,8.80194712244242,0.20090240718154923,51.55194969794233,1,0
AST-009241,2,1,8.667970477942047,0.1637900181558129,14.34950078853946,19,2
AST-009242,1,0,4.090020353049384,0.06727399186502693,7.428773567479821,0,1
AST-009243,5,1,8.883542411729312,0.20618230126968948,4.111405640741415,14,0
AST-009244,2,0,6.1164871960998966,0.0517863509512669,6.233254413191784,1,0
AST-009245,3,1,8.418779652394223,0.09559711854006221,5.601460029000033,10,2
AST-009246,2,0,4.412305373801554,0.03193673079122785,28.717087839757983,1,0
AST-009247,4,1,7.540731711642889,0.16094228424655843,7.731499048434749,11,1
AST-009248,3,0,5.900860820308504,0.2153889529424004,2.6284665971032375,3,1
AST-009249,2,0,4.147482359440298,0.04381023330099951,7.783910616026432,1,1
AST-009250,5,0,6.580666272314512,0.09690902523698629,24.436717903120563,0,0
AST-009251,3,0,4.981966030427137,0.12730328558268358,89.40341858322937,14,5
AST-009252,5,2,9.028061359464305,0.03826771751119465,26.640797457885586,4,1
AST-009253,9,1,8.085777412654444,0.31297286690964277,42.68510671510914,20,5
AST-009254,4,1,9.456397035376794,0.4558346686474983,35.07729860813387,12,3
AST-009255,3,1,7.6511562018685995,0.09433400172433784,8.668660564508336,13,3
AST-009256,2,0,6.172528268888341,0.1098404303440899,27.601941308607525,0,0
AST-009257,2,1,7.667034346640465,0.04616417215271442,9.028265476128322,0,2
AST-009258,3,0,4.447240820863267,0.118097948040926,22.40556014116264,3,1
AST-009259,5,0,4.664855779897625,0.37810805392443875,14.050235939327226,15,3
AST-009260,4,3,10.0,0.1769045312476815,64.88960573031201,13,3
AST-009261,5,0,4.492433429481504,0.14775742079402118,23.285228503026715,10,3
AST-009262,0,0,0.0,0.0,1.346808230212461,2,2
AST-009263,3,2,9.783483904174876,0.008067212710062182,33.756228239089616,3,0
AST-009264,3,1,9.601382704836789,0.01687502913963764,41.6576103174992,19,4
AST-009265,2,0,6.135018764836338,0.05036091173698228,0.4089083562017127,3,1
AST-009266,3,0,3.718778805471415,0.2951637387597133,11.886166096710596,19,6
AST-009267,1,0,4.6678088578388195,0.11144460367345274,4.106910564504337,1,0
AST-009268,0,0,0.0,0.0,1.1292052705608573,1,0
AST-009269,5,0,5.754231148960959,0.08373732882004928,5.133921399297956,18,2
AST-009270,5,0,5.479579561375734,0.030511349827201537,9.267005285578339,2,0
AST-009271,3,1,7.332082817035028,0.09703494987576303,55.7148662104244,1,0
AST-009272,3,2,8.289814996462775,0.20624356658737147,4.2431323392407565,13,6
AST-009273,0,0,0.0,0.0,13.580558147630134,2,1
AST-009274,6,1,8.591918820831417,0.08729263075782712,3.2724511050542433,17,5
AST-009275,8,1,8.466292325587355,0.1611737790765633,110.22883897788346,14,4
AST-009276,0,0,0.0,0.0,1.5281350494020045,1,1
AST-009277,2,0,5.420936552168535,0.12388407126099343,8.489730092924377,3,0
AST-009278,1,0,4.937137971087588,0.10140594236655065,93.87346322884905,1,1
AST-009279,1,0,4.718431721230883,0.007883545156951386,21.0656358175757,2,0
AST-009280,3,0,4.6763916326732335,0.15192239452150316,60.9618979949717,0,1
AST-009281,2,0,5.43319006561404,0.2629372993460881,177.52656445184957,18,4
AST-009282,1,0,5.417357403142848,0.007120565516992343,25.92417094926287,3,0
AST-009283,3,1,7.891592742436875,0.08459825772977952,0.4748934312501974,3,1
AST-009284,1,0,3.768879845213357,0.032121525775777426,39.798753248061466,2,0
AST-009285,4,2,8.737704780027276,0.17709814615332695,74.75738440429697,2,1
AST-009286,1,0,5.713434753537938,0.05384220607122411,6.06211817901488,1,1
AST-009287,4,0,5.355198838634501,0.0995898919431109,32.62113664887768,10,4
AST-009288,3,0,5.377321664849875,0.06952782639797335,64.50292351485788,1,2
AST-009289,3,1,7.761441126599032,0.057545495203619394,65.33525750656018,2,0
AST-009290,4,1,8.526833889643934,0.002036593309639053,13.444308689782073,6,0
AST-009291,0,0,0.0,0.0,64.54455289744348,0,1
AST-009292,4,0,5.0382281317871955,0.03931029048991807,7.333674770425425,0,0
AST-009293,5,0,4.195860803298159,0.18319357932534178,76.997428593864,12,2
AST-009294,2,0,4.626065337894354,0.08855516341980722,9.106725971725002,0,1
AST-009295,4,0,4.151727272846731,0.016928367675520067,137.86081346558072,1,1
AST-009296,0,0,0.0,0.0,15.60355561438691,0,0
AST-009297,2,0,4.57016193313776,0.01756516359134921,81.65889573476402,1,0
AST-009298,2,0,4.909370193440264,0.050905966785708155,42.62848700489522,1,2
AST-009299,4,0,4.087176768007175,0.11235046191938242,64.52052904877051,5,0
AST-009300,1,0,3.3717504939895084,0.12119330281848363,5.633878430393708,3,1
AST-009301,0,0,0.0,0.0,55.84640188374446,5,0
AST-009302,2,0,3.467776046288903,0.08241636813446167,14.739944133855412,4,1
AST-009303,0,0,0.0,0.0,49.921896316016245,2,0
AST-009304,4,2,7.840721305664794,0.024087092221426184,45.0003695800859,1,0
AST-009305,4,1,9.536980698212409,0.1673501843980786,85.02288004314022,15,3
AST-009306,1,0,5.6690176578642735,0.013994162864262912,27.983077959016565,3,1
AST-009307,9,0,4.552890287917409,0.2346216815146379,102.382238181648,17,3
AST-009308,3,0,3.988308797647309,0.08605727432116059,3.889541893317632,3,0
AST-009309,3,0,5.64642655209133,0.11185205229799845,8.416215747311025,0,0
AST-009310,1,0,4.062201558105458,0.12923360218528912,5.14344605696119,4,1
AST-009311,4,2,7.383406656835086,0.05051351116387353,47.293357182219594,9,3
AST-009312,2,0,5.252497612338726,0.000196094275578233,8.676169594732528,0,2
AST-009313,1,0,6.323368629003502,0.010056212618809797,47.67137233365965,3,1
AST-009314,2,0,2.8468569921423734,0.12933843531464637,104.42858900494569,1,0
AST-009315,2,0,4.746463932181696,0.12123285737641624,6.142015264490199,2,1
AST-009316,2,2,7.7158697778716245,0.021224916650112346,31.732757932173122,3,1
AST-009317,1,1,6.677403436074688,0.041392403733112614,35.14812987136158,1,0
AST-009318,3,1,8.371963566568457,0.010492108137726669,51.05768232753035,1,0
AST-009319,1,0,5.522274244104379,0.04591740427779126,114.05401036890234,0,1
AST-009320,2,1,8.904214244271751,0.054600950715079706,51.92975864350758,3,0
AST-009321,1,0,4.711359397712774,0.32912349694702875,8.46340430839719,1,0
AST-009322,2,0,7.256184442178782,0.07979006979517407,3.5413468771698735,4,0
AST-009323,1,0,5.3146557298947315,0.17207632153811372,19.068010823619275,0,1
AST-009324,1,0,5.702764035114545,0.04834478858113102,27.602155143690542,2,0
AST-009325,3,0,4.85084206061124,0.017443673664429702,10.229197631354635,2,1
AST-009326,0,0,0.0,0.0,2.1855546131556505,2,1
AST-009327,1,0,5.245452596881347,0.08440799174930096,20.857647400107787,2,2
AST-009328,4,2,8.101094332294007,0.07505376451956773,114.66091038612738,2,1
AST-009329,2,0,4.607105656290934,0.11369050802885089,35.78807709267679,3,0
AST-009330,0,0,0.0,0.0,13.031843275935223,2,0
AST-009331,3,2,9.42267387382981,0.2240325939967922,49.27524409531005,2,1
AST-009332,3,0,5.01407624179695,0.09211466118770162,14.12174168948402,2,1
AST-009333,2,0,5.700364410333253,0.04867483798885614,7.657297438563072,1,0
AST-009334,4,0,5.696988766918673,0.03307690547375718,4.0108044718720866,18,3
AST-009335,0,0,0.0,0.0,10.977809321062873,0,0
AST-009336,1,0,5.406156980381833,0.030557819644123407,46.79952397081329,3,1
AST-009337,2,1,8.22580913585493,0.13624226465429595,61.56299987963078,1,0
AST-009338,1,0,4.690624316156585,0.4601413612148669,2.891039537649065,4,1
AST-009339,5,1,9.018350811112883,0.14386561879600795,31.341134600533266,11,4
AST-009340,6,1,8.436693583026896,0.1657367630719826,2.5592403783783664,9,4
AST-009341,4,0,5.997909420707011,0.063368837476346,1.875139380957648,9,3
AST-009342,4,1,8.792146578015357,0.1731795032001088,38.62883223094676,19,1
AST-009343,1,0,4.405574920215821,0.021723888273828384,104.30051377216736,1,0
AST-009344,2,1,7.083564280357487,0.06717510850493176,10.310033274684594,1,0
AST-009345,2,0,4.746127787427114,0.3842114082973586,203.7621495162458,10,4
AST-009346,2,0,5.136093913889831,0.18295392490759022,52.42835248428364,1,1
AST-009347,6,2,8.98153788952496,0.1765537891544874,92.64903398935638,19,5
AST-009348,3,0,3.3225148306413845,0.06011283749124823,51.646467618696306,1,1
AST-009349,2,0,4.429251916446118,0.051967411774378594,74.56836247972223,2,0
AST-009350,5,1,10.0,0.23119083842930715,5.75573327558753,12,1
AST-009351,2,1,8.739421643255978,0.09281229010469134,42.938891764857125,0,0
AST-009352,5,0,6.039861638632999,0.21336605290619504,19.139107518200372,21,2
AST-009353,2,1,7.208067000228475,0.254276362891495,28.768917855974035,1,0
AST-009354,2,1,9.351758186500762,0.039496967176759254,104.17023748317305,1,1
AST-009355,4,0,4.743421896219884,0.08301657157697334,25.260095929110086,14,3
AST-009356,1,0,4.903870872487509,0.05220524116991313,41.108080432973836,2,1
AST-009357,1,0,3.969815568694731,0.03934289151596097,86.06480205209462,1,0
AST-009358,1,0,5.137627148509666,0.06352787776394629,10.953088405301148,1,1
AST-009359,6,1,9.517800195983906,0.10428473369183598,50.24342891874306,14,2
AST-009360,2,0,3.5704970930195605,0.3071360089430471,17.763752617084183,7,2
AST-009361,0,0,0.0,0.0,20.302285202031307,1,0
AST-009362,4,1,8.420000617604037,0.028792508528500214,2.1921063223663753,3,0
AST-009363,3,1,10.0,0.12321755745883195,23.270617888082242,14,6
AST-009364,9,1,8.199930100964751,0.2341950182850576,85.94958256153043,22,5
AST-009365,2,0,4.254127078149201,0.004712097980925122,4.0705556397523734,2,0
AST-009366,3,1,9.40477201841823,0.053489327488861545,162.0634974144948,0,1
AST-009367,6,0,5.315643279410309,0.17340500709932852,5.150584865379953,12,2
AST-009368,2,0,4.167350324629815,0.03200539430436709,12.78629955326593,1,2
AST-009369,4,1,9.361617141733557,0.13679508365511403,234.12735388005675,12,3
AST-009370,2,0,5.7450417546777865,0.06558748737486014,71.73783181055003,2,0
AST-009371,0,0,0.0,0.0,0.5097969581217555,4,0
AST-009372,0,0,0.0,0.0,83.43905660506232,1,0
AST-009373,8,3,8.685034260799842,0.09722275073802357,19.331709798024487,13,5
AST-009374,1,0,4.011486695475502,0.16842484800107713,16.857740899621746,3,1
AST-009375,2,0,6.760866930626783,0.08840056425580031,23.987451561121915,1,1
AST-009376,3,0,6.030341593276045,0.16037144355278116,2.838809078065167,2,0
AST-009377,3,0,4.891860296701002,0.14651446250355374,20.307414612118023,7,4
AST-009378,6,2,9.258131055884245,0.09734048957365408,11.710941386447423,1,1
AST-009379,2,2,7.94109247873655,0.11045502948819141,10.691065605911643,2,0
AST-009380,0,0,0.0,0.0,71.97299724299535,3,0
AST-009381,2,0,4.932537304388096,0.0934736024558425,78.7927863508411,0,0
AST-009382,1,1,7.704814973092757,0.04204807194712183,13.466330623456487,2,0
AST-009383,3,2,7.212675003144696,0.1690627383845165,29.038640097600634,1,0
AST-009384,6,0,6.616050741163415,0.21306603763485674,23.399781434196406,1,0
AST-009385,6,3,6.332856251597824,0.28737504005600956,126.45331391506798,21,3
AST-009386,7,2,9.64325892189436,0.09973118510900143,80.14120593227115,14,0
AST-009387,4,3,9.29284450117652,0.07374757225863975,14.02749330096831,16,2
AST-009388,0,0,0.0,0.0,55.58852856765528,2,0
AST-009389,6,2,8.264611575709319,0.3892515888499873,0.5328474006869063,16,3
AST-009390,3,0,5.270108127887148,0.16312738403959362,24.33844502414112,2,0
AST-009391,2,1,9.243291916826983,0.030614004189822804,148.414632692121,1,0
AST-009392,2,1,7.554041000571223,0.1030095552212557,11.780475528312172,3,1
AST-009393,2,0,4.873504189491442,0.1110325049875985,7.347810256784278,2,1
AST-009394,1,0,5.392475218681431,0.004771815143359764,131.23863296787414,0,0
AST-009395,1,0,3.914742507648622,0.1236361929839705,4.9674028260305745,2,3
AST-009396,3,0,3.593155101881065,0.062422813685669966,19.003419327118205,3,0
AST-009397,0,0,0.0,0.0,52.91435881106685,1,0
AST-009398,2,0,3.7113448284045107,0.10372450036232914,9.922883901380299,3,0
AST-009399,1,0,3.793687737941072,0.183873012384715,1.917016881747882,5,0
AST-009400,4,1,8.653043603570097,0.08433434264042229,20.691900464218296,0,1
AST-009401,2,0,4.331482588590461,0.06867833051336292,3.1604539925573976,2,1
AST-009402,3,1,7.880423400203566,0.01521552809817025,105.89856314289517,4,1
AST-009403,4,0,6.547699338078669,0.03584754053324017,1.4697694736965623,3,1
AST-009404,3,1,9.273846857432336,0.25939079759298855,50.42148694560058,0,1
AST-009405,2,0,6.0439984839741285,0.07602779952223268,58.579916930679296,15,2
AST-009406,2,0,4.235337649127475,0.26252261485906536,1.2277724532369743,1,0
AST-009407,3,0,5.039917611881736,0.06325853083031016,26.01881937357094,0,2
AST-009408,4,1,9.392367843584452,0.2993199625693192,2.086989674229143,16,0
AST-009409,1,0,5.231138600913331,0.00950389408233685,7.030811059204574,1,1
AST-009410,4,1,9.249528814839966,0.004990695731169503,14.403828376592264,1,0
AST-009411,2,0,4.376728969695274,0.0020539500460338574,211.0970414127077,1,0
AST-009412,6,1,7.719521132957228,0.01592807869162782,14.2917457575386,3,1
AST-009413,1,0,3.5943739581073197,0.06816721279732373,9.986857029795324,1,0
AST-009414,4,1,8.96129814027784,0.16892357705602942,152.88335136756632,16,2
AST-009415,2,0,5.610254178597126,0.024843976924607318,41.67469020570658,1,0
AST-009416,1,0,5.633339559300703,0.1153802978526413,184.23837221494253,1,0
AST-009417,4,1,7.822738475241303,0.198075915580011,36.74072460834039,2,1
AST-009418,8,1,8.960481847502377,0.07157935526643695,115.45603465240792,16,3
AST-009419,6,2,9.881138863028864,0.23713966593146404,27.168830963627194,14,1
AST-009420,2,0,6.095892713654383,0.036146227036030355,25.36284113831752,3,0
AST-009421,3,1,9.686158700923354,0.3475680767741618,18.67894110455426,4,1
AST-009422,1,0,3.049630691014684,0.07536919629862913,41.71299900264281,1,0
AST-009423,2,1,9.791939055490047,0.004508266515962629,36.632671585551776,4,0
AST-009424,3,1,7.564439231402873,0.05637394172007794,0.309704081070125,0,1
AST-009425,1,0,5.382515504453224,0.006446148107973758,14.410652693696829,2,0
AST-009426,4,2,8.360679263133077,0.28988642799488934,17.243680677465193,18,2
AST-009427,2,1,7.6321435138893365,0.07615762448519253,3.072250252931532,2,0
AST-009428,2,0,4.106729815929837,0.448076485459149,8.219490182296873,1,2
AST-009429,5,1,9.20965794308078,0.03157665971957858,78.06273181657285,1,0
AST-009430,2,1,8.7083232599642,0.25825383185541056,23.37257954822207,2,1
AST-009431,6,2,7.8681837329327085,0.08110734237752514,30.736961823014802,3,0
AST-009432,6,3,6.782762782618679,0.053716522431818396,73.01031261678175,16,2
AST-009433,1,1,6.938991242269277,0.11067630344642379,184.03058996728336,4,0
AST-009434,7,0,3.565299429639233,0.06345332860080916,45.22171935675957,19,4
AST-009435,2,0,6.803884868791159,0.07233280953791885,13.799682654675053,2,0
AST-009436,0,0,0.0,0.0,2.290042242622366,1,1
AST-009437,6,1,9.754002767881655,0.04596172928468385,0.7076548716260023,1,0
AST-009438,2,0,4.5824830256091085,0.29656810844557124,6.221437856371277,3,0
AST-009439,4,1,6.922165849297723,0.08681060177475512,129.4636056965676,0,1
AST-009440,1,0,5.608187086831032,0.01822925934433652,47.41125361578964,2,0
AST-009441,1,0,5.3776717403206735,0.10935616167892925,10.826244787209282,3,2
AST-009442,9,1,8.395413132589955,0.18943951559654074,35.547981739039066,16,6
AST-009443,5,0,5.01799525974208,0.09900530230487903,16.661351353621296,2,0
AST-009444,5,0,7.517072994188172,0.03424328195917948,17.861076025987064,1,0
AST-009445,5,1,8.712711616146047,0.0011915313584238217,10.738723309026645,4,0
AST-009446,3,0,3.37302596707475,0.000956329846067435,56.10868013351949,4,1
AST-009447,0,0,0.0,0.0,25.334161217580927,1,0
AST-009448,2,0,4.245621733078508,0.13489419515497802,7.540800328412804,1,1
AST-009449,4,1,8.301956984702691,0.13980083266413584,27.796497604681697,4,1
AST-009450,2,0,6.065803094600787,0.09749236130211364,38.321207538360994,4,0
AST-009451,7,2,8.920440892782675,0.25360593533868064,48.162856706373695,16,1
AST-009452,6,0,4.349292870906371,0.20484540313989907,25.40357305456539,22,2
AST-009453,1,0,5.769610132551136,0.02884468093456021,56.2472257621558,2,1
AST-009454,2,1,9.788824022705322,0.027628243866621664,10.508743751046625,3,1
AST-009455,5,1,8.554302236876183,0.14001864883543583,102.05605890823752,9,0
AST-009456,1,0,5.820485749844477,0.02720701851139223,39.248870511130775,2,0
AST-009457,3,0,4.0575953398920666,0.0448023466255853,1.7392072920874482,2,1
AST-009458,4,0,5.935458312305131,0.1069929319606972,49.1729882948427,13,2
AST-009459,1,1,9.834547380605704,0.04063324484797979,49.300815426164256,0,0
AST-009460,3,1,9.057465135164911,0.1756108442995963,26.45425418405338,16,1
AST-009461,2,0,5.9383543493811475,0.08051695299288489,18.16442534233799,4,0
AST-009462,1,0,5.600212792926516,0.28413008905970927,11.0979514240534,1,0
AST-009463,5,0,3.4259919353347437,0.00024436869195590643,13.667156851782764,1,0
AST-009464,7,1,7.798151087396555,0.31047161813106505,44.4604679357044,20,1
AST-009465,1,1,9.351458677589637,0.237094456011206,25.578297525546645,1,0
AST-009466,0,0,0.0,0.0,62.21824043220682,1,0
AST-009467,8,3,8.1270169599766,0.0799193123055208,41.88415076315762,22,4
AST-009468,8,4,8.95268833933601,0.18417846923180006,78.01679110288303,12,2
AST-009469,5,0,5.686787025334776,0.4509630329785258,12.890785553645278,15,3
AST-009470,2,0,4.790756127276191,0.018167601699027466,32.62279115555896,0,0
AST-009471,3,1,7.459240940587232,0.3440620063497223,101.73369766268497,14,3
AST-009472,1,0,5.335557802013003,0.055597793651486746,29.710665641981112,1,0
AST-009473,1,0,3.8580802409018182,0.04440916960490286,6.257878835913281,1,0
AST-009474,10,5,9.520006009811778,0.20092095369194532,45.15189101802339,13,3
AST-009475,2,1,8.777368749496642,0.018457495011398813,2.2090736010857404,2,0
AST-009476,1,0,6.008590467373482,0.11516267614780908,1.2865880308813513,3,1
AST-009477,3,1,8.397871035478072,0.026526562562529114,14.877002608440959,3,0
AST-009478,5,0,5.025144621781015,0.034458203571160875,35.73972395451714,15,4
AST-009479,0,0,0.0,0.0,3.5009092750163955,1,1
AST-009480,2,0,2.135529308949447,0.0153206987166951,35.7476088853528,2,1
AST-009481,5,1,7.508966307932706,0.0941003865882939,2.905679362469831,1,1
AST-009482,5,0,3.784864068242152,0.18893079360355797,26.20703642079997,0,0
AST-009483,7,3,7.678614978714492,0.344506928021969,50.38107449643892,16,3
AST-009484,1,1,8.455766868577983,0.05758625121919327,23.237341485521053,2,0
AST-009485,3,1,8.69493697553132,0.011413617722979793,28.084738081389077,4,0
AST-009486,7,2,8.450283840118498,0.11875384566743014,0.32572736132329083,22,2
AST-009487,3,2,7.165017710611354,0.011213171093009426,20.30926198550334,0,1
AST-009488,2,0,6.0440362099507405,0.017962343093406847,21.129167466957487,2,1
AST-009489,5,2,8.841060979321776,0.09710136878225363,2.3710273761003116,4,3
AST-009490,6,2,6.410980628241046,0.09853088527994969,30.53675208304533,13,4
AST-009491,2,1,7.967284991829163,0.05772530218726279,48.186126776801395,0,1
AST-009492,3,0,4.405101362951749,0.18953966557991714,1.4410163960015898,2,0
AST-009493,2,1,9.277387521377271,0.004218552954709001,35.059758911616726,1,0
AST-009494,0,0,0.0,0.0,7.7274181952905225,3,1
AST-009495,3,1,6.382338718696746,0.3381262504719894,32.82559497883147,15,3
AST-009496,3,2,9.205855654351842,0.03650607742314345,29.29232375830072,15,1
AST-009497,1,0,5.0682953339375905,0.06683499853914066,4.438381746247331,3,2
AST-009498,5,1,8.046238573055538,0.12663792999441448,33.97395792369732,0,0
AST-009499,7,1,9.663087501359264,0.1275754317296029,4.873263020909218,15,3
AST-009500,1,1,7.164108695192359,0.05784457970275256,7.427693220421075,1,0
AST-009501,2,1,9.59461095674586,0.23093516638277956,6.614553627559122,3,0
AST-009502,6,0,6.206412014656243,0.16414754290838393,2.0973119594243,18,2
AST-009503,1,0,6.560050016078818,0.21803605471554058,19.304463288782443,0,0
AST-009504,1,0,5.639610903798164,0.01397273128787772,51.9357444129109,3,0
AST-009505,3,1,7.590886136149046,0.0786529892623761,19.314340702317672,2,1
AST-009506,4,1,8.196541544582015,0.19049651565809708,4.691528215381206,20,1
AST-009507,1,0,5.382460582557054,0.0025617698057095436,12.487326184550206,2,1
AST-009508,5,0,6.286677062624811,0.05176218381383044,16.67663362668207,14,3
AST-009509,3,1,8.058638283664921,0.17757591033186468,23.080258712263966,11,1
AST-009510,8,1,7.643921944892899,0.1194956712508103,11.747386976288789,17,5
AST-009511,1,1,9.066677187060204,0.06477588073644701,326.5361409451838,14,3
AST-009512,2,0,5.2172369746293645,0.06485424721840702,50.8340087397154,2,0
AST-009513,7,1,8.858110848326758,0.1781515772791573,25.388654427316308,11,2
AST-009514,2,2,9.471819044953234,0.15868895173893907,150.4492280929359,1,0
AST-009515,8,2,8.931586821746432,0.09876931452802602,39.418836496107495,13,2
AST-009516,2,1,8.171060756514265,0.04176274534891676,10.759010719857782,1,1
AST-009517,2,2,9.54556275566429,0.1390010245244813,59.939620862968184,1,2
AST-009518,1,0,5.186349571287675,0.3033180309472321,11.568728437747815,1,0
AST-009519,8,3,9.008740488215393,0.08153166144771477,17.226185804221647,11,2
AST-009520,0,0,0.0,0.0,18.996134664533617,0,0
AST-009521,2,0,4.71882240248316,0.11778646095606282,66.65388849864623,1,0
AST-009522,3,2,8.573713965464023,0.1509632469378594,90.0611931983241,13,3
AST-009523,1,0,6.2416907969553534,0.02183681695077212,2.8992860032897956,3,1
AST-009524,1,0,4.817118599425898,0.07771425495986513,27.783142596966503,2,1
AST-009525,3,1,9.271332169830366,0.06023121222276314,52.393012807217865,1,0
AST-009526,2,1,7.687961000032088,0.015035360716561169,15.247076582972898,1,0
AST-009527,5,0,5.6675297904403035,0.07434518434416511,68.58451255587927,4,0
AST-009528,3,0,6.295563025090772,0.39691336543419314,112.28521471418732,24,5
AST-009529,2,1,8.377091363280423,0.027036792221862893,30.011130936851874,5,1
AST-009530,5,1,9.454157922685944,0.1603275163229719,1.3753976105266918,3,0
AST-009531,9,1,9.09884565373571,0.11229013458571288,8.324747029703165,3,0
AST-009532,7,3,7.3492681934770125,0.03411268559615825,23.49535660763244,21,1
AST-009533,0,0,0.0,0.0,30.778040150347987,3,1
AST-009534,4,1,9.000766191531898,0.09580214262968385,130.92205005244602,4,0
AST-009535,0,0,0.0,0.0,47.15605213887124,0,2
AST-009536,6,3,8.667106251601332,0.162587667218971,72.6274232503153,19,1
AST-009537,2,0,5.874672230412779,0.20035703227872997,33.77888158884918,17,2
AST-009538,1,0,4.738194304806125,0.1397196385203558,18.92128696713273,2,1
AST-009539,1,1,7.480130268903079,0.20818958408587146,114.65773150108753,0,0
AST-009540,1,0,3.1877531934533243,0.043399840756618596,19.13526456969051,2,0
AST-009541,3,1,7.87615793981028,0.007673226193866713,0.7495825378531124,1,0
AST-009542,4,1,6.609865525262309,0.023733495914788415,3.0720330974403356,2,0
AST-009543,3,0,3.689072703552269,0.11308647976853387,14.326080439825589,0,0
AST-009544,2,0,2.1949678240317225,0.06485792859968709,87.97634038274371,2,1
AST-009545,5,0,4.19766711228483,0.029034812559319858,12.18717012718861,13,6
AST-009546,4,0,3.5033167999374584,0.06274535945357128,122.66996746734179,4,0
AST-009547,3,1,8.141299112011136,0.011650647566069837,13.389627951117678,1,1
AST-009548,5,2,8.53528866609817,0.006510172543369194,4.903048062329484,0,0
AST-009549,2,0,3.408965705836395,0.004485306683748157,33.95737564564229,0,1
AST-009550,2,0,6.405142796613452,0.20006173124368956,3.614526067837993,3,0
AST-009551,3,0,6.361603387771197,0.1928309993538666,3.9109619230313895,0,0
AST-009552,5,1,8.339287317853751,0.2862439455155114,11.885683542514512,10,2
AST-009553,8,0,5.5115032989119195,0.06439110868663095,40.79830276677413,16,6
AST-009554,2,0,5.204770778002442,0.035195106248836795,41.8172294772248,20,2
AST-009555,2,0,4.418492746133537,0.09254895567061243,1.528846663797447,1,0
AST-009556,5,2,7.060792461882805,0.051106140855668,69.21930451201911,15,5
AST-009557,4,1,7.884513159195352,0.019946042427923187,30.65466641065191,4,0
AST-009558,2,1,7.964853294469789,0.3338606400494113,86.01077182438968,1,1
AST-009559,0,0,0.0,0.0,40.57045829172308,3,0
AST-009560,0,0,0.0,0.0,29.83595995100431,0,0
AST-009561,2,1,7.323019348445856,0.14852044161814848,46.48946898846151,16,4
AST-009562,0,0,0.0,0.0,68.35428534452623,2,0
AST-009563,0,0,0.0,0.0,15.57354316917617,1,0
AST-009564,1,0,7.800616363801692,0.039554854127714714,10.59612180428306,1,0
AST-009565,6,3,6.912371128215792,0.17909351432634343,112.47740263344228,15,5
AST-009566,2,1,10.0,0.09474899827189218,7.137402733663436,18,4
AST-009567,1,0,4.8350876938488145,0.0727995017108627,21.97184263464736,2,0
AST-009568,3,1,7.725849178388431,0.04544515405904131,46.95411410291378,2,0
AST-009569,5,1,7.367274862378194,0.2122301418475427,25.288067301038822,14,0
AST-009570,6,1,7.592286719110283,0.025857327871360438,18.806107772949584,1,1
AST-009571,1,0,6.2551851552121285,0.05522649071035262,10.600747934556043,1,1
AST-009572,0,0,0.0,0.0,37.61463097160624,4,2
AST-009573,4,1,8.567643022446136,0.13278117106429366,23.95842986676753,3,0
AST-009574,3,2,8.737927879733022,0.2068626702771827,16.625783178649122,2,0
AST-009575,2,0,5.310550606411974,0.020276878893119295,8.447960999671084,2,0
AST-009576,2,0,3.1379347647931577,0.2842848928154887,155.95859417421514,2,0
AST-009577,4,1,7.322565932898961,0.14914656025549253,26.204502546775753,13,4
AST-009578,2,0,6.769143484992265,0.22729620415167184,37.955668837402804,0,0
AST-009579,3,0,6.10806938466933,0.007630915267015642,9.504416618479084,4,0
AST-009580,3,1,8.980004745900613,0.12155451636866958,2.8207056745439854,2,1
AST-009581,4,1,7.410280645941187,0.20424735762106094,14.005956255136361,3,1
AST-009582,3,1,8.932466613286245,0.032955056917211144,17.62645474518645,5,0
AST-009583,9,4,8.67475770707689,0.13020267870692856,87.17670569838418,11,3
AST-009584,1,0,4.933492905629094,0.008014709212023694,7.346643970330217,2,0
AST-009585,7,1,9.566640664751311,0.009941577635402678,29.696266133746782,4,1
AST-009586,1,0,4.5535530287862915,0.007736772810513852,10.788535621696944,4,0
AST-009587,0,0,0.0,0.0,12.227617594519689,1,0
AST-009588,5,0,4.407214729315876,0.1400192383787837,45.152417246316496,12,3
AST-009589,1,1,8.987154447086066,0.004894645196032918,14.94631386549469,2,0
AST-009590,7,1,7.423639409266768,0.1711413516394598,55.21175832307607,10,4
AST-009591,1,0,4.699039720145655,0.03813954196611487,61.56726533244835,17,2
AST-009592,2,1,9.095429114557351,0.10080764286720764,19.11430464851524,2,0
AST-009593,5,1,7.964134217674744,0.00039153483323162847,45.015902465316536,0,4
AST-009594,2,1,8.38473269806358,0.15069069784803987,13.850024416269221,3,0
AST-009595,5,1,10.0,0.10323414349145829,113.57961912500136,17,7
AST-009596,1,0,6.379064155440337,0.08154774474539637,161.36113452888912,4,0
AST-009597,4,1,9.244970955955537,0.06088230708260515,15.177373069371093,5,1
AST-009598,1,0,5.212395604663293,0.09851842699892856,15.330383024716784,5,1
AST-009599,2,1,8.436542837233654,0.1990730445276819,62.697969340913346,2,1
AST-009600,5,0,4.102823551649342,0.08729745806212674,46.447565422429804,12,4
AST-009601,1,0,3.9805896386432815,4.671003076224052e-05,134.7311226217897,0,0
AST-009602,1,0,4.191372316872776,0.047884450302791856,3.105526456940727,2,0
AST-009603,1,1,8.97997382791957,0.11303784132272371,0.30045814918827707,1,0
AST-009604,4,2,8.320681472504454,0.0579363835791281,0.5620211818538573,1,0
AST-009605,3,0,4.687749007109178,0.0754240373395977,19.326326292964495,0,0
AST-009606,4,1,8.313464098301253,0.2968971853767714,53.02723828699767,2,0
AST-009607,2,0,3.4420095139442153,0.040725534852059646,50.80403769392274,1,0
AST-009608,1,1,7.9059539824520355,0.0048796952744389315,64.35609223863399,2,0
AST-009609,1,0,4.596007843313306,0.052526440862668,36.163328263247756,3,3
AST-009610,0,0,0.0,0.0,34.72012169018525,2,0
AST-009611,8,1,8.919469852294604,0.09177205694666762,20.070248433252644,16,0
AST-009612,2,0,5.3945674949714055,0.49328240276263724,11.275678479549699,20,2
AST-009613,0,0,0.0,0.0,2.9263188179390336,0,0
AST-009614,3,2,8.43870691183568,0.0002204701542316217,23.044858848203663,2,0
AST-009615,4,1,7.982317592110992,0.3364632413083815,35.97678036856043,15,4
AST-009616,0,0,0.0,0.0,58.9461145736408,2,1
AST-009617,4,0,5.788491705494729,0.0078250396873832,169.26198025111296,13,4
AST-009618,4,0,5.755013738747216,0.19684795491017607,52.760924661261164,12,5
AST-009619,1,1,8.883994545037236,0.1508784338158598,18.97929980406897,1,0
AST-009620,2,0,4.702787766380363,0.02592471058368033,0.03749010341346073,1,1
AST-009621,1,0,6.691893268480504,0.026220241714996557,224.2212606818862,2,1
AST-009622,3,0,4.871580340416837,0.12038571026207903,81.89452668574188,2,1
AST-009623,2,0,4.481400109425213,0.09692848869464957,12.994040250179289,10,2
AST-009624,1,0,5.63740648358082,0.0655279143028866,82.45259106803685,15,2
AST-009625,2,0,4.514011941443635,0.007534019841274597,34.77496228403106,2,1
AST-009626,2,2,7.141309443255227,0.24338293231879282,140.9124209408098,1,0
AST-009627,2,0,7.148723435328021,0.0748141210230882,214.62316784247153,0,0
AST-009628,2,0,5.780296039494067,0.0099234769262412,21.507191604295556,2,1
AST-009629,2,0,5.08719845699156,0.04443128686553958,10.555492085926673,1,2
AST-009630,3,0,5.144435145111883,0.121665395346703,62.081581483587144,16,5
AST-009631,2,1,7.341885998159567,0.08896895859539056,12.050666687302774,2,2
AST-009632,0,0,0.0,0.0,5.654343481877164,1,1
AST-009633,1,0,4.745868462804832,0.22851905185482424,16.319183294288234,1,1
AST-009634,3,0,4.463377483516876,0.28083963866845335,38.96787579065584,1,1
AST-009635,1,1,7.327313316312892,0.07446911814934536,45.31704187288783,3,1
AST-009636,1,0,3.864826431806259,0.028481817456365147,18.895253262866262,1,1
AST-009637,1,0,4.992177432574305,0.09509224029873738,63.052265936555074,0,0
AST-009638,2,2,8.442932201491626,0.40362148690272637,7.641781381774163,15,1
AST-009639,2,0,5.183754900132954,0.0922104708200584,27.24573182851436,2,1
AST-009640,2,0,4.458915483882442,0.14768211892903355,104.74049904513652,0,1
AST-009641,4,0,4.263706793761545,0.1500706206095368,8.146159920717137,19,4
AST-009642,6,0,5.7829613673199045,0.07091461055211569,64.07330589797816,14,1
AST-009643,2,1,8.7759361162669,0.09830870863572669,153.71004456952835,2,1
AST-009644,1,0,5.617197971093353,0.15996776073490507,8.40825020572056,3,1
AST-009645,6,1,9.923706480255884,0.02744438378429228,53.67223704805138,12,2
AST-009646,3,1,8.389938244587883,0.013270169937195013,84.43790308487594,2,0
AST-009647,0,0,0.0,0.0,1.2310429955087618,2,0
AST-009648,4,0,4.102748617084682,0.02114730684295174,1.557760229828899,1,0
AST-009649,2,0,4.227656340245245,0.007069234632532831,18.34306213248969,2,2
AST-009650,2,0,4.418310043889499,0.05963658304669594,83.84793738475231,5,0
AST-009651,3,0,4.730971379261447,0.030977475625090338,14.800742713949314,0,0
AST-009652,5,2,9.441864559889634,0.13853021180969466,5.967056494051341,20,5
AST-009653,4,1,7.541179109347365,0.0809602344663103,7.03955462558021,24,2
AST-009654,1,1,8.19450029150127,0.17993203284972945,27.691473234859114,23,0
AST-009655,0,0,0.0,0.0,29.51210519936361,2,0
AST-009656,2,0,5.299595007825251,0.09326062514380855,5.580763141572234,2,0
AST-009657,4,0,4.925452500427303,0.11032259159778454,126.64782775430683,7,5
AST-009658,1,0,5.7999015521056005,0.023320047080071914,43.06603955633578,4,0
AST-009659,2,0,5.380170587377717,0.0050951610558203015,15.954082244189905,2,1
AST-009660,3,2,10.0,0.01080650280921684,117.96258178269792,6,0
AST-009661,2,1,6.905177794861962,0.08608051163140594,75.99263146968381,3,0
AST-009662,3,0,5.238160491587745,0.07638758331774718,140.88848467772377,4,0
AST-009663,4,0,3.423146312096982,0.1508486198388663,9.813023612759197,2,1
AST-009664,4,2,9.007241706624987,0.14907865091419428,53.46772666127152,12,4
AST-009665,3,1,9.726129022147093,0.23380861690270868,109.3569144919422,1,1
AST-009666,2,0,5.319459992559692,0.1016972785568927,161.90873938043015,13,7
AST-009667,5,2,10.0,0.035182489149979075,65.40847711776787,20,2
AST-009668,2,0,3.951032313466708,0.01784816504378876,4.718149139344873,2,1
AST-009669,4,2,8.81897986096477,0.1985655590395638,6.905963202684404,16,1
AST-009670,1,0,5.07760747347827,0.02124669007166536,146.48644165319305,1,0
AST-009671,0,0,0.0,0.0,23.61932850009127,3,0
AST-009672,2,0,5.318894371816361,0.13744228727718014,3.5176343875743568,3,1
AST-009673,5,1,9.277844198580997,0.11047121335701739,16.336262119755336,3,0
AST-009674,1,0,3.6976475814641896,0.08774741419434405,23.433141304336274,0,0
AST-009675,5,2,9.587286342104397,0.11787148149533465,63.386302015726294,5,0
AST-009676,1,1,8.0001619333695,0.042791434286365684,19.251757378470096,3,0
AST-009677,3,0,5.892431525055315,0.03246698545951043,48.37404586087702,2,0
AST-009678,4,2,9.36091295977079,0.1552621068485039,3.7641099308553967,1,0
AST-009679,2,2,7.566945110705271,0.12022539906132325,3.799617118140563,2,0
AST-009680,0,0,0.0,0.0,9.371056457587732,0,0
AST-009681,3,0,4.0726957246983275,0.2507374185927489,3.5940872004528774,15,4
AST-009682,4,1,7.9951129583279545,0.20448936913564153,116.31907113128348,1,0
AST-009683,5,1,9.265396160304336,0.1374721655632923,4.258019553845333,12,1
AST-009684,1,1,9.28512420000873,0.09479601452548878,2.0570931639677252,0,0
AST-009685,3,0,5.815567999531608,0.0904924071290794,6.6444518859446,0,0
AST-009686,2,0,4.799095208506759,0.015540531872168395,30.531830892317434,4,0
AST-009687,1,0,3.1691409240704593,0.24209180091577706,71.2022495640571,3,1
AST-009688,7,2,8.493436786240094,0.12765416055347412,174.40644265573818,19,2
AST-009689,3,0,6.346408103354424,0.12093362064093939,15.767582726399697,1,1
AST-009690,3,0,6.097770837127838,0.027186231037582626,38.66496178146456,3,0
AST-009691,3,0,4.168026101416605,0.06640936393130305,47.25193590340792,0,0
AST-009692,1,0,6.525654137296841,0.027298138731660346,107.0085651697243,0,1
AST-009693,4,1,7.497356698329404,0.012307542580026053,13.082538210618342,22,3
AST-009694,4,1,8.540350134436283,0.07090785296162154,6.540389463127584,2,1
AST-009695,2,1,7.666310135755259,0.08479307794065016,46.84921328736897,14,5
AST-009696,0,0,0.0,0.0,9.347747451657579,1,0
AST-009697,4,1,8.467707112187234,0.15175229112547586,20.912404961898012,1,0
AST-009698,4,1,7.117274667193884,0.04107280102894961,19.618212535566865,0,0
AST-009699,2,1,9.804650827208816,0.2612730868572525,101.58150573633246,0,0
AST-009700,7,1,7.218222160406591,0.1573503484550907,1.2002735149247363,10,9
AST-009701,0,0,0.0,0.0,25.34148117060304,1,1
AST-009702,6,3,9.779541421076074,0.17254355653115094,65.22485429521949,4,0
AST-009703,9,4,8.132402269043663,0.16789167075409078,13.106068863257715,15,5
AST-009704,4,0,5.376211453109682,0.007731282854830377,8.931052481867175,4,1
AST-009705,3,1,7.495174244406667,0.08986248121909705,30.117759524432902,0,1
AST-009706,2,1,10.0,0.03770587699356249,20.868079431234925,2,0
AST-009707,3,1,7.193313573792722,0.12057942764561629,4.806484595369686,1,0
AST-009708,0,0,0.0,0.0,2.619379999090457,1,0
AST-009709,2,0,4.742295401559091,0.03573145905952572,3.492330168459437,1,3
AST-009710,3,0,3.408636969301046,0.3772576149554666,10.965944378321591,21,2
AST-009711,4,0,5.185035776830624,0.02179574993296286,99.289425297018,1,0
AST-009712,6,0,6.21706587321769,0.22858877488928056,15.920781080979921,26,4
AST-009713,2,1,10.0,0.06826985215884228,21.453762152853315,2,0
AST-009714,2,0,5.576511803500692,0.175645371183549,15.290250043633572,1,0
AST-009715,4,0,4.150232352284779,0.06627197645300867,7.578260313868978,6,4
AST-009716,4,0,3.5160854229714795,0.29096189752803886,14.721393336119075,16,1
AST-009717,0,0,0.0,0.0,0.21112864835681763,3,0
AST-009718,0,0,0.0,0.0,60.444482027938804,4,1
AST-009719,6,0,6.555728053343482,0.2934368231109283,101.83540462605896,16,3
AST-009720,4,2,8.809668436061573,0.0239913016532581,3.414960923705551,19,2
AST-009721,3,0,6.1959441729749125,0.06690137081841951,2.4801477055167744,13,4
AST-009722,3,1,8.330597596041446,0.09753981701004936,9.731373756933582,1,0
AST-009723,1,1,7.245947952829804,0.008250176051836523,5.058083298685588,1,1
AST-009724,1,0,3.7424504114083206,0.0773273541226869,42.62804138481977,2,0
AST-009725,9,2,8.436988139230857,0.36479996413577837,67.92801348349849,11,4
AST-009726,3,1,8.666514110175457,0.115939196448991,43.06903973453975,3,0
AST-009727,1,0,5.227634388492904,0.10387928735063034,15.920242933986291,4,0
AST-009728,5,3,7.146547876887937,0.3472665749334325,52.270122329675466,14,3
AST-009729,1,0,5.26090815655433,0.14836504953212906,69.4216491547798,2,0
AST-009730,6,1,5.645398992781386,0.21442892516780582,12.364939150420952,8,7
AST-009731,2,0,5.230829842792029,0.19787446858180394,107.32417502982989,1,1
AST-009732,4,2,7.661165123382762,0.07719041036375587,0.16593917455778504,2,1
AST-009733,2,1,8.056859068640692,0.11928467858487829,23.94695976677723,2,0
AST-009734,1,1,9.92492876147127,0.06773110463005576,8.152677113362168,1,1
AST-009735,4,0,5.179113823771108,0.039552167828377234,60.01550843614265,4,0
AST-009736,2,0,4.811192622577691,0.06459500617323295,69.01474677596086,5,1
AST-009737,2,2,8.637280746916321,0.051512939240037255,22.357172760701218,4,0
AST-009738,4,0,6.268770257230994,0.3108026086611577,86.29993977134842,11,5
AST-009739,0,0,0.0,0.0,3.0200605644168066,1,0
AST-009740,3,0,7.013768987873313,0.058936554306130526,9.367527375676302,3,0
AST-009741,2,0,3.9974939312468,0.1594349030723891,34.639761405895044,0,0
AST-009742,0,0,0.0,0.0,54.122414436942094,2,0
AST-009743,3,1,9.461926642455259,0.020818817847456716,185.50378744868775,11,2
AST-009744,1,0,6.144656279832999,0.046837080241168845,61.46266013680499,4,0
AST-009745,0,0,0.0,0.0,8.665093618909696,2,0
AST-009746,1,0,6.012023764247113,0.023155726938341545,11.330950067488736,12,3
AST-009747,0,0,0.0,0.0,21.659386040875056,0,1
AST-009748,2,0,4.464179054728049,0.10847934280415873,485.2581641447812,2,0
AST-009749,1,0,5.2153270471623605,0.3346484452268066,72.18335716054006,19,2
AST-009750,5,0,4.119465707983905,0.1329786954532196,3.272020107036043,19,3
AST-009751,1,0,5.28651653551555,0.015745232420132912,107.11718039976185,3,1
AST-009752,3,1,8.203469686944542,0.01779935017822043,43.32694189233326,2,0
AST-009753,5,3,6.925321876890514,0.25132259871061885,124.86971193653957,9,4
AST-009754,2,0,5.894031738544133,0.04621065318544719,2.164227809454376,0,1
AST-009755,2,0,5.179293349270554,0.16425117180734644,123.68616232270004,9,2
AST-009756,3,1,8.312112502259437,0.1744906601926781,7.797813385289829,11,3
AST-009757,3,1,9.085036186223142,0.08542043952133033,133.693544492367,1,0
AST-009758,6,1,9.200620754425197,0.1507266719245117,45.62342534384327,2,0
AST-009759,3,1,9.393713878659,0.016909644345609272,6.436923929810936,5,0
AST-009760,3,0,4.242440766473503,0.08562057648482484,128.00436513205165,3,0
AST-009761,5,1,7.4186473108414654,0.03102077852102475,5.635906184296773,1,0
AST-009762,7,1,7.6399104777195035,0.1559292117555112,84.60392191407126,24,3
AST-009763,3,1,10.0,0.02536707179466054,21.186010804331016,3,0
AST-009764,2,1,7.528429269967637,0.02196830497599824,11.51505708678358,1,0
AST-009765,3,0,6.0693603026030445,0.1399051879376386,55.16526460456053,15,1
AST-009766,2,0,3.911476036453601,0.045805225256257374,152.31561786273838,1,0
AST-009767,3,2,7.319636489876846,0.008068932089828685,4.190905748898408,4,2
AST-009768,1,0,3.3670829011922683,0.2503455347083058,21.29976717986648,4,0
AST-009769,4,0,3.5490483847513046,0.10598159695387663,91.79940120382868,5,0
AST-009770,11,1,8.205386220443318,0.1631469819371308,10.168094267996382,10,5
AST-009771,0,0,0.0,0.0,57.22123256564858,2,0
AST-009772,3,1,8.895973336359283,0.006803147090314582,31.993418136486582,0,0
AST-009773,1,1,8.91063059526284,0.21529596285468125,62.889771311077084,1,0
AST-009774,6,1,9.12770614495468,0.02731214036130723,13.000741956342566,20,0
AST-009775,4,1,8.146433268141436,0.1657323623454435,4.4684218697813085,15,6
AST-009776,1,0,2.8150880303269505,0.016034583767924784,20.012155064623926,1,0
AST-009777,3,0,4.881788384471072,0.24671561705440664,45.36415908366021,14,4
AST-009778,2,0,4.337891984148368,0.006806602663034309,25.523238026698767,2,0
AST-009779,0,0,0.0,0.0,122.40664355751349,2,0
AST-009780,5,1,9.269031838395343,0.2725098007872327,67.24924740537794,16,2
AST-009781,2,1,7.797711487051215,0.1799894656555666,41.715402033376506,1,1
AST-009782,1,1,9.371631428270017,0.031386934307845414,34.36233526368527,7,0
AST-009783,2,0,4.908289367042316,0.12207273026012212,11.108541842691288,0,0
AST-009784,0,0,0.0,0.0,23.88349442074762,0,0
AST-009785,1,0,7.32045855360983,0.10716203070746637,3.979931447665792,1,0
AST-009786,1,0,4.636775570616224,0.038447966264390114,90.60168296445327,2,0
AST-009787,2,0,5.743479398318034,0.005784460106881866,5.28553004145286,1,0
AST-009788,3,1,9.805155927923671,0.09663158920734362,52.18312298472563,1,0
AST-009789,2,0,5.551539142445032,0.045558410462940006,32.1960408618855,1,0
AST-009790,2,0,4.544761213173784,0.04372627463787109,2.3070532807779696,2,1
AST-009791,5,0,4.714855778895165,0.32805938160763165,9.558831504039453,12,2
AST-009792,3,0,2.847004426333452,0.22916225267558024,1.9949035297743065,4,0
AST-009793,4,1,7.575712596013859,0.10137126807531015,59.05469522763551,16,6
AST-009794,5,1,9.301295119672254,0.04202693606084172,1.085813501279206,19,1
AST-009795,2,0,4.8622984093928165,0.2908382495292895,64.5773784467795,0,0
AST-009796,1,0,5.524365626720879,0.02059649835174435,0.823426075018344,1,0
AST-009797,2,1,7.302722305719902,0.1334467326717555,0.50936618743186,1,0
AST-009798,3,0,4.733220729921815,0.19387339994185435,4.947169576705029,2,1
AST-009799,3,0,5.409980391422878,0.012385746027826926,1.3867651667143983,4,0
AST-009800,3,0,4.936446594124497,0.031904943343339084,169.92794339631516,2,0
AST-009801,2,0,6.761895700588511,0.07743014763510452,34.77710630639435,1,0
AST-009802,6,2,7.911467284080917,0.34126365340819315,7.607076817240066,20,0
AST-009803,4,1,8.554457046254853,0.1272689810475752,111.9479953067134,13,3
AST-009804,2,1,8.71206910456862,0.23212051870123557,42.20187425901474,3,1
AST-009805,1,0,4.066997410241274,0.06569204924627998,13.719002281298323,3,1
AST-009806,2,1,7.214481061047602,0.04193561526203139,2.362946016858675,1,0
AST-009807,2,0,5.280657444996046,0.02454004069124891,107.67130964664165,1,0
AST-009808,6,1,9.310452230472208,0.041825573920690744,249.86904467218423,15,5
AST-009809,2,0,5.57057621430387,0.20830687448020543,81.58612178938692,20,5
AST-009810,1,0,5.723398882390646,0.009028694853403985,96.97430780570872,3,0
AST-009811,2,0,4.460102939355735,0.0034408225707466544,53.69790781423396,2,0
AST-009812,1,0,4.1859896547857725,0.060913713503450664,3.5769371374702987,2,1
AST-009813,4,0,4.760738975224767,0.23585787795619004,38.371466394832275,12,3
AST-009814,2,0,6.325956694785811,0.14679077398393994,28.58180579125163,3,0
AST-009815,3,1,9.202507446901338,0.044482432089757835,22.01711491155218,4,0
AST-009816,6,0,3.725146119347942,0.06797826483028677,21.142607493403382,19,3
AST-009817,4,1,9.02242246224496,0.27837707142778073,4.454772322939874,17,1
AST-009818,4,2,10.0,0.13671461808961183,21.25180291104727,20,3
AST-009819,2,1,9.6782750026312,0.08591037166932788,28.259100978915495,5,0
AST-009820,4,1,7.830721759898205,0.020187163056988217,54.660641007771545,2,0
AST-009821,2,0,6.068676245796574,0.1392543737718479,82.09442620914639,2,0
AST-009822,8,2,8.701993758482676,0.06673004356784586,6.4046439492628835,19,6
AST-009823,3,0,4.375626014154552,0.18006061187170283,21.47891503740305,16,2
AST-009824,9,1,8.915500047796785,0.1051654706309064,7.79441445747686,16,2
AST-009825,1,1,9.818143795632139,0.015739950590691203,29.76359714436311,1,0
AST-009826,3,0,4.298067958293223,0.11546271333421101,15.048412029877978,11,5
AST-009827,1,0,5.398534314091725,0.02069562319511875,27.651658087711642,3,1
AST-009828,0,0,0.0,0.0,56.22872963062058,1,0
AST-009829,4,2,7.359574840121127,0.16576846942178186,110.72135831702768,0,2
AST-009830,2,0,4.259165791786207,0.0555250127686797,124.7784659458375,2,0
AST-009831,5,2,7.627786284149313,0.07215081269201785,1.6534030298877052,2,2
AST-009832,9,2,8.595650729178747,0.22624419406978855,0.6748627071972658,13,3
AST-009833,4,0,4.206628818326265,0.09446433056342513,3.4773046860795027,18,2
AST-009834,2,2,10.0,0.12545777503238142,147.24674427807582,2,0
AST-009835,0,0,0.0,0.0,46.69035058290874,2,1
AST-009836,2,1,8.68647112296435,0.09615059008900494,44.11634728809417,2,4
AST-009837,2,1,9.937006019092028,0.1514854545907258,181.36055973844483,2,0
AST-009838,0,0,0.0,0.0,1.5902275786437763,2,1
AST-009839,4,1,8.831711314653377,0.21114034668885323,8.207481974873865,15,4
AST-009840,2,0,6.816438695728608,0.11869416509909674,8.140078532759233,0,0
AST-009841,5,1,8.873157376338876,0.01476045583206806,13.024285021980333,16,4
AST-009842,5,1,7.219813027159495,0.08335324788597896,0.1547829522665304,10,3
AST-009843,5,0,5.633130970989541,0.024242302762787115,14.738758617986097,1,0
AST-009844,1,1,10.0,0.002728385446581051,15.48758689475272,2,0
AST-009845,6,1,7.842760886354277,0.12151217240702449,34.55704545590061,14,4
AST-009846,2,1,9.851776482189253,0.0016935544369473077,24.121938190652283,3,1
AST-009847,5,3,9.103299947368818,0.10071614693638464,43.660195450719876,17,3
AST-009848,4,3,8.356450248312543,0.36861022393609455,3.403033863615663,12,3
AST-009849,2,1,8.910371075480358,0.08669264068250855,0.881807148043887,3,1
AST-009850,4,2,6.951952235987097,0.15019567723028238,72.72933890292182,14,1
AST-009851,2,1,7.703541193233418,0.00917524657935768,120.69026005288929,2,0
AST-009852,3,1,8.609633607987313,0.10125725227464102,1.8555293341667614,15,5
AST-009853,1,0,5.093351930395041,0.17317647924119434,13.865848210650128,0,0
AST-009854,1,0,5.141078024863801,0.1600767892946795,111.40775179842794,18,2
AST-009855,1,0,5.639157419637351,0.03405644255251831,29.69301299745093,2,1
AST-009856,6,2,9.490052741925995,0.08961705893528542,20.60344531734038,13,3
AST-009857,5,1,8.067391547645727,0.03220343800107847,22.916733171995272,6,0
AST-009858,1,1,7.4389629512756175,0.015303655267227738,2.977016723357936,0,4
AST-009859,1,0,5.139563157823053,0.24003265409134686,24.713879937575204,1,0
AST-009860,8,1,7.516483653108629,0.18319528877898578,2.839110701881919,11,2
AST-009861,6,2,8.018308375072197,0.04432347140535082,5.518058288748785,1,1
AST-009862,2,0,6.4081548491840605,0.050487578226198454,8.726297444586011,2,1
AST-009863,5,0,3.7391196692334594,0.10192763870943894,48.03940924939072,13,2
AST-009864,6,0,5.101477153370833,0.12849421440874748,17.156387394324575,17,1
AST-009865,1,0,5.660379325394286,0.006378244396525089,37.84817952281245,3,0
AST-009866,5,0,4.0125577911271035,0.20341323426388672,20.78775812749244,11,7
AST-009867,2,0,5.441157301090412,0.08036119823993172,28.673684558471532,2,0
AST-009868,3,1,10.0,0.2161810732837955,13.456101861689522,11,4
AST-009869,6,1,8.257875086462054,0.1557107367218571,76.19263414930231,13,5
AST-009870,4,1,9.269194780240278,0.014008794011531801,1.7349980283955426,2,0
AST-009871,3,0,5.946998411714665,0.20046465740104297,72.31660950631088,3,0
AST-009872,2,0,5.949795436485955,0.1878024848066248,1.4350296051351037,1,0
AST-009873,5,1,9.778699660990483,0.15680725612097693,8.955466160712241,4,1
AST-009874,5,0,4.85610656755926,0.154206334981225,3.9988920396176826,14,1
AST-009875,1,0,7.283553666658685,0.15835103866185998,11.281048198083548,3,1
AST-009876,7,1,8.96463924226026,0.26416332633585243,36.21215254147956,21,3
AST-009877,1,0,5.082959048024771,0.053345896848643846,1.0759711234814182,4,0
AST-009878,3,0,4.801150666027408,0.14155472514870313,29.36865206989725,12,4
AST-009879,8,3,9.20562530096041,0.31371390375993335,33.23116973729637,19,2
AST-009880,9,2,8.76205578941716,0.048826423592770805,30.314770265462858,14,5
AST-009881,0,0,0.0,0.0,32.02118472548419,4,1
AST-009882,3,0,4.652610360624498,0.17049093981902766,72.97006723991387,1,1
AST-009883,0,0,0.0,0.0,39.4215749187918,1,0
AST-009884,2,0,4.733217060072154,0.4574895850904834,40.99094961347952,1,0
AST-009885,1,0,5.979537711819098,0.0005650248680037144,7.138359652022361,3,0
AST-009886,3,0,5.847440382262391,0.1329440042500883,1.7014350317608313,13,1
AST-009887,0,0,0.0,0.0,14.429837659636098,2,0
AST-009888,1,0,5.6706438126602725,0.08254924758951568,13.237292562216043,3,0
AST-009889,2,1,7.3834007621799564,0.08342243356091072,11.731152022726873,3,1
AST-009890,1,0,4.856479377589445,0.26058070891212154,12.17966263450433,3,0
AST-009891,0,0,0.0,0.0,1.3767126411619388,4,1
AST-009892,2,1,7.701456391527169,0.135322026464544,0.3219635677780328,13,1
AST-009893,3,0,6.999303775809096,0.06178004728381718,59.039289153880425,3,0
AST-009894,6,1,9.576380970792478,0.12212184047275446,40.13693835233824,17,4
AST-009895,2,1,8.005392415494576,0.026371949436092567,30.734630015734847,5,0
AST-009896,4,0,5.050263712173754,0.08606121013001129,10.83502245368036,10,0
AST-009897,1,0,2.2430459380967327,0.1489149722732145,43.95924635608252,2,0
AST-009898,5,3,9.671916653274323,0.21312217669428066,4.786128345575547,11,2
AST-009899,0,0,0.0,0.0,72.79487244724608,1,3
AST-009900,1,0,5.156712204336188,0.014304354438939298,91.72739294262638,1,0
AST-009901,1,0,6.25133082645933,0.10489480596034921,39.99624705162662,1,0
AST-009902,3,1,9.468365127775856,0.1444781275360442,32.00517538622197,10,6
AST-009903,5,1,9.912358756489288,0.31992538303491036,30.40782470779946,7,5
AST-009904,3,0,3.277748736134482,0.1120500535721739,82.7460648814463,1,0
AST-009905,0,0,0.0,0.0,146.8366378695495,1,2
AST-009906,2,1,8.544156859646893,0.06906750535701907,163.74491466560255,1,0
AST-009907,2,1,7.581732023371194,0.2370610019462334,0.8712512917020127,0,0
AST-009908,1,0,5.955627695150091,0.05518332283819874,33.55812311468473,1,0
AST-009909,0,0,0.0,0.0,75.7884185422341,1,0
AST-009910,6,1,9.49787244060096,0.11038304832125478,7.963540622401394,9,6
AST-009911,4,1,8.80122345166527,0.13367011474966853,14.937619364212981,16,5
AST-009912,2,0,4.691829920923095,0.0309577158232203,16.025022844637807,4,1
AST-009913,2,0,4.176124211105942,0.05463838030850242,8.233313470399032,0,0
AST-009914,1,0,5.053177010569084,0.0024483280698833127,4.463401060486082,3,0
AST-009915,1,0,4.722635242782152,0.07690495378063945,15.379849411020315,1,0
AST-009916,1,1,6.053030559454438,0.033289429494352735,8.87028728377424,3,1
AST-009917,2,0,4.041586505415802,0.008879147892769753,8.947089227904968,2,0
AST-009918,7,2,7.464842154144566,0.11758315964871609,20.838194019992663,18,1
AST-009919,7,1,8.897524032811852,0.11620544909113747,1.4806110873565572,12,0
AST-009920,1,1,7.80190788538407,0.06435285397198422,24.62408115457804,1,1
AST-009921,5,0,4.929116809419022,0.007418014245011593,95.37017650257481,3,1
AST-009922,5,2,8.35445859797733,0.1493007831704526,50.9798838007493,19,3
AST-009923,4,2,8.243580455223716,0.29440092247244526,5.41033240125397,20,3
AST-009924,0,0,0.0,0.0,40.85921150465094,3,0
AST-009925,2,0,4.311383615462838,0.11428051516657561,0.3102148394800416,12,6
AST-009926,3,0,5.978582269005064,0.02782964723961334,0.648225948323353,1,1
AST-009927,1,1,9.687405247969744,0.04248836902579466,1.2416220124117392,0,0
AST-009928,1,0,4.666951624825824,0.0654160574451211,70.01160971348781,3,0
AST-009929,6,2,7.449603105483708,0.12489625008257078,2.5762903840382827,13,5
AST-009930,2,0,4.127798269797638,0.046847003236804435,26.313874357591196,2,0
AST-009931,1,0,5.383580692357728,0.11636012938663447,5.578022218606354,4,1
AST-009932,3,0,5.8140475565199115,0.1495898604720269,65.71966256246483,16,4
AST-009933,4,0,4.174328080050285,0.1987753871954808,103.11417094151197,14,2
AST-009934,4,1,9.593581541158972,0.33765501786377733,94.64974185743215,12,3
AST-009935,1,0,4.7130866588182485,0.1710096543581179,12.056421869533343,3,0
AST-009936,8,2,7.954228996122925,0.24469677389108982,12.39331381635899,19,1
AST-009937,2,0,3.561125444930213,0.49755511881814923,176.9252706273575,1,0
AST-009938,2,0,4.659991520531521,0.10363829920524065,60.983690841312225,1,1
AST-009939,1,0,4.825044820056444,0.07593236645009935,1.3878873632933357,3,1
AST-009940,4,1,8.038155592446653,0.11188210458188258,31.393734303459453,1,1
AST-009941,2,0,6.452384579010767,0.06041681830752443,44.95846457990254,0,1
AST-009942,2,1,8.507463990727013,0.10701328785321738,9.776655614086293,15,3
AST-009943,3,0,4.458105606973357,0.21110265921682686,3.1920332579885846,3,0
AST-009944,2,1,8.950897491040502,0.1003914949657027,35.40058752995019,2,0
AST-009945,2,1,9.605335397464527,0.10934519150413764,80.35187267587793,1,0
AST-009946,2,0,4.9068417833451035,0.008940322197965112,0.5283029273188992,3,0
AST-009947,1,1,8.47844725518999,0.03038916449532308,38.68971970522874,3,1
AST-009948,2,0,4.347519150278343,0.05148744603722546,23.647419625908782,10,2
AST-009949,5,1,9.79168781532103,0.06919193925545028,7.996940538943676,17,2
AST-009950,8,3,8.508576503161057,0.13500385884340282,68.74876822080475,13,2
AST-009951,3,1,7.5487939460768665,0.1479728758113154,3.2961917032202677,4,1
AST-009952,2,0,4.993279708081353,0.1743392299347484,59.97195520422842,3,1
AST-009953,1,0,5.644345267665435,0.036369639253461115,65.04945605953439,0,0
AST-009954,7,1,10.0,0.16919845727942348,43.55459447858151,16,3
AST-009955,5,2,6.68540846598037,0.12243434893165761,18.397504577180943,3,0
AST-009956,2,0,4.718559305452395,0.10675463588246183,27.986464204549687,1,0
AST-009957,4,0,4.748246929165203,0.01675643666444645,27.555790905671877,4,0
AST-009958,1,0,2.993640861472147,0.2662302472628322,8.557766792908096,1,0
AST-009959,2,1,8.958924411163299,0.12823773360647386,19.730313769868133,0,1
AST-009960,2,1,8.407460529801964,0.04462035056124896,50.14516847524506,3,0
AST-009961,4,3,7.8220284638453155,0.06046764937253686,5.944128953205829,11,3
AST-009962,3,1,8.132578953709743,0.20758557481393003,50.41904412790535,16,3
AST-009963,2,1,9.274994673864079,0.004702513827327091,92.77412996293646,4,0
AST-009964,2,0,1.858905287334196,0.035317861670039724,41.60836326979905,0,0
AST-009965,4,2,9.85362036879632,0.2763110472367116,39.08172604372703,14,2
AST-009966,1,1,8.071151162857891,0.0288563302763191,55.2683381078716,3,0
AST-009967,3,1,6.556929051290995,0.07920982326060715,22.123089371018327,1,2
AST-009968,3,0,4.939878350526082,0.1060735553368513,133.96228018591677,13,2
AST-009969,5,2,9.445146416067292,0.22307800702232103,45.3859522798518,3,1
AST-009970,2,0,4.9677619941384314,0.40468320438372374,137.80646712550916,1,0
AST-009971,1,1,8.885971084349165,0.004809202637353646,49.20165389666424,4,1
AST-009972,1,0,5.8992362786828245,0.11144135490692873,15.84721205640187,0,2
AST-009973,2,0,6.128336569603224,0.15894682866264015,3.2383123047330953,2,0
AST-009974,3,2,10.0,0.029184056199928855,6.014618261224404,0,0
AST-009975,0,0,0.0,0.0,4.4994837715974425,2,1
AST-009976,1,1,7.161800736609387,0.11627625785949607,6.6454312490888,3,0
AST-009977,2,1,9.844924613569898,0.10399674812508626,22.223243156410813,3,0
AST-009978,0,0,0.0,0.0,88.16554787421497,1,1
AST-009979,0,0,0.0,0.0,14.180979765330484,0,0
AST-009980,1,1,8.43693434860412,0.18382692622394498,45.57119096004323,3,1
AST-009981,2,0,4.361516828041278,0.13547332823975083,54.169468598989965,3,0
AST-009982,1,0,5.707390403576991,0.0671896240391071,55.52342843671621,2,3
AST-009983,1,0,3.5653484738742365,0.09086943530352297,206.05325964586805,1,1
AST-009984,5,0,3.8791319509310664,0.010462625369474747,9.374236692382942,2,2
AST-009985,6,1,8.315952188964946,0.008079746532326681,30.28593235290832,1,2
AST-009986,0,0,0.0,0.0,11.417243842380879,7,1
AST-009987,6,1,8.422893098472594,0.12300577492483972,72.06218716882195,14,2
AST-009988,3,1,8.446707799444715,0.17406895018302163,7.581916142135761,1,0
AST-009989,1,0,5.629784598775571,0.022852028470101822,17.820149367817095,4,0
AST-009990,1,0,6.060769277714503,0.083621293797843,103.7679692456112,4,1
AST-009991,6,3,8.679394685311182,0.06120942836418433,22.667011714125135,17,6
AST-009992,2,1,10.0,0.054085288101103114,3.3905790184984235,5,1
AST-009993,3,0,2.787110904616051,0.03723661247800134,4.830126178240681,2,1
AST-009994,0,0,0.0,0.0,25.304520748935712,3,0
AST-009995,3,1,6.1776528008594624,0.16126467381960308,14.551351830355932,2,0
AST-009996,4,0,5.285351890876305,0.07969978182889609,28.385805936821203,15,3
AST-009997,8,1,8.977751900098971,0.12432093555838522,9.348103124886437,14,0
AST-009998,1,1,7.719743216604499,0.19663190365668473,198.89069040309778,2,0
AST-009999,0,0,0.0,0.0,32.71584202331713,4,1
AST-010000,6,2,6.912740903295562,0.5082913896929515,92.77604896109018,25,3
